Date,Open,High,Low,Close,Adj Close,Volume
2009-11-13,22.000000,23.100000,21.750000,22.730000,21.530996,22079100
2009-11-16,22.900000,23.100000,22.129999,23.100000,21.881475,2080000
2009-11-17,23.030001,23.170000,22.500000,23.040001,21.824644,1328000
2009-11-18,23.000000,23.020000,22.500000,22.549999,21.360481,918300
2009-11-19,22.270000,23.139999,22.270000,22.870001,21.663610,1031500
2009-11-20,22.500000,23.330000,22.500000,23.209999,21.985670,1080900
2009-11-23,23.700001,23.980000,23.180000,23.400000,22.165649,741100
2009-11-24,23.600000,23.650000,23.250000,23.500000,22.260374,633100
2009-11-25,23.000000,23.799999,22.990000,23.740000,22.487717,362600
2009-11-27,22.740000,23.299999,22.740000,23.150000,21.928833,141400
2009-11-30,23.120001,23.120001,22.620001,23.000000,21.786745,853000
2009-12-01,23.440001,23.570000,23.000000,23.309999,22.080395,803500
2009-12-02,23.290001,23.750000,23.250000,23.600000,22.355103,571300
2009-12-03,23.820000,23.820000,23.000000,23.309999,22.080395,410000
2009-12-04,23.469999,23.980000,23.299999,23.850000,22.591911,318100
2009-12-07,23.770000,23.770000,23.280001,23.629999,22.383516,271500
2009-12-08,23.500000,23.750000,23.000000,23.629999,22.383516,652900
2009-12-09,23.629999,24.120001,23.500000,24.000000,22.733999,609400
2009-12-10,24.770000,24.770000,23.389999,23.700001,22.449823,848400
2009-12-11,23.600000,23.740000,23.110001,23.340000,22.108814,600300
2009-12-14,23.290001,23.330000,22.750000,22.799999,21.597300,489100
2009-12-15,22.799999,22.889999,22.520000,22.690001,21.493103,700100
2009-12-16,22.840000,23.049999,22.549999,22.730000,21.530996,585400
2009-12-17,22.750000,22.750000,22.080000,22.440001,21.256289,634000
2009-12-18,22.610001,22.610001,22.110001,22.570000,21.379433,2105100
2009-12-21,22.500000,22.610001,22.170000,22.600000,21.407846,536400
2009-12-22,22.580000,22.610001,22.299999,22.400000,21.218397,766100
2009-12-23,23.219999,23.250000,22.400000,22.410000,21.227875,1103000
2009-12-24,22.459999,22.600000,22.100000,22.150000,20.981590,254300
2009-12-28,22.150000,22.680000,22.150000,22.620001,21.426792,804300
2009-12-29,22.690001,22.799999,22.530001,22.610001,21.417318,123500
2009-12-30,22.520000,22.799999,22.520000,22.610001,21.417318,173300
2009-12-31,22.799999,22.840000,22.379999,22.430000,21.246819,156700
2010-01-04,22.549999,23.400000,22.400000,23.080000,21.862530,437200
2010-01-05,23.000000,23.260000,22.959999,23.260000,22.033033,283600
2010-01-06,23.600000,23.900000,23.410000,23.580000,22.336157,968100
2010-01-07,23.549999,23.780001,23.400000,23.740000,22.487717,360700
2010-01-08,23.639999,24.150000,23.320000,23.870001,22.610863,967300
2010-01-11,23.850000,24.080000,23.760000,24.000000,22.733999,253500
2010-01-12,23.850000,24.000000,23.559999,23.950001,22.686638,517700
2010-01-13,23.950001,24.400000,23.809999,24.299999,23.018175,596300
2010-01-14,24.180000,24.200001,23.930000,24.200001,22.923452,201500
2010-01-15,24.440001,24.500000,24.100000,24.360001,23.075010,202100
2010-01-19,24.400000,24.900000,24.230000,24.549999,23.254986,679300
2010-01-20,24.510000,24.799999,24.250000,24.510000,23.217096,589800
2010-01-21,24.530001,24.719999,23.900000,23.980000,22.715055,203300
2010-01-22,23.990000,24.040001,22.770000,23.340000,22.108814,892700
2010-01-25,23.639999,23.639999,23.059999,23.350000,22.118288,119500
2010-01-26,23.400000,23.680000,23.320000,23.530001,22.288794,164800
2010-01-27,23.600000,23.600000,23.370001,23.549999,22.307737,175300
2010-01-28,23.790001,24.120001,23.389999,23.840000,22.582436,131400
2010-01-29,24.000000,24.000000,23.230000,23.490000,22.250902,337800
2010-02-01,23.680000,23.680000,23.129999,23.370001,22.137234,407500
2010-02-02,23.330000,23.719999,23.190001,23.629999,22.383516,208300
2010-02-03,23.600000,23.860001,23.410000,23.840000,22.582436,827700
2010-02-04,23.639999,23.750000,22.350000,22.469999,21.284710,714000
2010-02-05,22.410000,22.570000,21.299999,21.709999,20.564796,1137100
2010-02-08,21.879999,22.629999,21.760000,22.389999,21.208925,208100
2010-02-09,22.490000,22.760000,22.270000,22.559999,21.369959,220700
2010-02-10,22.379999,22.379999,21.870001,22.049999,20.886860,403900
2010-02-11,21.969999,22.180000,21.950001,22.059999,20.896330,107600
2010-02-12,21.910000,22.549999,21.879999,22.549999,21.360481,125600
2010-02-16,22.650000,23.070000,22.270000,23.030001,21.815168,248000
2010-02-17,23.040001,23.389999,22.590000,22.760000,21.559414,189800
2010-02-18,22.639999,23.500000,22.500000,23.280001,22.051981,121400
2010-02-19,23.290001,23.959999,23.290001,23.580000,22.336157,187600
2010-02-22,23.500000,23.520000,23.090000,23.240000,22.014088,155500
2010-02-23,23.200001,23.730000,23.100000,23.639999,22.392992,134300
2010-02-24,23.809999,24.350000,23.750000,24.160000,22.885553,208400
2010-02-25,23.820000,24.070000,23.520000,23.799999,22.544552,258000
2010-02-26,23.910000,23.959999,23.510000,23.889999,22.629797,265000
2010-03-01,24.010000,24.570000,23.879999,24.090000,22.819248,271500
2010-03-02,24.129999,24.299999,23.770000,24.040001,22.771893,279500
2010-03-03,24.000000,24.110001,23.820000,23.990000,22.724527,114700
2010-03-04,24.020000,24.400000,23.990000,24.200001,22.923452,149900
2010-03-05,24.250000,24.740000,24.180000,24.520000,23.226574,189900
2010-03-08,24.549999,24.879999,24.510000,24.670000,23.368654,144800
2010-03-09,24.549999,25.240000,24.500000,25.120001,23.794916,185200
2010-03-10,25.110001,25.180000,24.910000,25.059999,23.738081,248200
2010-03-11,24.990000,25.190001,24.809999,25.110001,23.785448,99800
2010-03-12,25.139999,25.250000,24.980000,25.129999,23.804390,55300
2010-03-15,25.160000,25.250000,24.870001,25.030001,23.709667,195600
2010-03-16,25.020000,25.200001,24.860001,25.120001,23.794916,109300
2010-03-17,25.110001,26.510000,24.940001,25.820000,24.457994,503500
2010-03-18,25.879999,25.930000,25.230000,25.240000,23.908588,156700
2010-03-19,25.600000,25.750000,25.000000,25.600000,24.249599,741400
2010-03-22,25.559999,25.719999,24.950001,25.010000,23.690720,234000
2010-03-23,25.000000,25.250000,24.900000,25.180000,23.851755,152500
2010-03-24,25.170000,25.969999,25.000000,25.250000,23.918056,1307200
2010-03-25,25.440001,25.480000,24.290001,24.430000,23.141319,367900
2010-03-26,24.590000,25.180000,24.350000,24.990000,23.671780,793000
2010-03-29,25.230000,25.600000,25.160000,25.350000,24.012787,336700
2010-03-30,25.500000,25.910000,25.200001,25.790001,24.429583,553100
2010-03-31,26.400000,26.400000,24.850000,25.250000,23.918056,1212100
2010-04-01,25.350000,25.799999,25.290001,25.520000,24.173819,1232200
2010-04-05,25.730000,25.799999,25.389999,25.799999,24.439047,621500
2010-04-06,26.110001,27.010000,26.080000,27.010000,25.585217,716600
2010-04-07,27.020000,27.100000,26.430000,26.549999,25.149487,731700
2010-04-08,26.600000,26.760000,26.230000,26.510000,25.111601,210300
2010-04-09,26.600000,26.639999,26.250000,26.469999,25.073706,305300
2010-04-12,26.450001,26.580000,26.180000,26.240000,24.855839,252100
2010-04-13,26.250000,27.180000,26.190001,27.030001,25.604172,1792000
2010-04-14,27.150000,27.860001,26.690001,27.520000,26.068319,1010100
2010-04-15,27.500000,27.629999,26.950001,27.000000,25.575748,11184100
2010-04-16,27.000000,28.879999,27.000000,28.600000,27.091349,3306900
2010-04-19,28.600000,29.549999,28.120001,29.010000,27.479721,1889200
2010-04-20,29.250000,29.250000,28.080000,28.250000,26.759808,1273300
2010-04-21,28.200001,28.450001,27.900000,28.190001,26.702978,1229100
2010-04-22,28.010000,29.620001,28.000000,29.530001,27.972292,1441400
2010-04-23,29.670000,29.690001,29.170000,29.379999,27.830202,668300
2010-04-26,28.549999,29.700001,28.430000,29.580000,28.019653,1181100
2010-04-27,29.340000,29.740000,28.940001,28.990000,27.460779,952900
2010-04-28,29.030001,29.910000,28.540001,29.010000,27.479721,795200
2010-04-29,29.059999,29.450001,28.580000,29.129999,27.593391,830100
2010-04-30,29.129999,29.240000,28.320000,28.570000,27.062933,879600
2010-05-03,28.590000,29.290001,28.430000,29.020000,27.489197,424200
2010-05-04,28.549999,28.930000,27.870001,28.639999,27.129238,754800
2010-05-05,28.290001,28.760000,28.139999,28.520000,27.015572,556000
2010-05-06,28.350000,29.049999,27.590000,27.910000,26.437748,1625600
2010-05-07,27.900000,28.129999,26.740000,27.190001,25.755726,1395700
2010-05-10,27.900000,28.650000,27.320000,27.719999,26.257767,1048200
2010-05-11,27.309999,28.360001,27.309999,27.980000,26.504055,686400
2010-05-12,28.280001,29.480000,28.139999,29.360001,27.811256,1070400
2010-05-13,29.360001,29.940001,28.980000,29.440001,27.887043,1661400
2010-05-14,29.389999,29.730000,29.010000,29.270000,27.726007,2256400
2010-05-17,29.360001,30.000000,29.059999,29.450001,27.896515,1259900
2010-05-18,29.709999,29.959999,29.059999,29.290001,27.744951,763100
2010-05-19,29.240000,30.200001,29.129999,29.700001,28.133324,949400
2010-05-20,29.309999,29.559999,28.910000,29.030001,27.498669,969900
2010-05-21,28.740000,29.830000,28.629999,29.549999,27.991238,1039500
2010-05-24,29.600000,30.340000,29.540001,30.010000,28.426971,1703300
2010-05-25,29.379999,30.639999,29.230000,30.610001,28.995323,1768800
2010-05-26,31.000000,31.379999,30.219999,30.440001,28.834290,4955600
2010-05-27,31.070000,31.209999,30.360001,30.639999,29.023737,1256000
2010-05-28,30.459999,30.820000,30.139999,30.230000,28.635366,968700
2010-06-01,30.230000,30.980000,30.080000,30.540001,28.929020,667200
2010-06-02,30.840000,31.360001,30.610001,31.360001,29.705761,1251100
2010-06-03,31.059999,31.410000,30.290001,30.700001,29.080572,773600
2010-06-04,30.250000,30.500000,29.580000,30.040001,28.455391,895800
2010-06-07,30.190001,30.500000,28.840000,29.230000,27.688116,1242800
2010-06-08,30.350000,30.350000,29.250000,29.830000,28.256466,3250900
2010-06-09,30.190001,30.450001,29.850000,30.000000,28.417498,1581400
2010-06-10,30.950001,31.230000,29.660000,29.980000,28.398556,1345000
2010-06-11,29.690001,30.010000,29.410000,29.969999,28.389080,485700
2010-06-14,30.180000,30.660000,29.900000,30.219999,28.625896,2304900
2010-06-15,30.190001,30.500000,29.490000,30.000000,28.417498,1501100
2010-06-16,29.980000,30.530001,29.889999,30.299999,28.701674,1516800
2010-06-17,30.260000,30.490000,29.500000,29.900000,28.322777,909600
2010-06-18,29.709999,30.290001,29.680000,30.150000,28.559591,739300
2010-06-21,30.389999,30.389999,29.500000,29.629999,28.067015,1226500
2010-06-22,29.639999,30.080000,28.780001,28.889999,27.366051,2754400
2010-06-23,29.030001,29.410000,28.760000,29.129999,27.593391,1023800
2010-06-24,29.090000,29.160000,28.660000,29.129999,27.593391,881200
2010-06-25,29.000000,29.340000,28.160000,29.080000,27.546026,2382600
2010-06-28,29.070000,29.129999,28.740000,28.910000,27.384996,310500
2010-06-29,28.389999,28.730000,27.840000,28.389999,26.892427,1157900
2010-06-30,28.280001,28.719999,27.209999,27.549999,26.096737,1636800
2010-07-01,27.510000,28.160000,27.370001,28.129999,26.646145,1658000
2010-07-02,28.280001,28.590000,27.850000,28.010000,26.532471,424700
2010-07-06,28.160000,28.400000,27.770000,28.000000,26.522995,560000
2010-07-07,27.440001,27.969999,26.610001,27.950001,26.475636,3463700
2010-07-08,28.129999,28.389999,27.340000,27.629999,26.172514,1826600
2010-07-09,27.600000,28.150000,27.360001,28.139999,26.655613,866400
2010-07-12,28.120001,28.120001,27.280001,27.469999,26.020956,1033200
2010-07-13,27.639999,27.900000,27.430000,27.700001,26.238821,672600
2010-07-14,27.709999,28.459999,27.620001,28.230000,26.740866,1069600
2010-07-15,28.290001,30.170000,28.170000,29.799999,28.228048,1981600
2010-07-16,29.780001,29.780001,28.980000,29.090000,27.555500,1425500
2010-07-19,29.200001,29.570000,29.020000,29.270000,27.726007,724300
2010-07-20,29.000000,29.530001,28.780001,29.520000,27.962818,640600
2010-07-21,29.670000,29.670000,28.709999,28.920000,27.394470,791600
2010-07-22,29.059999,29.320000,28.799999,28.980000,27.451307,388300
2010-07-23,29.030001,29.459999,28.910000,29.370001,27.820730,770400
2010-07-26,29.580000,30.000000,29.389999,29.690001,28.123848,691500
2010-07-27,29.690001,29.770000,28.950001,29.360001,27.811256,542200
2010-07-28,29.389999,29.980000,28.950001,29.500000,27.943872,1665800
2010-07-29,29.650000,29.940001,28.600000,28.719999,27.205019,561100
2010-07-30,28.590000,29.270000,28.340000,29.180000,27.640757,718800
2010-08-02,29.520000,29.719999,29.250000,29.510000,27.953346,546700
2010-08-03,29.600000,29.650000,29.040001,29.330000,27.782846,592200
2010-08-04,29.320000,30.200001,29.320000,30.100000,28.512230,493900
2010-08-05,29.840000,29.860001,29.000000,29.590000,28.029127,1250500
2010-08-06,29.330000,29.590000,29.100000,29.440001,27.887043,562000
2010-08-09,29.459999,30.020000,29.240000,29.660000,28.095434,602600
2010-08-10,29.520000,29.629999,29.100000,29.350000,27.801783,754200
2010-08-11,29.320000,29.650000,28.230000,28.440001,26.939791,908600
2010-08-12,28.160000,29.030001,28.100000,29.000000,27.470253,671600
2010-08-13,28.990000,29.090000,28.480000,28.760000,27.242908,447500
2010-08-16,28.719999,29.240000,28.570000,29.080000,27.546026,361100
2010-08-17,29.139999,29.570000,29.090000,29.360001,27.811256,352000
2010-08-18,29.520000,29.600000,29.059999,29.389999,27.839676,690300
2010-08-19,29.360001,29.650000,28.990000,29.000000,27.470253,648300
2010-08-20,29.010000,29.660000,29.010000,29.440001,27.887043,553200
2010-08-23,29.459999,29.459999,27.209999,28.150000,26.665085,2039600
2010-08-24,28.000000,28.459999,27.430000,28.020000,26.541943,1237700
2010-08-25,28.010000,28.500000,27.280001,28.450001,26.949263,741600
2010-08-26,28.700001,28.860001,28.350000,28.500000,26.996622,466700
2010-08-27,28.549999,28.650000,28.010000,28.090000,26.608255,645100
2010-08-30,28.190001,28.340000,27.309999,27.379999,25.935701,1133400
2010-08-31,27.490000,27.580000,26.639999,27.309999,25.869394,2336400
2010-09-01,27.660000,28.170000,27.450001,28.020000,26.541943,977200
2010-09-02,28.120001,28.879999,28.020000,28.700001,27.186075,620700
2010-09-03,28.820000,29.270000,27.940001,28.030001,26.551416,509800
2010-09-07,28.040001,28.150000,27.870001,28.000000,26.522995,627000
2010-09-08,27.980000,28.240000,27.580000,27.680000,26.219877,1371800
2010-09-09,27.940001,28.139999,27.309999,27.330000,25.888344,1640500
2010-09-10,27.309999,27.889999,27.309999,27.450001,26.002012,561800
2010-09-13,27.680000,27.680000,27.209999,27.420000,25.973593,604700
2010-09-14,27.240000,27.559999,27.110001,27.400000,25.954647,710200
2010-09-15,27.420000,27.700001,27.190001,27.469999,26.020956,927700
2010-09-16,27.520000,27.790001,27.420000,27.680000,26.219877,957600
2010-09-17,27.660000,27.900000,27.299999,27.420000,25.973593,666900
2010-09-20,27.430000,27.910000,27.000000,27.799999,26.333546,802500
2010-09-21,27.860001,27.870001,27.270000,27.730000,26.267242,893800
2010-09-22,27.750000,27.950001,27.469999,27.670000,26.210407,1424300
2010-09-23,27.389999,28.000000,27.290001,27.450001,26.002012,585100
2010-09-24,27.670000,28.370001,27.610001,28.230000,26.740866,650700
2010-09-27,28.340000,29.379999,28.049999,29.250000,27.707064,2594300
2010-09-28,29.410000,29.830000,29.209999,29.760000,28.190157,554800
2010-09-29,29.830000,29.900000,28.980000,29.530001,27.972292,884700
2010-09-30,29.549999,29.660000,28.889999,29.250000,27.707064,788100
2010-10-01,29.290001,29.410000,28.799999,29.150000,27.612337,997300
2010-10-04,29.059999,29.510000,28.930000,28.940001,27.413414,413300
2010-10-05,29.090000,29.379999,29.010000,29.240000,27.697592,330800
2010-10-06,29.200001,29.760000,29.160000,29.760000,28.190157,304000
2010-10-07,29.790001,29.980000,29.480000,29.830000,28.256466,335700
2010-10-08,29.799999,30.129999,29.540001,30.000000,28.417498,385200
2010-10-11,30.070000,30.070000,29.270000,29.340000,27.792313,649900
2010-10-12,29.309999,29.680000,28.680000,28.809999,27.290270,970800
2010-10-13,29.000000,29.320000,28.760000,29.240000,27.697592,604800
2010-10-14,29.209999,29.250000,28.150000,29.000000,27.470253,824700
2010-10-15,29.160000,29.200001,28.870001,28.930000,27.403944,292600
2010-10-18,28.990000,29.340000,28.950001,29.340000,27.792313,203800
2010-10-19,29.150000,29.320000,27.950001,28.110001,26.627195,943400
2010-10-20,28.209999,28.469999,27.950001,28.100000,26.617725,521300
2010-10-21,28.219999,28.559999,27.760000,27.900000,26.428274,478300
2010-10-22,28.000000,28.270000,27.959999,28.200001,26.712452,795900
2010-10-25,28.379999,28.870001,28.180000,28.590000,27.081875,830800
2010-10-26,28.430000,28.469999,28.000000,28.320000,26.826118,472700
2010-10-27,28.150000,28.150000,27.400000,27.940001,26.466162,1077100
2010-10-28,28.020000,28.240000,27.940001,27.940001,26.466162,581500
2010-10-29,27.870001,28.450001,27.740000,28.190001,26.702978,1135400
2010-11-01,28.219999,28.309999,27.580000,27.940001,26.466162,1598700
2010-11-02,28.120001,28.900000,28.049999,28.639999,27.129238,1256000
2010-11-03,28.840000,28.889999,28.480000,28.549999,27.043987,504700
2010-11-04,28.830000,28.879999,28.209999,28.350000,26.854534,828700
2010-11-05,28.350000,28.500000,27.290001,28.000000,26.522995,2020900
2010-11-08,28.010000,28.440001,27.350000,28.379999,26.882954,527600
2010-11-09,28.410000,28.730000,28.250000,28.580000,27.072405,749900
2010-11-10,28.600000,29.230000,28.379999,29.059999,27.527082,1348500
2010-11-11,28.809999,29.850000,28.780001,29.680000,28.114380,644500
2010-11-12,29.510000,29.670000,28.820000,29.020000,27.489197,827000
2010-11-15,29.129999,29.459999,28.740000,28.879999,27.356579,340600
2010-11-16,28.770000,29.379999,28.740000,29.160000,27.621809,987500
2010-11-17,29.170000,30.090000,29.110001,29.709999,28.142792,1210000
2010-11-18,29.930000,30.440001,29.920000,30.080000,28.493280,1848400
2010-11-19,30.139999,30.980000,30.059999,30.959999,29.326859,1335500
2010-11-22,30.780001,32.230000,30.650000,31.980000,30.293055,1280400
2010-11-23,31.740000,33.730000,31.740000,33.279999,31.524483,2483600
2010-11-24,33.500000,33.580002,32.950001,33.009998,31.268723,1068800
2010-11-26,32.750000,33.419998,32.720001,32.740002,31.012960,272600
2010-11-29,32.540001,33.090000,32.340000,32.779999,31.050854,1306600
2010-11-30,32.509998,33.070000,32.400002,32.840000,31.107691,706100
2010-12-01,33.209999,33.509998,32.230000,32.310001,30.605650,1296500
2010-12-02,32.450001,32.480000,31.889999,31.930000,30.245689,1709300
2010-12-03,31.770000,33.680000,31.570000,33.430000,31.666567,2580900
2010-12-06,31.920000,32.000000,30.580000,30.990000,29.355280,4422300
2010-12-07,31.510000,31.799999,31.280001,31.600000,29.933100,2586000
2010-12-08,31.490000,31.700001,30.700001,30.840000,29.213190,1819000
2010-12-09,31.010000,31.510000,30.770000,30.830000,29.203716,11532700
2010-12-10,30.830000,31.340000,30.830000,31.070000,29.431057,1460800
2010-12-13,31.209999,31.219999,30.910000,31.000000,29.364748,1340600
2010-12-14,30.950001,31.000000,30.290001,30.500000,28.891125,2136900
2010-12-15,30.410000,30.840000,30.280001,30.510000,28.900593,1168600
2010-12-16,30.650000,30.910000,30.500000,30.700001,29.080572,1488200
2010-12-17,30.719999,30.790001,30.590000,30.660000,29.042685,1272400
2010-12-20,30.879999,31.240000,30.770000,30.990000,29.355280,1151700
2010-12-21,31.200001,31.430000,31.010000,31.299999,29.648928,818800
2010-12-22,31.379999,31.490000,31.040001,31.090000,29.450005,674800
2010-12-23,31.200001,31.250000,30.650000,30.809999,29.184776,584900
2010-12-27,30.830000,30.980000,30.590000,30.629999,29.014267,341900
2010-12-28,30.770000,30.780001,30.280001,30.620001,29.004793,870800
2010-12-29,30.680000,30.830000,30.520000,30.790001,29.165831,439600
2010-12-30,30.750000,30.900000,30.309999,30.580000,28.966904,2938300
2010-12-31,30.610001,30.840000,30.340000,30.670000,29.052155,572400
2011-01-03,31.000000,31.000000,30.549999,30.670000,29.052155,800500
2011-01-04,30.850000,30.990000,30.230000,30.540001,28.929020,1282700
2011-01-05,29.940001,30.190001,29.010000,30.100000,28.512230,2831200
2011-01-06,29.740000,29.870001,29.290001,29.799999,28.228048,2272100
2011-01-07,30.200001,30.490000,29.600000,29.830000,28.256466,1687600
2011-01-10,29.850000,30.299999,29.740000,30.000000,28.417498,969200
2011-01-11,29.990000,30.059999,29.469999,29.590000,28.029127,943000
2011-01-12,29.610001,29.750000,29.360001,29.459999,27.905983,706700
2011-01-13,29.500000,29.520000,28.590000,28.700001,27.186075,1470100
2011-01-14,28.879999,29.540001,28.770000,29.459999,27.905983,2040100
2011-01-18,29.410000,30.170000,29.400000,30.000000,28.417498,1701300
2011-01-19,30.080000,30.150000,29.160000,29.330000,27.782846,2289100
2011-01-20,29.320000,29.719999,29.120001,29.480000,27.924929,1055900
2011-01-21,29.660000,29.719999,29.219999,29.410000,27.858620,7111200
2011-01-24,29.480000,29.490000,28.980000,29.000000,27.470253,1674300
2011-01-25,28.850000,29.100000,28.209999,28.700001,27.186075,2213700
2011-01-26,28.830000,29.000000,28.500000,28.750000,27.233440,4809300
2011-01-27,28.690001,28.900000,28.530001,28.670000,27.157658,876500
2011-01-28,28.680000,28.830000,28.309999,28.400000,26.901899,910600
2011-01-31,28.350000,28.420000,27.730000,27.809999,26.343021,1477000
2011-02-01,27.990000,29.180000,27.820000,28.850000,27.328159,2006900
2011-02-02,28.129999,28.370001,27.500000,27.629999,26.172514,5701400
2011-02-03,27.730000,27.969999,27.209999,27.450001,26.002012,1357000
2011-02-04,27.600000,27.690001,27.219999,27.469999,26.020956,1010200
2011-02-07,27.660000,27.959999,27.330000,27.900000,26.428274,1487100
2011-02-08,28.010000,28.219999,27.540001,28.000000,26.522995,5007900
2011-02-09,28.000000,28.250000,27.830000,27.910000,26.437748,906800
2011-02-10,27.809999,28.059999,27.540001,27.650000,26.191460,564800
2011-02-11,27.580000,27.740000,27.200001,27.240000,25.803085,1366800
2011-02-14,27.370001,27.379999,26.650000,26.850000,25.433661,3109400
2011-02-15,26.760000,27.030001,26.700001,26.930000,25.509443,3813900
2011-02-16,29.320000,31.379999,29.260000,29.639999,28.076490,14666800
2011-02-17,29.629999,29.910000,28.900000,29.520000,27.962818,3762500
2011-02-18,29.379999,29.500000,29.049999,29.250000,27.707064,1580700
2011-02-22,28.940001,29.070000,28.150000,28.480000,26.977680,1392200
2011-02-23,28.270000,28.559999,27.709999,27.969999,26.494583,3876700
2011-02-24,27.910000,28.680000,27.910000,28.350000,26.854534,1373700
2011-02-25,28.360001,28.590000,27.740000,28.000000,26.522995,1988700
2011-02-28,28.200001,28.370001,27.990000,28.250000,26.759808,1061600
2011-03-01,28.299999,29.020000,28.230000,28.280001,26.788229,2516000
2011-03-02,28.280001,28.500000,28.120001,28.270000,26.778755,635700
2011-03-03,28.590000,28.770000,27.930000,27.980000,26.504055,831800
2011-03-04,28.049999,28.580000,27.860001,28.469999,26.968206,1523400
2011-03-07,28.540001,28.670000,27.559999,27.900000,26.428274,2581800
2011-03-08,28.010000,28.459999,27.879999,28.030001,26.551416,1198400
2011-03-09,28.090000,28.209999,27.740000,28.000000,26.522995,940500
2011-03-10,27.900000,28.389999,27.809999,28.110001,26.627195,1726400
2011-03-11,28.809999,29.320000,28.360001,28.820000,27.299746,1910000
2011-03-14,28.690001,28.740000,28.340000,28.650000,27.138712,1703100
2011-03-15,28.410000,29.080000,28.180000,28.879999,27.356579,1252600
2011-03-16,28.760000,29.980000,28.760000,29.780001,28.209103,2095600
2011-03-17,29.990000,30.000000,29.260000,29.750000,28.180691,1486100
2011-03-18,29.969999,30.180000,29.790001,29.850000,28.275414,3123600
2011-03-21,30.000000,30.389999,29.900000,30.379999,28.777454,2121400
2011-03-22,31.799999,32.099998,30.570000,30.840000,29.213190,4373600
2011-03-23,30.900000,31.150000,30.549999,30.610001,28.995323,1465200
2011-03-24,30.830000,31.340000,30.760000,31.230000,29.582617,1170600
2011-03-25,31.309999,31.719999,31.160000,31.549999,29.885735,1128200
2011-03-28,31.520000,32.080002,31.320000,31.490000,29.828901,855800
2011-03-29,31.420000,31.520000,30.350000,30.520000,28.910067,5736100
2011-03-30,30.750000,31.700001,30.670000,31.540001,29.876261,1948800
2011-03-31,31.410000,31.450001,30.860001,31.350000,29.696287,902800
2011-04-01,31.430000,31.700001,31.180000,31.549999,29.885735,1146700
2011-04-04,31.610001,31.709999,31.219999,31.600000,29.933100,1115400
2011-04-05,31.590000,32.500000,31.410000,32.230000,30.529865,1287800
2011-04-06,32.240002,32.610001,32.139999,32.349998,30.643534,1598800
2011-04-07,32.310001,32.919998,32.209999,32.509998,30.795099,1723800
2011-04-08,32.560001,32.740002,31.660000,31.820000,30.141495,1440500
2011-04-11,31.959999,32.009998,31.450001,31.629999,29.961515,1495000
2011-04-12,31.600000,32.029999,31.370001,31.809999,30.132021,2179100
2011-04-13,31.900000,32.070000,31.500000,31.730000,30.056242,1252000
2011-04-14,31.690001,32.000000,31.440001,31.450001,29.791014,1571200
2011-04-15,31.580000,31.670000,31.309999,31.490000,29.828901,933000
2011-04-18,31.350000,31.700001,31.209999,31.490000,29.828901,905700
2011-04-19,31.490000,31.709999,31.129999,31.360001,29.705761,304400
2011-04-20,31.570000,31.610001,30.940001,31.000000,29.364748,1141100
2011-04-21,31.160000,31.250000,30.920000,31.170000,29.525782,825400
2011-04-25,31.219999,32.020000,31.170000,31.959999,30.274111,1082900
2011-04-26,32.070000,32.310001,31.770000,32.200001,30.501448,931600
2011-04-27,32.169998,32.990002,32.090000,32.880001,31.145576,969200
2011-04-28,32.820000,33.580002,32.820000,33.049999,31.306616,1608800
2011-04-29,33.180000,33.180000,32.540001,32.590000,30.870884,785000
2011-05-02,32.570000,33.090000,32.540001,33.060001,31.316084,892200
2011-05-03,32.980000,33.180000,32.630001,33.180000,31.429756,729800
2011-05-04,33.060001,33.320000,32.310001,32.720001,30.994019,953900
2011-05-05,32.720001,32.770000,32.279999,32.509998,30.795099,1353700
2011-05-06,32.680000,33.000000,32.580002,32.950001,31.211885,872600
2011-05-09,32.889999,33.090000,32.599998,33.009998,31.268723,932900
2011-05-10,33.110001,33.230000,32.779999,33.090000,31.344505,736800
2011-05-11,33.130001,33.619999,32.980000,33.419998,31.657101,1393500
2011-05-12,33.310001,33.720001,32.980000,33.709999,31.931797,668000
2011-05-13,33.650002,33.770000,33.139999,33.389999,31.628672,399200
2011-05-16,33.299999,33.630001,32.970001,33.490002,31.723410,1009900
2011-05-17,33.430000,33.919998,33.250000,33.619999,31.846550,945800
2011-05-18,33.759998,34.060001,33.450001,34.060001,32.263332,570500
2011-05-19,34.209999,34.790001,33.549999,33.610001,31.837076,1062000
2011-05-20,33.580002,33.680000,32.970001,33.630001,31.856022,896700
2011-05-23,33.500000,34.290001,32.560001,32.900002,31.164522,3015700
2011-05-24,33.040001,33.200001,32.580002,32.750000,31.022438,875900
2011-05-25,32.700001,33.310001,32.599998,33.160000,31.410812,1275600
2011-05-26,33.270000,34.290001,33.259998,33.889999,32.102299,2171100
2011-05-27,34.000000,34.750000,33.990002,34.660000,32.831692,584400
2011-05-31,34.750000,35.090000,34.369999,35.070000,33.220062,1246800
2011-06-01,32.750000,33.419998,31.549999,31.809999,30.132021,7952300
2011-06-02,32.009998,32.840000,31.920000,31.969999,30.283579,5285000
2011-06-03,31.809999,32.180000,31.309999,31.840000,30.160437,1934100
2011-06-06,31.690001,32.439999,31.650000,32.250000,30.548807,1744000
2011-06-07,32.389999,33.860001,32.389999,32.430000,30.719322,2077300
2011-06-08,32.450001,32.509998,31.900000,32.310001,30.605650,1272100
2011-06-09,32.240002,32.939999,32.200001,32.700001,30.975079,1082600
2011-06-10,32.689999,32.880001,32.389999,32.570000,30.851933,2303000
2011-06-13,32.790001,33.060001,32.400002,33.020000,31.278191,1851000
2011-06-14,33.240002,33.549999,33.009998,33.450001,31.685511,1439500
2011-06-15,33.220001,33.570000,33.070000,33.360001,31.600258,1002800
2011-06-16,33.360001,33.439999,33.049999,33.180000,31.429756,1425800
2011-06-17,33.279999,33.959999,33.230000,33.889999,32.102299,2439000
2011-06-20,33.650002,34.270000,33.560001,34.270000,32.462257,793200
2011-06-21,34.470001,34.700001,34.230000,34.400002,32.585400,1277700
2011-06-22,34.369999,34.490002,33.959999,33.980000,32.187550,1079000
2011-06-23,33.150002,33.939999,33.009998,33.570000,31.799183,2061000
2011-06-24,33.590000,33.660000,33.270000,33.439999,31.676033,2018200
2011-06-27,33.279999,33.470001,33.049999,33.090000,31.344505,1723200
2011-06-28,33.369999,33.520000,33.130001,33.459999,31.694977,1031500
2011-06-29,33.259998,33.599998,32.259998,33.419998,31.657101,2044000
2011-06-30,33.660000,34.389999,33.529999,33.889999,32.102299,1313300
2011-07-01,33.919998,34.240002,33.790001,34.000000,32.206497,1249600
2011-07-05,34.099998,34.470001,33.939999,34.090000,32.291752,595600
2011-07-06,34.090000,34.279999,33.959999,34.099998,32.301231,752300
2011-07-07,34.139999,34.320000,33.910000,34.130001,32.329651,1343000
2011-07-08,33.820000,34.169998,33.630001,33.860001,32.073879,547900
2011-07-11,33.660000,33.750000,33.250000,33.279999,31.524483,677400
2011-07-12,33.419998,33.770000,33.209999,33.270000,31.515005,1798300
2011-07-13,33.310001,33.639999,33.240002,33.349998,31.590784,878000
2011-07-14,33.410000,33.639999,33.250000,33.360001,31.600258,1016400
2011-07-15,33.410000,33.650002,33.000000,33.209999,31.458172,776100
2011-07-18,33.130001,33.180000,32.930000,33.060001,31.316084,954800
2011-07-19,33.150002,33.970001,33.049999,33.820000,32.035999,984200
2011-07-20,33.799999,33.799999,33.180000,33.220001,31.467646,766100
2011-07-21,33.439999,33.720001,33.380001,33.410000,31.647623,514200
2011-07-22,33.480000,33.639999,33.169998,33.200001,31.448696,765900
2011-07-25,33.099998,33.209999,32.450001,32.480000,30.766682,1007500
2011-07-26,32.669998,32.980000,32.459999,32.500000,30.785624,889400
2011-07-27,32.459999,32.500000,31.610001,31.740000,30.065714,1836400
2011-07-28,31.740000,32.200001,31.490000,31.500000,29.838379,1921900
2011-07-29,31.250000,31.870001,31.100000,31.459999,29.800480,3847700
2011-08-01,31.709999,31.840000,31.000000,31.139999,29.497362,1761300
2011-08-02,31.150000,31.299999,30.450001,30.520000,28.910067,1325600
2011-08-03,30.410000,31.180000,30.110001,31.049999,29.412109,1816500
2011-08-04,30.860001,31.360001,30.320000,30.400000,28.796398,2425700
2011-08-05,30.650000,31.040001,29.950001,30.799999,29.175299,1801500
2011-08-08,29.980000,31.030001,29.840000,30.459999,28.853231,5163000
2011-08-09,31.120001,31.650000,30.330000,31.639999,29.970991,2134700
2011-08-10,31.370001,31.650000,30.680000,30.780001,29.156353,1186800
2011-08-11,31.030001,31.910000,30.820000,31.620001,29.952042,1929000
2011-08-12,31.950001,31.950001,30.940001,31.660000,29.989933,1097600
2011-08-15,31.870001,32.330002,31.440001,32.189999,30.491974,1458800
2011-08-16,33.020000,33.959999,32.660000,33.790001,32.007572,3064200
2011-08-17,34.130001,34.169998,32.470001,32.770000,31.041386,1711100
2011-08-18,31.959999,32.660000,31.600000,32.549999,30.832981,1857700
2011-08-19,32.240002,32.619999,31.950001,32.080002,30.387787,1365900
2011-08-22,32.740002,32.790001,31.760000,31.940001,30.255165,1928500
2011-08-23,32.180000,32.490002,31.559999,32.400002,30.690903,1985300
2011-08-24,32.450001,32.919998,32.340000,32.840000,31.107691,1747200
2011-08-25,32.990002,33.299999,32.130001,32.230000,30.529865,1616200
2011-08-26,32.200001,32.759998,31.549999,32.549999,30.832981,2324900
2011-08-29,32.740002,33.790001,32.650002,33.790001,32.007572,2867400
2011-08-30,35.160000,36.130001,34.599998,35.759998,33.873650,4536600
2011-08-31,36.410000,36.860001,36.220001,36.599998,34.669346,4411400
2011-09-01,36.540001,36.790001,35.779999,35.970001,34.072578,1953200
2011-09-02,35.630001,36.139999,35.029999,36.060001,34.157837,1792400
2011-09-06,35.509998,36.590000,35.250000,36.450001,34.527264,2254400
2011-09-07,36.709999,37.130001,36.139999,37.130001,35.171398,1871100
2011-09-08,35.840000,35.889999,34.799999,35.000000,33.153748,4622100
2011-09-09,34.279999,35.049999,34.220001,34.799999,32.964310,21565400
2011-09-12,34.930000,35.740002,34.630001,35.740002,33.854706,3842900
2011-09-13,36.060001,36.279999,35.220001,36.049999,34.148361,3631700
2011-09-14,36.080002,37.099998,35.860001,37.009998,35.057724,2472300
2011-09-15,37.250000,37.500000,37.049999,37.389999,35.417667,2013700
2011-09-16,37.560001,38.590000,37.520000,38.070000,36.061802,2535200
2011-09-19,37.799999,38.250000,37.450001,37.900002,35.900768,1595600
2011-09-20,37.950001,38.000000,37.459999,37.650002,35.663960,3229200
2011-09-21,37.939999,37.990002,37.049999,37.080002,35.124039,2208600
2011-09-22,36.220001,37.540001,35.759998,36.009998,34.110466,3176800
2011-09-23,36.000000,36.709999,35.980000,36.549999,34.621986,2712700
2011-09-26,36.900002,37.119999,36.410000,37.080002,35.124039,2341700
2011-09-27,37.730000,37.919998,37.099998,37.320000,35.351368,1675400
2011-09-28,37.310001,38.200001,37.220001,37.779999,35.787094,2282900
2011-09-29,38.090000,38.220001,36.689999,37.720001,35.730270,3239300
2011-09-30,37.340000,38.389999,36.939999,37.759998,35.768158,1778000
2011-10-03,37.709999,37.770000,36.509998,36.820000,34.877750,2064100
2011-10-04,36.400002,37.250000,35.830002,37.220001,35.256649,2109700
2011-10-05,37.360001,37.869999,36.950001,37.709999,35.720791,1806100
2011-10-06,38.000000,38.110001,37.410000,37.880001,35.881836,2112900
2011-10-07,38.029999,38.389999,37.360001,37.799999,35.806046,1500100
2011-10-10,38.299999,38.470001,37.970001,38.450001,36.421761,1169100
2011-10-11,38.459999,39.400002,38.459999,39.070000,37.009056,1868600
2011-10-12,39.680000,39.689999,38.759998,38.950001,36.895390,1919100
2011-10-13,38.779999,38.919998,38.349998,38.830002,36.781723,1153900
2011-10-14,39.090000,39.340000,38.680000,39.330002,37.255337,1078000
2011-10-17,39.450001,39.840000,39.049999,39.320000,37.245869,1215300
2011-10-18,39.430000,40.259998,39.310001,40.040001,37.927895,1647900
2011-10-19,40.080002,40.459999,39.880001,39.919998,37.814217,1232800
2011-10-20,39.840000,40.099998,39.400002,39.750000,37.653183,2109700
2011-10-21,40.110001,40.270000,39.830002,40.000000,37.889999,1641400
2011-10-24,40.020000,40.220001,39.439999,40.009998,37.899467,2382200
2011-10-25,40.119999,40.490002,40.009998,40.360001,38.231010,1354700
2011-10-26,40.619999,40.709999,39.310001,39.869999,37.766850,1310200
2011-10-27,40.250000,40.360001,39.130001,39.770000,37.672131,2074400
2011-10-28,39.480000,40.049999,38.520000,38.970001,36.914330,2254400
2011-10-31,38.820000,39.919998,38.720001,39.660000,37.567932,2322000
2011-11-01,38.980000,39.669998,38.630001,39.090000,37.028004,921200
2011-11-02,39.389999,39.610001,39.000000,39.180000,37.113258,625700
2011-11-03,39.130001,39.410000,38.580002,38.919998,36.866974,1551500
2011-11-04,38.860001,39.570000,38.650002,39.259998,37.189034,909100
2011-11-07,39.270000,39.500000,38.930000,39.200001,37.132210,582200
2011-11-08,39.310001,39.520000,38.889999,39.450001,37.369007,985700
2011-11-09,38.900002,39.320000,38.610001,38.709999,36.668056,782800
2011-11-10,39.119999,39.119999,38.459999,38.959999,36.904854,698200
2011-11-11,39.160000,39.880001,38.700001,39.860001,37.757378,746300
2011-11-14,39.849998,39.910000,39.500000,39.720001,37.624771,602800
2011-11-15,39.820000,40.360001,39.740002,40.290001,38.164703,1148700
2011-11-16,40.259998,40.439999,39.419998,39.470001,37.387951,1941100
2011-11-17,39.470001,39.650002,38.630001,39.060001,36.999584,1193700
2011-11-18,39.020000,39.970001,38.810001,39.709999,37.615295,1760900
2011-11-21,39.349998,39.439999,38.930000,39.230000,37.160625,1565700
2011-11-22,39.090000,40.400002,39.090000,39.389999,37.312183,1389200
2011-11-23,39.299999,39.369999,38.880001,38.930000,36.876442,548900
2011-11-25,38.689999,38.889999,38.320000,38.320000,36.298618,492800
2011-11-28,38.790001,39.340000,38.570000,38.700001,36.658581,1165500
2011-11-29,38.619999,40.080002,38.430000,39.930000,37.823689,1852900
2011-11-30,40.470001,40.599998,39.480000,40.570000,38.429935,1764700
2011-12-01,40.549999,41.049999,39.990002,40.090000,37.975246,1123900
2011-12-02,40.790001,40.790001,39.349998,39.939999,37.833164,1694900
2011-12-05,40.980000,41.250000,40.020000,40.580002,38.439411,3879000
2011-12-06,40.250000,40.500000,39.599998,39.630001,37.539520,4241800
2011-12-07,39.130001,39.700001,38.849998,39.470001,37.387951,20771500
2011-12-08,39.439999,40.439999,39.439999,39.990002,37.880531,5571300
2011-12-09,40.330002,40.549999,40.020000,40.439999,38.306801,2451400
2011-12-12,40.389999,41.500000,40.000000,41.320000,39.140373,3907500
2011-12-13,41.869999,42.099998,41.009998,41.450001,39.263515,3610200
2011-12-14,41.340000,41.349998,40.310001,40.939999,38.780415,3058400
2011-12-15,41.099998,41.650002,40.709999,40.910000,38.751991,2118800
2011-12-16,40.880001,41.150002,40.349998,41.020000,38.856190,2473400
2011-12-19,41.439999,41.450001,40.240002,40.470001,38.335209,1762500
2011-12-20,40.919998,41.090000,40.599998,40.860001,38.704636,1604300
2011-12-21,40.950001,41.029999,40.410000,40.720001,38.572025,2076000
2011-12-22,40.830002,41.270000,40.500000,40.950001,38.789894,2220700
2011-12-23,41.090000,41.250000,40.880001,41.220001,39.045654,862900
2011-12-27,41.259998,41.669998,40.820000,41.480000,39.291931,1678100
2011-12-28,41.529999,41.630001,41.349998,41.450001,39.263515,1550200
2011-12-29,41.560001,41.750000,41.099998,41.320000,39.140373,1020900
2011-12-30,41.220001,41.480000,41.099998,41.139999,38.969868,563600
2012-01-03,41.520000,41.570000,40.970001,41.080002,38.913029,1162500
2012-01-04,40.910000,41.500000,40.910000,41.360001,39.178261,1381600
2012-01-05,41.259998,41.400002,41.009998,41.360001,39.178261,1265100
2012-01-06,41.220001,41.259998,40.560001,40.869999,38.714104,2411900
2012-01-09,41.040001,41.040001,40.360001,40.849998,38.695160,1143400
2012-01-10,40.950001,41.080002,40.430000,40.500000,38.363628,1882900
2012-01-11,40.509998,40.689999,40.320000,40.410000,38.278370,1132500
2012-01-12,40.439999,40.549999,40.020000,40.369999,38.240479,995400
2012-01-13,40.160000,41.000000,39.830002,41.000000,38.837250,1450400
2012-01-17,41.180000,41.790001,41.180000,41.380001,39.197201,1305400
2012-01-18,41.240002,41.500000,40.860001,41.430000,39.244572,1396000
2012-01-19,41.630001,41.669998,40.990002,41.220001,39.045654,1581300
2012-01-20,41.119999,41.250000,40.709999,40.959999,38.799355,1575700
2012-01-23,41.450001,41.580002,41.220001,41.290001,39.111954,2078900
2012-01-24,41.279999,41.980000,41.270000,41.820000,39.613995,2633100
2012-01-25,41.869999,42.820000,41.639999,42.700001,40.447578,2400900
2012-01-26,42.950001,43.000000,42.290001,42.419998,40.182343,1701700
2012-01-27,42.290001,42.750000,42.060001,42.090000,39.869751,1625400
2012-01-30,42.110001,42.799999,41.930000,42.299999,40.068680,1411000
2012-01-31,42.430000,42.650002,42.349998,42.610001,40.362324,1342500
2012-02-01,42.790001,42.790001,42.220001,42.320000,40.087616,1455800
2012-02-02,42.509998,43.070000,42.299999,42.299999,40.068680,1602400
2012-02-03,42.570000,42.570000,41.939999,41.939999,39.727657,2692400
2012-02-06,42.029999,42.189999,41.700001,42.020000,39.803440,1106000
2012-02-07,42.110001,42.610001,42.110001,42.410000,40.172867,1621700
2012-02-08,42.439999,42.720001,42.040001,42.270000,40.040253,1818800
2012-02-09,42.259998,42.669998,41.889999,42.669998,40.419151,1732400
2012-02-10,42.470001,42.900002,42.160000,42.889999,40.627552,1236700
2012-02-13,42.980000,43.150002,41.700001,41.759998,39.557152,2740000
2012-02-14,41.509998,42.500000,41.500000,42.490002,40.248650,960100
2012-02-15,42.509998,42.720001,42.029999,42.270000,40.040253,1891400
2012-02-16,42.169998,42.570000,41.750000,41.939999,39.727657,1719300
2012-02-17,42.049999,42.500000,41.950001,42.380001,40.144451,1296400
2012-02-21,42.560001,42.930000,41.950001,42.130001,39.907642,1389700
2012-02-22,41.939999,42.029999,41.230000,41.380001,39.197201,2078800
2012-02-23,41.380001,42.290001,41.380001,42.139999,39.917110,1675300
2012-02-24,42.139999,42.169998,41.619999,41.669998,39.471901,1316500
2012-02-27,41.509998,41.759998,41.389999,41.639999,39.443493,1584000
2012-02-28,41.750000,42.299999,41.200001,42.290001,40.059196,1589600
2012-02-29,42.400002,42.439999,41.709999,42.060001,39.841339,1759000
2012-03-01,42.110001,43.119999,42.040001,43.009998,40.741226,2619600
2012-03-02,42.990002,43.099998,42.650002,42.770000,40.513878,1776600
2012-03-05,42.849998,43.330002,42.669998,43.200001,40.921200,1117800
2012-03-06,43.040001,43.070000,42.459999,42.709999,40.457039,1435800
2012-03-07,42.820000,42.860001,42.259998,42.549999,40.305489,1037600
2012-03-08,42.599998,43.380001,42.480000,43.380001,41.091705,1240800
2012-03-09,43.410000,44.410000,43.250000,44.209999,41.877922,1689500
2012-03-12,44.180000,44.320000,43.529999,43.610001,41.309582,1049700
2012-03-13,43.820000,44.080002,43.419998,43.860001,41.546383,1015900
2012-03-14,43.669998,44.459999,43.669998,44.459999,42.114735,1199900
2012-03-15,44.549999,45.750000,44.279999,45.130001,42.749393,2422700
2012-03-16,45.130001,45.330002,44.639999,44.689999,42.332600,1196400
2012-03-19,44.709999,45.040001,44.290001,44.750000,42.389431,1607100
2012-03-20,44.500000,45.270000,44.410000,45.250000,42.863064,2616900
2012-03-21,45.410000,45.779999,44.680000,44.750000,42.389431,2026100
2012-03-22,45.880001,46.950001,45.439999,46.139999,43.706116,3521200
2012-03-23,47.419998,47.590000,46.700001,47.130001,44.643898,2646500
2012-03-26,47.360001,47.450001,46.880001,47.259998,44.767033,1723500
2012-03-27,46.480000,46.689999,45.700001,45.750000,43.336685,6228600
2012-03-28,45.290001,46.279999,44.849998,46.000000,43.573490,17001000
2012-03-29,46.209999,46.450001,45.869999,46.270000,43.829247,4193400
2012-03-30,46.500000,46.639999,44.439999,46.200001,43.762951,3562500
2012-04-02,46.380001,47.119999,46.189999,46.759998,44.293407,3174400
2012-04-03,46.770000,47.500000,46.770000,47.000000,44.520748,1700900
2012-04-04,46.810001,46.910000,46.419998,46.840000,44.369190,2334400
2012-04-05,46.689999,47.400002,46.599998,47.220001,44.729137,2272900
2012-04-09,46.660000,46.860001,46.430000,46.540001,44.085014,1859300
2012-04-10,46.599998,46.709999,45.340000,45.500000,43.099873,2405700
2012-04-11,45.689999,46.160000,45.470001,45.860001,43.440884,1947300
2012-04-12,45.840000,46.660000,45.680000,46.630001,44.170261,1479200
2012-04-13,46.520000,46.750000,46.150002,46.299999,43.857666,1887100
2012-04-16,46.320000,46.439999,45.709999,45.889999,43.469299,1988100
2012-04-17,46.220001,46.570000,45.860001,46.549999,44.094479,2487500
2012-04-18,46.509998,47.180000,46.369999,46.880001,44.407082,1723900
2012-04-19,46.919998,47.080002,46.459999,46.639999,44.179737,1291300
2012-04-20,46.880001,47.169998,46.590000,46.930000,44.454445,976000
2012-04-23,46.700001,46.889999,46.040001,46.500000,44.047123,1285700
2012-04-24,46.349998,46.570000,45.439999,45.689999,43.279854,2708200
2012-04-25,45.990002,46.380001,45.799999,46.299999,43.857666,2382200
2012-04-26,46.290001,47.619999,46.230000,47.410000,44.909119,4376900
2012-04-27,47.450001,48.020000,46.980000,47.779999,45.259594,3735900
2012-04-30,48.689999,48.740002,47.400002,47.459999,44.956490,2027200
2012-05-01,47.509998,48.570000,47.410000,47.799999,45.278553,1969000
2012-05-02,47.650002,48.410000,47.599998,48.189999,45.647968,1875000
2012-05-03,48.270000,48.759998,47.939999,48.080002,45.543785,2200000
2012-05-04,48.000000,48.400002,47.470001,47.560001,45.051220,1952400
2012-05-07,47.410000,48.599998,47.299999,48.209999,45.666920,3987300
2012-05-08,47.970001,48.110001,46.500000,47.099998,44.615475,3066500
2012-05-09,46.599998,47.340000,46.599998,46.840000,44.369190,2939800
2012-05-10,47.160000,47.400002,46.720001,46.950001,44.473385,2337800
2012-05-11,46.799999,47.770000,46.730000,47.169998,44.681774,2363100
2012-05-14,47.049999,47.610001,46.770000,46.820000,44.350243,1953500
2012-05-15,46.830002,47.380001,46.750000,47.000000,44.520748,1401400
2012-05-16,47.000000,47.730000,46.889999,47.610001,45.098572,2330100
2012-05-17,47.000000,47.110001,45.680000,45.990002,43.564018,3805900
2012-05-18,46.090000,46.450001,45.369999,45.650002,43.241966,2468100
2012-05-21,45.610001,46.500000,45.580002,46.349998,43.905033,2603300
2012-05-22,46.400002,46.730000,45.790001,45.900002,43.478771,2129400
2012-05-23,45.709999,47.099998,45.709999,46.900002,44.426014,2000000
2012-05-24,47.070000,48.090000,46.990002,47.650002,45.136463,2806400
2012-05-25,47.700001,47.919998,47.490002,47.580002,45.070152,1072200
2012-05-29,47.950001,48.279999,47.290001,48.060001,45.524826,2433200
2012-05-30,47.970001,48.590000,47.310001,48.560001,45.998466,3013800
2012-05-31,48.459999,49.500000,48.459999,48.910000,46.329998,4625400
2012-06-01,48.419998,48.959999,48.220001,48.619999,46.055298,5251700
2012-06-04,48.869999,48.970001,47.630001,48.490002,45.932152,5194600
2012-06-05,46.599998,47.580002,46.450001,46.759998,44.293407,8569900
2012-06-06,47.660000,48.980000,47.459999,48.700001,46.131077,22697400
2012-06-07,49.270000,49.490002,48.599998,48.980000,46.396301,4736800
2012-06-08,48.980000,50.750000,48.950001,50.290001,47.637199,4517800
2012-06-11,50.750000,50.750000,49.950001,50.180000,47.533005,3886200
2012-06-12,50.369999,50.500000,49.630001,50.330002,47.675095,3631500
2012-06-13,50.419998,50.700001,50.009998,50.180000,47.533005,3449000
2012-06-14,50.500000,50.849998,50.150002,50.549999,47.883492,4621500
2012-06-15,50.750000,52.189999,50.529999,52.189999,49.436974,7469500
2012-06-18,52.029999,52.250000,51.540001,51.630001,48.906517,3943300
2012-06-19,51.669998,52.310001,51.549999,52.200001,49.446453,3117000
2012-06-20,52.330002,52.619999,52.020000,52.599998,49.825340,3232000
2012-06-21,52.820000,53.060001,52.139999,52.380001,49.616959,3868900
2012-06-22,52.450001,52.830002,52.169998,52.599998,49.825340,8631500
2012-06-25,52.500000,53.450001,52.290001,53.189999,50.384220,3847300
2012-06-26,53.919998,55.180000,53.250000,54.950001,52.051384,4639000
2012-06-27,55.230000,55.299999,53.279999,54.020000,51.170433,4864500
2012-06-28,52.750000,53.750000,52.610001,53.730000,50.895744,3299100
2012-06-29,54.340000,54.689999,53.720001,54.389999,51.520920,3181100
2012-07-02,54.610001,55.020000,54.279999,54.730000,51.842987,2317200
2012-07-03,54.730000,54.830002,53.230000,53.759998,50.924156,2343200
2012-07-05,53.750000,54.570000,53.020000,54.290001,51.426208,4047600
2012-07-06,53.990002,55.049999,53.900002,54.590000,51.710377,1917000
2012-07-09,54.480000,55.070000,54.400002,54.860001,51.966133,1496300
2012-07-10,55.040001,56.040001,54.880001,55.599998,52.667091,3324300
2012-07-11,55.509998,55.560001,54.439999,54.919998,52.022964,1896100
2012-07-12,54.750000,54.959999,53.950001,54.000000,51.151497,3073200
2012-07-13,54.500000,54.639999,54.060001,54.529999,51.653538,1551500
2012-07-16,54.500000,54.919998,54.029999,54.610001,51.729317,2001000
2012-07-17,54.810001,55.230000,54.419998,55.060001,52.155582,1378800
2012-07-18,55.000000,55.330002,53.299999,53.740002,50.905209,4311500
2012-07-19,53.869999,54.240002,52.240002,52.290001,49.531696,5059500
2012-07-20,52.250000,53.020000,51.410000,52.340000,49.579067,3240000
2012-07-23,51.650002,52.520000,50.860001,52.320000,49.560120,2947700
2012-07-24,52.610001,52.939999,52.090000,52.480000,49.711678,3725700
2012-07-25,50.980000,51.430000,49.419998,51.290001,48.584450,5258600
2012-07-26,51.570000,51.970001,50.580002,51.279999,48.574982,4110600
2012-07-27,51.450001,51.580002,50.770000,50.990002,48.300274,3411400
2012-07-30,51.470001,51.639999,50.369999,50.950001,48.262375,3375900
2012-07-31,51.000000,51.259998,50.320000,51.009998,48.319218,2716100
2012-08-01,51.380001,51.500000,50.910000,51.060001,48.366581,2632600
2012-08-02,50.919998,51.570000,50.880001,51.470001,48.754963,2333900
2012-08-03,52.250000,52.250000,51.650002,51.900002,49.162273,2083000
2012-08-06,51.959999,52.459999,51.490002,51.540001,48.821259,1208000
2012-08-07,51.700001,52.970001,51.610001,52.720001,49.939011,2164800
2012-08-08,52.540001,52.630001,51.959999,52.099998,49.351719,1810100
2012-08-09,52.150002,52.459999,51.290001,51.349998,48.641289,1426300
2012-08-10,51.160000,51.959999,51.099998,51.770000,49.039135,1971900
2012-08-13,51.790001,52.590000,51.520000,52.540001,49.768509,2458400
2012-08-14,52.619999,52.900002,52.180000,52.310001,49.550644,1113800
2012-08-15,52.410000,52.650002,51.689999,51.759998,49.029659,1335800
2012-08-16,50.750000,51.549999,50.299999,51.220001,48.518143,3888900
2012-08-17,51.110001,51.759998,51.040001,51.349998,48.641289,1999600
2012-08-20,51.590000,51.590000,50.650002,50.790001,48.110836,1737600
2012-08-21,50.840000,51.150002,50.549999,50.770000,48.091881,2172700
2012-08-22,50.639999,50.669998,50.180000,50.540001,47.874016,1859000
2012-08-23,49.770000,50.029999,48.189999,49.709999,47.087795,4561100
2012-08-24,49.459999,50.209999,49.459999,49.660000,47.040432,2419700
2012-08-27,49.410000,49.720001,48.570000,48.849998,46.273155,4675100
2012-08-28,48.779999,48.930000,48.610001,48.820000,46.244736,2428600
2012-08-29,48.750000,48.910000,48.369999,48.540001,45.979527,2483600
2012-08-30,48.330002,50.529999,48.220001,50.070000,47.428814,8407500
2012-08-31,50.299999,51.419998,50.290001,51.070000,48.376064,4392300
2012-09-04,51.320000,51.330002,49.889999,50.660000,47.987682,3946200
2012-09-05,51.919998,52.000000,50.759998,51.060001,48.366581,5587800
2012-09-06,51.590000,51.630001,50.220001,50.639999,47.968731,4509200
2012-09-07,50.570000,50.669998,49.799999,49.849998,47.220413,3055200
2012-09-10,49.529999,49.939999,48.919998,48.970001,46.386829,2609500
2012-09-11,48.810001,49.250000,48.509998,48.830002,46.254215,2344100
2012-09-12,49.410000,50.099998,49.080002,49.720001,47.097267,3496500
2012-09-13,49.619999,50.810001,49.590000,50.740002,48.063457,2842000
2012-09-14,50.919998,51.020000,50.049999,50.160000,47.514057,2710700
2012-09-17,49.970001,50.259998,49.779999,50.110001,47.466698,2001800
2012-09-18,50.040001,50.259998,49.930000,50.250000,47.599304,2030800
2012-09-19,50.240002,51.439999,50.240002,51.180000,48.480255,2603000
2012-09-20,51.320000,52.790001,51.160000,52.450001,49.683262,5283600
2012-09-21,52.770000,52.939999,52.549999,52.939999,50.147411,3464100
2012-09-24,52.400002,52.720001,52.349998,52.509998,49.740093,2403500
2012-09-25,52.520000,52.900002,52.430000,52.700001,49.920078,2423000
2012-09-26,52.500000,53.360001,52.459999,52.860001,50.071636,3029400
2012-09-27,51.009998,52.490002,51.009998,52.000000,49.257004,7688600
2012-09-28,51.830002,51.990002,51.500000,51.540001,48.821259,26313000
2012-10-01,52.000000,52.150002,51.490002,51.610001,48.887581,5812800
2012-10-02,51.750000,51.750000,51.200001,51.549999,48.830734,5244400
2012-10-03,51.799999,51.849998,51.459999,51.549999,48.830734,3202100
2012-10-04,51.750000,52.320000,51.610001,52.070000,49.323311,6312800
2012-10-05,52.290001,52.459999,51.529999,51.689999,48.963352,3202900
2012-10-08,51.779999,51.799999,51.040001,51.049999,48.357109,2919000
2012-10-09,51.049999,51.180000,50.189999,50.209999,47.561417,3202700
2012-10-10,50.549999,51.150002,50.279999,50.459999,47.798233,2586000
2012-10-11,50.759998,51.169998,49.020000,49.570000,46.955189,9612000
2012-10-12,49.439999,49.810001,48.900002,49.250000,46.652065,5537000
2012-10-15,49.560001,49.720001,49.049999,49.330002,46.727840,4158400
2012-10-16,49.410000,50.419998,49.240002,50.290001,47.637199,3814700
2012-10-17,50.340000,50.820000,45.580002,48.240002,45.695335,16966500
2012-10-18,48.580002,48.900002,46.060001,47.290001,44.795452,10520600
2012-10-19,47.330002,48.400002,47.080002,47.169998,44.681774,4034100
2012-10-22,47.200001,47.660000,46.560001,46.950001,44.473385,2506600
2012-10-23,46.759998,47.380001,46.520000,47.110001,44.624947,3349200
2012-10-24,47.360001,47.529999,46.849998,47.220001,44.729137,4638900
2012-10-25,47.419998,47.650002,47.049999,47.299999,44.804924,2708200
2012-10-26,47.299999,47.959999,47.279999,47.630001,45.117523,2281600
2012-10-31,48.400002,49.000000,47.919998,48.619999,46.055298,4080400
2012-11-01,48.400002,48.750000,48.029999,48.500000,45.941616,3580500
2012-11-02,48.459999,48.650002,47.669998,47.770000,45.250137,1885100
2012-11-05,47.500000,47.860001,47.380001,47.730000,45.212238,1853400
2012-11-06,47.889999,48.310001,47.490002,48.000000,45.467999,2254500
2012-11-07,48.009998,48.279999,47.400002,47.980000,45.449055,2211300
2012-11-08,47.680000,48.180000,47.680000,48.119999,45.581669,2261800
2012-11-09,47.869999,48.060001,46.869999,46.990002,44.511272,4125300
2012-11-12,46.830002,46.959999,46.459999,46.709999,44.246040,1644600
2012-11-13,46.730000,47.470001,46.450001,46.599998,44.141850,3472400
2012-11-14,46.930000,47.730000,46.810001,47.180000,44.691254,3427300
2012-11-15,47.400002,48.099998,47.250000,47.959999,45.430111,4318300
2012-11-16,47.820000,48.810001,47.810001,48.700001,46.131077,4520600
2012-11-19,48.700001,48.950001,48.310001,48.470001,45.913204,2406600
2012-11-20,48.430000,48.570000,47.349998,47.590000,45.079620,3612400
2012-11-21,47.470001,48.060001,47.419998,48.000000,45.467999,1617000
2012-11-23,48.099998,49.470001,47.939999,49.410000,46.803616,1407100
2012-11-26,49.310001,49.450001,48.610001,49.310001,46.708900,4008800
2012-11-27,50.360001,50.549999,49.119999,49.509998,46.898342,10802400
2012-11-28,49.509998,49.840000,49.299999,49.580002,46.964653,4484200
2012-11-29,49.709999,50.340000,49.619999,49.860001,47.229889,11412300
2012-11-30,50.680000,50.799999,49.770000,50.000000,47.362503,66137200
2012-12-03,50.040001,50.240002,48.720001,48.759998,46.187908,8317400
2012-12-04,48.650002,48.650002,47.400002,47.939999,45.411167,5949500
2012-12-05,48.080002,48.240002,46.560001,46.599998,44.141850,5788400
2012-12-06,46.580002,46.599998,45.779999,46.430000,43.980816,5114300
2012-12-07,46.560001,47.009998,46.430000,46.799999,44.331299,3985000
2012-12-10,46.799999,46.900002,46.279999,46.570000,44.113430,5670900
2012-12-11,45.650002,45.900002,42.770000,42.939999,40.674915,28375200
2012-12-12,42.750000,44.509998,42.250000,44.389999,42.048431,17707500
2012-12-13,44.320000,45.279999,44.279999,44.950001,42.578896,10397300
2012-12-14,44.900002,44.959999,43.820000,43.830002,41.517963,3904200
2012-12-17,43.790001,44.230000,43.330002,44.130001,41.802139,4976200
2012-12-18,44.049999,44.340000,43.840000,44.200001,41.868446,5519800
2012-12-19,44.040001,44.130001,43.240002,43.279999,40.996983,5994500
2012-12-20,43.220001,44.000000,43.200001,43.970001,41.650581,5205100
2012-12-21,43.709999,44.099998,43.389999,43.630001,41.328522,5483500
2012-12-24,43.580002,43.889999,43.410000,43.459999,41.167488,1587500
2012-12-26,43.400002,43.419998,42.599998,42.950001,40.684391,2623500
2012-12-27,42.959999,43.299999,42.650002,43.119999,40.845428,2227900
2012-12-28,43.099998,43.209999,42.689999,42.700001,40.447578,2114300
2012-12-31,42.599998,44.119999,42.599998,44.090000,41.764244,3404100
2013-01-02,44.410000,44.599998,42.889999,42.919998,40.655968,7058300
2013-01-03,40.759998,42.869999,39.730000,42.330002,40.097095,18764800
2013-01-04,42.410000,44.750000,42.220001,44.599998,42.247341,8772500
2013-01-07,44.439999,44.459999,42.840000,43.720001,41.413769,5862400
2013-01-08,43.630001,43.720001,43.340000,43.360001,41.072754,2340000
2013-01-09,43.180000,43.349998,42.590000,42.990002,40.722279,4621800
2013-01-10,42.990002,43.380001,42.680000,43.380001,41.091705,2946200
2013-01-11,43.310001,43.490002,42.990002,43.340000,41.053818,2240200
2013-01-14,43.240002,43.840000,42.869999,43.020000,40.750702,4359200
2013-01-15,43.000000,44.689999,42.779999,44.639999,42.285236,3542700
2013-01-16,44.529999,44.860001,44.070000,44.630001,42.275764,2348300
2013-01-17,44.580002,45.240002,44.580002,44.849998,42.484161,3651200
2013-01-18,44.740002,44.980000,44.520000,44.650002,42.294716,1766000
2013-01-22,44.830002,45.119999,44.610001,44.970001,42.597828,2552600
2013-01-23,44.730000,45.160000,44.669998,45.060001,42.683079,2224300
2013-01-24,45.160000,46.830002,45.099998,46.369999,43.923973,8393700
2013-01-25,46.419998,46.849998,46.279999,46.840000,44.369190,3589600
2013-01-28,46.770000,47.200001,46.599998,47.000000,44.520748,4163600
2013-01-29,46.889999,47.240002,46.400002,47.160000,44.672314,2838600
2013-01-30,47.029999,47.209999,46.540001,46.770000,44.302883,4138800
2013-01-31,46.630001,46.830002,46.189999,46.220001,43.781906,3008800
2013-02-01,46.459999,46.599998,46.150002,46.279999,43.838722,3421100
2013-02-04,46.250000,46.509998,45.490002,45.520000,43.118828,4877200
2013-02-05,45.709999,45.990002,44.980000,45.540001,43.137768,9746500
2013-02-06,45.580002,46.160000,45.330002,46.049999,43.620865,4506900
2013-02-07,46.139999,46.490002,45.220001,45.400002,43.005146,4865100
2013-02-08,45.490002,46.150002,45.419998,46.000000,43.573490,1801700
2013-02-11,45.849998,45.930000,45.490002,45.750000,43.336685,2223700
2013-02-12,45.740002,45.770000,45.000000,45.040001,42.664139,3204600
2013-02-13,45.130001,45.250000,43.759998,44.389999,42.048431,7877100
2013-02-14,44.389999,45.570000,44.320000,45.029999,42.654659,5687200
2013-02-15,45.119999,46.639999,43.900002,44.369999,42.029484,14019600
2013-02-19,44.110001,44.599998,43.349998,43.959999,41.641109,6584100
2013-02-20,43.900002,44.369999,43.540001,43.799999,41.489540,4446700
2013-02-21,43.610001,46.090000,43.580002,45.509998,43.109344,6922500
2013-02-22,45.590000,46.220001,45.259998,46.029999,43.601917,3691600
2013-02-25,46.169998,46.380001,45.400002,45.450001,43.052517,4008000
2013-02-26,45.599998,45.639999,44.590000,44.950001,42.578896,4375900
2013-02-27,46.279999,47.500000,46.209999,46.560001,44.103962,6093000
2013-02-28,46.369999,46.680000,46.080002,46.340000,43.895561,5017900
2013-03-01,46.259998,47.590000,45.840000,47.570000,45.060684,4134700
2013-03-04,47.599998,48.709999,47.560001,48.650002,46.083721,5396300
2013-03-05,48.750000,48.990002,48.320000,48.919998,46.339470,2875000
2013-03-06,49.090000,49.200001,48.150002,48.200001,45.657440,3143400
2013-03-07,47.849998,48.349998,47.410000,47.459999,44.956490,3482800
2013-03-08,47.720001,47.970001,47.389999,47.790001,45.269070,2538600
2013-03-11,47.790001,48.099998,47.450001,47.480000,44.975433,2743800
2013-03-12,47.500000,47.970001,47.490002,47.759998,45.240662,2714400
2013-03-13,47.709999,48.099998,47.529999,48.029999,45.496418,2340700
2013-03-14,48.009998,48.830002,47.849998,48.770000,46.197384,3169600
2013-03-15,48.639999,48.720001,47.790001,48.180000,45.638496,3069900
2013-03-18,47.740002,48.380001,47.630001,48.110001,45.572193,1830700
2013-03-19,48.119999,48.220001,47.459999,47.770000,45.250137,5279300
2013-03-20,48.259998,50.040001,48.150002,49.790001,47.163574,5946300
2013-03-21,49.410000,49.910000,48.919998,49.810001,47.182526,3240000
2013-03-22,50.090000,50.490002,49.750000,50.070000,47.428814,6403900
2013-03-25,52.529999,52.910000,49.840000,51.080002,48.385529,10543200
2013-03-26,51.230000,52.299999,51.169998,52.220001,49.465393,4110500
2013-03-27,50.880001,51.560001,50.599998,50.950001,48.262375,7721400
2013-03-28,50.299999,50.720001,50.240002,50.580002,47.911911,33355800
2013-04-01,50.770000,50.869999,50.250000,50.619999,47.949783,4970100
2013-04-02,50.730000,50.759998,50.400002,50.540001,47.874016,2790300
2013-04-03,50.680000,50.730000,50.040001,50.119999,47.476162,2804700
2013-04-04,50.220001,50.740002,50.130001,50.730000,48.053989,2929400
2013-04-05,50.230000,50.419998,49.919998,50.400002,47.741402,3662400
2013-04-08,50.279999,50.490002,50.049999,50.360001,47.703510,3150200
2013-04-09,50.480000,50.580002,49.759998,49.849998,47.220413,7493300
2013-04-10,49.900002,51.340000,49.759998,50.240002,47.589832,6801000
2013-04-11,50.310001,50.849998,50.209999,50.279999,47.627731,5470800
2013-04-12,50.240002,50.840000,49.860001,50.310001,47.656151,2347800
2013-04-15,50.009998,50.599998,49.619999,49.900002,47.267776,3509300
2013-04-16,49.980000,50.509998,49.549999,50.470001,47.807713,3536500
2013-04-17,50.180000,51.919998,50.169998,51.900002,49.162273,6858300
2013-04-18,51.900002,51.990002,50.669998,51.299999,48.593922,4107100
2013-04-19,51.470001,51.860001,51.150002,51.820000,49.086494,4407800
2013-04-22,51.740002,51.889999,51.380001,51.630001,48.906517,1895800
2013-04-23,51.810001,52.570000,51.740002,52.150002,49.399086,2936300
2013-04-24,52.330002,52.740002,52.009998,52.090000,49.342247,1604700
2013-04-25,52.240002,52.900002,52.200001,52.709999,49.929543,2071000
2013-04-26,52.570000,52.950001,52.439999,52.830002,50.043217,2082000
2013-04-29,52.820000,52.990002,52.139999,52.180000,49.427509,1231300
2013-04-30,52.240002,52.310001,51.700001,52.090000,49.342247,1553400
2013-05-01,52.000000,52.599998,51.990002,52.029999,49.285416,1579600
2013-05-02,52.020000,52.500000,51.830002,52.389999,49.626427,1485700
2013-05-03,52.490002,53.000000,52.080002,52.490002,49.721149,2925200
2013-05-06,53.110001,54.160000,53.049999,53.580002,50.753658,4635600
2013-05-07,53.430000,53.520000,52.980000,53.439999,50.621037,4557600
2013-05-08,53.419998,53.689999,53.220001,53.419998,50.602093,1297800
2013-05-09,53.529999,53.549999,52.509998,52.680000,49.901127,1881000
2013-05-10,52.580002,53.180000,52.580002,52.799999,50.014793,1327400
2013-05-13,52.840000,53.000000,52.459999,52.590000,49.815872,1386600
2013-05-14,52.669998,53.139999,52.520000,52.790001,50.005325,1390200
2013-05-15,52.849998,53.610001,52.419998,53.320000,50.507366,2836400
2013-05-16,53.150002,53.669998,52.980000,53.259998,50.450539,2215600
2013-05-17,53.500000,54.169998,53.320000,54.080002,51.227283,2350900
2013-05-20,53.980000,54.250000,53.590000,53.840000,50.999931,1953600
2013-05-21,53.900002,54.669998,53.730000,54.470001,51.596706,2313000
2013-05-22,54.340000,54.750000,53.689999,53.860001,51.018887,2634200
2013-05-23,53.639999,54.810001,53.459999,54.450001,51.577763,3714100
2013-05-24,54.220001,54.560001,54.119999,54.419998,51.549343,1839400
2013-05-28,54.869999,55.169998,54.419998,54.480000,51.606171,2262800
2013-05-29,54.230000,54.509998,53.650002,53.930000,51.085190,2206800
2013-05-30,53.939999,54.209999,53.660000,53.669998,50.838905,1145400
2013-05-31,53.700001,54.060001,52.720001,52.799999,50.014793,3723900
2013-06-03,53.060001,53.990002,52.650002,53.549999,50.725235,4486900
2013-06-04,50.000000,50.220001,48.610001,48.639999,46.074238,16091900
2013-06-05,49.299999,51.200001,49.220001,50.189999,47.542473,8192600
2013-06-06,50.430000,51.490002,49.830002,51.320000,48.612869,5672300
2013-06-07,51.490002,52.299999,50.869999,51.090000,48.394993,4334600
2013-06-10,51.110001,51.330002,50.310001,50.349998,47.694031,5033200
2013-06-11,50.330002,52.000000,50.160000,51.669998,48.944408,4824900
2013-06-12,51.750000,52.000000,50.779999,51.090000,48.394993,3171300
2013-06-13,51.180000,51.500000,50.849998,51.200001,48.499199,2163900
2013-06-14,51.150002,51.580002,50.959999,51.180000,48.480255,1600000
2013-06-17,51.369999,51.799999,50.730000,51.130001,48.432888,2745200
2013-06-18,51.099998,52.299999,50.810001,52.290001,49.531696,2988500
2013-06-19,52.360001,52.470001,51.299999,51.330002,48.622345,2913500
2013-06-20,51.169998,51.189999,49.720001,49.880001,47.248829,4553000
2013-06-21,50.299999,50.330002,49.470001,50.209999,47.561417,4118300
2013-06-24,49.779999,50.419998,49.500000,50.000000,47.362503,3669000
2013-06-25,50.160000,50.810001,50.029999,50.509998,47.845600,2966100
2013-06-26,50.540001,51.270000,50.540001,51.169998,48.470776,1980700
2013-06-27,51.279999,51.930000,51.160000,51.639999,48.915989,2268900
2013-06-28,51.450001,51.590000,50.430000,50.430000,47.769810,8498100
2013-07-01,51.029999,52.840000,50.970001,52.430000,49.664310,4290300
2013-07-02,52.189999,52.430000,51.230000,51.360001,48.650761,3334300
2013-07-03,51.250000,51.380001,50.529999,51.110001,48.413948,1860000
2013-07-05,51.459999,52.049999,51.259998,52.009998,49.266464,1673500
2013-07-08,52.000000,52.360001,51.490002,52.119999,49.370667,2309500
2013-07-09,52.320000,52.820000,51.770000,51.799999,49.067551,2370100
2013-07-10,52.869999,55.009998,52.830002,54.779999,51.890354,8237500
2013-07-11,55.049999,55.799999,54.580002,55.650002,52.714462,4215300
2013-07-12,54.139999,54.400002,53.450001,53.770000,50.933628,7579900
2013-07-15,53.930000,54.200001,53.759998,53.959999,51.113609,2538100
2013-07-16,53.709999,54.029999,53.500000,53.900002,51.056774,2169100
2013-07-17,54.150002,54.200001,53.599998,53.650002,50.819958,1784300
2013-07-18,53.709999,53.910000,53.290001,53.450001,50.630508,2050400
2013-07-19,53.509998,53.939999,53.060001,53.299999,50.488419,2474400
2013-07-22,53.369999,53.689999,53.040001,53.540001,50.715775,2225000
2013-07-23,53.630001,53.950001,53.310001,53.820000,50.980999,2915400
2013-07-24,53.759998,54.250000,53.669998,54.230000,51.369370,2924700
2013-07-25,54.099998,54.369999,53.720001,54.230000,51.369370,2688000
2013-07-26,54.029999,54.049999,53.250000,53.779999,50.943100,2808400
2013-07-29,53.810001,54.200001,53.439999,54.180000,51.322014,2497900
2013-07-30,54.150002,54.439999,53.860001,54.060001,51.208344,2051100
2013-07-31,54.200001,54.840000,54.169998,54.669998,51.786152,2868800
2013-08-01,54.970001,55.599998,54.400002,55.419998,52.496593,4140100
2013-08-02,55.400002,55.820000,54.549999,55.790001,52.847076,3049700
2013-08-05,55.520000,55.639999,55.020000,55.250000,52.335560,1875900
2013-08-06,55.040001,55.180000,54.310001,54.869999,51.975597,2533700
2013-08-07,54.759998,54.790001,54.119999,54.119999,51.265171,3007200
2013-08-08,54.360001,54.910000,54.270000,54.730000,51.842987,2739700
2013-08-09,54.700001,54.820000,54.220001,54.250000,51.388313,1201100
2013-08-12,54.139999,54.580002,53.990002,54.349998,51.483028,2295500
2013-08-13,54.360001,54.830002,54.200001,54.599998,51.719845,2171300
2013-08-14,54.410000,54.820000,54.080002,54.500000,51.625122,1792300
2013-08-15,54.189999,54.490002,53.369999,53.500000,50.677876,2987200
2013-08-16,53.230000,53.320000,52.400002,52.470001,49.702206,3489900
2013-08-19,53.500000,54.470001,53.200001,54.090000,51.236759,4538700
2013-08-20,54.160000,54.230000,53.299999,53.369999,50.554722,2663400
2013-08-21,53.400002,54.500000,53.099998,54.400002,51.530399,3274300
2013-08-22,54.340000,55.599998,54.000000,55.450001,52.525021,3108500
2013-08-23,55.509998,55.599998,54.790001,55.049999,52.146107,2263300
2013-08-26,55.430000,56.099998,55.160000,55.590000,52.657631,1744600
2013-08-27,55.000000,55.330002,54.619999,54.650002,51.767212,1908400
2013-08-28,54.650002,54.900002,54.209999,54.480000,51.606171,1777200
2013-08-29,54.400002,54.750000,54.240002,54.369999,51.501980,1346300
2013-08-30,54.610001,54.869999,53.860001,53.970001,51.123085,1887400
2013-09-03,54.470001,54.740002,53.400002,53.880001,51.037823,4268700
2013-09-04,56.060001,57.419998,55.290001,56.389999,53.415421,9699000
2013-09-05,56.580002,57.799999,56.410000,57.380001,54.353207,4013800
2013-09-06,57.610001,57.709999,56.720001,56.959999,53.955360,2302300
2013-09-09,57.200001,57.520000,57.000000,57.470001,54.438450,3070700
2013-09-10,57.240002,57.360001,56.540001,57.330002,54.305840,2373900
2013-09-11,57.400002,57.419998,56.880001,57.360001,54.334270,1579500
2013-09-12,57.459999,57.500000,56.770000,57.139999,54.125866,1261100
2013-09-13,57.250000,57.349998,56.639999,56.830002,53.832214,1366800
2013-09-16,57.400002,57.570000,56.570000,57.000000,53.993244,2618500
2013-09-17,57.070000,57.570000,57.040001,57.330002,54.305840,2038300
2013-09-18,57.349998,58.139999,57.270000,57.919998,54.864719,2848800
2013-09-19,58.099998,58.709999,57.689999,58.490002,55.404663,3267900
2013-09-20,58.419998,58.439999,57.650002,57.650002,54.608959,4398300
2013-09-23,57.680000,58.290001,57.610001,58.189999,55.120476,2416700
2013-09-24,58.220001,58.290001,58.000000,58.110001,55.044689,1923600
2013-09-25,58.090000,58.110001,56.959999,57.000000,53.993244,2844400
2013-09-26,57.150002,57.549999,56.709999,56.750000,53.756435,2741900
2013-09-27,56.700001,57.080002,56.509998,56.590000,53.604874,2568700
2013-09-30,56.230000,56.759998,55.709999,56.459999,53.481731,1860400
2013-10-01,56.590000,57.980000,56.320000,57.779999,54.732101,3575200
2013-10-02,57.439999,57.939999,57.250000,57.900002,54.845776,2206400
2013-10-03,57.900002,58.020000,57.450001,57.750000,54.703690,2609500
2013-10-04,57.660000,58.820000,57.540001,58.770000,55.669880,2513700
2013-10-07,58.360001,58.360001,57.130001,57.139999,54.125866,2790100
2013-10-08,57.000000,57.279999,56.270000,56.349998,53.377529,2762100
2013-10-09,56.349998,56.779999,55.959999,56.700001,53.709068,4153900
2013-10-10,57.099998,57.630001,57.040001,57.540001,54.504761,2483900
2013-10-11,57.400002,57.950001,57.150002,57.830002,54.779461,2580800
2013-10-14,57.520000,57.799999,56.759998,57.049999,54.040604,3449400
2013-10-15,57.029999,57.230000,56.439999,56.750000,53.756435,2110800
2013-10-16,57.189999,57.660000,57.040001,57.369999,54.343727,2308400
2013-10-17,57.240002,58.930000,57.099998,58.820000,55.717239,2379500
2013-10-18,59.130001,59.130001,57.980000,58.889999,55.783550,2678100
2013-10-21,58.880001,59.040001,58.369999,58.919998,55.811966,968900
2013-10-22,58.980000,59.590000,58.959999,59.369999,56.238232,1676100
2013-10-23,59.380001,59.430000,58.500000,58.980000,55.868797,1711500
2013-10-24,59.130001,59.840000,58.939999,59.750000,56.598183,1930800
2013-10-25,59.740002,59.869999,59.270000,59.500000,56.361382,1959800
2013-10-28,59.400002,59.570000,58.970001,59.169998,56.048782,1678900
2013-10-29,59.459999,59.709999,59.169998,59.340000,56.209812,1755800
2013-10-30,59.480000,59.520000,58.130001,58.570000,55.480431,1879600
2013-10-31,58.500000,58.790001,57.700001,57.779999,54.732101,2837700
2013-11-01,57.830002,58.139999,57.500000,57.770000,54.722630,2128200
2013-11-04,57.990002,58.230000,57.470001,57.529999,54.495289,2516900
2013-11-05,57.410000,58.400002,57.200001,58.110001,55.044689,2864800
2013-11-06,58.110001,58.590000,57.889999,58.009998,54.949974,1629700
2013-11-07,58.090000,58.590000,56.950001,57.220001,54.201653,2247800
2013-11-08,57.189999,57.410000,56.810001,57.279999,54.258476,1922000
2013-11-11,57.330002,58.290001,57.250000,58.009998,54.949974,1931900
2013-11-12,58.000000,58.509998,57.830002,58.470001,55.385704,1893000
2013-11-13,58.340000,59.299999,58.209999,59.240002,56.115089,2135600
2013-11-14,59.099998,59.509998,58.580002,59.490002,56.351894,2001800
2013-11-15,59.220001,59.500000,58.560001,59.259998,56.134029,3503000
2013-11-18,59.439999,59.560001,58.639999,58.880001,55.774086,2138400
2013-11-19,58.790001,59.500000,58.580002,58.700001,55.603565,3074000
2013-11-20,58.830002,59.119999,58.130001,58.330002,55.253094,3886600
2013-11-21,56.990002,58.049999,56.889999,57.939999,54.883659,4438800
2013-11-22,58.139999,58.500000,57.830002,58.400002,55.319405,2240600
2013-11-25,58.730000,58.799999,58.259998,58.490002,55.404663,1541600
2013-11-26,58.869999,59.000000,57.849998,58.790001,55.688828,4505500
2013-11-27,58.779999,58.779999,57.299999,57.349998,54.324787,5347500
2013-11-29,57.529999,57.740002,56.919998,56.939999,53.936413,1695000
2013-12-02,56.910000,56.910000,56.130001,56.290001,53.320705,3909400
2013-12-03,56.270000,56.610001,56.029999,56.480000,53.500687,2757400
2013-12-04,56.029999,56.619999,55.560001,56.369999,53.396488,5009800
2013-12-05,58.310001,60.250000,58.250000,59.810001,56.655022,11012700
2013-12-06,60.560001,61.080002,59.610001,60.200001,57.024460,6493500
2013-12-09,60.169998,61.200001,60.169998,61.080002,57.858040,5138000
2013-12-10,60.950001,61.320000,60.419998,60.740002,57.535965,2634200
2013-12-11,60.779999,61.820000,60.759998,61.310001,58.075897,4727700
2013-12-12,60.590000,61.070000,60.360001,60.459999,57.270733,4342100
2013-12-13,60.830002,61.110001,60.119999,60.480000,57.289684,2374800
2013-12-16,61.000000,61.119999,59.410000,59.490002,56.351894,5043300
2013-12-17,59.610001,59.849998,58.880001,59.029999,55.916164,2663500
2013-12-18,59.080002,60.040001,58.689999,60.029999,56.863415,3335000
2013-12-19,59.900002,60.060001,59.500000,59.560001,56.418205,1412000
2013-12-20,59.790001,60.389999,59.770000,60.080002,56.910782,2391400
2013-12-23,60.250000,61.639999,60.130001,61.590000,58.341133,7366000
2013-12-24,61.369999,61.950001,61.369999,61.470001,58.227459,826400
2013-12-26,61.459999,61.540001,60.860001,60.930000,57.715927,1756100
2013-12-27,61.189999,61.490002,60.070000,60.110001,56.939198,1993900
2013-12-30,60.330002,60.910000,60.000000,60.700001,57.498077,4348200
2013-12-31,60.919998,61.090000,60.139999,60.320000,57.138123,1699800
2014-01-02,60.380001,61.619999,60.380001,61.200001,57.971703,6018200
2014-01-03,61.220001,61.770000,60.980000,60.980000,57.763298,2697800
2014-01-06,61.220001,61.330002,59.570000,59.610001,56.465572,4007800
2014-01-07,59.820000,60.419998,59.599998,59.889999,56.730801,2584500
2014-01-08,59.880001,60.060001,59.279999,59.700001,56.550827,4418700
2014-01-09,59.009998,62.639999,58.939999,61.540001,58.293766,8043800
2014-01-10,61.419998,62.930000,60.830002,62.869999,59.553604,6431600
2014-01-13,62.630001,62.759998,60.580002,60.689999,57.488594,4163100
2014-01-14,60.959999,61.709999,60.389999,61.590000,58.341133,2710000
2014-01-15,61.349998,61.660000,60.889999,61.189999,57.962227,2681100
2014-01-16,61.220001,61.500000,60.320000,60.570000,57.374935,2507300
2014-01-17,60.759998,61.310001,59.759998,60.099998,56.929718,7995200
2014-01-21,60.180000,60.410000,58.520000,58.669998,55.575153,4058300
2014-01-22,58.549999,58.610001,57.720001,57.950001,54.893139,5386600
2014-01-23,57.959999,57.990002,57.320000,57.590000,54.552128,2745200
2014-01-24,57.180000,57.660000,56.730000,57.349998,54.324787,3700600
2014-01-27,57.549999,58.029999,56.950001,57.509998,54.476337,3475100
2014-01-28,57.720001,57.959999,57.090000,57.270000,54.249012,3308000
2014-01-29,56.869999,57.369999,56.570000,56.619999,53.633293,3309800
2014-01-30,56.930000,57.299999,56.139999,56.500000,53.519615,4563300
2014-01-31,55.919998,56.720001,55.080002,56.320000,53.349117,5360100
2014-02-03,56.480000,56.740002,55.220001,55.509998,52.581844,5905300
2014-02-04,55.529999,56.180000,55.200001,55.790001,52.847076,3912800
2014-02-05,56.349998,56.889999,55.700001,56.139999,53.178608,3762600
2014-02-06,56.250000,57.650002,56.169998,57.240002,54.220596,2990100
2014-02-07,57.459999,57.930000,57.049999,57.099998,54.087975,3192800
2014-02-10,57.200001,57.990002,56.369999,56.660000,53.671185,3372200
2014-02-11,56.570000,57.290001,56.570000,56.700001,53.709068,3755300
2014-02-12,56.860001,57.200001,56.080002,56.270000,53.301758,3577100
2014-02-13,56.080002,56.410000,55.500000,55.910000,52.960743,3766700
2014-02-14,56.110001,57.419998,56.049999,57.259998,54.239529,3642100
2014-02-18,57.500000,58.450001,57.500000,58.020000,54.959442,3394700
2014-02-19,57.270000,57.869999,56.820000,57.439999,54.410038,3730800
2014-02-20,57.150002,57.709999,56.740002,57.099998,54.087975,3996900
2014-02-21,57.340000,57.779999,57.259998,57.490002,54.457405,2560100
2014-02-24,57.549999,58.660000,57.470001,58.029999,54.968918,3130700
2014-02-25,57.869999,58.389999,57.770000,58.020000,54.959442,3172000
2014-02-26,58.049999,60.459999,57.869999,59.880001,56.721336,4651800
2014-02-27,59.799999,60.209999,59.419998,59.770000,56.617130,2435500
2014-02-28,59.840000,61.180000,59.330002,59.900002,56.740280,3505800
2014-03-03,59.580002,60.150002,59.310001,59.840000,56.683441,1935600
2014-03-04,60.189999,60.619999,58.950001,59.820000,56.664490,4560500
2014-03-05,59.930000,60.009998,59.099998,59.709999,56.560291,2046200
2014-03-06,59.720001,59.880001,59.279999,59.410000,56.276119,3403200
2014-03-07,59.770000,59.910000,59.049999,59.389999,56.257179,3486500
2014-03-10,59.380001,59.529999,58.660000,59.400002,56.266647,2617200
2014-03-11,59.369999,59.500000,58.930000,59.400002,56.266647,3338800
2014-03-12,59.090000,59.389999,58.669998,59.290001,56.162457,4135800
2014-03-13,58.020000,58.450001,57.090000,57.660000,54.618431,10240000
2014-03-14,57.439999,58.189999,57.110001,57.189999,54.173218,5101400
2014-03-17,57.290001,58.000000,57.139999,57.720001,54.675274,6439500
2014-03-18,57.730000,58.119999,57.549999,57.910000,54.855244,4888300
2014-03-19,57.820000,58.259998,57.639999,57.849998,54.798412,5325300
2014-03-20,57.810001,58.180000,57.340000,57.580002,54.542656,8502200
2014-03-21,58.060001,58.240002,57.580002,58.029999,54.968918,5263800
2014-03-24,58.070000,58.160000,56.160000,56.290001,53.320705,7224900
2014-03-25,56.509998,56.610001,55.080002,55.200001,52.288193,11358400
2014-03-26,55.549999,56.040001,55.160000,55.590000,52.657631,6938300
2014-03-27,55.840000,55.889999,55.270000,55.669998,52.733402,8177900
2014-03-28,55.529999,56.080002,55.380001,55.400002,52.477642,4945700
2014-03-31,55.669998,55.880001,55.119999,55.480000,52.553432,3526300
2014-04-01,55.500000,56.490002,55.480000,56.419998,53.443836,4532300
2014-04-02,56.389999,57.279999,56.209999,57.220001,54.201653,4396900
2014-04-03,56.980000,57.520000,56.980000,57.310001,54.286896,3750500
2014-04-04,57.500000,57.540001,56.400002,56.680000,53.690125,3710300
2014-04-07,56.410000,56.720001,55.119999,55.380001,52.458706,5228900
2014-04-08,55.310001,55.599998,54.889999,55.450001,52.525021,5050500
2014-04-09,55.470001,56.450001,55.380001,56.360001,53.387009,3521600
2014-04-10,56.369999,56.549999,55.439999,55.450001,52.525021,6080000
2014-04-11,55.049999,55.340000,54.430000,54.740002,51.852467,4429200
2014-04-14,55.090000,55.349998,54.709999,55.200001,52.288193,2262800
2014-04-15,55.299999,55.599998,54.480000,54.970001,52.070332,3484900
2014-04-16,55.459999,55.630001,54.790001,54.880001,51.985085,3047300
2014-04-17,54.790001,55.439999,54.730000,55.430000,52.506062,3289600
2014-04-21,55.349998,55.430000,54.799999,55.090000,52.183998,1680500
2014-04-22,55.020000,55.389999,54.740002,55.090000,52.183998,2724900
2014-04-23,55.139999,55.509998,55.000000,55.330002,52.411343,3489600
2014-04-24,55.419998,55.509998,54.970001,55.310001,52.392399,2829500
2014-04-25,55.290001,56.660000,55.000000,56.330002,53.358604,5371200
2014-04-28,56.400002,57.009998,55.849998,56.259998,53.292290,3582800
2014-04-29,56.500000,56.590000,55.849998,56.020000,53.064941,2964500
2014-04-30,56.049999,56.590000,55.709999,56.439999,53.462791,3484700
2014-05-01,56.709999,57.009998,56.410000,56.650002,53.661709,1765000
2014-05-02,56.759998,57.340000,56.610001,57.000000,53.993244,1785600
2014-05-05,56.689999,57.009998,56.349998,56.889999,53.889057,1751600
2014-05-06,56.790001,57.450001,56.400002,56.919998,53.917469,4453200
2014-05-07,56.930000,57.090000,56.310001,56.759998,53.765907,3648600
2014-05-08,56.700001,57.299999,56.430000,56.720001,53.728016,3287300
2014-05-09,56.790001,56.860001,56.189999,56.740002,53.746964,3401400
2014-05-12,56.860001,57.189999,56.750000,57.009998,54.002720,2569100
2014-05-13,57.000000,57.119999,56.160000,56.400002,53.424904,2453500
2014-05-14,56.470001,56.639999,56.130001,56.240002,53.273342,1510500
2014-05-15,55.970001,56.029999,54.990002,55.259998,52.345028,3758600
2014-05-16,55.330002,56.110001,54.770000,55.630001,52.695515,7928300
2014-05-19,55.630001,56.080002,55.389999,56.000000,53.045990,3625900
2014-05-20,55.799999,55.810001,54.619999,54.720001,51.833511,4925300
2014-05-21,54.650002,55.259998,54.570000,54.700001,51.814575,4547800
2014-05-22,55.759998,56.090000,55.130001,55.419998,52.496593,3703500
2014-05-23,55.419998,55.790001,55.279999,55.740002,52.799713,1993800
2014-05-27,55.810001,56.439999,55.810001,56.299999,53.330170,4199400
2014-05-28,55.130001,55.380001,54.330002,54.599998,51.719845,5405900
2014-05-29,53.919998,54.080002,53.490002,53.500000,50.677876,9414800
2014-05-30,53.619999,53.820000,53.000000,53.779999,50.943100,6107500
2014-06-02,53.790001,54.439999,53.700001,54.299999,51.435673,5514900
2014-06-03,55.650002,57.000000,55.320000,56.410000,53.434368,10719500
2014-06-04,56.430000,56.630001,55.799999,56.619999,53.633293,5454300
2014-06-05,56.509998,57.770000,56.160000,57.689999,54.646851,4886500
2014-06-06,57.750000,58.349998,57.660000,57.990002,54.931026,4187300
2014-06-09,63.430000,65.989998,61.980000,62.250000,58.966312,25419300
2014-06-10,62.060001,62.119999,60.939999,61.139999,57.914864,6842000
2014-06-11,61.040001,61.389999,60.389999,60.480000,57.289684,3357000
2014-06-12,60.520000,60.520000,59.660000,60.189999,57.014977,4445000
2014-06-13,60.189999,60.689999,59.939999,60.689999,57.488594,3765700
2014-06-16,60.709999,61.560001,60.570000,61.549999,58.303234,3942400
2014-06-17,61.099998,61.959999,60.970001,61.529999,58.284286,3789800
2014-06-18,61.389999,61.849998,61.040001,61.430000,58.189568,3232900
2014-06-19,61.660000,61.869999,61.200001,61.520000,58.274815,2063500
2014-06-20,62.009998,63.349998,61.919998,62.820000,59.506245,10003300
2014-06-23,62.520000,62.790001,61.540001,61.660000,58.407433,3938300
2014-06-24,61.139999,62.009998,61.000000,61.689999,58.435848,2603900
2014-06-25,61.459999,61.860001,60.970001,61.480000,58.236931,2178900
2014-06-26,61.540001,61.779999,60.919998,61.680000,58.426380,1947300
2014-06-27,61.279999,61.279999,56.759998,57.189999,54.173218,31291300
2014-06-30,57.000000,57.549999,56.500000,57.360001,54.334270,10277100
2014-07-01,57.570000,58.130001,57.400002,57.709999,54.665787,6015200
2014-07-02,57.590000,58.189999,57.500000,58.119999,55.054165,4222700
2014-07-03,58.119999,58.439999,57.910000,58.220001,55.148888,2667100
2014-07-07,57.759998,58.110001,57.480000,57.740002,54.694214,2878500
2014-07-08,57.599998,57.820000,57.330002,57.360001,54.334270,5118300
2014-07-09,57.650002,57.750000,57.380001,57.529999,54.495289,6225700
2014-07-10,57.139999,57.650002,56.880001,57.360001,54.334270,4658400
2014-07-11,57.439999,57.439999,56.720001,56.790001,53.794327,3351500
2014-07-14,56.959999,57.029999,56.619999,56.639999,53.652237,3375700
2014-07-15,56.369999,56.840000,55.930000,55.939999,52.989166,5492400
2014-07-16,56.060001,56.180000,55.000000,55.570000,52.638687,10802300
2014-07-17,55.310001,55.400002,54.340000,54.410000,51.539875,4941400
2014-07-18,54.570000,55.669998,54.400002,55.450001,52.525021,6003500
2014-07-21,55.450001,55.590000,54.930000,55.330002,52.411343,6280400
2014-07-22,55.470001,55.560001,54.750000,55.119999,52.212414,5184600
2014-07-23,55.000000,55.849998,54.939999,55.820000,52.875496,3831200
2014-07-24,55.770000,56.439999,55.650002,56.040001,53.083885,3768900
2014-07-25,55.900002,56.060001,55.560001,55.610001,52.676575,3370400
2014-07-28,53.799999,57.700001,53.779999,55.560001,52.629215,22677700
2014-07-29,55.779999,56.639999,55.740002,56.099998,53.140728,5431800
2014-07-30,56.360001,56.939999,56.009998,56.880001,53.879581,5145100
2014-07-31,56.240002,56.549999,55.220001,55.230000,52.316608,4688100
2014-08-01,55.310001,56.029999,55.150002,55.770000,52.828133,2967000
2014-08-04,55.770000,56.070000,55.599998,55.910000,52.960743,2938900
2014-08-05,55.509998,59.500000,55.480000,57.790001,54.741573,17211400
2014-08-06,57.529999,57.840000,56.279999,57.560001,54.523705,5691100
2014-08-07,57.810001,58.060001,56.990002,57.680000,54.637386,5038100
2014-08-08,57.939999,58.189999,57.500000,58.049999,54.987862,6190800
2014-08-11,57.939999,58.000000,56.939999,57.450001,54.419510,5034500
2014-08-12,57.330002,57.540001,56.939999,57.189999,54.173218,2633100
2014-08-13,57.230000,57.500000,56.759998,57.009998,54.002720,3488400
2014-08-14,57.250000,58.029999,57.099998,57.880001,54.826828,6003500
2014-08-15,57.680000,57.980000,57.040001,57.459999,54.428982,7159700
2014-08-18,64.000000,64.730003,62.299999,64.139999,60.756607,42445200
2014-08-19,64.489998,64.519997,63.509998,63.590000,60.235626,11558600
2014-08-20,63.389999,64.029999,63.110001,63.759998,60.396648,5830700
2014-08-21,63.020000,63.980000,62.799999,63.610001,60.254578,6540200
2014-08-22,63.590000,64.410004,63.480000,63.680000,60.320873,4594700
2014-08-25,64.000000,64.209999,63.540001,63.900002,60.529278,2588800
2014-08-26,63.830002,64.000000,63.389999,63.520000,60.169312,2683100
2014-08-27,63.860001,64.309998,63.549999,63.700001,60.339825,6215300
2014-08-28,63.660000,65.040001,63.389999,64.199997,60.813454,6081900
2014-08-29,64.300003,64.419998,63.410000,63.990002,60.614529,3665000
2014-09-02,64.500000,65.099998,64.209999,64.360001,60.965008,3899100
2014-09-03,64.379997,64.580002,64.080002,64.480003,61.078682,2254700
2014-09-04,64.120003,64.480003,64.040001,64.480003,61.078682,5648100
2014-09-05,63.250000,63.389999,62.310001,63.009998,59.686218,13103900
2014-09-08,63.040001,64.739998,62.599998,63.389999,60.046177,4873200
2014-09-09,63.259998,64.070000,62.970001,63.419998,60.074596,5494200
2014-09-10,63.580002,63.910000,63.259998,63.700001,60.339825,3793300
2014-09-11,63.540001,63.900002,63.459999,63.770000,60.406128,2325400
2014-09-12,64.050003,64.089996,63.700001,63.930000,60.557690,3984700
2014-09-15,63.930000,64.000000,63.459999,63.470001,60.121964,2588000
2014-09-16,63.439999,63.930000,63.360001,63.860001,60.491379,4455300
2014-09-17,63.799999,64.080002,63.549999,63.599998,60.245098,2990700
2014-09-18,63.669998,63.750000,62.340000,63.000000,59.676758,5863900
2014-09-19,63.330002,63.459999,62.660000,63.099998,59.771469,4543000
2014-09-22,62.820000,62.919998,61.849998,61.970001,58.701084,4110500
2014-09-23,61.869999,62.430000,61.529999,61.970001,58.701084,3354000
2014-09-24,61.860001,62.509998,61.830002,62.279999,58.994724,1837500
2014-09-25,62.090000,62.270000,61.200001,61.200001,57.971703,1937800
2014-09-26,61.439999,61.849998,61.209999,61.490002,58.246399,2215900
2014-09-29,61.180000,62.020000,61.150002,61.330002,58.094841,1333700
2014-09-30,61.119999,61.430000,60.779999,61.110001,57.886456,3255700
2014-10-01,61.230000,61.259998,59.950001,60.279999,57.100224,4873800
2014-10-02,59.889999,61.110001,59.889999,61.060001,57.839081,4012000
2014-10-03,61.549999,62.529999,61.290001,62.410000,59.117878,2641400
2014-10-06,62.549999,62.560001,61.730000,61.830002,58.568466,2591900
2014-10-07,61.599998,61.599998,61.009998,61.049999,57.829605,1637900
2014-10-08,61.200001,61.790001,61.009998,61.610001,58.360073,3906700
2014-10-09,61.500000,61.599998,60.389999,60.630001,57.431763,3511300
2014-10-10,60.799999,61.310001,59.910000,59.939999,56.778160,3478400
2014-10-13,59.910000,59.990002,58.410000,58.470001,55.385704,4507700
2014-10-14,58.740002,59.240002,58.299999,58.509998,55.423592,5381900
2014-10-15,57.660000,59.849998,57.090000,58.680000,55.584625,8710200
2014-10-16,57.980000,59.400002,57.599998,58.770000,55.669880,4920500
2014-10-17,59.450001,60.730000,59.090000,59.950001,56.787640,5670900
2014-10-20,60.020000,61.650002,60.009998,61.520000,58.274815,6231500
2014-10-21,61.799999,62.450001,61.619999,62.189999,58.909477,4435100
2014-10-22,62.290001,62.380001,61.130001,61.160000,57.933807,3247700
2014-10-23,61.689999,62.369999,61.570000,62.259998,58.975784,1862000
2014-10-24,62.110001,62.330002,61.520000,62.250000,58.966312,2587500
2014-10-27,62.389999,62.450001,61.730000,62.110001,58.833698,2046600
2014-10-28,62.389999,62.669998,61.779999,62.669998,59.364162,1808700
2014-10-29,62.570000,62.790001,61.599998,61.970001,58.701084,2169900
2014-10-30,61.900002,62.750000,61.820000,62.450001,59.155754,1889300
2014-10-31,63.110001,63.419998,62.419998,62.669998,59.364162,1964000
2014-11-03,62.880001,63.299999,62.500000,63.099998,59.771469,2650800
2014-11-04,62.849998,64.099998,62.849998,64.000000,60.623993,4212400
2014-11-05,64.250000,64.400002,63.250000,63.320000,59.979866,1680000
2014-11-06,63.520000,64.199997,63.230000,64.010002,60.633480,2121700
2014-11-07,63.880001,64.620003,63.660000,64.410004,61.012383,3323700
2014-11-10,64.269997,65.169998,64.239998,64.459999,61.059731,2485100
2014-11-11,64.500000,65.610001,64.339996,65.540001,62.082771,5502900
2014-11-12,65.430000,65.510002,64.260002,64.900002,61.476536,3157300
2014-11-13,65.300003,65.440002,64.629997,64.839996,61.419682,2084300
2014-11-14,65.019997,65.239998,64.389999,64.650002,61.239712,2221900
2014-11-17,64.650002,65.410004,64.599998,65.300003,61.855427,4826100
2014-11-18,65.160004,66.209999,65.010002,66.169998,62.679527,3577100
2014-11-19,64.790001,66.290001,62.619999,66.099998,62.613232,14828300
2014-11-20,66.410004,67.330002,66.099998,66.550003,63.039482,5672200
2014-11-21,67.349998,67.949997,66.930000,67.449997,63.892014,3891800
2014-11-24,67.739998,67.739998,66.629997,66.750000,63.228939,3286000
2014-11-25,66.989998,66.989998,65.379997,65.379997,61.931194,7026800
2014-11-26,65.690002,66.139999,65.660004,65.910004,62.433254,2480200
2014-11-28,66.550003,67.570000,66.410004,66.739998,63.219452,2323200
2014-12-01,66.959999,67.010002,66.279999,66.320000,62.821625,2824900
2014-12-02,66.980003,67.580002,66.750000,67.269997,63.721497,4423300
2014-12-03,67.519997,67.580002,66.550003,66.690002,63.172089,5157100
2014-12-04,65.510002,68.919998,65.410004,67.790001,64.214081,6979300
2014-12-05,67.989998,68.870003,67.830002,68.209999,64.611916,7467300
2014-12-08,68.209999,68.519997,67.879997,68.510002,64.896111,4288100
2014-12-09,67.889999,69.209999,67.790001,69.199997,65.549698,3570600
2014-12-10,69.339996,70.059998,68.559998,68.889999,65.256042,4970500
2014-12-11,69.250000,70.250000,68.970001,69.150002,65.502342,3342100
2014-12-12,68.930000,70.220001,68.800003,69.800003,66.118065,3658300
2014-12-15,70.260002,70.500000,69.379997,70.250000,66.544327,3746300
2014-12-16,69.779999,70.269997,67.750000,67.830002,64.251976,5958700
2014-12-17,68.260002,71.419998,68.029999,71.019997,67.273697,6664200
2014-12-18,71.750000,71.750000,70.599998,71.290001,67.529449,3270800
2014-12-19,71.300003,71.779999,67.940002,68.559998,64.943451,8640300
2014-12-22,68.550003,69.000000,67.699997,68.660004,65.038200,5245600
2014-12-23,69.059998,69.910004,68.989998,69.550003,65.881248,3331100
2014-12-24,69.699997,70.040001,69.430000,69.860001,66.174904,1158800
2014-12-26,69.879997,70.029999,69.370003,69.400002,65.739151,1024800
2014-12-29,69.519997,71.059998,69.489998,70.839996,67.103195,2221300
2014-12-30,70.800003,71.309998,70.629997,71.099998,67.349449,1708500
2014-12-31,71.209999,71.699997,70.650002,70.699997,66.970558,1647500
2015-01-02,70.699997,71.470001,70.599998,70.779999,67.046341,2717000
2015-01-05,70.500000,71.070000,70.010002,70.320000,66.610619,2508500
2015-01-06,70.480003,70.910004,69.150002,69.430000,65.767570,3640300
2015-01-07,70.019997,70.610001,69.599998,70.269997,66.563263,4239000
2015-01-08,70.000000,70.419998,68.760002,69.510002,65.843338,8738500
2015-01-09,69.650002,69.900002,68.059998,68.120003,64.526665,6671100
2015-01-12,67.769997,68.150002,65.320000,67.110001,63.569939,11344900
2015-01-13,67.790001,68.059998,66.849998,67.800003,64.223541,5957800
2015-01-14,67.040001,67.699997,66.400002,67.650002,64.081459,4987200
2015-01-15,66.099998,67.940002,65.650002,65.870003,62.395355,9808400
2015-01-16,65.709999,67.720001,65.320000,67.629997,64.062515,8606500
2015-01-20,67.750000,68.010002,67.099998,67.339996,63.787796,5085600
2015-01-21,67.239998,67.790001,66.820000,67.209999,63.664650,3854300
2015-01-22,67.120003,69.900002,66.910004,69.769997,66.089630,11936500
2015-01-23,70.099998,70.820000,69.480003,69.500000,65.833878,7592400
2015-01-26,68.599998,69.199997,68.120003,68.839996,65.208694,5423600
2015-01-27,68.040001,68.360001,67.610001,67.650002,64.081459,4546200
2015-01-28,68.360001,68.370003,66.980003,67.120003,63.579426,5054200
2015-01-29,67.669998,68.110001,66.769997,67.900002,64.318268,4148700
2015-01-30,67.400002,68.059998,66.930000,67.059998,63.522579,6425000
2015-02-02,67.139999,67.239998,65.860001,67.010002,63.475216,3380300
2015-02-03,67.489998,68.589996,67.269997,68.510002,64.896111,3365700
2015-02-04,68.540001,69.500000,68.120003,68.809998,65.180267,3905400
2015-02-05,68.870003,69.449997,68.400002,68.489998,64.877151,4462000
2015-02-06,68.849998,69.019997,67.800003,68.169998,64.574028,2789100
2015-02-09,67.790001,68.190002,67.449997,67.629997,64.062515,2529400
2015-02-10,67.879997,68.010002,67.279999,67.820000,64.242493,7474300
2015-02-11,67.800003,68.089996,67.629997,67.709999,64.138290,3539200
2015-02-12,67.870003,67.970001,67.440002,67.589996,64.024628,9888700
2015-02-13,67.769997,68.879997,67.620003,68.820000,65.189758,5141400
2015-02-17,69.540001,69.900002,69.309998,69.559998,65.890709,4540200
2015-02-18,69.629997,70.529999,69.389999,70.320000,66.610619,3339800
2015-02-19,70.330002,71.570000,70.279999,70.699997,66.970558,4349800
2015-02-20,70.709999,71.730003,70.300003,71.690002,67.908363,3507000
2015-02-23,72.269997,72.739998,71.099998,71.470001,67.699944,3113200
2015-02-24,71.320000,71.959999,71.019997,71.930000,68.135696,2360600
2015-02-25,72.199997,73.269997,72.199997,72.480003,68.656708,3240000
2015-02-26,72.320000,72.709999,71.930000,72.190002,68.381966,2563300
2015-02-27,72.070000,72.809998,72.070000,72.620003,68.789314,2359100
2015-03-02,72.620003,73.529999,72.620003,73.089996,69.234512,2624100
2015-03-03,72.830002,72.959999,70.959999,71.650002,67.870461,3776100
2015-03-04,71.570000,72.309998,71.320000,71.949997,68.154633,3285700
2015-03-05,72.199997,72.199997,71.589996,71.709999,67.927277,2648100
2015-03-06,71.419998,71.910004,71.120003,71.320000,67.557869,2212400
2015-03-09,71.290001,71.809998,71.010002,71.750000,67.965179,2263300
2015-03-10,71.279999,71.750000,70.879997,71.029999,67.283165,3384400
2015-03-11,71.059998,71.879997,70.980003,71.449997,67.680992,4325100
2015-03-12,74.000000,74.360001,72.510002,74.279999,70.361725,8983100
2015-03-13,74.400002,75.250000,73.820000,74.300003,70.380669,4954000
2015-03-16,74.540001,75.580002,74.419998,75.400002,71.422638,5080400
2015-03-17,74.940002,75.440002,74.660004,74.720001,70.778519,3682800
2015-03-18,74.940002,75.820000,74.500000,75.389999,71.413185,2660900
2015-03-19,75.400002,75.750000,74.870003,74.910004,70.958488,2666800
2015-03-20,75.330002,76.279999,75.010002,75.779999,71.782593,4648100
2015-03-23,75.790001,76.180000,75.449997,75.449997,71.469986,3219600
2015-03-24,75.250000,76.150002,75.199997,75.510002,71.526848,2056000
2015-03-25,75.360001,75.830002,74.169998,74.169998,70.257538,3025700
2015-03-26,73.809998,75.089996,73.370003,74.779999,70.835335,3950100
2015-03-27,74.769997,76.019997,74.570000,74.989998,71.034279,4185500
2015-03-30,75.580002,75.620003,74.680000,74.919998,70.967972,4259200
2015-03-31,74.910004,76.000000,74.870003,75.379997,71.403702,3289200
2015-04-01,75.089996,75.349998,74.099998,75.199997,71.233200,3408000
2015-04-02,75.480003,75.849998,75.080002,75.559998,71.574188,2739000
2015-04-06,75.099998,75.839996,74.849998,75.320000,71.555199,2714000
2015-04-07,75.279999,75.629997,73.900002,73.940002,70.244186,3620000
2015-04-08,74.320000,76.330002,74.320000,76.080002,72.277229,5450100
2015-04-09,76.389999,76.389999,74.989998,75.669998,71.887703,2304000
2015-04-10,75.919998,76.339996,75.680000,76.070000,72.267731,2485300
2015-04-13,75.989998,76.269997,75.080002,75.160004,71.403214,3371600
2015-04-14,75.050003,75.519997,74.500000,75.290001,71.526703,2019400
2015-04-15,75.320000,75.610001,74.379997,74.510002,70.785698,2483500
2015-04-16,74.580002,75.750000,74.540001,75.440002,71.669212,2780800
2015-04-17,75.000000,75.250000,74.180000,74.419998,70.700180,4621800
2015-04-20,74.620003,75.290001,74.570000,75.279999,71.517197,2741100
2015-04-21,75.699997,76.160004,75.480003,76.010002,72.210716,3390700
2015-04-22,76.339996,76.339996,75.510002,75.830002,72.039711,3432200
2015-04-23,75.550003,76.419998,75.550003,76.250000,72.438713,2524700
2015-04-24,76.660004,76.930000,75.830002,76.610001,72.780724,2251100
2015-04-27,76.989998,76.989998,75.889999,76.199997,72.391212,3699300
2015-04-28,75.970001,76.110001,75.010002,75.330002,71.564705,3935800
2015-04-29,75.250000,75.269997,72.889999,73.849998,70.158684,5612100
2015-04-30,73.699997,73.760002,72.449997,72.709999,69.075668,2990200
2015-05-01,73.070000,73.589996,72.690002,73.470001,69.797676,2422400
2015-05-04,73.529999,74.029999,73.349998,73.900002,70.206177,1578300
2015-05-05,73.910004,73.959999,73.050003,73.320000,69.655174,2702800
2015-05-06,73.300003,74.050003,72.699997,73.519997,69.845177,4604900
2015-05-07,73.400002,74.559998,73.400002,74.239998,70.529182,3665200
2015-05-08,74.839996,75.360001,74.669998,74.849998,71.108704,2471300
2015-05-11,74.870003,75.239998,74.730003,74.839996,71.099197,2526200
2015-05-12,74.540001,75.000000,74.120003,74.800003,71.061188,3085900
2015-05-13,74.750000,74.820000,73.580002,73.739998,70.054176,3077100
2015-05-14,73.980003,74.230003,73.180000,73.459999,69.788170,3132900
2015-05-15,73.610001,74.739998,73.610001,74.709999,70.975700,1796400
2015-05-18,74.860001,74.959999,74.110001,74.489998,70.766670,2172600
2015-05-19,74.959999,74.959999,73.709999,73.830002,70.139687,3603800
2015-05-20,74.089996,74.089996,72.830002,72.879997,69.237160,4146300
2015-05-21,72.150002,73.849998,71.440002,73.290001,69.626663,4510900
2015-05-22,73.410004,73.849998,73.239998,73.559998,69.883171,1898500
2015-05-26,74.430000,74.699997,72.790001,72.949997,69.303680,2532300
2015-05-27,73.010002,73.370003,72.860001,72.940002,69.294174,1965000
2015-05-28,73.029999,73.430000,72.900002,73.110001,69.455666,2681000
2015-05-29,73.000000,73.220001,72.519997,72.589996,68.961655,3154100
2015-06-01,72.739998,72.980003,72.190002,72.809998,69.170654,3403300
2015-06-02,76.370003,76.500000,74.470001,74.980003,71.232193,6349000
2015-06-03,75.279999,76.489998,75.050003,76.000000,72.201218,2937800
2015-06-04,75.529999,76.400002,75.349998,75.550003,71.773720,1811400
2015-06-05,75.519997,76.010002,75.239998,75.500000,71.726227,2591100
2015-06-08,75.629997,76.070000,75.290001,75.339996,71.574188,2613400
2015-06-09,76.459999,76.459999,75.290001,75.919998,72.125206,2636300
2015-06-10,76.459999,77.330002,76.000000,77.209999,73.350731,2728700
2015-06-11,77.330002,78.070000,77.320000,77.930000,74.034760,2813800
2015-06-12,77.709999,78.239998,77.540001,77.809998,73.920746,2158800
2015-06-15,77.239998,77.660004,76.879997,77.290001,73.634941,3148300
2015-06-16,77.080002,77.800003,76.989998,77.760002,74.082703,1834500
2015-06-17,77.949997,78.169998,77.379997,77.800003,74.120811,2012600
2015-06-18,77.870003,78.500000,77.760002,78.320000,74.616219,2506700
2015-06-19,78.370003,78.690002,78.099998,78.419998,74.711502,3415900
2015-06-22,78.849998,78.860001,78.339996,78.620003,74.902031,1837700
2015-06-23,78.820000,78.930000,78.129997,78.410004,74.701965,2499100
2015-06-24,78.500000,78.750000,78.320000,78.379997,74.673386,1479900
2015-06-25,78.400002,78.720001,78.300003,78.709999,74.987778,1686400
2015-06-26,78.919998,79.599998,78.629997,79.550003,75.788071,3190000
2015-06-29,79.029999,79.290001,77.800003,77.879997,74.197029,3395400
2015-06-30,78.459999,78.559998,77.540001,77.739998,74.063652,1962600
2015-07-01,78.150002,78.690002,77.809998,78.680000,74.959206,1733700
2015-07-02,78.919998,79.099998,78.550003,78.860001,75.130684,1459900
2015-07-06,78.379997,79.029999,78.040001,78.790001,75.063988,2458200
2015-07-07,79.000000,79.480003,78.260002,79.349998,75.597511,2534700
2015-07-08,78.910004,79.139999,78.230003,78.410004,74.701965,1778200
2015-07-09,79.120003,79.440002,78.110001,78.190002,74.492393,2009400
2015-07-10,79.099998,79.820000,78.599998,79.470001,75.711853,2547000
2015-07-13,79.959999,80.349998,79.839996,80.180000,76.388275,1893900
2015-07-14,80.209999,80.339996,79.470001,79.559998,75.797607,1988900
2015-07-15,79.529999,79.809998,79.150002,79.459999,75.702301,3562400
2015-07-16,79.879997,80.870003,79.580002,80.279999,76.483513,2639900
2015-07-17,80.050003,80.580002,79.910004,80.440002,76.635979,1972300
2015-07-20,80.559998,81.419998,80.430000,81.180000,77.340981,2137000
2015-07-21,81.129997,81.129997,79.889999,80.169998,76.378738,2019400
2015-07-22,80.010002,80.650002,79.790001,80.410004,76.607391,1662700
2015-07-23,80.629997,81.139999,79.599998,79.820000,76.045288,2377100
2015-07-24,79.889999,80.209999,79.330002,79.410004,75.654694,1481000
2015-07-27,79.290001,79.470001,78.470001,78.889999,75.159264,1291500
2015-07-28,79.309998,79.480003,78.160004,78.699997,74.978256,2311700
2015-07-29,78.889999,79.260002,78.660004,79.070000,75.330757,1542900
2015-07-30,79.010002,80.239998,78.930000,80.110001,76.321571,1407700
2015-07-31,80.480003,80.800003,79.839996,80.370003,76.569275,1297900
2015-08-03,80.370003,80.519997,79.599998,79.930000,76.150093,1184600
2015-08-04,79.919998,80.559998,79.660004,80.010002,76.226311,1117000
2015-08-05,80.599998,80.900002,80.239998,80.680000,76.864639,1044000
2015-08-06,80.750000,80.900002,79.050003,79.239998,75.492722,2551000
2015-08-07,79.239998,79.239998,77.599998,78.370003,74.663849,2574800
2015-08-10,78.919998,79.139999,78.339996,78.760002,75.035423,2070500
2015-08-11,78.449997,78.879997,78.010002,78.709999,74.987778,2671800
2015-08-12,78.290001,78.370003,76.400002,78.239998,74.540001,2955900
2015-08-13,78.250000,79.529999,78.139999,79.190002,75.445084,2182900
2015-08-14,79.440002,79.620003,78.739998,79.230003,75.483185,1971700
2015-08-17,78.910004,79.440002,78.629997,79.400002,75.645149,1194300
2015-08-18,79.550003,80.709999,79.500000,80.089996,76.302505,2380500
2015-08-19,80.010002,80.980003,79.830002,80.480003,76.674065,3335900
2015-08-20,79.669998,81.150002,79.529999,80.220001,76.426384,3372700
2015-08-21,79.720001,79.720001,76.910004,76.970001,73.330063,4651300
2015-08-24,70.779999,74.669998,70.349998,74.669998,71.138817,4652900
2015-08-25,76.059998,76.440002,73.709999,73.730003,70.243286,2687500
2015-08-26,75.410004,76.800003,73.930000,76.709999,73.082359,4504200
2015-08-27,75.000000,76.519997,71.989998,74.269997,70.757751,13792300
2015-08-28,74.480003,74.889999,73.690002,74.839996,71.300789,4538600
2015-08-31,74.699997,75.050003,74.269997,74.489998,70.967331,4614300
2015-09-01,73.050003,73.389999,71.400002,71.820000,68.423599,5474800
2015-09-02,72.589996,73.169998,71.300003,72.250000,68.833275,4329000
2015-09-03,72.400002,72.980003,71.800003,72.160004,68.747536,3531600
2015-09-04,71.660004,73.010002,71.589996,72.559998,69.128616,4474500
2015-09-08,73.519997,73.550003,71.800003,73.050003,69.595436,3466000
2015-09-09,73.500000,73.580002,71.870003,71.980003,68.576035,1904300
2015-09-10,71.339996,71.510002,69.769997,69.900002,66.594414,5296000
2015-09-11,69.930000,70.779999,69.849998,70.360001,67.032654,3820900
2015-09-14,70.000000,70.150002,68.760002,69.099998,66.038727,3636600
2015-09-15,69.019997,70.419998,68.449997,70.059998,66.956200,4065600
2015-09-16,69.970001,71.169998,69.820000,71.010002,67.864120,3392400
2015-09-17,71.230003,72.480003,70.919998,71.389999,68.227280,4521500
2015-09-18,70.449997,71.099998,70.089996,70.220001,67.109108,4348900
2015-09-21,70.500000,71.500000,70.440002,70.849998,67.711205,2006600
2015-09-22,70.230003,71.269997,70.120003,71.190002,68.036140,2951800
2015-09-23,71.160004,72.070000,70.919998,71.750000,68.571335,2751300
2015-09-24,71.160004,72.459999,71.050003,72.339996,69.135185,4618800
2015-09-25,73.040001,73.300003,71.480003,71.800003,68.619102,3086100
2015-09-28,71.820000,72.050003,69.809998,70.459999,67.338486,3097700
2015-09-29,70.389999,70.669998,69.779999,70.330002,67.214226,3586400
2015-09-30,71.169998,72.589996,71.040001,72.440002,69.230766,4210500
2015-10-01,72.440002,72.500000,70.580002,71.440002,68.275063,2850100
2015-10-02,70.879997,71.320000,69.809998,71.320000,68.160378,2303600
2015-10-05,71.779999,71.980003,70.830002,71.150002,67.997894,2526000
2015-10-06,70.790001,71.089996,68.059998,68.720001,65.675575,5894800
2015-10-07,68.970001,69.000000,66.419998,67.449997,64.461830,9147500
2015-10-08,67.529999,67.580002,65.519997,66.199997,63.267208,10291700
2015-10-09,66.190002,67.589996,66.089996,67.230003,64.251587,4398500
2015-10-12,67.230003,68.580002,67.230003,68.519997,65.484428,3530100
2015-10-13,68.459999,68.760002,67.820000,67.970001,64.958801,3262900
2015-10-14,67.790001,68.680000,65.029999,65.110001,62.225498,7069200
2015-10-15,65.349998,66.599998,64.660004,66.389999,63.448795,5606900
2015-10-16,66.849998,67.250000,66.440002,67.150002,64.175117,2492700
2015-10-19,67.040001,67.550003,66.860001,67.080002,64.108223,2500100
2015-10-20,66.690002,67.209999,66.690002,67.029999,64.060440,2271100
2015-10-21,67.589996,68.489998,67.290001,67.550003,64.557404,2599500
2015-10-22,67.820000,68.000000,66.910004,66.949997,63.983986,5522300
2015-10-23,67.550003,67.580002,65.239998,65.750000,62.837147,4864700
2015-10-26,65.940002,66.230003,65.769997,65.959999,63.037849,3673100
2015-10-27,65.900002,66.110001,64.830002,65.339996,62.445297,5183400
2015-10-28,65.559998,67.550003,65.300003,67.480003,64.490509,5319300
2015-10-29,67.010002,67.379997,66.709999,67.290001,64.308914,3309800
2015-10-30,67.110001,68.339996,67.070000,67.769997,64.767654,4979800
2015-11-02,67.800003,68.940002,66.989998,68.739998,65.694664,3509100
2015-11-03,68.739998,68.970001,68.099998,68.540001,65.503532,6757800
2015-11-04,68.690002,68.879997,67.610001,67.779999,64.777206,3692600
2015-11-05,67.910004,68.230003,66.750000,68.230003,65.207275,5738600
2015-11-06,68.059998,68.519997,67.230003,67.820000,64.815430,2393400
2015-11-09,67.660004,67.779999,66.480003,66.970001,64.003098,2706100
2015-11-10,66.300003,66.519997,65.339996,66.040001,63.114296,4667800
2015-11-11,65.739998,65.820000,62.619999,62.650002,59.874474,7762700
2015-11-12,62.930000,63.779999,62.750000,63.349998,60.543468,4465800
2015-11-13,61.689999,62.080002,59.750000,60.020000,57.360992,8078200
2015-11-16,60.330002,61.250000,59.750000,61.040001,58.335808,4461700
2015-11-17,61.770000,63.410000,61.560001,62.770000,59.989159,5802900
2015-11-18,62.590000,63.270000,62.080002,63.150002,60.352325,4187400
2015-11-19,63.360001,63.549999,62.400002,62.610001,59.836254,2646000
2015-11-20,63.750000,64.529999,63.450001,64.059998,61.222012,4089800
2015-11-23,64.029999,64.459999,63.459999,64.309998,61.460926,4135800
2015-11-24,63.529999,66.510002,63.529999,65.599998,62.693779,5868900
2015-11-25,65.500000,65.769997,64.870003,65.169998,62.282837,3140000
2015-11-27,65.070000,65.300003,64.709999,65.010002,62.129932,2040900
2015-11-30,65.000000,65.480003,64.099998,65.410004,62.512211,4718100
2015-12-01,65.529999,66.120003,65.169998,65.720001,62.808464,4096600
2015-12-02,65.800003,66.040001,65.110001,65.349998,62.454861,3849200
2015-12-03,66.800003,68.410004,66.269997,68.120003,65.102165,9586800
2015-12-04,68.190002,69.190002,66.900002,69.120003,66.057846,6281300
2015-12-07,68.769997,69.879997,68.199997,69.599998,66.516579,4831200
2015-12-08,69.349998,71.529999,69.080002,71.209999,68.055260,5317000
2015-12-09,70.580002,72.209999,70.500000,71.000000,67.854546,4688800
2015-12-10,71.220001,71.519997,70.860001,71.139999,67.988342,3329200
2015-12-11,70.540001,70.720001,69.769997,70.349998,67.233345,2360500
2015-12-14,70.309998,71.599998,70.139999,71.010002,67.864120,3308100
2015-12-15,71.500000,72.199997,70.910004,70.959999,67.816345,3340900
2015-12-16,70.959999,72.019997,70.089996,71.830002,68.647781,3837900
2015-12-17,71.889999,72.019997,71.040001,71.540001,68.370628,3099600
2015-12-18,71.150002,71.790001,70.300003,71.540001,68.370628,4768800
2015-12-21,71.110001,71.739998,71.089996,71.559998,68.600700,2283900
2015-12-22,71.500000,72.320000,71.239998,72.059998,69.080032,1756400
2015-12-23,72.449997,72.790001,71.940002,72.120003,69.137558,2036400
2015-12-24,72.180000,72.410004,71.900002,72.220001,69.233429,719700
2015-12-28,71.809998,72.250000,71.559998,71.989998,69.012909,1120300
2015-12-29,72.279999,72.910004,72.070000,72.690002,69.683990,1645000
2015-12-30,72.650002,73.000000,72.099998,72.099998,69.118362,1209000
2015-12-31,72.040001,72.220001,71.760002,71.870003,68.897903,1216200
2016-01-04,70.930000,72.440002,70.440002,72.410004,69.415558,3588300
2016-01-05,72.500000,73.160004,72.080002,72.830002,69.818184,3426200
2016-01-06,72.029999,73.070000,71.830002,72.709999,69.703156,3239300
2016-01-07,72.449997,73.089996,71.320000,71.839996,68.869125,3614200
2016-01-08,72.010002,72.379997,71.339996,71.459999,68.504852,2651900
2016-01-11,71.349998,71.669998,69.199997,69.639999,66.760101,5179600
2016-01-12,70.000000,70.900002,69.739998,70.730003,67.805031,3032200
2016-01-13,70.820000,70.820000,68.349998,68.480003,65.648087,3501000
2016-01-14,69.070000,69.650002,67.589996,68.389999,65.561798,4377600
2016-01-15,67.169998,69.300003,67.139999,68.879997,66.031525,4341100
2016-01-19,69.540001,70.800003,69.080002,70.339996,67.431152,4116700
2016-01-20,69.540001,70.620003,68.650002,70.230003,67.325699,5348800
2016-01-21,70.419998,71.949997,70.300003,70.809998,67.881714,3035500
2016-01-22,71.379997,72.489998,71.089996,71.860001,68.888298,2922800
2016-01-25,72.000000,72.800003,71.720001,72.180000,69.195076,2404200
2016-01-26,72.540001,73.870003,72.290001,73.690002,70.642639,2979200
2016-01-27,73.529999,74.769997,73.480003,74.040001,70.978142,3747300
2016-01-28,74.250000,74.260002,73.260002,73.400002,70.364624,2843100
2016-01-29,73.690002,75.139999,73.510002,75.059998,71.955971,3109900
2016-02-01,74.860001,76.489998,74.050003,76.349998,73.192612,3336000
2016-02-02,76.260002,76.750000,75.500000,76.339996,73.183029,3283400
2016-02-03,76.400002,76.419998,74.320000,75.099998,71.994308,3065000
2016-02-04,74.349998,75.139999,72.430000,72.860001,69.846954,3770500
2016-02-05,72.849998,73.209999,71.580002,71.660004,68.696564,2772600
2016-02-08,71.260002,71.309998,68.879997,69.709999,66.827217,3933200
2016-02-09,68.860001,70.209999,68.180000,69.519997,66.645065,3923300
2016-02-10,69.779999,70.589996,69.489998,69.669998,66.788864,2552200
2016-02-11,68.900002,69.459999,67.900002,68.750000,65.906906,2351800
2016-02-12,68.809998,70.610001,68.739998,70.459999,67.546196,2212800
2016-02-16,72.870003,75.540001,72.059998,73.040001,70.019501,3097000
2016-02-17,73.669998,74.540001,73.500000,74.269997,71.198639,2629900
2016-02-18,72.580002,73.489998,71.489998,72.599998,69.597694,4255300
2016-02-19,72.199997,72.489998,70.660004,72.000000,69.022514,3252900
2016-02-22,72.339996,73.320000,71.980003,72.779999,69.770256,2686800
2016-02-23,73.389999,74.580002,73.010002,74.110001,71.045258,2979200
2016-02-24,73.879997,75.160004,73.360001,75.080002,71.975151,2502800
2016-02-25,75.570000,76.279999,74.639999,76.269997,73.115929,2003400
2016-02-26,76.139999,76.400002,75.639999,76.019997,72.876266,1910700
2016-02-29,75.639999,76.169998,74.239998,74.250000,71.179474,3491200
2016-03-01,74.540001,75.860001,72.580002,75.550003,72.425705,3425500
2016-03-02,75.089996,75.470001,74.120003,74.790001,71.697136,3764900
2016-03-03,74.269997,75.080002,73.900002,75.019997,71.917625,2112200
2016-03-04,74.830002,75.529999,73.980003,74.879997,71.783409,2594700
2016-03-07,74.120003,74.930000,73.690002,74.580002,71.495819,1919600
2016-03-08,74.160004,75.559998,74.110001,74.239998,71.169868,2018800
2016-03-09,74.680000,75.330002,74.379997,75.209999,72.099762,3018400
2016-03-10,79.730003,83.279999,79.500000,83.230003,79.788109,10642700
2016-03-11,83.959999,85.050003,83.760002,85.010002,81.494507,5596100
2016-03-14,85.150002,85.879997,84.639999,85.809998,82.261429,3308700
2016-03-15,85.370003,86.800003,84.870003,85.040001,81.523262,3356600
2016-03-16,85.029999,85.029999,83.360001,84.669998,81.168571,3238400
2016-03-17,84.610001,84.889999,83.680000,84.139999,80.660477,3246500
2016-03-18,84.250000,84.830002,83.500000,84.040001,80.564613,4377200
2016-03-21,84.010002,85.290001,84.010002,84.620003,81.120644,2054200
2016-03-22,84.550003,85.180000,83.800003,83.900002,80.430397,2401000
2016-03-23,83.930000,85.050003,83.699997,84.510002,81.015175,2407100
2016-03-24,84.199997,84.529999,83.660004,83.949997,80.717117,2704100
2016-03-28,84.180000,86.459999,84.129997,86.080002,82.765099,4162800
2016-03-29,85.760002,86.599998,85.389999,86.180000,82.861244,3142700
2016-03-30,86.000000,86.709999,85.500000,86.139999,82.822769,2645400
2016-03-31,86.129997,86.470001,85.290001,85.599998,82.303566,2594600
2016-04-01,85.550003,87.419998,85.400002,87.309998,83.947716,2953600
2016-04-04,87.209999,87.309998,85.800003,86.169998,82.851608,2311600
2016-04-05,85.750000,85.750000,84.449997,84.660004,81.399773,3434300
2016-04-06,84.269997,84.830002,83.620003,84.599998,81.342087,2213900
2016-04-07,84.059998,84.669998,83.269997,83.720001,80.495956,1762000
2016-04-08,83.949997,83.949997,82.029999,82.309998,79.140259,2530300
2016-04-11,82.440002,83.669998,82.230003,82.269997,79.101814,2539200
2016-04-12,82.629997,83.790001,81.760002,83.349998,80.140205,2163000
2016-04-13,83.459999,83.769997,82.720001,83.290001,80.082542,2359300
2016-04-14,83.209999,83.449997,82.580002,82.709999,79.524857,2145200
2016-04-15,82.489998,83.260002,82.040001,82.800003,79.611382,2906900
2016-04-18,83.019997,83.910004,82.500000,83.739998,80.515205,1519400
2016-04-19,83.860001,84.050003,83.000000,83.489998,80.274826,1241100
2016-04-20,83.489998,83.489998,81.900002,82.540001,79.361420,2521200
2016-04-21,82.959999,84.169998,82.320000,82.970001,79.774872,2068600
2016-04-22,82.620003,83.129997,80.059998,81.440002,78.303780,4611300
2016-04-25,81.650002,82.040001,81.360001,82.000000,78.842201,2201200
2016-04-26,82.059998,82.730003,81.919998,82.300003,79.130638,2072000
2016-04-27,82.440002,82.940002,81.900002,82.690002,79.505623,1584600
2016-04-28,82.629997,82.650002,80.760002,80.959999,77.842255,2297400
2016-04-29,80.849998,82.029999,79.889999,81.910004,78.755676,3533200
2016-05-02,82.059998,82.769997,81.790001,82.500000,79.322937,2321600
2016-05-03,82.120003,83.730003,81.839996,82.930000,79.736389,1727400
2016-05-04,83.239998,84.139999,81.050003,84.000000,80.765182,2350900
2016-05-05,83.940002,84.000000,82.459999,82.620003,79.438324,2405400
2016-05-06,82.620003,83.459999,81.699997,83.269997,80.063293,2292400
2016-05-09,83.550003,85.269997,83.459999,85.080002,81.803604,2892900
2016-05-10,84.930000,85.070000,83.889999,84.320000,81.072861,2424800
2016-05-11,82.940002,83.400002,81.860001,83.099998,79.899841,2575000
2016-05-12,83.050003,84.199997,82.690002,83.690002,80.467125,1491000
2016-05-13,83.330002,83.589996,81.419998,81.540001,78.399925,2524400
2016-05-16,81.870003,83.410004,81.129997,82.879997,79.688324,2296000
2016-05-17,82.459999,82.599998,80.779999,81.169998,78.044182,3103900
2016-05-18,79.930000,80.540001,78.910004,79.709999,76.640388,3903300
2016-05-19,80.599998,82.279999,80.599998,82.000000,78.842201,2440900
2016-05-20,82.220001,82.239998,81.040001,81.620003,78.476852,2137300
2016-05-23,81.669998,82.160004,81.180000,81.220001,78.092239,2193200
2016-05-24,81.309998,83.809998,81.190002,83.419998,80.207520,3579100
2016-05-25,83.300003,84.739998,82.379997,84.129997,80.890167,4485700
2016-05-26,87.599998,88.980003,85.379997,88.010002,84.620781,6315200
2016-05-27,88.889999,90.059998,88.440002,89.879997,86.418755,3508500
2016-05-31,90.570000,90.930000,88.239998,89.900002,86.437981,4498200
2016-06-01,89.900002,90.910004,89.410004,90.739998,87.245636,2963700
2016-06-02,90.809998,91.559998,90.320000,90.900002,87.399475,2910800
2016-06-03,90.449997,92.000000,90.330002,91.800003,88.264816,2032000
2016-06-06,91.750000,91.930000,90.250000,90.870003,87.370628,2639600
2016-06-07,90.849998,91.309998,90.370003,90.559998,87.072556,2365300
2016-06-08,90.559998,91.000000,90.080002,90.879997,87.380257,2325400
2016-06-09,90.870003,91.940002,90.599998,91.690002,88.159042,2023700
2016-06-10,91.529999,91.610001,90.970001,91.440002,87.918678,2172800
2016-06-13,91.139999,91.949997,90.610001,90.739998,87.484802,2077900
2016-06-14,90.379997,90.919998,90.080002,90.580002,87.330551,1912700
2016-06-15,90.250000,91.260002,90.150002,90.480003,87.234146,2760200
2016-06-16,90.339996,91.000000,90.239998,90.809998,87.552315,2245500
2016-06-17,90.860001,90.970001,89.279999,90.050003,86.819565,7068500
2016-06-20,90.820000,91.519997,90.629997,90.980003,87.716209,1902500
2016-06-21,91.169998,92.209999,91.029999,91.459999,88.178986,2510500
2016-06-22,91.820000,92.330002,91.510002,91.940002,88.641762,1620300
2016-06-23,92.320000,92.389999,91.440002,91.680000,88.391098,1789200
2016-06-24,90.320000,93.209999,90.269997,92.129997,88.824959,3011600
2016-06-27,91.720001,93.779999,91.419998,93.510002,90.155457,4076900
2016-06-28,94.000000,94.269997,91.919998,92.900002,89.567322,2655600
2016-06-29,93.330002,94.050003,93.050003,93.800003,90.435051,1897300
2016-06-30,94.080002,94.160004,93.250000,94.000000,90.627869,3181700
2016-07-01,94.110001,94.239998,93.050003,93.480003,90.126534,2192800
2016-07-05,93.449997,93.989998,93.010002,93.599998,90.242210,1801500
2016-07-06,93.669998,94.680000,93.669998,94.510002,91.119568,1940800
2016-07-07,94.099998,94.449997,93.449997,93.779999,90.415764,1494800
2016-07-08,94.139999,94.480003,93.669998,94.320000,90.936378,1660500
2016-07-11,94.730003,94.849998,94.230003,94.239998,90.859245,2104200
2016-07-12,94.209999,94.709999,92.570000,93.040001,89.702309,3137500
2016-07-13,93.050003,93.449997,92.209999,92.430000,89.114197,2174900
2016-07-14,93.349998,93.349998,92.410004,92.629997,89.307014,1570900
2016-07-15,92.900002,92.900002,91.650002,91.709999,88.420013,1909700
2016-07-18,92.190002,93.570000,92.099998,92.820000,89.490181,2370100
2016-07-19,93.029999,93.830002,93.000000,93.150002,89.808365,2097200
2016-07-20,93.500000,93.989998,93.220001,93.820000,90.454315,1684700
2016-07-21,93.680000,94.139999,93.290001,94.040001,90.666428,2317400
2016-07-22,93.989998,95.250000,93.989998,95.150002,91.736618,1498500
2016-07-25,95.320000,96.250000,95.000000,95.980003,92.536850,2505000
2016-07-26,96.139999,96.750000,96.040001,96.709999,93.240654,3263000
2016-07-27,96.720001,96.879997,95.019997,95.070000,91.659492,3577900
2016-07-28,94.820000,95.320000,94.019997,95.070000,91.659492,1869000
2016-07-29,95.110001,95.339996,94.459999,94.739998,91.341316,1684500
2016-08-01,93.849998,94.550003,93.440002,94.059998,90.685707,2083000
2016-08-02,93.980003,94.239998,92.820000,93.160004,89.818001,2008500
2016-08-03,92.580002,93.949997,92.129997,93.769997,90.406105,1570700
2016-08-04,93.849998,94.230003,92.900002,93.120003,89.779434,1409300
2016-08-05,93.410004,94.620003,93.279999,94.370003,90.984596,1551100
2016-08-08,94.320000,94.320000,92.779999,92.989998,89.654091,1311100
2016-08-09,92.760002,92.760002,91.830002,92.040001,88.738174,2296800
2016-08-10,92.440002,93.489998,92.279999,93.019997,89.683029,2533800
2016-08-11,94.080002,94.750000,92.260002,92.720001,89.393791,2463200
2016-08-12,92.690002,93.110001,92.309998,92.910004,89.576973,1629000
2016-08-15,92.199997,92.650002,91.750000,92.129997,88.824959,2455200
2016-08-16,91.760002,92.099998,89.059998,89.489998,86.279663,4371500
2016-08-17,88.680000,91.309998,88.070000,90.919998,87.658348,4556800
2016-08-18,91.250000,92.040001,90.629997,91.690002,88.400742,2397200
2016-08-19,91.599998,91.870003,90.419998,90.849998,87.590851,2073500
2016-08-22,91.120003,91.379997,90.239998,90.800003,87.542664,2580800
2016-08-23,91.129997,91.680000,90.900002,91.489998,88.207909,2038300
2016-08-24,91.599998,92.010002,91.400002,91.790001,88.497154,3004900
2016-08-25,81.589996,82.279999,75.129997,75.610001,72.897591,29850400
2016-08-26,75.239998,77.360001,75.199997,75.500000,72.791527,11792200
2016-08-29,75.779999,77.790001,75.480003,77.489998,74.710129,8034100
2016-08-30,77.190002,77.449997,75.400002,75.650002,72.936165,5509000
2016-08-31,75.169998,75.250000,73.190002,73.410004,70.776512,9670000
2016-09-01,73.889999,74.389999,73.070000,73.779999,71.133240,5608000
2016-09-02,73.809998,74.349998,72.870003,73.320000,70.689751,4301200
2016-09-06,73.019997,73.500000,71.930000,72.000000,69.417091,7066000
2016-09-07,71.959999,72.330002,70.870003,71.750000,69.176056,7301300
2016-09-08,71.239998,71.599998,70.440002,70.669998,68.134804,5009600
2016-09-09,70.440002,71.300003,70.099998,70.580002,68.048035,5818700
2016-09-12,70.489998,71.919998,70.059998,71.769997,69.441292,5023600
2016-09-13,71.570000,71.709999,70.050003,70.379997,68.096405,4145800
2016-09-14,70.419998,71.669998,70.250000,71.510002,69.189743,5729800
2016-09-15,71.500000,72.610001,71.089996,72.529999,70.176643,4934100
2016-09-16,71.889999,72.360001,71.110001,71.910004,69.576759,9022600
2016-09-19,71.919998,72.470001,71.519997,71.830002,69.499359,4095400
2016-09-20,71.930000,72.309998,71.290001,71.720001,69.392929,2792700
2016-09-21,71.620003,72.260002,71.400002,72.180000,69.838005,3098500
2016-09-22,72.389999,72.800003,71.589996,71.889999,69.557404,4682900
2016-09-23,71.269997,72.500000,71.260002,72.089996,69.750923,2711800
2016-09-26,71.629997,72.000000,71.500000,71.690002,69.363914,2461600
2016-09-27,71.839996,72.360001,71.290001,71.599998,69.276825,2416500
2016-09-28,71.330002,71.339996,70.389999,70.500000,68.212517,3430800
2016-09-29,70.260002,70.349998,69.160004,69.320000,67.070808,4832200
2016-09-30,69.580002,70.470001,68.769997,69.989998,67.719063,4880800
2016-10-03,69.269997,69.860001,68.400002,69.699997,67.438461,5168500
2016-10-04,68.599998,69.279999,67.949997,68.050003,65.842018,5178100
2016-10-05,68.000000,68.330002,66.500000,66.970001,64.797050,4304800
2016-10-06,67.000000,69.110001,66.879997,69.050003,66.809570,4248000
2016-10-07,69.279999,69.860001,69.070000,69.660004,67.399765,3844300
2016-10-10,69.709999,70.000000,68.900002,69.410004,67.157867,2914500
2016-10-11,69.430000,69.449997,68.209999,68.699997,66.470917,3161600
2016-10-12,68.830002,69.379997,68.599998,69.059998,66.819237,2210000
2016-10-13,68.949997,69.739998,68.489998,69.349998,67.099823,2402700
2016-10-14,69.250000,69.489998,68.930000,68.980003,66.741844,1761700
2016-10-17,69.320000,69.540001,68.279999,68.489998,66.267715,2489900
2016-10-18,68.889999,69.070000,68.580002,68.690002,66.461258,1314700
2016-10-19,68.800003,69.000000,68.349998,68.699997,66.470917,1546700
2016-10-20,68.879997,68.879997,67.849998,67.980003,65.774269,2497600
2016-10-21,67.680000,68.230003,67.089996,67.930000,65.725899,2588800
2016-10-24,68.279999,68.839996,68.010002,68.269997,66.054863,1888100
2016-10-25,68.089996,68.360001,67.919998,68.169998,65.958099,1772100
2016-10-26,68.410004,68.760002,68.040001,68.269997,66.054863,1533900
2016-10-27,68.470001,68.639999,67.410004,67.449997,65.261475,2503700
2016-10-28,67.570000,68.660004,67.440002,68.339996,66.122604,2089700
2016-10-31,68.410004,69.220001,68.339996,69.089996,66.848251,2876200
2016-11-01,69.040001,69.290001,68.650002,69.050003,66.809570,2738300
2016-11-02,68.849998,69.790001,68.849998,69.599998,67.341728,2647900
2016-11-03,69.790001,69.910004,68.360001,68.529999,66.306450,2979500
2016-11-04,68.570000,69.150002,68.040001,68.529999,66.306450,2350400
2016-11-07,69.129997,70.010002,69.000000,69.769997,67.506210,2142500
2016-11-08,69.830002,70.080002,68.919998,69.720001,67.457825,1978000
2016-11-09,68.639999,71.510002,68.379997,71.500000,69.180061,3273600
2016-11-10,71.750000,74.599998,71.730003,74.379997,71.966614,6958600
2016-11-11,74.400002,75.449997,73.889999,74.699997,72.276237,4009400
2016-11-14,75.000000,76.900002,74.980003,76.660004,74.172646,4564100
2016-11-15,76.589996,77.099998,75.750000,76.849998,74.356483,4336900
2016-11-16,77.709999,77.750000,76.480003,76.639999,74.153297,2850500
2016-11-17,76.489998,76.989998,75.940002,76.910004,74.414528,3201100
2016-11-18,76.790001,77.110001,76.180000,76.870003,74.375824,3002700
2016-11-21,76.500000,76.860001,76.029999,76.739998,74.250031,3173600
2016-11-22,77.510002,80.000000,77.510002,79.300003,76.726990,4842500
2016-11-23,79.459999,80.330002,79.220001,79.709999,77.123680,2450600
2016-11-25,80.150002,80.669998,79.730003,80.059998,77.462326,1408700
2016-11-28,79.769997,80.519997,78.379997,78.660004,76.107750,4354100
2016-11-29,78.599998,78.830002,77.419998,78.309998,75.769104,4007300
2016-11-30,77.940002,78.540001,77.089996,77.320000,74.811234,7159200
2016-12-01,72.489998,74.160004,70.589996,73.480003,71.095825,13129300
2016-12-02,72.980003,74.790001,72.930000,74.559998,72.140785,5708400
2016-12-05,74.940002,76.449997,74.650002,76.370003,73.892059,3648800
2016-12-06,76.620003,76.620003,75.220001,75.690002,73.234123,3029800
2016-12-07,75.440002,77.120003,75.440002,77.099998,74.598373,3235400
2016-12-08,77.040001,77.379997,76.589996,76.919998,74.424210,2191600
2016-12-09,76.739998,77.529999,76.660004,77.199997,74.695129,2132600
2016-12-12,76.860001,77.120003,75.690002,76.209999,73.737244,2848000
2016-12-13,76.040001,76.919998,74.620003,75.959999,73.495354,4332200
2016-12-14,76.110001,76.550003,74.730003,75.889999,73.427628,3004100
2016-12-15,76.029999,77.180000,75.989998,77.110001,74.608040,2280100
2016-12-16,77.000000,78.010002,76.639999,77.099998,74.598373,4312100
2016-12-19,76.620003,77.110001,75.879997,75.949997,73.724724,1867300
2016-12-20,76.089996,77.660004,76.089996,77.269997,75.006058,3486100
2016-12-21,77.000000,78.059998,76.529999,77.430000,75.161377,1977700
2016-12-22,77.000000,77.160004,74.160004,74.360001,72.181320,3475200
2016-12-23,74.519997,75.209999,73.980003,74.139999,71.967773,1261000
2016-12-27,74.470001,75.099998,74.160004,74.529999,72.346336,1491700
2016-12-28,74.809998,75.000000,73.750000,74.019997,71.851288,1322300
2016-12-29,73.900002,74.430000,73.839996,74.129997,71.958061,1135100
2016-12-30,74.099998,74.440002,73.669998,74.070000,71.899811,1589400
2017-01-03,74.339996,74.419998,73.209999,74.190002,72.016312,2003600
2017-01-04,74.639999,76.290001,74.559998,76.040001,73.812111,3021700
2017-01-05,74.910004,75.180000,73.769997,74.519997,72.336624,2829600
2017-01-06,74.419998,74.419998,73.290001,73.349998,71.200928,2523100
2017-01-09,73.169998,73.989998,72.820000,73.730003,71.569778,2469700
2017-01-10,73.739998,74.839996,73.459999,74.250000,72.074539,2022400
2017-01-11,74.480003,74.669998,73.300003,73.419998,71.268852,3764200
2017-01-12,73.349998,74.070000,73.269997,73.589996,71.433868,2078100
2017-01-13,72.959999,73.610001,72.330002,73.089996,70.948524,2046200
2017-01-17,73.349998,75.620003,73.070000,74.330002,72.152214,2652800
2017-01-18,73.849998,74.139999,72.169998,72.440002,70.317596,2457300
2017-01-19,72.239998,72.430000,70.940002,71.010002,68.929474,2699800
2017-01-20,71.070000,71.459999,69.870003,71.000000,68.919754,3997200
2017-01-23,70.870003,71.000000,70.029999,70.459999,68.395576,2127600
2017-01-24,70.730003,71.849998,70.550003,71.750000,69.647789,3279600
2017-01-25,71.959999,72.500000,71.440002,71.959999,69.851639,3043900
2017-01-26,71.650002,72.089996,71.440002,71.690002,69.589561,2236300
2017-01-27,72.099998,72.199997,70.110001,70.309998,68.249985,2228000
2017-01-30,70.220001,72.190002,70.019997,72.000000,69.890465,2314500
2017-01-31,71.279999,73.930000,71.169998,73.820000,71.657127,4072300
2017-02-01,73.639999,74.080002,73.029999,73.389999,71.239731,2607800
2017-02-02,73.589996,74.180000,73.220001,73.500000,71.346504,1679400
2017-02-03,73.489998,74.160004,72.849998,73.139999,70.997063,2435400
2017-02-06,72.559998,73.040001,72.199997,72.260002,70.142845,2105100
2017-02-07,72.669998,73.190002,72.169998,72.800003,70.667015,2055300
2017-02-08,73.089996,75.129997,72.699997,75.070000,72.870522,2760900
2017-02-09,75.070000,78.389999,75.070000,77.709999,75.433159,4862500
2017-02-10,77.760002,78.019997,76.239998,76.790001,74.540123,2599900
2017-02-13,77.400002,77.410004,75.940002,76.019997,73.792686,1825900
2017-02-14,76.019997,77.580002,75.820000,77.139999,74.879860,4457700
2017-02-15,77.010002,77.449997,76.620003,77.379997,75.112823,1654300
2017-02-16,77.620003,77.699997,75.459999,76.019997,73.792686,1696600
2017-02-17,76.040001,77.690002,75.910004,77.669998,75.394341,2518800
2017-02-21,78.330002,79.349998,77.279999,77.860001,75.578773,2215500
2017-02-22,78.099998,78.180000,76.820000,77.379997,75.112823,1318600
2017-02-23,77.730003,77.730003,75.730003,75.919998,73.695610,1975800
2017-02-24,76.320000,78.470001,75.730003,77.349998,75.083717,3866000
2017-02-27,77.309998,77.330002,75.449997,76.790001,74.540123,2579500
2017-02-28,75.150002,75.419998,72.300003,73.019997,70.880577,6952100
2017-03-01,74.750000,75.389999,72.550003,73.349998,71.200928,5035900
2017-03-02,73.370003,74.839996,73.320000,74.070000,71.899811,2428500
2017-03-03,73.480003,73.959999,72.739998,73.120003,70.977654,3040000
2017-03-06,72.839996,73.290001,72.320000,72.419998,70.298164,1889300
2017-03-07,72.220001,72.889999,71.300003,71.360001,69.269226,2480200
2017-03-08,71.559998,72.610001,71.440002,72.529999,70.404938,2305900
2017-03-09,72.599998,73.790001,72.430000,73.629997,71.472702,3029600
2017-03-10,73.389999,73.830002,72.800003,72.889999,70.754387,2538000
2017-03-13,72.449997,72.820000,71.519997,72.589996,70.463181,3598500
2017-03-14,72.639999,73.099998,72.000000,72.820000,70.686432,4304200
2017-03-15,72.580002,73.089996,71.750000,72.809998,70.676727,4136400
2017-03-16,71.900002,75.330002,71.599998,73.199997,71.055298,9769900
2017-03-17,73.309998,73.870003,71.879997,72.330002,70.210808,4356500
2017-03-20,72.599998,72.599998,71.389999,71.599998,69.502190,2831900
2017-03-21,71.870003,71.949997,69.690002,70.010002,67.958778,4198900
2017-03-22,70.209999,70.809998,69.730003,70.680000,68.609131,2132900
2017-03-23,69.889999,70.089996,68.769997,68.900002,66.881302,5173100
2017-03-24,69.000000,69.910004,68.730003,69.480003,67.444305,3588500
2017-03-27,69.139999,69.989998,68.779999,68.970001,66.949242,2450700
2017-03-28,68.769997,68.849998,68.230003,68.550003,66.541565,2354500
2017-03-29,68.620003,70.779999,68.620003,70.690002,68.618851,3124800
2017-03-30,70.489998,70.970001,70.459999,70.860001,68.783867,1424300
2017-03-31,70.690002,70.930000,69.709999,69.730003,67.686966,2122000
2017-04-03,69.839996,70.070000,68.500000,68.820000,66.803627,2650300
2017-04-04,68.730003,68.889999,67.940002,68.349998,66.347420,3074700
2017-04-05,68.500000,69.660004,68.150002,68.500000,66.493019,3269600
2017-04-06,68.900002,70.519997,68.580002,69.550003,67.512253,2525500
2017-04-07,69.349998,70.169998,69.129997,69.330002,67.551231,3150700
2017-04-10,69.320000,70.070000,69.080002,69.559998,67.775322,2813500
2017-04-11,69.519997,69.779999,68.650002,69.150002,67.375847,2194800
2017-04-12,68.639999,69.110001,68.610001,68.959999,67.190727,2157400
2017-04-13,69.080002,69.099998,68.699997,68.739998,66.976364,1528600
2017-04-17,68.910004,69.230003,68.190002,69.120003,67.346611,2140200
2017-04-18,69.029999,69.389999,68.879997,69.070000,67.297890,1637200
2017-04-19,69.440002,70.019997,69.160004,69.309998,67.531731,1727700
2017-04-20,69.889999,71.279999,69.580002,70.669998,68.856850,2781700
2017-04-21,70.529999,70.930000,70.370003,70.720001,68.905563,2440100
2017-04-24,71.500000,71.650002,70.989998,71.419998,69.587593,1926100
2017-04-25,71.500000,71.849998,71.000000,71.550003,69.714272,2492200
2017-04-26,71.839996,72.769997,71.769997,72.599998,70.737335,2476000
2017-04-27,72.790001,73.440002,72.449997,73.220001,71.341423,3153900
2017-04-28,73.379997,73.379997,72.370003,72.709999,70.844505,2331100
2017-05-01,73.000000,73.199997,72.050003,72.050003,70.201439,2645600
2017-05-02,72.059998,73.790001,71.989998,73.769997,71.877312,2797700
2017-05-03,73.800003,74.230003,73.370003,73.989998,72.091660,2248400
2017-05-04,74.139999,74.669998,73.120003,73.370003,71.487579,1830100
2017-05-05,73.629997,73.959999,73.230003,73.620003,71.731163,2066400
2017-05-08,73.669998,73.879997,73.260002,73.690002,71.799370,1352100
2017-05-09,73.279999,73.900002,73.150002,73.690002,71.799370,2232200
2017-05-10,73.580002,74.290001,73.300003,73.910004,72.013718,2211500
2017-05-11,73.250000,73.900002,71.709999,72.059998,70.211189,2804300
2017-05-12,71.589996,72.000000,70.820000,71.580002,69.743492,1904600
2017-05-15,71.699997,72.550003,71.510002,71.720001,69.879898,1902500
2017-05-16,71.720001,71.720001,70.510002,70.940002,69.119926,2268000
2017-05-17,70.940002,71.500000,70.629997,70.669998,68.856850,2681200
2017-05-18,70.790001,71.489998,70.480003,71.129997,69.305038,2472000
2017-05-19,71.379997,72.080002,70.320000,71.949997,70.104004,2971000
2017-05-22,71.879997,72.690002,71.500000,72.449997,70.591171,1410600
2017-05-23,72.480003,72.480003,70.510002,70.709999,68.895813,4092400
2017-05-24,70.660004,70.680000,69.139999,70.209999,68.408653,3831100
2017-05-25,70.010002,73.480003,69.529999,72.470001,70.610664,4529000
2017-05-26,72.660004,72.860001,71.680000,72.320000,70.464508,1617800
2017-05-30,72.110001,73.260002,71.889999,73.019997,71.146545,2347900
2017-05-31,73.160004,73.480003,71.769997,73.389999,71.507065,4117900
2017-06-01,75.820000,78.199997,75.510002,78.190002,76.183907,7589600
2017-06-02,78.610001,79.279999,77.839996,78.910004,76.885452,3897800
2017-06-05,78.599998,79.000000,77.580002,78.309998,76.300835,2652000
2017-06-06,77.110001,77.230003,75.050003,75.339996,73.407028,5015800
2017-06-07,75.669998,75.760002,73.930000,74.070000,72.169609,4425500
2017-06-08,74.070000,75.209999,73.599998,73.690002,71.799370,2608200
2017-06-09,73.949997,75.360001,73.169998,75.220001,73.290115,3214500
2017-06-12,75.169998,76.550003,74.599998,75.110001,73.182938,2666700
2017-06-13,75.199997,75.989998,74.629997,75.709999,73.767540,1396100
2017-06-14,75.769997,75.949997,74.730003,75.660004,73.718811,1317800
2017-06-15,74.830002,74.919998,71.550003,72.320000,70.464508,4307400
2017-06-16,68.120003,71.370003,65.970001,70.120003,68.320969,11914500
2017-06-19,70.830002,72.239998,69.910004,71.699997,69.860405,6080300
2017-06-20,71.870003,72.730003,71.309998,71.400002,69.568108,3962000
2017-06-21,71.379997,72.379997,71.230003,71.730003,69.889656,3030000
2017-06-22,71.500000,71.699997,70.690002,71.080002,69.256332,2529900
2017-06-23,70.930000,71.120003,69.510002,69.750000,67.960442,7813400
2017-06-26,70.059998,70.959999,69.510002,70.410004,68.603508,3159500
2017-06-27,70.250000,71.919998,70.199997,70.790001,68.973770,2724300
2017-06-28,71.269997,72.059998,70.750000,71.480003,69.646065,2543600
2017-06-29,71.480003,71.809998,70.629997,70.839996,69.022469,2957100
2017-06-30,71.300003,72.489998,71.050003,72.089996,70.240402,2808800
2017-07-03,72.529999,73.000000,71.669998,71.930000,70.084518,1222300
2017-07-05,72.010002,72.290001,70.830002,71.239998,69.412224,2707900
2017-07-06,71.080002,71.220001,69.860001,70.029999,68.233269,1811000
2017-07-07,70.139999,70.550003,69.750000,70.230003,68.683128,1563000
2017-07-10,70.019997,70.150002,68.690002,69.489998,67.959419,3478400
2017-07-11,69.500000,69.949997,68.889999,69.040001,67.519356,7778300
2017-07-12,69.410004,69.949997,69.110001,69.690002,68.155029,3121600
2017-07-13,70.550003,71.279999,70.410004,70.580002,69.025421,3073500
2017-07-14,70.599998,71.379997,70.570000,71.139999,69.573090,3156400
2017-07-17,71.139999,72.470001,71.010002,71.870003,70.287018,2210900
2017-07-18,71.639999,71.690002,70.449997,70.800003,69.240578,1921400
2017-07-19,71.010002,71.550003,70.839996,71.389999,69.817574,1588100
2017-07-20,71.589996,71.680000,71.029999,71.349998,69.778465,2166800
2017-07-21,71.250000,72.389999,71.050003,72.199997,70.609741,3191800
2017-07-24,71.980003,72.300003,71.550003,71.980003,70.394585,2108600
2017-07-25,72.239998,73.980003,71.860001,73.570000,71.949570,1804600
2017-07-26,73.449997,74.669998,72.919998,74.599998,72.956879,2163400
2017-07-27,74.599998,75.279999,74.089996,75.120003,73.465431,2295800
2017-07-28,74.779999,75.269997,74.070000,74.750000,73.103577,2045500
2017-07-31,75.129997,75.529999,74.339996,75.160004,73.504547,1583000
2017-08-01,75.580002,76.500000,75.220001,75.519997,73.856621,3175400
2017-08-02,75.309998,75.989998,74.610001,74.709999,73.064453,3023300
2017-08-03,74.839996,75.370003,74.430000,74.489998,72.849304,1699800
2017-08-04,74.750000,74.940002,74.099998,74.860001,73.211151,1378000
2017-08-07,74.889999,76.540001,74.639999,76.410004,74.727013,2055100
2017-08-08,76.510002,77.309998,76.430000,76.690002,75.000847,2454100
2017-08-09,76.209999,77.290001,75.550003,77.150002,75.450722,2527400
2017-08-10,76.320000,76.910004,75.540001,75.580002,73.915298,2308000
2017-08-11,75.389999,76.139999,75.000000,75.489998,73.827278,1747900
2017-08-14,76.230003,76.989998,75.860001,76.570000,74.883484,3117500
2017-08-15,76.570000,76.570000,73.540001,73.639999,72.018013,4004600
2017-08-16,74.209999,74.830002,73.750000,74.500000,72.859085,2799500
2017-08-17,74.230003,74.720001,73.370003,74.269997,72.634155,3931100
2017-08-18,73.919998,74.440002,73.470001,73.820000,72.194061,2282800
2017-08-21,74.150002,75.190002,73.830002,74.709999,73.064453,1898300
2017-08-22,75.150002,76.480003,75.129997,76.459999,74.775917,2729800
2017-08-23,76.000000,76.410004,75.440002,76.330002,74.648773,2031700
2017-08-24,79.260002,79.699997,75.120003,75.690002,74.022888,4917500
2017-08-25,76.389999,77.839996,75.360001,77.669998,75.959267,2479000
2017-08-28,77.739998,78.620003,77.320000,77.370003,75.665871,2803700
2017-08-29,76.680000,77.250000,76.279999,76.889999,75.196434,2378500
2017-08-30,76.709999,76.980003,75.910004,76.730003,75.039963,4236900
2017-08-31,72.500000,73.690002,70.300003,72.559998,70.961800,12436500
2017-09-01,72.779999,73.449997,71.800003,72.540001,70.942245,3696500
2017-09-05,72.239998,74.650002,72.239998,74.360001,72.722176,3461200
2017-09-06,74.699997,75.589996,74.449997,75.290001,73.631691,2536900
2017-09-07,75.519997,76.410004,75.129997,76.389999,74.707443,3447800
2017-09-08,76.290001,76.849998,74.320000,75.559998,73.895737,5110300
2017-09-11,75.790001,76.360001,75.500000,75.970001,74.296715,4155700
2017-09-12,76.089996,77.860001,75.849998,76.959999,75.264908,2840900
2017-09-13,76.970001,78.660004,76.820000,77.839996,76.125519,3632300
2017-09-14,77.440002,77.660004,76.820000,77.230003,75.528961,2359000
2017-09-15,76.910004,77.800003,76.580002,77.599998,75.890808,4146400
2017-09-18,77.709999,78.830002,77.250000,77.279999,75.577850,3515600
2017-09-19,77.349998,77.349998,76.290001,76.989998,75.294235,2099500
2017-09-20,77.160004,77.699997,76.129997,77.550003,75.841911,1766500
2017-09-21,77.589996,77.669998,76.610001,76.769997,75.079086,1710100
2017-09-22,76.769997,77.769997,76.570000,77.660004,75.949486,3513400
2017-09-25,77.180000,79.370003,77.129997,79.339996,77.592476,2967300
2017-09-26,79.080002,79.690002,78.800003,79.330002,77.582710,2511600
2017-09-27,79.269997,80.059998,78.860001,79.930000,78.169487,2539500
2017-09-28,79.779999,80.160004,79.050003,80.019997,78.257492,2307000
2017-09-29,80.169998,81.300003,80.029999,81.050003,79.264809,2485500
2017-10-02,80.989998,81.919998,80.680000,81.900002,80.096107,1920400
2017-10-03,81.900002,82.099998,81.019997,81.400002,79.607101,2056400
2017-10-04,81.540001,82.379997,81.139999,81.290001,79.499527,1563600
2017-10-05,81.290001,81.989998,81.290001,81.480003,79.685349,1478700
2017-10-06,80.889999,81.160004,80.070000,80.330002,78.812172,1968300
2017-10-09,80.550003,80.660004,78.830002,79.180000,77.683891,2392000
2017-10-10,80.050003,81.220001,79.800003,80.940002,79.410637,1907000
2017-10-11,80.940002,82.769997,80.910004,82.540001,80.980400,2988800
2017-10-12,82.209999,82.650002,81.629997,82.180000,80.627205,1888400
2017-10-13,82.330002,83.180000,81.910004,82.570000,81.009842,2016100
2017-10-16,82.360001,82.500000,81.809998,82.120003,80.568336,1489600
2017-10-17,82.150002,82.500000,81.739998,82.099998,80.548714,1367100
2017-10-18,82.169998,83.220001,82.129997,82.800003,81.235497,3512800
2017-10-19,82.769997,83.279999,82.690002,82.910004,81.343414,1656200
2017-10-20,83.290001,83.790001,83.089996,83.610001,82.030182,2171200
2017-10-23,83.919998,84.860001,83.769997,83.919998,82.334335,2231900
2017-10-24,84.010002,84.260002,83.059998,84.099998,82.510925,1656500
2017-10-25,84.010002,84.199997,83.389999,83.970001,82.383392,1331000
2017-10-26,84.139999,85.070000,83.879997,84.370003,82.775833,1719300
2017-10-27,84.000000,84.000000,82.510002,83.260002,81.686798,1825900
2017-10-30,82.930000,83.000000,81.099998,81.230003,79.695160,2352100
2017-10-31,81.220001,82.110001,80.489998,80.839996,79.312531,2260600
2017-11-01,81.209999,81.650002,80.459999,81.230003,79.695160,1487400
2017-11-02,81.419998,83.580002,80.300003,82.510002,80.950974,1863100
2017-11-03,81.900002,82.839996,81.440002,81.870003,80.323067,2006700
2017-11-06,81.620003,81.629997,80.500000,80.680000,79.155556,1496400
2017-11-07,80.650002,81.050003,79.790001,80.660004,79.135933,1859900
2017-11-08,80.709999,81.050003,80.160004,80.699997,79.175179,1150900
2017-11-09,80.180000,82.150002,80.010002,81.910004,80.362305,2275500
2017-11-10,82.010002,84.169998,81.730003,84.150002,82.559982,3666200
2017-11-13,83.639999,85.089996,82.790001,83.550003,81.971329,2794400
2017-11-14,83.010002,83.830002,82.629997,83.250000,81.676987,2757800
2017-11-15,82.070000,82.800003,81.099998,82.300003,80.744942,2244700
2017-11-16,83.970001,85.110001,83.639999,84.910004,83.305634,3513300
2017-11-17,84.940002,85.519997,84.470001,85.500000,83.884483,2492000
2017-11-20,85.769997,87.480003,85.769997,86.940002,85.297264,3270800
2017-11-21,87.570000,88.129997,85.629997,86.650002,85.012756,2909800
2017-11-22,86.690002,87.339996,86.269997,87.230003,85.581795,1511700
2017-11-24,87.629997,87.699997,86.279999,86.279999,84.649734,1177800
2017-11-27,86.519997,87.290001,85.570000,86.349998,84.718407,2932100
2017-11-28,86.570000,88.040001,86.099998,87.730003,86.072350,2473700
2017-11-29,88.680000,89.150002,87.830002,88.680000,87.004395,4224800
2017-11-30,88.809998,89.800003,87.930000,88.080002,86.415726,3588100
2017-12-01,88.339996,88.750000,86.800003,87.980003,86.317619,3151800
2017-12-04,89.040001,92.110001,88.779999,90.769997,89.054893,3608200
2017-12-05,91.309998,91.760002,90.279999,90.370003,88.662460,2650300
2017-12-06,90.510002,91.339996,90.269997,90.849998,89.133377,3743000
2017-12-07,92.250000,96.599998,92.080002,93.370003,91.605782,6483000
2017-12-08,92.980003,93.720001,92.209999,93.379997,91.615593,2529200
2017-12-11,93.500000,93.500000,91.250000,93.349998,91.586143,2845800
2017-12-12,93.070000,93.519997,91.139999,91.230003,89.506218,3693700
2017-12-13,91.230003,92.260002,91.000000,91.639999,89.908463,2373900
2017-12-14,91.970001,92.050003,90.419998,90.790001,89.074524,2493700
2017-12-15,91.360001,92.239998,90.879997,90.930000,89.211884,4253300
2017-12-18,91.500000,93.110001,91.470001,92.550003,90.801270,1910900
2017-12-19,92.870003,93.000000,91.529999,92.099998,90.359756,1794600
2017-12-20,92.910004,94.129997,91.440002,91.730003,89.996765,4053000
2017-12-21,92.150002,92.480003,91.559998,91.639999,89.908463,2356100
2017-12-22,92.349998,92.989998,91.790001,92.910004,91.154472,2673000
2017-12-26,92.500000,93.510002,92.260002,92.480003,90.732605,1258100
2017-12-27,92.839996,92.860001,92.139999,92.620003,90.869949,1921900
2017-12-28,92.669998,92.739998,92.209999,92.580002,90.830696,1016000
2017-12-29,92.919998,93.849998,92.870003,93.010002,91.252571,2320600
2018-01-02,93.559998,94.519997,93.320000,94.059998,92.282730,1988500
2018-01-03,94.269997,94.449997,93.620003,93.989998,92.214058,1822800
2018-01-04,94.199997,95.779999,93.849998,95.089996,93.293274,2907100
2018-01-05,95.629997,95.889999,95.029999,95.720001,93.911369,2464700
2018-01-08,95.610001,96.050003,94.129997,94.150002,92.622620,2088800
2018-01-09,94.790001,94.790001,93.860001,94.250000,92.721001,2630200
2018-01-10,94.230003,95.220001,93.919998,94.779999,93.242393,1469100
2018-01-11,94.660004,98.330002,94.599998,98.190002,96.597076,3279200
2018-01-12,98.389999,99.690002,98.199997,99.099998,97.492310,2332200
2018-01-16,99.699997,99.699997,97.919998,98.440002,96.843018,2421500
2018-01-17,99.169998,101.070000,98.889999,100.500000,98.869614,2553600
2018-01-18,100.900002,101.260002,100.120003,101.029999,99.391006,1498200
2018-01-19,101.529999,102.089996,100.910004,101.980003,100.325592,1866500
2018-01-22,101.940002,102.300003,101.089996,102.269997,100.610893,1255000
2018-01-23,103.470001,103.989998,102.660004,103.169998,101.496292,1590200
2018-01-24,103.209999,103.629997,101.309998,102.690002,101.024078,1550300
2018-01-25,105.070000,105.400002,102.559998,103.750000,102.066872,1720500
2018-01-26,104.209999,105.330002,103.419998,105.300003,103.591736,2129100
2018-01-29,105.209999,105.820000,104.709999,105.339996,103.631088,1981000
2018-01-30,104.919998,105.570000,103.739998,104.230003,102.539093,2726000
2018-01-31,104.440002,104.949997,102.349998,103.120003,101.447098,2407100
2018-02-01,102.180000,103.010002,101.739998,102.279999,100.620728,2393700
2018-02-02,101.699997,101.699997,99.349998,99.440002,97.826805,4381200
2018-02-05,98.680000,100.449997,95.790001,95.800003,94.245857,2891300
2018-02-06,94.190002,98.000000,92.739998,97.599998,96.016647,4252700
2018-02-07,97.510002,99.529999,97.449997,97.879997,96.292107,2236400
2018-02-08,98.180000,98.360001,95.070000,95.099998,93.557205,2916600
2018-02-09,96.089996,99.500000,93.830002,98.260002,96.665955,3326300
2018-02-12,98.769997,99.080002,93.320000,95.089996,93.547363,4597600
2018-02-13,94.940002,97.930000,94.820000,96.860001,95.288651,2573800
2018-02-14,96.309998,97.330002,96.050003,96.669998,95.101730,2684400
2018-02-15,97.510002,98.449997,96.309998,98.449997,96.852867,1901600
2018-02-16,98.309998,98.900002,97.019997,97.730003,96.144547,1793500
2018-02-20,95.050003,96.309998,93.669998,94.559998,93.025970,3110100
2018-02-21,94.879997,96.879997,94.879997,95.269997,93.724449,2205600
2018-02-22,95.860001,97.000000,95.459999,96.099998,94.540993,1331700
2018-02-23,96.769997,97.320000,95.720001,97.199997,95.623138,1667900
2018-02-26,97.730003,98.230003,96.620003,97.550003,95.967468,1414000
2018-02-27,97.959999,98.449997,94.889999,95.519997,93.970390,2131900
2018-02-28,96.110001,96.320000,94.589996,94.589996,93.055481,1833100
2018-03-01,94.570000,95.889999,93.779999,95.309998,93.763794,1861800
2018-03-02,94.739998,95.099998,92.800003,94.279999,92.750511,2879700
2018-03-05,93.639999,94.010002,93.059998,93.430000,91.914299,2424800
2018-03-06,93.510002,94.199997,91.849998,93.440002,91.924149,4046100
2018-03-07,89.580002,90.639999,87.540001,89.389999,87.939850,5306200
2018-03-08,89.620003,89.879997,86.040001,86.050003,84.654030,4081400
2018-03-09,86.709999,87.180000,85.540001,86.940002,85.529587,3527000
2018-03-12,87.239998,88.860001,87.050003,88.610001,87.172493,3741200
2018-03-13,88.849998,91.000000,88.629997,89.529999,88.077568,3989200
2018-03-14,89.550003,89.750000,88.559998,89.199997,87.752922,3900300
2018-03-15,96.220001,96.500000,92.290001,93.440002,91.924149,10226700
2018-03-16,93.589996,95.800003,93.389999,95.430000,93.881851,5127800
2018-03-19,95.500000,96.050003,93.370003,94.040001,92.514397,2425000
2018-03-20,94.129997,94.230003,92.879997,93.410004,91.894638,2651900
2018-03-21,93.570000,94.650002,92.949997,92.980003,91.471611,3830300
2018-03-22,92.309998,93.360001,91.690002,91.750000,90.261559,2285000
2018-03-23,91.839996,91.980003,89.889999,90.059998,88.598976,2581600
2018-03-26,91.389999,93.160004,91.059998,92.650002,91.146957,2055300
2018-03-27,93.000000,93.449997,91.930000,92.430000,90.930519,2068200
2018-03-28,92.669998,94.839996,92.660004,92.940002,91.432259,2257500
2018-03-29,93.449997,94.150002,93.129997,93.550003,92.032356,2363800
2018-04-02,93.230003,93.860001,91.970001,93.430000,91.914299,2709600
2018-04-03,93.529999,94.379997,93.099998,93.309998,91.796242,1877000
2018-04-04,92.540001,95.220001,92.540001,95.000000,93.458832,2729400
2018-04-05,95.220001,96.589996,94.540001,96.400002,94.836113,2394600
2018-04-06,95.800003,96.980003,94.519997,94.970001,93.429321,2760400
2018-04-09,94.949997,96.769997,94.870003,95.699997,94.435837,3315900
2018-04-10,96.849998,96.989998,95.459999,96.440002,95.166069,2622200
2018-04-11,95.720001,96.830002,95.650002,96.269997,94.998299,1823200
2018-04-12,96.750000,97.660004,96.410004,96.889999,95.610123,2300200
2018-04-13,97.419998,97.900002,96.050003,96.279999,95.008179,2400500
2018-04-16,95.889999,97.199997,95.059998,97.070000,95.787743,2205600
2018-04-17,100.680000,101.199997,99.260002,99.870003,98.550766,2900700
2018-04-18,100.320000,101.160004,99.860001,100.180000,98.856667,2161100
2018-04-19,99.779999,100.059998,98.180000,99.000000,97.692253,1625300
2018-04-20,98.739998,99.160004,96.220001,96.339996,95.067398,3675700
2018-04-23,96.709999,97.190002,95.830002,97.010002,95.728539,2114600
2018-04-24,97.540001,98.059998,96.379997,96.820000,95.541046,1599900
2018-04-25,96.370003,97.470001,95.709999,97.250000,95.965370,1495500
2018-04-26,97.360001,99.489998,96.570000,99.029999,97.721855,2194800
2018-04-27,99.040001,100.129997,98.269997,98.360001,97.060699,2136200
2018-04-30,98.690002,98.870003,96.260002,96.529999,95.254875,2513800
2018-05-01,96.260002,96.830002,95.510002,96.540001,95.264755,1225800
2018-05-02,96.190002,97.230003,95.320000,96.400002,95.126595,1103400
2018-05-03,96.500000,96.900002,95.440002,96.300003,95.027924,1423900
2018-05-04,95.849998,95.930000,94.669998,95.550003,94.287834,1676000
2018-05-07,95.570000,95.589996,93.419998,94.000000,92.758301,1727200
2018-05-08,94.120003,94.699997,93.459999,93.879997,92.639885,2531100
2018-05-09,93.620003,93.919998,92.430000,93.519997,92.284645,3195900
2018-05-10,93.809998,94.459999,92.820000,92.940002,91.712311,2290000
2018-05-11,92.500000,93.669998,91.459999,93.620003,92.383324,2491400
2018-05-14,93.620003,94.389999,93.279999,93.720001,92.481995,1818600
2018-05-15,93.680000,94.320000,93.410004,94.000000,92.758301,5093600
2018-05-16,94.199997,97.430000,94.000000,96.199997,94.929230,4881700
2018-05-17,96.220001,97.389999,96.220001,96.669998,95.393028,2567700
2018-05-18,97.010002,97.470001,96.669998,96.730003,95.452248,2317300
2018-05-21,97.129997,97.650002,96.550003,97.209999,95.925903,1466000
2018-05-22,97.500000,97.879997,96.290001,96.410004,95.136475,1903200
2018-05-23,96.000000,97.120003,95.900002,96.279999,95.008179,1602900
2018-05-24,96.339996,96.930000,95.440002,96.910004,95.629860,2591100
2018-05-25,97.110001,98.610001,96.570000,96.620003,95.343704,2029400
2018-05-29,96.400002,96.959999,95.300003,96.239998,94.968712,2861500
2018-05-30,96.699997,97.080002,95.279999,96.519997,95.245010,4174400
2018-05-31,90.779999,92.709999,86.870003,87.480003,86.324440,14320400
2018-06-01,87.500000,89.260002,87.260002,89.260002,88.080917,7293700
2018-06-04,90.449997,91.260002,89.820000,91.000000,89.797943,4503700
2018-06-05,91.209999,94.330002,91.059998,94.180000,92.935936,3737500
2018-06-06,94.290001,95.160004,92.449997,94.629997,93.379982,3702200
2018-06-07,94.820000,96.099998,93.080002,93.820000,92.580688,2829800
2018-06-08,93.930000,95.099998,93.779999,94.900002,93.646416,1689600
2018-06-11,94.720001,96.150002,94.349998,95.919998,94.652931,2980100
2018-06-12,95.949997,97.139999,95.080002,96.680000,95.402901,2356400
2018-06-13,96.790001,97.349998,96.260002,96.730003,95.452248,2211900
2018-06-14,97.019997,97.169998,95.610001,96.330002,95.057526,2018600
2018-06-15,95.919998,97.400002,95.919998,97.330002,96.044312,3329000
2018-06-18,96.870003,98.900002,96.760002,97.940002,96.646255,1897800
2018-06-19,96.940002,97.669998,96.110001,97.430000,96.142998,2172900
2018-06-20,97.820000,98.410004,97.110001,98.010002,96.715340,1673200
2018-06-21,97.680000,99.300003,97.339996,98.680000,97.376480,2218900
2018-06-22,100.809998,101.180000,99.599998,100.150002,98.827057,4340200
2018-06-25,100.300003,100.779999,99.620003,100.449997,99.123093,2244200
2018-06-26,100.320000,100.519997,99.000000,99.730003,98.412613,1993900
2018-06-27,99.769997,100.250000,98.510002,98.669998,97.366615,1594500
2018-06-28,98.919998,99.750000,98.160004,99.129997,97.820534,1301600
2018-06-29,99.300003,100.070000,98.529999,98.599998,97.297539,1642600
2018-07-02,98.610001,98.830002,97.529999,98.059998,96.764671,1654200
2018-07-03,98.180000,98.930000,97.769997,98.099998,96.804146,769400
2018-07-05,98.510002,98.550003,97.769997,98.120003,96.823883,1572900
2018-07-06,98.250000,98.860001,97.720001,98.629997,97.327133,1418100
2018-07-09,98.529999,99.220001,97.980003,98.389999,97.376633,1488900
2018-07-10,98.550003,100.209999,98.459999,100.010002,98.979935,1590800
2018-07-11,99.949997,100.650002,98.489998,99.019997,98.000130,1485900
2018-07-12,99.760002,99.839996,97.959999,98.550003,97.534973,1462600
2018-07-13,98.660004,100.389999,98.620003,99.500000,98.475197,2267300
2018-07-16,99.730003,100.400002,98.599998,99.129997,98.109001,1546100
2018-07-17,98.669998,100.040001,98.589996,99.400002,98.376228,1843100
2018-07-18,99.510002,100.050003,98.269997,99.089996,98.069412,2203300
2018-07-19,99.099998,99.930000,98.760002,99.199997,98.178284,3781700
2018-07-20,98.750000,98.809998,97.110001,98.169998,97.158897,2596000
2018-07-23,98.379997,98.870003,98.059998,98.730003,97.713135,1769000
2018-07-24,98.459999,98.949997,98.110001,98.589996,97.574570,1844200
2018-07-25,98.580002,98.860001,97.949997,98.750000,97.732925,1794200
2018-07-26,98.919998,100.260002,98.919998,99.160004,98.138702,1639300
2018-07-27,99.290001,99.440002,97.120003,97.430000,96.426514,1211100
2018-07-30,97.400002,98.279999,97.320000,98.139999,97.129204,1287300
2018-07-31,98.559998,98.559998,97.790001,98.150002,97.139099,1133500
2018-08-01,98.150002,98.290001,96.370003,96.650002,95.654549,1401300
2018-08-02,96.750000,98.419998,96.730003,98.279999,97.267761,1238100
2018-08-03,98.419998,99.150002,97.730003,98.230003,97.218285,1221700
2018-08-06,98.180000,99.000000,97.879997,98.669998,97.653740,919200
2018-08-07,99.410004,101.209999,98.949997,100.919998,99.880569,1583100
2018-08-08,100.779999,101.959999,100.629997,101.779999,100.731712,1486900
2018-08-09,101.989998,103.180000,101.190002,102.980003,101.919350,1546900
2018-08-10,102.279999,103.300003,101.910004,102.330002,101.276054,968400
2018-08-13,102.830002,103.889999,102.309998,102.470001,101.414604,1176800
2018-08-14,102.889999,105.279999,102.660004,105.099998,104.017517,1737300
2018-08-15,104.290001,104.449997,103.269997,104.129997,103.057510,1568400
2018-08-16,105.989998,106.000000,104.330002,104.879997,103.799782,2513100
2018-08-17,105.290001,106.610001,104.889999,106.379997,105.284340,1566300
2018-08-20,106.750000,108.160004,106.699997,107.529999,106.422493,1777000
2018-08-21,107.589996,108.169998,107.029999,107.599998,106.491760,1714000
2018-08-22,108.589996,109.050003,106.930000,107.269997,106.165161,2579900
2018-08-23,107.190002,108.190002,107.190002,108.080002,106.966827,1751100
2018-08-24,107.629997,108.230003,107.019997,108.010002,106.897552,1526200
2018-08-27,108.980003,109.050003,107.040001,107.190002,106.085991,1997900
2018-08-28,107.250000,107.389999,105.540001,106.839996,105.739594,3047500
2018-08-29,106.730003,107.500000,105.019997,106.699997,105.601044,3266500
2018-08-30,104.330002,108.000000,103.949997,105.660004,104.571754,5703900
2018-08-31,105.849998,107.970001,105.550003,107.730003,106.620430,3292200
2018-09-04,107.989998,110.150002,107.870003,109.820000,108.688904,2676200
2018-09-05,109.980003,111.360001,109.400002,111.059998,109.916130,2697900
2018-09-06,111.330002,111.870003,110.599998,111.120003,109.975517,1875600
2018-09-07,111.269997,112.309998,110.580002,110.820000,109.678612,2346000
2018-09-10,111.389999,112.059998,110.790001,111.449997,110.302109,2242700
2018-09-11,111.519997,112.589996,110.910004,111.150002,110.005203,2634300
2018-09-12,111.169998,111.699997,110.510002,110.699997,109.559830,2474200
2018-09-13,110.760002,111.059998,109.300003,109.529999,108.401894,1876000
2018-09-14,109.519997,109.820000,108.360001,108.910004,107.788284,2041500
2018-09-17,108.699997,108.989998,107.239998,107.250000,106.145378,2589200
2018-09-18,107.500000,109.779999,107.260002,109.150002,108.025803,1864500
2018-09-19,109.099998,110.330002,108.779999,109.330002,108.203964,2796800
2018-09-20,109.489998,109.849998,108.849998,109.559998,108.431572,1878400
2018-09-21,110.190002,110.870003,108.050003,108.260002,107.144974,5293800
2018-09-24,107.980003,109.160004,106.949997,107.290001,106.184959,2271500
2018-09-25,108.510002,108.580002,107.070000,108.320000,107.204346,1743500
2018-09-26,108.760002,109.970001,108.389999,109.519997,108.391991,1697900
2018-09-27,109.550003,110.300003,108.910004,109.169998,108.045593,1678100
2018-09-28,109.139999,109.639999,108.809998,109.300003,108.174271,2341800
2018-10-01,109.559998,109.989998,108.839996,109.519997,108.391991,1761800
2018-10-02,109.120003,109.449997,107.459999,107.470001,106.363121,2320500
2018-10-03,106.290001,106.570000,103.190002,104.919998,103.839363,4090900
2018-10-04,105.209999,105.430000,104.000000,104.459999,103.384109,2925500
2018-10-05,104.290001,105.480003,103.620003,103.760002,102.977211,1900300
2018-10-08,103.370003,105.660004,103.370003,105.349998,104.555206,1262400
2018-10-09,105.660004,107.139999,104.940002,105.099998,104.307098,2584100
2018-10-10,105.610001,106.919998,105.099998,105.580002,104.783478,2581600
2018-10-11,105.910004,107.070000,101.889999,101.959999,101.190781,2611400
2018-10-12,103.269997,105.150002,102.970001,104.760002,103.969666,2228800
2018-10-15,105.250000,107.459999,104.870003,106.389999,105.587364,2324700
2018-10-16,106.839996,111.070000,105.849998,110.949997,110.112953,3853100
2018-10-17,110.690002,110.900002,109.000000,109.769997,108.941864,4281100
2018-10-18,109.830002,110.879997,108.470001,108.919998,108.098274,2124000
2018-10-19,109.389999,110.339996,108.940002,109.550003,108.723534,2667700
2018-10-22,109.940002,110.760002,109.599998,110.019997,109.189972,2053300
2018-10-23,108.680000,110.790001,108.290001,110.389999,109.557182,1815900
2018-10-24,110.129997,113.480003,109.849998,110.980003,110.142738,3742800
2018-10-25,111.870003,112.320000,110.970001,111.040001,110.202286,2644000
2018-10-26,110.150002,110.459999,106.809998,107.830002,107.016502,2750700
2018-10-29,108.800003,112.550003,108.720001,109.919998,109.090729,2135500
2018-10-30,110.279999,112.500000,110.000000,112.449997,111.601639,2419000
2018-10-31,113.059998,113.480003,110.769997,111.379997,110.539719,2483500
2018-11-01,111.660004,114.129997,110.970001,113.180000,112.326134,1611300
2018-11-02,113.790001,114.660004,110.500000,112.120003,111.274132,1855400
2018-11-05,112.099998,114.459999,112.000000,114.089996,113.229271,1637600
2018-11-06,113.760002,115.290001,113.540001,114.389999,113.527008,1351600
2018-11-07,115.360001,116.309998,114.559998,115.940002,115.065315,1838800
2018-11-08,116.160004,118.449997,115.910004,117.529999,116.643326,2238000
2018-11-09,117.000000,117.459999,115.849998,116.099998,115.224113,1696600
2018-11-12,116.160004,117.470001,115.629997,115.760002,114.886673,2023400
2018-11-13,116.180000,116.330002,114.599998,115.339996,114.469833,1830400
2018-11-14,115.589996,117.089996,114.040001,114.300003,113.437691,2258500
2018-11-15,113.800003,113.980003,110.910004,111.779999,110.936699,3347500
2018-11-16,110.970001,111.589996,108.550003,111.419998,110.579414,2710900
2018-11-19,111.610001,112.779999,109.690002,110.510002,109.676277,1903200
2018-11-20,107.919998,107.970001,103.610001,105.290001,104.495667,3908700
2018-11-21,105.500000,106.570000,104.769997,105.199997,104.406334,2732800
2018-11-23,105.199997,106.599998,104.860001,105.860001,105.061363,1039400
2018-11-26,106.690002,108.129997,106.410004,107.690002,106.877563,2468100
2018-11-27,107.099998,107.860001,106.449997,107.620003,106.808090,1909300
2018-11-28,107.639999,110.849998,107.620003,110.360001,109.527412,2925600
2018-11-29,110.099998,112.260002,109.570000,110.889999,110.053413,3208500
2018-11-30,110.620003,111.639999,110.089996,110.989998,110.152657,4153000
2018-12-03,113.010002,113.150002,110.290001,111.699997,110.857300,3730000
2018-12-04,105.550003,108.129997,102.050003,104.099998,103.314636,8786600
2018-12-06,103.080002,106.830002,102.309998,106.680000,105.875175,4419800
2018-12-07,106.250000,106.660004,102.099998,102.699997,101.925201,3789900
2018-12-10,103.220001,105.800003,102.370003,105.639999,104.843018,2620600
2018-12-11,106.400002,107.589996,105.029999,106.559998,105.756073,3091200
2018-12-12,107.550003,108.000000,104.930000,105.889999,105.091141,2699100
2018-12-13,106.139999,107.129997,105.370003,106.160004,105.359100,2497600
2018-12-14,105.680000,106.949997,104.059998,104.980003,104.188011,2254800
2018-12-17,104.000000,106.089996,102.629997,103.120003,102.342033,2768200
2018-12-18,103.580002,104.830002,103.019997,104.349998,103.562759,2358100
2018-12-19,104.000000,105.910004,102.519997,103.019997,102.242783,2966200
2018-12-20,102.510002,102.839996,98.650002,100.339996,99.583000,3398900
2018-12-21,100.629997,103.519997,99.620003,99.739998,98.987534,4237300
2018-12-24,99.510002,100.889999,98.080002,98.849998,98.104240,1269600
2018-12-26,100.129997,105.980003,99.949997,105.949997,105.150688,2597600
2018-12-27,104.110001,106.930000,102.870003,106.459999,105.656837,2709300
2018-12-28,106.889999,108.589996,106.180000,107.070000,106.262230,2341900
2018-12-31,107.589996,108.239998,106.970001,108.080002,107.264618,1767600
2019-01-02,106.489998,107.949997,106.029999,107.709999,106.897408,2505900
2019-01-03,107.000000,109.010002,106.800003,107.839996,107.026421,2459400
2019-01-04,109.309998,111.010002,108.150002,108.769997,107.949402,2868800
2019-01-07,110.839996,113.889999,110.500000,112.940002,112.387596,2795800
2019-01-08,114.000000,114.470001,111.110001,113.480003,112.924950,3094400
2019-01-09,114.169998,116.160004,113.019997,115.500000,114.935074,3050700
2019-01-10,113.489998,116.610001,112.900002,116.519997,115.950081,2181500
2019-01-11,116.500000,117.239998,115.639999,116.059998,115.492332,2060800
2019-01-14,115.820000,115.980003,113.040001,113.099998,112.546806,3304100
2019-01-15,112.949997,114.250000,111.900002,112.169998,111.621361,2799000
2019-01-16,111.550003,112.650002,111.300003,112.209999,111.661163,3296400
2019-01-17,111.470001,112.769997,111.349998,112.269997,111.720863,1699900
2019-01-18,113.089996,113.790001,112.400002,113.529999,112.974709,2910000
2019-01-22,113.000000,114.360001,112.349998,112.900002,112.347794,2235500
2019-01-23,113.389999,115.089996,112.589996,113.589996,113.034416,2233300
2019-01-24,113.980003,115.209999,113.290001,113.750000,113.193634,2309700
2019-01-25,114.760002,114.760002,113.739998,114.199997,113.641426,1423800
2019-01-28,113.099998,114.150002,113.050003,114.120003,113.561821,1268600
2019-01-29,114.650002,114.870003,113.309998,114.800003,114.238503,1466300
2019-01-30,115.570000,115.910004,114.529999,115.279999,114.716141,1948000
2019-01-31,115.070000,116.309998,114.730003,115.430000,114.865417,1691600
2019-02-01,115.430000,115.529999,113.459999,115.040001,114.477325,1743200
2019-02-04,115.190002,116.639999,114.730003,116.639999,116.069496,1028700
2019-02-05,116.980003,117.180000,115.610001,116.040001,115.472427,1554500
2019-02-06,115.930000,116.820000,115.070000,116.349998,115.780914,1297500
2019-02-07,115.949997,117.389999,115.610001,117.370003,116.795929,1396200
2019-02-08,116.720001,117.150002,115.720001,116.320000,115.751068,1416600
2019-02-11,116.449997,117.550003,116.099998,117.250000,116.676514,1175800
2019-02-12,117.949997,118.480003,117.510002,118.010002,117.432793,1381800
2019-02-13,118.250000,119.349998,117.190002,118.900002,118.318443,2088700
2019-02-14,118.290001,119.440002,117.610001,118.519997,117.940300,1695500
2019-02-15,119.470001,120.330002,118.769997,119.000000,118.417953,2372600
2019-02-19,119.730003,119.900002,118.430000,119.150002,118.567223,3067500
2019-02-20,119.430000,119.860001,118.449997,118.989998,118.407997,2014400
2019-02-21,118.889999,119.099998,117.900002,118.459999,117.880592,1371700
2019-02-22,118.389999,118.970001,118.180000,118.379997,117.800987,1311800
2019-02-25,119.410004,119.930000,118.339996,118.760002,118.179131,1621200
2019-02-26,118.989998,119.279999,117.309998,118.379997,117.800987,1598400
2019-02-27,118.070000,119.099998,117.110001,118.169998,117.592018,1298200
2019-02-28,116.750000,119.019997,116.360001,118.459999,117.880592,2259800
2019-03-01,119.570000,120.199997,118.570000,119.500000,118.915504,1648200
2019-03-04,120.309998,120.339996,118.449997,118.870003,118.288589,1684000
2019-03-05,119.849998,120.000000,118.930000,119.610001,119.024971,1926000
2019-03-06,119.989998,120.209999,118.099998,119.269997,118.686630,2106300
2019-03-07,118.739998,119.660004,118.099998,118.879997,118.298538,2678900
2019-03-08,118.690002,119.790001,117.860001,118.709999,118.129372,2560500
2019-03-11,118.889999,119.949997,118.570000,119.709999,119.124481,2139400
2019-03-12,120.000000,120.150002,118.680000,119.610001,119.024971,2039700
2019-03-13,120.000000,121.269997,119.699997,120.680000,120.089737,3155800
2019-03-14,111.639999,112.459999,108.739998,111.639999,111.093948,11270900
2019-03-15,111.809998,114.570000,111.040001,113.889999,113.332947,6255900
2019-03-18,115.620003,116.610001,114.180000,116.529999,115.960037,4232900
2019-03-19,117.360001,117.660004,116.070000,117.239998,116.666565,2203100
2019-03-20,116.930000,118.110001,116.150002,117.129997,116.557091,2230000
2019-03-21,117.120003,118.339996,116.980003,117.820000,117.243721,2087600
2019-03-22,117.339996,118.500000,117.290001,117.470001,116.895439,1766700
2019-03-25,117.419998,119.660004,117.220001,118.750000,118.169174,1403900
2019-03-26,119.360001,120.150002,118.419998,118.769997,118.189072,1491300
2019-03-27,118.760002,120.730003,118.500000,118.709999,118.129372,2230200
2019-03-28,119.449997,119.699997,118.540001,119.360001,118.776192,1514900
2019-03-29,119.480003,119.900002,118.500000,119.300003,118.716492,1962100
2019-04-01,119.489998,119.739998,118.089996,118.330002,117.751236,2244900
2019-04-02,118.230003,118.330002,116.760002,117.889999,117.313377,1733500
2019-04-03,118.500000,119.059998,117.809998,118.169998,117.592018,1136900
2019-04-04,118.000000,120.379997,117.580002,120.160004,119.572289,1667400
2019-04-05,120.349998,123.500000,120.309998,122.580002,121.980446,3098900
2019-04-08,122.239998,122.709999,121.250000,122.300003,122.020355,2003700
2019-04-09,121.760002,122.260002,121.000000,121.419998,121.142365,1204000
2019-04-10,121.760002,122.650002,121.379997,121.809998,121.531471,2453300
2019-04-11,122.320000,122.750000,121.879997,122.410004,122.130104,1379300
2019-04-12,122.650002,123.150002,122.160004,122.379997,122.100166,931700
2019-04-15,122.400002,124.150002,122.400002,123.849998,123.566811,1814400
2019-04-16,124.459999,124.660004,123.419998,123.699997,123.417152,1743400
2019-04-17,124.150002,124.830002,123.949997,124.300003,124.015785,1344200
2019-04-18,124.300003,124.769997,123.480003,123.550003,123.267502,1837000
2019-04-22,123.199997,124.029999,122.989998,123.559998,123.277473,1156600
2019-04-23,123.660004,124.580002,122.629997,124.230003,123.945946,1587800
2019-04-24,124.620003,126.480003,124.220001,126.040001,125.751801,1382800
2019-04-25,125.959999,126.839996,125.550003,126.379997,126.091026,1293300
2019-04-26,124.830002,125.970001,123.790001,125.260002,124.973587,1432600
2019-04-29,125.059998,125.570000,124.480003,125.099998,124.813950,958300
2019-04-30,126.320000,126.750000,125.150002,126.089996,125.801682,1812900
2019-05-01,125.970001,126.400002,123.730003,123.820000,123.536880,1726600
2019-05-02,124.180000,125.059998,123.690002,124.629997,124.345024,1039400
2019-05-03,125.080002,125.589996,124.550003,124.699997,124.414864,938700
2019-05-06,123.160004,124.669998,122.820000,124.360001,124.075645,1191900
2019-05-07,123.419998,123.589996,121.300003,122.250000,121.970467,1152800
2019-05-08,121.919998,122.970001,120.860001,122.279999,122.000397,1277900
2019-05-09,121.699997,123.349998,121.580002,122.959999,122.678848,1019300
2019-05-10,122.250000,122.540001,120.199997,121.839996,121.561401,1374500
2019-05-13,120.070000,120.349998,117.290001,118.260002,117.989594,2308100
2019-05-14,118.279999,118.790001,116.980003,117.279999,117.011833,3275800
2019-05-15,117.360001,118.370003,116.150002,118.040001,117.770096,2064900
2019-05-16,118.750000,120.540001,118.059998,119.720001,119.446259,2006700
2019-05-17,118.870003,121.040001,118.870003,120.190002,119.915184,1970200
2019-05-20,119.830002,120.080002,119.050003,119.820000,119.546028,1431800
2019-05-21,120.410004,122.339996,119.519997,121.550003,121.272072,2280000
2019-05-22,121.440002,122.559998,121.010002,122.050003,121.770927,1557200
2019-05-23,121.480003,121.839996,120.150002,120.639999,120.364151,1439300
2019-05-24,121.169998,122.169998,120.739998,121.959999,121.681129,1157200
2019-05-28,121.519997,122.279999,119.919998,119.959999,119.685707,2280800
2019-05-29,119.139999,119.900002,118.199997,118.510002,118.239021,3196200
2019-05-30,124.790001,128.070007,122.769997,127.000000,126.709610,5519000
2019-05-31,126.160004,127.489998,125.519997,127.279999,126.988968,2892900
2019-06-03,127.870003,129.589996,127.870003,129.000000,128.705032,2318600
2019-06-04,129.000000,130.429993,128.960007,130.000000,129.702744,1828900
2019-06-05,130.399994,130.610001,129.110001,130.399994,130.101822,1972000
2019-06-06,130.850006,131.979996,130.389999,131.460007,131.159424,1448800
2019-06-07,132.250000,133.429993,132.190002,133.149994,132.845535,1271600
2019-06-10,133.669998,135.460007,133.520004,134.970001,134.661392,1927900
2019-06-11,135.240005,135.910004,134.630005,135.509995,135.200150,1679600
2019-06-12,135.470001,136.429993,135.380005,136.039993,135.728928,994200
2019-06-13,136.509995,137.350006,135.330002,135.960007,135.649124,1729100
2019-06-14,136.119995,136.270004,135.289993,135.690002,135.379745,1239900
2019-06-17,137.050003,137.389999,135.740005,135.899994,135.589249,1495900
2019-06-18,136.479996,137.119995,135.740005,137.050003,136.736633,2035800
2019-06-19,137.050003,138.490005,135.669998,138.169998,137.854065,1364600
2019-06-20,139.000000,139.039993,138.089996,138.809998,138.492599,1357200
2019-06-21,139.070007,139.779999,138.500000,138.779999,138.462677,2208200
2019-06-24,138.910004,139.070007,136.820007,137.139999,136.826416,1164100
2019-06-25,137.490005,137.770004,136.009995,136.009995,135.699005,1777400
2019-06-26,136.100006,137.149994,135.399994,136.470001,136.157959,1561000
2019-06-27,136.229996,136.800003,135.949997,136.460007,136.147980,1330000
2019-06-28,136.139999,136.429993,134.570007,135.160004,134.850952,2526800
2019-07-01,136.009995,137.160004,135.020004,135.869995,135.559326,1342000
2019-07-02,136.279999,137.110001,135.880005,137.110001,136.796494,1061800
2019-07-03,137.339996,139.119995,137.339996,139.089996,138.771957,944300
2019-07-05,138.830002,140.119995,138.220001,139.949997,139.629990,1316700
2019-07-08,139.229996,139.679993,138.190002,138.570007,138.570007,1504500
2019-07-09,138.190002,140.050003,138.190002,139.550003,139.550003,1487300
2019-07-10,139.809998,141.050003,139.149994,140.929993,140.929993,1842100
2019-07-11,141.339996,142.059998,139.910004,140.360001,140.360001,1584200
2019-07-12,140.809998,141.690002,140.570007,141.520004,141.520004,1219600
2019-07-15,141.789993,142.570007,141.380005,142.259995,142.259995,1322400
2019-07-16,142.500000,144.460007,142.160004,144.199997,144.199997,1234700
2019-07-17,143.889999,145.059998,143.429993,144.970001,144.970001,1455400
2019-07-18,144.580002,144.800003,141.500000,142.820007,142.820007,2226600
2019-07-19,143.250000,143.350006,141.210007,141.279999,141.279999,1857900
2019-07-22,141.259995,141.309998,137.600006,138.039993,138.039993,2823800
2019-07-23,138.110001,138.110001,134.070007,137.220001,137.220001,2442900
2019-07-24,137.369995,139.250000,137.029999,139.149994,139.149994,1608500
2019-07-25,138.729996,138.729996,136.800003,137.720001,137.720001,1729600
2019-07-26,137.779999,138.619995,137.160004,137.970001,137.970001,1281300
2019-07-29,137.850006,138.139999,135.509995,135.800003,135.800003,1491600
2019-07-30,135.610001,135.610001,133.610001,134.199997,134.199997,1551000
2019-07-31,133.929993,135.139999,132.570007,134.020004,134.020004,1547900
2019-08-01,133.860001,136.020004,131.550003,132.149994,132.149994,2137000
2019-08-02,132.300003,134.600006,132.029999,133.690002,133.690002,2004800
2019-08-05,132.610001,133.539993,131.029999,132.649994,132.649994,1789200
