Date,Open,High,Low,Close,Adj Close,Volume
1980-12-12,2.406250,2.437500,2.375000,2.375000,1.127666,12800
1980-12-15,2.375000,2.437500,2.375000,2.375000,1.127666,13600
1980-12-16,2.375000,2.375000,2.312500,2.312500,1.097991,31200
1980-12-17,2.375000,2.406250,2.375000,2.375000,1.127666,97600
1980-12-18,2.375000,2.406250,2.375000,2.375000,1.127666,92800
1980-12-19,2.437500,2.468750,2.437500,2.437500,1.157342,18400
1980-12-22,2.437500,2.468750,2.437500,2.437500,1.157342,36800
1980-12-23,2.562500,2.593750,2.562500,2.562500,1.216692,146400
1980-12-24,2.562500,2.593750,2.562500,2.562500,1.216692,1600
1980-12-26,2.562500,2.625000,2.562500,2.562500,1.216692,14400
1980-12-29,2.562500,2.625000,2.562500,2.562500,1.216692,49600
1980-12-30,2.562500,2.625000,2.562500,2.562500,1.216692,18400
1980-12-31,2.812500,2.843750,2.812500,2.812500,1.335394,88800
1981-01-02,2.812500,2.843750,2.781250,2.781250,1.320556,135200
1981-01-05,2.781250,2.812500,2.781250,2.781250,1.320556,16000
1981-01-06,2.781250,2.843750,2.781250,2.781250,1.320556,52800
1981-01-07,2.625000,2.625000,2.593750,2.593750,1.231530,139200
1981-01-08,2.593750,2.625000,2.593750,2.593750,1.231530,24000
1981-01-09,2.625000,2.656250,2.625000,2.625000,1.246368,19200
1981-01-12,2.625000,2.656250,2.625000,2.625000,1.246368,4000
1981-01-13,2.625000,2.625000,2.593750,2.593750,1.231530,18400
1981-01-14,2.593750,2.593750,2.562500,2.562500,1.216692,131200
1981-01-15,2.562500,2.625000,2.562500,2.562500,1.216692,39200
1981-01-16,2.562500,2.625000,2.562500,2.562500,1.216692,25600
1981-01-19,2.562500,2.593750,2.531250,2.531250,1.201854,60800
1981-01-20,2.531250,2.562500,2.500000,2.500000,1.187017,44800
1981-01-21,2.500000,2.531250,2.468750,2.468750,1.172180,15200
1981-01-22,2.500000,2.531250,2.500000,2.500000,1.187017,13600
1981-01-23,2.500000,2.500000,2.468750,2.468750,1.172180,22400
1981-01-26,2.468750,2.500000,2.468750,2.468750,1.172180,48000
1981-01-27,2.468750,2.500000,2.468750,2.468750,1.172180,35200
1981-01-28,2.468750,2.531250,2.468750,2.468750,1.172180,60000
1981-01-29,2.593750,2.656250,2.593750,2.593750,1.231530,152800
1981-01-30,2.593750,2.625000,2.562500,2.562500,1.216692,37600
1981-02-02,2.562500,2.593750,2.562500,2.562500,1.216692,60800
1981-02-03,2.562500,2.593750,2.562500,2.562500,1.216692,12800
1981-02-04,2.593750,2.656250,2.593750,2.593750,1.231530,52000
1981-02-05,2.656250,2.687500,2.656250,2.656250,1.261205,85600
1981-02-06,2.687500,2.718750,2.687500,2.687500,1.276044,7200
1981-02-09,2.687500,2.750000,2.687500,2.687500,1.276044,11200
1981-02-10,2.718750,2.781250,2.718750,2.718750,1.290881,32000
1981-02-11,2.718750,2.781250,2.718750,2.718750,1.290881,70400
1981-02-12,2.718750,2.781250,2.718750,2.718750,1.290881,19200
1981-02-13,2.718750,2.781250,2.718750,2.718750,1.290881,8000
1981-02-17,2.750000,2.781250,2.750000,2.750000,1.305718,10400
1981-02-18,2.750000,2.812500,2.750000,2.750000,1.305718,19200
1981-02-19,2.750000,2.812500,2.750000,2.750000,1.305718,189600
1981-02-20,2.781250,2.812500,2.781250,2.781250,1.320556,45600
1981-02-23,2.875000,2.937500,2.875000,2.875000,1.365070,49600
1981-02-24,2.906250,2.937500,2.906250,2.906250,1.379907,129600
1981-02-25,2.906250,2.906250,2.875000,2.875000,1.365070,88800
1981-02-26,2.906250,2.937500,2.906250,2.906250,1.379907,82400
1981-02-27,2.906250,2.937500,2.906250,2.906250,1.379907,12800
1981-03-02,2.906250,2.968750,2.906250,2.906250,1.379907,8000
1981-03-03,3.000000,3.062500,3.000000,3.000000,1.424420,72800
1981-03-04,3.000000,3.062500,3.000000,3.000000,1.424420,128000
1981-03-05,3.000000,3.062500,3.000000,3.000000,1.424420,24800
1981-03-06,3.093750,3.156250,3.093750,3.093750,1.468933,60800
1981-03-09,3.125000,3.156250,3.125000,3.125000,1.483770,74400
1981-03-10,3.218750,3.250000,3.218750,3.218750,1.528284,120800
1981-03-11,3.187500,3.187500,3.125000,3.125000,1.483770,80800
1981-03-12,3.125000,3.187500,3.125000,3.125000,1.483770,10400
1981-03-13,3.125000,3.187500,3.125000,3.125000,1.483770,40000
1981-03-16,3.125000,3.156250,3.125000,3.125000,1.483770,30400
1981-03-17,3.125000,3.156250,3.125000,3.125000,1.483770,108800
1981-03-18,3.125000,3.187500,3.125000,3.125000,1.483770,74400
1981-03-19,3.281250,3.312500,3.281250,3.281250,1.557960,95200
1981-03-20,3.312500,3.375000,3.312500,3.312500,1.572798,798400
1981-03-23,3.406250,3.468750,3.406250,3.406250,1.617310,51200
1981-03-24,3.406250,3.437500,3.375000,3.375000,1.602473,29600
1981-03-25,3.375000,3.437500,3.375000,3.375000,1.602473,36000
1981-03-26,3.375000,3.437500,3.375000,3.375000,1.602473,49600
1981-03-27,3.406250,3.437500,3.406250,3.406250,1.617310,69600
1981-03-30,3.406250,3.437500,3.406250,3.406250,1.617310,23200
1981-03-31,3.406250,3.468750,3.406250,3.406250,1.617310,18400
1981-04-01,3.437500,3.500000,3.437500,3.437500,1.632148,68000
1981-04-02,3.468750,3.500000,3.468750,3.468750,1.646986,32800
1981-04-03,3.468750,3.500000,3.468750,3.468750,1.646986,92800
1981-04-06,3.468750,3.531250,3.468750,3.468750,1.646986,96000
1981-04-07,3.468750,3.531250,3.468750,3.468750,1.646986,18400
1981-04-08,3.468750,3.531250,3.468750,3.468750,1.646986,42400
1981-04-09,3.468750,3.500000,3.468750,3.468750,1.646986,147200
1981-04-10,3.281250,3.281250,3.250000,3.250000,1.543122,104800
1981-04-13,3.250000,3.281250,3.250000,3.250000,1.543122,937600
1981-04-14,3.250000,3.281250,3.250000,3.250000,1.543122,11200
1981-04-15,3.281250,3.312500,3.281250,3.281250,1.557960,72800
1981-04-16,3.281250,3.312500,3.281250,3.281250,1.557960,8000
1981-04-20,3.343750,3.406250,3.343750,3.343750,1.587635,64800
1981-04-21,3.343750,3.406250,3.343750,3.343750,1.587635,36000
1981-04-22,3.468750,3.500000,3.468750,3.468750,1.646986,134400
1981-04-23,3.500000,3.562500,3.500000,3.500000,1.661824,58400
1981-04-24,3.531250,3.593750,3.531250,3.531250,1.676662,56000
1981-04-27,3.531250,3.593750,3.531250,3.531250,1.676662,13600
1981-04-28,3.531250,3.625000,3.531250,3.531250,1.676662,15200
1981-04-29,3.531250,3.593750,3.531250,3.531250,1.676662,58400
1981-04-30,3.531250,3.593750,3.531250,3.531250,1.676662,69600
1981-05-01,3.531250,3.562500,3.531250,3.531250,1.676662,26400
1981-05-04,3.531250,3.531250,3.468750,3.468750,1.646986,52000
1981-05-05,3.468750,3.468750,3.406250,3.406250,1.617310,15200
1981-05-06,3.468750,3.500000,3.468750,3.468750,1.646986,434400
1981-05-07,3.468750,3.531250,3.468750,3.468750,1.646986,60000
1981-05-08,3.468750,3.531250,3.468750,3.468750,1.646986,17600
1981-05-11,3.468750,3.500000,3.437500,3.437500,1.632148,39200
1981-05-12,3.468750,3.531250,3.468750,3.468750,1.646986,104000
1981-05-13,3.562500,3.593750,3.562500,3.562500,1.691499,72000
1981-05-14,3.562500,3.625000,3.562500,3.562500,1.691499,18400
1981-05-15,3.562500,3.625000,3.562500,3.562500,1.691499,10400
1981-05-18,3.562500,3.593750,3.562500,3.562500,1.691499,20000
1981-05-19,3.562500,3.625000,3.562500,3.562500,1.691499,21600
1981-05-20,3.937500,3.968750,3.937500,3.937500,1.869552,144800
1981-05-21,3.812500,3.812500,3.781250,3.781250,1.795363,344800
1981-05-22,3.781250,3.843750,3.781250,3.781250,1.795363,24800
1981-05-26,3.843750,3.875000,3.843750,3.843750,1.825037,224800
1981-05-27,3.843750,3.875000,3.812500,3.812500,1.810201,40000
1981-05-28,3.843750,3.875000,3.843750,3.843750,1.825037,120000
1981-05-29,3.843750,3.875000,3.843750,3.843750,1.825037,140000
1981-06-01,3.843750,3.890625,3.843750,3.843750,1.825037,115200
1981-06-02,3.843750,3.875000,3.843750,3.843750,1.825037,49600
1981-06-03,3.843750,3.875000,3.843750,3.843750,1.825037,9600
1981-06-04,3.843750,3.875000,3.843750,3.843750,1.825037,217600
1981-06-05,3.843750,3.875000,3.843750,3.843750,1.825037,201600
1981-06-08,3.843750,3.875000,3.812500,3.812500,1.810201,85600
1981-06-09,3.812500,3.812500,3.750000,3.750000,1.780525,44000
1981-06-10,3.750000,3.812500,3.750000,3.750000,1.780525,9600
1981-06-11,3.781250,3.812500,3.781250,3.781250,1.795363,115200
1981-06-12,3.781250,3.843750,3.781250,3.781250,1.795363,453600
1981-06-15,3.812500,3.875000,3.812500,3.812500,1.810201,175200
1981-06-16,3.875000,3.906250,3.875000,3.875000,1.839877,92800
1981-06-17,3.937500,3.968750,3.937500,3.937500,1.869552,37600
1981-06-18,4.000000,4.062500,4.000000,4.000000,1.899227,169600
1981-06-19,4.000000,4.000000,3.937500,3.937500,1.869552,58400
1981-06-22,3.937500,4.000000,3.937500,3.937500,1.869552,12800
1981-06-23,4.000000,4.062500,4.000000,4.000000,1.899227,153600
1981-06-24,4.031250,4.093750,4.031250,4.031250,1.914065,36000
1981-06-25,4.187500,4.250000,4.187500,4.187500,1.988254,148800
1981-06-26,4.187500,4.218750,4.156250,4.156250,1.973415,68000
1981-06-29,4.062500,4.062500,4.000000,4.000000,1.899227,124800
1981-06-30,4.031250,4.093750,4.031250,4.031250,1.914065,52000
1981-07-01,4.000000,4.000000,3.937500,3.937500,1.869552,100000
1981-07-02,3.937500,3.968750,3.906250,3.906250,1.854714,40000
1981-07-06,3.906250,3.968750,3.906250,3.906250,1.854714,29600
1981-07-07,3.906250,3.968750,3.906250,3.906250,1.854714,59200
1981-07-08,3.937500,3.968750,3.937500,3.937500,1.869552,15200
1981-07-09,3.937500,4.031250,3.937500,3.937500,1.869552,60800
1981-07-10,3.968750,4.031250,3.968750,3.968750,1.884388,15200
1981-07-13,3.968750,4.031250,3.968750,3.968750,1.884388,73600
1981-07-14,4.000000,4.031250,4.000000,4.000000,1.899227,64000
1981-07-15,4.093750,4.125000,4.093750,4.093750,1.943739,104000
1981-07-16,4.156250,4.187500,4.156250,4.156250,1.973415,75200
1981-07-17,4.156250,4.218750,4.156250,4.156250,1.973415,265600
1981-07-20,4.156250,4.187500,4.156250,4.156250,1.973415,50400
1981-07-21,4.156250,4.156250,4.093750,4.093750,1.943739,230400
1981-07-22,4.093750,4.156250,4.093750,4.093750,1.943739,44000
1981-07-23,4.031250,4.031250,4.000000,4.000000,1.899227,97600
1981-07-24,4.000000,4.000000,3.968750,3.968750,1.884388,40800
1981-07-27,3.968750,4.000000,3.937500,3.937500,1.869552,9600
1981-07-28,3.937500,3.968750,3.937500,3.937500,1.869552,6400
1981-07-29,3.937500,3.968750,3.937500,3.937500,1.869552,7200
1981-07-30,3.968750,4.000000,3.968750,3.968750,1.884388,20000
1981-07-31,4.031250,4.062500,4.031250,4.031250,1.914065,67200
1981-08-03,4.093750,4.125000,4.093750,4.093750,1.943739,49600
1981-08-04,4.093750,4.093750,4.062500,4.062500,1.928903,65600
1981-08-05,4.062500,4.125000,4.062500,4.062500,1.928903,18400
1981-08-06,4.093750,4.125000,4.093750,4.093750,1.943739,57600
1981-08-07,4.062500,4.062500,4.031250,4.031250,1.914065,20000
1981-08-10,4.031250,4.031250,4.031250,4.031250,1.914065,0
1981-08-11,4.000000,4.000000,3.937500,3.937500,1.869552,52000
1981-08-12,3.968750,4.000000,3.968750,3.968750,1.884388,28800
1981-08-13,3.843750,3.843750,3.781250,3.781250,1.795363,144800
1981-08-14,3.906250,3.937500,3.906250,3.906250,1.854714,71200
1981-08-17,3.906250,3.937500,3.906250,3.906250,1.854714,18400
1981-08-18,3.906250,3.906250,3.875000,3.875000,1.839877,11200
1981-08-19,4.000000,4.062500,4.000000,4.000000,1.899227,47200
1981-08-20,4.093750,4.125000,4.093750,4.093750,1.943739,266400
1981-08-21,4.125000,4.156250,4.125000,4.125000,1.958578,54400
1981-08-24,4.125000,4.125000,4.062500,4.062500,1.928903,200000
1981-08-25,4.000000,4.000000,3.937500,3.937500,1.869552,89600
1981-08-26,3.968750,4.031250,3.968750,3.968750,1.884388,25600
1981-08-27,4.000000,4.062500,4.000000,4.000000,1.899227,35200
1981-08-28,4.000000,4.062500,4.000000,4.000000,1.899227,41600
1981-08-31,4.000000,4.062500,4.000000,4.000000,1.899227,88000
1981-09-01,4.000000,4.062500,4.000000,4.000000,1.899227,389600
1981-09-02,4.156250,4.187500,4.156250,4.156250,1.973415,236000
1981-09-03,4.093750,4.093750,4.062500,4.062500,1.928903,80800
1981-09-04,4.031250,4.031250,3.968750,3.968750,1.884388,100800
1981-09-08,3.968750,4.000000,3.968750,3.968750,1.884388,304800
1981-09-09,3.968750,4.031250,3.968750,3.968750,1.884388,105600
1981-09-10,4.000000,4.031250,4.000000,4.000000,1.899227,420800
1981-09-11,4.000000,4.062500,4.000000,4.000000,1.899227,181600
1981-09-14,4.062500,4.093750,4.062500,4.062500,1.928903,110400
1981-09-15,4.125000,4.187500,4.125000,4.125000,1.958578,333600
1981-09-16,4.125000,4.187500,4.125000,4.125000,1.958578,23200
1981-09-17,4.125000,4.156250,4.125000,4.125000,1.958578,48800
1981-09-18,4.125000,4.125000,4.093750,4.093750,1.943739,216800
1981-09-21,4.093750,4.125000,4.093750,4.093750,1.943739,199200
1981-09-22,4.093750,4.125000,4.093750,4.093750,1.943739,187200
1981-09-23,4.125000,4.156250,4.125000,4.125000,1.958578,289600
1981-09-24,4.125000,4.156250,4.093750,4.093750,1.943739,270400
1981-09-25,4.031250,4.031250,3.968750,3.968750,1.884388,80800
1981-09-28,3.968750,4.031250,3.968750,3.968750,1.884388,314400
1981-09-29,4.000000,4.062500,4.000000,4.000000,1.899227,131200
1981-09-30,4.000000,4.062500,4.000000,4.000000,1.899227,158400
1981-10-01,4.000000,4.031250,3.968750,3.968750,1.884388,21600
1981-10-02,4.000000,4.031250,4.000000,4.000000,1.899227,153600
1981-10-05,4.000000,4.031250,3.968750,3.968750,1.884388,123200
1981-10-06,3.968750,4.000000,3.968750,3.968750,1.884388,84000
1981-10-07,4.062500,4.125000,4.062500,4.062500,1.928903,172800
1981-10-08,4.062500,4.125000,4.062500,4.062500,1.928903,77600
1981-10-09,4.125000,4.187500,4.125000,4.125000,1.958578,250400
1981-10-12,4.312500,4.375000,4.312500,4.312500,2.047603,96000
1981-10-13,4.500000,4.531250,4.500000,4.500000,2.136630,132000
1981-10-14,4.500000,4.500000,4.437500,4.437500,2.106955,86400
1981-10-15,4.375000,4.375000,4.312500,4.312500,2.047603,232800
1981-10-16,4.312500,4.343750,4.281250,4.281250,2.032766,148800
1981-10-19,4.281250,4.343750,4.281250,4.281250,2.032766,58400
1981-10-20,4.312500,4.375000,4.312500,4.312500,2.047603,476800
1981-10-21,4.500000,4.562500,4.500000,4.500000,2.136630,405600
1981-10-22,4.500000,4.500000,4.468750,4.468750,2.121793,100800
1981-10-23,4.468750,4.531250,4.468750,4.468750,2.121793,443200
1981-10-26,4.500000,4.531250,4.500000,4.500000,2.136630,248000
1981-10-27,4.593750,4.687500,4.593750,4.593750,2.181143,103200
1981-10-28,4.718750,4.781250,4.718750,4.718750,2.240493,112800
1981-10-29,4.687500,4.687500,4.625000,4.625000,2.195982,343200
1981-10-30,4.687500,4.718750,4.687500,4.687500,2.225656,116800
1981-11-02,4.687500,4.718750,4.656250,4.656250,2.210819,87200
1981-11-03,4.656250,4.687500,4.625000,4.625000,2.195982,100800
1981-11-04,4.656250,4.687500,4.656250,4.656250,2.210819,109600
1981-11-05,4.593750,4.593750,4.562500,4.562500,2.166304,191200
1981-11-06,4.531250,4.531250,4.500000,4.500000,2.136630,171200
1981-11-09,4.500000,4.500000,4.437500,4.437500,2.106955,41600
1981-11-10,4.437500,4.500000,4.437500,4.437500,2.106955,116800
1981-11-11,4.406250,4.406250,4.343750,4.343750,2.062442,160800
1981-11-12,4.375000,4.437500,4.375000,4.375000,2.077280,116800
1981-11-13,4.375000,4.406250,4.375000,4.375000,2.077280,12000
1981-11-16,4.187500,4.187500,4.125000,4.125000,1.958578,146400
1981-11-17,3.968750,3.968750,3.937500,3.937500,1.869552,172800
1981-11-18,3.750000,3.750000,3.718750,3.718750,1.765687,461600
1981-11-19,3.625000,3.625000,3.562500,3.562500,1.691499,369600
1981-11-20,3.750000,3.781250,3.750000,3.750000,1.780525,244800
1981-11-23,3.781250,3.812500,3.781250,3.781250,1.795363,184000
1981-11-24,3.812500,3.843750,3.812500,3.812500,1.810201,204000
1981-11-25,3.812500,3.843750,3.812500,3.812500,1.810201,198400
1981-11-27,3.750000,3.750000,3.687500,3.687500,1.750850,104000
1981-11-30,3.687500,3.718750,3.656250,3.656250,1.736012,105600
1981-12-01,3.718750,3.781250,3.718750,3.718750,1.765687,314400
1981-12-02,3.750000,3.812500,3.750000,3.750000,1.780525,92800
1981-12-03,3.750000,3.781250,3.750000,3.750000,1.780525,358400
1981-12-04,3.687500,3.687500,3.656250,3.656250,1.736012,1145600
1981-12-07,3.593750,3.593750,3.531250,3.531250,1.676662,87200
1981-12-08,3.531250,3.531250,3.468750,3.468750,1.646986,396800
1981-12-09,3.531250,3.593750,3.531250,3.531250,1.676662,318400
1981-12-10,3.593750,3.656250,3.593750,3.593750,1.706336,63200
1981-12-11,3.593750,3.656250,3.593750,3.593750,1.706336,16000
1981-12-14,3.593750,3.656250,3.593750,3.593750,1.706336,62400
1981-12-15,3.593750,3.593750,3.562500,3.562500,1.691499,973600
1981-12-16,3.562500,3.593750,3.562500,3.562500,1.691499,348800
1981-12-17,3.562500,3.593750,3.562500,3.562500,1.691499,287200
1981-12-18,3.562500,3.593750,3.531250,3.531250,1.676662,39200
1981-12-21,3.656250,3.687500,3.656250,3.656250,1.736012,255200
1981-12-22,3.656250,3.687500,3.656250,3.656250,1.736012,396800
1981-12-23,3.656250,3.687500,3.656250,3.656250,1.736012,268000
1981-12-24,3.687500,3.718750,3.687500,3.687500,1.750850,58400
1981-12-28,3.687500,3.718750,3.687500,3.687500,1.750850,48000
1981-12-29,3.703125,3.750000,3.703125,3.703125,1.758268,25600
1981-12-30,3.812500,3.843750,3.812500,3.812500,1.810201,156000
1981-12-31,3.937500,4.000000,3.937500,3.937500,1.869552,65600
1982-01-04,3.937500,4.000000,3.937500,3.937500,1.869552,69600
1982-01-05,3.812500,3.812500,3.750000,3.750000,1.780525,644800
1982-01-06,3.750000,3.781250,3.750000,3.750000,1.780525,81600
1982-01-07,3.750000,3.812500,3.750000,3.750000,1.780525,130400
1982-01-08,3.968750,4.031250,3.968750,3.968750,1.884388,262400
1982-01-11,3.968750,4.000000,3.968750,3.968750,1.884388,81600
1982-01-12,3.968750,3.968750,3.937500,3.937500,1.869552,400000
1982-01-13,3.937500,3.937500,3.906250,3.906250,1.854714,26400
1982-01-14,3.937500,4.000000,3.937500,3.937500,1.869552,121600
1982-01-15,3.937500,4.000000,3.937500,3.937500,1.869552,4800
1982-01-18,3.937500,4.000000,3.937500,3.937500,1.869552,164000
1982-01-19,3.937500,4.000000,3.937500,3.937500,1.869552,14400
1982-01-20,3.937500,3.968750,3.906250,3.906250,1.854714,78400
1982-01-21,3.906250,3.968750,3.906250,3.906250,1.854714,1600
1982-01-22,3.906250,3.906250,3.875000,3.875000,1.839877,260000
1982-01-25,3.875000,3.875000,3.812500,3.812500,1.810201,43200
1982-01-26,3.718750,3.718750,3.656250,3.656250,1.736012,75200
1982-01-27,3.656250,3.687500,3.656250,3.656250,1.736012,34400
1982-01-28,3.687500,3.718750,3.687500,3.687500,1.750850,81600
1982-01-29,3.750000,3.812500,3.750000,3.750000,1.780525,175200
1982-02-01,3.750000,3.781250,3.750000,3.750000,1.780525,83200
1982-02-02,3.750000,3.781250,3.750000,3.750000,1.780525,94400
1982-02-03,3.781250,3.812500,3.781250,3.781250,1.795363,96000
1982-02-04,3.781250,3.812500,3.750000,3.750000,1.780525,364800
1982-02-05,3.781250,3.812500,3.781250,3.781250,1.795363,86400
1982-02-08,3.781250,3.812500,3.781250,3.781250,1.795363,99200
1982-02-09,3.781250,3.812500,3.781250,3.781250,1.795363,104000
1982-02-10,3.781250,3.843750,3.781250,3.781250,1.795363,372000
1982-02-11,3.750000,3.750000,3.687500,3.687500,1.750850,272000
1982-02-12,3.687500,3.718750,3.656250,3.656250,1.736012,72800
1982-02-16,3.656250,3.656250,3.593750,3.593750,1.706336,95200
1982-02-17,3.593750,3.656250,3.593750,3.593750,1.706336,69600
1982-02-18,3.593750,3.656250,3.593750,3.593750,1.706336,248800
1982-02-19,3.593750,3.656250,3.593750,3.593750,1.706336,88000
1982-02-22,3.687500,3.750000,3.687500,3.687500,1.750850,289600
1982-02-23,3.687500,3.718750,3.656250,3.656250,1.736012,56800
1982-02-24,3.687500,3.750000,3.687500,3.687500,1.750850,66400
1982-02-25,3.781250,3.843750,3.781250,3.781250,1.795363,204000
1982-02-26,3.781250,3.781250,3.718750,3.718750,1.765687,112000
1982-03-01,3.718750,3.781250,3.718750,3.718750,1.765687,205600
1982-03-02,3.812500,3.875000,3.812500,3.812500,1.810201,459200
1982-03-03,3.875000,3.937500,3.875000,3.875000,1.839877,319200
1982-03-04,3.968750,4.031250,3.968750,3.968750,1.884388,337600
1982-03-05,3.968750,4.000000,3.968750,3.968750,1.884388,24000
1982-03-08,3.875000,3.875000,3.812500,3.812500,1.810201,95200
1982-03-09,3.843750,3.875000,3.843750,3.843750,1.825037,335200
1982-03-10,3.750000,3.750000,3.687500,3.687500,1.750850,232000
1982-03-11,3.593750,3.593750,3.531250,3.531250,1.676662,344000
1982-03-12,3.531250,3.562500,3.531250,3.531250,1.676662,84800
1982-03-15,3.500000,3.500000,3.468750,3.468750,1.646986,328800
1982-03-16,3.468750,3.500000,3.468750,3.468750,1.646986,203200
1982-03-17,3.468750,3.500000,3.437500,3.437500,1.632148,243200
1982-03-18,3.375000,3.375000,3.343750,3.343750,1.587635,254400
1982-03-19,3.406250,3.468750,3.406250,3.406250,1.617310,190400
1982-03-22,3.468750,3.500000,3.468750,3.468750,1.646986,376800
1982-03-23,3.468750,3.468750,3.406250,3.406250,1.617310,156800
1982-03-24,3.406250,3.437500,3.406250,3.406250,1.617310,93600
1982-03-25,3.437500,3.500000,3.437500,3.437500,1.632148,148000
1982-03-26,3.437500,3.468750,3.437500,3.437500,1.632148,132000
1982-03-29,3.437500,3.500000,3.437500,3.437500,1.632148,162400
1982-03-30,3.500000,3.562500,3.500000,3.500000,1.661824,80800
1982-03-31,3.531250,3.593750,3.531250,3.531250,1.676662,45600
1982-04-01,3.531250,3.593750,3.531250,3.531250,1.676662,7200
1982-04-02,3.593750,3.625000,3.593750,3.593750,1.706336,100000
1982-04-05,3.625000,3.656250,3.625000,3.625000,1.721174,144000
1982-04-06,3.625000,3.656250,3.625000,3.625000,1.721174,18400
1982-04-07,3.625000,3.625000,3.593750,3.593750,1.706336,103200
1982-04-08,3.593750,3.625000,3.562500,3.562500,1.691499,72000
1982-04-12,3.593750,3.625000,3.593750,3.593750,1.706336,80800
1982-04-13,3.593750,3.625000,3.593750,3.593750,1.706336,45600
1982-04-14,3.593750,3.656250,3.593750,3.593750,1.706336,62400
1982-04-15,3.656250,3.718750,3.656250,3.656250,1.736012,143200
1982-04-16,3.718750,3.781250,3.718750,3.718750,1.765687,92800
1982-04-19,3.781250,3.843750,3.781250,3.781250,1.795363,84800
1982-04-20,3.875000,3.906250,3.875000,3.875000,1.839877,171200
1982-04-21,3.875000,3.875000,3.812500,3.812500,1.810201,159200
1982-04-22,3.875000,3.937500,3.875000,3.875000,1.839877,84800
1982-04-23,3.906250,3.968750,3.906250,3.906250,1.854714,190400
1982-04-26,3.906250,3.968750,3.906250,3.906250,1.854714,108800
1982-04-27,3.906250,3.906250,3.875000,3.875000,1.839877,39200
1982-04-28,3.875000,3.906250,3.875000,3.875000,1.839877,215200
1982-04-29,3.843750,3.843750,3.812500,3.812500,1.810201,147200
1982-04-30,3.812500,3.875000,3.812500,3.812500,1.810201,87200
1982-05-03,3.906250,3.968750,3.906250,3.906250,1.854714,44800
1982-05-04,4.000000,4.031250,4.000000,4.000000,1.899227,86400
1982-05-05,4.031250,4.062500,4.031250,4.031250,1.914065,51200
1982-05-06,3.968750,3.968750,3.937500,3.937500,1.869552,68800
1982-05-07,3.968750,4.000000,3.968750,3.968750,1.884388,199200
1982-05-10,3.937500,3.937500,3.906250,3.906250,1.854714,46400
1982-05-11,3.906250,3.937500,3.906250,3.906250,1.854714,51200
1982-05-12,3.875000,3.875000,3.843750,3.843750,1.825037,35200
1982-05-13,3.843750,3.906250,3.843750,3.843750,1.825037,170400
1982-05-14,3.875000,3.906250,3.875000,3.875000,1.839877,120000
1982-05-17,3.875000,3.937500,3.875000,3.875000,1.839877,73600
1982-05-18,3.875000,3.906250,3.843750,3.843750,1.825037,208000
1982-05-19,3.906250,3.937500,3.906250,3.906250,1.854714,28800
1982-05-20,3.937500,4.000000,3.937500,3.937500,1.869552,52000
1982-05-21,3.937500,4.000000,3.937500,3.937500,1.869552,80000
1982-05-24,3.937500,4.000000,3.937500,3.937500,1.869552,88000
1982-05-25,3.937500,4.000000,3.937500,3.937500,1.869552,12000
1982-05-26,3.937500,4.000000,3.937500,3.937500,1.869552,142400
1982-05-27,3.937500,3.968750,3.937500,3.937500,1.869552,157600
1982-05-28,3.937500,3.968750,3.906250,3.906250,1.854714,112800
1982-06-01,3.906250,3.937500,3.875000,3.875000,1.839877,67200
1982-06-02,3.875000,3.937500,3.875000,3.875000,1.839877,1600
1982-06-03,3.875000,3.937500,3.875000,3.875000,1.839877,54400
1982-06-04,3.875000,3.937500,3.875000,3.875000,1.839877,21600
1982-06-07,3.875000,3.937500,3.875000,3.875000,1.839877,49600
1982-06-08,3.875000,3.906250,3.875000,3.875000,1.839877,264000
1982-06-09,3.656250,3.656250,3.625000,3.625000,1.721174,200800
1982-06-10,3.718750,3.750000,3.718750,3.718750,1.765687,928000
1982-06-11,3.812500,3.875000,3.812500,3.812500,1.810201,427200
1982-06-14,3.812500,3.843750,3.781250,3.781250,1.795363,200800
1982-06-15,3.781250,3.812500,3.781250,3.781250,1.795363,119200
1982-06-16,3.781250,3.812500,3.781250,3.781250,1.795363,35200
1982-06-17,3.781250,3.781250,3.718750,3.718750,1.765687,100000
1982-06-18,3.718750,3.750000,3.718750,3.718750,1.765687,120800
1982-06-21,3.718750,3.750000,3.718750,3.718750,1.765687,135200
1982-06-22,3.718750,3.750000,3.718750,3.718750,1.765687,107200
1982-06-23,3.718750,3.781250,3.718750,3.718750,1.765687,176800
1982-06-24,3.781250,3.812500,3.781250,3.781250,1.795363,50400
1982-06-25,3.781250,3.812500,3.750000,3.750000,1.780525,101600
1982-06-28,3.781250,3.812500,3.781250,3.781250,1.795363,100000
1982-06-29,3.781250,3.812500,3.781250,3.781250,1.795363,108000
1982-06-30,3.812500,3.843750,3.812500,3.812500,1.810201,71200
1982-07-01,3.812500,3.875000,3.812500,3.812500,1.810201,9600
1982-07-02,3.812500,3.875000,3.812500,3.812500,1.810201,148000
1982-07-06,3.875000,3.906250,3.875000,3.875000,1.839877,152000
1982-07-07,3.875000,3.906250,3.875000,3.875000,1.839877,147200
1982-07-08,3.875000,3.906250,3.843750,3.843750,1.825037,253600
1982-07-09,3.875000,3.906250,3.875000,3.875000,1.839877,544800
1982-07-12,3.906250,3.937500,3.906250,3.906250,1.854714,552000
1982-07-13,4.062500,4.156250,4.062500,4.062500,1.928903,279200
1982-07-14,4.093750,4.156250,4.093750,4.093750,1.943739,94400
1982-07-15,4.125000,4.156250,4.125000,4.125000,1.958578,47200
1982-07-16,4.218750,4.281250,4.218750,4.218750,2.003090,152000
1982-07-19,4.250000,4.281250,4.250000,4.250000,2.017929,36000
1982-07-20,4.250000,4.312500,4.250000,4.250000,2.017929,90400
1982-07-21,4.250000,4.312500,4.250000,4.250000,2.017929,204000
1982-07-22,4.343750,4.406250,4.343750,4.343750,2.062442,117600
1982-07-23,4.250000,4.250000,4.218750,4.218750,2.003090,162400
1982-07-26,4.250000,4.281250,4.250000,4.250000,2.017929,24800
1982-07-27,4.250000,4.281250,4.250000,4.250000,2.017929,120000
1982-07-28,4.218750,4.218750,4.187500,4.187500,1.988254,112800
1982-07-29,4.187500,4.187500,4.156250,4.156250,1.973415,84800
1982-07-30,4.156250,4.187500,4.125000,4.125000,1.958578,192000
1982-08-02,4.156250,4.187500,4.156250,4.156250,1.973415,33600
1982-08-03,4.125000,4.125000,4.093750,4.093750,1.943739,290400
1982-08-04,4.093750,4.125000,4.093750,4.093750,1.943739,87200
1982-08-05,4.093750,4.093750,4.031250,4.031250,1.914065,212000
1982-08-06,4.000000,4.000000,3.937500,3.937500,1.869552,130400
1982-08-09,3.906250,3.906250,3.875000,3.875000,1.839877,153600
1982-08-10,3.875000,3.937500,3.875000,3.875000,1.839877,168000
1982-08-11,3.875000,3.906250,3.875000,3.875000,1.839877,113600
1982-08-12,3.875000,3.906250,3.875000,3.875000,1.839877,220000
1982-08-13,3.875000,3.875000,3.812500,3.812500,1.810201,100800
1982-08-16,3.812500,3.843750,3.812500,3.812500,1.810201,60000
1982-08-17,3.906250,3.937500,3.906250,3.906250,1.854714,84800
1982-08-18,4.125000,4.156250,4.125000,4.125000,1.958578,297600
1982-08-19,4.187500,4.218750,4.187500,4.187500,1.988254,71200
1982-08-20,4.343750,4.406250,4.343750,4.343750,2.062442,88000
1982-08-23,4.531250,4.593750,4.531250,4.531250,2.151468,197600
1982-08-24,4.500000,4.500000,4.468750,4.468750,2.121793,108000
1982-08-25,4.500000,4.531250,4.500000,4.500000,2.136630,63200
1982-08-26,4.562500,4.625000,4.562500,4.562500,2.166304,103200
1982-08-27,4.562500,4.625000,4.562500,4.562500,2.166304,231200
1982-08-30,4.718750,4.781250,4.718750,4.718750,2.240493,152800
1982-08-31,4.718750,4.750000,4.718750,4.718750,2.240493,181600
1982-09-01,4.718750,4.750000,4.718750,4.718750,2.240493,111200
1982-09-02,4.812500,4.843750,4.812500,4.812500,2.285007,226400
1982-09-03,4.812500,4.843750,4.812500,4.812500,2.285007,250400
1982-09-07,4.718750,4.718750,4.687500,4.687500,2.225656,136800
1982-09-08,4.687500,4.750000,4.687500,4.687500,2.225656,19200
1982-09-09,4.781250,4.812500,4.781250,4.781250,2.270169,238400
1982-09-10,4.781250,4.812500,4.781250,4.781250,2.270169,201600
1982-09-13,4.718750,4.718750,4.687500,4.687500,2.225656,334400
1982-09-14,4.718750,4.750000,4.718750,4.718750,2.240493,248000
1982-09-15,4.718750,4.718750,4.687500,4.687500,2.225656,175200
1982-09-16,4.781250,4.812500,4.781250,4.781250,2.270169,484000
1982-09-17,4.781250,4.781250,4.750000,4.750000,2.255332,32800
1982-09-20,4.750000,4.781250,4.718750,4.718750,2.240493,92800
1982-09-21,4.718750,4.750000,4.718750,4.718750,2.240493,72000
1982-09-22,4.718750,4.718750,4.687500,4.687500,2.225656,237600
1982-09-23,4.687500,4.718750,4.656250,4.656250,2.210819,95200
1982-09-24,4.656250,4.687500,4.656250,4.656250,2.210819,13600
1982-09-27,4.656250,4.687500,4.656250,4.656250,2.210819,83200
1982-09-28,4.687500,4.718750,4.687500,4.687500,2.225656,275200
1982-09-29,4.687500,4.718750,4.687500,4.687500,2.225656,72000
1982-09-30,4.750000,4.781250,4.750000,4.750000,2.255332,204000
1982-10-01,4.750000,4.781250,4.750000,4.750000,2.255332,132800
1982-10-04,4.750000,4.781250,4.718750,4.718750,2.240493,113600
1982-10-05,4.750000,4.781250,4.750000,4.750000,2.255332,112000
1982-10-06,4.781250,4.843750,4.781250,4.781250,2.270169,833600
1982-10-07,4.968750,5.000000,4.968750,4.968750,2.359197,559200
1982-10-08,5.218750,5.250000,5.218750,5.218750,2.477898,963200
1982-10-11,5.218750,5.218750,5.187500,5.187500,2.463060,183200
1982-10-12,5.218750,5.250000,5.218750,5.218750,2.477898,199200
1982-10-13,5.812500,5.843750,5.812500,5.812500,2.759814,601600
1982-10-14,5.718750,5.718750,5.687500,5.687500,2.700463,258400
1982-10-15,5.625000,5.625000,5.593750,5.593750,2.655951,140000
1982-10-18,5.500000,5.500000,5.437500,5.437500,2.581762,248800
1982-10-19,5.562500,5.593750,5.562500,5.562500,2.641112,144800
1982-10-20,5.593750,5.656250,5.593750,5.593750,2.655951,52800
1982-10-21,5.593750,5.593750,5.531250,5.531250,2.626274,584800
1982-10-22,5.531250,5.593750,5.531250,5.531250,2.626274,38400
1982-10-25,5.468750,5.468750,5.406250,5.406250,2.566925,105600
1982-10-26,5.406250,5.468750,5.406250,5.406250,2.566925,64800
1982-10-27,5.437500,5.500000,5.437500,5.437500,2.581762,20800
1982-10-28,5.468750,5.531250,5.468750,5.468750,2.596599,72800
1982-10-29,5.500000,5.531250,5.500000,5.500000,2.611437,32000
1982-11-01,5.562500,5.593750,5.562500,5.562500,2.641112,40000
1982-11-02,5.906250,5.968750,5.906250,5.906250,2.804328,246400
1982-11-03,6.031250,6.093750,6.031250,6.031250,2.863678,100000
1982-11-04,6.125000,6.156250,6.125000,6.125000,2.908191,98400
1982-11-05,6.125000,6.187500,6.125000,6.125000,2.908191,104000
1982-11-08,6.281250,6.343750,6.281250,6.281250,2.982380,128800
1982-11-09,6.312500,6.343750,6.312500,6.312500,2.997218,90400
1982-11-10,6.187500,6.187500,6.156250,6.156250,2.923029,324800
1982-11-11,6.187500,6.218750,6.187500,6.187500,2.937866,62400
1982-11-12,6.187500,6.187500,6.125000,6.125000,2.908191,97600
1982-11-15,5.906250,5.906250,5.875000,5.875000,2.789490,184000
1982-11-16,5.656250,5.656250,5.625000,5.625000,2.670788,219200
1982-11-17,5.625000,5.625000,5.562500,5.562500,2.641112,331200
1982-11-18,5.656250,5.718750,5.656250,5.656250,2.685625,358400
1982-11-19,5.812500,5.843750,5.812500,5.812500,2.759814,192800
1982-11-22,5.781250,5.781250,5.750000,5.750000,2.730139,159200
1982-11-23,5.781250,5.812500,5.781250,5.781250,2.744977,82400
1982-11-24,5.781250,5.812500,5.781250,5.781250,2.744977,201600
1982-11-26,5.781250,5.812500,5.781250,5.781250,2.744977,109600
1982-11-29,5.781250,5.781250,5.718750,5.718750,2.715302,120000
1982-11-30,5.781250,5.812500,5.781250,5.781250,2.744977,82400
1982-12-01,5.843750,5.875000,5.843750,5.843750,2.774652,292000
1982-12-02,5.906250,5.968750,5.906250,5.906250,2.804328,639200
1982-12-03,5.968750,6.031250,5.968750,5.968750,2.834002,384000
1982-12-06,6.000000,6.062500,6.000000,6.000000,2.848840,303200
1982-12-07,6.156250,6.218750,6.156250,6.156250,2.923029,255200
1982-12-08,6.156250,6.187500,6.156250,6.156250,2.923029,52000
1982-12-09,6.125000,6.125000,6.062500,6.062500,2.878515,104000
1982-12-10,6.062500,6.093750,6.031250,6.031250,2.863678,79200
1982-12-13,6.093750,6.125000,6.093750,6.093750,2.893354,160800
1982-12-14,6.125000,6.156250,6.125000,6.125000,2.908191,36800
1982-12-15,6.125000,6.125000,6.093750,6.093750,2.893354,87200
1982-12-16,6.093750,6.125000,6.093750,6.093750,2.893354,108800
1982-12-17,6.093750,6.125000,6.093750,6.093750,2.893354,79200
1982-12-20,6.093750,6.125000,6.093750,6.093750,2.893354,80800
1982-12-21,6.125000,6.187500,6.125000,6.125000,2.908191,40000
1982-12-22,6.125000,6.125000,6.062500,6.062500,2.878515,152800
1982-12-23,6.093750,6.156250,6.093750,6.093750,2.893354,364000
1982-12-27,6.093750,6.156250,6.093750,6.093750,2.893354,16000
1982-12-28,6.093750,6.125000,6.062500,6.062500,2.878515,6400
1982-12-29,6.062500,6.125000,6.062500,6.062500,2.878515,10400
1982-12-30,6.062500,6.125000,6.062500,6.062500,2.878515,18400
1982-12-31,6.062500,6.125000,6.062500,6.062500,2.878515,1600
1983-01-03,6.062500,6.125000,6.062500,6.062500,2.878515,24000
1983-01-04,6.031250,6.031250,6.000000,6.000000,2.848840,88000
1983-01-05,6.000000,6.062500,6.000000,6.000000,2.848840,51200
1983-01-06,6.000000,6.031250,6.000000,6.000000,2.848840,38400
1983-01-07,6.000000,6.062500,6.000000,6.000000,2.848840,53600
1983-01-10,6.000000,6.031250,5.937500,5.937500,2.819164,30400
1983-01-11,5.906250,5.906250,5.843750,5.843750,2.774652,107200
1983-01-12,5.875000,5.906250,5.875000,5.875000,2.789490,24800
1983-01-13,5.875000,5.906250,5.875000,5.875000,2.789490,13600
1983-01-14,5.875000,5.906250,5.875000,5.875000,2.789490,36800
1983-01-17,5.968750,6.000000,5.968750,5.968750,2.834002,116000
1983-01-18,5.968750,6.031250,5.968750,5.968750,2.834002,88800
1983-01-19,6.031250,6.093750,6.031250,6.031250,2.863678,116800
1983-01-20,6.031250,6.093750,6.031250,6.031250,2.863678,51200
1983-01-21,6.000000,6.000000,5.937500,5.937500,2.819164,169600
1983-01-24,5.812500,5.812500,5.750000,5.750000,2.730139,61600
1983-01-25,5.750000,5.781250,5.750000,5.750000,2.730139,32800
1983-01-26,5.843750,5.875000,5.843750,5.843750,2.774652,116000
1983-01-27,5.843750,5.937500,5.843750,5.843750,2.774652,418400
1983-01-28,5.906250,5.937500,5.906250,5.906250,2.804328,60800
1983-01-31,5.906250,5.937500,5.906250,5.906250,2.804328,4000
1983-02-01,5.906250,5.906250,5.875000,5.875000,2.789490,44000
1983-02-02,5.875000,5.906250,5.875000,5.875000,2.789490,49600
1983-02-03,5.875000,5.875000,5.843750,5.843750,2.774652,112800
1983-02-04,6.000000,6.031250,6.000000,6.000000,2.848840,323200
1983-02-07,6.062500,6.125000,6.062500,6.062500,2.878515,136000
1983-02-08,6.062500,6.156250,6.062500,6.109375,2.900772,151200
1983-02-09,6.109375,6.156250,6.093750,6.093750,2.893354,92800
1983-02-10,6.093750,6.156250,6.093750,6.093750,2.893354,54400
1983-02-11,6.093750,6.156250,6.093750,6.093750,2.893354,83200
1983-02-14,6.093750,6.156250,6.093750,6.109375,2.900772,66400
1983-02-15,6.109375,6.156250,6.093750,6.093750,2.893354,45600
1983-02-16,6.093750,6.125000,6.093750,6.093750,2.893354,55200
1983-02-17,6.093750,6.125000,6.093750,6.125000,2.908191,48800
1983-02-18,6.125000,6.125000,6.078125,6.078125,2.885934,208800
1983-02-22,6.078125,6.125000,6.062500,6.125000,2.908191,242400
1983-02-23,6.125000,6.125000,6.031250,6.062500,2.878515,40800
1983-02-24,6.062500,6.125000,6.031250,6.109375,2.900772,359200
1983-02-25,6.109375,6.156250,6.093750,6.125000,2.908191,152800
1983-02-28,6.125000,6.343750,6.093750,6.343750,3.012056,162400
1983-03-01,6.343750,6.468750,6.343750,6.437500,3.056567,72800
1983-03-02,6.500000,6.562500,6.500000,6.562500,3.115920,24800
1983-03-03,6.562500,6.750000,6.500000,6.750000,3.204946,91200
1983-03-04,6.750000,7.187500,6.718750,7.031250,3.338485,112000
1983-03-07,7.031250,7.125000,6.968750,6.968750,3.308810,56000
1983-03-08,6.968750,7.000000,6.843750,6.906250,3.279135,164800
1983-03-09,6.906250,6.968750,6.843750,6.968750,3.308810,195200
1983-03-10,6.968750,7.156250,6.906250,7.125000,3.382997,120000
1983-03-11,7.125000,7.156250,7.093750,7.125000,3.382997,56000
1983-03-14,7.125000,7.187500,7.093750,7.187500,3.412673,242400
1983-03-15,7.187500,7.281250,7.187500,7.281250,3.457186,79200
1983-03-16,7.281250,7.312500,7.250000,7.250000,3.442349,7200
1983-03-17,7.250000,7.500000,7.218750,7.500000,3.561051,71200
1983-03-18,7.500000,8.000000,7.500000,7.781250,3.694588,483200
1983-03-21,7.781250,7.812500,7.750000,7.750000,3.679753,28800
1983-03-22,7.781250,7.906250,7.781250,7.812500,3.709428,230400
1983-03-23,7.812500,7.906250,7.812500,7.843750,3.724264,308000
1983-03-24,7.781250,7.781250,7.687500,7.687500,3.650074,170400
1983-03-25,7.687500,7.718750,7.687500,7.687500,3.650074,34400
1983-03-28,7.687500,7.750000,7.656250,7.656250,3.635238,396000
1983-03-29,7.671875,7.750000,7.671875,7.750000,3.679753,321600
1983-03-30,7.750000,7.812500,7.734375,7.812500,3.709428,243200
1983-03-31,7.812500,7.875000,7.812500,7.812500,3.709428,76000
1983-04-04,7.812500,7.968750,7.812500,7.875000,3.739104,58400
1983-04-05,7.875000,7.968750,7.875000,7.968750,3.783618,417600
1983-04-06,7.968750,7.968750,7.890625,7.906250,3.753939,274400
1983-04-07,7.906250,7.937500,7.875000,7.906250,3.753939,184000
1983-04-08,7.906250,7.968750,7.875000,7.968750,3.783618,286400
1983-04-11,7.968750,8.031250,7.937500,8.031250,3.813293,52800
1983-04-12,8.031250,8.031250,7.937500,8.000000,3.798453,74400
1983-04-13,8.000000,8.031250,7.968750,8.031250,3.813293,4800
1983-04-14,8.031250,8.125000,7.968750,8.093750,3.842968,40800
1983-04-15,8.156250,8.312500,8.156250,8.250000,3.917156,188800
1983-04-18,8.250000,8.375000,8.250000,8.312500,3.946830,89600
1983-04-19,8.312500,8.375000,8.281250,8.375000,3.976507,42400
1983-04-20,8.375000,8.437500,8.312500,8.437500,4.006180,28800
1983-04-21,8.437500,8.562500,8.406250,8.562500,4.065532,67200
1983-04-22,8.562500,8.625000,8.562500,8.593750,4.080371,120800
1983-04-25,8.656250,8.750000,8.656250,8.687500,4.124884,40000
1983-04-26,8.687500,8.750000,8.656250,8.718750,4.139721,76800
1983-04-27,8.687500,8.687500,8.625000,8.625000,4.095206,90400
1983-04-28,8.625000,8.656250,8.531250,8.593750,4.080371,40000
1983-04-29,8.593750,8.625000,8.593750,8.593750,4.080371,103200
1983-05-02,8.625000,8.656250,8.625000,8.656250,4.110047,196000
1983-05-03,8.656250,8.656250,8.562500,8.562500,4.065532,117600
1983-05-04,8.562500,8.593750,8.562500,8.562500,4.065532,31200
1983-05-05,8.562500,8.656250,8.531250,8.656250,4.110047,31200
1983-05-06,8.656250,8.687500,8.625000,8.625000,4.095206,138400
1983-05-09,8.656250,8.687500,8.656250,8.687500,4.124884,12800
1983-05-10,8.687500,8.750000,8.656250,8.750000,4.154559,220800
1983-05-11,8.750000,8.750000,8.687500,8.687500,4.124884,126400
1983-05-12,8.687500,8.750000,8.687500,8.750000,4.154559,88800
1983-05-13,8.750000,8.750000,8.687500,8.687500,4.124884,250400
1983-05-16,8.687500,8.750000,8.687500,8.687500,4.124884,143200
1983-05-17,8.687500,8.843750,8.687500,8.781250,4.169397,66400
1983-05-18,8.875000,9.468750,8.875000,9.437500,4.480986,228000
1983-05-19,9.437500,9.468750,9.218750,9.281250,4.406802,127200
1983-05-20,9.281250,9.281250,9.218750,9.281250,4.406802,380800
1983-05-23,9.281250,9.375000,9.265625,9.375000,4.451312,139200
1983-05-24,9.375000,9.406250,9.312500,9.406250,4.466152,111200
1983-05-25,9.406250,9.437500,9.343750,9.406250,4.466152,216000
1983-05-26,9.406250,9.406250,9.375000,9.406250,4.466152,82400
1983-05-27,9.406250,9.625000,9.375000,9.625000,4.570015,165600
1983-05-31,9.625000,9.625000,9.531250,9.562500,4.540339,68000
1983-06-01,9.562500,9.625000,9.562500,9.593750,4.555176,86400
1983-06-02,9.593750,9.625000,9.531250,9.531250,4.525503,16000
1983-06-03,9.562500,9.656250,9.562500,9.656250,4.584853,18400
1983-06-06,9.656250,9.687500,9.593750,9.687500,4.599688,20800
1983-06-07,9.687500,9.750000,9.656250,9.734375,4.621947,20000
1983-06-08,9.734375,9.781250,9.718750,9.781250,4.644205,58400
1983-06-09,9.781250,9.812500,9.718750,9.812500,4.659039,33600
1983-06-10,9.812500,9.906250,9.812500,9.906250,4.703556,51200
1983-06-13,9.906250,9.968750,9.906250,9.937500,4.718394,76800
1983-06-14,9.937500,10.031250,9.937500,10.000000,4.748069,44000
1983-06-15,10.000000,10.062500,10.000000,10.062500,4.777742,103200
1983-06-16,5.500000,5.500000,5.125000,5.500000,2.611437,456000
1983-06-17,5.500000,5.750000,5.500000,5.750000,2.730139,499200
1983-06-20,5.750000,5.750000,5.687500,5.750000,2.730139,154400
1983-06-21,5.750000,5.781250,5.687500,5.718750,2.715302,143200
1983-06-22,5.718750,5.750000,5.625000,5.687500,2.700463,121600
1983-06-23,5.687500,5.687500,5.281250,5.375000,2.552088,209600
1983-06-24,5.375000,5.375000,5.328125,5.375000,2.552088,76000
1983-06-27,5.375000,5.375000,5.218750,5.312500,2.522411,74400
1983-06-28,5.312500,5.312500,5.093750,5.093750,2.418547,64000
1983-06-29,5.093750,5.125000,4.906250,5.000000,2.374034,131200
1983-06-30,5.000000,5.062500,5.000000,5.000000,2.374034,96000
1983-07-01,5.000000,5.000000,4.937500,5.000000,2.374034,73600
1983-07-05,5.000000,5.000000,4.937500,4.937500,2.344359,41600
1983-07-06,4.937500,5.000000,4.937500,4.968750,2.359197,168000
1983-07-07,4.968750,5.062500,4.968750,5.031250,2.388871,316800
1983-07-08,5.031250,5.062500,4.968750,5.031250,2.388871,54400
1983-07-11,5.031250,5.062500,5.000000,5.062500,2.403708,85600
1983-07-12,5.062500,5.250000,5.031250,5.250000,2.492735,144000
1983-07-13,5.250000,5.406250,5.218750,5.375000,2.552088,421600
1983-07-14,5.375000,5.531250,5.343750,5.468750,2.596599,267200
1983-07-15,5.468750,5.531250,5.468750,5.500000,2.611437,204800
1983-07-18,5.500000,5.500000,5.390625,5.437500,2.581762,80800
1983-07-19,5.437500,5.437500,5.312500,5.312500,2.522411,101600
1983-07-20,5.312500,5.375000,5.031250,5.125000,2.433385,186400
1983-07-21,5.125000,5.281250,5.125000,5.281250,2.507573,371200
1983-07-22,5.281250,5.281250,5.218750,5.281250,2.507573,152000
1983-07-25,5.281250,5.281250,5.250000,5.281250,2.507573,44000
1983-07-26,5.281250,5.359375,5.250000,5.281250,2.507573,418400
1983-07-27,5.312500,5.437500,5.312500,5.406250,2.566925,531200
1983-07-28,5.406250,5.437500,5.250000,5.312500,2.522411,171200
1983-07-29,5.312500,5.312500,5.218750,5.250000,2.492735,84800
1983-08-01,5.250000,5.250000,5.187500,5.187500,2.463060,63200
1983-08-02,5.187500,5.250000,5.187500,5.187500,2.463060,74400
1983-08-03,5.187500,5.250000,5.187500,5.250000,2.492735,223200
1983-08-04,5.250000,5.281250,5.125000,5.187500,2.463060,264800
1983-08-05,5.187500,5.187500,5.062500,5.125000,2.433385,149600
1983-08-08,5.125000,5.125000,5.031250,5.031250,2.388871,976000
1983-08-09,5.031250,5.093750,5.000000,5.093750,2.418547,106400
1983-08-10,5.093750,5.093750,5.031250,5.093750,2.418547,56800
1983-08-11,5.093750,5.093750,5.031250,5.093750,2.418547,232800
1983-08-12,5.093750,5.093750,5.031250,5.093750,2.418547,189600
1983-08-15,5.093750,5.093750,5.000000,5.062500,2.403708,104000
1983-08-16,5.062500,5.062500,4.843750,4.906250,2.329520,115200
1983-08-17,4.906250,4.968750,4.875000,4.937500,2.344359,128000
1983-08-18,4.906250,4.906250,4.781250,4.781250,2.270169,585600
1983-08-19,4.781250,4.875000,4.750000,4.765625,2.262751,123200
1983-08-22,4.765625,4.781250,4.625000,4.625000,2.195982,186400
1983-08-23,4.625000,4.687500,4.531250,4.531250,2.151468,115200
1983-08-24,4.531250,4.562500,4.500000,4.562500,2.166304,1312800
1983-08-25,4.562500,4.562500,4.500000,4.562500,2.166304,284000
1983-08-26,4.562500,4.562500,4.500000,4.531250,2.151468,70400
1983-08-29,4.531250,4.562500,4.500000,4.562500,2.166304,97600
1983-08-30,4.562500,4.562500,4.531250,4.562500,2.166304,45600
1983-08-31,4.562500,4.906250,4.531250,4.906250,2.329520,231200
1983-09-01,4.906250,5.000000,4.875000,5.000000,2.374034,154400
1983-09-02,5.000000,5.000000,4.937500,5.000000,2.374034,163200
1983-09-06,5.000000,5.000000,4.906250,4.968750,2.359197,180800
1983-09-07,4.968750,4.968750,4.875000,4.937500,2.344359,314400
1983-09-08,4.937500,4.937500,4.875000,4.937500,2.344359,120000
1983-09-09,4.937500,4.937500,4.906250,4.937500,2.344359,237600
1983-09-12,4.937500,4.937500,4.906250,4.937500,2.344359,324800
1983-09-13,4.937500,4.937500,4.875000,4.875000,2.314683,96800
1983-09-14,4.875000,4.906250,4.843750,4.906250,2.329520,68800
1983-09-15,4.906250,4.906250,4.843750,4.843750,2.299844,78400
1983-09-16,4.843750,4.906250,4.812500,4.875000,2.314683,620000
1983-09-19,4.875000,4.875000,4.828125,4.875000,2.314683,47200
1983-09-20,4.875000,4.875000,4.843750,4.843750,2.299844,172800
1983-09-21,4.843750,4.875000,4.812500,4.812500,2.285007,143200
1983-09-22,4.812500,4.875000,4.812500,4.875000,2.314683,121600
1983-09-23,4.875000,4.875000,4.843750,4.843750,2.299844,95200
1983-09-26,4.843750,4.875000,4.812500,4.812500,2.285007,144000
1983-09-27,4.812500,4.875000,4.781250,4.781250,2.270169,84800
1983-09-28,4.781250,4.843750,4.781250,4.843750,2.299844,82400
1983-09-29,4.843750,4.843750,4.750000,4.750000,2.255332,52000
1983-09-30,4.750000,4.843750,4.656250,4.656250,2.210819,178400
1983-10-03,4.656250,4.750000,4.625000,4.687500,2.225656,344800
1983-10-04,4.687500,4.750000,4.656250,4.718750,2.240493,283200
1983-10-05,4.718750,4.718750,4.687500,4.687500,2.225656,328800
1983-10-06,4.687500,4.718750,4.687500,4.687500,2.225656,223200
1983-10-07,4.718750,4.875000,4.718750,4.875000,2.314683,329600
1983-10-10,4.875000,4.921875,4.781250,4.906250,2.329520,39200
1983-10-11,4.906250,4.906250,4.843750,4.906250,2.329520,153600
1983-10-12,4.906250,4.906250,4.843750,4.843750,2.299844,415200
1983-10-13,4.843750,4.906250,4.796875,4.843750,2.299844,152800
1983-10-14,4.843750,4.843750,4.718750,4.718750,2.240493,712800
1983-10-17,4.718750,4.781250,4.687500,4.687500,2.225656,96800
1983-10-18,4.687500,4.750000,4.687500,4.750000,2.255332,216000
1983-10-19,4.750000,4.750000,4.562500,4.625000,2.195982,132800
1983-10-20,4.625000,4.625000,4.562500,4.593750,2.181143,128800
1983-10-21,4.593750,4.593750,4.531250,4.593750,2.181143,96800
1983-10-24,4.593750,4.593750,4.500000,4.593750,2.181143,137600
1983-10-25,4.593750,4.625000,4.531250,4.625000,2.195982,81600
1983-10-26,4.625000,4.656250,4.562500,4.656250,2.210819,249600
1983-10-27,4.656250,4.656250,4.593750,4.656250,2.210819,1475200
1983-10-28,4.656250,4.750000,4.656250,4.656250,2.210819,81600
1983-10-31,4.687500,4.781250,4.687500,4.718750,2.240493,126400
1983-11-01,4.750000,4.812500,4.750000,4.781250,2.270169,276000
1983-11-02,4.781250,4.781250,4.687500,4.781250,2.270169,72000
1983-11-03,4.781250,4.781250,4.656250,4.718750,2.240493,441600
1983-11-04,4.718750,4.718750,4.593750,4.640625,2.203401,773600
1983-11-07,4.640625,4.687500,4.625000,4.625000,2.195982,70400
1983-11-08,4.625000,4.687500,4.562500,4.593750,2.181143,208000
1983-11-09,4.593750,4.625000,4.500000,4.593750,2.181143,122400
1983-11-10,4.593750,4.593750,4.500000,4.531250,2.151468,80000
1983-11-11,4.531250,4.593750,4.500000,4.500000,2.136630,483200
1983-11-14,4.562500,4.656250,4.562500,4.656250,2.210819,197600
1983-11-15,4.656250,4.687500,4.609375,4.609375,2.188563,124000
1983-11-16,4.687500,4.781250,4.687500,4.718750,2.240493,357600
1983-11-17,4.718750,4.812500,4.687500,4.812500,2.285007,494400
1983-11-18,4.812500,4.968750,4.781250,4.937500,2.344359,548800
1983-11-21,4.937500,5.000000,4.906250,4.906250,2.329520,984000
1983-11-22,4.906250,4.968750,4.906250,4.953125,2.351778,462400
1983-11-23,4.953125,5.031250,4.937500,5.000000,2.374034,773600
1983-11-25,5.000000,5.031250,4.968750,4.968750,2.359197,425600
1983-11-28,4.968750,5.031250,4.968750,4.968750,2.359197,122400
1983-11-29,4.968750,5.031250,4.968750,4.968750,2.359197,112000
1983-11-30,4.968750,5.000000,4.890625,4.890625,2.322103,236800
1983-12-01,4.890625,4.937500,4.812500,4.875000,2.314683,164800
1983-12-02,4.875000,4.875000,4.781250,4.859375,2.307263,773600
1983-12-05,4.843750,4.843750,4.750000,4.781250,2.270169,56800
1983-12-06,4.781250,4.812500,4.625000,4.625000,2.195982,216000
1983-12-07,4.625000,4.687500,4.531250,4.593750,2.181143,264800
1983-12-08,4.593750,4.625000,4.562500,4.593750,2.181143,61600
1983-12-09,4.593750,4.625000,4.500000,4.531250,2.151468,132800
1983-12-12,4.531250,4.531250,4.468750,4.468750,2.121793,799200
1983-12-13,4.468750,4.531250,4.468750,4.500000,2.136630,700000
1983-12-14,4.500000,4.500000,4.468750,4.468750,2.121793,176000
1983-12-15,4.468750,4.468750,4.437500,4.468750,2.121793,258400
1983-12-16,4.468750,4.468750,4.437500,4.437500,2.106955,87200
1983-12-19,4.437500,4.468750,4.437500,4.437500,2.106955,246400
1983-12-20,4.437500,4.468750,4.390625,4.406250,2.092118,629600
1983-12-21,4.406250,4.468750,4.406250,4.468750,2.121793,59200
1983-12-22,4.468750,4.515625,4.406250,4.437500,2.106955,430400
1983-12-23,4.437500,4.500000,4.437500,4.500000,2.136630,40000
1983-12-27,4.500000,4.500000,4.468750,4.500000,2.136630,71200
1983-12-28,4.500000,4.500000,4.468750,4.500000,2.136630,284800
1983-12-29,4.500000,4.500000,4.421875,4.468750,2.121793,921600
1983-12-30,4.468750,4.500000,4.437500,4.468750,2.121793,278400
1984-01-03,4.468750,4.468750,4.406250,4.437500,2.106955,479200
1984-01-04,4.437500,4.468750,4.406250,4.468750,2.121793,773600
1984-01-05,4.468750,4.468750,4.406250,4.453125,2.114374,311200
1984-01-06,4.453125,4.500000,4.437500,4.500000,2.136630,445600
1984-01-09,4.500000,4.562500,4.437500,4.562500,2.166304,362400
1984-01-10,4.562500,4.750000,4.500000,4.687500,2.225656,340000
1984-01-11,4.687500,4.750000,4.687500,4.718750,2.240493,529600
1984-01-12,4.718750,4.718750,4.625000,4.687500,2.225656,385600
1984-01-13,4.687500,4.687500,4.625000,4.687500,2.225656,711200
1984-01-16,4.687500,4.687500,4.609375,4.625000,2.195982,253600
1984-01-17,4.625000,4.656250,4.625000,4.625000,2.195982,141600
1984-01-18,4.625000,4.781250,4.625000,4.750000,2.255332,112000
1984-01-19,4.750000,4.812500,4.718750,4.750000,2.255332,130400
1984-01-20,4.750000,4.812500,4.750000,4.765625,2.262751,80000
1984-01-23,4.765625,4.781250,4.656250,4.656250,2.210819,681600
1984-01-24,4.656250,4.718750,4.625000,4.718750,2.240493,595200
1984-01-25,4.718750,4.750000,4.531250,4.625000,2.195982,435200
1984-01-26,4.625000,4.625000,4.468750,4.531250,2.151468,187200
1984-01-27,4.531250,4.531250,4.406250,4.531250,2.151468,409600
1984-01-30,4.531250,4.562500,4.375000,4.437500,2.106955,116000
1984-01-31,4.437500,4.500000,4.375000,4.500000,2.136630,368800
1984-02-01,4.500000,4.500000,4.437500,4.468750,2.121793,71200
1984-02-02,4.468750,4.562500,4.468750,4.562500,2.166304,104800
1984-02-03,4.562500,4.562500,4.468750,4.500000,2.136630,1028000
1984-02-06,4.500000,4.562500,4.468750,4.500000,2.136630,364000
1984-02-07,4.500000,4.500000,4.343750,4.437500,2.106955,410400
1984-02-08,4.437500,4.437500,4.375000,4.375000,2.077280,163200
1984-02-09,4.375000,4.437500,4.375000,4.375000,2.077280,84800
1984-02-10,4.375000,4.406250,4.343750,4.406250,2.092118,212000
1984-02-13,4.406250,4.406250,4.156250,4.218750,2.003090,112000
1984-02-14,4.218750,4.281250,4.156250,4.250000,2.017929,256000
1984-02-15,4.250000,4.375000,4.250000,4.343750,2.062442,106400
1984-02-16,4.343750,4.375000,4.281250,4.343750,2.062442,16000
1984-02-17,4.343750,4.343750,4.312500,4.312500,2.047603,155200
1984-02-21,4.312500,4.343750,4.281250,4.312500,2.047603,67200
1984-02-22,4.312500,4.312500,4.156250,4.187500,1.988254,533600
1984-02-23,4.187500,4.250000,3.843750,4.062500,1.928903,552800
1984-02-24,4.062500,4.218750,4.062500,4.203125,1.995672,217600
1984-02-27,4.203125,4.250000,4.156250,4.187500,1.988254,369600
1984-02-28,4.187500,4.234375,4.125000,4.156250,1.973415,290400
1984-02-29,4.156250,4.156250,3.968750,3.968750,1.884388,1200000
1984-03-01,3.968750,4.015625,3.843750,3.906250,1.854714,586400
1984-03-02,3.906250,3.906250,3.703125,3.796875,1.802782,3029600
1984-03-05,3.796875,3.843750,3.593750,3.593750,1.706336,1300000
1984-03-06,3.593750,3.625000,3.546875,3.546875,1.684080,1065600
1984-03-07,3.546875,3.625000,3.375000,3.453125,1.639567,3660800
1984-03-08,3.453125,3.562500,3.437500,3.562500,1.691499,489600
1984-03-09,3.562500,3.593750,3.500000,3.593750,1.706336,528800
1984-03-12,3.593750,3.718750,3.531250,3.656250,1.736012,611200
1984-03-13,3.656250,3.750000,3.562500,3.718750,1.765687,913600
1984-03-14,3.718750,3.843750,3.687500,3.843750,1.825037,418400
1984-03-15,3.843750,3.906250,3.812500,3.906250,1.854714,188800
1984-03-16,3.906250,3.937500,3.875000,3.906250,1.854714,528800
1984-03-19,3.906250,3.937500,3.750000,3.843750,1.825037,336000
1984-03-20,3.843750,3.875000,3.781250,3.812500,1.810201,53600
1984-03-21,3.875000,3.968750,3.875000,3.906250,1.854714,197600
1984-03-22,3.906250,3.906250,3.812500,3.875000,1.839877,132800
1984-03-23,3.875000,3.875000,3.718750,3.781250,1.795363,267200
1984-03-26,3.781250,3.781250,3.718750,3.718750,1.765687,305600
1984-03-27,3.718750,3.750000,3.687500,3.734375,1.773106,126400
1984-03-28,3.734375,3.750000,3.687500,3.718750,1.765687,285600
1984-03-29,3.718750,3.812500,3.656250,3.812500,1.810201,1114400
1984-03-30,3.812500,3.812500,3.750000,3.812500,1.810201,93600
1984-04-02,3.812500,3.812500,3.750000,3.781250,1.795363,60800
1984-04-03,3.781250,3.812500,3.687500,3.718750,1.765687,220000
1984-04-04,3.718750,3.718750,3.687500,3.718750,1.765687,116800
1984-04-05,3.718750,3.718750,3.625000,3.625000,1.721174,144000
1984-04-06,3.625000,3.656250,3.593750,3.656250,1.736012,53600
1984-04-09,3.656250,3.656250,3.593750,3.625000,1.721174,149600
1984-04-10,3.625000,3.625000,3.562500,3.593750,1.706336,170400
1984-04-11,3.593750,3.656250,3.562500,3.656250,1.736012,1173600
1984-04-12,3.656250,3.687500,3.593750,3.687500,1.750850,99200
1984-04-13,3.687500,3.750000,3.687500,3.687500,1.750850,55200
1984-04-16,3.687500,3.750000,3.687500,3.718750,1.765687,70400
1984-04-17,3.718750,3.781250,3.718750,3.750000,1.780525,217600
1984-04-18,3.750000,3.781250,3.718750,3.781250,1.795363,1596000
1984-04-19,3.781250,3.781250,3.718750,3.781250,1.795363,102400
1984-04-23,3.781250,3.781250,3.718750,3.750000,1.780525,107200
1984-04-24,3.750000,3.781250,3.718750,3.750000,1.780525,422400
1984-04-25,3.750000,3.781250,3.750000,3.750000,1.780525,663200
1984-04-26,3.750000,3.812500,3.750000,3.812500,1.810201,316000
1984-04-27,3.812500,3.812500,3.781250,3.781250,1.795363,113600
1984-04-30,3.781250,3.812500,3.781250,3.781250,1.795363,42400
1984-05-01,3.781250,3.875000,3.781250,3.875000,1.839877,694400
1984-05-02,3.875000,3.875000,3.812500,3.843750,1.825037,1439200
1984-05-03,3.843750,3.968750,3.843750,3.937500,1.869552,636800
1984-05-04,3.937500,3.937500,3.875000,3.906250,1.854714,107200
1984-05-07,3.906250,3.906250,3.875000,3.906250,1.854714,157600
1984-05-08,3.906250,3.906250,3.843750,3.875000,1.839877,257600
1984-05-09,3.875000,3.937500,3.843750,3.937500,1.869552,134400
1984-05-10,3.968750,4.062500,3.968750,4.000000,1.899227,168000
1984-05-11,4.000000,4.062500,3.968750,3.968750,1.884388,104000
1984-05-14,3.968750,4.031250,3.906250,3.968750,1.884388,260000
1984-05-15,3.968750,4.031250,3.906250,3.984375,1.891809,252000
1984-05-16,3.984375,4.031250,3.843750,3.875000,1.839877,308000
1984-05-17,3.875000,3.875000,3.765625,3.781250,1.795363,725600
1984-05-18,3.781250,3.843750,3.781250,3.843750,1.825037,350400
1984-05-21,3.843750,3.875000,3.781250,3.875000,1.839877,196800
1984-05-22,3.875000,3.968750,3.843750,3.968750,1.884388,181600
1984-05-23,3.968750,3.968750,3.875000,3.875000,1.839877,80800
1984-05-24,3.875000,3.937500,3.859375,3.875000,1.839877,265600
1984-05-25,3.875000,3.937500,3.843750,3.875000,1.839877,70400
1984-05-29,3.875000,3.937500,3.843750,3.843750,1.825037,139200
1984-05-30,3.843750,3.906250,3.781250,3.843750,1.825037,223200
1984-05-31,3.843750,3.875000,3.812500,3.812500,1.810201,165600
1984-06-01,3.843750,3.906250,3.843750,3.875000,1.839877,163200
1984-06-04,3.875000,3.906250,3.875000,3.906250,1.854714,28800
1984-06-05,3.906250,3.906250,3.843750,3.875000,1.839877,113600
1984-06-06,3.875000,3.906250,3.843750,3.843750,1.825037,53600
1984-06-07,3.843750,3.875000,3.718750,3.718750,1.765687,392800
1984-06-08,3.750000,3.812500,3.750000,3.812500,1.810201,39200
1984-06-11,3.812500,3.812500,3.750000,3.812500,1.810201,257600
1984-06-12,3.812500,3.812500,3.750000,3.812500,1.810201,73600
1984-06-13,3.812500,3.812500,3.750000,3.750000,1.780525,506400
1984-06-14,3.750000,3.812500,3.718750,3.750000,1.780525,1424000
1984-06-15,3.750000,3.781250,3.750000,3.750000,1.780525,90400
1984-06-18,3.750000,3.812500,3.750000,3.812500,1.810201,55200
1984-06-19,3.812500,3.875000,3.812500,3.812500,1.810201,85600
1984-06-20,3.812500,3.937500,3.812500,3.937500,1.869552,360800
1984-06-21,3.937500,4.125000,3.875000,4.093750,1.943739,205600
1984-06-22,4.093750,4.218750,4.093750,4.187500,1.988254,856000
1984-06-25,4.187500,4.250000,4.187500,4.218750,2.003090,49600
1984-06-26,4.218750,4.250000,4.156250,4.187500,1.988254,75200
1984-06-27,4.187500,4.187500,4.156250,4.187500,1.988254,118400
1984-06-28,4.187500,4.187500,4.125000,4.125000,1.958578,97600
1984-06-29,4.125000,4.187500,4.093750,4.093750,1.943739,231200
1984-07-02,4.093750,4.125000,3.968750,3.968750,1.884388,113600
1984-07-03,3.968750,4.062500,3.968750,4.031250,1.914065,544000
1984-07-05,4.031250,4.062500,4.000000,4.062500,1.928903,53600
1984-07-06,4.046875,4.046875,3.968750,4.000000,1.899227,299200
1984-07-09,4.000000,4.000000,3.968750,3.968750,1.884388,130400
1984-07-10,3.968750,4.000000,3.953125,4.000000,1.899227,108000
1984-07-11,4.000000,4.000000,3.937500,3.968750,1.884388,45600
1984-07-12,3.968750,3.984375,3.875000,3.906250,1.854714,316000
1984-07-13,3.906250,4.062500,3.906250,4.062500,1.928903,296000
1984-07-16,4.062500,4.062500,4.000000,4.062500,1.928903,45600
1984-07-17,4.062500,4.062500,4.000000,4.000000,1.899227,112000
1984-07-18,4.000000,4.062500,4.000000,4.000000,1.899227,38400
1984-07-19,4.000000,4.031250,4.000000,4.031250,1.914065,92000
1984-07-20,4.031250,4.031250,3.812500,3.875000,1.839877,204800
1984-07-23,3.812500,3.812500,3.500000,3.500000,1.661824,566400
1984-07-24,3.500000,3.531250,3.343750,3.375000,1.602473,1458400
1984-07-25,3.375000,3.468750,3.312500,3.468750,1.646986,330400
1984-07-26,3.468750,3.562500,3.468750,3.500000,1.661824,302400
1984-07-27,3.500000,3.531250,3.468750,3.500000,1.661824,221600
1984-07-30,3.500000,3.531250,3.468750,3.531250,1.676662,650400
1984-07-31,3.531250,3.531250,3.406250,3.500000,1.661824,299200
1984-08-01,3.500000,3.531250,3.468750,3.531250,1.676662,974400
1984-08-02,3.531250,3.718750,3.468750,3.718750,1.765687,2707200
1984-08-03,3.718750,3.937500,3.687500,3.937500,1.869552,930400
1984-08-06,3.937500,4.062500,3.812500,4.031250,1.914065,680800
1984-08-07,4.000000,4.000000,3.812500,3.875000,1.839877,307200
1984-08-08,3.875000,3.875000,3.687500,3.750000,1.780525,191200
1984-08-09,3.750000,3.843750,3.656250,3.843750,1.825037,411200
1984-08-10,3.843750,4.031250,3.843750,4.000000,1.899227,1801600
1984-08-13,4.000000,4.093750,4.000000,4.062500,1.928903,826400
1984-08-14,4.062500,4.125000,3.843750,3.875000,1.839877,1077600
1984-08-15,3.875000,3.875000,3.687500,3.750000,1.780525,769600
1984-08-16,3.718750,3.718750,3.562500,3.656250,1.736012,1759200
1984-08-17,3.656250,3.656250,3.500000,3.562500,1.691499,1774400
1984-08-20,3.562500,3.625000,3.562500,3.593750,1.706336,175200
1984-08-21,3.593750,3.750000,3.562500,3.687500,1.750850,690400
1984-08-22,3.687500,3.906250,3.593750,3.750000,1.780525,2228800
1984-08-23,3.750000,3.781250,3.718750,3.781250,1.795363,223200
1984-08-24,3.781250,3.781250,3.656250,3.687500,1.750850,252000
1984-08-27,3.687500,3.687500,3.625000,3.625000,1.721174,512000
1984-08-28,3.625000,3.687500,3.625000,3.625000,1.721174,127200
1984-08-29,3.625000,3.687500,3.625000,3.625000,1.721174,324000
1984-08-30,3.625000,3.656250,3.593750,3.593750,1.706336,172800
1984-08-31,3.593750,3.625000,3.593750,3.593750,1.706336,140800
1984-09-04,3.593750,3.625000,3.593750,3.593750,1.706336,116800
1984-09-05,3.593750,3.625000,3.593750,3.625000,1.721174,268800
1984-09-06,3.625000,3.656250,3.593750,3.656250,1.736012,538400
1984-09-07,3.656250,3.718750,3.625000,3.687500,1.750850,360000
1984-09-10,3.687500,3.718750,3.656250,3.687500,1.750850,124800
1984-09-11,3.687500,3.812500,3.687500,3.750000,1.780525,392000
1984-09-12,3.750000,3.937500,3.750000,3.843750,1.825037,281600
1984-09-13,3.843750,3.906250,3.843750,3.906250,1.854714,1135200
1984-09-14,3.906250,4.000000,3.875000,3.968750,1.884388,862400
1984-09-17,3.968750,3.968750,3.906250,3.968750,1.884388,204800
1984-09-18,3.968750,3.968750,3.875000,3.906250,1.854714,314400
1984-09-19,3.906250,3.968750,3.875000,3.937500,1.869552,941600
1984-09-20,3.937500,4.000000,3.906250,3.937500,1.869552,138400
1984-09-21,3.937500,3.968750,3.906250,3.906250,1.854714,64000
1984-09-24,3.906250,3.968750,3.812500,3.812500,1.810201,160800
1984-09-25,3.812500,3.875000,3.718750,3.781250,1.795363,408000
1984-09-26,3.781250,3.875000,3.750000,3.781250,1.795363,1468000
1984-09-27,3.781250,4.000000,3.781250,3.906250,1.854714,1553600
1984-09-28,3.906250,3.906250,3.875000,3.906250,1.854714,231200
1984-10-01,3.906250,3.937500,3.843750,3.843750,1.825037,236000
1984-10-02,3.843750,3.906250,3.843750,3.843750,1.825037,157600
1984-10-03,3.843750,3.937500,3.843750,3.875000,1.839877,227200
1984-10-04,3.875000,3.968750,3.875000,3.906250,1.854714,54400
1984-10-05,3.906250,4.000000,3.906250,3.937500,1.869552,56000
1984-10-08,3.937500,4.000000,3.937500,3.937500,1.869552,77600
1984-10-09,3.937500,3.968750,3.875000,3.906250,1.854714,116000
1984-10-10,3.906250,3.937500,3.875000,3.906250,1.854714,660000
1984-10-11,3.906250,4.000000,3.906250,3.937500,1.869552,1356800
1984-10-12,3.937500,4.031250,3.937500,4.031250,1.914065,71200
1984-10-15,4.031250,4.062500,3.937500,4.000000,1.899227,109600
1984-10-16,4.000000,4.062500,4.000000,4.062500,1.928903,496800
1984-10-17,4.062500,4.156250,4.000000,4.062500,1.928903,248800
1984-10-18,4.062500,4.156250,4.031250,4.125000,1.958578,367200
1984-10-19,4.125000,4.218750,4.125000,4.218750,2.003090,209600
1984-10-22,4.218750,4.218750,4.156250,4.171875,1.980834,243200
1984-10-23,4.171875,4.250000,4.156250,4.250000,2.017929,82400
1984-10-24,4.250000,4.250000,4.187500,4.250000,2.017929,411200
1984-10-25,4.250000,4.250000,4.156250,4.156250,1.973415,182400
1984-10-26,4.156250,4.187500,4.093750,4.187500,1.988254,1472800
1984-10-29,4.187500,4.187500,4.093750,4.156250,1.973415,172000
1984-10-30,4.156250,4.187500,4.125000,4.187500,1.988254,226400
1984-10-31,4.187500,4.218750,4.125000,4.187500,1.988254,594400
1984-11-01,4.187500,4.187500,4.093750,4.171875,1.980834,519200
1984-11-02,4.171875,4.187500,4.125000,4.156250,1.973415,131200
1984-11-05,4.156250,4.187500,4.125000,4.187500,1.988254,251200
1984-11-06,4.187500,4.250000,4.156250,4.218750,2.003090,284000
1984-11-07,4.218750,4.218750,4.156250,4.187500,1.988254,152800
1984-11-08,4.187500,4.187500,4.156250,4.156250,1.973415,177600
1984-11-09,4.156250,4.187500,4.156250,4.187500,1.988254,488800
1984-11-12,4.187500,4.250000,4.156250,4.250000,2.017929,248800
1984-11-13,4.250000,4.281250,4.187500,4.187500,1.988254,2310400
1984-11-14,4.187500,4.218750,4.125000,4.156250,1.973415,2567200
1984-11-15,4.156250,4.187500,4.125000,4.156250,1.973415,163200
1984-11-16,4.156250,4.187500,4.156250,4.156250,1.973415,113600
1984-11-19,4.156250,4.218750,4.000000,4.031250,1.914065,281600
1984-11-20,4.031250,4.031250,3.875000,4.000000,1.899227,1396800
1984-11-21,4.000000,4.000000,3.968750,4.000000,1.899227,860800
1984-11-23,4.000000,4.000000,3.968750,4.000000,1.899227,147200
1984-11-26,4.000000,4.031250,3.968750,4.000000,1.899227,321600
1984-11-27,4.000000,4.031250,3.968750,3.968750,1.884388,696800
1984-11-28,3.968750,4.000000,3.968750,3.968750,1.884388,64800
1984-11-29,3.968750,4.000000,3.906250,3.968750,1.884388,669600
1984-11-30,3.968750,3.968750,3.906250,3.906250,1.854714,44800
1984-12-03,3.906250,3.937500,3.875000,3.875000,1.839877,1178400
1984-12-04,3.875000,3.906250,3.843750,3.875000,1.839877,532000
1984-12-05,3.875000,3.875000,3.781250,3.812500,1.810201,336800
1984-12-06,3.812500,3.906250,3.796875,3.906250,1.854714,397600
1984-12-07,3.906250,3.906250,3.843750,3.875000,1.839877,175200
1984-12-10,3.875000,3.937500,3.843750,3.875000,1.839877,763200
1984-12-11,3.875000,3.906250,3.875000,3.875000,1.839877,600800
1984-12-12,3.875000,3.906250,3.812500,3.812500,1.810201,1172800
1984-12-13,3.812500,3.843750,3.718750,3.718750,1.765687,856800
1984-12-14,3.718750,3.781250,3.656250,3.750000,1.780525,1294400
1984-12-17,3.750000,3.781250,3.718750,3.718750,1.765687,101600
1984-12-18,3.750000,3.812500,3.750000,3.781250,1.795363,457600
1984-12-19,3.781250,3.812500,3.750000,3.781250,1.795363,620000
1984-12-20,3.781250,3.843750,3.750000,3.781250,1.795363,340000
1984-12-21,3.781250,3.843750,3.781250,3.812500,1.810201,243200
1984-12-24,3.812500,3.875000,3.812500,3.875000,1.839877,54400
1984-12-26,3.875000,3.906250,3.812500,3.875000,1.839877,137600
1984-12-27,3.875000,4.000000,3.843750,3.875000,1.839877,453600
1984-12-28,3.875000,3.937500,3.843750,3.906250,1.854714,344800
1984-12-31,3.906250,3.906250,3.875000,3.875000,1.839877,60000
1985-01-02,3.875000,3.906250,3.781250,3.781250,1.795363,172800
1985-01-03,3.781250,3.843750,3.781250,3.843750,1.825037,51200
1985-01-04,3.843750,3.843750,3.687500,3.687500,1.750850,536800
1985-01-07,3.687500,3.718750,3.687500,3.703125,1.758268,71200
1985-01-08,3.703125,3.718750,3.531250,3.562500,1.691499,279200
1985-01-09,3.562500,3.750000,3.531250,3.750000,1.780525,1007200
1985-01-10,3.750000,3.781250,3.687500,3.781250,1.795363,245600
1985-01-11,3.781250,3.937500,3.781250,3.875000,1.839877,1120800
1985-01-14,3.875000,3.937500,3.875000,3.875000,1.839877,1166400
1985-01-15,3.906250,4.015625,3.906250,3.968750,1.884388,488000
1985-01-16,3.968750,4.000000,3.937500,3.968750,1.884388,140800
1985-01-17,3.968750,4.000000,3.937500,4.000000,1.899227,1787200
1985-01-18,4.000000,4.031250,3.937500,4.000000,1.899227,140000
1985-01-21,4.000000,4.218750,3.968750,4.187500,1.988254,309600
1985-01-22,4.187500,4.281250,4.187500,4.250000,2.017929,455200
1985-01-23,4.250000,4.281250,4.187500,4.281250,2.032766,216000
1985-01-24,4.281250,4.437500,4.250000,4.375000,2.077280,480800
1985-01-25,4.375000,4.468750,4.343750,4.468750,2.121793,304800
1985-01-28,4.468750,4.625000,4.437500,4.562500,2.166304,511200
1985-01-29,4.562500,4.750000,4.562500,4.718750,2.240493,1680000
1985-01-30,4.718750,4.812500,4.687500,4.750000,2.255332,1224800
1985-01-31,4.750000,4.750000,4.562500,4.593750,2.181143,535200
1985-02-01,4.593750,4.625000,4.562500,4.562500,2.166304,207200
1985-02-04,4.562500,4.593750,4.562500,4.593750,2.181143,359200
1985-02-05,4.593750,4.593750,4.406250,4.406250,2.092118,373600
1985-02-06,4.406250,4.437500,4.343750,4.343750,2.062442,383200
1985-02-07,4.343750,4.437500,4.312500,4.437500,2.106955,3620000
1985-02-08,4.437500,4.625000,4.406250,4.562500,2.166304,254400
1985-02-11,4.562500,4.656250,4.531250,4.625000,2.195982,105600
1985-02-12,4.625000,4.625000,4.562500,4.625000,2.195982,31200
1985-02-13,4.625000,4.625000,4.531250,4.609375,2.188563,232800
1985-02-14,4.609375,4.656250,4.562500,4.562500,2.166304,251200
1985-02-15,4.562500,4.625000,4.562500,4.625000,2.195982,153600
1985-02-19,4.625000,4.625000,4.562500,4.562500,2.166304,160800
1985-02-20,4.593750,4.687500,4.593750,4.656250,2.210819,234400
1985-02-21,4.656250,4.687500,4.625000,4.656250,2.210819,99200
1985-02-22,4.656250,4.718750,4.625000,4.625000,2.195982,266400
1985-02-25,4.625000,4.687500,4.593750,4.625000,2.195982,627200
1985-02-26,4.625000,4.781250,4.625000,4.703125,2.233076,2411200
1985-02-27,4.703125,4.781250,4.656250,4.656250,2.210819,896000
1985-02-28,4.656250,4.687500,4.625000,4.687500,2.225656,1637600
1985-03-01,4.718750,4.968750,4.718750,4.906250,2.329520,1483200
1985-03-04,4.906250,4.968750,4.906250,4.906250,2.329520,420800
1985-03-05,4.906250,5.000000,4.906250,4.968750,2.359197,734400
1985-03-06,4.968750,5.093750,4.937500,5.031250,2.388871,714400
1985-03-07,5.031250,5.062500,4.968750,5.000000,2.374034,1278400
1985-03-08,5.000000,5.062500,4.937500,4.968750,2.359197,1607200
1985-03-11,4.968750,5.031250,4.937500,4.937500,2.344359,213600
1985-03-12,4.937500,5.000000,4.937500,4.953125,2.351778,429600
1985-03-13,4.953125,4.968750,4.750000,4.843750,2.299844,672800
1985-03-14,4.843750,4.906250,4.812500,4.875000,2.314683,244000
1985-03-15,4.875000,4.906250,4.875000,4.875000,2.314683,296000
1985-03-18,4.875000,4.906250,4.843750,4.843750,2.299844,216000
1985-03-19,4.843750,4.906250,4.843750,4.906250,2.329520,17600
1985-03-20,4.906250,4.906250,4.843750,4.875000,2.314683,87200
1985-03-21,4.875000,4.875000,4.843750,4.843750,2.299844,64800
1985-03-22,4.843750,4.875000,4.781250,4.781250,2.270169,372800
1985-03-25,4.781250,4.812500,4.718750,4.718750,2.240493,168800
1985-03-26,4.718750,4.750000,4.609375,4.718750,2.240493,504800
1985-03-27,4.718750,4.750000,4.687500,4.750000,2.255332,312000
1985-03-28,4.750000,4.781250,4.687500,4.718750,2.240493,210400
1985-03-29,4.718750,4.734375,4.687500,4.734375,2.247914,35200
1985-04-01,4.734375,4.781250,4.687500,4.750000,2.255332,121600
1985-04-02,4.750000,4.781250,4.750000,4.750000,2.255332,176000
1985-04-03,4.750000,4.750000,4.687500,4.687500,2.225656,213600
1985-04-04,4.687500,4.687500,4.531250,4.593750,2.181143,273600
1985-04-08,4.625000,4.687500,4.625000,4.656250,2.210819,261600
1985-04-09,4.656250,4.687500,4.656250,4.687500,2.225656,102400
1985-04-10,4.687500,4.875000,4.687500,4.875000,2.314683,854400
1985-04-11,4.875000,4.937500,4.812500,4.906250,2.329520,262400
1985-04-12,4.937500,5.031250,4.937500,4.968750,2.359197,360800
1985-04-15,4.968750,5.093750,4.968750,5.031250,2.388871,183200
1985-04-16,5.031250,5.203125,5.031250,5.125000,2.433385,645600
1985-04-17,5.125000,5.187500,5.125000,5.156250,2.448222,124000
1985-04-18,5.156250,5.187500,5.140625,5.156250,2.448222,919200
1985-04-19,5.156250,5.156250,5.031250,5.031250,2.388871,1265600
1985-04-22,5.031250,5.062500,4.968750,5.000000,2.374034,124000
1985-04-23,5.000000,5.031250,5.000000,5.031250,2.388871,271200
1985-04-24,5.031250,5.062500,5.000000,5.062500,2.403708,84000
1985-04-25,5.062500,5.125000,5.031250,5.031250,2.388871,163200
1985-04-26,5.031250,5.093750,5.031250,5.062500,2.403708,208000
1985-04-29,5.062500,5.093750,5.031250,5.062500,2.403708,168000
1985-04-30,5.062500,5.093750,5.031250,5.093750,2.418547,517600
1985-05-01,5.093750,5.125000,5.062500,5.093750,2.418547,178400
1985-05-02,5.093750,5.093750,5.062500,5.093750,2.418547,196000
1985-05-03,5.093750,5.125000,5.062500,5.093750,2.418547,52800
1985-05-06,5.093750,5.187500,5.093750,5.125000,2.433385,931200
1985-05-07,5.125000,5.218750,5.125000,5.156250,2.448222,220000
1985-05-08,5.156250,5.218750,5.156250,5.218750,2.477898,144000
1985-05-09,5.218750,5.375000,5.187500,5.375000,2.552088,276000
1985-05-10,5.375000,5.562500,5.375000,5.468750,2.596599,893600
1985-05-13,5.468750,5.531250,5.468750,5.531250,2.626274,176000
1985-05-14,5.531250,5.531250,5.468750,5.468750,2.596599,324800
1985-05-15,5.468750,5.500000,5.453125,5.468750,2.596599,881600
1985-05-16,5.468750,5.500000,5.453125,5.468750,2.596599,306400
1985-05-17,5.468750,5.812500,5.468750,5.781250,2.744977,1237600
1985-05-20,5.812500,5.937500,5.812500,5.906250,2.804328,1046400
1985-05-21,5.906250,5.937500,5.781250,5.812500,2.759814,817600
1985-05-22,5.812500,5.875000,5.796875,5.875000,2.789490,687200
1985-05-23,5.875000,5.906250,5.812500,5.875000,2.789490,700000
1985-05-24,5.875000,6.000000,5.875000,5.937500,2.819164,1053600
1985-05-28,5.937500,6.000000,5.906250,5.968750,2.834002,262400
1985-05-29,5.968750,6.062500,5.937500,6.062500,2.878515,483200
1985-05-30,6.062500,6.187500,6.000000,6.125000,2.908191,1222400
1985-05-31,6.125000,6.218750,6.062500,6.093750,2.893354,291200
1985-06-03,6.093750,6.250000,6.093750,6.187500,2.937866,727200
1985-06-04,6.187500,6.375000,6.187500,6.328125,3.004635,2220000
1985-06-05,6.343750,6.562500,6.343750,6.406250,3.041732,481600
1985-06-06,6.406250,6.437500,6.343750,6.375000,3.026893,234400
1985-06-07,6.375000,6.437500,6.203125,6.250000,2.967541,402400
1985-06-10,6.250000,6.281250,6.156250,6.218750,2.952706,262400
1985-06-11,6.218750,6.218750,6.093750,6.093750,2.893354,129600
1985-06-12,6.093750,6.156250,5.968750,6.031250,2.863678,310400
1985-06-13,6.031250,6.031250,5.781250,5.875000,2.789490,377600
1985-06-14,5.875000,5.953125,5.843750,5.906250,2.804328,330400
1985-06-17,5.906250,5.968750,5.843750,5.843750,2.774652,278400
1985-06-18,5.843750,5.890625,5.843750,5.843750,2.774652,1257600
1985-06-19,5.843750,5.937500,5.843750,5.843750,2.774652,1148800
1985-06-20,5.843750,5.906250,5.843750,5.843750,2.774652,304000
1985-06-21,5.843750,5.875000,5.812500,5.875000,2.789490,218400
1985-06-24,5.875000,5.875000,5.812500,5.812500,2.759814,127200
1985-06-25,5.812500,5.906250,5.812500,5.906250,2.804328,427200
1985-06-26,5.906250,6.156250,5.875000,6.062500,2.878515,625600
1985-06-27,6.062500,6.218750,6.062500,6.156250,2.923029,232000
1985-06-28,6.187500,6.375000,6.187500,6.312500,2.997218,702400
1985-07-01,6.343750,6.453125,6.343750,6.437500,3.056567,703200
1985-07-02,6.437500,6.531250,6.375000,6.406250,3.041732,525600
1985-07-03,6.406250,6.406250,6.343750,6.343750,3.012056,136000
1985-07-05,6.343750,6.343750,6.171875,6.250000,2.967541,494400
1985-07-08,6.218750,6.218750,6.031250,6.031250,2.863678,149600
1985-07-09,6.031250,6.125000,6.031250,6.125000,2.908191,34400
1985-07-10,6.125000,6.125000,6.031250,6.062500,2.878515,41600
1985-07-11,6.062500,6.093750,5.906250,6.000000,2.848840,216800
1985-07-12,6.000000,6.031250,5.937500,5.937500,2.819164,463200
1985-07-15,5.937500,6.031250,5.937500,6.000000,2.848840,260000
1985-07-16,6.000000,6.000000,5.875000,5.984375,2.841422,527200
1985-07-17,6.000000,6.093750,6.000000,6.093750,2.893354,894400
1985-07-18,6.093750,6.093750,5.937500,6.000000,2.848840,418400
1985-07-19,6.000000,6.031250,5.968750,5.968750,2.834002,1027200
1985-07-22,5.968750,6.031250,5.875000,5.937500,2.819164,550400
1985-07-23,5.968750,6.125000,5.968750,6.031250,2.863678,567200
1985-07-24,6.031250,6.125000,5.968750,6.125000,2.908191,1852800
1985-07-25,6.125000,6.250000,6.093750,6.218750,2.952706,845600
1985-07-26,6.218750,6.250000,6.187500,6.218750,2.952706,631200
1985-07-29,6.218750,6.218750,6.000000,6.031250,2.863678,268000
1985-07-30,6.000000,6.000000,5.937500,5.937500,2.819164,936000
1985-07-31,5.937500,5.968750,5.875000,5.906250,2.804328,584800
1985-08-01,5.906250,5.984375,5.906250,5.968750,2.834002,112000
1985-08-02,5.968750,6.031250,5.937500,6.000000,2.848840,385600
1985-08-05,6.000000,6.031250,5.937500,6.000000,2.848840,159200
1985-08-06,6.000000,6.062500,5.937500,5.968750,2.834002,203200
1985-08-07,5.968750,6.000000,5.843750,5.906250,2.804328,424000
1985-08-08,5.906250,5.937500,5.875000,5.906250,2.804328,795200
1985-08-09,5.906250,5.937500,5.875000,5.937500,2.819164,284000
1985-08-12,5.937500,5.937500,5.875000,5.906250,2.804328,141600
1985-08-13,5.906250,5.906250,5.781250,5.843750,2.774652,211200
1985-08-14,5.843750,5.875000,5.781250,5.875000,2.789490,234400
1985-08-15,5.875000,5.875000,5.687500,5.750000,2.730139,286400
1985-08-16,5.750000,5.843750,5.718750,5.843750,2.774652,207200
1985-08-19,5.812500,5.812500,5.750000,5.812500,2.759814,294400
1985-08-20,5.812500,5.906250,5.781250,5.875000,2.789490,237600
1985-08-21,5.875000,5.875000,5.781250,5.843750,2.774652,533600
1985-08-22,5.812500,5.812500,5.750000,5.750000,2.730139,1006400
1985-08-23,5.750000,5.781250,5.718750,5.765625,2.737559,498400
1985-08-26,5.750000,5.750000,5.593750,5.625000,2.670788,255200
1985-08-27,5.625000,5.718750,5.562500,5.656250,2.685625,798400
1985-08-28,5.656250,5.718750,5.656250,5.718750,2.715302,1556800
1985-08-29,5.718750,5.875000,5.687500,5.843750,2.774652,634400
1985-08-30,5.843750,5.843750,5.750000,5.781250,2.744977,142400
1985-09-03,5.781250,5.812500,5.687500,5.750000,2.730139,104000
1985-09-04,5.750000,5.750000,5.656250,5.718750,2.715302,134400
1985-09-05,5.718750,5.750000,5.593750,5.625000,2.670788,256800
1985-09-06,5.625000,5.687500,5.593750,5.593750,2.655951,318400
1985-09-09,5.593750,5.687500,5.593750,5.625000,2.670788,372800
1985-09-10,5.656250,5.734375,5.656250,5.687500,2.700463,1683200
1985-09-11,5.687500,5.718750,5.625000,5.625000,2.670788,365600
1985-09-12,5.625000,5.687500,5.593750,5.593750,2.655951,950400
1985-09-13,5.593750,5.625000,5.562500,5.562500,2.641112,452800
1985-09-16,5.562500,5.593750,5.531250,5.593750,2.655951,72000
1985-09-17,5.593750,5.593750,5.531250,5.531250,2.626274,226400
1985-09-18,5.531250,5.562500,5.406250,5.500000,2.611437,794400
1985-09-19,5.500000,5.593750,5.500000,5.562500,2.641112,93600
1985-09-20,5.562500,5.656250,5.500000,5.578125,2.648532,421600
1985-09-23,5.562500,5.562500,5.500000,5.500000,2.611437,216800
1985-09-24,5.500000,5.531250,5.375000,5.375000,2.552088,492000
1985-09-25,5.375000,5.437500,5.343750,5.406250,2.566925,459200
1985-09-26,5.406250,5.406250,5.250000,5.296875,2.514993,206400
1985-09-30,5.296875,5.312500,5.000000,5.187500,2.463060,1281600
1985-10-01,5.187500,5.281250,5.156250,5.250000,2.492735,1089600
1985-10-02,5.250000,5.406250,5.218750,5.343750,2.537248,1476800
1985-10-03,5.343750,5.437500,5.343750,5.406250,2.566925,259200
1985-10-04,5.406250,5.406250,5.312500,5.343750,2.537248,1458400
1985-10-07,5.343750,5.406250,5.343750,5.343750,2.537248,241600
1985-10-08,5.343750,5.375000,5.312500,5.375000,2.552088,388000
1985-10-09,5.375000,5.562500,5.343750,5.531250,2.626274,291200
1985-10-10,5.531250,5.718750,5.500000,5.656250,2.685625,252000
1985-10-11,5.718750,5.875000,5.718750,5.750000,2.730139,460800
1985-10-14,5.750000,5.875000,5.750000,5.812500,2.759814,284800
1985-10-15,5.812500,5.968750,5.781250,5.968750,2.834002,397600
1985-10-16,5.968750,5.968750,5.843750,5.843750,2.774652,366400
1985-10-17,5.875000,6.093750,5.875000,6.093750,2.893354,211200
1985-10-18,6.093750,6.125000,6.000000,6.000000,2.848840,234400
1985-10-21,6.000000,6.031250,6.000000,6.000000,2.848840,289600
1985-10-22,6.000000,6.156250,6.000000,6.093750,2.893354,596800
1985-10-23,6.093750,6.156250,6.093750,6.156250,2.923029,272800
1985-10-24,6.156250,6.156250,6.093750,6.093750,2.893354,49600
1985-10-25,6.093750,6.093750,6.031250,6.031250,2.863678,276000
1985-10-28,6.031250,6.062500,5.937500,5.968750,2.834002,889600
1985-10-29,5.968750,6.031250,5.937500,5.968750,2.834002,939200
1985-10-30,5.968750,6.031250,5.968750,6.031250,2.863678,410400
1985-10-31,6.031250,6.031250,5.968750,5.984375,2.841422,1064000
1985-11-01,5.984375,6.031250,5.968750,6.000000,2.848840,417600
1985-11-04,6.000000,6.218750,5.968750,6.156250,2.923029,514400
1985-11-05,6.156250,6.406250,6.156250,6.406250,3.041732,2492800
1985-11-06,6.406250,6.531250,6.218750,6.250000,2.967541,633600
1985-11-07,6.250000,6.281250,6.218750,6.250000,2.967541,192800
1985-11-08,6.250000,6.312500,6.218750,6.312500,2.997218,195200
1985-11-11,6.312500,6.468750,6.281250,6.437500,3.056567,312000
1985-11-12,6.437500,6.500000,6.406250,6.437500,3.056567,341600
1985-11-13,6.437500,6.468750,6.281250,6.281250,2.982380,208800
1985-11-14,6.281250,6.343750,6.250000,6.312500,2.997218,97600
1985-11-15,6.312500,6.437500,6.312500,6.375000,3.026893,754400
1985-11-18,6.375000,6.406250,6.312500,6.406250,3.041732,656000
1985-11-19,6.406250,6.406250,6.343750,6.343750,3.012056,87200
1985-11-20,6.343750,6.437500,6.343750,6.375000,3.026893,250400
1985-11-21,6.375000,6.593750,6.375000,6.437500,3.056567,555200
1985-11-22,6.437500,6.500000,6.437500,6.437500,3.056567,84000
1985-11-25,6.437500,6.500000,6.375000,6.375000,3.026893,182400
1985-11-26,6.375000,6.437500,6.343750,6.406250,3.041732,55200
1985-11-27,6.406250,6.437500,6.375000,6.375000,3.026893,208000
1985-11-29,6.375000,6.437500,6.375000,6.406250,3.041732,461600
1985-12-02,6.406250,6.468750,6.406250,6.406250,3.041732,79200
1985-12-03,6.406250,6.437500,6.375000,6.375000,3.026893,641600
1985-12-04,6.375000,6.453125,6.375000,6.406250,3.041732,383200
1985-12-05,6.406250,6.406250,6.156250,6.250000,2.967541,2171200
1985-12-06,6.218750,6.218750,6.125000,6.187500,2.937866,148800
1985-12-09,6.187500,6.187500,6.125000,6.125000,2.908191,123200
1985-12-10,6.125000,6.250000,6.062500,6.125000,2.908191,1631200
1985-12-11,6.187500,6.375000,6.187500,6.312500,2.997218,934400
1985-12-12,6.312500,6.343750,6.250000,6.312500,2.997218,609600
1985-12-13,6.312500,6.312500,6.156250,6.218750,2.952706,1651200
1985-12-16,6.218750,6.281250,6.187500,6.187500,2.937866,1258400
1985-12-17,6.218750,6.312500,6.218750,6.281250,2.982380,239200
1985-12-18,6.281250,6.312500,6.250000,6.250000,2.967541,130400
1985-12-19,6.250000,6.375000,6.250000,6.312500,2.997218,462400
1985-12-20,6.343750,6.468750,6.343750,6.468750,3.071406,628800
1985-12-23,6.437500,6.437500,6.343750,6.343750,3.012056,367200
1985-12-24,6.343750,6.375000,6.281250,6.281250,2.982380,1019200
1985-12-26,6.281250,6.312500,6.062500,6.125000,2.908191,680000
1985-12-27,6.125000,6.187500,5.968750,6.000000,2.848840,892800
1985-12-30,6.031250,6.156250,6.031250,6.156250,2.923029,2643200
1985-12-31,6.156250,6.156250,5.937500,5.968750,2.834002,1624000
1986-01-02,5.968750,6.156250,5.937500,6.125000,2.908191,472000
1986-01-03,6.125000,6.156250,6.125000,6.156250,2.923029,280000
1986-01-06,6.156250,6.218750,6.125000,6.156250,2.923029,251200
1986-01-07,6.156250,6.437500,6.156250,6.437500,3.056567,1088800
1986-01-08,6.437500,6.500000,6.375000,6.406250,3.041732,853600
1986-01-09,6.406250,6.406250,6.187500,6.250000,2.967541,1212000
1986-01-10,6.250000,6.312500,6.218750,6.250000,2.967541,349600
1986-01-13,6.250000,6.281250,6.187500,6.250000,2.967541,991200
1986-01-14,6.250000,6.281250,6.218750,6.250000,2.967541,359200
1986-01-15,6.250000,6.250000,6.218750,6.250000,2.967541,484000
1986-01-16,6.250000,6.250000,6.218750,6.250000,2.967541,1129600
1986-01-17,6.250000,6.343750,6.218750,6.281250,2.982380,867200
1986-01-20,6.281250,6.281250,6.218750,6.234375,2.960124,343200
1986-01-21,6.250000,6.343750,6.250000,6.250000,2.967541,127200
1986-01-22,6.281250,6.312500,6.281250,6.281250,2.982380,713600
1986-01-23,6.281250,6.312500,6.187500,6.250000,2.967541,240800
1986-01-24,6.250000,6.250000,6.125000,6.156250,2.923029,596000
1986-01-27,6.156250,6.218750,6.125000,6.187500,2.937866,516800
1986-01-28,6.187500,6.375000,6.187500,6.375000,3.026893,2167200
1986-01-29,6.375000,6.687500,6.343750,6.593750,3.130757,617600
1986-01-30,6.593750,6.656250,6.562500,6.625000,3.145596,342400
1986-01-31,6.625000,6.656250,6.593750,6.625000,3.145596,118400
1986-02-03,6.656250,6.750000,6.656250,6.718750,3.190107,312800
1986-02-04,6.718750,7.093750,6.718750,6.906250,3.279135,950400
1986-02-05,6.906250,6.968750,6.875000,6.937500,3.293971,768000
1986-02-06,6.937500,7.031250,6.921875,7.031250,3.338485,140800
1986-02-07,7.031250,7.031250,6.906250,7.000000,3.323647,362400
1986-02-10,7.000000,7.062500,6.937500,7.031250,3.338485,557600
1986-02-11,7.031250,7.093750,7.031250,7.093750,3.368159,61600
1986-02-12,7.093750,7.093750,6.968750,7.000000,3.323647,144800
1986-02-13,7.000000,7.093750,7.000000,7.031250,3.338485,257600
1986-02-14,7.031250,7.093750,7.031250,7.031250,3.338485,297600
1986-02-18,7.031250,7.093750,7.031250,7.062500,3.353323,98400
1986-02-19,7.062500,7.093750,7.031250,7.062500,3.353323,260800
1986-02-20,7.062500,7.062500,6.500000,6.687500,3.175271,2015200
1986-02-21,6.687500,6.906250,6.656250,6.687500,3.175271,1022400
1986-02-24,6.687500,6.687500,6.468750,6.468750,3.071406,1916800
1986-02-25,6.468750,6.531250,6.281250,6.406250,3.104700,5688800
1986-02-26,6.406250,6.562500,6.375000,6.500000,3.150135,1183200
1986-02-27,6.531250,6.906250,6.531250,6.875000,3.331875,985600
1986-02-28,6.937500,7.031250,6.937500,6.937500,3.362164,468000
1986-03-03,6.937500,7.062500,6.937500,6.937500,3.362164,240000
1986-03-04,6.937500,7.093750,6.937500,7.093750,3.437888,437600
1986-03-05,7.125000,7.250000,7.125000,7.218750,3.498466,783200
1986-03-06,7.218750,7.218750,7.031250,7.125000,3.453035,512000
1986-03-07,7.125000,7.125000,6.906250,6.937500,3.362164,897600
1986-03-10,6.937500,7.062500,6.906250,7.031250,3.407598,188800
1986-03-11,7.031250,7.156250,7.031250,7.125000,3.453035,388800
1986-03-12,7.125000,7.468750,7.093750,7.437500,3.604481,603200
1986-03-13,7.437500,7.437500,7.375000,7.375000,3.574191,175200
1986-03-14,7.375000,7.406250,7.343750,7.406250,3.589337,540000
1986-03-17,7.406250,7.437500,7.375000,7.375000,3.574191,188000
1986-03-18,7.375000,7.531250,7.375000,7.500000,3.634772,996000
1986-03-19,7.500000,7.500000,7.375000,7.375000,3.574191,754400
1986-03-20,7.375000,7.406250,7.343750,7.390625,3.581766,766400
1986-03-21,7.390625,7.406250,7.343750,7.343750,3.559047,288000
1986-03-24,7.343750,7.406250,7.218750,7.281250,3.528759,384800
1986-03-25,7.281250,7.343750,7.250000,7.343750,3.559047,340000
1986-03-26,7.343750,7.468750,7.312500,7.421875,3.596911,975200
1986-03-27,7.421875,7.562500,7.406250,7.562500,3.665061,420800
1986-03-31,7.562500,7.656250,7.531250,7.625000,3.695350,487200
1986-04-01,7.625000,7.656250,7.625000,7.656250,3.710496,772000
1986-04-02,7.593750,7.593750,7.406250,7.531250,3.649917,900800
1986-04-03,7.531250,7.562500,7.468750,7.500000,3.634772,228800
1986-04-04,7.500000,7.531250,7.468750,7.500000,3.634772,255200
1986-04-07,7.500000,7.562500,7.437500,7.500000,3.634772,500800
1986-04-08,7.500000,7.625000,7.500000,7.625000,3.695350,571200
1986-04-09,7.625000,7.656250,7.562500,7.625000,3.695350,241600
1986-04-10,7.625000,7.875000,7.593750,7.875000,3.816511,296000
1986-04-11,7.875000,8.062500,7.843750,7.875000,3.816511,468800
1986-04-14,7.875000,7.937500,7.875000,7.875000,3.816511,345600
1986-04-15,7.875000,8.125000,7.843750,8.125000,3.937669,449600
1986-04-16,8.187500,8.312500,8.187500,8.281250,4.013394,276000
1986-04-17,8.281250,8.281250,8.218750,8.250000,3.998249,438400
1986-04-18,8.250000,8.250000,8.156250,8.187500,3.967958,289600
1986-04-21,8.187500,8.187500,8.093750,8.125000,3.937669,358400
1986-04-22,8.125000,8.187500,8.093750,8.125000,3.937669,347200
1986-04-23,8.125000,8.125000,7.843750,7.968750,3.861945,536000
1986-04-24,7.968750,8.062500,7.937500,8.031250,3.892235,148000
1986-04-25,8.000000,8.000000,7.843750,7.937500,3.846800,148800
1986-04-28,7.937500,7.937500,7.812500,7.812500,3.786220,272800
1986-04-29,7.812500,7.875000,7.500000,7.562500,3.665061,548000
1986-04-30,7.562500,7.625000,7.531250,7.562500,3.665061,351200
1986-05-01,7.562500,7.562500,7.500000,7.531250,3.649917,299200
1986-05-02,7.531250,7.562500,7.500000,7.500000,3.634772,331200
1986-05-05,7.500000,7.531250,7.437500,7.500000,3.634772,110400
1986-05-06,7.500000,7.500000,7.468750,7.500000,3.634772,389600
1986-05-07,7.500000,7.500000,7.437500,7.437500,3.604481,215200
1986-05-08,7.437500,7.593750,7.437500,7.593750,3.680208,912800
1986-05-09,7.593750,7.750000,7.593750,7.750000,3.755930,270400
1986-05-12,7.750000,7.937500,7.750000,7.937500,3.846800,216800
1986-05-13,7.937500,7.968750,7.875000,7.937500,3.846800,178400
1986-05-14,7.937500,8.281250,7.906250,8.218750,3.983103,1944000
1986-05-15,8.250000,8.406250,8.250000,8.375000,4.058828,1136800
1986-05-16,8.375000,8.406250,8.343750,8.343750,4.043683,308000
1986-05-19,8.343750,8.781250,8.343750,8.750000,4.240565,966400
1986-05-20,8.750000,9.062500,8.718750,9.000000,4.361726,2128800
1986-05-21,9.000000,9.125000,8.843750,8.937500,4.331435,912800
1986-05-22,8.937500,8.968750,8.750000,8.968750,4.346579,581600
1986-05-23,8.968750,9.000000,8.906250,8.937500,4.331435,456800
1986-05-27,9.031250,9.343750,9.031250,9.281250,4.498030,617600
1986-05-28,9.375000,9.625000,9.375000,9.625000,4.664623,676800
1986-05-29,9.625000,9.687500,9.562500,9.656250,4.679770,514400
1986-05-30,9.656250,10.125000,9.656250,9.875000,4.851707,1439200
1986-06-02,9.875000,9.968750,9.500000,9.531250,4.682815,1008800
1986-06-03,9.500000,9.500000,9.281250,9.406250,4.621399,1234400
1986-06-04,9.406250,9.468750,9.281250,9.281250,4.559988,616800
1986-06-05,9.281250,9.562500,9.250000,9.437500,4.636751,1786400
1986-06-06,9.437500,9.500000,9.375000,9.437500,4.636751,934400
1986-06-09,9.437500,9.437500,9.375000,9.375000,4.606048,573600
1986-06-10,9.375000,9.406250,9.031250,9.218750,4.529280,795200
1986-06-11,9.218750,9.312500,9.156250,9.312500,4.575340,641600
1986-06-12,9.312500,9.593750,9.250000,9.468750,4.652109,892000
1986-06-13,9.500000,9.906250,9.500000,9.843750,4.836349,1483200
1986-06-16,9.843750,10.062500,9.843750,9.906250,4.867056,745600
1986-06-17,4.968750,4.968750,4.781250,4.875000,2.395144,5250400
1986-06-18,4.875000,4.968750,4.875000,4.906250,2.410497,1800000
1986-06-19,4.906250,5.281250,4.906250,5.281250,2.594740,1771200
1986-06-20,5.281250,5.531250,5.250000,5.500000,2.702214,2013600
1986-06-23,5.500000,5.750000,5.500000,5.718750,2.809687,2331200
1986-06-24,5.718750,5.781250,5.656250,5.687500,2.794335,1566400
1986-06-25,5.687500,5.750000,5.656250,5.656250,2.778981,1076000
1986-06-26,5.656250,5.718750,5.437500,5.500000,2.702214,1320800
1986-06-27,5.468750,5.468750,5.250000,5.343750,2.625447,1073600
1986-06-30,5.343750,5.375000,5.125000,5.156250,2.533326,936000
1986-07-01,5.156250,5.656250,5.125000,5.593750,2.748276,1644800
1986-07-02,5.593750,5.750000,5.562500,5.656250,2.778981,850400
1986-07-03,5.656250,5.687500,5.468750,5.500000,2.702214,1011200
1986-07-07,5.500000,5.531250,5.125000,5.156250,2.533326,1684000
1986-07-08,5.156250,5.156250,4.906250,5.000000,2.456558,2858400
1986-07-09,5.000000,5.281250,4.968750,5.218750,2.564032,2464000
1986-07-10,5.250000,5.312500,5.093750,5.218750,2.564032,1504800
1986-07-11,5.281250,5.562500,5.281250,5.406250,2.656154,1391200
1986-07-14,5.375000,5.406250,5.125000,5.156250,2.533326,956000
1986-07-15,5.156250,5.187500,4.937500,4.968750,2.441205,1980000
1986-07-16,4.968750,5.156250,4.968750,5.031250,2.471912,1939200
1986-07-17,5.062500,5.250000,5.031250,5.156250,2.533326,792000
1986-07-18,5.093750,5.156250,4.906250,5.062500,2.487265,1091200
1986-07-21,5.062500,5.062500,4.843750,4.906250,2.410497,2722400
1986-07-22,4.906250,5.031250,4.875000,4.937500,2.425853,2160000
1986-07-23,4.968750,5.000000,4.906250,4.906250,2.410497,1838400
1986-07-24,4.968750,4.968750,4.843750,4.906250,2.410497,889600
1986-07-25,4.906250,5.062500,4.843750,5.031250,2.471912,2154400
1986-07-28,5.093750,5.187500,5.000000,5.031250,2.471912,544800
1986-07-29,5.031250,5.031250,4.906250,4.937500,2.425853,588800
1986-07-30,4.937500,5.062500,4.906250,5.031250,2.471912,1020000
1986-07-31,5.031250,5.031250,5.000000,5.000000,2.456558,520800
1986-08-01,5.031250,5.093750,5.000000,5.062500,2.487265,2034400
1986-08-04,5.062500,5.062500,4.937500,5.062500,2.487265,1010400
1986-08-05,5.062500,5.250000,5.031250,5.156250,2.533326,591200
1986-08-06,5.125000,5.125000,5.031250,5.031250,2.471912,754400
1986-08-07,5.312500,5.375000,5.218750,5.250000,2.579386,7485600
1986-08-08,5.281250,5.312500,5.218750,5.281250,2.594740,3580000
1986-08-11,5.281250,5.312500,5.250000,5.312500,2.610093,1740000
1986-08-12,5.312500,5.625000,5.281250,5.625000,2.763629,1915200
1986-08-13,5.656250,6.000000,5.593750,5.843750,2.871102,3701600
1986-08-14,5.843750,5.875000,5.718750,5.843750,2.871102,1064800
1986-08-15,5.843750,5.843750,5.656250,5.656250,2.778981,918400
1986-08-18,5.718750,5.718750,5.468750,5.625000,2.763629,1572800
1986-08-19,5.656250,5.718750,5.593750,5.640625,2.771305,1133600
1986-08-20,5.625000,5.906250,5.625000,5.875000,2.886457,780800
1986-08-21,5.906250,6.031250,5.875000,6.031250,2.963224,1461600
1986-08-22,6.000000,6.062500,5.937500,6.031250,2.963224,1480000
1986-08-25,6.031250,6.062500,5.968750,6.062500,2.978577,907200
1986-08-26,6.031250,6.281250,6.031250,6.250000,3.104288,1224000
1986-08-27,6.312500,6.406250,6.281250,6.375000,3.166375,3426400
1986-08-28,6.375000,6.375000,6.218750,6.218750,3.088768,3918400
1986-08-29,6.218750,6.250000,6.171875,6.250000,3.104288,3042400
1986-09-02,6.218750,6.281250,6.156250,6.156250,3.057723,2284800
1986-09-03,6.156250,6.187500,6.062500,6.187500,3.073245,2845600
1986-09-04,6.218750,6.281250,6.156250,6.187500,3.073245,1496000
1986-09-05,6.218750,6.250000,6.125000,6.125000,3.042202,1764800
1986-09-08,6.125000,6.156250,5.968750,6.031250,2.995639,2910400
1986-09-09,6.000000,6.062500,5.750000,5.781250,2.871465,2332000
1986-09-10,5.750000,5.812500,5.687500,5.750000,2.855946,2245600
1986-09-11,5.687500,5.750000,5.281250,5.281250,2.623124,2044000
1986-09-12,5.312500,5.312500,5.109375,5.312500,2.638644,2250400
1986-09-15,5.312500,5.468750,5.281250,5.343750,2.654167,2560800
1986-09-16,5.375000,5.375000,5.093750,5.187500,2.576558,1746400
1986-09-17,5.218750,5.468750,5.187500,5.468750,2.716254,4079200
1986-09-18,5.468750,5.531250,5.437500,5.500000,2.731773,1996000
1986-09-19,5.468750,5.500000,5.250000,5.375000,2.669689,1429600
1986-09-22,5.375000,5.406250,5.312500,5.406250,2.685209,565600
1986-09-23,5.406250,5.406250,5.156250,5.218750,2.592080,1257600
1986-09-24,5.250000,5.343750,5.187500,5.312500,2.638644,1084000
1986-09-25,5.312500,5.343750,5.218750,5.250000,2.607601,2112000
1986-09-26,5.250000,5.281250,5.031250,5.156250,2.561038,924800
1986-09-29,5.125000,5.156250,4.968750,5.031250,2.498952,1199200
1986-09-30,5.031250,5.062500,4.968750,5.000000,2.483431,1356800
1986-10-01,4.968750,5.125000,4.968750,5.062500,2.514473,1375200
1986-10-02,5.093750,5.125000,4.968750,5.093750,2.529995,576800
1986-10-03,5.125000,5.281250,5.093750,5.218750,2.592080,1476000
1986-10-06,5.218750,5.281250,5.187500,5.250000,2.607601,873600
1986-10-07,5.281250,5.281250,5.187500,5.265625,2.615365,924000
1986-10-08,5.250000,5.406250,5.250000,5.406250,2.685209,979200
1986-10-09,5.375000,5.625000,5.375000,5.468750,2.716254,1386400
1986-10-10,5.500000,5.562500,5.468750,5.562500,2.762815,533600
1986-10-13,5.531250,5.593750,5.500000,5.562500,2.762815,390400
1986-10-14,5.562500,5.656250,5.531250,5.531250,2.747296,547200
1986-10-15,5.562500,5.750000,5.531250,5.718750,2.840423,1877600
1986-10-16,5.718750,5.812500,5.718750,5.750000,2.855946,1875200
1986-10-17,5.750000,5.781250,5.625000,5.687500,2.824902,1080800
1986-10-20,5.687500,5.718750,5.468750,5.593750,2.778340,1010400
1986-10-21,5.593750,5.625000,5.468750,5.500000,2.731773,1210400
1986-10-22,5.468750,5.468750,5.343750,5.343750,2.654167,417600
1986-10-23,5.343750,5.562500,5.343750,5.500000,2.731773,1146400
1986-10-24,5.531250,5.531250,5.375000,5.531250,2.747296,860000
1986-10-27,5.500000,5.656250,5.500000,5.656250,2.809381,600800
1986-10-28,5.656250,5.781250,5.656250,5.687500,2.824902,709600
1986-10-29,5.687500,5.781250,5.656250,5.718750,2.840423,972800
1986-10-30,5.718750,5.812500,5.718750,5.781250,2.871465,1712000
1986-10-31,5.781250,5.781250,5.625000,5.656250,2.809381,944800
1986-11-03,5.625000,5.718750,5.625000,5.687500,2.824902,408000
1986-11-04,5.687500,5.750000,5.656250,5.750000,2.855946,570400
1986-11-05,5.750000,5.781250,5.687500,5.718750,2.840423,1168800
1986-11-06,5.718750,5.750000,5.656250,5.687500,2.824902,479200
1986-11-07,5.656250,5.687500,5.593750,5.656250,2.809381,637600
1986-11-10,5.593750,5.593750,5.250000,5.375000,2.669689,1668000
1986-11-11,5.375000,5.406250,5.312500,5.406250,2.685209,677600
1986-11-12,5.406250,5.437500,5.312500,5.437500,2.700732,947200
1986-11-13,5.437500,5.531250,5.375000,5.468750,2.716254,678400
1986-11-14,5.531250,5.812500,5.468750,5.625000,2.793860,1957600
1986-11-17,5.625000,5.656250,5.500000,5.593750,2.778340,1053600
1986-11-18,5.625000,5.656250,5.531250,5.531250,2.747296,955200
1986-11-19,5.500000,5.531250,5.343750,5.468750,2.716254,808800
1986-11-20,5.437500,5.531250,5.437500,5.531250,2.747296,509600
1986-11-21,5.531250,5.656250,5.500000,5.625000,2.793860,1926400
1986-11-24,5.656250,5.750000,5.593750,5.718750,2.873940,1399200
1986-11-25,5.718750,5.781250,5.656250,5.750000,2.889645,1060800
1986-11-26,5.750000,5.781250,5.718750,5.718750,2.873940,1332000
1986-11-28,5.718750,5.843750,5.718750,5.828125,2.928906,592800
1986-12-01,5.843750,5.843750,5.687500,5.781250,2.905347,789600
1986-12-02,5.812500,5.937500,5.750000,5.875000,2.952463,1643200
1986-12-03,5.843750,6.031250,5.843750,6.000000,3.015281,1784800
1986-12-04,5.968750,6.000000,5.906250,6.000000,3.015281,1546400
1986-12-05,5.937500,6.000000,5.781250,5.875000,2.952463,1074400
1986-12-08,5.812500,5.843750,5.562500,5.718750,2.873940,1676000
1986-12-09,5.718750,5.843750,5.687500,5.750000,2.889645,488000
1986-12-10,5.718750,5.718750,5.593750,5.625000,2.826827,1381600
1986-12-11,5.656250,5.656250,5.562500,5.562500,2.795417,1081600
1986-12-12,5.562500,5.593750,5.343750,5.437500,2.732599,1724000
1986-12-15,5.437500,5.468750,5.312500,5.375000,2.701190,1845600
1986-12-16,5.437500,5.468750,5.343750,5.406250,2.716895,852800
1986-12-17,5.437500,5.437500,5.343750,5.343750,2.685484,580000
1986-12-18,5.343750,5.406250,5.343750,5.390625,2.709044,304800
1986-12-19,5.406250,5.437500,5.343750,5.437500,2.732599,1567200
1986-12-22,5.437500,5.437500,5.343750,5.375000,2.701190,1879200
1986-12-23,5.343750,5.375000,5.281250,5.312500,2.669780,960000
1986-12-24,5.218750,5.265625,5.093750,5.218750,2.622668,3273600
1986-12-26,5.218750,5.281250,5.187500,5.218750,2.622668,621600
1986-12-29,5.250000,5.281250,5.125000,5.125000,2.575554,1003200
1986-12-30,5.156250,5.281250,5.031250,5.281250,2.654077,2532800
1986-12-31,5.281250,5.281250,5.218750,5.218750,2.622668,747200
1987-01-02,5.250000,5.312500,5.250000,5.312500,2.669780,1324800
1987-01-05,5.281250,5.406250,5.281250,5.406250,2.716895,1941600
1987-01-06,5.375000,5.468750,5.343750,5.406250,2.716895,1200800
1987-01-07,5.343750,5.375000,5.312500,5.343750,2.685484,713600
1987-01-08,5.343750,5.625000,5.343750,5.578125,2.803270,1686400
1987-01-09,5.625000,5.687500,5.593750,5.656250,2.842530,576000
1987-01-12,5.687500,5.687500,5.593750,5.656250,2.842530,285600
1987-01-13,5.656250,5.718750,5.625000,5.718750,2.873940,600800
1987-01-14,5.750000,5.750000,5.687500,5.687500,2.858236,896800
1987-01-15,5.718750,5.718750,5.656250,5.718750,2.873940,1301600
1987-01-16,5.718750,5.718750,5.562500,5.656250,2.842530,1407200
1987-01-19,5.656250,5.687500,5.625000,5.656250,2.842530,863200
1987-01-20,5.656250,5.687500,5.656250,5.687500,2.858236,820000
1987-01-21,5.656250,5.687500,5.593750,5.625000,2.826827,1324000
1987-01-22,5.625000,5.625000,5.593750,5.625000,2.826827,1334400
1987-01-23,5.609375,5.656250,5.593750,5.593750,2.811123,1545600
1987-01-26,5.593750,5.625000,5.437500,5.531250,2.779714,704800
1987-01-27,5.593750,5.875000,5.531250,5.812500,2.921055,1178400
1987-01-28,5.843750,5.968750,5.812500,5.875000,2.952463,1344800
1987-01-29,5.906250,5.937500,5.625000,5.750000,2.889645,1223200
1987-01-30,5.750000,5.781250,5.687500,5.750000,2.889645,298400
1987-02-02,5.750000,5.812500,5.687500,5.812500,2.921055,708800
1987-02-03,5.812500,5.937500,5.781250,5.906250,2.968168,728800
1987-02-04,5.906250,6.062500,5.906250,6.031250,3.030987,600800
1987-02-05,6.062500,6.218750,6.031250,6.125000,3.078101,1471200
1987-02-06,6.125000,6.156250,6.062500,6.062500,3.046691,598400
1987-02-09,6.093750,6.093750,6.031250,6.062500,3.046691,663200
1987-02-10,6.062500,6.156250,6.000000,6.000000,3.015281,2662400
1987-02-11,6.062500,6.062500,5.906250,5.937500,2.983871,587200
1987-02-12,5.968750,6.000000,5.937500,5.937500,2.983871,1127200
1987-02-13,5.968750,6.281250,5.937500,6.187500,3.109510,1586400
1987-02-17,6.250000,6.656250,6.218750,6.593750,3.313669,2050400
1987-02-18,6.625000,6.687500,6.531250,6.593750,3.313669,1200800
1987-02-19,6.593750,6.593750,6.437500,6.531250,3.282259,1079200
1987-02-20,6.531250,6.562500,6.484375,6.562500,3.297965,1080800
1987-02-23,6.531250,6.687500,6.500000,6.625000,3.329374,1529600
1987-02-24,6.625000,6.937500,6.593750,6.875000,3.502807,2805600
1987-02-25,6.875000,6.906250,6.812500,6.812500,3.470965,1509600
1987-02-26,6.875000,6.875000,6.656250,6.718750,3.423198,852800
1987-02-27,6.625000,6.687500,6.500000,6.625000,3.375432,1081600
1987-03-02,6.625000,6.718750,6.625000,6.671875,3.399315,828000
1987-03-03,6.718750,6.875000,6.656250,6.875000,3.502807,717600
1987-03-04,6.906250,7.093750,6.875000,7.062500,3.598339,1096800
1987-03-05,7.093750,7.125000,6.906250,6.968750,3.550573,1178400
1987-03-06,6.906250,6.968750,6.906250,6.968750,3.550573,542400
1987-03-09,6.937500,6.968750,6.687500,6.687500,3.407275,571200
1987-03-10,6.718750,6.875000,6.687500,6.812500,3.470965,1015200
1987-03-11,6.843750,6.937500,6.812500,6.937500,3.534651,1230400
1987-03-12,6.906250,7.000000,6.906250,6.968750,3.550573,932000
1987-03-13,7.000000,7.218750,6.937500,7.125000,3.630182,978400
1987-03-16,7.093750,7.187500,7.031250,7.093750,3.614260,1448000
1987-03-17,7.093750,7.156250,7.062500,7.156250,3.646105,1716000
1987-03-18,7.250000,7.250000,6.953125,7.000000,3.566495,1380000
1987-03-19,7.000000,7.125000,6.906250,7.125000,3.630182,661600
1987-03-20,7.093750,7.171875,7.031250,7.125000,3.630182,688000
1987-03-23,7.156250,7.468750,7.125000,7.375000,3.757557,2094400
1987-03-24,7.437500,7.437500,7.250000,7.312500,3.725713,903200
1987-03-25,7.312500,7.312500,7.156250,7.156250,3.646105,1398400
1987-03-26,7.156250,7.218750,7.156250,7.187500,3.662025,1373600
1987-03-27,7.187500,7.187500,6.843750,6.875000,3.502807,1291200
1987-03-30,6.875000,6.875000,6.750000,6.781250,3.455041,1134400
1987-03-31,6.781250,6.968750,6.781250,6.843750,3.486885,2029600
1987-04-01,6.781250,6.906250,6.718750,6.812500,3.470965,1805600
1987-04-02,6.812500,6.906250,6.750000,6.843750,3.486885,884000
1987-04-03,6.906250,7.250000,6.843750,7.218750,3.677947,809600
1987-04-06,7.250000,7.343750,7.125000,7.218750,3.677947,557600
1987-04-07,7.250000,7.281250,7.062500,7.093750,3.614260,1328800
1987-04-08,7.062500,7.156250,6.875000,6.937500,3.534651,1797600
1987-04-09,6.906250,6.937500,6.781250,6.875000,3.502807,1077600
1987-04-10,6.843750,6.875000,6.750000,6.812500,3.470965,616000
1987-04-13,6.750000,6.781250,6.656250,6.687500,3.407275,1582400
1987-04-14,6.625000,6.656250,6.375000,6.500000,3.311744,1972800
1987-04-15,6.500000,6.750000,6.500000,6.718750,3.423198,1032800
1987-04-16,6.781250,6.937500,6.750000,6.843750,3.486885,1125600
1987-04-20,6.875000,6.906250,6.781250,6.812500,3.470965,669600
1987-04-21,6.781250,6.906250,6.750000,6.875000,3.502807,1391200
1987-04-22,6.875000,6.937500,6.875000,6.875000,3.502807,1358400
1987-04-23,6.875000,6.937500,6.656250,6.750000,3.439118,941600
1987-04-24,6.750000,6.750000,6.531250,6.531250,3.327666,982400
1987-04-27,6.531250,6.656250,6.406250,6.593750,3.359510,1122400
1987-04-28,6.718750,6.750000,6.687500,6.687500,3.407275,754400
1987-04-29,6.687500,6.812500,6.687500,6.781250,3.455041,889600
1987-04-30,6.812500,7.062500,6.781250,6.937500,3.534651,2235200
1987-05-01,6.875000,7.000000,6.875000,6.890625,3.510768,1200000
1987-05-04,6.906250,6.937500,6.812500,6.875000,3.502807,486400
1987-05-05,6.843750,7.000000,6.843750,7.000000,3.566495,923200
1987-05-06,7.000000,7.000000,6.843750,6.875000,3.502807,448800
1987-05-07,6.875000,6.906250,6.812500,6.875000,3.502807,869600
1987-05-08,6.843750,6.906250,6.843750,6.843750,3.486885,312800
1987-05-11,6.843750,6.937500,6.843750,6.906250,3.518729,795200
1987-05-12,6.843750,7.000000,6.843750,7.000000,3.566495,756800
1987-05-13,6.968750,7.000000,6.906250,6.937500,3.534651,658400
1987-05-14,7.031250,7.343750,7.031250,7.156250,3.646105,3130400
1987-05-15,7.156250,7.156250,6.843750,6.906250,3.518729,865600
1987-05-18,6.843750,7.062500,6.843750,7.062500,3.598339,1380800
1987-05-19,7.125000,7.156250,6.968750,6.968750,3.550573,1130400
1987-05-20,6.968750,7.218750,6.843750,7.156250,3.646105,2172000
1987-05-21,7.218750,7.593750,7.187500,7.500000,3.821244,2117600
1987-05-22,7.531250,7.687500,7.500000,7.687500,3.916776,1455200
1987-05-26,8.000000,8.000000,7.656250,8.000000,4.124496,1160000
1987-05-27,8.031250,8.093750,7.968750,7.968750,4.108384,1124800
1987-05-28,8.000000,8.062500,7.812500,8.031250,4.140608,1542400
1987-05-29,8.062500,8.125000,8.031250,8.125000,4.188941,788000
1987-06-01,8.125000,8.125000,7.937500,7.968750,4.108384,972000
1987-06-02,7.968750,7.968750,7.812500,7.843750,4.043938,786400
1987-06-03,7.843750,8.062500,7.812500,7.968750,4.108384,2056800
1987-06-04,7.968750,8.031250,7.875000,8.031250,4.140608,999200
1987-06-05,8.031250,8.125000,8.000000,8.031250,4.140608,1242400
1987-06-08,8.031250,8.281250,8.000000,8.250000,4.253385,1260000
1987-06-09,8.343750,8.562500,8.281250,8.546875,4.406443,1144000
1987-06-10,8.593750,8.843750,8.562500,8.750000,4.511167,2470400
1987-06-11,8.781250,8.812500,8.718750,8.750000,4.511167,1244800
1987-06-12,8.750000,8.968750,8.718750,8.875000,4.575611,2919200
1987-06-15,8.875000,9.156250,8.875000,9.125000,4.704503,2461600
1987-06-16,9.156250,9.187500,9.031250,9.156250,4.720615,2675200
1987-06-17,9.156250,9.218750,9.000000,9.000000,4.640057,1936000
1987-06-18,8.937500,9.000000,8.718750,8.906250,4.591722,1132000
1987-06-19,8.906250,9.000000,8.875000,8.937500,4.607835,1555200
1987-06-22,8.968750,9.000000,8.843750,8.937500,4.607835,1128000
1987-06-23,8.968750,9.000000,8.937500,8.968750,4.623944,1178400
1987-06-24,8.968750,9.031250,8.875000,8.906250,4.591722,1702400
1987-06-25,8.906250,8.968750,8.687500,8.718750,4.495054,1550400
1987-06-26,8.656250,8.687500,8.531250,8.656250,4.462835,1204800
1987-06-29,8.656250,8.781250,8.625000,8.750000,4.511167,1237600
1987-06-30,8.812500,8.843750,8.562500,8.750000,4.511167,1451200
1987-07-01,8.812500,8.875000,8.625000,8.812500,4.543389,2237200
1987-07-02,8.875000,8.875000,8.687500,8.812500,4.543389,1648000
1987-07-06,8.875000,9.187500,8.812500,9.031250,4.656167,1929600
1987-07-07,9.000000,9.250000,8.812500,9.187500,4.736724,3041200
1987-07-08,9.250000,9.500000,9.187500,9.250000,4.768948,2826800
1987-07-09,9.250000,9.250000,8.750000,8.875000,4.575611,1754400
1987-07-10,8.812500,9.000000,8.750000,8.812500,4.543389,1842000
1987-07-13,8.812500,8.812500,8.625000,8.750000,4.511167,1988400
1987-07-14,8.750000,8.750000,8.562500,8.750000,4.511167,1922000
1987-07-15,8.750000,8.750000,8.562500,8.687500,4.478946,872000
1987-07-16,8.750000,8.937500,8.687500,8.937500,4.607835,1082000
1987-07-17,8.937500,9.000000,8.875000,8.937500,4.607835,940000
1987-07-20,8.875000,9.125000,8.812500,9.000000,4.640057,565200
1987-07-21,9.062500,9.187500,8.937500,9.000000,4.640057,811600
1987-07-22,9.000000,9.000000,8.750000,8.812500,4.543389,648000
1987-07-23,8.812500,8.875000,8.750000,8.875000,4.575611,688400
1987-07-24,8.812500,8.875000,8.625000,8.812500,4.543389,1368400
1987-07-27,8.812500,8.937500,8.750000,8.937500,4.607835,459200
1987-07-28,9.000000,9.062500,8.875000,9.062500,4.672279,497600
1987-07-29,9.000000,9.437500,9.000000,9.437500,4.865613,875200
1987-07-30,9.437500,9.500000,9.375000,9.500000,4.897837,695600
1987-07-31,9.500000,9.500000,9.312500,9.375000,4.833393,515200
1987-08-03,9.375000,9.687500,9.250000,9.500000,4.897837,1038400
1987-08-04,9.562500,9.625000,9.437500,9.500000,4.897837,624400
1987-08-05,9.562500,9.687500,9.437500,9.500000,4.897837,1182400
1987-08-06,9.500000,9.562500,9.437500,9.562500,4.930062,1614800
1987-08-07,9.562500,9.687500,9.312500,9.437500,4.865613,647600
1987-08-10,9.437500,9.875000,9.375000,9.812500,5.058952,1034400
1987-08-11,9.812500,10.062500,9.750000,10.062500,5.187840,1382800
1987-08-12,10.000000,10.187500,9.937500,10.125000,5.220063,966000
1987-08-13,9.875000,10.000000,8.875000,9.062500,4.672279,11080000
1987-08-14,9.125000,9.375000,9.062500,9.250000,4.768948,5840000
1987-08-17,9.250000,9.312500,9.187500,9.250000,4.768948,1820400
1987-08-18,9.250000,9.250000,8.937500,8.968750,4.623944,2801200
1987-08-19,9.062500,9.062500,8.562500,8.750000,4.511167,3763200
1987-08-20,8.812500,9.000000,8.687500,9.000000,4.640057,3817200
1987-08-21,9.000000,9.062500,8.812500,8.937500,4.607835,1984800
1987-08-24,8.937500,8.937500,8.875000,8.937500,4.607835,1594800
1987-08-25,9.062500,9.125000,8.875000,9.062500,4.678561,1436400
1987-08-26,9.062500,9.250000,9.000000,9.125000,4.710827,1691200
1987-08-27,9.125000,9.187500,9.000000,9.125000,4.710827,868400
1987-08-28,9.093750,9.125000,8.812500,8.937500,4.614029,671200
1987-08-31,8.875000,9.000000,8.812500,9.000000,4.646295,742400
1987-09-01,9.000000,9.062500,8.687500,8.687500,4.484967,946000
1987-09-02,8.750000,8.812500,8.375000,8.625000,4.452700,1732800
1987-09-03,8.687500,8.812500,8.000000,8.312500,4.291372,2946000
1987-09-04,8.312500,8.375000,8.125000,8.125000,4.194572,1359200
1987-09-08,8.062500,8.125000,7.750000,7.937500,4.097776,1922400
1987-09-09,7.937500,8.437500,7.937500,8.062500,4.162309,2069200
1987-09-10,8.437500,8.562500,8.312500,8.500000,4.388167,1368400
1987-09-11,8.562500,8.687500,8.437500,8.625000,4.452700,905600
1987-09-14,8.687500,8.687500,8.250000,8.375000,4.323637,964800
1987-09-15,8.375000,8.437500,8.000000,8.062500,4.162309,1386400
1987-09-16,8.125000,8.125000,7.812500,7.875000,4.065508,3294400
1987-09-17,7.937500,8.062500,7.875000,8.031250,4.146174,2296800
1987-09-18,8.000000,8.062500,7.687500,7.937500,4.097776,1821600
1987-09-21,7.937500,7.937500,7.437500,7.562500,3.904178,2970400
1987-09-22,7.562500,8.250000,7.500000,8.250000,4.259104,2817600
1987-09-23,8.250000,8.500000,7.687500,7.937500,4.097776,3183600
1987-09-24,7.937500,8.062500,7.875000,7.937500,4.097776,741200
1987-09-25,8.000000,8.000000,7.718750,7.812500,4.033244,843200
1987-09-28,7.812500,7.875000,7.375000,7.437500,3.839648,3406800
1987-09-29,7.312500,7.375000,6.593750,6.937500,3.581520,14360000
1987-09-30,6.937500,7.375000,6.812500,6.906250,3.565387,6120000
1987-10-01,6.937500,7.312500,6.875000,7.250000,3.742850,3404400
1987-10-02,7.312500,7.437500,7.000000,7.125000,3.678318,2528800
1987-10-05,7.187500,7.500000,7.125000,7.437500,3.839648,1151200
1987-10-06,7.437500,7.500000,7.062500,7.062500,3.646052,1611200
1987-10-07,7.000000,7.062500,6.750000,6.937500,3.581520,2062400
1987-10-08,6.937500,7.000000,6.343750,6.375000,3.291124,7200000
1987-10-09,6.437500,6.687500,6.250000,6.625000,3.420190,3812000
1987-10-12,6.625000,7.000000,6.437500,6.937500,3.581520,1880400
1987-10-13,7.031250,7.125000,6.687500,6.812500,3.516989,1728800
1987-10-14,6.812500,6.812500,6.375000,6.500000,3.355658,2089200
1987-10-15,6.437500,6.500000,6.312500,6.375000,3.291124,1925200
1987-10-16,6.375000,6.437500,5.937500,6.125000,3.162062,4720000
1987-10-19,6.000000,6.062500,5.062500,5.125000,2.645807,5120000
1987-10-20,5.125000,5.250000,4.875000,5.000000,2.581276,6840000
1987-10-21,5.187500,5.812500,5.062500,5.812500,3.000732,5600000
1987-10-22,5.687500,5.875000,5.250000,5.562500,2.871670,4200000
1987-10-23,5.437500,5.625000,4.937500,5.125000,2.645807,2222000
1987-10-26,5.062500,5.125000,3.937500,4.437500,2.290882,3080000
1987-10-27,4.500000,4.937500,4.375000,4.625000,2.387680,3350000
1987-10-28,4.687500,5.187500,4.437500,5.062500,2.613541,2573200
1987-10-29,5.125000,5.437500,5.062500,5.250000,2.710338,1619600
1987-10-30,5.375000,5.500000,5.312500,5.500000,2.839401,2300800
1987-11-02,5.500000,5.500000,5.312500,5.500000,2.839401,1561600
1987-11-03,5.437500,5.562500,4.937500,5.250000,2.710338,1462000
1987-11-04,5.125000,5.687500,5.062500,5.187500,2.678072,1372400
1987-11-05,5.125000,5.437500,5.062500,5.250000,2.710338,1292800
1987-11-06,5.250000,5.437500,5.062500,5.125000,2.645807,1175200
1987-11-09,5.062500,5.125000,4.750000,5.031250,2.597408,2126800
1987-11-10,4.937500,5.062500,4.750000,4.843750,2.500610,1172000
1987-11-11,4.937500,5.062500,4.687500,4.843750,2.500610,1032000
1987-11-12,5.000000,5.125000,4.812500,4.937500,2.549010,1157200
1987-11-13,4.937500,5.562500,4.875000,5.437500,2.807138,3278800
1987-11-16,5.500000,5.625000,5.375000,5.437500,2.807138,1648000
1987-11-17,5.437500,5.437500,5.125000,5.187500,2.678072,1177200
1987-11-18,5.312500,5.312500,4.875000,5.187500,2.678072,1241200
1987-11-19,5.250000,5.250000,4.812500,4.875000,2.516744,1188000
1987-11-20,4.812500,5.281250,4.687500,5.000000,2.581276,1023200
1987-11-23,5.000000,5.125000,4.875000,5.000000,2.604823,757200
1987-11-24,4.937500,5.125000,4.843750,4.937500,2.572263,929600
1987-11-25,4.937500,5.000000,4.875000,5.000000,2.604823,669200
1987-11-27,4.937500,5.062500,4.750000,4.812500,2.507141,464400
1987-11-30,4.750000,4.781250,4.312500,4.562500,2.376901,2005600
1987-12-01,4.562500,4.687500,4.500000,4.562500,2.376901,898000
1987-12-02,4.625000,4.875000,4.500000,4.812500,2.507141,2160800
1987-12-03,4.812500,4.875000,4.500000,4.500000,2.344340,1660000
1987-12-04,4.500000,4.625000,4.375000,4.437500,2.311779,2587600
1987-12-07,4.437500,4.562500,4.375000,4.437500,2.311779,1472800
1987-12-08,4.437500,4.500000,4.250000,4.437500,2.311779,1677600
1987-12-09,4.375000,4.750000,4.375000,4.687500,2.442022,1494800
1987-12-10,4.625000,4.750000,4.500000,4.562500,2.376901,1904800
1987-12-11,4.562500,4.625000,4.375000,4.500000,2.344340,854000
1987-12-14,4.437500,4.812500,4.375000,4.750000,2.474581,2239600
1987-12-15,4.750000,5.000000,4.687500,4.937500,2.572263,1370800
1987-12-16,4.875000,5.250000,4.875000,5.250000,2.735063,1908800
1987-12-17,5.312500,5.375000,4.937500,5.000000,2.604823,1293600
1987-12-18,4.937500,5.500000,4.937500,5.375000,2.800186,2173200
1987-12-21,5.312500,5.625000,5.250000,5.625000,2.930426,2021600
1987-12-22,5.562500,5.750000,5.375000,5.687500,2.962986,3009600
1987-12-23,5.750000,5.843750,5.500000,5.750000,2.995545,1709200
1987-12-24,5.812500,5.875000,5.687500,5.750000,2.995545,967600
1987-12-28,5.687500,5.750000,5.250000,5.375000,2.800186,1206400
1987-12-29,5.375000,5.437500,5.062500,5.156250,2.686224,1018800
1987-12-30,5.125000,5.312500,5.125000,5.156250,2.686224,1434800
1987-12-31,5.125000,5.187500,4.937500,4.937500,2.572263,1180000
1988-01-04,4.937500,5.312500,4.937500,5.125000,2.669944,1616400
1988-01-05,5.250000,5.500000,5.187500,5.500000,2.865304,2584800
1988-01-06,5.500000,5.750000,5.437500,5.687500,2.962986,1638400
1988-01-07,5.625000,6.125000,5.562500,6.000000,3.125787,2100400
1988-01-08,6.062500,6.062500,5.250000,5.312500,2.767623,3405600
1988-01-11,5.250000,5.375000,5.125000,5.312500,2.767623,1494000
1988-01-12,5.250000,5.375000,5.000000,5.312500,2.767623,1396000
1988-01-13,5.250000,5.812500,5.250000,5.500000,2.865304,1209600
1988-01-14,5.625000,5.625000,5.312500,5.437500,2.832745,710800
1988-01-15,5.625000,5.812500,5.375000,5.375000,2.800186,1357200
1988-01-18,5.375000,5.500000,5.250000,5.375000,2.800186,457600
1988-01-19,5.375000,5.625000,5.250000,5.437500,2.832745,867600
1988-01-20,5.375000,5.437500,5.062500,5.312500,2.767623,1452800
1988-01-21,5.343750,5.375000,5.125000,5.250000,2.735063,5120000
1988-01-22,5.375000,5.375000,5.187500,5.312500,2.767623,768000
1988-01-25,5.312500,5.375000,5.187500,5.250000,2.735063,718800
1988-01-26,5.250000,5.375000,5.187500,5.187500,2.702502,528800
1988-01-27,5.250000,5.312500,5.187500,5.187500,2.702502,977600
1988-01-28,5.312500,5.500000,5.187500,5.500000,2.865304,1124400
1988-01-29,5.500000,5.500000,5.250000,5.375000,2.800186,973600
1988-02-01,5.375000,5.562500,5.312500,5.437500,2.832745,725200
1988-02-02,5.500000,5.812500,5.437500,5.812500,3.028105,1731600
1988-02-03,5.750000,5.812500,5.562500,5.562500,2.897866,794400
1988-02-04,5.562500,5.687500,5.562500,5.687500,2.962986,387200
1988-02-05,5.625000,5.750000,5.562500,5.625000,2.930426,467600
1988-02-08,5.562500,5.625000,5.375000,5.437500,2.832745,610400
1988-02-09,5.437500,5.500000,5.312500,5.437500,2.832745,446400
1988-02-10,5.437500,5.500000,5.437500,5.500000,2.865304,457600
1988-02-11,5.500000,5.875000,5.437500,5.781250,3.011824,1304800
1988-02-12,5.812500,6.062500,5.750000,6.000000,3.125787,1502800
1988-02-16,6.000000,6.187500,5.937500,6.125000,3.190908,2168400
1988-02-17,6.187500,6.250000,5.937500,6.000000,3.125787,1782000
1988-02-18,5.937500,6.062500,5.812500,5.875000,3.060667,662800
1988-02-19,5.875000,5.875000,5.687500,5.875000,3.060667,1060000
1988-02-22,5.812500,6.000000,5.812500,5.875000,3.060667,1518400
1988-02-23,5.937500,6.187500,5.937500,6.125000,3.197711,1840000
1988-02-24,6.187500,6.375000,6.125000,6.281250,3.279288,2131600
1988-02-25,6.312500,6.312500,6.062500,6.187500,3.230341,4040000
1988-02-26,6.187500,6.250000,6.125000,6.187500,3.230341,720800
1988-02-29,6.187500,6.187500,6.000000,6.187500,3.230341,1223200
1988-03-01,6.125000,6.312500,6.125000,6.250000,3.262972,1090800
1988-03-02,6.250000,6.312500,6.187500,6.218750,3.246655,1595600
1988-03-03,6.250000,6.250000,6.000000,6.062500,3.165082,2020800
1988-03-04,6.062500,6.062500,5.875000,6.000000,3.132452,1371200
1988-03-07,5.937500,6.062500,5.937500,6.062500,3.165082,1601200
1988-03-08,6.062500,6.406250,6.000000,6.250000,3.262972,2531200
1988-03-09,6.250000,6.375000,6.250000,6.250000,3.262972,905600
1988-03-10,6.375000,6.375000,6.062500,6.125000,3.197711,1553600
1988-03-11,6.125000,6.187500,5.937500,6.062500,3.165082,1118800
1988-03-14,6.062500,6.250000,6.000000,6.125000,3.197711,862800
1988-03-15,6.250000,6.312500,6.187500,6.187500,3.230341,778400
1988-03-16,6.250000,6.312500,6.187500,6.250000,3.262972,1044000
1988-03-17,6.312500,6.375000,6.250000,6.312500,3.295600,548800
1988-03-18,6.437500,6.437500,6.250000,6.375000,3.328229,1740800
1988-03-21,6.312500,6.375000,6.250000,6.250000,3.262972,1261600
1988-03-22,6.250000,6.375000,6.250000,6.250000,3.262972,847200
1988-03-23,6.312500,6.312500,6.250000,6.312500,3.295600,609200
1988-03-24,6.250000,6.312500,6.125000,6.125000,3.197711,1074400
1988-03-25,6.187500,6.187500,6.000000,6.062500,3.165082,1205600
1988-03-28,6.000000,6.062500,5.875000,5.937500,3.099821,1140400
1988-03-29,6.062500,6.125000,6.000000,6.000000,3.132452,1176000
1988-03-30,6.062500,6.062500,6.000000,6.000000,3.132452,788400
1988-03-31,6.000000,6.187500,5.937500,6.125000,3.197711,1166400
1988-04-04,6.125000,6.187500,6.000000,6.000000,3.132452,956000
1988-04-05,6.000000,6.125000,6.000000,6.125000,3.197711,602800
1988-04-06,6.125000,6.437500,6.125000,6.437500,3.360859,1766400
1988-04-07,6.375000,6.437500,6.250000,6.312500,3.295600,900000
1988-04-08,6.375000,6.500000,6.250000,6.437500,3.360859,950800
1988-04-11,6.500000,6.625000,6.375000,6.500000,3.393490,803600
1988-04-12,6.375000,6.500000,6.375000,6.437500,3.360859,1260000
1988-04-13,6.437500,6.625000,6.437500,6.625000,3.458750,1138000
1988-04-14,6.437500,6.500000,6.062500,6.125000,3.197711,1598000
1988-04-15,6.062500,6.312500,6.062500,6.187500,3.230341,1260800
1988-04-18,6.187500,6.250000,6.000000,6.062500,3.165082,1174000
1988-04-19,6.062500,6.437500,6.062500,6.125000,3.197711,1978800
1988-04-20,6.125000,6.187500,5.937500,6.000000,3.132452,624800
1988-04-21,6.000000,6.125000,5.812500,5.843750,3.050878,1332800
1988-04-22,5.812500,6.187500,5.812500,6.187500,3.230341,881200
1988-04-25,6.187500,6.500000,6.062500,6.312500,3.295600,1192800
1988-04-26,6.437500,6.500000,6.375000,6.437500,3.360859,770000
1988-04-27,6.437500,6.500000,6.250000,6.250000,3.262972,732000
1988-04-28,6.250000,6.312500,6.187500,6.250000,3.262972,466800
1988-04-29,6.218750,6.312500,6.125000,6.250000,3.262972,1465200
1988-05-02,6.312500,6.375000,6.250000,6.250000,3.262972,340800
1988-05-03,6.312500,6.437500,6.312500,6.375000,3.328229,376800
1988-05-04,6.375000,6.437500,6.187500,6.187500,3.230341,711200
1988-05-05,6.187500,6.250000,6.000000,6.062500,3.165082,921200
1988-05-06,6.125000,6.187500,6.000000,6.031250,3.148766,612800
1988-05-09,6.062500,6.062500,5.875000,5.875000,3.067192,712000
1988-05-10,5.875000,6.062500,5.875000,5.968750,3.116138,863600
1988-05-11,5.812500,5.875000,5.625000,5.750000,3.001933,1187600
1988-05-12,5.750000,5.812500,5.500000,5.625000,2.936673,1069600
1988-05-13,5.937500,6.187500,5.875000,6.187500,3.230341,2341200
1988-05-16,6.187500,6.312500,6.062500,6.250000,3.262972,692400
1988-05-17,6.312500,6.375000,6.000000,6.031250,3.148766,654800
1988-05-18,6.125000,6.187500,5.875000,6.000000,3.132452,1335600
1988-05-19,5.937500,6.000000,5.812500,5.968750,3.116138,1962000
1988-05-20,6.000000,6.000000,5.750000,5.812500,3.034564,528400
1988-05-23,5.875000,5.875000,5.687500,5.812500,3.034564,792000
1988-05-24,5.812500,5.875000,5.750000,5.812500,3.063657,612000
1988-05-25,5.812500,5.875000,5.750000,5.812500,3.063657,848000
1988-05-26,5.812500,5.875000,5.750000,5.843750,3.080129,308400
1988-05-27,5.812500,5.875000,5.625000,5.781250,3.047186,742800
1988-05-31,5.812500,5.937500,5.687500,5.875000,3.096601,804800
1988-06-01,5.937500,6.375000,5.937500,6.250000,3.294257,1527200
1988-06-02,6.187500,6.437500,6.125000,6.250000,3.294257,981200
1988-06-03,6.187500,6.312500,6.187500,6.250000,3.294257,626000
1988-06-06,6.312500,6.312500,6.125000,6.250000,3.294257,540400
1988-06-07,6.187500,6.375000,6.187500,6.187500,3.261313,1265600
1988-06-08,6.312500,6.437500,6.250000,6.375000,3.360139,1206000
1988-06-09,6.437500,6.562500,6.312500,6.500000,3.426025,916000
1988-06-10,6.437500,6.687500,6.437500,6.500000,3.426025,1040000
1988-06-13,6.625000,6.875000,6.562500,6.625000,3.491913,1213200
1988-06-14,6.750000,6.875000,6.687500,6.750000,3.557796,919600
1988-06-15,6.687500,6.812500,6.687500,6.812500,3.590740,1190000
1988-06-16,6.812500,6.812500,6.562500,6.562500,3.458967,688000
1988-06-17,6.625000,6.687500,6.562500,6.562500,3.458967,1644400
1988-06-20,6.562500,6.750000,6.562500,6.750000,3.557796,921200
1988-06-21,6.750000,6.812500,6.625000,6.812500,3.590740,1344000
1988-06-22,6.812500,7.062500,6.812500,7.000000,3.689566,1498400
1988-06-23,7.000000,7.375000,7.000000,7.281250,3.837808,2165200
1988-06-24,7.312500,7.500000,7.250000,7.312500,3.854280,1893200
1988-06-27,7.312500,7.375000,7.000000,7.062500,3.722508,1823200
1988-06-28,7.125000,7.375000,7.000000,7.312500,3.854280,1366000
1988-06-29,7.375000,7.437500,7.187500,7.250000,3.821337,1486400
1988-06-30,7.312500,7.312500,7.125000,7.312500,3.854280,740800
1988-07-01,7.250000,7.375000,7.250000,7.312500,3.854280,1755200
1988-07-05,7.312500,7.562500,7.187500,7.531250,3.969580,1229200
1988-07-06,7.562500,7.750000,7.437500,7.437500,3.920165,2566800
1988-07-07,7.500000,7.500000,7.375000,7.437500,3.920165,2182000
1988-07-08,7.375000,7.437500,7.250000,7.437500,3.920165,1088800
1988-07-11,7.437500,7.625000,7.437500,7.625000,4.018991,789200
1988-07-12,7.562500,7.687500,7.437500,7.500000,3.953106,1505200
1988-07-13,7.562500,7.625000,7.500000,7.562500,3.986050,1817600
1988-07-14,7.500000,7.625000,7.437500,7.500000,3.953106,1027600
1988-07-15,7.437500,7.562500,7.437500,7.500000,3.953106,1109200
1988-07-18,7.500000,7.500000,7.312500,7.312500,3.854280,783200
1988-07-19,7.312500,7.375000,7.062500,7.218750,3.804866,927600
1988-07-20,7.250000,7.312500,7.062500,7.250000,3.821337,468400
1988-07-21,7.187500,7.250000,7.125000,7.187500,3.788393,247600
1988-07-22,7.125000,7.187500,7.062500,7.125000,3.755451,542400
1988-07-25,7.062500,7.125000,6.937500,7.125000,3.755451,466800
1988-07-26,7.125000,7.125000,6.875000,7.062500,3.722508,580400
1988-07-27,7.000000,7.125000,6.625000,6.687500,3.524854,1583200
1988-07-28,6.750000,6.812500,6.625000,6.812500,3.590740,1582800
1988-07-29,6.812500,7.125000,6.750000,7.125000,3.755451,1379600
1988-08-01,7.062500,7.250000,7.062500,7.125000,3.755451,596000
1988-08-02,7.125000,7.250000,7.000000,7.187500,3.788393,718000
1988-08-03,7.125000,7.125000,6.875000,7.062500,3.722508,1008400
1988-08-04,7.062500,7.187500,7.000000,7.062500,3.722508,493600
1988-08-05,7.062500,7.062500,6.812500,6.875000,3.623682,561200
1988-08-08,6.875000,6.937500,6.812500,6.812500,3.590740,534000
1988-08-09,6.812500,6.875000,6.562500,6.687500,3.524854,858400
1988-08-10,6.687500,6.687500,6.500000,6.625000,3.491913,1022800
1988-08-11,6.625000,6.937500,6.562500,6.875000,3.623682,1570800
1988-08-12,6.812500,6.937500,6.812500,6.937500,3.656624,658400
1988-08-15,6.937500,7.000000,6.750000,6.875000,3.623682,923600
1988-08-16,7.000000,7.312500,7.000000,7.250000,3.821337,1828400
1988-08-17,7.312500,7.500000,7.250000,7.437500,3.920165,2502000
1988-08-18,7.562500,7.625000,7.375000,7.437500,3.920165,2002400
1988-08-19,7.375000,7.500000,7.375000,7.437500,3.920165,646800
1988-08-22,7.500000,7.500000,7.312500,7.312500,3.854280,867600
1988-08-23,7.437500,7.500000,7.312500,7.437500,3.920165,1118800
1988-08-24,7.375000,7.562500,7.375000,7.500000,3.953106,1051200
1988-08-25,7.500000,7.500000,7.312500,7.375000,3.894361,920800
1988-08-26,7.375000,7.437500,7.375000,7.406250,3.910862,1095600
1988-08-29,7.437500,7.562500,7.375000,7.437500,3.927364,793200
1988-08-30,7.500000,7.500000,7.312500,7.312500,3.861356,638000
1988-08-31,7.312500,7.375000,7.125000,7.218750,3.811854,950000
1988-09-01,7.250000,7.250000,6.937500,7.250000,3.828356,1319600
1988-09-02,7.312500,7.437500,7.250000,7.437500,3.927364,814800
1988-09-06,7.437500,7.562500,7.375000,7.500000,3.960366,665200
1988-09-07,7.562500,7.562500,7.437500,7.562500,3.993369,728000
1988-09-08,7.500000,7.843750,7.437500,7.687500,4.059378,1602400
1988-09-09,7.625000,7.750000,7.500000,7.687500,4.059378,829600
1988-09-12,7.625000,7.875000,7.625000,7.812500,4.125384,786800
1988-09-13,7.750000,7.750000,7.562500,7.687500,4.059378,1268000
1988-09-14,7.750000,7.875000,7.687500,7.812500,4.125384,684000
1988-09-15,7.750000,7.812500,7.625000,7.625000,4.026374,721200
1988-09-16,7.687500,7.750000,7.593750,7.687500,4.059378,1122400
1988-09-19,7.625000,7.687500,7.500000,7.562500,3.993369,1120000
1988-09-20,7.625000,7.750000,7.562500,7.750000,4.092381,608000
1988-09-21,7.750000,8.000000,7.750000,7.937500,4.191390,753200
1988-09-22,7.875000,7.937500,7.750000,7.937500,4.191390,686400
1988-09-23,7.812500,7.875000,7.750000,7.812500,4.125384,678400
1988-09-26,7.812500,7.875000,7.562500,7.562500,3.993369,718000
1988-09-27,7.562500,7.625000,7.437500,7.500000,3.960366,440800
1988-09-28,7.500000,7.500000,7.437500,7.437500,3.927364,811600
1988-09-29,7.500000,7.625000,7.375000,7.625000,4.026374,3100400
1988-09-30,7.625000,7.750000,7.562500,7.687500,4.059378,1126000
1988-10-03,7.687500,7.687500,7.562500,7.625000,4.026374,562800
1988-10-04,7.625000,7.875000,7.625000,7.812500,4.125384,879200
1988-10-05,7.750000,7.937500,7.750000,7.812500,4.125384,1027200
1988-10-06,7.812500,7.968750,7.687500,7.968750,4.207890,762800
1988-10-07,7.937500,8.375000,7.937500,8.375000,4.422410,2213600
1988-10-10,8.375000,8.500000,8.187500,8.281250,4.372905,1361200
1988-10-11,8.312500,8.375000,8.125000,8.312500,4.389408,905200
1988-10-12,8.250000,8.250000,7.937500,7.937500,4.191390,753200
1988-10-13,8.000000,8.125000,7.937500,8.093750,4.273895,747600
1988-10-14,8.125000,8.250000,8.062500,8.125000,4.290397,743600
1988-10-17,8.187500,8.187500,7.812500,7.875000,4.158389,2274800
1988-10-18,7.875000,7.937500,7.375000,7.625000,4.026374,3547600
1988-10-19,7.750000,7.812500,7.625000,7.625000,4.026374,1512000
1988-10-20,7.625000,7.937500,7.625000,7.875000,4.158389,939200
1988-10-21,7.812500,8.062500,7.750000,8.000000,4.224393,952800
1988-10-24,8.062500,8.187500,7.937500,8.125000,4.290397,1021600
1988-10-25,8.000000,8.062500,7.750000,7.875000,4.158389,742800
1988-10-26,7.875000,7.875000,7.562500,7.750000,4.092381,612400
1988-10-27,7.750000,7.750000,7.500000,7.687500,4.059378,1245600
1988-10-28,7.750000,7.812500,7.562500,7.562500,3.993369,579200
1988-10-31,7.625000,7.625000,7.500000,7.562500,3.993369,360000
1988-11-01,7.562500,7.562500,7.375000,7.500000,3.960366,1395600
1988-11-02,7.500000,7.500000,7.312500,7.437500,3.927364,728400
1988-11-03,7.375000,7.687500,7.375000,7.625000,4.026374,682000
1988-11-04,7.500000,7.687500,7.437500,7.562500,3.993369,492400
1988-11-07,7.500000,7.562500,7.437500,7.437500,3.927364,432400
1988-11-08,7.500000,7.625000,7.437500,7.500000,3.960366,436800
1988-11-09,7.562500,7.562500,7.250000,7.250000,3.828356,1072800
1988-11-10,7.312500,7.312500,7.125000,7.125000,3.762349,1210000
1988-11-11,6.812500,7.062500,6.625000,6.968750,3.679841,6282800
1988-11-14,7.000000,7.125000,6.875000,7.000000,3.696342,1610800
1988-11-15,7.062500,7.187500,7.000000,7.187500,3.795352,1903600
1988-11-16,7.187500,7.187500,6.875000,6.875000,3.630336,1567200
1988-11-17,7.000000,7.000000,6.812500,6.937500,3.663340,1435600
1988-11-18,6.875000,7.000000,6.812500,6.906250,3.646838,1032800
1988-11-21,6.812500,6.937500,6.687500,6.937500,3.663340,1296800
1988-11-22,6.875000,7.062500,6.875000,7.000000,3.696342,1028800
1988-11-23,7.125000,7.250000,6.937500,6.937500,3.670547,1386800
1988-11-25,6.937500,6.937500,6.750000,6.750000,3.571345,1047600
1988-11-28,6.812500,6.937500,6.687500,6.937500,3.670547,1470000
1988-11-29,6.937500,7.437500,6.875000,7.375000,3.902025,2019600
1988-11-30,7.500000,7.562500,7.312500,7.531250,3.984696,1434000
1988-12-01,7.500000,7.750000,7.500000,7.562500,4.001229,1312800
1988-12-02,7.562500,7.562500,7.312500,7.437500,3.935094,881200
1988-12-05,7.437500,7.562500,7.375000,7.437500,3.935094,956800
1988-12-06,7.500000,7.562500,7.312500,7.562500,4.001229,2251200
1988-12-07,7.562500,7.625000,7.500000,7.531250,3.984696,1760000
1988-12-08,7.500000,7.625000,7.437500,7.562500,4.001229,1384400
1988-12-09,7.562500,7.625000,7.500000,7.562500,4.001229,676800
1988-12-12,7.500000,7.687500,7.500000,7.562500,4.001229,726400
1988-12-13,7.500000,7.562500,7.437500,7.500000,3.968162,1228000
1988-12-14,7.500000,7.812500,7.500000,7.562500,4.001229,760800
1988-12-15,7.625000,7.625000,7.312500,7.437500,3.935094,698400
1988-12-16,7.500000,7.687500,7.437500,7.625000,4.034299,1744400
1988-12-19,7.562500,7.750000,7.562500,7.687500,4.067365,768000
1988-12-20,7.750000,7.812500,7.562500,7.562500,4.001229,677600
1988-12-21,7.562500,7.687500,7.531250,7.562500,4.001229,499200
1988-12-22,7.625000,7.687500,7.562500,7.593750,4.017766,821600
1988-12-23,7.625000,7.625000,7.437500,7.500000,3.968162,823600
1988-12-27,7.562500,7.562500,7.437500,7.500000,3.968162,592000
1988-12-28,7.500000,7.562500,7.375000,7.500000,3.968162,1330800
1988-12-29,7.562500,7.625000,7.500000,7.625000,4.034299,403600
1988-12-30,7.562500,7.687500,7.500000,7.562500,4.001229,456800
1989-01-03,7.500000,7.562500,7.437500,7.500000,3.968162,822800
1989-01-04,7.562500,7.625000,7.500000,7.562500,4.001229,636400
1989-01-05,7.625000,8.062500,7.562500,7.750000,4.100434,1924800
1989-01-06,7.812500,7.937500,7.750000,7.812500,4.133502,698800
1989-01-09,7.750000,7.812500,7.625000,7.718750,4.083900,846000
1989-01-10,7.750000,7.750000,7.625000,7.625000,4.034299,516000
1989-01-11,7.687500,8.000000,7.625000,8.000000,4.232708,1289600
1989-01-12,7.937500,8.125000,7.875000,7.875000,4.166570,774800
1989-01-13,7.812500,7.937500,7.750000,7.937500,4.199639,728000
1989-01-16,7.937500,8.000000,7.875000,7.906250,4.183103,386400
1989-01-17,7.875000,8.000000,7.875000,7.875000,4.166570,597200
1989-01-18,7.875000,8.062500,7.875000,8.000000,4.232708,754800
1989-01-19,7.937500,8.062500,7.875000,7.937500,4.199639,765200
1989-01-20,7.875000,7.937500,7.812500,7.843750,4.150036,367600
1989-01-23,7.937500,7.937500,7.812500,7.812500,4.133502,284000
1989-01-24,7.812500,7.937500,7.812500,7.906250,4.183103,691200
1989-01-25,7.937500,7.937500,7.812500,7.937500,4.199639,784800
1989-01-26,7.875000,8.062500,7.875000,8.000000,4.232708,673600
1989-01-27,8.000000,8.062500,7.875000,7.937500,4.199639,1272000
1989-01-30,7.937500,8.000000,7.875000,8.000000,4.232708,438800
1989-01-31,7.875000,8.125000,7.875000,8.125000,4.298843,532400
1989-02-01,8.062500,8.187500,8.062500,8.187500,4.331909,825200
1989-02-02,8.125000,8.312500,8.125000,8.250000,4.364977,1258000
1989-02-03,8.187500,8.312500,8.125000,8.187500,4.331909,564400
1989-02-06,8.250000,8.250000,8.156250,8.250000,4.364977,678800
1989-02-07,8.250000,8.562500,8.187500,8.437500,4.464182,1286800
1989-02-08,8.437500,8.562500,8.375000,8.375000,4.431113,428400
1989-02-09,8.437500,8.500000,8.312500,8.375000,4.431113,885600
1989-02-10,8.375000,8.375000,8.187500,8.187500,4.331909,567600
1989-02-13,8.187500,8.187500,8.000000,8.062500,4.265773,957200
1989-02-14,8.062500,8.250000,8.062500,8.187500,4.331909,324800
1989-02-15,8.125000,8.312500,8.125000,8.312500,4.398045,395200
1989-02-16,8.250000,8.437500,8.250000,8.312500,4.398045,785200
1989-02-17,8.375000,8.437500,8.250000,8.375000,4.431113,407200
1989-02-21,8.312500,8.437500,8.250000,8.375000,4.431113,420800
1989-02-22,8.375000,8.437500,8.062500,8.125000,4.298843,698800
1989-02-23,8.062500,8.125000,8.000000,8.062500,4.274982,718800
1989-02-24,8.125000,8.187500,7.812500,7.875000,4.175565,1151200
1989-02-27,7.937500,7.937500,7.812500,7.875000,4.175565,554400
1989-02-28,7.812500,7.937500,7.750000,7.875000,4.213014,628000
1989-03-01,7.875000,7.937500,7.812500,7.812500,4.179576,1034000
1989-03-02,7.812500,8.062500,7.812500,8.000000,4.279887,378000
1989-03-03,7.937500,8.062500,7.937500,7.937500,4.246450,420000
1989-03-06,7.937500,8.062500,7.875000,8.031250,4.296605,894000
1989-03-07,8.000000,8.062500,7.875000,8.000000,4.279887,765200
1989-03-08,8.000000,8.062500,8.000000,8.062500,4.313324,355600
1989-03-09,8.000000,8.062500,8.000000,8.062500,4.313324,510000
1989-03-10,8.000000,8.062500,7.875000,8.000000,4.279887,429200
1989-03-13,7.937500,8.187500,7.937500,8.125000,4.346760,814400
1989-03-14,8.187500,8.187500,8.000000,8.000000,4.279887,612400
1989-03-15,8.125000,8.187500,8.062500,8.125000,4.346760,948000
1989-03-16,8.062500,8.375000,8.062500,8.250000,4.413633,639600
1989-03-17,8.062500,8.125000,7.875000,8.000000,4.279887,1163600
1989-03-20,7.875000,7.937500,7.687500,7.875000,4.213014,794400
1989-03-21,7.812500,8.000000,7.812500,7.937500,4.246450,562800
1989-03-22,7.937500,8.000000,7.750000,7.875000,4.213014,642400
1989-03-23,7.812500,7.937500,7.687500,7.812500,4.179576,1113200
1989-03-27,7.750000,8.000000,7.625000,8.000000,4.279887,901600
1989-03-28,7.937500,8.250000,7.937500,8.187500,4.380194,988800
1989-03-29,8.187500,8.281250,8.125000,8.250000,4.413633,486000
1989-03-30,8.250000,8.375000,8.187500,8.250000,4.413633,581600
1989-03-31,8.312500,8.437500,8.250000,8.312500,4.447069,872000
1989-04-03,8.312500,8.375000,8.312500,8.312500,4.447069,292800
1989-04-04,8.312500,8.375000,8.187500,8.250000,4.413633,373600
1989-04-05,8.250000,8.312500,8.187500,8.250000,4.413633,191600
1989-04-06,8.312500,8.375000,8.187500,8.375000,4.480507,434000
1989-04-07,8.312500,8.437500,8.312500,8.437500,4.513943,960800
1989-04-10,8.375000,8.375000,8.250000,8.312500,4.447069,294800
1989-04-11,8.312500,8.437500,8.312500,8.375000,4.480507,267200
1989-04-12,8.437500,8.437500,8.312500,8.375000,4.480507,206000
1989-04-13,8.312500,8.437500,8.250000,8.406250,4.497224,653600
1989-04-14,8.375000,8.687500,8.375000,8.687500,4.647689,1081200
1989-04-17,8.625000,8.687500,8.562500,8.593750,4.597533,659200
1989-04-18,8.625000,8.750000,8.562500,8.687500,4.647689,889600
1989-04-19,8.625000,8.750000,8.562500,8.625000,4.614253,1056000
1989-04-20,8.625000,8.625000,8.375000,8.531250,4.564095,996800
1989-04-21,8.500000,8.625000,8.500000,8.562500,4.580815,612400
1989-04-24,8.562500,8.625000,8.437500,8.500000,4.547379,705200
1989-04-25,8.500000,8.500000,8.312500,8.312500,4.447069,237600
1989-04-26,8.437500,8.437500,8.187500,8.375000,4.480507,353600
1989-04-27,8.312500,8.500000,8.312500,8.437500,4.513943,446800
1989-04-28,8.375000,8.437500,8.312500,8.437500,4.513943,356800
1989-05-01,8.312500,8.437500,8.250000,8.375000,4.480507,292400
1989-05-02,8.375000,8.375000,8.281250,8.312500,4.447069,280000
1989-05-03,8.312500,8.375000,8.250000,8.250000,4.413633,450400
1989-05-04,8.250000,8.500000,8.250000,8.375000,4.480507,722000
1989-05-05,8.437500,8.500000,8.375000,8.437500,4.513943,326800
1989-05-08,8.437500,8.437500,8.125000,8.250000,4.413633,459200
1989-05-09,8.125000,8.375000,8.062500,8.187500,4.380194,311200
1989-05-10,8.125000,8.437500,8.125000,8.312500,4.447069,1017600
1989-05-11,8.375000,8.375000,8.125000,8.187500,4.380194,1174800
1989-05-12,8.187500,8.375000,8.125000,8.375000,4.480507,783600
1989-05-15,8.312500,8.500000,8.312500,8.437500,4.513943,611600
1989-05-16,8.375000,8.437500,8.312500,8.437500,4.513943,483200
1989-05-17,8.375000,8.500000,8.375000,8.500000,4.547379,764000
1989-05-18,8.500000,8.562500,8.437500,8.500000,4.547379,750000
1989-05-19,8.500000,8.625000,8.312500,8.500000,4.547379,1961200
1989-05-22,8.562500,8.625000,8.437500,8.562500,4.580815,352400
1989-05-23,8.500000,8.562500,8.375000,8.437500,4.513943,424000
1989-05-24,8.375000,8.437500,8.312500,8.375000,4.517990,525600
1989-05-25,8.375000,8.437500,8.312500,8.437500,4.551703,309600
1989-05-26,8.437500,8.562500,8.375000,8.562500,4.619137,445600
1989-05-30,8.625000,8.625000,8.500000,8.593750,4.635995,669200
1989-05-31,8.625000,8.625000,8.562500,8.625000,4.652853,610400
1989-06-01,8.562500,8.625000,8.437500,8.562500,4.619137,927200
1989-06-02,8.562500,8.562500,8.375000,8.500000,4.585420,3315600
1989-06-05,8.500000,8.500000,8.250000,8.312500,4.484272,1121200
1989-06-06,8.250000,8.375000,8.000000,8.062500,4.349407,1247600
1989-06-07,8.062500,8.125000,8.000000,8.125000,4.383122,2377600
1989-06-08,8.187500,8.625000,8.125000,8.562500,4.619137,3738000
1989-06-09,8.562500,8.750000,8.500000,8.656250,4.669712,1882800
1989-06-12,8.687500,8.687500,8.562500,8.625000,4.652853,544800
1989-06-13,8.625000,8.687500,8.500000,8.687500,4.686570,350800
1989-06-14,8.750000,8.750000,8.625000,8.687500,4.686570,483200
1989-06-15,8.687500,8.750000,8.250000,8.406250,4.534848,957600
1989-06-16,8.312500,8.437500,8.250000,8.375000,4.517990,1467600
1989-06-19,8.375000,8.562500,8.312500,8.500000,4.585420,596000
1989-06-20,8.562500,8.625000,8.500000,8.625000,4.652853,410400
1989-06-21,8.562500,8.625000,8.500000,8.562500,4.619137,929600
1989-06-22,8.500000,8.625000,8.500000,8.625000,4.652853,457200
1989-06-23,8.562500,8.812500,8.562500,8.750000,4.720286,978400
1989-06-26,8.812500,8.812500,8.625000,8.625000,4.652853,626000
1989-06-27,8.687500,8.750000,8.625000,8.625000,4.652853,656800
1989-06-28,8.625000,8.687500,8.375000,8.437500,4.551703,1308000
1989-06-29,8.437500,8.437500,8.125000,8.250000,4.450557,1166400
1989-06-30,8.187500,8.250000,7.812500,7.812500,4.214541,1381600
1989-07-03,7.875000,8.187500,7.812500,8.187500,4.416839,766800
1989-07-05,8.250000,8.281250,8.125000,8.187500,4.416839,1004800
1989-07-06,8.187500,8.250000,8.125000,8.187500,4.416839,512400
1989-07-07,8.187500,8.312500,8.125000,8.187500,4.416839,1892800
1989-07-10,8.250000,8.250000,8.187500,8.250000,4.450557,774800
1989-07-11,8.187500,8.437500,8.187500,8.312500,4.484272,1862000
1989-07-12,8.312500,8.750000,8.312500,8.718750,4.703427,1092800
1989-07-13,8.687500,8.812500,8.625000,8.750000,4.720286,1258400
1989-07-14,8.750000,8.812500,8.562500,8.750000,4.720286,1482000
1989-07-17,8.687500,8.937500,8.687500,8.812500,4.754002,1116000
1989-07-18,8.812500,8.937500,8.750000,8.875000,4.787717,1372800
1989-07-19,8.875000,8.937500,8.781250,8.875000,4.787717,521200
1989-07-20,8.812500,8.875000,8.687500,8.718750,4.703427,597200
1989-07-21,8.687500,8.937500,8.687500,8.812500,4.754002,678800
1989-07-24,8.812500,8.812500,8.687500,8.750000,4.720286,268000
1989-07-25,8.750000,9.000000,8.750000,8.875000,4.787717,894000
1989-07-26,8.812500,9.000000,8.812500,9.000000,4.855153,501200
1989-07-27,9.000000,9.062500,8.937500,9.062500,4.888869,1121200
1989-07-28,9.000000,9.062500,8.875000,8.937500,4.821434,809200
1989-07-31,9.000000,9.000000,8.875000,8.937500,4.821434,397200
1989-08-01,8.937500,9.187500,8.937500,9.062500,4.888869,1697200
1989-08-02,9.000000,9.125000,8.937500,9.125000,4.922585,451600
1989-08-03,9.125000,9.187500,9.062500,9.187500,4.956300,670000
1989-08-04,9.187500,9.312500,9.125000,9.312500,5.023733,614800
1989-08-07,9.312500,9.687500,9.250000,9.625000,5.192312,844800
1989-08-08,9.625000,10.062500,9.625000,9.875000,5.327179,2620800
1989-08-09,9.812500,9.937500,9.625000,9.687500,5.226030,1314800
1989-08-10,9.437500,9.625000,9.312500,9.562500,5.158600,3570000
1989-08-11,9.625000,9.875000,9.562500,9.750000,5.259748,1494400
1989-08-14,9.750000,9.875000,9.562500,9.687500,5.226030,1558800
1989-08-15,9.687500,9.750000,9.625000,9.625000,5.192312,1032000
1989-08-16,9.687500,9.875000,9.687500,9.750000,5.259748,1078400
1989-08-17,9.750000,9.875000,9.750000,9.750000,5.259748,387200
1989-08-18,9.750000,9.875000,9.750000,9.875000,5.327179,204800
1989-08-21,9.812500,9.937500,9.750000,9.750000,5.259748,717200
1989-08-22,9.750000,9.875000,9.750000,9.875000,5.327179,587200
1989-08-23,9.812500,9.937500,9.750000,9.812500,5.293462,648800
1989-08-24,9.750000,10.062500,9.750000,10.062500,5.428329,1259600
1989-08-25,10.062500,10.062500,9.875000,9.937500,5.398449,690400
1989-08-28,10.000000,10.437500,9.875000,10.437500,5.670071,1616000
1989-08-29,10.500000,10.625000,10.062500,10.437500,5.670071,1334000
1989-08-30,10.375000,10.562500,10.375000,10.468750,5.687047,552400
1989-08-31,10.500000,10.500000,10.312500,10.437500,5.670071,398800
1989-09-01,10.375000,10.500000,10.375000,10.437500,5.670071,550400
1989-09-05,10.500000,10.500000,10.250000,10.250000,5.568216,522000
1989-09-06,10.250000,10.312500,10.000000,10.125000,5.500305,656400
1989-09-07,10.187500,10.187500,9.875000,9.875000,5.364499,730000
1989-09-08,10.000000,10.000000,9.687500,9.937500,5.398449,813200
1989-09-11,9.875000,10.000000,9.875000,10.000000,5.432406,278800
1989-09-12,9.937500,10.000000,9.875000,10.000000,5.432406,1242400
1989-09-13,9.937500,10.000000,9.812500,9.812500,5.330544,548400
1989-09-14,9.875000,9.875000,9.687500,9.750000,5.296595,661600
1989-09-15,9.812500,9.937500,9.750000,9.843750,5.347523,1505200
1989-09-18,9.875000,9.937500,9.750000,9.937500,5.398449,364000
1989-09-19,9.875000,9.937500,9.875000,9.875000,5.364499,251200
1989-09-20,9.875000,9.937500,9.687500,9.812500,5.330544,383600
1989-09-21,9.812500,9.812500,9.625000,9.625000,5.228689,466000
1989-09-22,9.625000,9.812500,9.625000,9.625000,5.228689,967200
1989-09-25,9.625000,9.687500,9.437500,9.437500,5.126832,732800
1989-09-26,9.562500,9.750000,9.437500,9.625000,5.228689,942800
1989-09-27,9.562500,9.625000,9.500000,9.625000,5.228689,231600
1989-09-28,9.562500,9.937500,9.562500,9.937500,5.398449,1477600
1989-09-29,9.875000,10.000000,9.812500,9.875000,5.364499,496800
1989-10-02,9.812500,10.312500,9.812500,10.312500,5.602166,916800
1989-10-03,10.250000,10.375000,10.125000,10.250000,5.568216,467200
1989-10-04,10.187500,10.312500,10.125000,10.187500,5.534262,1219600
1989-10-05,10.125000,10.187500,10.062500,10.062500,5.466357,362800
1989-10-06,10.125000,10.250000,10.062500,10.187500,5.534262,286800
1989-10-09,10.250000,10.437500,10.125000,10.437500,5.670071,748400
1989-10-10,10.437500,10.562500,10.312500,10.562500,5.737976,520800
1989-10-11,10.500000,10.562500,10.312500,10.437500,5.670071,853600
1989-10-12,10.375000,10.437500,10.312500,10.375000,5.636117,369600
1989-10-13,10.312500,10.375000,9.875000,10.000000,5.432406,966800
1989-10-16,9.750000,10.000000,9.593750,9.937500,5.398449,2238000
1989-10-17,9.812500,10.062500,9.750000,10.031250,5.449379,1046400
1989-10-18,10.000000,10.062500,9.812500,9.875000,5.364499,1073600
1989-10-19,9.937500,10.187500,9.937500,10.125000,5.500305,836000
1989-10-20,10.000000,10.125000,9.875000,10.000000,5.432406,636400
1989-10-23,9.937500,10.062500,9.750000,9.875000,5.364499,1082000
1989-10-24,9.875000,9.875000,9.437500,9.625000,5.228689,1860800
1989-10-25,9.687500,9.750000,9.562500,9.562500,5.194738,1313600
1989-10-26,9.500000,9.562500,9.375000,9.375000,5.092879,1149200
1989-10-27,9.375000,9.437500,9.156250,9.312500,5.058923,1923200
1989-10-30,9.312500,9.375000,9.187500,9.250000,5.024973,892000
1989-10-31,9.250000,9.375000,9.187500,9.187500,4.991021,879200
1989-11-01,9.250000,9.250000,9.062500,9.125000,4.957067,1699600
1989-11-02,9.125000,9.250000,8.937500,9.187500,4.991021,1455600
1989-11-03,9.125000,9.250000,9.062500,9.156250,4.974044,774000
1989-11-06,9.125000,9.187500,9.062500,9.062500,4.923116,1096400
1989-11-07,9.062500,9.187500,8.937500,9.187500,4.991021,666000
1989-11-08,9.187500,9.250000,9.000000,9.062500,4.923116,1083600
1989-11-09,9.187500,9.500000,9.125000,9.375000,5.092879,1230000
1989-11-10,9.437500,9.562500,9.375000,9.375000,5.092879,865200
1989-11-13,9.437500,9.468750,9.187500,9.187500,4.991021,1086800
1989-11-14,9.062500,9.187500,8.812500,8.937500,4.855210,3292800
1989-11-15,8.875000,8.937500,8.625000,8.875000,4.821259,2060800
1989-11-16,8.875000,9.000000,8.812500,8.906250,4.838233,1277200
1989-11-17,8.812500,9.125000,8.812500,9.000000,4.889165,697200
1989-11-20,9.062500,9.125000,8.937500,9.062500,4.923116,1951600
1989-11-21,9.000000,9.062500,8.906250,8.968750,4.872184,1040400
1989-11-22,8.937500,9.000000,8.875000,8.875000,4.821259,1175200
1989-11-24,8.937500,9.062500,8.937500,9.062500,4.923116,500400
1989-11-27,9.000000,9.187500,8.937500,9.062500,4.932642,1939200
1989-11-28,9.125000,9.187500,9.062500,9.125000,4.966658,660000
1989-11-29,9.187500,9.250000,9.062500,9.156250,4.983667,1085200
1989-11-30,9.125000,9.375000,9.125000,9.312500,5.068711,686400
1989-12-01,9.375000,9.562500,9.250000,9.250000,5.034694,1298400
1989-12-04,9.312500,9.312500,9.187500,9.250000,5.034694,350000
1989-12-05,9.187500,9.312500,8.937500,8.937500,4.864605,1278800
1989-12-06,8.937500,9.062500,8.750000,8.750000,4.762548,1344800
1989-12-07,8.687500,8.750000,8.500000,8.562500,4.660495,2303200
1989-12-08,8.687500,8.750000,8.500000,8.625000,4.694513,1648000
1989-12-11,8.625000,8.875000,8.562500,8.812500,4.796568,916000
1989-12-12,8.750000,8.812500,8.562500,8.687500,4.728530,992000
1989-12-13,8.687500,8.875000,8.625000,8.687500,4.728530,1076800
1989-12-14,8.687500,8.687500,8.375000,8.562500,4.660495,1480800
1989-12-15,8.750000,8.750000,8.500000,8.625000,4.694513,1662800
1989-12-18,8.625000,8.687500,8.312500,8.375000,4.558441,1786400
1989-12-19,8.375000,8.562500,8.312500,8.500000,4.626477,1040800
1989-12-20,8.500000,8.750000,8.500000,8.625000,4.694513,1037200
1989-12-21,8.750000,8.875000,8.687500,8.750000,4.762548,1199600
1989-12-22,8.750000,8.937500,8.625000,8.812500,4.796568,1187200
1989-12-26,8.937500,9.000000,8.812500,8.875000,4.830588,518800
1989-12-27,8.937500,9.062500,8.875000,9.000000,4.898623,720000
1989-12-28,9.000000,9.125000,8.906250,9.125000,4.966658,801600
1989-12-29,9.062500,9.437500,9.062500,9.312500,5.068711,740800
1990-01-02,9.312500,9.500000,9.125000,9.500000,5.170769,1112000
1990-01-03,9.437500,9.812500,9.437500,9.687500,5.272826,1042400
1990-01-04,9.687500,9.687500,9.562500,9.687500,5.272826,788000
1990-01-05,9.625000,9.812500,9.562500,9.687500,5.272826,848000
1990-01-08,9.687500,9.687500,9.406250,9.500000,5.170769,998000
1990-01-09,9.375000,9.437500,9.000000,9.000000,4.898623,1102800
1990-01-10,9.000000,9.000000,8.750000,8.812500,4.796568,1385600
1990-01-11,8.875000,9.000000,8.812500,8.812500,4.796568,579600
1990-01-12,8.687500,8.750000,8.562500,8.687500,4.728530,963600
1990-01-15,8.687500,8.812500,8.625000,8.687500,4.728530,816800
1990-01-16,8.687500,9.062500,8.625000,8.937500,4.864605,1132800
1990-01-17,9.000000,9.000000,8.750000,8.812500,4.796568,835200
1990-01-18,8.687500,8.812500,8.625000,8.812500,4.796568,555200
1990-01-19,8.812500,8.875000,8.750000,8.750000,4.762548,326000
1990-01-22,8.812500,8.812500,8.562500,8.625000,4.694513,618000
1990-01-23,8.625000,8.812500,8.562500,8.687500,4.728530,514000
1990-01-24,8.562500,8.687500,8.437500,8.687500,4.728530,741600
1990-01-25,8.625000,8.750000,8.500000,8.562500,4.660495,474000
1990-01-26,8.500000,8.562500,8.312500,8.375000,4.558441,586400
1990-01-29,8.437500,8.500000,8.187500,8.281250,4.507413,708000
1990-01-30,8.250000,8.250000,8.062500,8.156250,4.439376,1362000
1990-01-31,8.187500,8.437500,8.187500,8.375000,4.558441,711600
1990-02-01,8.375000,8.625000,8.375000,8.562500,4.660495,689200
1990-02-02,8.562500,8.750000,8.500000,8.562500,4.660495,524000
1990-02-05,8.562500,8.687500,8.500000,8.625000,4.694513,387200
1990-02-06,8.687500,8.687500,8.437500,8.437500,4.592457,577600
1990-02-07,8.437500,8.625000,8.187500,8.593750,4.677504,1082000
1990-02-08,8.625000,8.812500,8.562500,8.656250,4.711523,1869600
1990-02-09,8.625000,8.750000,8.625000,8.718750,4.745540,2620000
1990-02-12,8.625000,8.750000,8.562500,8.562500,4.660495,530000
1990-02-13,8.687500,8.687500,8.500000,8.687500,4.728530,599200
1990-02-14,8.687500,8.750000,8.250000,8.500000,4.626477,1438400
1990-02-15,8.437500,8.500000,8.062500,8.187500,4.456385,5008400
1990-02-16,7.750000,7.750000,7.312500,7.375000,4.014148,13564800
1990-02-20,7.062500,7.125000,6.687500,6.937500,3.776020,7897600
1990-02-21,6.875000,7.187500,6.687500,7.125000,3.878077,3834000
1990-02-22,7.250000,7.437500,7.125000,7.312500,3.980132,2297200
1990-02-23,7.312500,7.312500,6.875000,7.000000,3.810040,4344000
1990-02-26,7.062500,7.312500,7.000000,7.312500,3.980132,2349600
1990-02-27,7.250000,7.375000,6.937500,7.000000,3.819835,2898400
1990-02-28,7.000000,7.125000,6.812500,6.937500,3.785728,2668400
1990-03-01,6.812500,7.000000,6.625000,6.937500,3.785728,3022000
1990-03-02,6.875000,7.250000,6.875000,7.250000,3.956258,2346800
1990-03-05,7.250000,7.250000,7.062500,7.062500,3.853940,2029600
1990-03-06,7.125000,7.125000,6.937500,7.062500,3.853940,1675600
1990-03-07,7.062500,7.125000,6.750000,6.937500,3.785728,4240400
1990-03-08,6.937500,7.125000,6.812500,7.093750,3.870994,4220800
1990-03-09,7.125000,7.562500,7.062500,7.500000,4.092680,3548400
1990-03-12,7.500000,7.500000,7.250000,7.375000,4.024467,1522000
1990-03-13,7.437500,7.437500,7.250000,7.312500,3.990362,885200
1990-03-14,7.375000,7.562500,7.312500,7.312500,3.990362,1399600
1990-03-15,7.562500,7.562500,7.375000,7.468750,4.075627,1866400
1990-03-16,7.625000,7.687500,7.437500,7.625000,4.160891,1236400
1990-03-19,7.625000,7.625000,7.375000,7.562500,4.126785,1208800
1990-03-20,7.562500,7.687500,7.375000,7.500000,4.092680,1622400
1990-03-21,7.437500,7.687500,7.375000,7.437500,4.058572,976000
1990-03-22,7.500000,7.500000,7.250000,7.312500,3.990362,1724000
1990-03-23,7.375000,7.500000,7.312500,7.437500,4.058572,878800
1990-03-26,7.500000,7.687500,7.500000,7.625000,4.160891,1144000
1990-03-27,7.562500,7.750000,7.437500,7.687500,4.194998,1339200
1990-03-28,7.750000,8.125000,7.625000,7.937500,4.331420,1685200
1990-03-29,7.937500,8.000000,7.750000,7.812500,4.263208,922400
1990-03-30,7.875000,7.937500,7.687500,7.875000,4.297316,682000
1990-04-02,7.750000,8.125000,7.750000,8.125000,4.433737,599200
1990-04-03,8.125000,8.312500,8.125000,8.250000,4.501949,1417200
1990-04-04,8.187500,8.312500,7.875000,8.000000,4.365526,1330800
1990-04-05,8.000000,8.125000,7.812500,7.875000,4.297316,1994000
1990-04-06,7.937500,7.937500,7.750000,7.843750,4.280259,628000
1990-04-09,7.875000,7.875000,7.500000,7.625000,4.160891,1629600
1990-04-10,7.625000,7.625000,7.437500,7.593750,4.143839,1290400
1990-04-11,7.562500,7.875000,7.562500,7.812500,4.263208,1037600
1990-04-12,7.812500,7.937500,7.812500,7.875000,4.297316,975600
1990-04-16,7.937500,8.000000,7.812500,7.875000,4.297316,440800
1990-04-17,7.812500,7.875000,7.687500,7.812500,4.263208,908000
1990-04-18,7.812500,7.875000,7.375000,7.437500,4.058572,2820000
1990-04-19,7.437500,7.625000,7.312500,7.562500,4.126785,1619200
1990-04-20,7.500000,7.562500,7.125000,7.250000,3.956258,5099600
1990-04-23,7.312500,7.375000,7.062500,7.312500,3.990362,1538800
1990-04-24,7.312500,7.437500,7.125000,7.218750,3.939206,2202800
1990-04-25,7.250000,7.375000,7.187500,7.343750,4.007416,1365600
1990-04-26,7.375000,7.375000,6.937500,7.187500,3.922150,3164800
1990-04-27,7.187500,7.187500,6.937500,7.062500,3.853940,2390000
1990-04-30,7.000000,7.187500,6.812500,7.125000,3.888045,1679600
1990-05-01,7.187500,7.187500,6.750000,6.937500,3.785728,2830800
1990-05-02,7.000000,7.000000,6.687500,6.875000,3.751623,2376800
1990-05-03,6.937500,7.000000,6.750000,6.875000,3.751623,1368000
1990-05-04,6.875000,7.000000,6.687500,6.937500,3.785728,2602800
1990-05-07,7.062500,7.437500,7.000000,7.281250,3.973310,2885600
1990-05-08,7.250000,7.250000,6.937500,7.062500,3.853940,3091200
1990-05-09,7.000000,7.062500,6.812500,7.000000,3.819835,1936000
1990-05-10,7.000000,7.125000,6.812500,6.937500,3.785728,1851200
1990-05-11,6.562500,7.062500,6.468750,6.968750,3.802782,5937600
1990-05-14,7.062500,7.437500,7.062500,7.375000,4.024467,2772000
1990-05-15,7.375000,7.625000,7.312500,7.437500,4.058572,2394000
1990-05-16,7.437500,7.562500,7.343750,7.500000,4.092680,1110800
1990-05-17,7.437500,7.875000,7.437500,7.812500,4.263208,2894800
1990-05-18,7.812500,8.125000,7.687500,7.937500,4.331420,4308000
1990-05-21,8.000000,8.000000,7.812500,8.000000,4.365526,2753200
1990-05-22,7.937500,8.125000,7.812500,7.812500,4.263208,2540800
1990-05-23,7.812500,7.937500,7.687500,7.937500,4.331420,1145600
1990-05-24,7.812500,7.937500,7.625000,7.750000,4.231635,1655600
1990-05-25,7.625000,7.812500,7.500000,7.687500,4.197508,1992400
1990-05-29,7.687500,8.156250,7.687500,8.125000,4.436390,1847600
1990-05-30,8.125000,8.312500,8.062500,8.250000,4.504645,2120800
1990-05-31,8.125000,8.500000,8.125000,8.437500,4.607022,2781600
1990-06-01,8.437500,8.812500,8.437500,8.687500,4.743526,4386400
1990-06-04,8.687500,8.937500,8.562500,8.843750,4.828840,2466000
1990-06-05,8.875000,9.000000,8.750000,8.812500,4.811778,3078800
1990-06-06,8.812500,8.812500,8.500000,8.687500,4.743526,1920400
1990-06-07,8.750000,8.812500,8.687500,8.750000,4.777653,1718400
1990-06-08,8.687500,8.750000,8.500000,8.562500,4.675275,3294000
1990-06-11,8.500000,8.750000,8.437500,8.750000,4.777653,1563600
1990-06-12,8.750000,8.875000,8.687500,8.750000,4.777653,1257600
1990-06-13,8.750000,8.812500,8.687500,8.812500,4.811778,1432800
1990-06-14,8.687500,8.812500,8.687500,8.750000,4.777653,1263600
1990-06-15,8.750000,8.812500,8.687500,8.750000,4.777653,1037600
1990-06-18,8.750000,8.812500,8.562500,8.562500,4.675275,1380800
1990-06-19,8.562500,8.687500,8.562500,8.562500,4.675275,1620400
1990-06-20,8.625000,9.062500,8.625000,8.968750,4.897095,3011200
1990-06-21,9.000000,9.187500,8.812500,9.125000,4.982407,3170400
1990-06-22,9.125000,9.250000,8.750000,8.781250,4.794716,2366400
1990-06-25,8.750000,8.875000,8.687500,8.750000,4.777653,3098400
1990-06-26,8.812500,8.937500,8.500000,8.687500,4.743526,1901200
1990-06-27,8.625000,8.875000,8.625000,8.750000,4.777653,1030800
1990-06-28,8.750000,8.875000,8.625000,8.687500,4.743526,802400
1990-06-29,8.625000,8.687500,8.500000,8.562500,4.675275,1188800
1990-07-02,8.500000,8.625000,8.437500,8.500000,4.641148,961600
1990-07-03,8.500000,8.687500,8.500000,8.625000,4.709399,718000
1990-07-05,8.625000,8.812500,8.625000,8.687500,4.743526,1093200
1990-07-06,8.625000,8.875000,8.625000,8.875000,4.845904,1695200
1990-07-09,8.812500,9.125000,8.812500,9.093750,4.965345,1191200
1990-07-10,9.062500,9.187500,8.875000,8.937500,4.880030,1086800
1990-07-11,8.937500,9.250000,8.937500,9.187500,5.016534,1554000
1990-07-12,9.250000,9.375000,9.062500,9.187500,5.016534,1419600
1990-07-13,9.187500,9.375000,9.187500,9.187500,5.016534,2598000
1990-07-16,9.187500,9.562500,9.187500,9.312500,5.084784,2379200
1990-07-17,9.312500,9.375000,9.000000,9.000000,4.914157,1633200
1990-07-18,9.062500,9.062500,8.812500,8.875000,4.845904,1474800
1990-07-19,8.875000,9.062500,8.812500,9.000000,4.914157,784800
1990-07-20,9.000000,9.250000,8.937500,9.000000,4.914157,1182000
1990-07-23,8.812500,8.875000,8.125000,8.437500,4.607022,3343600
1990-07-24,8.500000,8.625000,8.000000,8.187500,4.470519,3384000
1990-07-25,8.125000,8.375000,8.062500,8.187500,4.470519,1869200
1990-07-26,8.125000,8.250000,7.812500,7.875000,4.299888,3372000
1990-07-27,7.812500,7.875000,7.437500,7.500000,4.095130,3991200
1990-07-30,7.500000,7.500000,7.250000,7.343750,4.009817,3966800
1990-07-31,7.375000,7.437500,7.250000,7.250000,3.958625,3098800
1990-08-01,7.250000,7.500000,7.250000,7.437500,4.061005,2488000
1990-08-02,7.312500,7.625000,7.250000,7.437500,4.061005,1096800
1990-08-03,7.375000,7.437500,7.062500,7.343750,4.009817,3424400
1990-08-06,7.187500,7.375000,6.812500,6.937500,3.787994,3414000
1990-08-07,7.125000,7.187500,6.500000,6.750000,3.685618,4917600
1990-08-08,6.812500,6.875000,6.437500,6.468750,3.532049,4313600
1990-08-09,6.500000,6.843750,6.437500,6.781250,3.702682,3555600
1990-08-10,6.875000,7.062500,6.750000,6.781250,3.702682,3838000
1990-08-13,6.625000,6.875000,6.531250,6.875000,3.753869,2094000
1990-08-14,6.812500,6.875000,6.562500,6.687500,3.651491,2153200
1990-08-15,6.687500,6.812500,6.625000,6.781250,3.702682,870400
1990-08-16,6.625000,6.750000,6.500000,6.531250,3.566174,1293200
1990-08-17,6.437500,6.500000,6.125000,6.375000,3.480862,4529600
1990-08-20,6.375000,6.437500,6.250000,6.312500,3.446736,1468400
1990-08-21,6.250000,6.250000,5.812500,5.937500,3.241976,5272400
1990-08-22,6.062500,6.125000,5.875000,6.000000,3.276105,1920400
1990-08-23,5.812500,5.906250,5.625000,5.750000,3.139600,2920400
1990-08-24,5.812500,5.937500,5.750000,5.812500,3.173725,4022400
1990-08-27,5.875000,6.187500,5.875000,6.062500,3.320944,2534800
1990-08-28,6.125000,6.125000,5.875000,5.875000,3.218234,2055200
1990-08-29,5.937500,5.937500,5.562500,5.687500,3.115523,3108400
1990-08-30,5.750000,5.812500,5.625000,5.718750,3.132641,1453200
1990-08-31,5.750000,5.812500,5.562500,5.750000,3.149760,1753200
1990-09-04,5.750000,5.812500,5.687500,5.750000,3.149760,1237600
1990-09-05,5.875000,6.062500,5.562500,5.625000,3.081288,3066800
1990-09-06,5.562500,5.562500,5.312500,5.437500,2.978576,3112000
1990-09-07,5.437500,5.812500,5.375000,5.781250,3.166878,2663200
1990-09-10,5.812500,6.000000,5.812500,5.843750,3.201115,1825600
1990-09-11,5.875000,5.875000,5.593750,5.812500,3.183997,1649600
1990-09-12,5.812500,5.937500,5.687500,5.875000,3.218234,1005600
1990-09-13,5.937500,5.937500,5.625000,5.750000,3.149760,1031600
1990-09-14,5.687500,5.750000,5.562500,5.687500,3.115523,878400
1990-09-17,5.625000,5.687500,5.500000,5.625000,3.081288,530000
1990-09-18,5.562500,5.812500,5.437500,5.718750,3.132641,2438000
1990-09-19,5.750000,5.812500,5.375000,5.375000,2.944340,3299600
1990-09-20,5.250000,5.281250,5.000000,5.125000,2.807395,5296400
1990-09-21,5.062500,5.250000,5.062500,5.187500,2.841632,3631200
1990-09-24,5.187500,5.250000,4.937500,5.125000,2.807395,2834800
1990-09-25,5.125000,5.375000,5.062500,5.312500,2.910105,2113600
1990-09-26,5.312500,5.375000,5.062500,5.187500,2.841632,2348800
1990-09-27,5.375000,5.437500,5.031250,5.250000,2.875868,2042400
1990-09-28,5.062500,5.125000,4.875000,5.125000,2.807395,4086000
1990-10-01,5.125000,5.625000,5.125000,5.375000,2.944340,2210400
1990-10-02,5.562500,5.562500,5.312500,5.312500,2.910105,1657200
1990-10-03,5.312500,5.312500,5.031250,5.125000,2.807395,1180800
1990-10-04,5.125000,5.187500,5.000000,5.187500,2.841632,1004000
1990-10-05,5.000000,5.312500,4.937500,5.250000,2.875868,1453600
1990-10-08,5.250000,5.375000,5.187500,5.218750,2.858751,692400
1990-10-09,5.250000,5.250000,4.875000,4.906250,2.687567,2562800
1990-10-10,4.937500,5.187500,4.812500,5.000000,2.738922,2467600
1990-10-11,4.875000,4.937500,4.593750,4.750000,2.601976,3230800
1990-10-12,4.875000,5.187500,4.812500,5.093750,2.790276,2039200
1990-10-15,5.125000,5.312500,5.000000,5.312500,2.910105,966800
1990-10-16,5.187500,5.250000,5.062500,5.062500,2.773158,1018800
1990-10-17,5.062500,5.125000,4.875000,4.937500,2.704687,2150400
1990-10-18,4.937500,5.375000,4.875000,5.375000,2.944340,2129600
1990-10-19,5.375000,5.562500,5.250000,5.375000,2.944340,1355200
1990-10-22,5.375000,5.625000,5.187500,5.500000,3.012814,1995200
1990-10-23,5.500000,5.875000,5.375000,5.625000,3.081288,2751600
1990-10-24,5.562500,5.625000,5.312500,5.375000,2.944340,752400
1990-10-25,5.437500,5.468750,5.187500,5.375000,2.944340,1046400
1990-10-26,5.375000,5.375000,5.187500,5.218750,2.858751,1303200
1990-10-29,5.250000,5.250000,4.937500,5.031250,2.756040,2376000
1990-10-30,5.000000,5.062500,4.656250,4.812500,2.636212,4563200
1990-10-31,4.937500,4.937500,4.437500,4.500000,2.465031,2726400
1990-11-01,4.500000,4.562500,4.312500,4.437500,2.430794,3532000
1990-11-02,4.437500,4.875000,4.375000,4.875000,2.670449,2311600
1990-11-05,4.875000,5.125000,4.812500,5.062500,2.773158,2143600
1990-11-06,5.062500,5.250000,5.000000,5.062500,2.773158,1866400
1990-11-07,5.062500,5.062500,4.812500,4.875000,2.670449,2299600
1990-11-08,4.937500,5.093750,4.812500,4.875000,2.670449,1244000
1990-11-09,4.937500,5.437500,4.687500,5.437500,2.978576,3030000
1990-11-12,5.437500,5.687500,5.187500,5.625000,3.081288,3643600
1990-11-13,5.625000,5.812500,5.562500,5.687500,3.115523,3266800
1990-11-14,5.750000,5.750000,5.625000,5.625000,3.081288,3920000
1990-11-15,5.625000,5.687500,5.437500,5.500000,3.012814,2016400
1990-11-16,5.500000,5.500000,5.312500,5.375000,2.944340,1995200
1990-11-19,5.500000,5.500000,5.312500,5.437500,2.978576,1317600
1990-11-20,5.375000,5.562500,5.375000,5.500000,3.012814,2526000
1990-11-21,5.437500,5.812500,5.437500,5.750000,3.149760,2502800
1990-11-23,5.812500,5.875000,5.687500,5.812500,3.183997,536000
1990-11-26,5.875000,5.875000,5.687500,5.875000,3.218234,2050000
1990-11-27,5.812500,6.250000,5.812500,6.187500,3.392159,2366400
1990-11-28,6.125000,6.250000,5.937500,6.000000,3.289366,1573600
1990-11-29,5.937500,5.937500,5.750000,5.875000,3.220839,1045600
1990-11-30,5.875000,5.937500,5.625000,5.875000,3.220839,2631200
1990-12-03,5.875000,5.937500,5.687500,5.718750,3.135176,2242800
1990-12-04,5.687500,5.750000,5.500000,5.625000,3.083781,1772800
1990-12-05,5.687500,5.937500,5.562500,5.937500,3.255100,2673200
1990-12-06,5.968750,6.187500,5.875000,5.937500,3.255100,3784000
1990-12-07,5.875000,5.937500,5.562500,5.750000,3.152309,2666400
1990-12-10,5.812500,5.812500,5.500000,5.625000,3.083781,1624000
1990-12-11,5.562500,5.625000,5.312500,5.375000,2.946722,2278800
1990-12-12,5.375000,5.625000,5.312500,5.562500,3.049516,1127600
1990-12-13,5.625000,5.625000,5.437500,5.562500,3.049516,1705200
1990-12-14,5.625000,5.687500,5.562500,5.625000,3.083781,1005600
1990-12-17,5.562500,5.625000,5.500000,5.593750,3.066649,806000
1990-12-18,5.562500,5.750000,5.500000,5.687500,3.118044,1284400
1990-12-19,5.750000,5.937500,5.687500,5.937500,3.255100,1766400
1990-12-20,5.812500,5.875000,5.750000,5.843750,3.203706,1321600
1990-12-21,5.937500,6.000000,5.562500,5.875000,3.220839,2391200
1990-12-24,5.937500,6.093750,5.812500,5.937500,3.255100,1038400
1990-12-26,5.937500,6.062500,5.750000,5.750000,3.152309,1202800
1990-12-27,5.750000,5.750000,5.500000,5.562500,3.049516,2413600
1990-12-28,5.562500,5.750000,5.500000,5.750000,3.152309,1418000
1990-12-31,5.687500,5.750000,5.500000,5.562500,3.049516,1544800
1991-01-02,5.562500,5.812500,5.500000,5.687500,3.118044,1648000
1991-01-03,5.687500,5.875000,5.625000,5.750000,3.152309,1491200
1991-01-04,5.562500,5.812500,5.562500,5.750000,3.152309,898000
1991-01-07,5.625000,5.750000,5.562500,5.656250,3.100915,1688000
1991-01-08,5.625000,5.750000,5.625000,5.687500,3.118044,1070000
1991-01-09,5.750000,5.937500,5.625000,5.750000,3.152309,2090000
1991-01-10,5.750000,6.187500,5.750000,6.093750,3.340764,1398800
1991-01-11,6.062500,6.281250,6.000000,6.187500,3.392159,1689600
1991-01-14,5.937500,6.062500,5.875000,5.937500,3.255100,2534400
1991-01-15,5.937500,6.062500,5.875000,6.000000,3.289366,1095600
1991-01-16,6.062500,6.437500,6.000000,6.312500,3.460689,2261200
1991-01-17,6.562500,6.750000,6.312500,6.375000,3.494952,3592400
1991-01-18,6.312500,6.562500,6.250000,6.562500,3.597744,3045200
1991-01-21,6.375000,6.687500,6.375000,6.625000,3.632009,1044800
1991-01-22,6.625000,6.812500,6.562500,6.562500,3.597744,1797200
1991-01-23,6.500000,6.812500,6.500000,6.781250,3.717670,1354000
1991-01-24,6.750000,7.187500,6.750000,6.937500,3.803329,2192000
1991-01-25,6.875000,6.937500,6.812500,6.875000,3.769064,843600
1991-01-28,6.812500,6.937500,6.375000,6.437500,3.529215,672000
1991-01-29,6.312500,6.687500,6.187500,6.625000,3.632009,2564800
1991-01-30,6.625000,7.125000,6.625000,7.000000,3.837592,2069600
1991-01-31,7.000000,7.000000,6.812500,6.875000,3.769064,947600
1991-02-01,6.937500,7.000000,6.687500,6.687500,3.666272,1486800
1991-02-04,6.687500,6.812500,6.562500,6.625000,3.632009,998400
1991-02-05,6.687500,7.062500,6.625000,6.937500,3.803329,1890400
1991-02-06,6.937500,7.562500,6.937500,7.375000,4.043179,3311600
1991-02-07,7.375000,7.562500,7.187500,7.218750,3.957518,3417200
1991-02-08,7.187500,7.687500,7.187500,7.562500,4.145971,2249600
1991-02-11,7.625000,8.500000,7.625000,8.250000,4.522880,5678400
1991-02-12,8.250000,8.437500,7.812500,7.875000,4.317292,4336800
1991-02-13,7.875000,7.937500,7.687500,7.875000,4.317292,2238400
1991-02-14,7.937500,8.062500,7.625000,7.750000,4.248766,2104800
1991-02-15,7.812500,8.125000,7.562500,8.000000,4.385820,3414800
1991-02-19,8.000000,8.312500,8.000000,8.125000,4.454349,1540000
1991-02-20,8.062500,8.062500,7.687500,7.750000,4.248766,1049200
1991-02-21,7.687500,7.812500,7.687500,7.687500,4.214499,993200
1991-02-22,7.750000,8.062500,7.687500,7.750000,4.248766,1595600
1991-02-25,8.250000,8.562500,8.187500,8.375000,4.591408,2914000
1991-02-26,8.250000,8.437500,8.125000,8.343750,4.574274,2125200
1991-02-27,8.375000,8.562500,8.312500,8.500000,4.662589,2499600
1991-02-28,8.437500,8.687500,8.437500,8.625000,4.731156,1664800
1991-03-01,8.562500,9.125000,8.500000,9.031250,4.953999,3532800
1991-03-04,8.937500,9.062500,8.812500,8.937500,4.902576,1462400
1991-03-05,8.875000,8.937500,8.875000,8.875000,4.868294,1246400
1991-03-06,8.937500,9.000000,8.750000,8.812500,4.834011,1809200
1991-03-07,8.750000,8.937500,8.625000,8.687500,4.765440,1738000
1991-03-08,8.687500,8.750000,8.437500,8.500000,4.662589,1455200
1991-03-11,8.437500,8.500000,8.125000,8.125000,4.456887,1304800
1991-03-12,8.125000,8.500000,8.000000,8.437500,4.628307,1228800
1991-03-13,8.437500,8.812500,8.437500,8.750000,4.799724,799600
1991-03-14,8.812500,9.000000,8.562500,8.625000,4.731156,2232800
1991-03-15,8.625000,8.750000,8.562500,8.750000,4.799724,1343200
1991-03-18,8.687500,8.937500,8.687500,8.750000,4.799724,692000
1991-03-19,8.625000,8.687500,8.500000,8.593750,4.714015,663600
1991-03-20,8.562500,8.625000,8.312500,8.625000,4.731156,660400
1991-03-21,8.625000,8.687500,8.437500,8.437500,4.628307,607200
1991-03-22,8.375000,8.500000,8.312500,8.375000,4.594022,289600
1991-03-25,8.375000,8.750000,8.375000,8.625000,4.731156,1030800
1991-03-26,8.687500,9.062500,8.625000,8.968750,4.919718,1400400
1991-03-27,9.000000,9.062500,8.750000,8.906250,4.885434,1627600
1991-03-28,8.937500,8.937500,8.812500,8.875000,4.868294,769200
1991-04-01,8.812500,8.937500,8.562500,8.562500,4.696873,774400
1991-04-02,8.562500,9.031250,8.562500,8.937500,4.902576,1048400
1991-04-03,9.000000,9.062500,8.937500,9.000000,4.936862,1449200
1991-04-04,8.937500,9.187500,8.937500,9.062500,4.971146,5213200
1991-04-05,9.000000,9.125000,8.875000,8.968750,4.919718,1822800
1991-04-08,8.937500,9.156250,8.875000,9.125000,5.005427,1047200
1991-04-09,9.187500,9.625000,9.125000,9.437500,5.176846,2976400
1991-04-10,9.375000,10.000000,9.250000,9.812500,5.382547,3528400
1991-04-11,9.750000,10.125000,9.750000,9.937500,5.451116,3032800
1991-04-12,9.937500,10.062500,9.687500,9.750000,5.348265,1642000
1991-04-15,9.687500,9.875000,9.625000,9.750000,5.348265,1996400
1991-04-16,9.687500,10.000000,9.687500,10.000000,5.485398,1951200
1991-04-17,10.000000,10.375000,9.937500,10.062500,5.519684,1975600
1991-04-18,10.000000,10.062500,9.687500,9.687500,5.313981,1667600
1991-04-19,9.625000,9.687500,9.187500,9.187500,5.039712,1510000
1991-04-22,9.187500,9.500000,9.125000,9.375000,5.142558,1095600
1991-04-23,9.437500,9.625000,9.375000,9.562500,5.245413,644800
1991-04-24,9.562500,9.625000,9.437500,9.562500,5.245413,372400
1991-04-25,9.500000,9.625000,9.437500,9.500000,5.211131,1030400
1991-04-26,9.500000,9.562500,9.375000,9.500000,5.211131,1740000
1991-04-29,9.500000,9.562500,9.187500,9.187500,5.039712,1000400
1991-04-30,9.187500,9.500000,8.875000,9.500000,5.211131,2302400
1991-05-01,9.500000,9.812500,9.375000,9.750000,5.348265,950800
1991-05-02,9.687500,9.875000,9.500000,9.531250,5.228272,764800
1991-05-03,9.375000,9.750000,9.343750,9.750000,5.348265,1432000
1991-05-06,9.687500,9.750000,9.437500,9.500000,5.211131,1323200
1991-05-07,9.625000,9.812500,9.625000,9.687500,5.313981,2275200
1991-05-08,9.750000,10.312500,9.687500,10.187500,5.588250,3488000
1991-05-09,10.250000,10.562500,10.093750,10.500000,5.759671,3075600
1991-05-10,10.500000,10.750000,10.312500,10.312500,5.656820,2737200
1991-05-13,10.625000,11.187500,10.593750,11.000000,6.033940,6098800
1991-05-14,11.000000,11.000000,10.437500,10.437500,5.725388,3130400
1991-05-15,10.375000,10.625000,10.312500,10.562500,5.793954,3265600
1991-05-16,10.687500,11.062500,10.562500,10.968750,6.016800,2766800
1991-05-17,10.875000,11.250000,10.812500,11.062500,6.068222,2266000
1991-05-20,11.062500,11.125000,10.625000,10.812500,5.931087,2740800
1991-05-21,10.875000,11.062500,10.750000,11.062500,6.068222,1340000
1991-05-22,11.062500,11.156250,10.875000,10.937500,5.999656,1651600
1991-05-23,10.937500,11.062500,10.875000,10.968750,6.016800,1036800
1991-05-24,10.937500,11.062500,10.937500,11.000000,6.033940,925200
1991-05-28,11.000000,11.187500,10.937500,11.187500,6.139442,864000
1991-05-29,11.125000,11.250000,11.000000,11.187500,6.139442,2476400
1991-05-30,11.125000,11.437500,10.937500,11.250000,6.173742,1795200
1991-05-31,11.187500,11.562500,11.062500,11.562500,6.345236,1188400
1991-06-03,11.500000,11.750000,11.375000,11.500000,6.310936,1203600
1991-06-04,11.562500,11.625000,11.437500,11.437500,6.276637,2885600
1991-06-05,11.437500,11.500000,11.375000,11.406250,6.259487,1339200
1991-06-06,11.375000,11.812500,11.375000,11.812500,6.482427,1232400
1991-06-07,11.625000,11.750000,11.375000,11.437500,6.276637,2649200
1991-06-10,11.562500,11.562500,11.187500,11.250000,6.173742,2610000
1991-06-11,11.250000,11.406250,11.125000,11.125000,6.105142,2463200
1991-06-12,11.000000,11.125000,10.812500,10.937500,6.002248,3301200
1991-06-13,10.937500,11.062500,10.937500,11.062500,6.070843,1192400
1991-06-14,11.125000,11.250000,11.062500,11.250000,6.173742,910000
1991-06-17,11.187500,11.312500,11.125000,11.125000,6.105142,385600
1991-06-18,11.125000,11.312500,11.062500,11.062500,6.070843,1090800
1991-06-19,11.062500,11.125000,10.812500,10.812500,5.933651,1357200
1991-06-20,10.750000,10.875000,10.562500,10.625000,5.830755,1854400
1991-06-21,10.625000,10.687500,10.250000,10.312500,5.659264,1439200
1991-06-24,10.187500,10.187500,9.625000,9.625000,5.281980,1816000
1991-06-25,9.750000,9.875000,9.468750,9.562500,5.247680,2166000
1991-06-26,9.562500,9.687500,9.437500,9.656250,5.299128,2505600
1991-06-27,9.750000,10.000000,9.687500,9.937500,5.453471,988000
1991-06-28,9.812500,10.000000,9.750000,9.875000,5.419175,1032000
1991-07-01,9.937500,10.312500,9.875000,10.312500,5.659264,934000
1991-07-02,10.250000,10.750000,10.187500,10.687500,5.865054,1468800
1991-07-03,10.562500,10.687500,10.375000,10.375000,5.693562,1682000
1991-07-05,10.375000,10.500000,10.312500,10.312500,5.659264,452000
1991-07-08,10.250000,11.000000,10.125000,10.968750,6.019400,1902800
1991-07-09,11.000000,11.125000,10.937500,11.062500,6.070843,1767600
1991-07-10,11.000000,11.500000,11.000000,11.250000,6.173742,1493200
1991-07-11,11.187500,11.500000,11.187500,11.375000,6.242340,1850000
1991-07-12,11.375000,11.375000,10.812500,11.062500,6.070843,1033600
1991-07-15,11.125000,11.312500,11.125000,11.250000,6.173742,382000
1991-07-16,11.250000,11.250000,10.812500,10.843750,5.950799,922400
1991-07-17,10.750000,10.937500,10.625000,10.812500,5.933651,726000
1991-07-18,10.812500,10.875000,10.687500,10.812500,5.933651,404400
1991-07-19,10.875000,11.062500,10.687500,11.062500,6.070843,796000
1991-07-22,11.000000,11.062500,10.843750,10.937500,6.002248,1075200
1991-07-23,10.937500,11.062500,10.812500,10.812500,5.933651,926400
1991-07-24,10.812500,11.000000,10.812500,10.875000,5.967947,848800
1991-07-25,10.937500,11.093750,10.875000,11.093750,6.087992,698800
1991-07-26,11.062500,11.125000,10.937500,11.031250,6.053698,663600
1991-07-29,10.937500,11.125000,10.937500,11.000000,6.036546,511200
1991-07-30,11.062500,11.437500,11.062500,11.437500,6.276637,1201600
1991-07-31,11.375000,11.468750,11.312500,11.437500,6.276637,1179200
1991-08-01,11.375000,11.500000,11.375000,11.437500,6.276637,554000
1991-08-02,11.500000,11.656250,11.500000,11.562500,6.345236,1402400
1991-08-05,11.562500,11.750000,11.375000,11.375000,6.242340,995200
1991-08-06,11.375000,11.562500,11.187500,11.437500,6.276637,1304000
1991-08-07,11.562500,11.750000,11.562500,11.750000,6.448130,1042400
1991-08-08,11.750000,11.875000,11.687500,11.812500,6.482427,1253600
1991-08-09,11.750000,11.906250,11.687500,11.906250,6.533878,722400
1991-08-12,11.875000,12.062500,11.812500,12.000000,6.585323,1047200
1991-08-13,12.562500,12.937500,12.375000,12.906250,7.082651,5156000
1991-08-14,12.937500,13.250000,12.937500,13.000000,7.134098,3106800
1991-08-15,12.937500,13.125000,12.437500,12.500000,6.859709,1270800
1991-08-16,12.500000,12.562500,12.187500,12.375000,6.791116,1430800
1991-08-19,11.500000,12.125000,11.437500,11.875000,6.516726,1474400
1991-08-20,11.937500,12.187500,11.875000,12.000000,6.585323,1044800
1991-08-21,12.312500,13.000000,12.187500,13.000000,7.134098,2306000
1991-08-22,12.937500,13.125000,12.625000,12.750000,6.996906,2156400
1991-08-23,12.562500,12.750000,12.500000,12.562500,6.894011,1693600
1991-08-26,12.500000,12.500000,12.062500,12.187500,6.688221,1626800
1991-08-27,12.125000,12.375000,11.937500,12.343750,6.785100,1065600
1991-08-28,12.375000,12.375000,12.187500,12.375000,6.802278,1144800
1991-08-29,12.312500,12.375000,11.875000,12.062500,6.630500,1495600
1991-08-30,12.125000,12.125000,11.937500,11.937500,6.561793,536400
1991-09-03,12.062500,12.125000,11.750000,11.750000,6.458728,1278400
1991-09-04,11.812500,11.812500,11.437500,11.437500,6.286953,1555200
1991-09-05,11.562500,11.625000,11.312500,11.562500,6.355664,2364400
1991-09-06,11.562500,11.875000,11.562500,11.812500,6.493082,1356800
1991-09-09,11.812500,11.937500,11.750000,11.937500,6.561793,1197200
1991-09-10,11.937500,11.937500,11.437500,11.500000,6.321307,1890800
1991-09-11,11.500000,11.562500,11.312500,11.437500,6.286953,1980000
1991-09-12,11.500000,11.937500,11.375000,11.812500,6.493082,2281600
1991-09-13,11.937500,12.000000,11.375000,11.437500,6.286953,1664400
1991-09-16,11.375000,11.500000,11.187500,11.500000,6.321307,974400
1991-09-17,11.500000,11.625000,11.312500,11.625000,6.390017,755200
1991-09-18,11.500000,12.218750,11.125000,12.187500,6.699214,1297600
1991-09-19,12.187500,12.312500,11.750000,11.750000,6.458728,1336000
1991-09-20,11.750000,11.875000,11.562500,11.687500,6.424372,1060000
1991-09-23,11.687500,11.750000,11.437500,11.562500,6.355664,427200
1991-09-24,11.562500,11.562500,11.125000,11.343750,6.235415,1730400
1991-09-25,11.375000,11.437500,11.125000,11.250000,6.183888,1033600
1991-09-26,11.062500,11.562500,11.000000,11.437500,6.286953,1302800
1991-09-27,11.562500,11.687500,11.093750,11.187500,6.149534,1158400
1991-09-30,11.250000,11.312500,11.062500,11.250000,6.183888,884400
1991-10-01,11.312500,11.375000,11.062500,11.187500,6.149534,992000
1991-10-02,11.125000,11.125000,10.625000,10.812500,5.943401,2320800
1991-10-03,10.750000,10.875000,10.625000,10.625000,5.840338,2128400
1991-10-04,10.562500,10.750000,10.437500,10.687500,5.874693,864400
1991-10-07,10.687500,10.687500,10.375000,10.562500,5.805987,1405600
1991-10-08,10.500000,10.562500,10.312500,10.562500,5.805987,1048000
1991-10-09,8.500000,8.687500,8.281250,8.437500,4.637918,2602400
1991-10-10,8.500000,9.000000,8.500000,8.937500,4.912757,9004400
1991-10-11,9.125000,9.250000,9.000000,9.250000,5.084530,3977200
1991-10-14,9.250000,9.250000,8.937500,9.062500,4.981468,1696400
1991-10-15,9.062500,9.125000,8.875000,9.125000,5.015820,2340800
1991-10-16,9.125000,9.125000,8.875000,9.062500,4.981468,1538800
1991-10-17,9.000000,9.125000,8.937500,9.031250,4.964286,1580400
1991-10-18,9.062500,9.437500,9.000000,9.125000,5.015820,1922800
1991-10-21,9.125000,9.187500,9.000000,9.062500,4.981468,1776400
1991-10-22,9.062500,9.125000,8.625000,8.625000,4.740981,2976800
1991-10-23,8.625000,8.625000,8.250000,8.312500,4.569205,2881200
1991-10-24,8.312500,8.437500,7.875000,8.125000,4.466143,4568800
1991-10-25,8.125000,8.187500,7.812500,8.125000,4.466143,5008000
1991-10-28,8.250000,8.312500,8.125000,8.281250,4.552028,4188400
1991-10-29,8.375000,8.625000,8.250000,8.625000,4.740981,3789200
1991-10-30,8.687500,9.250000,8.625000,9.187500,5.050178,4751600
1991-10-31,9.125000,9.562500,8.937500,8.937500,4.912757,3603200
1991-11-01,8.875000,9.187500,8.812500,9.000000,4.947112,1834000
1991-11-04,8.812500,8.875000,8.562500,8.750000,4.809693,1559600
1991-11-05,8.937500,9.187500,8.875000,8.937500,4.912757,2517200
1991-11-06,9.125000,9.187500,8.937500,9.062500,4.981468,2009200
1991-11-07,9.125000,9.875000,9.062500,9.687500,5.325016,4691600
1991-11-08,9.750000,10.000000,9.562500,9.718750,5.342192,3021200
1991-11-11,9.750000,9.812500,9.375000,9.625000,5.290662,2148800
1991-11-12,9.625000,9.812500,9.562500,9.781250,5.376547,2938800
1991-11-13,9.562500,9.562500,9.312500,9.375000,5.153237,3462400
1991-11-14,9.437500,9.562500,9.000000,9.125000,5.015820,2591600
1991-11-15,9.125000,9.125000,8.437500,8.500000,4.672271,2867200
1991-11-18,8.500000,9.000000,8.437500,9.000000,4.947112,3105200
1991-11-19,8.937500,9.000000,8.375000,8.750000,4.809693,3083600
1991-11-20,8.812500,9.062500,8.562500,8.687500,4.775334,1863200
1991-11-21,8.875000,9.000000,8.750000,9.000000,4.947112,930400
1991-11-22,9.000000,9.062500,8.500000,8.843750,4.861222,1836800
1991-11-25,8.875000,9.062500,8.625000,8.687500,4.786160,1220000
1991-11-26,8.625000,8.937500,8.437500,8.937500,4.923889,2062400
1991-11-27,8.937500,9.125000,8.875000,9.000000,4.958325,604000
1991-11-29,8.875000,9.000000,8.687500,8.687500,4.786160,415600
1991-12-02,8.750000,8.937500,8.500000,8.937500,4.923889,1651600
1991-12-03,8.812500,9.062500,8.687500,8.843750,4.872243,961200
1991-12-04,8.875000,9.000000,8.750000,9.000000,4.958325,752800
1991-12-05,9.000000,9.000000,8.875000,8.937500,4.923889,1087600
1991-12-06,9.000000,9.125000,8.875000,9.000000,4.958325,1628000
1991-12-09,9.000000,9.156250,8.875000,8.875000,4.889458,1207200
1991-12-10,8.937500,8.937500,8.437500,8.625000,4.751727,1178800
1991-12-11,8.625000,8.750000,8.437500,8.531250,4.700078,1339200
1991-12-12,8.500000,8.562500,8.375000,8.437500,4.648427,1880800
1991-12-13,8.531250,8.562500,8.375000,8.375000,4.613993,1119600
1991-12-16,8.375000,8.437500,8.000000,8.312500,4.579562,4620000
1991-12-17,8.250000,8.375000,7.937500,7.937500,4.372966,2667200
1991-12-18,7.937500,8.062500,7.875000,7.937500,4.372966,1439600
1991-12-19,8.000000,8.125000,7.937500,8.062500,4.441832,2481200
1991-12-20,8.250000,8.437500,8.125000,8.375000,4.613993,3196800
1991-12-23,8.375000,9.000000,8.312500,8.875000,4.889458,1540800
1991-12-24,9.000000,9.125000,8.937500,8.937500,4.923889,1164000
1991-12-26,8.937500,9.125000,8.625000,9.000000,4.958325,814800
1991-12-27,8.937500,9.031250,8.437500,8.750000,4.820594,2400800
1991-12-30,8.687500,8.937500,8.625000,8.875000,4.889458,1762400
1991-12-31,8.812500,9.000000,8.625000,9.000000,4.958325,3196400
1992-01-02,8.937500,9.781250,8.781250,9.625000,5.302651,2522000
1992-01-03,9.875000,10.250000,9.500000,9.625000,5.302651,4032400
1992-01-06,9.625000,9.718750,9.375000,9.562500,5.268217,1293200
1992-01-07,9.500000,9.625000,9.312500,9.562500,5.268217,922000
1992-01-08,9.437500,9.687500,9.375000,9.500000,5.233787,1567200
1992-01-09,9.500000,9.625000,8.937500,8.937500,4.923889,1920000
1992-01-10,8.937500,9.000000,8.687500,9.000000,4.958325,2237200
1992-01-13,8.875000,9.062500,8.750000,9.000000,4.958325,1011200
1992-01-14,8.937500,9.312500,8.875000,9.250000,5.096056,2331200
1992-01-15,9.250000,9.437500,9.125000,9.437500,5.199355,1452400
1992-01-16,9.375000,9.625000,9.250000,9.437500,5.199355,2077600
1992-01-17,9.375000,9.812500,9.375000,9.687500,5.337085,2911200
1992-01-20,9.625000,9.687500,9.125000,9.187500,5.061623,2166800
1992-01-21,9.250000,9.250000,8.875000,9.062500,4.992760,1774400
1992-01-22,9.125000,9.875000,9.062500,9.875000,5.440384,3450400
1992-01-23,9.812500,9.937500,9.500000,9.937500,5.474816,3088400
1992-01-24,9.812500,9.937500,9.625000,9.843750,5.423169,2992800
1992-01-27,9.875000,9.937500,9.687500,9.750000,5.371518,2301200
1992-01-28,9.750000,9.812500,9.562500,9.750000,5.371518,2704400
1992-01-29,9.625000,9.812500,9.437500,9.500000,5.233787,2016800
1992-01-30,9.500000,9.562500,9.187500,9.312500,5.130486,1753600
1992-01-31,9.375000,9.437500,9.125000,9.250000,5.096056,1372000
1992-02-03,9.312500,9.375000,9.187500,9.250000,5.096056,914400
1992-02-04,9.250000,9.625000,9.187500,9.562500,5.268217,2572800
1992-02-05,9.562500,10.187500,9.375000,10.125000,5.578112,5052000
1992-02-06,10.125000,10.562500,10.125000,10.187500,5.612547,4077200
1992-02-07,10.250000,10.375000,10.125000,10.312500,5.681412,196400
1992-02-10,10.312500,10.500000,10.187500,10.312500,5.681412,1217600
1992-02-11,10.187500,10.312500,9.937500,10.125000,5.578112,724000
1992-02-12,10.250000,10.687500,10.125000,10.625000,5.853578,1324800
1992-02-13,10.687500,10.687500,10.312500,10.500000,5.784712,1600800
1992-02-14,10.437500,10.562500,10.312500,10.375000,5.715846,1117600
1992-02-18,10.500000,10.500000,10.000000,10.000000,5.509248,969600
1992-02-19,9.875000,10.062500,9.812500,10.062500,5.543681,664000
1992-02-20,10.000000,10.375000,10.000000,10.312500,5.681412,1216000
1992-02-21,10.250000,10.312500,9.687500,9.687500,5.337085,1613200
1992-02-24,9.812500,10.062500,9.562500,10.000000,5.509248,2452000
1992-02-25,9.875000,9.875000,9.562500,9.750000,5.382282,2189200
1992-02-26,9.812500,10.187500,9.750000,10.156250,5.606542,1956800
1992-02-27,10.187500,10.312500,10.000000,10.062500,5.554790,1325200
1992-02-28,10.000000,10.125000,9.687500,9.875000,5.451287,1012000
1992-03-02,9.875000,10.187500,9.812500,10.125000,5.589293,864400
1992-03-03,10.125000,10.250000,9.625000,9.750000,5.382282,2440400
1992-03-04,9.875000,10.000000,9.687500,9.812500,5.416784,1099200
1992-03-05,9.812500,10.000000,9.625000,9.750000,5.382282,977200
1992-03-06,9.812500,9.937500,9.500000,9.750000,5.382282,1238000
1992-03-09,9.875000,9.937500,9.812500,9.875000,5.451287,769200
1992-03-10,9.937500,10.125000,9.875000,10.000000,5.520288,555200
1992-03-11,9.937500,10.000000,9.812500,9.937500,5.485789,1451200
1992-03-12,9.875000,10.187500,9.875000,9.906250,5.468537,1233600
1992-03-13,10.000000,10.062500,9.875000,10.000000,5.520288,556000
1992-03-16,9.937500,10.250000,9.843750,10.250000,5.658296,1378800
1992-03-17,10.250000,10.250000,9.937500,9.968750,5.503038,934800
1992-03-18,10.062500,10.062500,9.562500,9.625000,5.313279,2942000
1992-03-19,9.625000,9.750000,9.312500,9.343750,5.158017,1520000
1992-03-20,9.312500,9.375000,9.125000,9.187500,5.071765,1628800
1992-03-23,9.187500,9.375000,9.187500,9.218750,5.089016,1354400
1992-03-24,9.250000,9.312500,9.187500,9.187500,5.071765,1046000
1992-03-25,9.312500,9.312500,8.906250,8.906250,4.916508,1777200
1992-03-26,9.250000,9.312500,9.062500,9.093750,5.020013,1741600
1992-03-27,9.125000,9.125000,9.000000,9.000000,4.968260,1126400
1992-03-30,9.062500,9.375000,9.000000,9.250000,5.106267,1449200
1992-03-31,9.125000,9.375000,9.125000,9.250000,5.106267,1041200
1992-04-01,9.062500,9.437500,8.937500,9.375000,5.175270,1868800
1992-04-02,9.312500,9.375000,9.062500,9.125000,5.037264,1476800
1992-04-03,9.125000,9.125000,8.625000,8.718750,4.813002,2448800
1992-04-06,8.750000,8.937500,8.687500,8.875000,4.899256,1126800
1992-04-07,8.875000,9.000000,8.625000,8.625000,4.761250,1630400
1992-04-08,8.625000,8.750000,8.500000,8.562500,4.726748,2766800
1992-04-09,8.625000,8.875000,8.437500,8.812500,4.864755,1102800
1992-04-10,8.875000,9.062500,8.375000,8.500000,4.692245,1298400
1992-04-13,8.562500,8.687500,8.187500,8.312500,4.588739,1792000
1992-04-14,8.312500,8.875000,8.312500,8.500000,4.692245,2379600
1992-04-15,8.625000,8.687500,8.125000,8.250000,4.554239,3578400
1992-04-16,8.187500,8.312500,8.000000,8.062500,4.450732,3879200
1992-04-20,8.125000,8.125000,7.500000,7.875000,4.347229,3946000
1992-04-21,7.875000,8.375000,7.625000,8.187500,4.519737,5496800
1992-04-22,8.250000,8.437500,7.937500,8.250000,4.554239,1609600
1992-04-23,8.375000,8.437500,8.000000,8.187500,4.519737,1120400
1992-04-24,8.125000,8.437500,7.937500,8.218750,4.536987,1513200
1992-04-27,8.125000,8.250000,7.937500,8.125000,4.485235,2137600
1992-04-28,8.187500,8.250000,8.000000,8.218750,4.536987,1732000
1992-04-29,8.250000,8.562500,8.250000,8.500000,4.692245,1824000
1992-04-30,8.562500,8.625000,8.375000,8.562500,4.726748,974800
1992-05-01,8.562500,8.562500,8.125000,8.187500,4.519737,1034800
1992-05-04,8.375000,8.687500,8.250000,8.687500,4.795751,1286400
1992-05-05,8.625000,8.812500,8.437500,8.687500,4.795751,1029200
1992-05-06,8.625000,8.687500,8.500000,8.625000,4.761250,1986400
1992-05-07,8.625000,8.625000,8.437500,8.562500,4.726748,883200
1992-05-08,8.437500,8.562500,8.312500,8.343750,4.605990,338400
1992-05-11,8.437500,8.562500,8.375000,8.500000,4.692245,566000
1992-05-12,8.312500,8.375000,8.062500,8.187500,4.519737,3535600
1992-05-13,8.125000,8.500000,8.062500,8.250000,4.554239,1298800
1992-05-14,8.250000,8.312500,7.937500,8.000000,4.416230,2448000
1992-05-15,8.000000,8.187500,8.000000,8.062500,4.450732,962400
1992-05-18,8.187500,8.187500,7.937500,8.000000,4.416230,1085600
1992-05-19,8.000000,8.187500,7.875000,8.125000,4.485235,1158400
1992-05-20,8.062500,8.187500,8.062500,8.187500,4.519737,721200
1992-05-21,8.062500,8.187500,7.875000,8.062500,4.450732,1314000
1992-05-22,8.000000,8.062500,7.875000,7.875000,4.347229,265600
1992-05-26,7.906250,8.000000,7.750000,7.937500,4.392887,954400
1992-05-27,7.937500,8.000000,7.812500,7.812500,4.323709,1867600
1992-05-28,7.875000,7.937500,7.750000,7.906250,4.375593,3030400
1992-05-29,8.000000,8.125000,7.937500,7.968750,4.410179,1946800
1992-06-01,7.968750,8.062500,7.937500,8.062500,4.462063,969200
1992-06-02,8.062500,8.062500,7.875000,8.000000,4.427476,773200
1992-06-03,7.875000,8.062500,7.812500,8.000000,4.427476,887600
1992-06-04,7.937500,8.000000,7.812500,7.875000,4.358297,922400
1992-06-05,7.937500,7.937500,7.625000,7.625000,4.219940,1726400
1992-06-08,7.750000,7.750000,7.375000,7.531250,4.168054,3383600
1992-06-09,7.562500,7.562500,7.250000,7.437500,4.116168,2675200
1992-06-10,7.625000,7.625000,7.437500,7.468750,4.133465,1072800
1992-06-11,7.500000,7.625000,7.437500,7.500000,4.150758,2378800
1992-06-12,7.625000,7.625000,7.500000,7.562500,4.185348,2104400
1992-06-15,7.437500,7.562500,7.312500,7.531250,4.168054,1902000
1992-06-16,7.562500,7.562500,7.375000,7.375000,4.081581,569600
1992-06-17,7.500000,7.500000,7.250000,7.375000,4.081581,914000
1992-06-18,7.437500,7.437500,7.250000,7.312500,4.046989,1156400
1992-06-19,7.250000,7.375000,7.156250,7.250000,4.012401,1046000
1992-06-22,7.250000,7.312500,7.125000,7.312500,4.046989,1201200
1992-06-23,7.250000,7.375000,6.812500,7.000000,3.874039,4056000
1992-06-24,6.750000,7.125000,6.625000,6.937500,3.839452,3549600
1992-06-25,7.062500,7.062500,6.812500,6.875000,3.804863,2202000
1992-06-26,6.875000,6.937500,6.812500,6.875000,3.804863,834400
1992-06-29,6.937500,7.000000,6.812500,7.000000,3.874039,804400
1992-06-30,7.000000,7.062500,6.812500,7.062500,3.908632,1796800
1992-07-01,7.031250,7.125000,7.000000,7.062500,3.908632,3590000
1992-07-02,7.125000,7.125000,6.625000,6.875000,3.804863,2417600
1992-07-06,6.875000,6.937500,6.625000,6.750000,3.735682,1834000
1992-07-07,6.687500,6.812500,6.375000,6.437500,3.562733,3316800
1992-07-08,6.437500,6.625000,6.437500,6.625000,3.666503,3382000
1992-07-09,6.562500,7.000000,6.562500,6.812500,3.770274,2599600
1992-07-10,6.937500,7.062500,6.812500,6.968750,3.856746,1995600
1992-07-13,7.062500,7.125000,6.937500,7.000000,3.874039,1472000
1992-07-14,7.125000,7.250000,7.000000,7.187500,3.977810,979200
1992-07-15,7.250000,7.312500,6.875000,7.125000,3.943219,1630800
1992-07-16,7.062500,7.062500,6.875000,6.906250,3.822156,1199200
1992-07-17,6.937500,6.937500,6.500000,6.750000,3.735682,4959200
1992-07-20,6.750000,6.750000,6.562500,6.625000,3.666503,2374800
1992-07-21,6.625000,6.750000,6.562500,6.687500,3.701095,2172800
1992-07-22,6.687500,6.750000,6.500000,6.531250,3.614619,1073600
1992-07-23,6.500000,6.625000,6.437500,6.562500,3.631915,1344400
1992-07-24,6.562500,6.625000,6.500000,6.531250,3.614619,821600
1992-07-27,6.625000,6.687500,6.500000,6.625000,3.666503,1072000
1992-07-28,6.625000,6.875000,6.562500,6.812500,3.770274,1984400
1992-07-29,6.875000,7.125000,6.750000,6.937500,3.839452,5154800
1992-07-30,6.937500,7.437500,6.875000,7.281250,4.029693,4107600
1992-07-31,7.375000,7.375000,7.062500,7.187500,3.977810,1576400
1992-08-03,7.312500,7.312500,7.062500,7.250000,4.012401,804000
1992-08-04,7.187500,7.250000,7.000000,7.062500,3.908632,1282400
1992-08-05,7.000000,7.125000,6.875000,7.125000,3.943219,921200
1992-08-06,7.000000,7.250000,7.000000,7.187500,3.977810,1016800
1992-08-07,7.187500,7.250000,7.000000,7.062500,3.908632,966800
1992-08-10,7.000000,7.062500,6.875000,6.937500,3.839452,846800
1992-08-11,7.000000,7.062500,6.625000,6.656250,3.683798,2159200
1992-08-12,6.937500,7.375000,6.812500,7.125000,3.943219,3212000
1992-08-13,7.125000,7.125000,7.000000,7.000000,3.874039,1972800
1992-08-14,7.125000,7.187500,7.000000,7.062500,3.908632,1176800
1992-08-17,7.062500,7.250000,7.062500,7.125000,3.943219,438000
1992-08-18,7.187500,7.187500,7.062500,7.187500,3.977810,629200
1992-08-19,7.187500,7.250000,7.125000,7.125000,3.943219,592800
1992-08-20,7.125000,7.375000,7.062500,7.312500,4.046989,788800
1992-08-21,7.375000,7.437500,7.062500,7.125000,3.943219,1294000
1992-08-24,7.125000,7.125000,7.000000,7.031250,3.891336,1548800
1992-08-25,7.062500,7.062500,6.937500,6.937500,3.850405,1817600
1992-08-26,6.937500,7.062500,6.875000,7.000000,3.885092,515200
1992-08-27,7.000000,7.062500,6.937500,6.937500,3.850405,2190400
1992-08-28,6.937500,7.000000,6.875000,6.875000,3.815715,502000
1992-08-31,7.000000,7.062500,6.625000,6.687500,3.711651,1647200
1992-09-01,6.750000,6.812500,6.687500,6.812500,3.781027,1534000
1992-09-02,6.812500,6.875000,6.687500,6.812500,3.781027,1918000
1992-09-03,6.875000,7.062500,6.750000,6.937500,3.850405,2337600
1992-09-04,7.062500,7.062500,6.812500,6.843750,3.798372,774400
1992-09-08,6.812500,6.875000,6.687500,6.750000,3.746338,1644800
1992-09-09,6.750000,7.250000,6.687500,7.125000,3.954468,2854400
1992-09-10,7.093750,7.500000,7.062500,7.406250,4.110566,1982800
1992-09-11,7.375000,7.437500,7.250000,7.281250,4.041190,697600
1992-09-14,7.375000,7.625000,7.312500,7.593750,4.214632,1376800
1992-09-15,7.437500,7.687500,7.437500,7.562500,4.197289,1864800
1992-09-16,7.562500,7.687500,7.375000,7.437500,4.127909,1530400
1992-09-17,7.437500,7.500000,7.125000,7.156250,3.971814,1168400
1992-09-18,7.250000,7.250000,7.062500,7.125000,3.954468,1391200
1992-09-21,7.125000,7.437500,7.062500,7.375000,4.093222,708800
1992-09-22,7.437500,7.500000,7.250000,7.281250,4.041190,936000
1992-09-23,7.375000,7.437500,7.187500,7.187500,3.989156,1042000
1992-09-24,7.250000,7.312500,7.187500,7.250000,4.023848,1362800
1992-09-25,7.187500,7.312500,6.937500,7.062500,3.919784,1160400
1992-09-28,7.000000,7.062500,6.875000,7.000000,3.885092,1768400
1992-09-29,7.000000,7.250000,7.000000,7.156250,3.971814,1685600
1992-09-30,7.125000,7.187500,7.062500,7.125000,3.954468,897200
1992-10-01,7.187500,7.375000,7.125000,7.250000,4.023848,1239600
1992-10-02,7.250000,7.312500,7.000000,7.156250,3.971814,2057600
1992-10-05,7.125000,7.500000,7.000000,7.500000,4.162598,2577600
1992-10-06,7.500000,7.687500,7.375000,7.468750,4.145255,1160800
1992-10-07,7.375000,7.562500,7.375000,7.406250,4.110566,709200
1992-10-08,7.500000,7.625000,7.375000,7.500000,4.162598,1242000
1992-10-09,7.562500,7.562500,7.187500,7.500000,4.162598,1652400
1992-10-12,7.375000,7.687500,7.375000,7.625000,4.231978,928400
1992-10-13,7.625000,7.625000,7.500000,7.562500,4.197289,422400
1992-10-14,7.500000,7.750000,7.500000,7.687500,4.266665,1022000
1992-10-15,7.625000,7.750000,7.562500,7.750000,4.301353,998000
1992-10-16,7.750000,8.375000,7.687500,8.312500,4.613548,3526400
1992-10-19,8.312500,8.500000,8.187500,8.281250,4.596202,3086400
1992-10-20,8.312500,8.500000,8.250000,8.437500,4.682925,1682400
1992-10-21,8.437500,8.687500,8.437500,8.656250,4.804332,1900000
1992-10-22,8.625000,8.750000,8.125000,8.125000,4.509482,4097600
1992-10-23,8.250000,8.250000,7.937500,8.062500,4.474792,1983600
1992-10-26,7.937500,8.437500,7.812500,8.437500,4.682925,1961600
1992-10-27,8.468750,8.625000,8.125000,8.312500,4.613548,3268000
1992-10-28,8.312500,8.750000,8.250000,8.718750,4.839022,4333600
1992-10-29,8.750000,8.750000,8.437500,8.437500,4.682925,4204000
1992-10-30,8.500000,8.531250,8.375000,8.406250,4.665580,2213600
1992-11-02,8.375000,8.625000,8.375000,8.625000,4.786989,808400
1992-11-03,8.562500,8.625000,8.187500,8.281250,4.596202,2464800
1992-11-04,8.250000,8.250000,8.000000,8.125000,4.509482,1076000
1992-11-05,8.125000,8.187500,7.750000,8.031250,4.457450,6636800
1992-11-06,8.000000,8.062500,7.812500,8.000000,4.440105,1086400
1992-11-09,8.000000,8.000000,7.812500,7.812500,4.336041,1030000
1992-11-10,7.937500,8.187500,7.656250,7.937500,4.405418,2549200
1992-11-11,8.625000,8.937500,8.468750,8.812500,4.891055,6434800
1992-11-12,8.875000,9.125000,8.812500,9.125000,5.064495,4876400
1992-11-13,9.187500,9.375000,9.062500,9.375000,5.203250,2589200
1992-11-16,9.250000,9.250000,9.000000,9.093750,5.047152,1204400
1992-11-17,9.000000,9.125000,8.687500,8.937500,4.960431,1598000
1992-11-18,8.937500,9.062500,8.812500,9.000000,4.995119,739200
1992-11-19,9.000000,9.187500,8.937500,9.125000,5.064495,2518400
1992-11-20,9.187500,9.437500,9.125000,9.375000,5.203250,3203200
1992-11-23,9.375000,9.437500,9.312500,9.375000,5.207415,2535200
1992-11-24,9.375000,9.750000,9.375000,9.562500,5.311562,2558400
1992-11-25,9.562500,9.625000,9.437500,9.500000,5.276846,1064800
1992-11-27,9.562500,9.562500,9.500000,9.562500,5.311562,604000
1992-11-30,9.500000,9.562500,9.312500,9.437500,5.242132,2305200
1992-12-01,9.375000,9.437500,9.125000,9.250000,5.137982,2129200
1992-12-02,9.187500,9.375000,9.062500,9.375000,5.207415,1706800
1992-12-03,9.250000,9.687500,9.250000,9.562500,5.311562,1901600
1992-12-04,9.500000,9.625000,9.437500,9.562500,5.311562,1061600
1992-12-07,9.187500,9.312500,8.875000,9.000000,4.999119,1944400
1992-12-08,9.000000,9.250000,8.875000,9.062500,5.033836,1462400
1992-12-09,8.937500,9.125000,8.625000,8.750000,4.860253,2478400
1992-12-10,8.750000,8.812500,8.625000,8.718750,4.842898,886800
1992-12-11,8.625000,8.875000,8.625000,8.875000,4.929687,459600
1992-12-14,8.812500,8.937500,8.812500,8.812500,4.894970,710000
1992-12-15,8.812500,9.000000,8.750000,8.875000,4.929687,652800
1992-12-16,9.000000,9.000000,8.812500,8.937500,4.964402,520400
1992-12-17,8.937500,9.562500,8.812500,9.531250,5.294203,3544000
1992-12-18,9.625000,9.750000,9.250000,9.250000,5.137982,2078000
1992-12-21,9.250000,9.718750,9.062500,9.687500,5.380995,2538000
1992-12-22,9.625000,9.812500,9.250000,9.312500,5.172699,2026000
1992-12-23,9.250000,9.375000,9.125000,9.250000,5.137982,1185600
1992-12-24,9.125000,9.250000,9.125000,9.125000,5.068549,176400
1992-12-28,9.250000,9.312500,9.062500,9.312500,5.172699,529600
1992-12-29,9.312500,9.625000,9.312500,9.468750,5.259490,2533600
1992-12-30,9.437500,10.062500,9.437500,10.000000,5.554574,3707600
1992-12-31,10.062500,10.062500,9.687500,9.687500,5.380995,1748000
1993-01-04,9.812500,9.812500,9.375000,9.437500,5.242132,1864800
1993-01-05,9.500000,9.625000,9.437500,9.437500,5.242132,1006800
1993-01-06,9.500000,9.812500,9.500000,9.718750,5.398353,4168400
1993-01-07,9.812500,9.875000,9.437500,9.468750,5.259490,1899600
1993-01-08,9.437500,9.812500,9.375000,9.750000,5.415712,1683200
1993-01-11,9.687500,9.937500,9.687500,9.812500,5.450425,2966000
1993-01-12,9.750000,9.937500,9.625000,9.750000,5.415712,1491200
1993-01-13,9.750000,9.937500,9.687500,9.875000,5.485146,2234400
1993-01-14,9.875000,10.062500,9.875000,10.000000,5.554574,1716000
1993-01-15,9.875000,10.062500,9.812500,9.937500,5.519860,1498000
1993-01-18,9.875000,9.937500,9.687500,9.750000,5.415712,1375200
1993-01-19,9.687500,9.875000,9.687500,9.750000,5.415712,3146400
1993-01-20,9.750000,9.875000,9.562500,9.562500,5.311562,1606000
1993-01-21,9.625000,9.625000,9.375000,9.437500,5.242132,2574800
1993-01-22,9.562500,9.750000,9.437500,9.625000,5.346279,2579600
1993-01-25,9.687500,10.125000,9.625000,9.968750,5.537217,3764400
1993-01-26,10.000000,10.062500,9.812500,9.906250,5.502503,2910000
1993-01-27,9.812500,9.937500,9.687500,9.843750,5.467787,3084000
1993-01-28,9.750000,9.875000,9.656250,9.781250,5.433070,1695600
1993-01-29,9.750000,9.937500,9.750000,9.812500,5.450425,1646400
1993-02-01,9.750000,10.750000,9.750000,10.625000,5.901737,5909200
1993-02-02,10.687500,10.750000,10.187500,10.375000,5.762872,6591200
1993-02-03,10.312500,10.750000,10.125000,10.468750,5.814946,5490000
1993-02-04,10.562500,10.875000,10.562500,10.843750,6.023243,6080000
1993-02-05,10.750000,10.875000,10.312500,10.437500,5.797587,1463200
1993-02-08,10.312500,10.625000,10.250000,10.312500,5.728156,1593200
1993-02-09,10.250000,10.343750,10.062500,10.187500,5.658723,1350800
1993-02-10,10.187500,10.562500,10.125000,10.250000,5.693440,1851200
1993-02-11,10.187500,10.437500,10.125000,10.375000,5.762872,1362800
1993-02-12,10.437500,10.500000,10.250000,10.281250,5.710798,745200
1993-02-16,10.250000,10.312500,9.250000,9.625000,5.346279,4058000
1993-02-17,9.687500,9.750000,9.062500,9.187500,5.103266,5026800
1993-02-18,9.250000,9.500000,9.125000,9.250000,5.137982,3920000
1993-02-19,9.375000,9.375000,8.875000,9.218750,5.120625,3086000
1993-02-22,9.250000,9.750000,9.187500,9.687500,5.380995,4590400
1993-02-23,8.937500,8.937500,8.125000,8.218750,4.575202,11069600
1993-02-24,8.187500,8.687500,8.125000,8.687500,4.836147,4780800
1993-02-25,8.625000,8.687500,8.312500,8.562500,4.766561,2764800
1993-02-26,8.562500,8.625000,8.000000,8.250000,4.592598,5634800
1993-03-01,8.312500,8.312500,7.937500,8.000000,4.453429,3343200
1993-03-02,7.937500,8.437500,7.937500,8.406250,4.679581,4068400
1993-03-03,8.375000,8.625000,8.250000,8.312500,4.627390,2381200
1993-03-04,8.312500,8.375000,8.062500,8.125000,4.523014,2338800
1993-03-05,8.156250,8.562500,8.125000,8.500000,4.731769,3293200
1993-03-08,8.562500,8.625000,8.437500,8.593750,4.783957,1599200
1993-03-09,8.625000,8.625000,8.062500,8.062500,4.488222,3043200
1993-03-10,8.093750,8.375000,8.000000,8.187500,4.557805,2314800
1993-03-11,8.312500,8.312500,7.937500,8.031250,4.470826,3934000
1993-03-12,8.000000,8.250000,7.812500,8.062500,4.488222,2616400
1993-03-15,8.062500,8.312500,8.000000,8.250000,4.592598,752000
1993-03-16,8.250000,8.250000,7.937500,8.125000,4.523014,1122400
1993-03-17,8.125000,8.125000,7.812500,7.937500,4.418636,2546000
1993-03-18,7.812500,8.062500,7.812500,7.906250,4.401242,1726400
1993-03-19,7.937500,8.062500,7.812500,7.937500,4.418636,1697200
1993-03-22,7.937500,8.000000,7.875000,7.906250,4.401242,2138400
1993-03-23,7.875000,8.062500,7.875000,8.000000,4.453429,1343600
1993-03-24,8.000000,8.125000,7.875000,8.000000,4.453429,1255200
1993-03-25,7.875000,8.250000,7.875000,8.125000,4.523014,1195200
1993-03-26,8.250000,8.250000,7.875000,7.906250,4.401242,1901200
1993-03-29,7.875000,8.125000,7.812500,8.062500,4.488222,523200
1993-03-30,8.062500,8.125000,7.750000,7.843750,4.366449,1883600
1993-03-31,7.812500,8.250000,7.812500,8.187500,4.557805,2321600
1993-04-01,8.062500,8.250000,7.812500,7.937500,4.418636,1096400
1993-04-02,7.812500,7.875000,7.437500,7.437500,4.140296,3102000
1993-04-05,7.625000,7.625000,7.437500,7.625000,4.244676,2732400
1993-04-06,7.625000,7.625000,7.500000,7.531250,4.192484,2592800
1993-04-07,7.437500,7.500000,7.250000,7.406250,4.122902,6268000
1993-04-08,7.437500,7.562500,7.375000,7.562500,4.209883,3289600
1993-04-12,7.437500,7.625000,7.437500,7.562500,4.209883,1325600
1993-04-13,7.562500,7.750000,7.437500,7.656250,4.262073,2178400
1993-04-14,7.500000,7.625000,7.343750,7.437500,4.140296,4699600
1993-04-15,7.437500,7.437500,7.250000,7.250000,4.035921,2190800
1993-04-16,7.375000,7.375000,7.125000,7.125000,3.966334,2019600
1993-04-19,7.250000,7.562500,7.125000,7.500000,4.175089,2132800
1993-04-20,7.562500,7.562500,7.406250,7.500000,4.175089,2019600
1993-04-21,7.125000,7.375000,7.062500,7.312500,4.070715,3642800
1993-04-22,7.312500,7.500000,7.187500,7.281250,4.053318,1364000
1993-04-23,7.250000,7.312500,7.062500,7.156250,3.983732,1270800
1993-04-26,7.062500,7.187500,7.062500,7.125000,3.966334,1492800
1993-04-27,7.125000,7.250000,6.937500,7.218750,4.018524,1012800
1993-04-28,7.187500,7.437500,7.187500,7.437500,4.140296,1045200
1993-04-29,7.437500,7.500000,7.250000,7.375000,4.105506,1206800
1993-04-30,7.312500,7.437500,7.000000,7.000000,3.896749,2909200
1993-05-03,7.062500,7.375000,6.937500,7.312500,4.070715,3736000
1993-05-04,7.250000,7.437500,7.250000,7.375000,4.105506,1139200
1993-05-05,7.437500,7.750000,7.187500,7.750000,4.314258,1712400
1993-05-06,7.750000,8.062500,7.687500,7.875000,4.383845,4284800
1993-05-07,7.875000,8.000000,7.750000,7.812500,4.349052,1895200
1993-05-10,7.812500,7.875000,7.437500,7.625000,4.244676,3004000
1993-05-11,7.500000,7.750000,7.375000,7.500000,4.175089,3210400
1993-05-12,6.937500,7.187500,6.812500,7.187500,4.001127,6233200
1993-05-13,7.187500,7.187500,6.875000,6.937500,3.861958,6864400
1993-05-14,6.937500,7.000000,6.812500,6.968750,3.879355,3366000
1993-05-17,6.937500,7.000000,6.937500,6.937500,3.861958,1287200
1993-05-18,7.000000,7.125000,6.937500,7.125000,3.966334,2699200
1993-05-19,7.125000,7.562500,7.000000,7.562500,4.209883,2466800
1993-05-20,7.562500,7.562500,7.312500,7.500000,4.175089,3967600
1993-05-21,7.500000,7.750000,7.437500,7.562500,4.209883,3688800
1993-05-24,7.562500,7.562500,7.375000,7.375000,4.117074,3265600
1993-05-25,7.312500,7.437500,7.312500,7.375000,4.117074,1962800
1993-05-26,7.312500,7.625000,7.312500,7.531250,4.204298,3100400
1993-05-27,7.687500,7.750000,7.500000,7.593750,4.239192,2856000
1993-05-28,7.625000,7.625000,7.437500,7.500000,4.186854,1107200
1993-06-01,7.500000,7.562500,7.375000,7.375000,4.117074,1429600
1993-06-02,7.375000,7.500000,7.250000,7.375000,4.117074,1647600
1993-06-03,7.375000,7.500000,7.187500,7.312500,4.082184,1763200
1993-06-04,7.312500,7.312500,7.187500,7.187500,4.012402,633200
1993-06-07,7.312500,7.312500,7.000000,7.250000,4.047293,2390400
1993-06-08,7.187500,7.312500,7.062500,7.250000,4.047293,1727200
1993-06-09,7.250000,7.312500,7.062500,7.187500,4.012402,3196000
1993-06-10,7.156250,7.218750,7.125000,7.125000,3.977512,1538000
1993-06-11,7.125000,7.312500,7.125000,7.312500,4.082184,1225600
1993-06-14,7.312500,7.500000,7.250000,7.312500,4.082184,1004000
1993-06-15,7.500000,7.500000,7.250000,7.375000,4.117074,1559600
1993-06-16,7.312500,7.437500,7.187500,7.250000,4.047293,1085200
1993-06-17,7.250000,7.250000,7.000000,7.062500,3.942622,1712000
1993-06-18,7.000000,7.125000,6.750000,6.812500,3.803061,2660400
1993-06-21,6.812500,6.875000,6.687500,6.750000,3.768167,1236000
1993-06-22,6.687500,6.750000,6.437500,6.562500,3.663499,2615600
1993-06-23,6.625000,6.625000,6.312500,6.375000,3.558826,3379200
1993-06-24,6.437500,6.562500,6.312500,6.437500,3.593716,2092400
1993-06-25,6.562500,6.687500,6.437500,6.625000,3.698388,1022400
1993-06-28,6.625000,7.125000,6.625000,7.093750,3.960067,1822000
1993-06-29,7.187500,7.250000,6.937500,7.125000,3.977512,2790400
1993-06-30,7.156250,7.187500,6.812500,7.000000,3.907729,1177600
1993-07-01,7.000000,7.000000,6.687500,6.750000,3.768167,1027200
1993-07-02,6.812500,6.812500,6.562500,6.562500,3.663499,599200
1993-07-06,6.500000,6.562500,6.375000,6.562500,3.663499,915600
1993-07-07,6.437500,6.562500,6.437500,6.500000,3.628607,701600
1993-07-08,6.562500,6.687500,6.500000,6.687500,3.733277,834800
1993-07-09,6.687500,6.687500,6.500000,6.687500,3.733277,713600
1993-07-12,6.687500,6.875000,6.562500,6.812500,3.803061,1350000
1993-07-13,6.875000,6.937500,6.750000,6.937500,3.872841,442400
1993-07-14,7.000000,7.062500,6.875000,7.062500,3.942622,789200
1993-07-15,6.937500,7.062500,6.812500,6.937500,3.872841,1058000
1993-07-16,6.875000,6.937500,6.750000,6.875000,3.837949,378000
1993-07-19,6.812500,6.875000,6.500000,6.625000,3.698388,1001200
1993-07-20,6.562500,6.750000,6.437500,6.750000,3.768167,1100800
1993-07-21,6.625000,6.750000,6.625000,6.750000,3.768167,1170400
1993-07-22,6.625000,6.812500,6.500000,6.687500,3.733277,1821200
1993-07-23,6.687500,6.750000,6.625000,6.750000,3.768167,694800
1993-07-26,6.750000,6.875000,6.625000,6.812500,3.803061,1704000
1993-07-27,6.750000,6.875000,6.687500,6.812500,3.803061,829200
1993-07-28,6.812500,6.812500,6.687500,6.687500,3.733277,769200
1993-07-29,6.750000,6.937500,6.750000,6.875000,3.837949,982800
1993-07-30,6.875000,6.875000,6.750000,6.875000,3.837949,422000
1993-08-02,6.750000,6.875000,6.687500,6.750000,3.768167,722400
1993-08-03,6.750000,6.875000,6.625000,6.750000,3.768167,1064000
1993-08-04,6.687500,6.750000,6.562500,6.656250,3.715833,1195600
1993-08-05,6.562500,6.750000,6.562500,6.750000,3.768167,1728400
1993-08-06,6.812500,7.156250,6.687500,7.093750,3.960067,1043200
1993-08-09,7.000000,7.250000,7.000000,7.062500,3.942622,847600
1993-08-10,7.062500,7.187500,6.937500,6.937500,3.872841,786800
1993-08-11,7.625000,7.687500,7.375000,7.406250,4.134520,7874800
1993-08-12,7.562500,7.625000,7.437500,7.500000,4.186854,2786400
1993-08-13,7.500000,7.750000,7.500000,7.718750,4.308971,2695200
1993-08-16,7.750000,8.125000,7.625000,8.031250,4.483423,2728400
1993-08-17,7.937500,8.000000,7.750000,7.937500,4.431087,1954400
1993-08-18,7.875000,8.000000,7.875000,8.000000,4.465978,1066800
1993-08-19,8.000000,8.000000,7.687500,7.875000,4.396200,942000
1993-08-20,7.937500,8.250000,7.875000,8.125000,4.535760,4359600
1993-08-23,8.062500,8.125000,8.000000,8.031250,4.483423,835600
1993-08-24,8.062500,8.125000,8.000000,8.125000,4.535760,824000
1993-08-25,8.125000,8.125000,7.812500,7.875000,4.407727,1080000
1993-08-26,7.875000,7.875000,7.625000,7.781250,4.355252,708400
1993-08-27,7.750000,7.875000,7.437500,7.625000,4.267799,1364800
1993-08-30,7.562500,7.875000,7.562500,7.812500,4.372744,1116800
1993-08-31,7.937500,8.000000,7.750000,7.937500,4.442708,1375600
1993-09-01,7.937500,8.062500,7.750000,7.875000,4.407727,1260400
1993-09-02,7.750000,7.875000,7.500000,7.500000,4.197833,1216000
1993-09-03,7.625000,7.656250,7.500000,7.500000,4.197833,838400
1993-09-07,7.500000,7.625000,7.375000,7.437500,4.162849,1117200
1993-09-08,7.375000,7.562500,7.250000,7.343750,4.110381,1168000
1993-09-09,7.375000,7.437500,7.062500,7.156250,4.005433,1471200
1993-09-10,7.062500,7.437500,7.062500,7.437500,4.162849,3047200
1993-09-13,7.437500,7.500000,7.375000,7.406250,4.145362,1011200
1993-09-14,7.375000,7.562500,7.312500,7.562500,4.232813,1558800
1993-09-15,7.562500,7.562500,7.312500,7.500000,4.197833,1240400
1993-09-16,7.562500,7.562500,7.375000,7.437500,4.162849,771600
1993-09-17,7.437500,7.500000,7.375000,7.437500,4.162849,1699200
1993-09-20,7.437500,7.750000,7.437500,7.562500,4.232813,1026400
1993-09-21,7.562500,7.625000,7.437500,7.437500,4.162849,968000
1993-09-22,7.500000,7.562500,7.375000,7.500000,4.197833,645600
1993-09-23,7.562500,7.750000,7.500000,7.562500,4.232813,1018800
1993-09-24,7.562500,7.625000,7.437500,7.625000,4.267799,775200
1993-09-27,7.500000,7.687500,7.500000,7.562500,4.232813,878000
1993-09-28,7.312500,7.500000,7.250000,7.437500,4.162849,2551200
1993-09-29,7.375000,7.687500,7.375000,7.625000,4.267799,1478800
1993-09-30,7.687500,7.750000,7.500000,7.687500,4.302778,1347200
1993-10-01,7.687500,7.687500,7.500000,7.562500,4.232813,838400
1993-10-04,7.625000,7.812500,7.625000,7.718750,4.320270,497200
1993-10-05,7.750000,7.812500,7.625000,7.687500,4.302778,2244000
1993-10-06,7.687500,7.812500,7.625000,7.750000,4.337762,540000
1993-10-07,7.750000,7.750000,7.562500,7.750000,4.337762,991200
1993-10-08,7.687500,7.875000,7.687500,7.812500,4.372744,900400
1993-10-11,7.812500,7.937500,7.750000,7.812500,4.372744,1088000
1993-10-12,7.750000,7.937500,7.687500,7.812500,4.372744,994400
1993-10-13,7.812500,7.937500,7.812500,7.812500,4.372744,536400
1993-10-14,7.875000,8.000000,7.750000,7.968750,4.460197,1102000
1993-10-15,8.062500,8.375000,8.000000,8.187500,4.582632,1945200
1993-10-18,8.125000,8.312500,8.062500,8.187500,4.582632,1212000
1993-10-19,8.187500,8.562500,8.125000,8.156250,4.565145,1950800
1993-10-20,8.125000,8.187500,7.875000,8.000000,4.477689,916800
1993-10-21,7.937500,8.437500,7.937500,8.312500,4.652598,1434800
1993-10-22,8.375000,8.750000,8.125000,8.531250,4.775037,3362800
1993-10-25,8.437500,8.687500,8.437500,8.656250,4.844998,1064000
1993-10-26,8.625000,8.687500,8.187500,8.281250,4.635107,1193600
1993-10-27,8.250000,8.562500,8.250000,8.437500,4.722562,814000
1993-10-28,8.437500,8.812500,8.437500,8.656250,4.844998,1175200
1993-10-29,8.687500,8.937500,8.687500,8.687500,4.862492,2148800
1993-11-01,8.687500,8.937500,8.687500,8.875000,4.967437,971600
1993-11-02,8.875000,8.937500,8.687500,8.812500,4.932455,1629600
1993-11-03,8.812500,8.875000,8.687500,8.687500,4.862492,1563200
1993-11-04,8.687500,8.812500,8.312500,8.312500,4.652598,3070400
1993-11-05,8.312500,8.531250,8.187500,8.500000,4.757545,1159200
1993-11-08,8.562500,8.562500,8.375000,8.500000,4.757545,620400
1993-11-09,8.500000,8.875000,8.500000,8.687500,4.862492,1798000
1993-11-10,8.750000,9.062500,8.687500,9.062500,5.072383,2292400
1993-11-11,9.000000,9.125000,8.812500,8.812500,4.932455,2487600
1993-11-12,8.812500,9.000000,8.750000,8.843750,4.949946,3464800
1993-11-15,8.812500,9.000000,8.812500,8.875000,4.967437,1617200
1993-11-16,8.937500,9.062500,8.937500,9.000000,5.037401,2623200
1993-11-17,9.000000,9.125000,8.875000,8.875000,4.967437,2663600
1993-11-18,8.937500,9.000000,8.687500,8.781250,4.914964,1493600
1993-11-19,8.687500,8.750000,8.375000,8.625000,4.827508,2278800
1993-11-22,8.562500,8.750000,8.531250,8.562500,4.792527,1540000
1993-11-23,8.625000,8.750000,8.500000,8.750000,4.909659,1726800
1993-11-24,8.750000,8.875000,8.687500,8.812500,4.944726,2021200
1993-11-26,8.750000,8.875000,8.750000,8.750000,4.909659,418800
1993-11-29,8.812500,9.062500,8.812500,8.906250,4.997330,2813200
1993-11-30,8.937500,8.937500,8.750000,8.812500,4.944726,2263600
1993-12-01,8.750000,8.875000,8.625000,8.625000,4.839519,1559200
1993-12-02,8.562500,8.625000,8.375000,8.625000,4.839519,2038400
1993-12-03,8.625000,8.750000,8.562500,8.625000,4.839519,1971600
1993-12-06,8.625000,8.937500,8.625000,8.875000,4.979795,2790000
1993-12-07,8.812500,8.937500,8.687500,8.875000,4.979795,4158400
1993-12-08,8.812500,8.812500,8.687500,8.718750,4.892123,898000
1993-12-09,8.812500,8.812500,8.562500,8.687500,4.874589,2278800
1993-12-10,8.562500,8.687500,8.500000,8.625000,4.839519,1071200
1993-12-13,8.562500,8.625000,8.218750,8.250000,4.629106,2576000
1993-12-14,8.250000,8.375000,8.187500,8.250000,4.629106,2146000
1993-12-15,8.312500,8.312500,8.187500,8.312500,4.664175,315600
1993-12-16,8.250000,8.437500,8.250000,8.312500,4.664175,1040000
1993-12-17,8.250000,8.625000,8.250000,8.625000,4.839519,1867200
1993-12-20,8.625000,8.625000,8.312500,8.312500,4.664175,2530800
1993-12-21,8.312500,8.312500,7.812500,7.937500,4.453761,2498800
1993-12-22,8.000000,8.062500,7.750000,7.937500,4.453761,1739200
1993-12-23,7.937500,8.250000,7.937500,8.125000,4.558968,672400
1993-12-27,8.250000,8.500000,8.125000,8.437500,4.734313,984000
1993-12-28,8.375000,8.437500,8.125000,8.187500,4.594035,1294400
1993-12-29,8.312500,8.312500,8.187500,8.281250,4.646640,694800
1993-12-30,8.187500,8.312500,8.125000,8.250000,4.629106,596800
1993-12-31,8.125000,8.312500,8.125000,8.250000,4.629106,1439600
1994-01-03,8.250000,8.375000,7.875000,8.000000,4.488829,1796400
1994-01-04,7.968750,8.281250,7.937500,8.281250,4.646640,3483600
1994-01-05,8.250000,8.312500,8.187500,8.218750,4.611569,3847600
1994-01-06,8.187500,8.250000,8.062500,8.062500,4.523898,1386400
1994-01-07,8.062500,8.187500,8.000000,8.187500,4.594035,571200
1994-01-10,8.125000,8.187500,8.000000,8.062500,4.523898,1556400
1994-01-11,8.000000,8.125000,7.875000,8.000000,4.488829,1416800
1994-01-12,8.000000,8.000000,7.750000,8.000000,4.488829,755600
1994-01-13,7.937500,8.500000,7.937500,8.500000,4.769382,4436800
1994-01-14,8.500000,8.875000,8.375000,8.812500,4.944726,5768000
1994-01-17,8.750000,8.875000,8.625000,8.687500,4.874589,3454000
1994-01-18,8.812500,9.000000,8.625000,8.656250,4.857053,5092000
1994-01-19,8.562500,8.625000,8.250000,8.312500,4.664175,2698400
1994-01-20,8.250000,8.500000,8.250000,8.500000,4.769382,2180800
1994-01-21,8.562500,8.625000,8.187500,8.250000,4.629106,1381200
1994-01-24,8.187500,8.312500,8.125000,8.187500,4.594035,1453600
1994-01-25,8.125000,8.187500,8.000000,8.093750,4.541434,1493200
1994-01-26,8.125000,8.375000,7.843750,8.281250,4.646640,4606400
1994-01-27,8.187500,8.437500,8.062500,8.375000,4.699243,1911200
1994-01-28,8.375000,8.625000,8.375000,8.593750,4.821987,2116000
1994-01-31,8.562500,8.812500,8.562500,8.750000,4.909659,1704800
1994-02-01,8.750000,8.875000,8.562500,8.687500,4.874589,913600
1994-02-02,8.562500,8.750000,8.562500,8.687500,4.874589,1394400
1994-02-03,8.625000,8.656250,8.562500,8.562500,4.804451,4859200
1994-02-04,8.562500,8.750000,8.500000,8.625000,4.839519,2998000
1994-02-07,8.625000,8.812500,8.562500,8.750000,4.909659,1207600
1994-02-08,8.687500,8.812500,8.500000,8.500000,4.769382,2278400
1994-02-09,8.500000,8.687500,8.500000,8.531250,4.786917,1012800
1994-02-10,8.500000,8.687500,8.500000,8.562500,4.804451,893200
1994-02-11,8.562500,8.687500,8.500000,8.531250,4.786917,577600
1994-02-14,8.500000,8.625000,8.500000,8.562500,4.804451,704000
1994-02-15,8.562500,8.687500,8.562500,8.562500,4.804451,656800
1994-02-16,8.562500,8.750000,8.562500,8.718750,4.892123,577200
1994-02-17,8.937500,9.312500,8.875000,9.218750,5.172674,4410000
1994-02-18,9.187500,9.437500,9.000000,9.125000,5.120074,3210800
1994-02-22,9.000000,9.250000,8.937500,9.218750,5.175651,2352800
1994-02-23,9.750000,10.000000,9.625000,9.937500,5.579180,4457200
1994-02-24,9.812500,10.125000,9.750000,10.125000,5.684444,5412400
1994-02-25,10.000000,10.187500,9.687500,9.750000,5.473910,3902000
1994-02-28,9.812500,9.937500,9.562500,9.750000,5.473910,2296400
1994-03-01,9.750000,9.750000,9.562500,9.687500,5.438821,1181200
1994-03-02,9.562500,10.187500,9.500000,10.125000,5.684444,3541200
1994-03-03,10.062500,10.187500,9.875000,10.031250,5.631812,2053600
1994-03-04,9.937500,10.125000,9.812500,9.875000,5.544089,1646000
1994-03-07,9.812500,9.937500,9.687500,9.750000,5.473910,1363200
1994-03-08,9.812500,9.937500,9.687500,9.812500,5.508999,674400
1994-03-09,9.687500,10.000000,9.687500,9.906250,5.561636,1140000
1994-03-10,9.875000,10.000000,9.625000,9.718750,5.456364,1329600
1994-03-11,9.750000,10.062500,9.625000,10.062500,5.649357,1911600
1994-03-14,9.937500,10.062500,9.937500,10.000000,5.614267,601200
1994-03-15,9.937500,10.062500,9.812500,10.000000,5.614267,1613200
1994-03-16,10.062500,10.187500,9.937500,10.125000,5.684444,2470400
1994-03-17,10.125000,10.187500,10.062500,10.062500,5.649357,806800
1994-03-18,10.062500,10.156250,9.937500,10.062500,5.649357,1734800
1994-03-21,10.000000,10.062500,9.937500,10.062500,5.649357,1077600
1994-03-22,10.062500,10.312500,10.062500,10.312500,5.789713,2556000
1994-03-23,10.437500,10.812500,10.437500,10.625000,5.965158,3473600
1994-03-24,10.500000,11.125000,10.500000,11.062500,6.210781,4298800
1994-03-25,10.875000,11.062500,10.687500,10.781250,6.052881,6418400
1994-03-28,10.750000,10.812500,10.500000,10.531250,5.912525,3363600
1994-03-29,10.500000,10.562500,10.062500,10.062500,5.649357,2317200
1994-03-30,10.062500,10.125000,9.812500,10.000000,5.614267,1894000
1994-03-31,9.937500,10.125000,9.625000,9.937500,5.579180,2642400
1994-04-04,9.625000,10.125000,9.500000,9.937500,5.579180,2080400
1994-04-05,10.125000,10.625000,10.000000,10.531250,5.912525,4078000
1994-04-06,10.500000,10.687500,10.437500,10.625000,5.965158,2476800
1994-04-07,10.625000,11.062500,10.562500,11.062500,6.210781,3292800
1994-04-08,10.937500,11.125000,10.875000,10.968750,6.158150,2629600
1994-04-11,10.937500,11.000000,10.687500,10.687500,6.000247,1175200
1994-04-12,10.687500,10.750000,10.375000,10.437500,5.859891,1346400
1994-04-13,10.375000,10.500000,9.937500,10.062500,5.649357,2424800
1994-04-14,9.875000,10.187500,9.812500,10.125000,5.684444,1534400
1994-04-15,10.125000,10.312500,10.062500,10.187500,5.719534,1802800
1994-04-18,10.125000,10.156250,9.750000,9.750000,5.473910,960400
1994-04-19,9.750000,9.750000,9.375000,9.437500,5.298465,1879600
1994-04-20,9.500000,9.562500,9.312500,9.312500,5.228283,2054400
1994-04-21,9.375000,9.625000,9.375000,9.593750,5.386188,3458800
1994-04-22,9.562500,9.812500,9.562500,9.687500,5.438821,1170800
1994-04-25,9.812500,10.062500,9.687500,10.062500,5.649357,752000
1994-04-26,10.000000,10.250000,9.937500,10.250000,5.754625,1895200
1994-04-28,10.187500,10.437500,10.187500,10.328125,5.798485,2254000
1994-04-29,10.312500,11.000000,10.312500,10.937500,6.140603,3216000
1994-05-02,10.875000,11.000000,10.687500,10.812500,6.070425,2407200
1994-05-03,10.687500,10.812500,10.375000,10.468750,5.877435,2201600
1994-05-04,10.437500,10.562500,10.375000,10.437500,5.859891,2174400
1994-05-05,10.437500,10.562500,10.437500,10.437500,5.859891,973200
1994-05-06,10.437500,10.437500,10.312500,10.406250,5.842346,2061200
1994-05-09,10.312500,10.437500,10.312500,10.343750,5.807258,1848000
1994-05-10,10.437500,10.750000,10.437500,10.750000,6.035337,5721600
1994-05-11,11.125000,11.187500,10.875000,11.000000,6.175693,6230400
1994-05-12,11.125000,11.375000,11.125000,11.312500,6.351139,6800000
1994-05-13,11.375000,11.437500,10.625000,10.750000,6.035337,6198000
1994-05-16,10.625000,11.062500,10.625000,10.875000,6.105514,3332400
1994-05-17,10.750000,11.062500,10.750000,10.968750,6.158150,1573200
1994-05-18,11.000000,11.062500,10.812500,10.937500,6.140603,2836400
1994-05-19,10.812500,10.937500,10.750000,10.750000,6.035337,1756800
1994-05-20,10.750000,10.937500,10.750000,10.812500,6.070425,1179200
1994-05-23,10.812500,11.062500,10.812500,10.937500,6.140603,1867200
1994-05-24,11.062500,11.062500,10.875000,10.968750,6.172257,2290800
1994-05-25,10.937500,11.250000,10.875000,11.187500,6.295348,1633600
1994-05-26,11.125000,11.250000,11.000000,11.187500,6.295348,1198400
1994-05-27,11.062500,11.125000,10.937500,10.937500,6.154672,782400
1994-05-31,10.937500,11.250000,10.937500,11.031250,6.207426,1291200
1994-06-01,10.937500,11.000000,10.750000,10.750000,6.049163,2234400
1994-06-02,10.875000,10.937500,10.687500,10.937500,6.154672,1816800
1994-06-03,10.812500,11.062500,10.812500,11.000000,6.189841,2327600
1994-06-06,11.062500,11.062500,10.625000,10.687500,6.013994,2482400
1994-06-07,10.625000,10.625000,10.250000,10.375000,5.838147,3083200
1994-06-08,10.312500,10.437500,10.125000,10.250000,5.767808,1071200
1994-06-09,10.312500,10.437500,10.187500,10.437500,5.873315,855600
1994-06-10,10.500000,10.687500,10.437500,10.687500,6.013994,1794400
1994-06-13,10.687500,10.750000,10.562500,10.625000,5.978824,1870000
1994-06-14,10.687500,11.000000,10.687500,10.968750,6.172257,1734800
1994-06-15,11.000000,11.125000,10.812500,10.937500,6.154672,1745600
1994-06-16,10.875000,11.062500,10.750000,11.031250,6.207426,2180400
1994-06-17,10.937500,11.125000,10.937500,10.937500,6.154672,1782400
1994-06-20,10.875000,10.937500,10.687500,10.750000,6.049163,1109600
1994-06-21,10.750000,10.937500,10.625000,10.906250,6.137087,1953200
1994-06-22,10.937500,11.312500,10.937500,11.281250,6.348108,2673200
1994-06-23,11.187500,11.312500,10.875000,10.875000,6.119503,1917600
1994-06-24,10.812500,11.125000,10.750000,10.937500,6.154672,2690000
1994-06-27,10.937500,11.125000,10.875000,10.875000,6.119503,1184800
1994-06-28,10.875000,11.000000,10.750000,10.750000,6.049163,2068400
1994-06-29,10.750000,10.875000,10.656250,10.687500,6.013994,1413200
1994-06-30,10.687500,10.750000,10.625000,10.625000,5.978824,856400
1994-07-01,10.625000,10.937500,10.625000,10.781250,6.066750,1326400
1994-07-05,10.750000,11.000000,10.750000,10.984375,6.181049,1724800
1994-07-06,10.875000,11.062500,10.812500,11.000000,6.189841,2509600
1994-07-07,11.062500,11.250000,11.062500,11.250000,6.330518,858800
1994-07-08,11.250000,11.312500,11.125000,11.156250,6.277766,2899200
1994-07-11,11.187500,11.312500,10.875000,10.968750,6.172257,2670800
1994-07-12,10.937500,11.218750,10.937500,11.218750,6.312936,3738400
1994-07-13,11.125000,11.312500,11.125000,11.203125,6.304142,1603200
1994-07-14,11.187500,11.250000,10.812500,10.875000,6.119503,3293200
1994-07-15,10.937500,10.937500,10.750000,10.875000,6.119503,1140400
1994-07-18,10.750000,10.937500,10.750000,10.812500,6.084333,941600
1994-07-19,10.812500,10.937500,10.625000,10.656250,5.996408,3397200
1994-07-20,10.500000,10.562500,10.250000,10.375000,5.838147,5535600
1994-07-21,10.375000,10.437500,10.187500,10.437500,5.873315,3392000
1994-07-22,10.500000,10.875000,10.437500,10.750000,6.049163,2480400
1994-07-25,10.687500,10.750000,10.562500,10.625000,5.978824,1761200
1994-07-26,10.562500,10.625000,10.375000,10.406250,5.855731,1844400
1994-07-27,10.375000,10.437500,9.687500,9.750000,5.486452,2966800
1994-07-28,10.000000,10.500000,9.937500,10.500000,5.908484,4107600
1994-07-29,10.500000,11.062500,10.437500,10.937500,6.154672,2742400
1994-08-01,10.937500,11.062500,10.687500,10.781250,6.066750,730400
1994-08-02,10.687500,10.812500,10.437500,10.468750,5.890900,884400
1994-08-03,10.500000,10.750000,10.437500,10.656250,5.996408,2346800
1994-08-04,10.625000,10.750000,10.375000,10.437500,5.873315,750400
1994-08-05,10.437500,10.625000,10.375000,10.562500,5.943655,1254400
1994-08-08,10.562500,11.000000,10.500000,10.890625,6.128295,2003200
1994-08-09,10.875000,11.125000,10.750000,10.968750,6.172257,3935600
1994-08-10,11.125000,11.250000,10.875000,10.875000,6.119503,4462000
1994-08-11,10.875000,11.187500,10.875000,11.062500,6.225009,2489200
1994-08-12,11.062500,11.312500,11.000000,11.187500,6.295348,1917600
1994-08-15,11.187500,11.437500,11.187500,11.375000,6.400858,1562000
1994-08-16,11.375000,11.562500,11.312500,11.406250,6.418446,3878800
1994-08-17,11.312500,11.500000,11.312500,11.437500,6.436030,1866400
1994-08-18,11.437500,11.437500,11.187500,11.375000,6.400858,2162400
1994-08-19,11.375000,11.375000,11.250000,11.250000,6.330518,1042400
1994-08-22,11.375000,11.375000,11.125000,11.218750,6.312936,972400
1994-08-23,11.250000,11.562500,11.125000,11.375000,6.400858,1674000
1994-08-24,11.375000,11.656250,11.375000,11.625000,6.541539,2287600
1994-08-25,11.562500,11.625000,11.343750,11.406250,6.432277,2689200
1994-08-26,11.500000,11.750000,11.375000,11.625000,6.555635,1728000
1994-08-29,11.562500,11.625000,11.437500,11.562500,6.520388,1786800
1994-08-30,11.437500,11.687500,11.437500,11.656250,6.573256,551200
1994-08-31,11.562500,11.875000,11.562500,11.750000,6.626127,1100400
1994-09-01,11.687500,11.750000,11.562500,11.562500,6.520388,1432000
1994-09-02,11.562500,11.687500,11.437500,11.437500,6.449899,549200
1994-09-06,11.437500,11.750000,11.437500,11.687500,6.590882,1584000
1994-09-07,11.625000,11.687500,11.437500,11.687500,6.590882,1674800
1994-09-08,11.625000,12.000000,11.625000,11.812500,6.661370,2033600
1994-09-09,11.625000,11.687500,11.375000,11.562500,6.520388,1318000
1994-09-12,11.437500,11.687500,11.375000,11.437500,6.449899,1763200
1994-09-13,11.500000,11.625000,11.187500,11.187500,6.308917,1878800
1994-09-14,11.312500,11.375000,11.187500,11.250000,6.344163,1752400
1994-09-15,11.125000,11.437500,11.125000,11.406250,6.432277,1446400
1994-09-16,11.375000,11.406250,11.187500,11.312500,6.379408,936800
1994-09-19,11.187500,11.312500,11.187500,11.312500,6.379408,936400
1994-09-20,11.187500,11.187500,10.687500,10.687500,6.026954,1510000
1994-09-21,10.500000,10.562500,9.687500,9.953125,5.612822,9118400
1994-09-22,10.000000,10.000000,9.500000,9.812500,5.533520,4323200
1994-09-23,9.812500,9.937500,9.687500,9.718750,5.480652,2953200
1994-09-26,9.812500,9.812500,9.375000,9.500000,5.357293,3813600
1994-09-27,9.500000,9.500000,9.250000,9.312500,5.251556,4946400
1994-09-28,9.500000,9.562500,9.375000,9.468750,5.339674,3221600
1994-09-29,9.562500,9.750000,9.437500,9.687500,5.463031,2713600
1994-09-30,10.000000,10.125000,9.875000,10.000000,5.639257,2689600
1994-10-03,10.000000,10.125000,9.812500,9.906250,5.586388,2736400
1994-10-04,10.000000,10.125000,9.812500,9.812500,5.533520,2595600
1994-10-05,9.937500,10.125000,9.750000,10.062500,5.674501,3400000
1994-10-06,10.125000,10.343750,9.937500,10.281250,5.797859,2802000
1994-10-07,10.437500,11.062500,10.437500,11.000000,6.203181,5158800
1994-10-10,11.062500,11.062500,10.625000,10.937500,6.167938,1695600
1994-10-11,10.937500,11.062500,10.812500,11.062500,6.238425,3177200
1994-10-12,11.062500,11.187500,10.875000,11.125000,6.273672,2274400
1994-10-13,11.125000,11.375000,11.125000,11.187500,6.308917,4497200
1994-10-14,11.187500,11.375000,11.125000,11.312500,6.379408,1746400
1994-10-17,11.250000,11.750000,11.250000,11.625000,6.555635,4153600
1994-10-18,11.750000,11.812500,11.625000,11.687500,6.590882,2590000
1994-10-19,11.812500,11.812500,11.625000,11.750000,6.626127,1809200
1994-10-20,11.687500,11.750000,11.187500,11.375000,6.414654,4187600
1994-10-21,11.312500,11.375000,11.187500,11.296875,6.370595,1548000
1994-10-24,11.250000,11.406250,11.218750,11.312500,6.379408,1331600
1994-10-25,11.125000,11.312500,11.062500,11.125000,6.273672,1434000
1994-10-26,11.187500,11.375000,11.125000,11.375000,6.414654,1574800
1994-10-27,11.375000,11.875000,11.375000,11.812500,6.661370,4535600
1994-10-28,11.687500,12.187500,11.687500,12.062500,6.802355,3023600
1994-10-31,12.000000,12.437500,12.000000,12.312500,6.943334,2620400
1994-11-01,12.312500,12.375000,12.062500,12.125000,6.837594,1857600
1994-11-02,12.000000,12.187500,12.000000,12.062500,6.802355,6628000
1994-11-03,12.187500,12.312500,12.062500,12.156250,6.855221,1885200
1994-11-04,12.187500,12.312500,12.125000,12.187500,6.872842,1276800
1994-11-07,12.125000,12.250000,11.937500,12.031250,6.784732,3390400
1994-11-08,12.000000,12.125000,12.000000,12.031250,6.784732,1533200
1994-11-09,12.125000,12.187500,12.000000,12.062500,6.802355,1849600
1994-11-10,11.937500,12.062500,11.625000,11.625000,6.555635,4497600
1994-11-11,11.625000,11.875000,11.562500,11.875000,6.696616,2763600
1994-11-14,11.812500,12.250000,11.750000,12.062500,6.802355,3299600
1994-11-15,12.187500,12.312500,12.062500,12.062500,6.802355,4306800
1994-11-16,12.125000,12.125000,11.812500,12.062500,6.802355,1861600
1994-11-17,11.937500,12.062500,11.750000,11.750000,6.626127,2297200
1994-11-18,11.812500,11.812500,11.500000,11.625000,6.555635,1433600
1994-11-21,11.625000,11.750000,11.437500,11.437500,6.449899,1328400
1994-11-22,11.500000,11.500000,11.156250,11.187500,6.308917,1496000
1994-11-23,11.187500,11.312500,10.937500,11.062500,6.252399,1445200
1994-11-25,11.125000,11.437500,11.062500,11.406250,6.446683,751200
1994-11-28,11.500000,11.750000,11.437500,11.562500,6.534997,1827200
1994-11-29,11.562500,11.875000,11.562500,11.875000,6.711614,1963600
1994-11-30,11.875000,12.062500,11.812500,12.062500,6.817588,1346800
1994-12-01,11.937500,12.062500,11.562500,11.593750,6.552656,2612000
1994-12-02,11.625000,11.625000,11.187500,11.375000,6.429020,3393200
1994-12-05,11.312500,11.437500,11.000000,11.062500,6.252399,3318800
1994-12-06,11.000000,11.125000,11.000000,11.125000,6.287726,2085200
1994-12-07,11.125000,11.125000,10.937500,10.968750,6.199412,632000
1994-12-08,11.062500,11.125000,10.750000,10.781250,6.093442,1855600
1994-12-09,10.812500,11.000000,10.562500,10.875000,6.146424,1546400
1994-12-12,11.000000,11.687500,10.937500,11.656250,6.587979,2763200
1994-12-13,11.562500,11.625000,11.312500,11.312500,6.393696,2431200
1994-12-14,11.281250,11.953125,11.250000,11.937500,6.746938,4404400
1994-12-15,11.937500,12.250000,11.531250,11.687500,6.605646,3426800
1994-12-16,11.687500,11.812500,11.500000,11.750000,6.640965,1735600
1994-12-19,11.750000,11.812500,11.625000,11.687500,6.605646,1555600
1994-12-20,11.687500,11.875000,11.500000,11.531250,6.517331,2178800
1994-12-21,11.500000,11.625000,11.062500,11.125000,6.287726,3682400
1994-12-22,11.125000,11.187500,10.687500,11.062500,6.252399,4826000
1994-12-23,11.062500,11.187500,11.000000,11.000000,6.217077,1111600
1994-12-27,10.812500,10.812500,10.000000,10.062500,5.687210,8470400
1994-12-28,10.250000,10.375000,10.000000,10.062500,5.687210,7399200
1994-12-29,10.187500,10.531250,10.125000,10.437500,5.899156,3442400
1994-12-30,10.437500,10.562500,10.375000,10.500000,5.934483,673600
1995-01-03,10.500000,10.500000,9.937500,10.187500,5.757861,5022800
1995-01-04,10.187500,10.562500,10.187500,10.531250,5.952140,2690400
1995-01-05,10.500000,10.812500,10.500000,10.562500,5.969803,2190400
1995-01-06,10.625000,10.812500,10.562500,10.718750,6.058116,1222000
1995-01-09,10.812500,10.812500,10.562500,10.593750,5.987468,1168000
1995-01-10,10.562500,10.875000,10.562500,10.750000,6.075778,1332800
1995-01-11,10.750000,10.812500,10.437500,10.531250,5.952140,2196800
1995-01-12,10.593750,10.687500,10.500000,10.562500,5.969803,1418800
1995-01-13,10.687500,10.687500,10.500000,10.562500,5.969803,1129200
1995-01-16,10.562500,10.750000,10.562500,10.625000,6.005125,702800
1995-01-17,10.750000,10.750000,10.562500,10.656250,6.022792,2226400
1995-01-18,10.687500,10.781250,10.562500,10.687500,6.040454,1183200
1995-01-19,10.687500,10.750000,10.562500,10.593750,5.987468,1315600
1995-01-20,10.625000,10.687500,10.562500,10.562500,5.969803,862800
1995-01-23,10.562500,10.687500,10.500000,10.625000,6.005125,621200
1995-01-24,10.625000,10.875000,10.625000,10.875000,6.146424,1160000
1995-01-25,10.812500,10.875000,10.687500,10.812500,6.111100,767200
1995-01-26,10.812500,10.812500,10.625000,10.625000,6.005125,422800
1995-01-27,10.750000,10.750000,10.312500,10.312500,5.828508,1597200
1995-01-30,10.406250,10.406250,9.937500,10.062500,5.687210,2538000
1995-01-31,10.062500,10.187500,9.875000,10.125000,5.722534,2684400
1995-02-01,10.250000,10.562500,10.218750,10.468750,5.916817,1118800
1995-02-02,10.437500,10.625000,10.312500,10.375000,5.863833,1683200
1995-02-03,10.375000,10.687500,10.375000,10.687500,6.040454,780400
1995-02-06,10.687500,10.812500,10.437500,10.500000,5.934483,1206800
1995-02-07,10.437500,10.625000,10.437500,10.625000,6.005125,1251600
1995-02-08,10.562500,10.750000,10.562500,10.750000,6.075778,741600
1995-02-09,10.656250,10.812500,10.625000,10.625000,6.005125,814000
1995-02-10,10.625000,10.812500,10.625000,10.812500,6.111100,943200
1995-02-13,10.687500,11.062500,10.687500,11.000000,6.217077,1855600
1995-02-14,11.000000,11.062500,10.937500,11.000000,6.217077,858800
1995-02-15,11.000000,11.250000,11.000000,11.187500,6.323045,1656800
1995-02-16,11.187500,11.187500,11.000000,11.125000,6.287726,1514400
1995-02-17,11.125000,11.187500,11.000000,11.062500,6.252399,1455200
1995-02-21,11.187500,11.312500,11.062500,11.281250,6.376034,1762000
1995-02-22,10.875000,10.937500,10.062500,10.406250,5.881494,18649600
1995-02-23,10.500000,10.625000,10.437500,10.625000,6.005125,6130000
1995-02-24,10.625000,10.812500,10.500000,10.687500,6.040454,2718800
1995-02-27,10.750000,10.937500,10.562500,10.656250,6.040455,2688400
1995-02-28,10.750000,10.750000,10.437500,10.562500,5.987310,1150400
1995-03-01,10.437500,10.562500,10.312500,10.312500,5.845601,1807200
1995-03-02,10.312500,10.406250,10.125000,10.250000,5.810171,2818800
1995-03-03,10.250000,10.250000,10.062500,10.187500,5.774745,1109600
1995-03-06,10.125000,10.125000,10.000000,10.000000,5.668460,645200
1995-03-07,10.000000,10.062500,9.875000,9.875000,5.597605,2410000
1995-03-08,9.875000,10.000000,9.500000,9.562500,5.420464,4609600
1995-03-09,9.562500,9.656250,9.187500,9.250000,5.243328,4705200
1995-03-10,9.343750,9.437500,9.062500,9.281250,5.261041,6459200
1995-03-13,9.250000,9.437500,9.125000,9.375000,5.314181,4558800
1995-03-14,9.375000,9.500000,9.187500,9.375000,5.314181,5850800
1995-03-15,9.625000,9.812500,9.437500,9.625000,5.455895,7476800
1995-03-16,9.750000,9.812500,9.625000,9.812500,5.562176,3664400
1995-03-17,9.875000,9.875000,9.750000,9.812500,5.562176,3887600
1995-03-20,9.812500,9.812500,9.562500,9.687500,5.491325,952000
1995-03-21,9.687500,9.750000,9.625000,9.640625,5.464753,1452800
1995-03-22,9.625000,9.781250,9.562500,9.625000,5.455895,2889200
1995-03-23,9.625000,9.812500,9.625000,9.718750,5.509034,1632800
1995-03-24,9.718750,10.062500,9.687500,10.062500,5.703887,2222000
1995-03-27,10.062500,10.187500,9.812500,10.000000,5.668460,2007200
1995-03-28,9.875000,10.187500,9.875000,10.187500,5.774745,2131600
1995-03-29,10.187500,10.250000,10.062500,10.187500,5.774745,4638400
1995-03-30,10.250000,10.250000,9.968750,10.187500,5.774745,2864000
1995-03-31,10.062500,10.187500,10.000000,10.187500,5.774745,2401600
1995-04-03,10.187500,10.250000,10.000000,10.125000,5.739316,2526400
1995-04-04,10.125000,10.375000,10.062500,10.250000,5.810171,3102800
1995-04-05,10.250000,10.375000,10.218750,10.375000,5.881030,4321600
1995-04-06,10.375000,10.500000,10.187500,10.437500,5.916454,2521200
1995-04-07,10.437500,10.500000,10.312500,10.375000,5.881030,2458400
1995-04-10,10.406250,10.500000,10.250000,10.375000,5.881030,1448400
1995-04-11,10.375000,10.375000,10.125000,10.140625,5.748175,4262000
1995-04-12,10.125000,10.187500,9.937500,10.125000,5.739316,2680000
1995-04-13,10.125000,10.250000,10.000000,10.187500,5.774745,2670800
1995-04-17,10.250000,10.250000,10.000000,10.000000,5.668460,1608000
1995-04-18,10.125000,10.125000,10.000000,10.000000,5.668460,1956000
1995-04-19,10.000000,10.000000,9.500000,9.750000,5.526750,3336800
1995-04-20,9.625000,9.750000,9.531250,9.578125,5.429322,2144800
1995-04-21,9.656250,9.718750,9.562500,9.656250,5.473609,1292800
1995-04-24,9.687500,9.750000,9.375000,9.421875,5.340755,2158800
1995-04-25,9.500000,9.687500,9.250000,9.593750,5.438177,3001200
1995-04-26,9.562500,9.687500,9.437500,9.687500,5.491325,1337600
1995-04-27,9.750000,9.812500,9.625000,9.687500,5.491325,3218800
1995-04-28,9.750000,9.750000,9.500000,9.625000,5.455895,2260400
1995-05-01,9.625000,9.625000,9.250000,9.281250,5.261041,2333200
1995-05-02,9.281250,9.312500,9.125000,9.312500,5.278754,1887200
1995-05-03,9.250000,9.250000,9.062500,9.093750,5.154757,4180800
1995-05-04,9.125000,9.406250,9.000000,9.312500,5.278754,2174400
1995-05-05,9.437500,9.437500,9.187500,9.312500,5.278754,1355600
1995-05-08,9.312500,9.625000,9.312500,9.562500,5.420464,1141200
1995-05-09,9.625000,9.687500,9.125000,9.640625,5.464753,1710800
1995-05-10,9.062500,9.250000,8.937500,9.031250,5.119328,17038400
1995-05-11,9.062500,9.125000,8.750000,9.062500,5.137041,10388800
1995-05-12,9.125000,9.437500,9.125000,9.218750,5.225614,8815200
1995-05-15,9.437500,9.781250,9.343750,9.718750,5.509034,4607600
1995-05-16,9.750000,9.750000,9.562500,9.750000,5.526750,2825600
1995-05-17,9.750000,9.843750,9.625000,9.687500,5.491325,3416000
1995-05-18,9.687500,9.875000,9.687500,9.718750,5.509034,2452800
1995-05-19,9.718750,9.812500,9.718750,9.718750,5.509034,1269600
1995-05-22,9.718750,9.812500,9.656250,9.718750,5.509034,1272400
1995-05-23,9.718750,9.937500,9.625000,9.875000,5.597605,1426000
1995-05-24,9.875000,9.937500,9.812500,9.906250,5.633146,2135200
1995-05-25,9.812500,9.937500,9.750000,9.937500,5.650916,1132800
1995-05-26,9.937500,9.937500,9.750000,9.875000,5.615378,1239600
1995-05-30,9.875000,9.937500,9.781250,9.937500,5.650916,850400
1995-05-31,10.000000,10.375000,9.906250,10.375000,5.899699,4379200
1995-06-01,10.312500,10.437500,10.125000,10.187500,5.793077,1809200
1995-06-02,10.187500,10.312500,10.062500,10.187500,5.793077,1990400
1995-06-05,10.312500,10.625000,10.187500,10.625000,6.041857,3678400
1995-06-06,10.625000,10.812500,10.562500,10.687500,6.077401,3874000
1995-06-07,10.781250,10.937500,10.593750,10.750000,6.112941,2031200
1995-06-08,10.750000,10.875000,10.750000,10.875000,6.184020,984400
1995-06-09,10.750000,10.812500,10.625000,10.812500,6.148481,1406000
1995-06-12,10.812500,10.937500,10.750000,10.937500,6.219560,1998800
1995-06-13,10.937500,10.937500,10.718750,10.812500,6.148481,4090400
1995-06-14,10.812500,10.812500,10.500000,10.562500,6.006317,2317600
1995-06-15,10.562500,10.687500,10.343750,10.343750,5.881927,3691200
1995-06-16,10.375000,10.406250,10.187500,10.250000,5.828616,3553200
1995-06-19,10.187500,10.312500,10.062500,10.187500,5.793077,2550800
1995-06-20,10.187500,10.187500,9.937500,10.125000,5.757535,3164400
1995-06-21,10.062500,10.375000,10.000000,10.062500,5.721995,3564400
1995-06-22,10.125000,10.500000,10.000000,10.406250,5.917468,2859200
1995-06-23,10.437500,10.500000,10.375000,10.406250,5.917468,1019600
1995-06-26,10.437500,10.468750,10.187500,10.218750,5.810847,1885600
1995-06-27,10.187500,10.375000,10.125000,10.156250,5.775307,1725600
1995-06-28,10.156250,10.187500,10.000000,10.062500,5.721995,2228000
1995-06-29,10.062500,10.125000,9.968750,10.000000,5.686455,2846000
1995-06-30,10.062500,10.343750,9.968750,10.343750,5.881927,2871600
1995-07-03,10.343750,10.531250,10.250000,10.468750,5.953009,1109200
1995-07-05,10.562500,10.875000,10.468750,10.750000,6.112941,2890000
1995-07-06,10.812500,10.875000,10.656250,10.656250,6.059631,3172400
1995-07-07,10.625000,10.750000,10.500000,10.562500,6.006317,1596800
1995-07-10,10.562500,10.625000,10.406250,10.437500,5.935239,773200
1995-07-11,10.468750,10.468750,10.125000,10.218750,5.810847,2302400
1995-07-12,10.250000,10.250000,9.968750,9.968750,5.668683,3559200
1995-07-13,10.031250,10.187500,9.968750,10.187500,5.793077,2264400
1995-07-14,10.187500,10.562500,10.125000,10.531250,5.988551,4323600
1995-07-17,10.656250,11.000000,10.625000,10.937500,6.219560,2986800
1995-07-18,10.937500,11.062500,10.843750,10.968750,6.237332,4878800
1995-07-19,10.937500,10.937500,10.437500,10.625000,6.041857,4191200
1995-07-20,10.750000,11.187500,10.625000,11.125000,6.326180,2345600
1995-07-21,11.031250,11.125000,10.718750,10.718750,6.095168,2675600
1995-07-24,10.687500,10.750000,10.375000,10.375000,5.899699,3284000
1995-07-25,10.437500,10.437500,10.187500,10.343750,5.881927,6533600
1995-07-26,10.343750,10.343750,10.156250,10.187500,5.793077,3562000
1995-07-27,10.187500,10.187500,9.968750,10.031250,5.704226,4796800
1995-07-28,10.062500,10.125000,10.000000,10.093750,5.739767,3526400
1995-07-31,10.125000,10.187500,10.000000,10.062500,5.721995,2005600
1995-08-01,10.000000,10.125000,9.937500,10.000000,5.686455,3978400
1995-08-02,9.968750,10.156250,9.937500,9.984375,5.677570,2388000
1995-08-03,9.937500,10.031250,9.871094,10.031250,5.704226,2390800
1995-08-04,10.031250,10.156250,9.937500,10.062500,5.721995,1397200
1995-08-07,10.000000,10.125000,9.906250,9.937500,5.650916,1534800
1995-08-08,9.906250,10.109375,9.875000,9.937500,5.650916,1759200
1995-08-09,10.000000,10.062500,9.875000,9.906250,5.633146,1017600
1995-08-10,9.625000,9.875000,9.625000,9.828125,5.588718,4973200
1995-08-11,9.937500,10.000000,9.812500,9.968750,5.668683,1668400
1995-08-14,9.968750,10.125000,9.937500,10.125000,5.757535,698000
1995-08-15,10.125000,10.187500,10.000000,10.187500,5.793077,1026400
1995-08-16,10.125000,10.500000,10.125000,10.375000,5.899699,2375200
1995-08-17,10.312500,10.375000,10.187500,10.312500,5.864159,1592400
1995-08-18,10.281250,10.406250,10.281250,10.343750,5.881927,1224000
1995-08-21,10.437500,10.437500,10.250000,10.250000,5.828616,2874400
1995-08-22,10.375000,10.375000,10.125000,10.187500,5.793077,1574000
1995-08-23,10.125000,10.218750,10.125000,10.218750,5.883150,1154000
1995-08-24,10.125000,10.218750,10.000000,10.125000,5.829174,1998000
1995-08-25,10.062500,10.093750,10.000000,10.031250,5.775201,3193200
1995-08-28,10.093750,10.093750,9.968750,9.984375,5.748213,5415200
1995-08-29,9.968750,10.031250,9.906250,10.031250,5.793334,932800
1995-08-30,10.031250,10.406250,10.031250,10.250000,5.919666,2120000
1995-08-31,10.250000,10.312500,10.187500,10.312500,5.955762,641600
1995-09-01,10.312500,10.468750,10.250000,10.343750,5.973813,1029200
1995-09-05,10.312500,10.562500,10.312500,10.531250,6.082096,1601200
1995-09-06,10.500000,10.562500,10.312500,10.312500,5.955762,661200
1995-09-07,10.375000,10.375000,10.187500,10.250000,5.919666,1222000
1995-09-08,10.250000,10.250000,9.968750,10.031250,5.793334,3180400
1995-09-11,10.125000,10.125000,10.000000,10.031250,5.793334,2073600
1995-09-12,10.062500,10.093750,9.843750,9.875000,5.703096,2787600
1995-09-13,9.750000,10.125000,9.687500,10.062500,5.811379,2806000
1995-09-14,10.031250,10.312500,10.031250,10.156250,5.865525,2185600
1995-09-15,10.250000,10.250000,10.062500,10.093750,5.829427,2234400
1995-09-18,10.125000,10.125000,10.031250,10.125000,5.847476,1374400
1995-09-19,10.093750,10.375000,10.093750,10.375000,5.991858,1810800
1995-09-20,10.343750,10.500000,10.343750,10.390625,6.000883,1648800
1995-09-21,10.375000,10.750000,10.375000,10.687500,6.172335,3607200
1995-09-22,10.468750,10.625000,10.312500,10.437500,6.027956,2736800
1995-09-25,10.437500,10.750000,10.437500,10.562500,6.100145,2422800
1995-09-26,10.562500,10.687500,10.437500,10.468750,6.046004,2478800
1995-09-27,10.406250,10.468750,10.187500,10.468750,6.046004,2512000
1995-09-28,10.437500,10.593750,10.437500,10.562500,6.100145,1420800
1995-09-29,10.531250,10.562500,10.375000,10.437500,6.027956,1142400
1995-10-02,10.437500,10.500000,10.406250,10.468750,6.046004,458000
1995-10-03,10.437500,10.437500,10.125000,10.281250,5.937716,1391600
1995-10-04,10.187500,10.250000,9.937500,10.000000,5.775285,1607200
1995-10-05,10.000000,10.281250,9.937500,10.281250,5.937716,1562800
1995-10-06,10.281250,10.437500,10.281250,10.375000,5.991858,1461200
1995-10-09,10.343750,10.375000,10.125000,10.218750,5.901620,1141600
1995-10-10,10.125000,10.187500,10.000000,10.125000,5.847476,956800
1995-10-11,10.000000,10.187500,10.000000,10.187500,5.883573,1317200
1995-10-12,10.125000,10.250000,10.062500,10.250000,5.919666,1172800
1995-10-13,10.187500,10.281250,10.000000,10.000000,5.775285,1064800
1995-10-16,10.000000,10.031250,9.843750,9.859375,5.694071,1495600
1995-10-17,9.906250,9.906250,9.750000,9.812500,5.666998,5217600
1995-10-18,9.812500,9.812500,9.625000,9.625000,5.558712,4506000
1995-10-19,9.625000,9.687500,9.531250,9.562500,5.522615,2999600
1995-10-20,9.593750,9.593750,9.218750,9.250000,5.342139,3722800
1995-10-23,9.218750,9.375000,9.156250,9.312500,5.378232,2348800
1995-10-24,9.312500,9.687500,9.281250,9.625000,5.558712,3610400
1995-10-25,9.625000,9.625000,9.375000,9.375000,5.414331,1812000
1995-10-26,9.375000,9.468750,9.156250,9.250000,5.342139,1889200
1995-10-27,9.281250,9.343750,9.187500,9.343750,5.396284,1879200
1995-10-30,9.250000,9.375000,9.250000,9.281250,5.360188,1047600
1995-10-31,9.343750,9.343750,9.250000,9.265625,5.351164,1046800
1995-11-01,9.250000,9.562500,9.250000,9.562500,5.522615,1523600
1995-11-02,9.562500,10.062500,9.437500,9.875000,5.703096,4170400
1995-11-03,9.875000,9.875000,9.718750,9.812500,5.666998,777600
1995-11-06,9.781250,10.093750,9.718750,10.062500,5.811379,1794400
1995-11-07,10.000000,10.062500,9.937500,9.937500,5.739190,1215600
1995-11-08,9.968750,10.125000,9.906250,10.062500,5.811379,2175200
1995-11-09,10.031250,10.093750,9.812500,9.937500,5.739190,1503600
1995-11-10,9.906250,9.968750,9.687500,9.750000,5.630904,4405200
1995-11-13,9.750000,9.812500,9.656250,9.687500,5.594808,1791600
1995-11-14,9.656250,9.656250,9.500000,9.500000,5.486520,1304400
1995-11-15,9.562500,10.093750,9.468750,9.968750,5.757238,2722800
1995-11-16,10.062500,10.468750,10.062500,10.343750,5.973813,2951200
1995-11-17,10.375000,10.468750,10.250000,10.343750,5.973813,1839600
1995-11-20,10.312500,10.500000,10.281250,10.375000,5.991858,1796000
1995-11-21,10.375000,10.593750,10.343750,10.593750,6.118195,3740800
1995-11-22,10.562500,10.687500,10.468750,10.468750,6.046004,2172000
1995-11-24,10.531250,10.687500,10.468750,10.625000,6.136238,813200
1995-11-27,10.593750,10.656250,10.312500,10.343750,5.973813,2372800
1995-11-28,10.250000,10.250000,10.000000,10.093750,5.900850,3902400
1995-11-29,10.062500,10.093750,9.750000,9.875000,5.790901,4042800
1995-11-30,9.875000,10.000000,9.812500,9.812500,5.754247,1868000
1995-12-01,9.812500,9.875000,9.593750,9.593750,5.625967,3457200
1995-12-04,9.625000,9.812500,9.562500,9.718750,5.699269,3060000
1995-12-05,9.750000,9.906250,9.687500,9.812500,5.754247,1940800
1995-12-06,9.843750,10.000000,9.750000,9.937500,5.827550,2281600
1995-12-07,9.906250,10.250000,9.906250,10.187500,5.974154,1775600
1995-12-08,10.187500,10.250000,10.093750,10.218750,5.992480,743600
1995-12-11,10.125000,10.218750,9.937500,9.937500,5.827550,847200
1995-12-12,9.937500,10.093750,9.906250,10.031250,5.882527,1951200
1995-12-13,10.000000,10.125000,10.000000,10.125000,5.937504,1904400
1995-12-14,10.125000,10.375000,9.968750,10.000000,5.864201,2822400
1995-12-15,10.031250,10.250000,10.031250,10.218750,5.992480,2579600
1995-12-18,10.125000,10.187500,10.031250,10.125000,5.937504,2841200
1995-12-19,9.968750,10.187500,9.875000,10.125000,5.937504,1998000
1995-12-20,10.125000,10.281250,10.062500,10.062500,5.900850,1403600
1995-12-21,10.093750,10.187500,10.000000,10.156250,5.955831,939600
1995-12-22,10.187500,10.343750,10.125000,10.312500,6.047457,763200
1995-12-26,10.312500,10.375000,10.218750,10.359375,6.074943,790800
1995-12-27,10.281250,10.375000,10.093750,10.093750,5.919176,807200
1995-12-28,10.093750,10.125000,10.000000,10.031250,5.882527,1751200
1995-12-29,10.031250,10.125000,10.000000,10.125000,5.937504,2376400
1996-01-02,10.062500,10.281250,10.000000,10.281250,6.029133,1042800
1996-01-03,10.187500,10.843750,10.187500,10.687500,6.267363,4909600
1996-01-04,10.625000,10.687500,10.500000,10.531250,6.175736,3590800
1996-01-05,10.531250,10.625000,10.437500,10.500000,6.157411,2769200
1996-01-08,10.437500,10.531250,10.437500,10.531250,6.175736,138400
1996-01-09,10.468750,10.468750,10.187500,10.375000,6.084107,2418800
1996-01-10,10.343750,10.375000,10.218750,10.281250,6.029133,1407200
1996-01-11,10.218750,10.375000,10.125000,10.375000,6.084107,1680800
1996-01-12,10.312500,10.593750,10.312500,10.500000,6.157411,2883200
1996-01-15,10.500000,10.562500,10.281250,10.281250,6.029133,1532800
1996-01-16,10.281250,10.343750,10.218750,10.343750,6.065785,1204000
1996-01-17,10.375000,10.375000,10.000000,10.031250,5.882527,1176000
1996-01-18,10.000000,10.031250,9.906250,9.937500,5.827550,1130400
1996-01-19,10.000000,10.000000,9.718750,9.781250,5.735922,2292000
1996-01-22,9.781250,9.781250,9.500000,9.625000,5.644292,3165600
1996-01-23,9.562500,9.875000,9.500000,9.875000,5.790901,3768000
1996-01-24,9.843750,9.937500,9.687500,9.812500,5.754247,2669200
1996-01-25,9.687500,9.750000,9.625000,9.625000,5.644292,1064800
1996-01-26,9.625000,9.687500,9.625000,9.687500,5.680945,1226800
1996-01-29,9.625000,9.750000,9.625000,9.703125,5.690107,560800
1996-01-30,9.656250,9.875000,9.656250,9.703125,5.690107,1400000
1996-01-31,9.750000,9.843750,9.500000,9.812500,5.754247,4355200
1996-02-01,9.718750,10.062500,9.687500,9.968750,5.845876,2511200
1996-02-02,9.875000,10.000000,9.812500,9.812500,5.754247,1394400
1996-02-05,9.750000,9.906250,9.750000,9.812500,5.754247,1015600
1996-02-06,9.750000,10.062500,9.750000,9.968750,5.845876,2108800
1996-02-07,10.000000,10.562500,10.000000,10.468750,6.139088,3844400
1996-02-08,10.437500,10.625000,10.437500,10.500000,6.157411,1539200
1996-02-09,10.500000,10.718750,10.500000,10.500000,6.157411,2420800
1996-02-12,10.593750,10.750000,10.500000,10.718750,6.285690,2002400
1996-02-13,10.656250,10.843750,10.562500,10.750000,6.304016,2449200
1996-02-14,10.781250,10.781250,10.531250,10.593750,6.212390,1770400
1996-02-15,10.531250,10.718750,10.531250,10.625000,6.230711,962800
1996-02-16,10.593750,10.656250,10.500000,10.562500,6.194062,1923600
1996-02-20,10.515625,10.562500,10.312500,10.468750,6.139088,2040800
1996-02-21,10.468750,10.468750,10.156250,10.187500,5.974154,3020800
1996-02-22,10.250000,10.625000,10.218750,10.625000,6.230711,5145200
1996-02-23,10.562500,10.937500,10.562500,10.843750,6.358993,4262400
1996-02-26,10.843750,10.937500,10.531250,10.625000,6.230711,3754400
1996-02-27,10.656250,10.875000,10.562500,10.875000,6.377319,2625600
1996-02-28,10.906250,11.187500,10.843750,11.062500,6.505965,5024400
1996-02-29,11.031250,11.296875,11.031250,11.281250,6.634616,3543200
1996-03-01,11.250000,12.375000,11.250000,12.375000,7.277862,11585600
1996-03-04,12.187500,12.625000,12.187500,12.390625,7.287051,14792000
1996-03-05,12.187500,12.281250,11.968750,12.187500,7.167592,7838800
1996-03-06,12.156250,12.250000,12.000000,12.187500,7.167592,4025600
1996-03-07,12.187500,12.218750,11.843750,12.000000,7.057321,3424800
1996-03-08,11.812500,11.906250,11.250000,11.718750,6.891917,4433600
1996-03-11,11.750000,12.250000,11.687500,12.187500,7.167592,2791200
1996-03-12,12.125000,12.312500,12.093750,12.250000,7.204345,2989600
1996-03-13,12.250000,12.343750,12.156250,12.343750,7.259485,1849200
1996-03-14,12.250000,12.562500,12.250000,12.375000,7.277862,1526400
1996-03-15,12.406250,12.437500,12.125000,12.343750,7.259485,3315200
1996-03-18,12.312500,12.406250,12.062500,12.125000,7.130834,1332400
1996-03-19,12.062500,12.250000,12.062500,12.187500,7.167592,2228000
1996-03-20,12.156250,12.218750,12.000000,12.125000,7.130834,1453600
1996-03-21,12.125000,12.312500,12.062500,12.125000,7.130834,864800
1996-03-22,12.125000,12.281250,12.125000,12.281250,7.222726,900000
1996-03-25,12.312500,12.437500,12.125000,12.125000,7.130834,1988800
1996-03-26,12.125000,12.125000,11.375000,11.468750,6.744887,4216000
1996-03-27,11.468750,11.843750,11.468750,11.843750,6.965426,4054400
1996-03-28,11.812500,12.125000,11.718750,12.062500,7.094075,3213600
1996-03-29,12.062500,12.156250,11.937500,12.109375,7.121644,3017600
1996-04-01,12.093750,12.125000,11.906250,12.000000,7.057321,1336000
1996-04-02,11.906250,12.000000,11.531250,11.562500,6.800025,1534000
1996-04-03,11.531250,11.937500,11.437500,11.843750,6.965426,2593200
1996-04-04,11.687500,11.750000,11.562500,11.625000,6.836779,1964400
1996-04-08,11.468750,11.625000,11.406250,11.531250,6.781642,2513200
1996-04-09,11.562500,11.625000,11.187500,11.250000,6.616237,1801600
1996-04-10,11.250000,11.250000,10.781250,10.843750,6.377317,4605600
1996-04-11,10.875000,11.218750,10.656250,11.125000,6.542723,12418000
1996-04-12,11.156250,11.781250,11.031250,11.750000,6.910293,6410000
1996-04-15,11.750000,12.031250,11.750000,11.968750,7.038940,3960800
1996-04-16,12.000000,12.062500,11.406250,11.500000,6.763266,3757600
1996-04-17,11.437500,11.562500,11.281250,11.375000,6.689753,2822400
1996-04-18,11.375000,11.406250,11.125000,11.312500,6.652992,4322400
1996-04-19,11.312500,11.500000,11.187500,11.375000,6.689753,1592400
1996-04-22,11.437500,11.531250,11.250000,11.281250,6.634616,1638800
1996-04-23,11.281250,11.593750,11.250000,11.562500,6.800025,3962000
1996-04-24,11.625000,11.656250,11.437500,11.625000,6.836779,5242000
1996-04-25,11.625000,11.937500,11.531250,11.906250,7.002184,2781200
1996-04-26,11.843750,12.625000,11.843750,12.531250,7.369754,6871200
1996-04-29,12.562500,12.625000,12.312500,12.375000,7.277862,3717200
1996-04-30,12.375000,12.718750,12.312500,12.718750,7.480027,6163200
1996-05-01,12.625000,12.937500,12.375000,12.937500,7.608675,3120000
1996-05-02,12.937500,12.937500,12.500000,12.593750,7.406511,2536000
1996-05-03,12.687500,13.375000,12.562500,13.218750,7.774082,6696400
1996-05-06,13.250000,13.250000,12.906250,13.031250,7.663808,3452000
1996-05-07,13.000000,13.031250,12.750000,12.781250,7.516781,1439600
1996-05-08,12.781250,12.781250,12.218750,12.406250,7.296239,3560800
1996-05-09,12.375000,12.656250,12.343750,12.562500,7.388134,4774400
1996-05-10,12.593750,13.062500,12.500000,13.000000,7.645431,4650400
1996-05-13,12.937500,13.000000,12.500000,12.906250,7.590296,3304800
1996-05-14,12.875000,12.937500,12.718750,12.843750,7.553537,2728400
1996-05-15,12.781250,13.187500,12.750000,13.031250,7.663808,3913200
1996-05-16,12.968750,13.062500,12.843750,12.906250,7.590296,1595200
1996-05-17,12.937500,12.968750,12.687500,12.718750,7.480027,1676000
1996-05-20,12.718750,12.781250,12.593750,12.625000,7.424888,1205600
1996-05-21,12.562500,12.937500,12.500000,12.843750,7.553537,1624800
1996-05-22,12.937500,13.250000,12.875000,13.000000,7.645431,4050400
1996-05-23,12.937500,13.000000,12.687500,12.750000,7.498405,1749600
1996-05-24,12.812500,12.812500,12.531250,12.562500,7.388134,1109600
1996-05-28,12.625000,12.687500,12.406250,12.562500,7.388134,2228400
1996-05-29,12.656250,12.843750,12.437500,12.437500,7.332860,1487600
1996-05-30,12.437500,12.875000,12.375000,12.875000,7.590799,1988400
1996-05-31,12.781250,12.875000,12.562500,12.750000,7.517105,2750800
1996-06-03,12.687500,12.937500,12.625000,12.781250,7.535526,1720000
1996-06-04,12.812500,13.093750,12.812500,13.000000,7.664496,1897200
1996-06-05,12.906250,13.062500,12.875000,12.937500,7.627648,987600
1996-06-06,12.968750,12.968750,12.687500,12.687500,7.480253,1114800
1996-06-07,12.562500,12.562500,12.375000,12.562500,7.406558,1315200
1996-06-10,12.562500,12.750000,12.406250,12.687500,7.480253,1229600
1996-06-11,12.687500,12.812500,12.500000,12.500000,7.369709,1550800
1996-06-12,12.500000,12.593750,12.187500,12.187500,7.185467,1164000
1996-06-13,12.281250,12.375000,12.093750,12.359375,7.286798,2431200
1996-06-14,12.281250,12.281250,12.000000,12.000000,7.074920,1161600
1996-06-17,12.125000,12.125000,11.718750,11.718750,6.909104,2317600
1996-06-18,11.718750,11.750000,11.375000,11.593750,6.835404,3208000
1996-06-19,11.562500,11.687500,11.406250,11.500000,6.780131,1722800
1996-06-20,11.531250,11.562500,11.343750,11.343750,6.688009,1544000
1996-06-21,11.375000,11.375000,10.968750,10.968750,6.466920,3986000
1996-06-24,11.031250,11.250000,10.968750,11.250000,6.632737,2918400
1996-06-25,11.343750,11.375000,11.000000,11.031250,6.503766,1708400
1996-06-26,11.031250,11.125000,10.687500,10.765625,6.347163,1786000
1996-06-27,10.750000,11.375000,10.750000,11.296875,6.660373,1706000
1996-06-28,11.437500,11.437500,11.046875,11.125000,6.559039,1309600
1996-07-01,11.125000,11.125000,10.937500,11.000000,6.485343,788800
1996-07-02,10.937500,11.187500,10.812500,10.812500,6.374796,1156800
1996-07-03,10.843750,11.125000,10.812500,10.968750,6.466920,1787600
1996-07-05,10.937500,11.000000,10.500000,10.593750,6.245829,994000
1996-07-08,10.593750,10.937500,10.500000,10.656250,6.282676,2227200
1996-07-09,10.781250,10.781250,10.375000,10.531250,6.208979,3100800
1996-07-10,10.437500,10.750000,10.406250,10.593750,6.245829,3081200
1996-07-11,10.656250,10.656250,10.312500,10.406250,6.135281,3674000
1996-07-12,10.500000,10.500000,10.000000,10.125000,5.969463,3130800
1996-07-15,10.093750,10.218750,9.937500,10.125000,5.969463,1576400
1996-07-16,10.125000,10.281250,9.406250,9.812500,5.785220,4498400
1996-07-17,10.000000,10.437500,9.812500,10.250000,6.043159,3338800
1996-07-18,10.312500,10.359375,10.156250,10.312500,6.080009,2153200
1996-07-19,10.281250,10.437500,10.156250,10.187500,6.006313,1232000
1996-07-22,10.250000,10.250000,9.875000,10.031250,5.914191,1164400
1996-07-23,10.062500,10.187500,9.906250,10.015625,5.904980,1607200
1996-07-24,9.906250,10.187500,9.812500,10.187500,6.006313,1340800
1996-07-25,10.187500,10.406250,10.125000,10.375000,6.116856,2231600
1996-07-26,10.406250,10.687500,10.375000,10.625000,6.264250,1292000
1996-07-29,10.593750,11.000000,10.500000,10.718750,6.319524,2312400
1996-07-30,10.875000,10.875000,10.500000,10.593750,6.245829,1914800
1996-07-31,10.531250,10.625000,10.343750,10.375000,6.116856,1142400
1996-08-01,10.281250,10.437500,10.031250,10.250000,6.043159,2891600
1996-08-02,10.343750,10.375000,9.812500,10.031250,5.914191,5991600
1996-08-05,10.062500,10.625000,10.062500,10.593750,6.245829,3333200
1996-08-06,10.562500,10.687500,10.218750,10.312500,6.080009,2148800
1996-08-07,10.312500,10.312500,10.000000,10.218750,6.024736,1424400
1996-08-08,10.218750,10.812500,10.125000,10.437500,6.153707,3647600
1996-08-09,9.250000,9.656250,9.093750,9.562500,5.637825,32562000
1996-08-12,9.625000,9.718750,9.406250,9.531250,5.619403,4769200
1996-08-13,9.500000,9.531250,9.343750,9.343750,5.508858,4438000
1996-08-14,9.343750,9.562500,9.343750,9.406250,5.545707,7908000
1996-08-15,9.468750,9.468750,9.218750,9.312500,5.490431,6423200
1996-08-16,9.375000,9.531250,9.343750,9.515625,5.610192,5533200
1996-08-19,9.500000,9.562500,9.500000,9.531250,5.619403,3984400
1996-08-20,9.562500,9.781250,9.500000,9.750000,5.748373,4076000
1996-08-21,9.718750,9.781250,9.687500,9.781250,5.766798,3122000
1996-08-22,9.812500,9.843750,9.656250,9.718750,5.729947,2685600
1996-08-23,9.656250,9.750000,9.625000,9.625000,5.674674,2215600
1996-08-26,9.656250,9.718750,9.531250,9.531250,5.619403,4074400
1996-08-27,9.531250,9.625000,9.437500,9.593750,5.656250,2946800
1996-08-28,9.625000,9.718750,9.468750,9.656250,5.711704,1229600
1996-08-29,9.718750,9.812500,9.562500,9.656250,5.711704,2734800
1996-08-30,9.656250,9.843750,9.562500,9.750000,5.767159,1774000
1996-09-03,9.718750,9.781250,9.593750,9.781250,5.785644,2028800
1996-09-04,9.718750,9.812500,9.687500,9.781250,5.785644,1292000
1996-09-05,9.750000,9.750000,9.593750,9.593750,5.674735,2032000
1996-09-06,9.593750,9.687500,9.593750,9.625000,5.693219,1746400
1996-09-09,9.656250,9.750000,9.593750,9.687500,5.730188,1028400
1996-09-10,9.687500,9.687500,9.531250,9.609375,5.683978,1157600
1996-09-11,9.625000,9.781250,9.562500,9.750000,5.767159,1949600
1996-09-12,9.687500,9.781250,9.656250,9.718750,5.748672,794400
1996-09-13,9.687500,9.968750,9.687500,9.750000,5.767159,1710400
1996-09-16,9.687500,9.781250,9.656250,9.687500,5.730188,2408000
1996-09-17,9.781250,9.781250,9.656250,9.718750,5.748672,1122800
1996-09-18,9.750000,9.843750,9.687500,9.843750,5.822612,1543600
1996-09-19,9.812500,9.812500,9.562500,9.656250,5.711704,4666800
1996-09-20,9.718750,9.781250,9.656250,9.750000,5.767159,4195600
1996-09-23,9.687500,9.750000,9.687500,9.687500,5.730188,1985200
1996-09-24,9.687500,9.750000,9.656250,9.687500,5.730188,1830000
1996-09-25,9.718750,9.718750,9.562500,9.593750,5.674735,2699600
1996-09-26,9.625000,9.625000,9.500000,9.500000,5.619283,1520400
1996-09-27,9.500000,9.562500,9.375000,9.562500,5.656250,1948000
1996-09-30,9.531250,9.750000,9.468750,9.500000,5.619283,1702800
1996-10-01,9.406250,9.468750,9.250000,9.312500,5.508374,5365600
1996-10-02,9.375000,9.562500,9.312500,9.531250,5.637767,3130400
1996-10-03,9.500000,9.562500,9.375000,9.406250,5.563829,1804400
1996-10-04,9.437500,9.437500,9.250000,9.281250,5.489892,2900400
1996-10-07,9.281250,9.281250,9.125000,9.187500,5.434439,3169600
1996-10-08,9.187500,9.312500,9.125000,9.156250,5.415956,3064000
1996-10-09,9.187500,9.187500,8.843750,8.875000,5.249594,3810800
1996-10-10,8.906250,9.125000,8.843750,9.000000,5.323532,3096800
1996-10-11,9.093750,9.593750,9.031250,9.593750,5.674735,2940400
1996-10-14,9.593750,9.625000,9.500000,9.625000,5.693219,2058000
1996-10-15,9.656250,9.750000,9.562500,9.625000,5.693219,2021200
1996-10-16,9.625000,9.750000,9.593750,9.718750,5.748672,1664800
1996-10-17,9.718750,9.718750,9.593750,9.656250,5.711704,1612400
1996-10-18,9.687500,9.875000,9.656250,9.750000,5.767159,3511600
1996-10-21,9.781250,9.812500,9.625000,9.656250,5.711704,1215200
1996-10-22,9.718750,9.718750,9.593750,9.656250,5.711704,1043600
1996-10-23,9.656250,9.750000,9.531250,9.718750,5.748672,1813600
1996-10-24,9.625000,9.812500,9.562500,9.687500,5.730188,1661200
1996-10-25,9.687500,9.750000,9.468750,9.468750,5.600797,781600
1996-10-28,9.468750,9.625000,9.468750,9.468750,5.600797,547600
1996-10-29,9.562500,9.562500,9.218750,9.250000,5.471406,1064800
1996-10-30,8.968750,9.218750,8.875000,9.187500,5.434439,3186000
1996-10-31,9.218750,9.218750,8.937500,9.015625,5.332775,4209200
1996-11-01,9.031250,9.156250,9.031250,9.125000,5.397466,4720400
1996-11-04,9.281250,9.375000,9.093750,9.187500,5.434439,3064400
1996-11-05,9.250000,9.750000,9.218750,9.750000,5.767159,4451600
1996-11-06,9.750000,10.093750,9.687500,10.031250,5.933519,3431200
1996-11-07,10.000000,10.062500,9.906250,10.031250,5.933519,1467200
1996-11-08,10.031250,10.093750,9.937500,10.093750,5.970485,807200
1996-11-11,10.062500,10.218750,10.000000,10.093750,5.970485,2060000
1996-11-12,10.093750,10.812500,10.093750,10.656250,6.303208,5014400
1996-11-13,10.656250,10.687500,10.343750,10.343750,6.118364,3046800
1996-11-14,10.437500,10.500000,10.312500,10.375000,6.136846,1735600
1996-11-15,10.500000,10.500000,10.312500,10.343750,6.118364,1246800
1996-11-18,10.375000,10.375000,10.187500,10.250000,6.062909,2338400
1996-11-19,10.250000,10.281250,10.218750,10.281250,6.081395,1433200
1996-11-20,10.281250,10.687500,10.281250,10.531250,6.229270,2810400
1996-11-21,10.656250,10.718750,10.500000,10.531250,6.229270,4314800
1996-11-22,10.593750,10.875000,10.562500,10.843750,6.414114,2274800
1996-11-25,10.843750,11.125000,10.656250,10.687500,6.395535,4192000
1996-11-26,10.718750,11.031250,10.718750,11.000000,6.601841,2625600
1996-11-27,11.000000,11.031250,10.906250,10.937500,6.564334,1795200
1996-11-29,10.906250,11.000000,10.875000,10.875000,6.526820,367200
1996-12-02,10.906250,10.968750,10.781250,10.843750,6.508066,2521600
1996-12-03,10.875000,11.250000,10.812500,11.000000,6.601841,2433600
1996-12-04,11.000000,11.093750,10.750000,10.906250,6.545574,2588800
1996-12-05,10.875000,10.937500,10.781250,10.843750,6.508066,722400
1996-12-06,10.593750,10.656250,10.468750,10.593750,6.358023,1213200
1996-12-09,10.562500,10.656250,10.468750,10.562500,6.339269,860400
1996-12-10,10.500000,10.562500,10.375000,10.375000,6.226739,2956800
1996-12-11,10.250000,10.281250,10.187500,10.187500,6.114205,1621600
1996-12-12,10.218750,10.250000,10.031250,10.031250,6.020430,1416800
1996-12-13,10.062500,10.093750,9.906250,9.906250,5.945409,1254800
1996-12-16,9.906250,10.000000,9.812500,9.968750,5.982919,1846400
1996-12-17,9.812500,9.937500,9.812500,9.906250,5.945409,1328400
1996-12-18,9.875000,9.937500,9.781250,9.781250,5.870388,583600
1996-12-19,9.875000,9.906250,9.750000,9.812500,5.889143,723600
1996-12-20,9.937500,9.937500,9.750000,9.781250,5.870388,1846400
1996-12-23,9.781250,9.937500,9.687500,9.718750,5.832878,943200
1996-12-24,9.781250,9.781250,9.531250,9.625000,5.776611,882400
1996-12-26,9.531250,9.625000,9.375000,9.500000,5.701590,1482400
1996-12-27,9.500000,9.500000,9.375000,9.375000,5.626566,1106800
1996-12-30,8.593750,9.125000,8.562500,9.093750,5.457774,8240800
1996-12-31,9.093750,9.093750,8.843750,8.859375,5.317108,3675600
1997-01-02,8.875000,9.000000,8.843750,9.000000,5.401508,1877600
1997-01-03,9.156250,9.218750,9.093750,9.156250,5.495283,1960800
1997-01-06,9.156250,9.156250,8.968750,9.062500,5.439018,2727600
1997-01-07,9.062500,9.125000,8.968750,9.117188,5.471839,1661200
1997-01-08,9.093750,9.125000,9.000000,9.093750,5.457774,3964400
1997-01-09,9.187500,9.531250,9.125000,9.468750,5.682833,2959200
1997-01-10,9.375000,9.687500,9.312500,9.625000,5.776611,3667600
1997-01-13,9.656250,9.718750,9.500000,9.562500,5.739100,3536400
1997-01-14,9.593750,9.656250,9.593750,9.625000,5.776611,1606000
1997-01-15,9.625000,9.656250,9.500000,9.593750,5.757854,1872800
1997-01-16,9.687500,9.750000,9.562500,9.687500,5.814124,1958000
1997-01-17,9.656250,9.812500,9.625000,9.718750,5.832878,1328400
1997-01-20,9.750000,9.812500,9.687500,9.718750,5.832878,819600
1997-01-21,9.718750,9.906250,9.718750,9.875000,5.926655,1102400
1997-01-22,9.843750,9.875000,9.718750,9.781250,5.870388,6773200
1997-01-23,9.750000,9.843750,9.718750,9.750000,5.851632,1852400
1997-01-24,9.750000,9.812500,9.718750,9.718750,5.832878,4158800
1997-01-27,9.781250,9.812500,9.562500,9.718750,5.832878,3659600
1997-01-28,9.750000,9.781250,9.593750,9.687500,5.814124,2701600
1997-01-29,9.625000,9.687500,9.562500,9.656250,5.795368,2178000
1997-01-30,9.656250,9.656250,9.406250,9.500000,5.701590,5930400
1997-01-31,9.500000,9.500000,9.281250,9.281250,5.570302,3068000
1997-02-03,9.343750,9.343750,9.062500,9.093750,5.457774,1690400
1997-02-04,9.125000,9.125000,8.937500,9.062500,5.439018,2598000
1997-02-05,9.000000,9.031250,8.906250,8.937500,5.363997,2264400
1997-02-06,8.968750,9.250000,8.906250,9.125000,5.476527,2237200
1997-02-07,9.156250,9.312500,9.125000,9.187500,5.514040,1503600
1997-02-10,9.156250,9.218750,9.062500,9.093750,5.457774,1428400
1997-02-11,9.093750,9.156250,9.062500,9.125000,5.476527,1508800
1997-02-12,9.156250,9.250000,9.125000,9.250000,5.551550,1722800
1997-02-13,9.250000,9.375000,9.250000,9.343750,5.607814,1288000
1997-02-14,9.375000,9.375000,9.250000,9.250000,5.551550,956000
1997-02-18,9.250000,9.281250,9.125000,9.156250,5.495283,674800
1997-02-19,9.156250,9.187500,8.937500,8.937500,5.363997,1528000
1997-02-20,9.000000,9.093750,8.687500,9.000000,5.401508,2375600
1997-02-21,8.500000,9.093750,8.468750,9.062500,5.439018,4290400
1997-02-24,9.031250,9.250000,9.031250,9.250000,5.551550,1820800
1997-02-25,9.250000,9.250000,9.156250,9.156250,5.495283,2766800
1997-02-26,9.156250,9.218750,8.937500,9.062500,5.457644,3970000
1997-02-27,9.031250,9.156250,9.000000,9.000000,5.420006,2437600
1997-02-28,9.000000,9.281250,8.968750,9.187500,5.532923,3138800
1997-03-03,9.187500,9.312500,9.093750,9.250000,5.570563,1820400
1997-03-04,9.281250,9.437500,9.250000,9.343750,5.627019,1540400
1997-03-05,9.375000,9.437500,9.343750,9.406250,5.664661,1657600
1997-03-06,9.406250,9.500000,9.406250,9.468750,5.702295,995600
1997-03-07,9.531250,9.562500,9.343750,9.343750,5.627019,5731200
1997-03-10,9.375000,9.562500,9.343750,9.468750,5.702295,3274400
1997-03-11,9.437500,9.562500,9.437500,9.531250,5.739935,1430000
1997-03-12,9.562500,9.656250,9.500000,9.500000,5.721116,1778000
1997-03-13,9.562500,9.562500,9.437500,9.500000,5.721116,2295200
1997-03-14,9.500000,9.531250,9.468750,9.468750,5.702295,2292000
1997-03-17,9.500000,9.531250,9.375000,9.468750,5.702295,1431600
1997-03-18,9.468750,9.500000,9.312500,9.312500,5.608199,2470400
1997-03-19,9.312500,9.437500,9.312500,9.437500,5.683476,3220400
1997-03-20,9.437500,9.531250,9.343750,9.500000,5.721116,2487200
1997-03-21,9.531250,9.562500,9.437500,9.562500,5.758755,2104800
1997-03-24,9.562500,9.781250,9.468750,9.687500,5.834035,1739200
1997-03-25,9.687500,9.875000,9.468750,9.500000,5.721116,2294400
1997-03-26,9.500000,9.656250,9.437500,9.531250,5.739935,1264800
1997-03-27,9.593750,9.593750,9.437500,9.468750,5.702295,1392800
1997-03-31,9.437500,9.531250,9.437500,9.468750,5.702295,2949600
1997-04-01,9.468750,9.609375,9.468750,9.531250,5.739935,2316800
1997-04-02,9.468750,9.531250,9.468750,9.531250,5.739935,1714800
1997-04-03,9.562500,9.625000,9.468750,9.625000,5.796394,3036800
1997-04-04,9.531250,9.781250,9.531250,9.625000,5.796394,2457600
1997-04-07,9.718750,9.718750,9.500000,9.625000,5.796394,2860400
1997-04-08,9.562500,9.625000,9.468750,9.593750,5.777573,2401200
1997-04-09,9.531250,9.625000,9.500000,9.625000,5.796394,1156400
1997-04-10,9.562500,9.625000,9.468750,9.468750,5.702295,1203200
1997-04-11,9.437500,9.500000,9.281250,9.281250,5.589378,1146400
1997-04-14,9.375000,9.375000,9.218750,9.250000,5.570563,1599600
1997-04-15,9.281250,9.312500,8.968750,9.125000,5.495282,2032000
1997-04-16,9.093750,9.187500,9.031250,9.156250,5.514102,1645600
1997-04-17,9.156250,9.312500,9.125000,9.312500,5.608199,1024400
1997-04-18,9.343750,9.500000,9.312500,9.500000,5.721116,1523200
1997-04-21,9.500000,9.500000,9.281250,9.281250,5.589378,2017600
1997-04-22,9.281250,9.312500,9.187500,9.312500,5.608199,906400
1997-04-23,9.218750,9.437500,9.093750,9.406250,5.664661,2489200
1997-04-24,9.406250,9.500000,9.406250,9.468750,5.702295,1441200
1997-04-25,9.468750,9.656250,9.437500,9.625000,5.796394,1616400
1997-04-28,9.593750,9.656250,9.531250,9.625000,5.796394,2090400
1997-04-29,9.687500,9.687500,9.531250,9.656250,5.815216,1416400
1997-04-30,9.593750,9.937500,9.562500,9.812500,5.909311,3456400
1997-05-01,9.843750,10.468750,9.812500,10.375000,6.248064,7003600
1997-05-02,10.406250,10.531250,10.125000,10.531250,6.342159,3714800
1997-05-05,10.500000,10.687500,10.468750,10.562500,6.360978,3369600
1997-05-06,10.500000,10.531250,10.343750,10.437500,6.285699,3206000
1997-05-07,10.281250,10.468750,10.218750,10.250000,6.172781,2238400
1997-05-08,10.125000,10.312500,10.125000,10.250000,6.172781,2122800
1997-05-09,10.281250,10.593750,10.281250,10.500000,6.323338,2775200
1997-05-12,10.468750,10.687500,10.390625,10.656250,6.417439,3220400
1997-05-13,10.781250,11.187500,10.781250,11.000000,6.624451,11455200
1997-05-14,11.031250,11.250000,11.000000,11.187500,6.737367,4019600
1997-05-15,11.125000,11.531250,11.062500,11.406250,6.869103,2342800
1997-05-16,11.312500,11.875000,11.281250,11.687500,7.038477,4887200
1997-05-19,11.750000,11.812500,11.625000,11.703125,7.047889,2508400
1997-05-20,11.656250,11.718750,11.312500,11.546875,6.953790,3392000
1997-05-21,11.531250,11.562500,11.375000,11.468750,6.906744,2315600
1997-05-22,11.437500,11.593750,11.343750,11.593750,6.982020,2492400
1997-05-23,11.625000,11.812500,11.625000,11.750000,7.076120,3210800
1997-05-27,11.687500,11.906250,11.625000,11.890625,7.160802,4149200
1997-05-28,11.843750,11.937500,11.687500,11.906250,7.170216,4048800
1997-05-29,11.906250,11.968750,11.843750,11.875000,7.170215,2569200
1997-05-30,11.812500,12.031250,11.656250,12.000000,7.245694,2445600
1997-06-02,11.937500,12.062500,11.875000,12.000000,7.245694,2115200
1997-06-03,11.906250,12.218750,11.906250,12.109375,7.311736,1484000
1997-06-04,12.093750,12.156250,11.937500,11.968750,7.226821,621600
1997-06-05,11.968750,12.125000,11.906250,11.937500,7.207953,1878800
1997-06-06,11.906250,12.046875,11.812500,12.031250,7.264560,1837600
1997-06-09,12.062500,12.093750,11.968750,12.015625,7.255126,1416800
1997-06-10,12.031250,12.250000,11.968750,12.000000,7.245694,2125200
1997-06-11,11.968750,12.093750,11.921875,12.000000,7.245694,1337600
1997-06-12,12.000000,12.281250,12.000000,12.187500,7.358905,2952400
1997-06-13,12.125000,12.312500,12.125000,12.218750,7.377773,1450800
1997-06-16,12.187500,12.250000,11.953125,12.031250,7.264560,4492400
1997-06-17,11.968750,11.968750,11.812500,11.890625,7.179650,2402800
1997-06-18,11.875000,12.062500,11.875000,11.984375,7.236259,5073600
1997-06-19,11.968750,12.437500,11.968750,12.406250,7.490989,4049200
1997-06-20,12.437500,12.500000,12.125000,12.250000,7.396642,2729600
1997-06-23,12.250000,12.312500,11.906250,11.984375,7.236259,1292800
1997-06-24,12.000000,12.000000,11.718750,11.765625,7.104177,1816400
1997-06-25,11.781250,12.343750,11.687500,12.250000,7.396642,2878000
1997-06-26,12.125000,12.250000,12.000000,12.046875,7.273994,1323200
1997-06-27,12.062500,12.125000,11.843750,11.937500,7.207953,656800
1997-06-30,11.875000,12.312500,11.875000,12.265625,7.406075,1420800
1997-07-01,12.250000,12.312500,12.031250,12.031250,7.264560,1199600
1997-07-02,12.031250,12.187500,11.968750,12.187500,7.358905,569600
1997-07-03,12.250000,12.343750,12.203125,12.328125,7.443814,1138000
1997-07-07,12.328125,12.343750,12.156250,12.312500,7.434380,2170800
1997-07-08,12.328125,12.781250,12.281250,12.750000,7.698543,3529600
1997-07-09,12.875000,13.187500,12.562500,13.031250,7.868370,7126800
1997-07-10,12.937500,13.046875,12.750000,13.000000,7.849499,2636800
1997-07-11,13.000000,13.515625,12.937500,13.515625,8.160835,3295200
1997-07-14,13.406250,13.562500,13.312500,13.406250,8.094793,2676000
1997-07-15,13.343750,13.437500,13.281250,13.406250,8.094793,3255200
1997-07-16,13.343750,13.500000,13.343750,13.468750,8.132532,2743600
1997-07-17,13.437500,13.562500,13.437500,13.500000,8.151399,2694000
1997-07-18,13.500000,13.750000,13.500000,13.546875,8.179708,3625600
1997-07-21,13.531250,13.546875,13.187500,13.437500,8.113662,2373200
1997-07-22,13.406250,13.500000,13.343750,13.437500,8.113662,2219200
1997-07-23,13.468750,13.542969,13.437500,13.492188,8.146689,1374400
1997-07-24,13.468750,14.093750,13.453125,14.000000,8.453309,3552000
1997-07-25,13.968750,14.000000,13.656250,13.671875,8.255181,2448800
1997-07-28,13.625000,13.687500,13.156250,13.250000,8.000453,2956000
1997-07-29,13.343750,14.343750,13.281250,14.156250,8.547653,17051600
1997-07-30,14.218750,14.906250,14.218750,14.687500,8.868423,7799600
1997-07-31,14.625000,14.656250,14.031250,14.171875,8.557089,5310800
1997-08-01,14.125000,14.156250,13.687500,13.687500,8.264618,3805600
1997-08-04,13.718750,13.812500,13.218750,13.750000,8.302358,4420800
1997-08-05,13.750000,14.312500,13.718750,14.250000,8.604256,4449200
1997-08-06,14.218750,14.312500,13.937500,14.218750,8.585391,2264000
1997-08-07,14.250000,14.562500,14.250000,14.296875,8.632561,8582000
1997-08-08,14.281250,14.468750,14.046875,14.437500,8.717473,8469600
1997-08-11,14.468750,15.156250,14.250000,14.468750,8.736341,10016400
1997-08-12,14.656250,14.718750,14.156250,14.218750,8.585391,8530000
1997-08-13,14.281250,15.468750,14.187500,15.375000,9.283544,10719600
1997-08-14,15.406250,15.625000,14.687500,14.796875,8.934464,5664400
1997-08-15,14.750000,15.312500,14.468750,15.234375,9.198631,8216000
1997-08-18,15.187500,15.250000,15.093750,15.218750,9.189199,2314400
1997-08-19,15.187500,15.234375,14.843750,14.906250,9.000509,2475200
1997-08-20,14.812500,14.875000,14.500000,14.812500,8.943900,3691200
1997-08-21,14.781250,15.312500,14.718750,15.046875,9.085415,2176000
1997-08-22,14.875000,15.125000,14.781250,15.031250,9.075986,2143200
1997-08-25,15.000000,15.125000,14.906250,15.031250,9.075986,713600
1997-08-26,14.906250,15.093750,14.625000,14.640625,8.840121,2211600
1997-08-27,14.656250,14.968750,14.375000,14.718750,8.908592,3460000
1997-08-28,14.718750,14.906250,14.687500,14.765625,8.936959,1970800
1997-08-29,14.687500,14.718750,14.593750,14.625000,8.851845,779600
1997-09-02,14.750000,15.093750,14.687500,15.000000,9.078821,1739200
1997-09-03,15.031250,15.218750,15.000000,15.046875,9.107188,2126400
1997-09-04,15.062500,15.406250,15.000000,15.250000,9.230131,6255200
1997-09-05,15.375000,15.671875,15.218750,15.437500,9.343622,2742800
1997-09-08,15.484375,15.531250,15.281250,15.375000,9.305785,766400
1997-09-09,15.343750,15.531250,15.125000,15.484375,9.371992,1354000
1997-09-10,15.437500,15.593750,15.156250,15.375000,9.305785,1930400
1997-09-11,15.343750,15.484375,15.250000,15.421875,9.334161,1762800
1997-09-12,15.562500,16.218750,15.437500,16.093750,9.740818,4810000
1997-09-15,16.093750,16.343750,15.937500,16.031250,9.702984,4388800
1997-09-16,16.031250,16.937500,15.968750,16.875000,10.213671,5290800
1997-09-17,16.875000,17.046875,16.625000,16.687500,10.100183,2800400
1997-09-18,16.718750,16.875000,16.500000,16.515625,9.996157,2035600
1997-09-19,16.578125,16.781250,16.218750,16.625000,10.062358,3688000
1997-09-22,16.593750,16.656250,16.343750,16.406250,9.929958,2567200
1997-09-23,16.343750,16.593750,16.125000,16.156250,9.778644,4953200
1997-09-24,16.250000,16.281250,15.718750,15.750000,9.532760,3009200
1997-09-25,15.687500,16.187500,15.500000,16.062500,9.721904,3693200
1997-09-26,16.062500,16.156250,15.750000,15.875000,9.608416,1488400
1997-09-29,15.906250,16.000000,15.593750,15.906250,9.627331,2141200
1997-09-30,15.906250,16.093750,15.718750,15.937500,9.646244,1487600
1997-10-01,15.937500,16.187500,15.937500,16.015625,9.693532,980000
1997-10-02,16.000000,16.062500,15.875000,15.984375,9.674616,594000
1997-10-03,16.000000,16.062500,15.437500,15.453125,9.353074,4371600
1997-10-06,15.453125,15.812500,15.453125,15.687500,9.494933,2598800
1997-10-07,15.656250,15.718750,14.750000,15.437500,9.343622,8041200
1997-10-08,15.437500,15.500000,14.937500,15.093750,9.135559,7606000
1997-10-09,15.125000,15.343750,14.906250,15.312500,9.267963,2960400
1997-10-10,15.218750,15.687500,15.218750,15.343750,9.286879,2785600
1997-10-13,15.406250,15.531250,15.125000,15.281250,9.249046,1528400
1997-10-14,15.218750,15.343750,14.625000,15.171875,9.182847,4266800
1997-10-15,15.125000,15.625000,15.062500,15.109375,9.145017,3771200
1997-10-16,15.031250,15.406250,14.781250,14.968750,9.059903,2664800
1997-10-17,14.968750,15.187500,14.781250,14.781250,8.946418,4513600
1997-10-20,14.796875,15.531250,14.593750,15.531250,9.400363,4512000
1997-10-21,15.531250,15.906250,15.500000,15.687500,9.494933,4662800
1997-10-22,15.593750,15.687500,15.000000,15.125000,9.154475,2064000
1997-10-23,14.906250,15.187500,14.687500,14.875000,9.003159,3803600
1997-10-24,15.093750,15.250000,14.437500,14.781250,8.946418,5707600
1997-10-27,14.750000,14.812500,13.562500,13.562500,8.208764,5910800
1997-10-28,13.375000,14.312500,13.093750,14.265625,8.634337,5654000
1997-10-29,14.312500,14.875000,14.093750,14.531250,8.795103,3909200
1997-10-30,14.343750,15.500000,14.187500,15.093750,9.135559,4493600
1997-10-31,15.281250,15.531250,14.734375,15.312500,9.267963,3877600
1997-11-03,15.437500,15.843750,15.437500,15.781250,9.551674,2246800
1997-11-04,15.625000,15.843750,15.437500,15.656250,9.476016,1186400
1997-11-05,15.625000,15.968750,15.437500,15.843750,9.589498,1518400
1997-11-06,15.812500,16.437500,15.656250,16.296875,9.863759,1918800
1997-11-07,16.093750,16.312500,15.968750,16.109375,9.750269,1908000
1997-11-10,16.187500,16.437500,15.656250,15.812500,9.570586,1908800
1997-11-11,15.906250,16.156250,15.781250,16.062500,9.721904,2173600
1997-11-12,15.593750,15.593750,14.593750,14.734375,8.918048,10106000
1997-11-13,14.812500,15.218750,14.781250,15.187500,9.192304,4186000
1997-11-14,15.218750,15.562500,15.062500,15.203125,9.201757,2662400
1997-11-17,15.250000,15.531250,15.125000,15.468750,9.362530,1798400
1997-11-18,15.375000,15.500000,15.093750,15.140625,9.163935,3854400
1997-11-19,15.218750,15.218750,14.890625,14.921875,9.031533,2527600
1997-11-20,15.000000,15.468750,14.812500,15.468750,9.362530,3391600
1997-11-21,15.531250,15.625000,14.906250,15.031250,9.097733,1799600
1997-11-24,14.968750,15.062500,14.609375,14.640625,8.861305,1452400
1997-11-25,14.750000,15.125000,14.750000,15.000000,9.100575,2252000
1997-11-26,14.968750,15.062500,14.281250,14.312500,8.683465,3125600
1997-11-28,14.281250,15.000000,14.218750,14.750000,8.948895,2043200
1997-12-01,14.781250,15.343750,14.609375,15.250000,9.252250,1857200
1997-12-02,15.312500,15.562500,15.250000,15.406250,9.347049,2006000
1997-12-03,15.437500,15.687500,15.156250,15.593750,9.460804,1759200
1997-12-04,15.843750,15.906250,15.187500,15.281250,9.271210,1955600
1997-12-05,15.187500,15.687500,14.812500,15.687500,9.517685,1931600
1997-12-08,15.781250,15.843750,15.250000,15.375000,9.328087,1875200
1997-12-09,15.218750,15.453125,14.968750,15.210938,9.228551,3078400
1997-12-10,15.156250,15.343750,14.937500,15.125000,9.176415,1886000
1997-12-11,14.875000,14.937500,14.500000,14.765625,8.958374,2675200
1997-12-12,14.875000,14.875000,14.187500,14.375000,8.721385,2230000
1997-12-15,14.367188,15.156250,13.625000,15.125000,9.176415,5822400
1997-12-16,15.125000,15.312500,14.414063,14.687500,8.910977,3759600
1997-12-17,14.750000,14.906250,13.703125,13.812500,8.380112,2575600
1997-12-18,13.875000,14.343750,13.812500,14.093750,8.550746,4664400
1997-12-19,13.843750,14.187500,13.843750,13.937500,8.455953,3046800
1997-12-22,13.937500,14.250000,13.937500,14.046875,8.522306,2078400
1997-12-23,14.093750,14.250000,13.718750,13.718750,8.323232,2834400
1997-12-24,13.750000,14.328125,13.750000,14.156250,8.588663,1888400
1997-12-26,14.281250,14.312500,13.906250,13.968750,8.474909,1254400
1997-12-29,14.062500,14.781250,13.968750,14.718750,8.929939,1648000
1997-12-30,14.687500,15.031250,14.500000,14.937500,9.062654,2228800
1997-12-31,14.812500,15.406250,14.593750,15.093750,9.157452,2112400
1998-01-02,14.968750,15.031250,14.500000,14.625000,8.873059,1486800
1998-01-05,14.718750,14.968750,14.375000,14.781250,8.967859,2186000
1998-01-06,14.812500,15.187500,14.687500,14.937500,9.062654,2568400
1998-01-07,14.937500,15.000000,13.562500,14.226563,8.631326,13141200
1998-01-08,14.312500,14.828125,14.250000,14.656250,8.892017,5478400
1998-01-09,14.625000,14.687500,14.312500,14.562500,8.835140,4353600
1998-01-12,14.375000,14.500000,14.093750,14.210938,8.621846,3798800
1998-01-13,14.156250,14.218750,13.218750,13.218750,8.019885,9424400
1998-01-14,13.406250,13.406250,12.468750,12.750000,7.735487,10088000
1998-01-15,12.750000,13.031250,11.750000,12.375000,7.507974,16156000
1998-01-16,10.750000,11.546875,10.714844,11.218750,6.806473,48036800
1998-01-20,11.515625,11.750000,11.406250,11.750000,7.128783,9115600
1998-01-21,11.843750,11.937500,11.687500,11.890625,7.214098,7592400
1998-01-22,11.937500,12.359375,11.875000,12.250000,7.432135,4634000
1998-01-23,12.437500,12.500000,12.312500,12.500000,7.583811,7571200
1998-01-26,12.625000,12.687500,12.156250,12.187500,7.394217,6299600
1998-01-27,12.218750,12.375000,12.093750,12.281250,7.451097,6320800
1998-01-28,12.296875,12.312500,12.171875,12.296875,7.460577,6543200
1998-01-29,12.343750,12.906250,12.312500,12.437500,7.545894,4790000
1998-01-30,12.406250,12.812500,12.187500,12.718750,7.716527,4366800
1998-02-02,12.875000,13.062500,12.562500,12.656250,7.678611,4206800
1998-02-03,12.625000,12.843750,12.593750,12.812500,7.773409,4099600
1998-02-04,12.781250,12.812500,12.656250,12.765625,7.744969,2727200
1998-02-05,12.812500,13.343750,12.734375,13.296875,8.067282,5880400
1998-02-06,13.281250,13.781250,12.937500,13.781250,8.361156,3957200
1998-02-09,13.718750,13.750000,13.062500,13.062500,7.925079,3267200
1998-02-10,13.125000,13.437500,13.000000,13.375000,8.114679,4028800
1998-02-11,13.250000,13.875000,13.250000,13.437500,8.152594,3227200
1998-02-12,13.500000,14.343750,13.187500,14.250000,8.645546,6452000
1998-02-13,14.031250,14.250000,13.843750,14.000000,8.493866,3053200
1998-02-17,14.281250,14.687500,14.125000,14.156250,8.588663,4262800
1998-02-18,14.093750,14.250000,13.968750,14.031250,8.512829,3175200
1998-02-19,14.062500,14.062500,13.656250,13.750000,8.342193,3078800
1998-02-20,13.718750,13.781250,13.312500,13.515625,8.199996,6836800
1998-02-23,13.562500,13.625000,13.312500,13.468750,8.171557,2425200
1998-02-24,13.593750,14.562500,13.375000,14.484375,8.787739,10253600
1998-02-25,14.375000,14.562500,13.875000,13.968750,8.495438,5678400
1998-02-26,13.937500,14.750000,13.875000,14.500000,8.818528,4202400
1998-02-27,14.437500,14.531250,14.187500,14.335938,8.718752,3062000
1998-03-02,14.531250,15.640625,14.500000,15.312500,9.312671,9473200
1998-03-03,15.218750,15.656250,15.093750,15.531250,9.445713,5517200
1998-03-04,15.468750,16.000000,15.406250,15.718750,9.559745,4088000
1998-03-05,15.500000,15.968750,15.406250,15.437500,9.388697,3002800
1998-03-06,15.515625,16.218750,15.453125,16.218750,9.863830,5119200
1998-03-09,16.187500,16.406250,16.031250,16.312500,9.920846,5932400
1998-03-10,16.468750,16.468750,15.906250,16.062500,9.768803,2358800
1998-03-11,16.000000,16.093750,15.406250,15.453125,9.398191,4426000
1998-03-12,15.531250,15.750000,15.250000,15.500000,9.426706,2714000
1998-03-13,15.437500,15.531250,14.906250,15.078125,9.170130,2429600
1998-03-16,15.093750,15.453125,14.875000,15.406250,9.369690,2803600
1998-03-17,15.406250,15.625000,14.906250,14.953125,9.094110,1978000
1998-03-18,15.031250,15.156250,14.343750,14.781250,8.989579,4537200
1998-03-19,14.656250,14.812500,14.500000,14.687500,8.932560,6529600
1998-03-20,14.750000,15.093750,14.671875,14.984375,9.113116,3697600
1998-03-23,15.062500,15.312500,14.796875,14.875000,9.046591,2081200
1998-03-24,14.781250,15.250000,14.781250,15.218750,9.255653,1656400
1998-03-25,15.187500,15.531250,15.187500,15.500000,9.426706,3006000
1998-03-26,15.343750,15.656250,15.312500,15.343750,9.331678,3423600
1998-03-27,15.375000,15.562500,15.250000,15.468750,9.407700,2602400
1998-03-30,15.500000,15.875000,15.500000,15.750000,9.578750,2698800
1998-03-31,15.812500,16.250000,15.625000,15.953125,9.702285,1954800
1998-04-01,15.906250,15.968750,15.375000,15.687500,9.540735,6025600
1998-04-02,15.781250,16.781250,15.687500,16.390625,9.968358,7175600
1998-04-03,16.406250,16.593750,16.312500,16.437500,9.996868,5103200
1998-04-06,16.531250,16.625000,16.125000,16.328125,9.930351,4945200
1998-04-07,16.250000,16.281250,15.515625,15.625000,9.502726,3042800
1998-04-08,14.750000,15.218750,14.500000,15.218750,9.255653,17398400
1998-04-09,15.312500,15.531250,15.125000,15.390625,9.360185,4035200
1998-04-13,15.390625,15.593750,15.125000,15.593750,9.483724,5123600
1998-04-14,15.500000,15.781250,15.359375,15.500000,9.426706,2815600
1998-04-15,15.531250,15.656250,15.312500,15.656250,9.521730,2814000
1998-04-16,15.593750,16.156250,15.375000,15.812500,9.616759,2388000
1998-04-17,15.843750,15.968750,15.687500,15.750000,9.578750,2254800
1998-04-20,15.656250,16.015625,15.468750,15.937500,9.692780,2496800
1998-04-21,16.687500,16.750000,16.250000,16.468750,10.015873,2789600
1998-04-22,16.500000,16.500000,16.156250,16.203125,9.854333,1612800
1998-04-23,16.156250,16.281250,16.125000,16.281250,9.901839,1677600
1998-04-24,16.281250,16.625000,16.125000,16.218750,9.863830,2019600
1998-04-27,16.000000,16.312500,15.875000,16.156250,9.825816,3868400
1998-04-28,16.250000,16.312500,15.671875,15.906250,9.673774,2759600
1998-04-29,15.750000,16.265625,15.625000,16.125000,9.806814,3110800
1998-04-30,16.343750,16.593750,16.203125,16.359375,9.949357,2953200
1998-05-01,16.359375,16.437500,15.937500,16.218750,9.863830,1952400
1998-05-04,16.281250,16.781250,16.125000,16.703125,10.158415,3154800
1998-05-05,16.593750,16.750000,16.375000,16.593750,10.091896,1756400
1998-05-06,16.718750,16.718750,16.031250,16.062500,9.768803,2356400
1998-05-07,16.093750,16.437500,16.062500,16.312500,9.920846,1412800
1998-05-08,16.375000,16.656250,16.281250,16.546875,10.063384,1915600
1998-05-11,16.437500,16.718750,16.000000,16.031250,9.749799,2996000
1998-05-12,16.125000,17.031250,16.062500,17.031250,10.357968,5172400
1998-05-13,17.250000,17.296875,16.765625,17.187500,10.453002,4079200
1998-05-14,17.000000,17.812500,17.000000,17.156250,10.433996,5395200
1998-05-15,17.156250,17.187500,16.687500,16.750000,10.186926,2578400
1998-05-18,16.718750,17.062500,16.656250,16.859375,10.253442,1748400
1998-05-19,16.843750,17.234375,16.843750,16.968750,10.319960,1595600
1998-05-20,17.312500,18.281250,17.187500,18.156250,11.042169,5361600
1998-05-21,18.093750,18.812500,17.906250,18.812500,11.441285,5066800
1998-05-22,18.750000,18.875000,18.156250,18.312500,11.137197,4690000
1998-05-26,18.281250,18.718750,18.218750,18.218750,11.080180,2807200
1998-05-27,18.156250,18.187500,17.437500,17.812500,10.833109,3123600
1998-05-28,17.687500,17.968750,17.406250,17.968750,10.949649,1443200
1998-05-29,17.906250,18.406250,17.906250,18.015625,10.978219,1601600
1998-06-01,18.000000,18.750000,18.000000,18.406250,11.216249,4043600
1998-06-02,18.468750,18.656250,18.156250,18.343750,11.178161,2040400
1998-06-03,18.250000,18.375000,17.781250,17.875000,10.892519,1558800
1998-06-04,17.906250,18.312500,17.562500,18.234375,11.111514,2254000
1998-06-05,18.187500,18.843750,18.078125,18.781250,11.444763,3643600
1998-06-08,18.750000,19.468750,18.703125,19.031250,11.597111,3545200
1998-06-09,18.890625,18.937500,18.343750,18.578125,11.320989,3677600
1998-06-10,18.593750,19.218750,18.093750,18.109375,11.035346,4841600
1998-06-11,18.140625,18.375000,17.625000,17.843750,10.873482,3085600
1998-06-12,17.875000,18.125000,17.125000,17.781250,10.835396,4225600
1998-06-15,17.500000,17.625000,17.000000,17.125000,10.435495,3218400
1998-06-16,17.312500,17.656250,16.906250,17.375000,10.587835,3458400
1998-06-17,17.500000,18.062500,17.343750,17.937500,10.930603,2100800
1998-06-18,17.968750,18.281250,17.750000,17.765625,10.825873,1388400
1998-06-19,18.031250,18.250000,17.515625,17.656250,10.759219,1997600
1998-06-22,17.718750,18.000000,17.593750,17.843750,10.873482,1446000
1998-06-23,17.843750,17.843750,17.531250,17.593750,10.721133,2640000
1998-06-24,17.531250,18.125000,17.531250,18.109375,11.035346,4092800
1998-06-25,18.093750,18.781250,18.093750,18.484375,11.263856,3025600
1998-06-26,18.437500,18.843750,18.437500,18.687500,11.387636,2294400
1998-06-29,18.843750,19.281250,18.734375,19.234375,11.720883,2405200
1998-06-30,19.437500,19.500000,19.187500,19.312500,11.768497,4104800
1998-07-01,19.500000,19.656250,18.750000,19.250000,11.730409,2279600
1998-07-02,19.437500,19.500000,19.000000,19.125000,11.654241,781600
1998-07-06,19.500000,20.187500,19.312500,19.625000,11.958916,1807400
1998-07-07,19.875000,20.187500,19.437500,19.468750,11.863711,974400
1998-07-08,19.812500,19.875000,19.062500,19.625000,11.958916,1217400
1998-07-09,18.875000,19.218750,17.718750,18.750000,11.425726,6278000
1998-07-10,18.937500,18.937500,17.437500,18.062500,11.006777,2894000
1998-07-13,18.312500,18.500000,17.937500,18.250000,11.121034,1242800
1998-07-14,18.312500,18.718750,18.218750,18.437500,11.235295,1168400
1998-07-15,18.750000,18.812500,17.875000,17.937500,10.930603,1198400
1998-07-16,18.000000,18.937500,17.687500,18.750000,11.425726,1307800
1998-07-17,18.875000,19.125000,18.531250,18.687500,11.387636,848800
1998-07-20,18.625000,18.843750,18.125000,18.281250,11.140077,878400
1998-07-21,18.343750,18.343750,17.375000,17.437500,10.625922,1513400
1998-07-22,17.500000,18.062500,17.375000,17.437500,10.625922,1659600
1998-07-23,17.468750,17.468750,15.750000,15.906250,9.692820,3366800
1998-07-24,16.062500,16.531250,15.437500,15.625000,9.521434,3325600
1998-07-27,15.562500,16.500000,15.406250,16.281250,9.921334,4521400
1998-07-28,16.468750,17.062500,15.875000,16.187500,9.864206,3498000
1998-07-29,16.500000,16.500000,15.062500,15.437500,9.407181,2108600
1998-07-30,15.687500,16.187500,15.625000,15.906250,9.692820,3299800
1998-07-31,15.937500,16.125000,15.437500,15.609375,9.511916,2143200
1998-08-03,15.625000,15.875000,15.187500,15.625000,9.521434,1449200
1998-08-04,15.875000,15.937500,14.062500,14.406250,8.778763,2037600
1998-08-05,14.625000,15.312500,14.156250,15.187500,9.254836,2757600
1998-08-06,15.125000,16.343750,15.000000,15.250000,9.292922,3860400
1998-08-07,15.250000,16.187500,15.187500,15.437500,9.407181,2956200
1998-08-10,15.625000,16.500000,15.437500,16.031250,9.768994,3872600
1998-08-11,15.625000,16.000000,15.031250,15.375000,9.369090,2552000
1998-08-12,15.750000,17.000000,15.625000,16.093750,9.807080,2427400
1998-08-13,17.593750,18.250000,17.312500,17.546875,10.692568,7354000
1998-08-14,17.812500,17.937500,17.687500,17.750000,10.816346,6945000
1998-08-17,17.812500,18.562500,17.625000,18.312500,11.159125,5508600
1998-08-18,18.437500,19.750000,18.312500,19.500000,11.882756,6341000
1998-08-19,19.437500,19.500000,18.750000,19.062500,11.616150,2642800
1998-08-20,19.000000,19.562500,18.875000,19.218750,11.711363,3047000
1998-08-21,19.187500,19.187500,18.375000,18.968750,11.559022,3139200
1998-08-24,19.187500,19.375000,17.968750,18.750000,11.425726,6678800
1998-08-25,18.875000,19.187500,18.500000,18.812500,11.463813,2188800
1998-08-26,18.562500,18.625000,17.125000,17.531250,10.683047,3973400
1998-08-27,17.312500,17.437500,16.000000,16.750000,10.230320,3623600
1998-08-28,16.750000,17.500000,16.125000,16.218750,9.905853,1971800
1998-08-31,16.375000,16.718750,14.875000,14.968750,9.142393,2379400
1998-09-01,15.187500,15.187500,12.437500,13.531250,8.264423,21283800
1998-09-02,13.812500,14.343750,13.687500,13.937500,8.512544,7541600
1998-09-03,13.937500,14.406250,13.437500,13.625000,8.321678,3927200
1998-09-04,13.875000,14.000000,12.750000,13.125000,8.016294,2012200
1998-09-08,14.125000,14.562500,14.000000,14.218750,8.684321,2924600
1998-09-09,14.375000,14.437500,13.437500,13.562500,8.283506,4306600
1998-09-10,13.312500,13.312500,12.687500,12.968750,7.920865,3089200
1998-09-11,13.187500,13.562500,12.875000,13.437500,8.207161,2702800
1998-09-14,13.812500,14.812500,13.687500,14.468750,8.837011,2782600
1998-09-15,15.000000,15.687500,14.812500,15.343750,9.371436,3495000
1998-09-16,15.718750,15.750000,15.343750,15.500000,9.466864,2523800
1998-09-17,15.218750,15.218750,14.562500,14.812500,9.046962,1462200
1998-09-18,14.843750,15.375000,14.625000,15.000000,9.161483,2068800
1998-09-21,14.812500,14.875000,14.187500,14.562500,8.894274,1577600
1998-09-22,14.687500,14.812500,13.781250,13.812500,8.436202,2029600
1998-09-23,14.000000,14.000000,13.156250,13.312500,8.130816,3813400
1998-09-24,13.343750,13.375000,12.687500,12.687500,7.749087,2593600
1998-09-25,12.750000,13.187500,12.687500,12.843750,7.844521,3578400
1998-09-28,13.062500,13.156250,12.437500,12.500000,7.634568,3248200
1998-09-29,12.562500,12.562500,11.000000,11.031250,6.737506,6628400
1998-09-30,11.218750,12.406250,11.062500,12.375000,7.558223,6096800
1998-10-01,12.000000,12.687500,11.562500,11.968750,7.310095,5099600
1998-10-02,12.125000,13.093750,12.000000,12.875000,7.863603,3687000
1998-10-05,12.562500,13.062500,12.437500,12.812500,7.825434,2678800
1998-10-06,13.062500,13.625000,13.000000,13.125000,8.016294,2284200
1998-10-07,13.125000,13.625000,12.312500,12.750000,7.787260,1662400
1998-10-08,12.250000,12.343750,11.687500,12.031250,7.348270,2001000
1998-10-09,12.375000,12.687500,11.875000,12.031250,7.348270,2118600
1998-10-12,12.500000,13.125000,12.250000,12.687500,7.749087,1736400
1998-10-13,12.625000,13.437500,12.500000,12.562500,7.672743,1827800
1998-10-14,12.687500,12.968750,12.500000,12.750000,7.787260,1485800
1998-10-15,12.875000,14.187500,12.718750,13.875000,8.474367,3290400
1998-10-16,14.375000,14.812500,13.937500,14.500000,8.856099,1911400
1998-10-19,14.343750,14.812500,14.000000,14.468750,8.837011,1076000
1998-10-20,14.500000,14.562500,13.312500,13.312500,8.130816,2302000
1998-10-21,13.375000,13.656250,12.812500,13.625000,8.321678,2059600
1998-10-22,13.750000,13.750000,13.062500,13.406250,8.188072,2257200
1998-10-23,13.437500,13.562500,12.812500,13.062500,7.978125,2744200
1998-10-26,13.062500,13.562500,13.000000,13.312500,8.130816,1267800
1998-10-27,13.562500,14.000000,12.562500,12.562500,7.672743,1988800
1998-10-28,12.625000,13.250000,12.500000,12.593750,7.691828,1598000
1998-10-29,12.750000,13.742188,12.593750,13.562500,8.283506,1770000
1998-10-30,13.625000,14.156250,13.500000,13.656250,8.340766,1387200
1998-11-02,13.875000,14.250000,13.531250,14.125000,8.627063,903600
1998-11-03,14.125000,14.562500,13.687500,13.750000,8.398026,1415800
1998-11-04,14.156250,15.218750,14.093750,15.218750,9.295084,3751600
1998-11-05,14.875000,15.125000,14.375000,14.937500,9.123306,2110600
1998-11-06,14.937500,15.812500,14.718750,15.312500,9.352348,1902400
1998-11-09,15.156250,16.281250,14.750000,15.750000,9.619556,3334200
1998-11-10,15.437500,16.312500,14.937500,15.000000,9.161483,3228400
1998-11-11,15.218750,15.937500,15.062500,15.375000,9.390518,3037000
1998-11-12,16.687500,16.968750,15.875000,16.875000,10.306664,7472200
1998-11-13,16.875000,17.500000,16.750000,17.312500,10.573879,3323400
1998-11-16,17.312500,17.625000,16.562500,17.062500,10.421185,1287800
1998-11-17,17.062500,17.562500,16.500000,17.125000,10.459356,2478000
1998-11-18,17.250000,17.375000,16.687500,17.250000,10.535704,770200
1998-11-19,17.156250,17.250000,16.593750,16.875000,10.306664,1266200
1998-11-20,17.375000,18.000000,16.875000,17.906250,10.936516,2601200
1998-11-23,18.031250,19.562500,17.875000,19.468750,11.890840,3344600
1998-11-24,19.312500,19.437500,18.187500,18.406250,11.241899,3461400
1998-11-25,18.500000,19.250000,18.062500,19.250000,11.782840,1639400
1998-11-27,19.187500,19.187500,18.562500,18.750000,11.476795,512400
1998-11-30,19.000000,19.343750,18.625000,18.625000,11.400280,1999000
1998-12-01,18.562500,18.875000,17.937500,18.500000,11.323770,2176800
1998-12-02,18.562500,18.562500,17.250000,18.000000,11.017725,2124400
1998-12-03,17.937500,18.343750,16.562500,16.625000,10.176087,1458000
1998-12-04,16.843750,17.937500,16.843750,17.437500,10.673420,2131800
1998-12-07,17.250000,17.593750,17.000000,17.437500,10.673420,1185200
1998-12-08,17.375000,17.500000,15.781250,16.281250,9.965683,2957400
1998-12-09,16.875000,17.562500,16.687500,17.562500,10.749930,4466800
1998-12-10,17.625000,17.921875,17.125000,17.125000,10.482139,3103000
1998-12-11,17.031250,17.687500,16.312500,17.437500,10.673420,1808800
1998-12-14,17.343750,17.343750,16.156250,16.343750,10.003936,2480400
1998-12-15,16.750000,17.437500,16.437500,17.375000,10.635161,1952000
1998-12-16,17.375000,17.625000,17.031250,17.437500,10.673420,1586800
1998-12-17,17.500000,17.562500,16.843750,16.968750,10.386496,1460200
1998-12-18,16.968750,17.125000,16.625000,16.656250,10.195213,1896200
1998-12-21,16.843750,17.375000,16.750000,17.000000,10.405625,1542200
1998-12-22,16.937500,17.062500,16.125000,16.437500,10.061321,1609600
1998-12-23,16.500000,17.562500,16.375000,17.562500,10.749930,1517600
1998-12-24,17.531250,17.562500,16.562500,16.593750,10.156967,451600
1998-12-28,17.125000,17.375000,16.687500,17.218750,10.539523,865800
1998-12-29,17.187500,18.500000,17.125000,17.750000,10.864698,1934800
1998-12-30,17.812500,18.375000,17.000000,17.093750,10.463009,1074400
1998-12-31,17.250000,17.562500,17.000000,17.343750,10.616035,566200
1999-01-04,17.468750,18.312500,16.625000,17.250000,10.558648,2025400
1999-01-05,17.312500,18.187500,17.281250,18.031250,11.036851,1675800
1999-01-06,18.000000,18.875000,17.781250,18.750000,11.476795,2692000
1999-01-07,18.562500,18.687500,17.937500,18.250000,11.170745,1710400
1999-01-08,18.250000,18.468750,17.500000,18.062500,11.055974,1820600
1999-01-11,18.750000,19.250000,18.312500,18.687500,11.438536,2588800
1999-01-12,18.750000,18.750000,17.687500,17.750000,10.864698,1748600
1999-01-13,17.375000,18.062500,17.000000,17.187500,10.520396,2025600
1999-01-14,17.187500,18.500000,16.843750,17.343750,10.616035,4588200
1999-01-15,17.500000,18.031250,17.437500,18.000000,11.017725,2521000
1999-01-19,18.062500,18.375000,17.593750,18.250000,11.170745,1600600
1999-01-20,18.375000,18.437500,17.718750,18.312500,11.209002,1492400
1999-01-21,18.250000,18.312500,17.062500,17.093750,10.463009,1514200
1999-01-22,16.687500,18.875000,16.500000,18.468750,11.304640,3511600
1999-01-25,18.437500,19.000000,18.250000,18.812500,11.515053,2282800
1999-01-26,18.937500,19.562500,18.937500,19.265625,11.792401,3635600
1999-01-27,19.375000,19.437500,18.812500,19.093750,11.687201,2788800
1999-01-28,19.062500,20.500000,19.000000,20.250000,12.394938,5497600
1999-01-29,20.500000,22.062500,20.062500,20.812500,12.739244,5839600
1999-02-01,20.937500,21.343750,20.125000,21.000000,12.854007,3619400
1999-02-02,20.812500,20.875000,19.937500,20.187500,12.356684,3366000
1999-02-03,20.125000,22.156250,19.937500,22.093750,13.523490,3530600
1999-02-04,22.093750,22.093750,20.500000,20.531250,12.567085,2611800
1999-02-05,20.437500,21.125000,20.187500,20.234375,12.385371,1575800
1999-02-08,20.375000,21.062500,20.187500,20.968750,12.834879,2494000
1999-02-09,20.812500,21.000000,19.812500,19.812500,12.127144,2253600
1999-02-10,19.812500,20.562500,19.812500,20.187500,12.356684,1371000
1999-02-11,20.500000,20.687500,19.937500,20.656250,12.643600,2539400
1999-02-12,20.375000,20.625000,19.625000,19.718750,12.069761,1473200
1999-02-16,19.562500,20.718750,19.562500,20.312500,12.433192,1745800
1999-02-17,20.250000,20.687500,20.125000,20.281250,12.414069,1762400
1999-02-18,20.250000,20.562500,19.875000,20.375000,12.471450,1842800
1999-02-19,20.531250,20.875000,20.250000,20.562500,12.586214,2736200
1999-02-22,20.750000,22.062500,20.687500,21.937500,13.427850,3831600
1999-02-23,20.562500,20.937500,20.187500,20.843750,12.758366,4297000
1999-02-24,20.812500,21.437500,19.906250,19.906250,12.207956,2912400
1999-02-25,20.000000,20.000000,19.093750,19.781250,12.131298,2492600
1999-02-26,19.812500,20.500000,19.750000,20.125000,12.342109,1414800
1999-03-01,20.156250,21.250000,19.812500,21.031250,12.897888,1501000
1999-03-02,20.750000,21.687500,19.875000,20.156250,12.361275,2095600
1999-03-03,20.187500,21.125000,20.125000,21.031250,12.897888,2547200
1999-03-04,21.000000,21.250000,19.812500,21.000000,12.878724,2634400
1999-03-05,21.000000,21.562500,19.812500,19.875000,12.188787,3295800
1999-03-08,20.375000,20.500000,18.625000,20.000000,12.265455,2803200
1999-03-09,19.656250,19.687500,19.125000,19.437500,11.920488,1300600
1999-03-10,19.500000,19.625000,18.875000,19.156250,11.748002,1193600
1999-03-11,19.125000,19.187500,18.375000,18.812500,11.537190,2199200
1999-03-12,18.812500,19.218750,18.750000,18.937500,11.613847,1521800
1999-03-15,18.937500,20.250000,18.812500,20.000000,12.265455,2606800
1999-03-16,20.125000,20.125000,19.187500,19.281250,11.824666,1342200
1999-03-17,19.312500,19.312500,18.906250,18.968750,11.633011,2759600
1999-03-18,18.968750,19.843750,18.437500,19.843750,12.169631,3392200
1999-03-19,20.062500,20.125000,19.031250,19.250000,11.805497,3643000
1999-03-22,19.250000,19.281250,18.812500,19.156250,11.748002,3391600
1999-03-23,19.218750,19.812500,19.062500,19.187500,11.767166,2495800
1999-03-24,19.500000,19.500000,19.000000,19.093750,11.709676,3770400
1999-03-25,19.312500,19.437500,19.062500,19.375000,11.882157,2143400
1999-03-26,19.468750,19.531250,18.812500,18.843750,11.556358,1929400
1999-03-29,19.000000,20.250000,18.812500,20.062500,12.303779,3521400
1999-03-30,20.000000,20.687500,19.812500,20.437500,12.533756,2709600
1999-03-31,20.468750,20.656250,20.437500,20.437500,12.533756,1850400
1999-04-01,20.500000,20.562500,20.375000,20.406250,12.514595,1830800
1999-04-05,20.406250,20.500000,20.062500,20.437500,12.533756,1565800
1999-04-06,20.375000,21.031250,20.375000,20.468750,12.552926,1202800
1999-04-07,20.468750,20.562500,20.125000,20.250000,12.418768,1937600
1999-04-08,20.312500,21.062500,20.187500,21.031250,12.897888,3753800
1999-04-09,20.875000,21.281250,20.875000,21.187500,12.993713,1916800
1999-04-12,20.812500,22.000000,20.812500,21.812500,13.377005,1681600
1999-04-13,22.062500,22.406250,21.000000,21.000000,12.878724,3040200
1999-04-14,21.187500,21.312500,18.468750,18.593750,11.403032,3744000
1999-04-15,18.812500,19.187500,18.656250,19.156250,11.748002,7515000
1999-04-16,19.500000,19.875000,18.687500,19.625000,12.035475,2766200
1999-04-19,19.687500,20.781250,19.000000,19.000000,11.652177,2323400
1999-04-20,19.062500,19.718750,18.937500,19.000000,11.652177,1625800
1999-04-21,18.968750,19.687500,18.875000,19.156250,11.748002,1079400
1999-04-22,19.500000,19.562500,18.812500,19.031250,11.671345,1405000
1999-04-23,19.125000,19.125000,18.437500,18.812500,11.537190,2620600
1999-04-26,18.187500,19.000000,17.375000,18.875000,11.575518,2711200
1999-04-27,19.000000,19.000000,17.781250,17.968750,11.019742,2794600
1999-04-28,17.968750,18.562500,17.687500,17.687500,10.847260,2705600
1999-04-29,18.000000,18.250000,17.437500,17.437500,10.693941,2911000
1999-04-30,17.781250,18.062500,17.312500,17.593750,10.789758,2944800
1999-05-03,17.562500,18.406250,17.375000,18.343750,11.249714,1404000
1999-05-04,18.500000,18.875000,17.656250,17.718750,10.866417,1678800
1999-05-05,17.750000,18.562500,17.062500,18.562500,11.383867,1962800
1999-05-06,18.562500,18.625000,16.968750,17.062500,10.463964,2533600
1999-05-07,17.312500,18.187500,17.031250,18.125000,11.115567,2083400
1999-05-10,18.093750,18.437500,17.000000,17.437500,10.693941,1880000
1999-05-11,17.437500,17.937500,17.000000,17.937500,11.000576,1878000
1999-05-12,17.937500,18.125000,17.187500,17.562500,10.770601,2612800
1999-05-13,17.812500,18.343750,17.500000,17.781250,10.904756,3380600
1999-05-14,16.500000,16.687500,15.250000,16.218750,9.946515,8620200
1999-05-17,16.031250,16.781250,16.000000,16.718750,10.253153,3094600
1999-05-18,16.875000,17.437500,16.562500,17.062500,10.463964,2176800
1999-05-19,16.750000,16.750000,15.312500,16.375000,10.042337,5009200
1999-05-20,16.437500,16.437500,15.875000,16.187500,9.927352,2073600
1999-05-21,16.218750,17.062500,15.937500,16.531250,10.138164,3681800
1999-05-24,16.500000,17.875000,16.500000,17.156250,10.521457,5012600
1999-05-25,17.000000,18.625000,16.500000,16.562500,10.157326,4615400
1999-05-26,17.000000,17.750000,16.875000,17.687500,10.873518,4105600
1999-05-27,17.437500,17.625000,16.937500,17.093750,10.508508,2649800
1999-05-28,17.156250,17.875000,17.156250,17.750000,10.911942,1381600
1999-06-01,18.000000,18.000000,16.750000,17.218750,10.585353,3229000
1999-06-02,17.187500,18.500000,17.187500,18.484375,11.363406,2638800
1999-06-03,18.312500,18.312500,17.437500,17.593750,10.815886,1641400
1999-06-04,17.937500,18.125000,17.218750,17.421875,10.710226,2717000
1999-06-07,17.437500,17.562500,16.875000,17.562500,10.796673,2138600
1999-06-08,17.562500,17.562500,16.734375,16.843750,10.354814,2253200
1999-06-09,16.937500,17.562500,16.687500,17.437500,10.719830,6287800
1999-06-10,17.375000,17.625000,17.000000,17.093750,10.508508,1286600
1999-06-11,17.062500,17.125000,16.500000,16.625000,10.220340,877400
1999-06-14,16.656250,16.781250,16.500000,16.531250,10.162709,419200
1999-06-15,16.500000,16.593750,16.375000,16.375000,10.066650,998200
1999-06-16,16.468750,16.781250,16.468750,16.750000,10.297184,638000
1999-06-17,16.843750,17.062500,16.781250,16.937500,10.412456,396600
1999-06-18,16.937500,17.468750,16.906250,17.437500,10.719830,687400
1999-06-21,17.437500,17.468750,17.250000,17.343750,10.662199,466000
1999-06-22,17.281250,17.281250,16.812500,16.875000,10.374030,502200
1999-06-23,16.875000,16.875000,16.468750,16.562500,10.181920,425000
1999-06-24,16.312500,16.500000,16.250000,16.468750,10.124282,594400
1999-06-25,16.593750,16.687500,16.406250,16.562500,10.181920,1092400
1999-06-28,16.562500,16.562500,16.437500,16.500000,10.143497,543400
1999-06-29,16.406250,16.812500,16.218750,16.812500,10.335609,636600
1999-06-30,16.750000,16.937500,16.562500,16.750000,10.297184,616000
1999-07-01,16.750000,17.750000,16.750000,17.750000,10.911942,941200
1999-07-02,17.562500,17.718750,17.500000,17.687500,10.873518,477800
1999-07-06,17.625000,17.656250,17.375000,17.531250,10.777462,539800
1999-07-07,17.500000,17.656250,17.468750,17.625000,10.835094,394000
1999-07-08,17.250000,17.562500,17.187500,17.468750,10.739041,1102800
1999-07-09,17.500000,17.937500,17.500000,17.843750,10.969573,681000
1999-07-12,17.968750,18.312500,17.968750,18.218750,11.200109,1028200
1999-07-13,18.125000,18.750000,18.062500,18.437500,11.334585,1283800
1999-07-14,18.500000,19.062500,18.375000,18.687500,11.488276,1337000
1999-07-15,19.000000,19.437500,19.000000,19.125000,11.757235,1055800
1999-07-16,19.250000,19.687500,19.250000,19.406250,11.930136,729800
1999-07-19,19.500000,19.562500,18.468750,18.468750,11.353799,1800400
1999-07-20,18.437500,18.656250,18.218750,18.281250,11.238532,671400
1999-07-21,18.218750,18.250000,17.625000,17.625000,10.835094,1269400
1999-07-22,17.656250,17.656250,16.500000,16.562500,10.181920,3559200
1999-07-23,16.531250,16.562500,15.187500,15.343750,9.432683,3730000
1999-07-26,15.406250,16.562500,15.312500,16.062500,9.874537,2265800
1999-07-27,16.375000,16.500000,16.093750,16.312500,10.028228,895200
1999-07-28,16.437500,16.437500,15.937500,16.156250,9.932166,732600
1999-07-29,16.093750,16.093750,15.593750,15.781250,9.701636,778200
1999-07-30,15.781250,16.125000,15.625000,15.718750,9.663218,613200
1999-08-02,15.750000,16.312500,15.750000,16.000000,9.836114,1030400
1999-08-03,15.875000,15.875000,15.312500,15.468750,9.509529,911800
1999-08-04,15.531250,15.687500,14.750000,14.750000,9.067667,762200
1999-08-05,14.812500,15.437500,14.500000,14.781250,9.086881,1067600
1999-08-06,14.750000,15.125000,14.250000,14.500000,8.913981,906000
1999-08-09,14.437500,14.562500,14.062500,14.187500,8.721867,726400
1999-08-10,14.187500,14.500000,13.500000,13.937500,8.568178,830800
1999-08-11,14.125000,14.781250,14.125000,14.531250,8.933190,660000
1999-08-12,14.781250,15.187500,14.750000,14.906250,9.163726,1094000
1999-08-13,15.687500,16.562500,15.656250,15.687500,9.644007,2469600
1999-08-16,15.656250,15.750000,15.593750,15.750000,9.682428,415200
1999-08-17,15.812500,15.843750,15.375000,15.468750,9.509529,548000
1999-08-18,15.375000,15.625000,15.218750,15.562500,9.567158,550400
1999-08-19,15.500000,15.500000,15.000000,15.000000,9.221360,902800
1999-08-20,15.187500,15.468750,15.062500,15.468750,9.509529,542600
1999-08-23,15.562500,15.937500,15.531250,15.875000,9.759272,702200
1999-08-24,15.750000,15.812500,15.500000,15.812500,9.720847,493200
1999-08-25,16.000000,16.343750,15.500000,15.500000,9.552904,1459600
1999-08-26,15.500000,15.531250,14.937500,14.937500,9.206223,1205200
1999-08-27,14.906250,14.937500,14.375000,14.437500,8.898066,1447800
1999-08-30,14.593750,14.625000,14.437500,14.468750,8.917324,923400
1999-08-31,14.468750,14.468750,14.156250,14.156250,8.724729,907600
1999-09-01,14.093750,14.125000,13.843750,14.000000,8.628427,2042000
1999-09-02,13.937500,13.937500,13.531250,13.687500,8.435828,1009000
1999-09-03,13.750000,13.875000,13.625000,13.750000,8.474348,1426600
1999-09-07,13.937500,14.000000,13.500000,13.625000,8.397308,1806000
1999-09-08,13.562500,13.625000,13.312500,13.406250,8.262489,2212000
1999-09-09,13.281250,13.593750,13.281250,13.500000,8.320271,1178600
1999-09-10,13.500000,13.656250,13.343750,13.406250,8.262489,2884400
1999-09-13,13.625000,14.281250,13.562500,13.718750,8.455091,2328600
1999-09-14,13.562500,14.093750,13.562500,13.625000,8.397308,1119400
1999-09-15,13.750000,13.906250,13.437500,13.531250,8.339531,983000
1999-09-16,13.625000,13.750000,13.125000,13.375000,8.243233,799000
1999-09-17,13.375000,13.781250,13.375000,13.531250,8.339531,680400
1999-09-20,13.625000,13.812500,13.312500,13.343750,8.223970,495000
1999-09-21,13.468750,13.625000,13.312500,13.500000,8.320271,845000
1999-09-22,13.531250,13.843750,13.468750,13.625000,8.397308,616400
1999-09-23,13.656250,13.906250,13.312500,13.375000,8.243233,553800
1999-09-24,13.375000,13.656250,13.250000,13.281250,8.185451,398800
1999-09-27,13.687500,13.937500,13.500000,13.500000,8.320271,935800
1999-09-28,13.500000,13.750000,13.250000,13.468750,8.301009,1457200
1999-09-29,13.500000,13.656250,13.468750,13.562500,8.358791,1350000
1999-09-30,13.500000,13.656250,13.312500,13.500000,8.320271,1797400
1999-10-01,13.500000,13.625000,13.312500,13.375000,8.243233,1069200
1999-10-04,13.562500,14.125000,13.562500,14.000000,8.628427,1238400
1999-10-05,14.125000,14.218750,13.687500,13.687500,8.435828,806600
1999-10-06,13.718750,14.406250,13.687500,13.968750,8.609169,1471200
1999-10-07,13.968750,14.312500,13.906250,14.031250,8.647691,581600
1999-10-08,14.093750,15.250000,14.093750,14.593750,8.994366,1207400
1999-10-11,14.500000,14.843750,14.437500,14.843750,9.148446,546800
1999-10-12,14.843750,14.875000,13.656250,13.812500,8.512870,904600
1999-10-13,13.812500,13.812500,13.062500,13.125000,8.089151,1163200
1999-10-14,13.156250,13.437500,12.937500,13.250000,8.166192,736800
1999-10-15,13.250000,13.250000,12.625000,12.937500,7.973596,837000
1999-10-18,12.812500,12.812500,12.406250,12.531250,7.723213,977000
1999-10-19,12.625000,12.843750,11.968750,12.312500,7.588393,1121000
1999-10-20,12.437500,12.437500,12.218750,12.250000,7.549874,498200
1999-10-21,12.343750,12.343750,11.812500,12.062500,7.434316,1312600
1999-10-22,12.062500,12.218750,11.843750,11.875000,7.318752,1412400
1999-10-25,11.750000,11.812500,11.562500,11.562500,7.126159,868000
1999-10-26,11.781250,12.093750,11.750000,11.750000,7.241714,1983600
1999-10-27,11.750000,11.781250,11.562500,11.656250,7.183939,779400
1999-10-28,11.750000,12.281250,11.718750,12.000000,7.395793,1841200
1999-10-29,12.062500,13.187500,12.062500,12.468750,7.684696,2676000
1999-11-01,12.468750,12.500000,11.875000,12.031250,7.415054,1048600
1999-11-02,12.125000,12.562500,12.093750,12.437500,7.665436,1334400
1999-11-03,12.406250,12.406250,11.500000,11.500000,7.087641,2191400
1999-11-04,11.750000,11.812500,11.500000,11.687500,7.203197,1293200
1999-11-05,11.937500,12.062500,11.593750,11.656250,7.183939,1415600
1999-11-08,11.656250,11.750000,11.437500,11.562500,7.126159,721600
1999-11-09,11.625000,11.718750,10.937500,11.031250,6.798738,2509600
1999-11-10,11.125000,11.250000,10.937500,11.000000,6.779477,2732200
1999-11-11,11.125000,11.250000,10.843750,10.843750,6.683179,1281000
1999-11-12,11.250000,11.437500,10.875000,11.000000,6.779477,3141400
1999-11-15,11.156250,11.312500,11.062500,11.218750,6.914299,1910800
1999-11-16,11.250000,11.250000,10.843750,10.875000,6.702438,1950200
1999-11-17,10.968750,11.281250,10.906250,11.187500,6.895037,2847600
1999-11-18,11.187500,11.843750,11.187500,11.593750,7.145416,3561000
1999-11-19,11.812500,12.312500,11.406250,12.250000,7.549874,3251800
1999-11-22,12.375000,12.406250,12.000000,12.343750,7.607653,2703200
1999-11-23,12.937500,13.750000,12.281250,13.500000,8.320271,4208400
1999-11-24,13.562500,13.593750,12.750000,13.093750,8.069893,2072600
1999-11-26,13.156250,13.562500,13.125000,13.250000,8.191213,441600
1999-11-29,13.281250,13.687500,13.125000,13.656250,8.442361,1464200
1999-11-30,13.843750,14.000000,13.250000,13.906250,8.596909,1417000
1999-12-01,13.781250,13.937500,13.312500,13.937500,8.616228,848000
1999-12-02,13.812500,13.875000,13.000000,13.250000,8.191213,954400
1999-12-03,13.437500,13.656250,13.281250,13.375000,8.268491,1242800
1999-12-06,13.375000,13.406250,12.718750,12.875000,7.959389,1570600
1999-12-07,12.687500,12.843750,12.406250,12.500000,7.727563,945200
1999-12-08,12.562500,12.781250,12.500000,12.562500,7.766193,661400
1999-12-09,12.593750,12.718750,12.312500,12.468750,7.708238,783000
1999-12-10,12.406250,12.500000,12.218750,12.468750,7.708238,830200
1999-12-13,12.468750,12.500000,12.187500,12.187500,7.534376,1014200
1999-12-14,12.250000,12.781250,12.218750,12.312500,7.611646,1370400
1999-12-15,12.250000,12.375000,12.031250,12.031250,7.437779,1062000
1999-12-16,12.218750,12.281250,11.968750,12.000000,7.418459,1441200
1999-12-17,11.937500,12.812500,11.937500,12.468750,7.708238,1610600
1999-12-20,12.437500,12.843750,11.781250,11.937500,7.379821,1105200
1999-12-21,11.937500,13.000000,11.937500,12.656250,7.824155,1479000
1999-12-22,12.625000,12.750000,12.375000,12.687500,7.843472,563200
1999-12-23,13.062500,13.187500,12.531250,12.750000,7.882108,1434600
1999-12-27,13.000000,13.281250,12.781250,12.781250,7.901430,927800
1999-12-28,12.937500,13.031250,12.843750,13.031250,8.055985,625600
1999-12-29,12.968750,13.125000,12.781250,12.781250,7.901430,337800
1999-12-30,12.781250,13.062500,12.750000,12.937500,7.998026,593400
1999-12-31,12.875000,13.250000,12.750000,13.156250,8.133262,422400
2000-01-03,13.093750,13.187500,12.750000,12.875000,7.959389,882200
2000-01-04,12.625000,12.750000,12.343750,12.375000,7.650286,696800
2000-01-05,12.343750,12.468750,12.093750,12.156250,7.515051,556200
2000-01-06,12.312500,12.968750,12.156250,12.750000,7.882108,1264800
2000-01-07,13.125000,13.187500,12.625000,12.750000,7.882108,869800
2000-01-10,12.687500,12.718750,12.500000,12.625000,7.804837,444600
2000-01-11,12.562500,12.625000,12.343750,12.468750,7.708238,1162800
2000-01-12,12.437500,12.468750,11.906250,11.968750,7.399140,762800
2000-01-13,11.875000,11.875000,11.281250,11.437500,7.070718,1588200
2000-01-14,11.562500,11.843750,11.468750,11.593750,7.167313,954600
2000-01-18,11.343750,11.500000,11.125000,11.250000,6.954808,989800
2000-01-19,11.250000,11.781250,11.156250,11.625000,7.186635,943000
2000-01-20,11.625000,11.687500,11.312500,11.343750,7.012759,785800
2000-01-21,11.500000,11.625000,11.125000,11.156250,6.896851,748600
2000-01-24,11.250000,11.312500,10.937500,10.937500,6.761615,828600
2000-01-25,10.875000,11.156250,10.843750,10.968750,6.780936,800000
2000-01-26,11.031250,11.531250,10.937500,11.437500,7.070718,860400
2000-01-27,11.437500,11.562500,11.125000,11.250000,6.954808,1138400
2000-01-28,11.125000,11.187500,10.812500,10.906250,6.742298,892200
2000-01-31,10.906250,11.000000,10.656250,11.000000,6.800252,898200
2000-02-01,10.968750,11.156250,10.687500,11.031250,6.819573,852000
2000-02-02,11.000000,11.250000,10.937500,11.062500,6.838891,578000
2000-02-03,11.093750,11.687500,11.093750,11.250000,6.954808,1094000
2000-02-04,11.312500,11.500000,11.187500,11.500000,7.109361,1251000
2000-02-07,11.468750,11.625000,11.281250,11.312500,6.993442,1569800
2000-02-08,11.312500,12.125000,11.312500,11.875000,7.341183,1053000
2000-02-09,11.750000,11.843750,11.437500,11.437500,7.070718,1945400
2000-02-10,11.437500,11.656250,11.437500,11.468750,7.090036,1234000
2000-02-11,11.468750,11.468750,11.000000,11.000000,6.800252,1961600
2000-02-14,10.625000,10.687500,9.500000,10.500000,6.491152,4257000
2000-02-15,10.250000,10.281250,10.125000,10.218750,6.317280,993200
2000-02-16,10.281250,10.281250,9.625000,9.781250,6.046818,1363200
2000-02-17,9.750000,9.937500,9.125000,9.937500,6.143412,2174200
2000-02-18,10.343750,10.718750,10.031250,10.500000,6.491152,2130000
2000-02-22,10.531250,10.875000,10.500000,10.625000,6.568426,1613000
2000-02-23,10.500000,10.625000,10.500000,10.500000,6.491152,865000
2000-02-24,10.500000,10.500000,9.937500,10.000000,6.182048,1776000
2000-02-25,10.031250,10.625000,10.000000,10.187500,6.323256,1099400
2000-02-28,10.250000,10.500000,10.125000,10.218750,6.342651,960800
2000-02-29,10.125000,10.875000,10.062500,10.656250,6.614203,1988200
2000-03-01,10.656250,10.781250,10.500000,10.656250,6.614203,464800
2000-03-02,10.781250,11.218750,10.562500,10.687500,6.633597,1357200
2000-03-03,11.125000,12.000000,11.000000,11.250000,6.982734,1637200
2000-03-06,11.250000,11.250000,10.812500,11.000000,6.827564,1032600
2000-03-07,10.781250,10.843750,10.562500,10.625000,6.594806,790600
2000-03-08,10.531250,11.062500,10.437500,10.906250,6.769372,798800
2000-03-09,10.937500,11.468750,10.906250,11.156250,6.924545,837600
2000-03-10,11.312500,11.312500,11.000000,11.062500,6.866357,648600
2000-03-13,10.968750,10.968750,10.656250,10.781250,6.691791,678600
2000-03-14,10.875000,10.937500,10.531250,10.625000,6.594806,1002000
2000-03-15,10.593750,11.625000,10.593750,11.625000,7.215494,1186600
2000-03-16,11.687500,12.750000,11.687500,12.437500,7.719803,2197000
2000-03-17,12.437500,12.437500,11.812500,11.968750,7.428855,1402400
2000-03-20,12.312500,12.437500,11.750000,12.062500,7.487042,1047200
2000-03-21,12.062500,12.562500,11.937500,12.468750,7.739197,1177000
2000-03-22,12.218750,12.375000,11.937500,12.312500,7.642217,584600
2000-03-23,12.375000,13.875000,12.218750,13.781250,8.553851,2851800
2000-03-24,13.812500,15.125000,13.750000,14.000000,8.689626,2583200
2000-03-27,14.125000,14.750000,14.062500,14.406250,8.941782,1282200
2000-03-28,14.281250,14.468750,14.031250,14.031250,8.709023,933400
2000-03-29,14.000000,14.343750,13.593750,13.812500,8.573243,1146400
2000-03-30,13.687500,14.187500,13.281250,14.093750,8.747815,1573600
2000-03-31,14.406250,14.968750,14.093750,14.750000,9.155141,2177600
2000-04-03,14.968750,15.437500,14.593750,15.156250,9.407296,1941600
2000-04-04,15.375000,16.437500,14.718750,15.468750,9.601264,3195200
2000-04-05,15.250000,16.500000,15.187500,16.281250,10.105568,1828400
2000-04-06,16.250000,16.375000,15.812500,15.968750,9.911607,1606400
2000-04-07,15.875000,16.000000,15.531250,15.843750,9.834019,947400
2000-04-10,15.781250,16.343750,15.718750,16.000000,9.931001,673200
2000-04-11,16.000000,16.156250,15.843750,16.093750,9.989193,921000
2000-04-12,16.250000,17.250000,16.187500,16.875000,10.474101,1698200
2000-04-13,17.062500,17.187500,16.656250,16.781250,10.415916,971200
2000-04-14,15.500000,16.125000,14.500000,14.750000,9.155141,2118000
2000-04-17,14.625000,14.750000,13.750000,13.968750,8.670229,1409800
2000-04-18,14.093750,15.218750,14.062500,14.937500,9.271523,932000
2000-04-19,14.843750,15.375000,14.843750,15.250000,9.465484,539400
2000-04-20,15.000000,15.062500,14.656250,14.812500,9.193933,750800
2000-04-24,14.937500,15.562500,14.906250,15.500000,9.620656,2033000
2000-04-25,15.531250,16.375000,15.500000,16.281250,10.105568,1715000
2000-04-26,16.343750,16.343750,15.406250,15.437500,9.581866,2027000
2000-04-27,15.125000,15.125000,14.000000,14.187500,8.806003,1638000
2000-04-28,14.187500,14.250000,13.750000,13.906250,8.631434,1235000
2000-05-01,13.906250,15.000000,13.906250,14.875000,9.232731,996400
2000-05-02,14.750000,14.812500,14.437500,14.625000,9.077554,988600
2000-05-03,13.750000,13.875000,13.125000,13.406250,8.321094,1235200
2000-05-04,13.500000,13.843750,13.218750,13.437500,8.340488,1208000
2000-05-05,13.375000,13.875000,13.312500,13.812500,8.573243,770600
2000-05-08,13.625000,14.000000,13.437500,13.875000,8.612044,568600
2000-05-09,13.750000,14.093750,13.687500,14.000000,8.689626,617000
2000-05-10,13.906250,13.937500,13.437500,13.593750,8.437471,407800
2000-05-11,13.687500,13.875000,13.281250,13.312500,8.262903,1051600
2000-05-12,12.750000,12.968750,12.531250,12.656250,7.855577,1606600
2000-05-15,12.625000,12.875000,12.375000,12.687500,7.874971,1484200
2000-05-16,12.937500,13.218750,12.906250,12.937500,8.030146,1763400
2000-05-17,12.625000,12.812500,12.500000,12.500000,7.758596,2426600
2000-05-18,12.625000,12.906250,12.562500,12.812500,7.952559,981600
2000-05-19,12.687500,12.750000,12.281250,12.281250,7.622818,1204200
2000-05-22,12.500000,12.750000,12.406250,12.468750,7.739197,633000
2000-05-23,12.343750,12.718750,12.250000,12.500000,7.758596,372600
2000-05-24,12.406250,12.406250,11.812500,11.968750,7.428855,823000
2000-05-25,12.093750,12.281250,11.875000,12.000000,7.448252,1081600
2000-05-26,12.062500,12.062500,11.656250,11.718750,7.301063,575600
2000-05-30,11.750000,12.218750,11.718750,12.093750,7.534696,438000
2000-05-31,12.000000,12.625000,12.000000,12.562500,7.826741,436600
2000-06-01,12.500000,12.562500,11.750000,11.968750,7.456818,1140200
2000-06-02,12.000000,12.375000,11.937500,12.250000,7.632040,1162400
2000-06-05,12.125000,12.218750,11.906250,11.968750,7.456818,634200
2000-06-06,11.656250,11.781250,11.062500,11.218750,6.989551,1861200
2000-06-07,11.812500,13.156250,11.750000,12.843750,8.001965,3165600
2000-06-08,12.500000,12.625000,12.000000,12.156250,7.573633,776400
2000-06-09,12.281250,12.625000,12.031250,12.031250,7.495757,891600
2000-06-12,12.062500,12.343750,11.953125,11.953125,7.447083,427800
2000-06-13,11.906250,12.125000,11.812500,11.968750,7.456818,644400
2000-06-14,12.187500,12.750000,12.187500,12.593750,7.846205,1193200
2000-06-15,12.687500,12.843750,12.593750,12.656250,7.885147,616400
2000-06-16,12.656250,12.750000,12.000000,12.125000,7.554167,797600
2000-06-19,12.187500,12.375000,12.000000,12.218750,7.612573,380800
2000-06-20,12.156250,12.156250,11.875000,11.937500,7.437348,452200
2000-06-21,11.968750,11.968750,11.562500,11.687500,7.281592,779200
2000-06-22,11.562500,11.937500,11.437500,11.812500,7.359467,986000
2000-06-23,11.875000,12.187500,11.812500,12.187500,7.593104,458400
2000-06-26,12.187500,12.500000,12.000000,12.125000,7.554167,809200
2000-06-27,12.250000,12.812500,12.031250,12.625000,7.865679,1070400
2000-06-28,12.687500,12.875000,12.312500,12.570313,7.831607,544800
2000-06-29,12.500000,12.500000,11.812500,12.031250,7.495757,1277200
2000-06-30,12.000000,12.343750,12.000000,12.062500,7.515225,770800
2000-07-03,12.000000,12.187500,11.781250,11.781250,7.340000,453600
2000-07-05,11.937500,11.968750,11.687500,11.875000,7.398407,1406800
2000-07-06,11.375000,11.375000,10.937500,11.250000,7.009018,3642800
2000-07-07,11.250000,11.625000,11.125000,11.625000,7.242653,1744200
2000-07-10,11.625000,12.687500,11.500000,12.593750,7.846205,1443800
2000-07-11,12.468750,12.562500,12.156250,12.500000,7.787800,534000
2000-07-12,12.375000,12.562500,12.218750,12.250000,7.632040,495400
2000-07-13,12.250000,12.312500,11.687500,11.718750,7.301063,1025200
2000-07-14,11.718750,12.093750,11.718750,12.062500,7.515225,354800
2000-07-17,12.000000,12.125000,11.750000,11.968750,7.456818,357600
2000-07-18,11.843750,12.093750,11.781250,12.031250,7.495757,602000
2000-07-19,12.000000,12.031250,11.468750,11.531250,7.184247,726800
2000-07-20,11.562500,11.718750,11.343750,11.406250,7.106366,667800
2000-07-21,11.281250,11.375000,11.000000,11.125000,6.931139,909200
2000-07-24,11.062500,11.125000,10.718750,10.718750,6.678037,700800
2000-07-25,10.812500,10.968750,10.625000,10.843750,6.755917,1003400
2000-07-26,10.968750,11.437500,10.906250,11.125000,6.931139,866200
2000-07-27,11.187500,11.343750,10.937500,11.093750,6.911674,1196600
2000-07-28,8.750000,9.062500,8.281250,9.062500,5.646154,7752600
2000-07-31,8.937500,8.937500,8.562500,8.750000,5.451460,2731200
2000-08-01,8.937500,9.062500,8.718750,9.031250,5.626688,1698400
2000-08-02,9.062500,9.500000,9.031250,9.375000,5.840848,1699800
2000-08-03,9.187500,9.218750,8.875000,9.062500,5.646154,1692000
2000-08-04,9.031250,9.218750,9.000000,9.156250,5.704564,685600
2000-08-07,9.156250,9.312500,9.062500,9.250000,5.762969,1133600
2000-08-08,9.250000,9.312500,9.031250,9.218750,5.743499,743200
2000-08-09,9.187500,9.250000,9.000000,9.187500,5.724032,1047400
2000-08-10,9.218750,9.218750,8.875000,8.875000,5.529337,682800
2000-08-11,9.062500,9.187500,9.000000,9.125000,5.685092,486800
2000-08-14,9.125000,9.187500,9.031250,9.093750,5.665626,818400
2000-08-15,9.031250,9.093750,8.875000,8.937500,5.568278,779800
2000-08-16,8.937500,9.062500,8.750000,8.968750,5.587747,1339200
2000-08-17,8.843750,8.968750,8.656250,8.750000,5.451460,1052400
2000-08-18,8.687500,9.312500,8.625000,9.125000,5.685092,1367000
2000-08-21,9.281250,9.406250,9.125000,9.375000,5.840848,1309400
2000-08-22,9.375000,9.562500,9.312500,9.468750,5.899259,716800
2000-08-23,9.531250,9.750000,9.312500,9.625000,5.996606,525000
2000-08-24,9.625000,9.687500,9.406250,9.468750,5.899259,597600
2000-08-25,9.593750,9.687500,9.468750,9.625000,5.996606,471200
2000-08-28,9.562500,9.687500,9.406250,9.500000,5.918729,554600
2000-08-29,9.437500,9.468750,9.125000,9.343750,5.849087,1100400
2000-08-30,9.218750,9.250000,9.000000,9.187500,5.751276,844800
2000-08-31,9.000000,9.156250,8.625000,9.000000,5.633903,3086000
2000-09-01,8.375000,9.500000,8.375000,9.468750,5.927336,3928400
2000-09-05,9.593750,9.625000,8.750000,9.062500,5.673028,1527800
2000-09-06,9.000000,9.406250,9.000000,9.343750,5.849087,889200
2000-09-07,9.468750,9.468750,9.125000,9.187500,5.751276,713800
2000-09-08,9.125000,9.500000,9.062500,9.312500,5.829523,871200
2000-09-11,9.406250,9.593750,9.156250,9.250000,5.790400,636000
2000-09-12,9.218750,9.281250,8.968750,9.125000,5.712149,1200000
2000-09-13,9.000000,9.031250,8.968750,9.000000,5.633903,1239400
2000-09-14,9.000000,9.062500,8.843750,8.875000,5.555653,946400
2000-09-15,8.625000,9.187500,8.625000,8.843750,5.536090,1456000
2000-09-18,8.875000,8.875000,8.562500,8.562500,5.360031,893200
2000-09-19,8.500000,8.562500,8.406250,8.468750,5.301346,669400
2000-09-20,8.500000,8.562500,8.187500,8.187500,5.125287,786600
2000-09-21,8.312500,8.468750,8.156250,8.250000,5.164412,1078600
2000-09-22,8.062500,8.218750,7.906250,8.062500,5.047037,905800
2000-09-25,8.093750,8.125000,7.812500,7.812500,4.890541,993000
2000-09-26,7.750000,7.750000,7.375000,7.500000,4.694918,1375400
2000-09-27,7.437500,7.593750,7.312500,7.437500,4.655795,1072400
2000-09-28,7.437500,7.718750,7.437500,7.562500,4.734045,928400
2000-09-29,7.500000,8.000000,7.500000,7.781250,4.870977,1558200
2000-10-02,7.750000,7.750000,7.437500,7.437500,4.655795,978800
2000-10-03,7.312500,7.625000,7.312500,7.468750,4.675358,833600
2000-10-04,7.406250,7.906250,7.281250,7.593750,4.753603,931400
2000-10-05,7.781250,8.531250,7.781250,8.187500,5.125287,2841000
2000-10-06,8.125000,8.156250,7.343750,7.406250,4.636233,1807000
2000-10-09,7.562500,8.031250,7.531250,7.843750,4.910102,844200
2000-10-10,7.781250,8.000000,7.500000,7.843750,4.910102,1166400
2000-10-11,7.500000,7.843750,7.250000,7.312500,4.577546,2108000
2000-10-12,7.312500,7.406250,7.125000,7.156250,4.479735,930000
2000-10-13,7.093750,7.562500,7.062500,7.437500,4.655795,1475600
2000-10-16,7.468750,7.875000,7.437500,7.812500,4.890541,1066800
2000-10-17,7.718750,7.750000,7.468750,7.562500,4.734045,868600
2000-10-18,7.500000,7.531250,7.250000,7.437500,4.655795,854000
2000-10-19,7.281250,7.937500,7.281250,7.812500,4.890541,1390600
2000-10-20,7.781250,7.875000,7.437500,7.562500,4.734045,623200
2000-10-23,7.500000,7.781250,7.437500,7.500000,4.694918,520600
2000-10-24,7.531250,7.843750,7.468750,7.625000,4.773166,709600
2000-10-25,7.718750,7.750000,7.375000,7.468750,4.675358,571400
2000-10-26,7.406250,7.562500,7.281250,7.343750,4.597108,457800
2000-10-27,7.375000,7.625000,7.375000,7.500000,4.694918,497800
2000-10-30,7.562500,8.000000,7.531250,7.906250,4.949227,697800
2000-10-31,7.781250,8.312500,7.781250,8.218750,5.144848,1472600
2000-11-01,8.093750,8.156250,7.937500,8.062500,5.047037,437400
2000-11-02,8.093750,8.750000,8.000000,8.593750,5.379595,2027200
2000-11-03,8.656250,8.687500,8.250000,8.437500,5.281782,887200
2000-11-06,8.625000,9.031250,8.406250,8.906250,5.575215,1946000
2000-11-07,9.031250,9.187500,8.968750,9.156250,5.731715,1757400
2000-11-08,9.093750,9.562500,9.000000,9.500000,5.946898,1924600
2000-11-09,9.250000,9.281250,8.750000,9.218750,5.770841,1246400
2000-11-10,9.218750,9.218750,8.562500,8.812500,5.516531,970600
2000-11-13,8.687500,9.093750,8.656250,8.937500,5.594777,713000
2000-11-14,8.968750,9.406250,8.937500,9.156250,5.731715,738000
2000-11-15,9.031250,9.125000,8.687500,9.062500,5.673028,752200
2000-11-16,8.750000,8.750000,8.375000,8.625000,5.399155,1783800
2000-11-17,8.625000,8.781250,8.500000,8.687500,5.438282,651200
2000-11-20,8.687500,8.687500,8.250000,8.437500,5.281782,603000
2000-11-21,8.437500,8.468750,7.937500,8.031250,5.027475,1106800
2000-11-22,8.031250,8.062500,7.750000,7.781250,4.870977,1051800
2000-11-24,7.906250,7.937500,7.843750,7.875000,4.929665,304000
2000-11-27,8.000000,8.625000,8.000000,8.250000,5.164412,978400
2000-11-28,8.218750,8.218750,8.000000,8.187500,5.153396,1086200
2000-11-29,8.125000,8.187500,7.937500,8.125000,5.114057,943800
2000-11-30,8.093750,8.125000,7.750000,8.031250,5.055049,1356800
2000-12-01,8.125000,8.156250,7.906250,8.000000,5.035378,476200
2000-12-04,7.906250,8.593750,7.906250,8.562500,5.389429,1757000
2000-12-05,8.375000,8.812500,8.312500,8.468750,5.330420,1296000
2000-12-06,8.343750,8.781250,8.281250,8.375000,5.271413,778600
2000-12-07,8.281250,8.281250,8.000000,8.218750,5.173064,616000
2000-12-08,8.250000,8.406250,8.187500,8.343750,5.251741,782800
2000-12-11,8.375000,8.406250,8.000000,8.125000,5.114057,647600
2000-12-12,8.125000,8.375000,7.968750,8.281250,5.212403,1462200
2000-12-13,8.312500,8.312500,7.906250,8.093750,5.094387,491800
2000-12-14,7.937500,8.031250,7.750000,7.812500,4.917363,523400
2000-12-15,7.687500,8.062500,7.625000,7.812500,4.917363,1325000
2000-12-18,8.000000,8.187500,7.906250,8.093750,5.094387,1004800
2000-12-19,8.125000,8.156250,7.687500,7.718750,4.858355,755400
2000-12-20,7.531250,7.937500,7.500000,7.906250,4.976371,806800
2000-12-21,7.437500,8.187500,7.437500,7.937500,4.996041,998400
2000-12-22,7.843750,8.406250,7.812500,8.343750,5.251741,859600
2000-12-26,8.250000,8.312500,7.968750,8.156250,5.133726,569600
2000-12-27,8.062500,9.187500,8.031250,9.156250,5.763150,1709200
2000-12-28,9.218750,9.687500,8.937500,9.375000,5.900835,1197800
2000-12-29,9.281250,9.343750,9.031250,9.093750,5.723809,644600
2001-01-02,9.093750,9.531250,9.062500,9.156250,5.763150,1002600
2001-01-03,9.187500,9.875000,9.062500,9.875000,6.215546,1621400
2001-01-04,9.687500,10.437500,9.437500,10.187500,6.412241,1472200
2001-01-05,9.750000,9.750000,9.281250,9.437500,5.940175,1822000
2001-01-08,9.375000,9.375000,9.000000,9.281250,5.841827,1469600
2001-01-09,9.406250,9.406250,9.250000,9.312500,5.861495,492800
2001-01-10,9.312500,9.406250,9.062500,9.250000,5.822157,381400
2001-01-11,9.250000,9.437500,9.093750,9.187500,5.782820,692600
2001-01-12,9.312500,9.437500,9.093750,9.437500,5.940175,393200
2001-01-16,9.343750,9.437500,9.093750,9.375000,5.900835,961800
2001-01-17,9.406250,9.437500,9.218750,9.406250,5.920506,427200
2001-01-18,9.218750,9.312500,9.031250,9.031250,5.684471,646200
2001-01-19,8.906250,8.968750,8.593750,8.750000,5.507446,691200
2001-01-22,8.625000,9.281250,8.562500,9.218750,5.802488,832400
2001-01-23,9.218750,9.250000,9.125000,9.218750,5.802488,536200
2001-01-24,9.093750,9.312500,9.062500,9.250000,5.822157,614400
2001-01-25,9.250000,9.843750,9.125000,9.500000,5.979515,1191800
2001-01-26,9.500000,9.687500,9.437500,9.531250,5.999182,474800
2001-01-29,9.470000,9.825000,9.275000,9.800000,6.168340,491000
2001-01-30,9.800000,10.000000,9.575000,9.770000,6.149456,613600
2001-01-31,9.670000,10.500000,9.650000,10.195000,6.416961,1534200
2001-02-01,10.195000,10.250000,10.010000,10.175000,6.404372,2246800
2001-02-02,10.175000,10.190000,9.950000,9.980000,6.281634,1640600
2001-02-05,10.000000,10.125000,9.655000,9.660000,6.080221,1019200
2001-02-06,9.950000,10.020000,9.690000,9.745000,6.133722,656400
2001-02-07,9.745000,10.220000,9.745000,10.090000,6.350873,531000
2001-02-08,10.050000,10.115000,9.300000,9.495000,5.976367,1329400
2001-02-09,9.495000,9.735000,9.130000,9.170000,5.771804,727000
2001-02-12,9.310000,9.700000,9.255000,9.600000,6.042454,1387400
2001-02-13,9.625000,9.750000,9.505000,9.685000,6.095956,485600
2001-02-14,9.625000,9.805000,9.530000,9.750000,6.136867,917200
2001-02-15,9.700000,10.090000,9.600000,10.090000,6.350873,982800
2001-02-16,10.050000,10.375000,10.000000,10.255000,6.454729,1299000
2001-02-20,10.260000,10.585000,10.100000,10.530000,6.627817,1340400
2001-02-21,10.425000,10.425000,9.720000,9.735000,6.127427,1797400
2001-02-22,9.730000,9.735000,9.025000,9.455000,5.951189,2312200
2001-02-23,9.250000,9.650000,9.050000,9.450000,5.948041,1196200
2001-02-26,9.575000,9.675000,9.450000,9.580000,6.058719,1150200
2001-02-27,9.585000,9.590000,9.375000,9.500000,6.008124,992600
2001-02-28,9.500000,9.550000,8.995000,9.225000,5.834203,1849400
2001-03-01,9.230000,9.230000,8.875000,8.965000,5.669773,1723200
2001-03-02,8.875000,8.875000,8.630000,8.875000,5.612851,779800
2001-03-05,8.875000,9.050000,8.800000,8.870000,5.609689,1004400
2001-03-06,8.850000,9.000000,8.825000,8.965000,5.669773,1433400
2001-03-07,8.970000,9.125000,8.915000,9.105000,5.758312,1375800
2001-03-08,9.090000,9.195000,9.065000,9.180000,5.805743,1018200
2001-03-09,9.155000,9.185000,9.050000,9.145000,5.783609,668800
2001-03-12,9.150000,9.150000,8.825000,8.830000,5.584391,625200
2001-03-13,8.750000,8.775000,8.515000,8.655000,5.473718,897000
2001-03-14,8.580000,8.625000,8.375000,8.575000,5.423123,727400
2001-03-15,8.375000,9.000000,8.375000,8.875000,5.612851,1238600
2001-03-16,8.750000,8.875000,8.475000,8.495000,5.372530,2055400
2001-03-19,8.650000,8.780000,8.625000,8.705000,5.505338,830600
2001-03-20,8.825000,9.020000,8.770000,8.860000,5.603366,1128600
2001-03-21,8.855000,8.860000,8.625000,8.625000,5.454742,797400
2001-03-22,8.525000,8.525000,8.050000,8.150000,5.154336,1693000
2001-03-23,8.150000,8.400000,8.055000,8.200000,5.185957,1265000
2001-03-26,8.320000,8.370000,8.075000,8.210000,5.192285,1083600
2001-03-27,8.215000,8.215000,7.900000,8.125000,5.138527,2147000
2001-03-28,8.130000,8.130000,7.800000,8.030000,5.078445,830800
2001-03-29,8.005000,8.225000,7.880000,8.175000,5.170148,728800
2001-03-30,8.150000,8.215000,8.000000,8.140000,5.148012,1046800
2001-04-02,8.260000,8.345000,8.125000,8.230000,5.204932,842000
2001-04-03,8.150000,8.375000,7.885000,7.930000,5.015202,834800
2001-04-04,7.980000,8.150000,7.950000,8.010000,5.065797,622200
2001-04-05,8.130000,8.425000,8.000000,8.405000,5.315607,1022200
2001-04-06,8.300000,8.425000,8.060000,8.310000,5.255526,884600
2001-04-09,8.475000,8.550000,8.390000,8.440000,5.337744,1123400
2001-04-10,8.405000,8.725000,8.405000,8.625000,5.454742,699200
2001-04-11,8.630000,8.675000,8.350000,8.450000,5.344067,1219200
2001-04-12,8.445000,8.445000,8.125000,8.295000,5.246038,843200
2001-04-16,8.295000,8.360000,8.070000,8.200000,5.185957,618800
2001-04-17,8.200000,8.395000,8.195000,8.275000,5.233390,560000
2001-04-18,8.375000,8.995000,8.375000,8.850000,5.597043,1140600
2001-04-19,8.875000,8.965000,8.730000,8.960000,5.666606,687400
2001-04-20,8.860000,8.925000,8.600000,8.730000,5.521151,1109000
2001-04-23,8.630000,9.020000,8.625000,8.910000,5.634987,875800
2001-04-24,8.900000,8.900000,8.290000,8.585000,5.429449,2184800
2001-04-25,8.600000,8.600000,8.450000,8.515000,5.385177,744800
2001-04-26,8.515000,8.790000,8.450000,8.775000,5.549608,1069000
2001-04-27,8.875000,9.140000,8.850000,9.090000,5.748822,1124200
2001-04-30,9.050000,9.225000,8.950000,9.195000,5.815228,698200
2001-05-01,9.145000,9.230000,9.115000,9.230000,5.837366,392400
2001-05-02,9.250000,9.325000,9.175000,9.300000,5.881636,609600
2001-05-03,9.275000,9.325000,9.175000,9.225000,5.834203,701400
2001-05-04,9.125000,9.420000,9.010000,9.400000,5.944879,680600
2001-05-07,9.275000,9.275000,9.000000,9.130000,5.774121,1174600
2001-05-08,9.250000,9.250000,8.925000,9.000000,5.691908,626400
2001-05-09,9.050000,9.050000,8.855000,8.960000,5.666606,355000
2001-05-10,9.035000,9.360000,9.025000,9.150000,5.786771,947200
2001-05-11,9.200000,9.250000,9.070000,9.150000,5.786771,548800
2001-05-14,8.975000,9.100000,8.900000,9.000000,5.691908,926200
2001-05-15,9.000000,9.030000,8.925000,8.985000,5.682419,839400
2001-05-16,8.985000,9.125000,8.890000,9.095000,5.751986,1175400
2001-05-17,9.070000,9.290000,9.050000,9.275000,5.865827,856200
2001-05-18,9.280000,9.345000,9.080000,9.315000,5.891124,919000
2001-05-21,9.195000,9.495000,9.175000,9.475000,5.992313,1263200
2001-05-22,9.500000,9.595000,9.450000,9.535000,6.030258,1276200
2001-05-23,9.540000,9.540000,9.045000,9.195000,5.815228,870400
2001-05-24,9.220000,9.325000,9.215000,9.280000,5.868988,1049400
2001-05-25,9.100000,9.305000,9.050000,9.275000,5.865827,818000
2001-05-29,9.300000,9.365000,9.255000,9.325000,5.926199,789800
2001-05-30,9.275000,9.300000,9.200000,9.200000,5.846757,770400
2001-05-31,9.190000,9.300000,9.145000,9.265000,5.888068,544600
2001-06-01,9.250000,9.265000,9.025000,9.050000,5.751434,525400
2001-06-04,8.960000,9.075000,8.855000,8.970000,5.700590,512600
2001-06-05,8.970000,9.225000,8.915000,9.225000,5.862649,668000
2001-06-06,9.150000,9.250000,9.100000,9.180000,5.834048,323200
2001-06-07,9.060000,9.175000,8.950000,9.030000,5.738722,506800
2001-06-08,9.030000,9.225000,9.030000,9.180000,5.834048,260400
2001-06-11,9.130000,9.235000,9.080000,9.225000,5.862649,586000
2001-06-12,9.150000,9.250000,9.065000,9.195000,5.843582,481600
2001-06-13,9.200000,9.250000,9.175000,9.200000,5.846757,428200
2001-06-14,9.175000,9.225000,9.005000,9.025000,5.735543,277200
2001-06-15,8.775000,8.990000,8.775000,8.955000,5.691055,967800
2001-06-18,8.900000,9.125000,8.875000,9.000000,5.719658,456400
2001-06-19,9.050000,9.175000,8.925000,8.980000,5.706945,534600
2001-06-20,9.000000,9.070000,8.985000,9.030000,5.738722,495000
2001-06-21,8.955000,9.180000,8.925000,9.150000,5.814984,722000
2001-06-22,9.150000,9.150000,8.945000,9.060000,5.757786,514200
2001-06-25,9.010000,9.050000,8.900000,9.000000,5.719658,873600
2001-06-26,8.950000,9.050000,8.900000,8.995000,5.716479,858400
2001-06-27,9.040000,9.040000,8.825000,8.865000,5.633861,343000
2001-06-28,8.865000,9.075000,8.850000,9.075000,5.767320,649000
2001-06-29,9.000000,9.410000,9.000000,9.275000,5.894422,829800
2001-07-02,9.280000,9.325000,9.030000,9.050000,5.751434,534400
2001-07-03,9.150000,9.150000,9.000000,9.035000,5.741899,267200
2001-07-05,8.850000,8.955000,8.800000,8.860000,5.630686,1392600
2001-07-06,8.835000,8.835000,8.500000,8.500000,5.401897,1102200
2001-07-09,8.550000,8.625000,8.500000,8.600000,5.465451,837000
2001-07-10,8.800000,8.970000,8.700000,8.875000,5.640219,1356000
2001-07-11,8.880000,9.150000,8.850000,9.100000,5.783210,1145000
2001-07-12,9.250000,9.475000,9.165000,9.440000,5.999283,604400
2001-07-13,9.445000,9.625000,9.295000,9.625000,6.116855,776400
2001-07-16,9.625000,9.745000,9.600000,9.630000,6.120029,455000
2001-07-17,9.600000,9.675000,9.520000,9.630000,6.120029,472800
2001-07-18,9.630000,9.985000,9.575000,9.985000,6.345638,976000
2001-07-19,9.875000,10.250000,9.805000,10.235000,6.504519,1554600
2001-07-20,10.215000,10.600000,10.190000,10.520000,6.685644,1601800
2001-07-23,10.450000,10.670000,10.410000,10.580000,6.723772,989600
2001-07-24,10.500000,10.860000,10.450000,10.860000,6.901718,1832000
2001-07-25,10.860000,11.305000,10.850000,11.250000,7.149575,3101400
2001-07-26,11.300000,11.350000,10.735000,10.800000,6.863590,1992400
2001-07-27,10.850000,10.905000,10.595000,10.830000,6.882651,1152200
2001-07-30,10.800000,10.975000,10.600000,10.960000,6.965271,621400
2001-07-31,10.975000,11.375000,10.880000,11.250000,7.149575,791600
2001-08-01,11.200000,11.300000,11.035000,11.165000,7.095551,752400
2001-08-02,11.100000,11.325000,11.000000,11.285000,7.171814,702000
2001-08-03,11.285000,11.470000,11.170000,11.470000,7.289385,1137400
2001-08-06,11.470000,11.485000,11.160000,11.190000,7.111438,1339000
2001-08-07,11.150000,11.150000,10.790000,10.950000,6.958915,2076000
2001-08-08,10.950000,11.225000,10.750000,10.800000,6.863590,1307000
2001-08-09,10.875000,10.910000,10.650000,10.700000,6.800039,699800
2001-08-10,10.600000,10.705000,10.475000,10.600000,6.736484,939600
2001-08-13,10.700000,10.715000,10.505000,10.625000,6.752371,500600
2001-08-14,10.600000,10.765000,10.550000,10.615000,6.746019,616200
2001-08-15,10.615000,10.850000,10.600000,10.770000,6.844524,430600
2001-08-16,10.700000,10.730000,10.525000,10.700000,6.800039,987400
2001-08-17,10.750000,10.750000,10.400000,10.415000,6.618911,1048400
2001-08-20,10.425000,10.550000,10.370000,10.500000,6.672932,637800
2001-08-21,10.500000,10.500000,9.995000,10.000000,6.355174,1577400
2001-08-22,10.100000,10.125000,10.000000,10.085000,6.409192,822200
2001-08-23,10.100000,10.150000,9.805000,9.915000,6.301154,861600
2001-08-24,9.915000,10.450000,9.800000,10.450000,6.641155,818200
2001-08-27,10.450000,10.500000,10.155000,10.185000,6.472745,360600
2001-08-28,10.135000,10.135000,9.900000,9.975000,6.339286,342200
2001-08-29,9.980000,10.000000,9.760000,9.905000,6.323327,415800
2001-08-30,9.875000,9.925000,9.500000,9.500000,6.064778,630000
2001-08-31,9.575000,10.025000,9.525000,10.025000,6.399934,1043200
2001-09-04,10.025000,10.500000,10.025000,10.375000,6.623374,1587000
2001-09-05,10.300000,10.375000,10.025000,10.230000,6.530805,1294200
2001-09-06,10.150000,10.200000,9.810000,9.915000,6.329709,925600
2001-09-07,9.790000,9.790000,9.400000,9.575000,6.112656,1291000
2001-09-10,9.425000,9.540000,9.390000,9.510000,6.071160,1050400
2001-09-17,9.210000,9.210000,8.160000,8.160000,5.209321,1402800
2001-09-18,8.150000,8.200000,7.890000,8.030000,5.126330,1281400
2001-09-19,8.035000,8.050000,7.635000,7.830000,4.998651,1529400
2001-09-20,7.800000,7.825000,7.400000,7.435000,4.746483,1234400
2001-09-21,7.185000,7.550000,7.180000,7.430000,4.743292,1289800
2001-09-24,7.600000,8.105000,7.575000,8.100000,5.171019,1449000
2001-09-25,8.250000,8.480000,7.840000,8.000000,5.107179,1751600
2001-09-26,8.000000,8.000000,7.225000,7.465000,4.765635,2840400
2001-09-27,7.365000,7.370000,6.900000,7.215000,4.606039,1804200
2001-09-28,7.265000,7.450000,7.090000,7.225000,4.612421,2719800
2001-10-01,7.230000,7.230000,6.960000,7.125000,4.548581,2009800
2001-10-02,7.175000,7.550000,7.125000,7.490000,4.781596,1227600
2001-10-03,7.490000,7.945000,7.430000,7.660000,4.890124,1724800
2001-10-04,7.775000,8.055000,7.600000,7.835000,5.001843,1561000
2001-10-05,7.785000,8.070000,7.640000,7.990000,5.100797,807200
2001-10-08,7.740000,7.800000,7.640000,7.730000,4.934813,667200
2001-10-09,7.730000,7.800000,7.525000,7.585000,4.842244,1083800
2001-10-10,7.585000,7.950000,7.250000,7.915000,5.052915,3299600
2001-10-11,7.875000,8.375000,7.850000,8.180000,5.222090,1781400
2001-10-12,8.100000,8.120000,7.825000,7.935000,5.065684,630000
2001-10-15,7.910000,7.950000,7.790000,7.910000,5.049723,501000
2001-10-16,8.025000,8.100000,7.955000,8.085000,5.161440,488200
2001-10-17,8.050000,8.110000,7.645000,7.645000,4.880548,1265600
2001-10-18,7.700000,7.700000,7.455000,7.500000,4.787982,629800
2001-10-19,7.515000,7.900000,7.355000,7.840000,5.005034,971000
2001-10-22,7.840000,7.840000,7.550000,7.575000,4.835860,1278200
2001-10-23,7.600000,7.800000,7.375000,7.480000,4.775211,1604800
2001-10-24,7.500000,7.500000,7.300000,7.300000,4.660301,737000
2001-10-25,7.275000,7.595000,7.110000,7.490000,4.781596,829800
2001-10-26,7.440000,7.785000,7.400000,7.770000,4.960346,1007000
2001-10-29,7.755000,7.755000,7.425000,7.450000,4.756061,520800
2001-10-30,7.400000,7.425000,7.000000,7.050000,4.500702,831800
2001-10-31,7.100000,7.445000,7.020000,7.050000,4.500702,1154600
2001-11-01,7.250000,7.325000,7.150000,7.300000,4.660301,719200
2001-11-02,7.180000,7.500000,7.125000,7.325000,4.676261,628000
2001-11-05,7.375000,7.765000,7.355000,7.755000,4.950773,927800
2001-11-06,7.750000,7.940000,7.500000,7.890000,5.036954,540200
2001-11-07,7.850000,8.015000,7.675000,7.990000,5.100797,1010400
2001-11-08,7.990000,8.340000,7.795000,7.820000,4.992266,1050800
2001-11-09,7.770000,7.950000,7.705000,7.885000,5.033764,275200
2001-11-12,7.810000,8.015000,7.600000,7.850000,5.011418,346600
2001-11-13,7.950000,8.200000,7.900000,8.140000,5.196557,446000
2001-11-14,8.225000,8.690000,8.200000,8.680000,5.541290,1404000
2001-11-15,8.650000,9.200000,8.645000,8.910000,5.688120,2321800
2001-11-16,10.365000,10.700000,9.805000,9.925000,6.336094,7846000
2001-11-19,10.000000,10.400000,9.975000,10.040000,6.409510,1932200
2001-11-20,10.040000,10.340000,10.025000,10.080000,6.435042,1442200
2001-11-21,10.000000,10.240000,9.950000,10.045000,6.412702,1221800
2001-11-23,10.125000,10.440000,10.095000,10.115000,6.457392,813000
2001-11-26,9.990000,10.075000,9.750000,10.035000,6.406316,1869200
2001-11-27,10.000000,10.120000,9.805000,10.005000,6.387167,1009200
2001-11-28,9.850000,9.880000,9.700000,9.735000,6.242875,1761800
2001-11-29,9.750000,9.750000,9.510000,9.555000,6.127444,1285600
2001-11-30,9.575000,9.685000,9.350000,9.465000,6.069732,1296400
2001-12-03,9.465000,9.465000,9.225000,9.305000,5.967128,1112000
2001-12-04,9.255000,9.495000,9.230000,9.465000,6.069732,1003600
2001-12-05,9.445000,9.920000,9.425000,9.870000,6.329452,1185800
2001-12-06,9.700000,9.985000,9.700000,9.850000,6.316625,994600
2001-12-07,9.650000,9.725000,9.570000,9.720000,6.233259,863800
2001-12-10,9.700000,9.715000,9.575000,9.655000,6.191575,869000
2001-12-11,9.530000,9.625000,9.400000,9.515000,6.101795,1068800
2001-12-12,9.390000,9.500000,9.260000,9.460000,6.066524,738200
2001-12-13,9.360000,9.365000,9.175000,9.285000,5.954300,767600
2001-12-14,9.235000,9.400000,9.125000,9.320000,5.976744,591400
2001-12-17,9.355000,9.425000,9.075000,9.400000,6.028045,899800
2001-12-18,9.400000,9.490000,9.300000,9.465000,6.069732,567200
2001-12-19,9.460000,9.495000,9.210000,9.470000,6.072936,817600
2001-12-20,9.450000,9.750000,9.420000,9.660000,6.194782,1281600
2001-12-21,9.650000,9.745000,9.600000,9.685000,6.210815,1404000
2001-12-24,9.685000,9.815000,9.575000,9.780000,6.271736,391200
2001-12-26,9.875000,10.235000,9.860000,9.955000,6.383958,791000
2001-12-27,9.960000,10.175000,9.850000,9.985000,6.403196,645000
2001-12-28,9.935000,10.200000,9.890000,10.185000,6.531454,717000
2001-12-31,10.250000,10.350000,10.100000,10.115000,6.486567,1334200
2002-01-02,10.040000,10.075000,9.825000,9.955000,6.383958,1203000
2002-01-03,10.080000,10.395000,10.015000,10.305000,6.608408,992600
2002-01-04,10.330000,10.625000,10.310000,10.525000,6.749489,1108600
2002-01-07,10.650000,10.650000,10.245000,10.405000,6.672536,945000
2002-01-08,11.250000,11.500000,10.840000,11.185000,7.172737,4265400
2002-01-09,11.315000,11.495000,10.750000,10.805000,6.929049,1618400
2002-01-10,10.810000,11.125000,10.810000,10.965000,7.031653,900600
2002-01-11,10.990000,10.990000,10.700000,10.705000,6.864920,747000
2002-01-14,10.605000,10.750000,10.465000,10.495000,6.730250,636600
2002-01-15,10.500000,10.585000,10.410000,10.465000,6.711011,944800
2002-01-16,10.400000,10.450000,10.220000,10.330000,6.624440,983200
2002-01-17,10.335000,10.425000,10.200000,10.405000,6.672536,711400
2002-01-18,10.380000,10.770000,10.280000,10.735000,6.884161,1082000
2002-01-22,10.750000,10.975000,10.750000,10.895000,6.986767,764400
2002-01-23,10.875000,11.145000,10.835000,11.100000,7.118227,948400
2002-01-24,11.750000,12.370000,11.500000,12.125000,7.775539,5290200
2002-01-25,12.050000,12.355000,11.930000,12.030000,7.714619,2185800
2002-01-28,12.050000,12.750000,12.050000,12.550000,8.048087,3477400
2002-01-29,12.425000,12.725000,12.350000,12.440000,7.977544,2191200
2002-01-30,12.475000,12.680000,12.360000,12.525000,8.032055,2063000
2002-01-31,12.500000,12.675000,12.425000,12.650000,8.112210,1862000
2002-02-01,12.500000,12.635000,12.425000,12.490000,8.009606,1177800
2002-02-04,12.485000,12.530000,12.250000,12.260000,7.862115,1353800
2002-02-05,12.185000,12.400000,12.100000,12.160000,7.797985,1079400
2002-02-06,12.085000,12.275000,11.975000,12.035000,7.717825,830400
2002-02-07,12.000000,12.250000,11.785000,11.790000,7.560711,2894600
2002-02-08,11.790000,11.790000,11.220000,11.530000,7.393978,3123000
2002-02-11,11.540000,11.865000,11.500000,11.700000,7.502995,1878800
2002-02-12,11.750000,11.865000,11.540000,11.810000,7.573539,1033400
2002-02-13,11.825000,12.690000,11.755000,12.650000,8.112210,3336400
2002-02-14,12.650000,12.650000,12.250000,12.335000,7.910209,1438600
2002-02-15,13.000000,13.000000,12.390000,12.455000,7.987163,3492400
2002-02-19,12.250000,12.450000,12.155000,12.205000,7.826843,896000
2002-02-20,12.305000,12.640000,12.220000,12.550000,8.048087,999800
2002-02-21,12.425000,13.075000,12.425000,12.690000,8.137868,1757000
2002-02-22,12.450000,12.605000,12.250000,12.540000,8.041671,3113400
2002-02-25,12.535000,12.950000,12.535000,12.680000,8.131450,1287600
2002-02-26,12.750000,12.950000,12.660000,12.910000,8.308433,1105200
2002-02-27,12.915000,13.125000,12.650000,12.790000,8.231204,1340400
2002-02-28,12.750000,12.880000,12.525000,12.730000,8.192590,846000
2002-03-01,12.735000,13.000000,12.575000,12.955000,8.337390,1273200
2002-03-04,12.955000,13.145000,12.800000,13.115000,8.440368,1214200
2002-03-05,12.875000,12.910000,12.570000,12.680000,8.160414,1306200
2002-03-06,12.580000,12.925000,12.490000,12.925000,8.318087,944000
2002-03-07,13.000000,13.070000,12.505000,12.705000,8.176502,1887200
2002-03-08,12.775000,12.875000,12.450000,12.700000,8.173288,1425000
2002-03-11,12.825000,12.875000,12.610000,12.850000,8.269822,1059600
2002-03-12,12.850000,13.100000,12.750000,13.100000,8.430710,757800
2002-03-13,13.095000,13.095000,12.595000,12.870000,8.282689,1054400
2002-03-14,12.870000,13.040000,12.825000,12.945000,8.330956,590000
2002-03-15,12.945000,12.990000,12.765000,12.990000,8.359915,807200
2002-03-18,12.825000,13.005000,12.430000,12.965000,8.343828,1061400
2002-03-19,12.915000,13.075000,12.775000,12.825000,8.253730,703200
2002-03-20,12.700000,12.725000,12.450000,12.610000,8.115361,1465400
2002-03-21,12.550000,12.575000,12.205000,12.395000,7.976996,753200
2002-03-22,12.350000,12.435000,12.250000,12.380000,7.967344,599800
2002-03-25,12.350000,12.350000,11.900000,11.950000,7.690606,547600
2002-03-26,11.955000,12.450000,11.950000,12.250000,7.883682,802400
2002-03-27,12.225000,12.240000,11.950000,12.120000,7.800016,696400
2002-03-28,12.125000,12.350000,12.120000,12.250000,7.883682,623200
2002-04-01,12.255000,12.255000,11.650000,11.790000,7.587636,1767200
2002-04-02,11.790000,11.790000,11.075000,11.185000,7.198280,1608800
2002-04-03,11.150000,11.500000,11.125000,11.250000,7.240113,1241600
2002-04-04,11.300000,11.885000,11.225000,11.725000,7.545806,1391600
2002-04-05,11.800000,12.005000,11.775000,11.785000,7.584423,447800
2002-04-08,11.750000,12.120000,11.645000,12.010000,7.729224,819800
2002-04-09,12.125000,12.345000,11.810000,12.205000,7.854722,1885000
2002-04-10,12.275000,12.620000,12.155000,12.595000,8.105711,1194400
2002-04-11,12.500000,12.560000,12.105000,12.115000,7.796799,1581000
2002-04-12,12.115000,12.250000,12.105000,12.225000,7.867589,488600
2002-04-15,12.250000,12.295000,12.000000,12.070000,7.767836,525400
2002-04-16,12.135000,12.275000,12.125000,12.240000,7.877242,604800
2002-04-17,12.115000,12.465000,12.090000,12.265000,7.893332,792800
2002-04-18,12.365000,12.495000,12.195000,12.425000,7.996305,567200
2002-04-19,12.500000,12.550000,12.380000,12.460000,8.018827,592000
2002-04-22,12.460000,12.500000,12.020000,12.140000,7.812888,801400
2002-04-23,12.140000,12.345000,12.075000,12.200000,7.851500,410400
2002-04-24,12.225000,12.370000,11.885000,11.910000,7.664867,650600
2002-04-25,11.910000,11.910000,11.600000,11.790000,7.587636,971400
2002-04-26,11.875000,12.025000,11.725000,11.760000,7.568333,684200
2002-04-29,11.725000,11.825000,11.630000,11.645000,7.494323,985800
2002-04-30,11.645000,11.900000,11.525000,11.730000,7.549025,660800
2002-05-01,11.750000,11.790000,11.500000,11.750000,7.561899,494800
2002-05-02,11.750000,11.795000,11.625000,11.725000,7.545806,689200
2002-05-03,11.725000,11.725000,11.250000,11.455000,7.372044,689400
2002-05-06,11.455000,11.565000,11.250000,11.255000,7.243330,560400
2002-05-07,11.295000,11.575000,11.225000,11.505000,7.404223,608800
2002-05-08,11.700000,11.800000,11.400000,11.540000,7.426748,1179400
2002-05-09,11.850000,12.205000,11.825000,11.855000,7.629471,1650600
2002-05-10,11.900000,12.300000,11.900000,12.115000,7.796799,1453600
2002-05-13,12.160000,12.355000,12.160000,12.230000,7.870808,682600
2002-05-14,12.450000,12.965000,12.400000,12.875000,8.285907,2013600
2002-05-15,12.875000,13.270000,12.860000,13.185000,8.485414,1742600
2002-05-16,13.060000,13.125000,12.800000,13.100000,8.430710,821400
2002-05-17,13.000000,13.435000,12.970000,13.035000,8.388879,695600
2002-05-20,12.910000,12.950000,12.650000,12.865000,8.279472,762800
2002-05-21,12.865000,12.870000,12.425000,12.500000,8.044569,804800
2002-05-22,12.375000,12.495000,12.285000,12.405000,7.983431,688000
2002-05-23,12.410000,12.700000,12.405000,12.680000,8.160414,538000
2002-05-24,12.680000,12.870000,12.545000,12.550000,8.076749,476000
2002-05-28,12.500000,12.575000,12.125000,12.275000,7.899771,603600
2002-05-29,12.270000,12.365000,12.000000,12.120000,7.828717,545000
2002-05-30,12.070000,12.095000,11.600000,11.825000,7.638164,826200
2002-05-31,11.900000,12.350000,11.885000,12.310000,7.951445,1092000
2002-06-03,12.275000,12.375000,12.040000,12.075000,7.799649,844400
2002-06-04,11.975000,12.000000,11.500000,11.705000,7.560656,1595600
2002-06-05,11.710000,12.150000,11.710000,12.135000,7.838404,1230800
2002-06-06,12.300000,12.425000,11.975000,12.000000,7.751206,1264200
2002-06-07,12.005000,12.260000,11.820000,12.210000,7.886850,706400
2002-06-10,12.225000,12.500000,12.150000,12.260000,7.919148,409600
2002-06-11,12.260000,12.615000,12.060000,12.100000,7.815800,1154000
2002-06-12,12.100000,12.335000,12.000000,12.310000,7.951445,855600
2002-06-13,12.260000,12.260000,11.755000,11.765000,7.599410,603400
2002-06-14,11.725000,11.745000,11.300000,11.710000,7.563882,1123400
2002-06-17,11.745000,12.175000,11.705000,12.150000,7.848093,722800
2002-06-18,12.025000,12.125000,11.850000,11.880000,7.673688,742200
2002-06-19,11.840000,11.990000,11.725000,11.875000,7.670463,689800
2002-06-20,11.875000,12.000000,11.630000,11.630000,7.512208,652800
2002-06-21,11.400000,11.700000,11.365000,11.400000,7.363642,1001600
2002-06-24,11.440000,11.550000,11.105000,11.430000,7.383019,547600
2002-06-25,11.500000,11.650000,11.185000,11.200000,7.234459,554000
2002-06-26,11.200000,11.205000,10.760000,11.125000,7.186011,1094800
2002-06-27,11.325000,11.355000,10.800000,11.245000,7.263523,959200
2002-06-28,11.275000,11.550000,11.240000,11.325000,7.315196,1249600
2002-07-01,11.200000,11.405000,10.905000,10.975000,7.089121,734600
2002-07-02,10.970000,10.970000,10.375000,10.515000,6.791990,1300600
2002-07-03,10.300000,10.685000,10.175000,10.545000,6.811368,910400
2002-07-05,10.600000,11.175000,10.580000,11.120000,7.182781,323600
2002-07-08,11.120000,11.320000,11.075000,11.175000,7.218309,764600
2002-07-09,11.150000,11.500000,10.950000,11.000000,7.105270,919400
2002-07-10,11.075000,11.160000,10.625000,10.660000,6.885650,1052000
2002-07-11,10.625000,10.720000,10.020000,10.395000,6.714482,1563800
2002-07-12,10.425000,10.470000,9.890000,9.890000,6.388284,1364600
2002-07-15,9.800000,9.805000,8.955000,9.510000,6.142831,1955200
2002-07-16,9.450000,9.565000,8.915000,9.410000,6.078236,2138800
2002-07-17,9.460000,9.650000,9.025000,9.345000,6.036249,2232200
2002-07-18,9.250000,9.770000,9.200000,9.395000,6.068548,1055800
2002-07-19,9.295000,9.300000,8.900000,8.975000,5.797255,1309600
2002-07-22,8.925000,9.230000,8.385000,8.655000,5.590557,1590800
2002-07-23,8.805000,9.075000,8.510000,8.800000,5.684217,1233000
2002-07-24,8.750000,9.485000,8.290000,9.450000,6.104074,1202200
2002-07-25,9.450000,9.485000,8.930000,9.150000,5.910293,2343800
2002-07-26,9.150000,9.485000,9.100000,9.205000,5.945820,1867800
2002-07-29,9.455000,10.050000,9.450000,9.925000,6.410891,1770800
2002-07-30,9.925000,10.020000,9.450000,9.790000,6.323693,1157800
2002-07-31,9.700000,9.700000,9.175000,9.450000,6.104074,1294000
2002-08-01,9.350000,9.440000,8.925000,8.995000,5.810174,1181600
2002-08-02,9.000000,9.000000,8.255000,8.530000,5.509813,1910200
2002-08-05,8.405000,8.645000,8.275000,8.360000,5.400005,1419400
2002-08-06,8.485000,9.000000,8.425000,8.870000,5.729431,1438600
2002-08-07,8.920000,9.030000,8.230000,8.655000,5.590557,1739800
2002-08-08,8.810000,8.810000,8.290000,8.710000,5.626082,1516200
2002-08-09,8.710000,8.845000,8.465000,8.780000,5.671297,805800
2002-08-12,8.555000,8.750000,8.450000,8.690000,5.613164,1231400
2002-08-13,8.525000,8.985000,8.505000,8.615000,5.564720,900400
2002-08-14,8.620000,9.250000,8.620000,9.220000,5.955506,804800
2002-08-15,9.900000,10.750000,9.750000,10.310000,6.659578,3043000
2002-08-16,10.300000,10.500000,9.955000,10.340000,6.678953,1558600
2002-08-19,10.190000,10.580000,10.075000,10.490000,6.775844,1014600
2002-08-20,10.490000,10.575000,10.155000,10.405000,6.720939,826200
2002-08-21,10.420000,10.600000,10.250000,10.300000,6.653121,1679000
2002-08-22,10.390000,10.410000,10.225000,10.410000,6.724167,1263400
2002-08-23,10.335000,10.340000,10.050000,10.090000,6.517472,1305000
2002-08-26,10.100000,10.200000,9.930000,10.065000,6.501321,1735800
2002-08-27,9.940000,9.945000,9.250000,9.585000,6.191275,2389600
2002-08-28,9.410000,9.505000,9.325000,9.490000,6.162053,1645000
2002-08-29,9.450000,9.555000,9.190000,9.470000,6.149067,1115200
2002-08-30,9.450000,9.700000,9.400000,9.665000,6.275687,1360800
2002-09-03,9.540000,9.675000,9.310000,9.595000,6.230234,1118400
2002-09-04,9.595000,9.980000,9.550000,9.955000,6.463990,1196400
2002-09-05,9.780000,9.835000,9.425000,9.655000,6.269192,824800
2002-09-06,10.225000,10.625000,10.025000,10.575000,6.866568,2194600
2002-09-09,10.675000,10.860000,10.410000,10.670000,6.928254,2079600
2002-09-10,10.680000,10.825000,10.600000,10.825000,7.028897,1010800
2002-09-11,10.925000,10.965000,10.670000,10.705000,6.950982,545800
2002-09-12,10.600000,10.600000,10.415000,10.465000,6.795143,722800
2002-09-13,10.350000,10.635000,10.215000,10.620000,6.895789,719600
2002-09-16,10.550000,10.725000,10.400000,10.500000,6.817868,1053400
2002-09-17,10.800000,10.845000,10.395000,10.475000,6.801639,901400
2002-09-18,10.375000,10.500000,10.205000,10.275000,6.671772,1911200
2002-09-19,10.280000,10.380000,10.125000,10.225000,6.639305,897600
2002-09-20,10.250000,10.425000,10.155000,10.300000,6.688007,1427600
2002-09-23,10.175000,10.175000,9.600000,9.775000,6.347108,1479800
2002-09-24,9.750000,9.755000,9.475000,9.610000,6.239973,1019800
2002-09-25,9.735000,10.000000,9.575000,9.825000,6.379576,993600
2002-09-26,9.860000,10.175000,9.830000,10.095000,6.554894,980000
2002-09-27,10.100000,10.100000,9.630000,9.675000,6.282180,920800
2002-09-30,9.430000,9.430000,8.750000,8.970000,5.824409,2963800
2002-10-01,8.970000,9.000000,8.470000,8.885000,5.769215,2257000
2002-10-02,8.885000,9.085000,8.675000,8.900000,5.778955,1499800
2002-10-03,8.900000,8.950000,8.455000,8.500000,5.519227,1263400
2002-10-04,8.510000,8.675000,8.100000,8.495000,5.515979,1653600
2002-10-07,8.495000,8.495000,7.650000,7.855000,5.100415,3350000
2002-10-08,7.925000,8.305000,7.530000,8.115000,5.269238,3520200
2002-10-09,7.965000,8.000000,7.670000,7.745000,5.028990,1235200
2002-10-10,7.745000,8.550000,7.745000,8.485000,5.509486,3866600
2002-10-11,8.750000,9.785000,8.700000,9.305000,6.041930,4199000
2002-10-14,9.305000,9.550000,9.130000,9.180000,5.960764,1544400
2002-10-15,9.680000,9.960000,9.570000,9.650000,6.265947,1880000
2002-10-16,9.525000,9.645000,9.005000,9.150000,5.941285,1296200
2002-10-17,9.475000,9.565000,9.320000,9.445000,6.132836,1393400
2002-10-18,9.435000,9.680000,9.300000,9.610000,6.239973,1485400
2002-10-21,9.500000,9.750000,9.270000,9.740000,6.324384,993800
2002-10-22,9.700000,9.970000,9.470000,9.745000,6.327632,1357000
2002-10-23,9.585000,10.150000,9.500000,10.020000,6.506196,1932000
2002-10-24,10.125000,10.300000,9.945000,10.075000,6.541909,1414000
2002-10-25,10.075000,10.550000,9.955000,10.490000,6.811376,1449600
2002-10-28,10.500000,10.600000,9.915000,9.965000,6.470483,1205200
2002-10-29,9.970000,10.255000,9.540000,10.110000,6.564638,1346800
2002-10-30,10.110000,10.150000,9.750000,10.035000,6.515934,1496600
2002-10-31,10.075000,10.300000,9.950000,9.960000,6.467236,1136400
2002-11-01,9.960000,10.375000,9.915000,10.340000,6.713977,1529400
2002-11-04,10.425000,10.450000,9.915000,9.955000,6.463990,1190000
2002-11-05,10.000000,10.500000,10.000000,10.500000,6.817868,1762400
2002-11-06,10.500000,10.740000,10.375000,10.650000,6.915269,1512000
2002-11-07,10.775000,11.150000,10.750000,10.940000,7.103570,3725200
2002-11-08,10.975000,11.120000,10.835000,11.000000,7.142527,1908800
2002-11-11,10.910000,10.910000,10.520000,10.685000,6.937994,1057600
2002-11-12,10.600000,11.195000,10.450000,11.015000,7.152268,1897600
2002-11-13,9.250000,9.825000,9.135000,9.560000,6.207508,10980000
2002-11-14,9.650000,10.200000,9.550000,10.085000,6.548400,3556800
2002-11-15,9.925000,10.145000,9.900000,10.055000,6.528922,1877600
2002-11-18,9.930000,9.995000,9.525000,9.730000,6.317890,1827200
2002-11-19,9.730000,9.730000,9.350000,9.565000,6.210752,2210000
2002-11-20,9.100000,10.225000,9.100000,10.110000,6.564638,3079400
2002-11-21,10.115000,10.220000,9.910000,10.000000,6.493207,2080200
2002-11-22,9.975000,10.100000,9.825000,9.910000,6.434771,1608600
2002-11-25,9.910000,10.000000,9.800000,9.955000,6.463990,959600
2002-11-26,9.855000,9.900000,9.700000,9.745000,6.359572,1004200
2002-11-27,9.795000,10.145000,9.765000,10.110000,6.597772,1286000
2002-11-29,10.110000,10.150000,9.960000,10.000000,6.525986,586200
2002-12-02,10.325000,10.675000,9.940000,10.000000,6.525986,1011400
2002-12-03,9.975000,10.050000,9.625000,9.765000,6.372626,917000
2002-12-04,9.565000,10.310000,9.510000,10.130000,6.610823,2342400
2002-12-05,10.130000,10.130000,9.745000,9.935000,6.483566,2136600
2002-12-06,9.810000,9.930000,9.700000,9.875000,6.444412,1535200
2002-12-09,9.825000,9.825000,9.535000,9.585000,6.255157,1727200
2002-12-10,9.650000,9.825000,9.505000,9.790000,6.388942,839800
2002-12-11,9.740000,9.885000,9.655000,9.765000,6.372626,2744600
2002-12-12,9.850000,9.850000,9.375000,9.560000,6.238843,1426200
2002-12-13,9.510000,9.540000,9.290000,9.350000,6.101796,857200
2002-12-16,9.350000,9.665000,9.280000,9.655000,6.300838,895000
2002-12-17,9.655000,9.655000,9.325000,9.395000,6.131165,1242200
2002-12-18,9.315000,9.315000,9.000000,9.150000,5.971278,1319800
2002-12-19,9.150000,9.375000,9.000000,9.000000,5.873388,1232000
2002-12-20,9.245000,9.525000,9.200000,9.455000,6.170318,1755400
2002-12-23,9.460000,9.460000,9.175000,9.390000,6.127900,2151000
2002-12-24,9.265000,9.410000,9.130000,9.390000,6.127900,610000
2002-12-26,9.395000,9.700000,9.300000,9.445000,6.163793,1110800
2002-12-27,9.445000,9.500000,9.315000,9.395000,6.131165,900000
2002-12-30,9.395000,9.695000,9.200000,9.505000,6.202947,1353800
2002-12-31,9.455000,9.610000,9.435000,9.485000,6.189898,1349800
2003-01-02,9.575000,9.810000,9.545000,9.755000,6.366100,1005600
2003-01-03,9.750000,9.750000,9.465000,9.535000,6.222529,793600
2003-01-06,9.535000,9.630000,9.450000,9.505000,6.202947,1265000
2003-01-07,9.405000,9.620000,9.405000,9.550000,6.232316,1041000
2003-01-08,9.425000,9.550000,9.350000,9.400000,6.134426,1033400
2003-01-09,9.750000,9.750000,9.445000,9.720000,6.343259,2478800
2003-01-10,9.595000,9.750000,9.470000,9.605000,6.268210,1611000
2003-01-13,9.615000,9.730000,9.375000,9.415000,6.144215,1830800
2003-01-14,9.415000,9.665000,9.415000,9.545000,6.229052,632200
2003-01-15,9.420000,9.620000,9.400000,9.590000,6.258419,1373400
2003-01-16,9.665000,9.755000,9.455000,9.525000,6.216001,1105200
2003-01-17,9.525000,9.575000,9.350000,9.390000,6.127900,803200
2003-01-21,9.450000,9.450000,9.100000,9.120000,5.951697,956600
2003-01-22,8.995000,9.250000,8.995000,9.110000,5.945175,1097800
2003-01-23,9.155000,9.360000,9.130000,9.320000,6.082218,1091200
2003-01-24,9.245000,9.300000,9.040000,9.095000,5.935382,1282600
2003-01-27,9.000000,9.160000,8.935000,9.040000,5.899490,1321200
2003-01-28,9.090000,9.245000,8.980000,9.185000,5.994122,1933000
2003-01-29,9.110000,9.195000,8.990000,9.105000,5.941911,1182200
2003-01-30,9.180000,9.315000,8.960000,8.995000,5.870122,855200
2003-01-31,8.995000,9.130000,8.960000,9.020000,5.886438,719200
2003-02-03,9.040000,9.300000,9.000000,9.115000,5.948438,939600
2003-02-04,9.050000,9.055000,8.840000,8.875000,5.791813,1108800
2003-02-05,8.975000,9.055000,8.765000,8.775000,5.726552,1426600
2003-02-06,8.850000,8.860000,8.640000,8.670000,5.658029,1101600
2003-02-07,8.700000,8.755000,8.390000,8.425000,5.498142,1123600
2003-02-10,8.450000,8.605000,8.375000,8.605000,5.615611,1114400
2003-02-11,8.725000,8.875000,8.620000,8.635000,5.635190,950800
2003-02-12,8.585000,8.735000,8.575000,8.615000,5.622137,628400
2003-02-13,8.580000,8.605000,8.400000,8.525000,5.563402,949800
2003-02-14,8.520000,8.665000,8.395000,8.655000,5.648241,799800
2003-02-18,8.655000,8.850000,8.625000,8.850000,5.775498,659800
2003-02-19,8.850000,8.860000,8.520000,8.625000,5.628661,518000
2003-02-20,8.725000,8.725000,8.455000,8.585000,5.602559,1121200
2003-02-21,8.535000,8.650000,8.450000,8.620000,5.625401,2212200
2003-02-24,8.620000,8.625000,8.205000,8.315000,5.426357,1844200
2003-02-25,8.150000,8.500000,8.030000,8.500000,5.547087,2978800
2003-02-26,8.450000,8.450000,8.210000,8.280000,5.435488,1322800
2003-02-27,8.295000,8.415000,8.185000,8.415000,5.524111,1166000
2003-02-28,8.515000,8.535000,8.420000,8.505000,5.583191,1948600
2003-03-03,8.505000,8.610000,8.450000,8.480000,5.566781,1524800
2003-03-04,8.460000,8.465000,8.320000,8.355000,5.484724,2000000
2003-03-05,8.330000,8.375000,8.235000,8.330000,5.468313,1275600
2003-03-06,8.280000,8.500000,8.200000,8.395000,5.510983,1236400
2003-03-07,8.400000,8.500000,8.325000,8.475000,5.563499,3089600
2003-03-10,8.450000,8.500000,8.405000,8.425000,5.530674,1442800
2003-03-11,8.425000,8.505000,8.215000,8.215000,5.392819,869800
2003-03-12,8.140000,8.290000,8.140000,8.180000,5.369844,1318600
2003-03-13,8.305000,8.455000,8.240000,8.445000,5.543804,1560000
2003-03-14,8.490000,8.625000,8.430000,8.590000,5.638992,937200
2003-03-17,8.585000,9.090000,8.530000,9.090000,5.967223,1522000
2003-03-18,9.140000,9.185000,8.985000,9.050000,5.940964,1149600
2003-03-19,9.070000,9.180000,8.950000,9.075000,5.957374,1105800
2003-03-20,9.000000,9.205000,8.865000,9.115000,5.983637,1583000
2003-03-21,9.240000,9.305000,9.100000,9.230000,6.059125,1584200
2003-03-24,9.075000,9.095000,8.740000,8.870000,5.822802,1122000
2003-03-25,8.870000,8.965000,8.815000,8.940000,5.868754,1072800
2003-03-26,8.945000,9.000000,8.825000,8.925000,5.858907,1087600
2003-03-27,8.900000,8.910000,8.645000,8.745000,5.740743,1206200
2003-03-28,8.700000,8.725000,8.625000,8.660000,5.684943,787600
2003-03-31,8.250000,8.450000,7.500000,8.100000,5.317327,4960800
2003-04-01,8.100000,8.145000,7.920000,8.000000,5.251681,2042000
2003-04-02,8.175000,8.265000,8.090000,8.115000,5.327172,1895000
2003-04-03,8.150000,8.300000,8.100000,8.235000,5.405947,1326000
2003-04-04,8.275000,8.300000,8.175000,8.265000,5.425642,1347200
2003-04-07,8.425000,8.485000,8.270000,8.275000,5.432207,1958400
2003-04-08,8.270000,8.270000,8.065000,8.190000,5.376408,1583400
2003-04-09,8.190000,8.250000,8.020000,8.050000,5.284503,946600
2003-04-10,8.050000,8.320000,8.025000,8.260000,5.422359,1692800
2003-04-11,8.310000,8.375000,8.135000,8.205000,5.386254,1108200
2003-04-14,8.275000,8.415000,8.130000,8.415000,5.524111,1617000
2003-04-15,8.415000,8.515000,8.330000,8.500000,5.579912,968200
2003-04-16,8.475000,8.525000,8.305000,8.305000,5.451902,913400
2003-04-17,8.305000,8.570000,8.275000,8.560000,5.619300,1212200
2003-04-21,8.560000,8.560000,8.380000,8.440000,5.540523,827000
2003-04-22,8.445000,8.640000,8.320000,8.630000,5.665251,979200
2003-04-23,8.555000,8.650000,8.470000,8.600000,5.645556,1044200
2003-04-24,8.525000,8.600000,8.445000,8.500000,5.579912,785400
2003-04-25,8.475000,8.550000,8.325000,8.420000,5.527394,781600
2003-04-28,8.420000,8.610000,8.390000,8.565000,5.622581,1222800
2003-04-29,8.600000,8.760000,8.525000,8.640000,5.671814,1934800
2003-04-30,8.600000,8.740000,8.545000,8.665000,5.688228,1326000
2003-05-01,8.615000,8.615000,8.290000,8.450000,5.547087,1021000
2003-05-02,8.400000,8.635000,8.375000,8.635000,5.668534,2342600
2003-05-05,8.700000,8.725000,8.545000,8.665000,5.688228,1443200
2003-05-06,8.650000,8.945000,8.635000,8.845000,5.806391,1405200
2003-05-07,8.800000,8.950000,8.760000,8.805000,5.780132,1544200
2003-05-08,8.550000,8.650000,7.905000,8.050000,5.284503,7650400
2003-05-09,8.105000,8.145000,7.915000,8.010000,5.258244,3266000
2003-05-12,8.015000,8.300000,7.935000,8.220000,5.396102,2844600
2003-05-13,8.220000,8.525000,8.205000,8.520000,5.593039,3436600
2003-05-14,8.520000,8.550000,8.425000,8.475000,5.563499,2774600
2003-05-15,8.450000,8.455000,8.245000,8.285000,5.438771,2373800
2003-05-16,8.290000,8.290000,7.935000,8.080000,5.304197,5446600
2003-05-19,8.000000,8.000000,7.890000,7.930000,5.205728,2727000
2003-05-20,8.500000,8.875000,8.500000,8.625000,5.661968,6042000
2003-05-21,8.625000,8.715000,8.525000,8.535000,5.602887,2730600
2003-05-22,8.545000,8.780000,8.530000,8.750000,5.744026,1986200
2003-05-23,8.750000,8.775000,8.550000,8.670000,5.691509,1110800
2003-05-27,8.675000,8.945000,8.530000,8.945000,5.872036,1992000
2003-05-28,8.845000,9.475000,8.790000,9.095000,6.004065,3634800
2003-05-29,9.120000,9.210000,8.940000,8.970000,5.921546,2159000
2003-05-30,9.125000,9.325000,9.105000,9.325000,6.155900,2312800
2003-06-02,9.375000,9.515000,9.300000,9.400000,6.205410,1955600
2003-06-03,9.450000,9.500000,9.310000,9.500000,6.271426,1513600
2003-06-04,9.500000,9.600000,9.435000,9.540000,6.297835,1718600
2003-06-05,9.500000,9.870000,9.465000,9.850000,6.502481,2585800
2003-06-06,9.875000,9.940000,9.755000,9.785000,6.459568,1258600
2003-06-09,9.735000,9.740000,9.430000,9.500000,6.271426,1036400
2003-06-10,9.540000,9.680000,9.475000,9.660000,6.377050,1718400
2003-06-11,9.660000,9.735000,9.590000,9.715000,6.413358,857400
2003-06-12,9.700000,9.750000,9.600000,9.745000,6.433163,909800
2003-06-13,9.750000,9.780000,9.535000,9.550000,6.304435,1216200
2003-06-16,9.590000,9.820000,9.580000,9.820000,6.482676,1050400
2003-06-17,9.870000,9.885000,9.710000,9.775000,6.452967,885200
2003-06-18,9.745000,9.800000,9.625000,9.700000,6.403457,922400
2003-06-19,9.700000,9.755000,9.495000,9.595000,6.334142,773400
2003-06-20,9.720000,9.740000,9.600000,9.665000,6.380352,1009800
2003-06-23,9.660000,9.705000,9.555000,9.600000,6.337443,522800
2003-06-24,9.675000,9.795000,9.615000,9.640000,6.363849,508800
2003-06-25,9.710000,9.855000,9.650000,9.705000,6.406758,797400
2003-06-26,9.650000,9.800000,9.550000,9.795000,6.466171,1013400
2003-06-27,9.815000,9.850000,9.655000,9.695000,6.400156,695200
2003-06-30,9.700000,9.850000,9.700000,9.760000,6.443066,1100600
2003-07-01,9.750000,9.895000,9.660000,9.895000,6.532186,1123000
2003-07-02,9.875000,10.030000,9.845000,9.850000,6.502481,1853000
2003-07-03,9.725000,9.825000,9.700000,9.750000,6.436465,1273600
2003-07-07,9.775000,9.960000,9.775000,9.960000,6.575094,1938800
2003-07-08,9.960000,10.255000,9.950000,10.230000,6.753338,1891200
2003-07-09,10.280000,10.295000,10.150000,10.200000,6.733530,1463400
2003-07-10,10.275000,10.555000,10.245000,10.405000,6.868861,3452400
2003-07-11,10.480000,10.575000,10.435000,10.490000,6.924975,1943000
2003-07-14,10.675000,10.685000,10.580000,10.600000,6.997592,2726400
2003-07-15,10.785000,10.875000,10.750000,10.805000,7.132922,2333600
2003-07-16,10.750000,10.835000,10.615000,10.685000,7.053704,2035400
2003-07-17,10.635000,10.650000,10.440000,10.505000,6.934876,1366200
2003-07-18,10.600000,10.620000,10.495000,10.600000,6.997592,1241800
2003-07-21,10.600000,10.600000,10.330000,10.520000,6.944780,1775600
2003-07-22,10.515000,10.690000,10.415000,10.645000,7.027298,1634400
2003-07-23,10.645000,10.700000,10.465000,10.695000,7.060305,891600
2003-07-24,10.690000,10.725000,10.470000,10.490000,6.924975,1562600
2003-07-25,10.500000,10.690000,10.500000,10.640000,7.023999,1233200
2003-07-28,10.590000,10.825000,10.550000,10.695000,7.060305,1522400
2003-07-29,10.695000,10.700000,10.465000,10.570000,6.977790,1006000
2003-07-30,10.570000,10.605000,10.470000,10.565000,6.974484,1128000
2003-07-31,10.570000,10.670000,10.525000,10.555000,6.967887,1351000
2003-08-01,10.575000,10.580000,10.500000,10.515000,6.941477,756800
2003-08-04,10.500000,10.850000,10.405000,10.770000,7.109815,2011600
2003-08-05,10.795000,10.795000,10.610000,10.650000,7.030598,1838000
2003-08-06,10.655000,10.950000,10.625000,10.885000,7.185735,1884200
2003-08-07,10.975000,11.070000,10.930000,10.935000,7.218743,2977800
2003-08-08,10.875000,11.025000,10.875000,11.010000,7.268253,1258600
2003-08-11,11.125000,11.260000,11.075000,11.225000,7.410186,2330600
2003-08-12,11.325000,11.500000,11.255000,11.490000,7.585124,1860200
2003-08-13,11.500000,11.600000,11.415000,11.485000,7.581827,1245200
2003-08-14,11.490000,11.650000,11.405000,11.650000,7.690749,1100600
2003-08-15,11.625000,11.710000,11.580000,11.710000,7.730361,455400
2003-08-18,11.725000,11.895000,11.700000,11.875000,7.839282,1078400
2003-08-19,11.800000,11.875000,11.720000,11.860000,7.829380,1908600
2003-08-20,11.775000,11.905000,11.710000,11.840000,7.816177,1962200
2003-08-21,11.850000,12.100000,11.830000,12.000000,7.921802,3211200
2003-08-22,12.500000,12.900000,12.400000,12.535000,8.274983,8619600
2003-08-25,12.535000,12.540000,12.215000,12.370000,8.166057,3067400
2003-08-26,12.355000,12.440000,12.280000,12.380000,8.172657,4078600
2003-08-27,12.345000,12.485000,12.280000,12.470000,8.265454,2760000
2003-08-28,12.500000,12.870000,12.455000,12.845000,8.514016,3766400
2003-08-29,12.795000,13.090000,12.590000,13.035000,8.639954,3409400
2003-09-02,13.035000,13.210000,13.020000,13.125000,8.699603,3027600
2003-09-03,13.130000,13.245000,13.095000,13.100000,8.683034,2993400
2003-09-04,13.100000,13.100000,12.675000,12.825000,8.500755,2656200
2003-09-05,12.825000,12.850000,12.650000,12.745000,8.447731,1741400
2003-09-08,12.750000,12.750000,12.575000,12.615000,8.361566,1713000
2003-09-09,12.875000,12.875000,12.515000,12.550000,8.318480,3147000
2003-09-10,12.550000,12.675000,12.510000,12.550000,8.318480,3502800
2003-09-11,12.550000,12.705000,12.485000,12.675000,8.401333,2285200
2003-09-12,12.640000,12.640000,12.330000,12.445000,8.248885,1951600
2003-09-15,12.500000,12.605000,12.475000,12.540000,8.311852,1505200
2003-09-16,12.520000,12.880000,12.470000,12.880000,8.537213,1482000
2003-09-17,12.850000,13.075000,12.840000,13.055000,8.653208,2269400
2003-09-18,12.975000,13.030000,12.830000,12.970000,8.596866,1005400
2003-09-19,12.970000,12.970000,12.785000,12.910000,8.557102,1314200
2003-09-22,12.860000,12.885000,12.635000,12.685000,8.407964,1535600
2003-09-23,12.725000,12.950000,12.720000,12.910000,8.557102,1030400
2003-09-24,12.935000,12.935000,12.760000,12.805000,8.487498,1582200
2003-09-25,12.755000,12.875000,12.720000,12.755000,8.454361,1172600
2003-09-26,12.750000,12.750000,12.440000,12.440000,8.245571,1092400
2003-09-29,12.540000,12.620000,12.275000,12.570000,8.331738,1610800
2003-09-30,12.475000,12.520000,12.260000,12.405000,8.222368,1394400
2003-10-01,12.410000,12.985000,12.410000,12.955000,8.586926,1257800
2003-10-02,12.990000,12.995000,12.810000,12.930000,8.570358,750200
2003-10-03,13.025000,13.310000,13.025000,13.190000,8.742690,1463800
2003-10-06,13.065000,13.295000,13.050000,13.260000,8.789088,958400
2003-10-07,13.210000,13.500000,13.155000,13.500000,8.948164,1420800
2003-10-08,13.500000,13.520000,13.355000,13.515000,8.958111,1519800
2003-10-09,13.775000,14.250000,13.775000,14.105000,9.349175,3693000
2003-10-10,14.170000,14.245000,14.000000,14.070000,9.325977,1595200
2003-10-13,14.090000,14.480000,14.075000,14.420000,9.557972,1654200
2003-10-14,14.350000,14.395000,14.165000,14.305000,9.481744,1758200
2003-10-15,14.240000,14.275000,13.725000,14.275000,9.461862,1947400
2003-10-16,14.125000,14.375000,14.125000,14.290000,9.471799,1561600
2003-10-17,14.275000,14.450000,14.245000,14.375000,9.528140,1765400
2003-10-20,14.375000,14.755000,14.375000,14.730000,9.763443,2684400
2003-10-21,14.700000,14.985000,14.625000,14.900000,9.876125,2723200
2003-10-22,14.905000,14.905000,14.440000,14.580000,9.664020,2201000
2003-10-23,14.625000,15.010000,14.575000,15.005000,9.945724,2696600
2003-10-24,15.005000,15.020000,14.720000,14.845000,9.839672,2365400
2003-10-27,14.850000,15.100000,14.850000,14.900000,9.876125,1739600
2003-10-28,14.925000,15.170000,14.870000,15.165000,10.051775,1862000
2003-10-29,15.165000,15.615000,15.165000,15.435000,10.230740,2221600
2003-10-30,15.440000,15.500000,15.125000,15.275000,10.124681,1314400
2003-10-31,15.250000,15.450000,15.225000,15.245000,10.104797,1280800
2003-11-03,15.240000,15.500000,15.240000,15.450000,10.240680,1564800
2003-11-04,15.450000,15.450000,15.220000,15.300000,10.141258,1542400
2003-11-05,15.295000,15.295000,14.940000,15.050000,9.975549,2268200
2003-11-06,15.050000,15.335000,15.000000,15.305000,10.144574,1966000
2003-11-07,15.305000,15.495000,15.250000,15.270000,10.121371,881400
2003-11-10,15.300000,15.365000,15.100000,15.275000,10.124681,1455400
2003-11-11,15.255000,15.645000,15.255000,15.585000,10.330159,1446000
2003-11-12,15.625000,15.895000,15.580000,15.895000,10.535635,1829800
2003-11-13,15.895000,15.895000,15.500000,15.800000,10.472669,1060000
2003-11-14,15.725000,16.055000,15.460000,15.585000,10.330159,1147400
2003-11-17,15.585000,15.585000,14.955000,14.970000,9.922519,2516600
2003-11-18,15.000000,15.150000,14.880000,14.930000,9.896009,2492800
2003-11-19,15.055000,15.260000,14.900000,15.260000,10.114739,2368200
2003-11-20,15.260000,16.049999,15.205000,15.910000,10.545577,4844200
2003-11-21,17.049999,17.594999,16.910000,17.459999,11.572964,8293600
2003-11-24,17.459999,17.545000,17.209999,17.450001,11.566335,3757600
2003-11-25,17.455000,17.750000,17.150000,17.625000,11.719265,2863200
2003-11-26,17.450001,17.490000,16.940001,17.209999,11.443324,3405600
2003-11-28,17.209999,17.295000,17.014999,17.250000,11.469919,1373600
2003-12-01,17.250000,17.395000,17.160000,17.250000,11.469919,2603800
2003-12-02,17.250000,17.250000,17.125000,17.129999,11.390129,1937600
2003-12-03,17.150000,17.344999,17.150000,17.250000,11.469919,3588000
2003-12-04,17.275000,17.305000,16.754999,17.105000,11.373508,4025400
2003-12-05,17.049999,17.120001,16.820000,16.850000,11.203951,2128400
2003-12-08,16.775000,17.030001,16.775000,16.980000,11.290394,2664400
2003-12-09,17.000000,17.170000,16.945000,16.975000,11.287066,1703600
2003-12-10,16.975000,17.100000,16.764999,16.840000,11.197301,2034000
2003-12-11,16.840000,17.115000,16.834999,17.040001,11.330283,1785600
2003-12-12,17.000000,17.035000,16.740000,16.905001,11.240521,993200
2003-12-15,17.025000,17.070000,16.295000,16.350000,10.871490,2145400
2003-12-16,16.225000,16.225000,15.790000,15.970000,10.618817,4424800
2003-12-17,15.845000,16.155001,15.795000,16.094999,10.701934,3493600
2003-12-18,16.170000,16.500000,16.150000,16.385000,10.894763,1978800
2003-12-19,16.475000,16.490000,16.205000,16.365000,10.881459,1699200
2003-12-22,16.365000,16.490000,16.334999,16.445000,10.934656,1379400
2003-12-23,16.500000,16.674999,16.485001,16.650000,11.070964,2188400
2003-12-24,16.650000,16.650000,16.520000,16.629999,11.057666,667200
2003-12-26,16.674999,16.975000,16.674999,16.920000,11.250495,1243400
2003-12-29,16.920000,17.100000,16.920000,17.080000,11.356884,1549400
2003-12-30,17.049999,17.075001,16.930000,17.055000,11.340257,765200
2003-12-31,17.055000,17.174999,17.010000,17.150000,11.403427,1263400
2004-01-02,17.325001,17.325001,16.549999,16.625000,11.054342,1342400
2004-01-05,16.809999,16.930000,16.549999,16.930000,11.257145,2680800
2004-01-06,16.930000,17.475000,16.889999,17.430000,11.589605,3170400
2004-01-07,17.430000,17.510000,17.174999,17.485001,11.626177,2471400
2004-01-08,18.000000,18.115000,17.844999,18.030001,11.988561,3835400
2004-01-09,17.985001,17.995001,17.855000,17.955000,11.938688,1479000
2004-01-12,17.875000,18.200001,17.875000,18.165001,12.078321,1869000
2004-01-13,18.200001,18.334999,18.084999,18.230000,12.121549,2001800
2004-01-14,18.500000,18.625000,18.495001,18.575001,12.350945,4802000
2004-01-15,18.725000,18.879999,18.549999,18.844999,12.530473,2948600
2004-01-16,19.100000,19.340000,19.070000,19.174999,12.749895,2608800
2004-01-20,19.225000,19.225000,18.785000,18.865000,12.543770,1725000
2004-01-21,18.895000,19.025000,18.730000,18.924999,12.583665,2221200
2004-01-22,19.125000,19.270000,19.000000,19.174999,12.749895,2985400
2004-01-23,19.275000,19.850000,19.225000,19.820000,13.178773,4198400
2004-01-26,19.975000,20.375000,19.930000,20.180000,13.418146,4588400
2004-01-27,19.799999,19.879999,19.305000,19.750000,13.132229,4846400
2004-01-28,19.750000,19.969999,19.225000,19.320000,12.846307,2118200
2004-01-29,19.320000,19.745001,19.320000,19.695000,13.095654,2063200
2004-01-30,19.695000,19.934999,19.504999,19.650000,13.065732,1245200
2004-02-02,19.834999,20.100000,19.834999,20.000000,13.298457,1665200
2004-02-03,20.000000,20.174999,19.905001,20.000000,13.298457,1176400
2004-02-04,20.000000,20.174999,19.809999,19.985001,13.288484,1413000
2004-02-05,20.250000,20.344999,19.785000,19.980000,13.285160,2503800
2004-02-06,19.955000,20.174999,19.950001,20.080000,13.351654,2209400
2004-02-09,20.100000,20.200001,20.049999,20.120001,13.378252,2309200
2004-02-10,20.225000,20.230000,19.950001,20.000000,13.298457,2352000
2004-02-11,20.014999,20.055000,19.684999,19.995001,13.295136,2773600
2004-02-12,19.750000,20.105000,19.750000,19.975000,13.281836,2668800
2004-02-13,19.975000,20.059999,19.670000,19.735001,13.122252,1751600
2004-02-17,19.834999,20.235001,19.834999,20.059999,13.338352,2175800
2004-02-18,20.125000,20.450001,20.075001,20.325001,13.514559,2912600
2004-02-19,20.375000,20.450001,19.825001,19.889999,13.225316,1956200
2004-02-20,20.350000,20.625000,19.170000,19.535000,12.989271,8492800
2004-02-23,19.410000,19.549999,19.219999,19.385000,12.889532,4329600
2004-02-24,19.485001,19.750000,19.405001,19.660000,13.072386,3100600
2004-02-25,19.660000,19.820000,19.450001,19.559999,13.042380,1696400
2004-02-26,19.059999,19.500000,18.870001,19.415001,12.945695,3820000
2004-02-27,19.465000,19.745001,19.450001,19.570000,13.049043,2213600
2004-03-01,19.570000,19.740000,19.520000,19.719999,13.149064,1835600
2004-03-02,19.615000,19.905001,19.615000,19.870001,13.249086,2410000
2004-03-03,19.700001,19.795000,19.360001,19.780001,13.189075,2123200
2004-03-04,19.940001,19.985001,19.725000,19.945000,13.299089,2576400
2004-03-05,19.850000,19.945000,19.754999,19.809999,13.209074,2224600
2004-03-08,19.950001,19.975000,19.700001,19.740000,13.162405,1142800
2004-03-09,19.650000,19.715000,19.375000,19.440001,12.962368,1481200
2004-03-10,19.440001,19.504999,19.090000,19.090000,12.728988,1734000
2004-03-11,18.660000,19.150000,18.525000,18.889999,12.595629,3483000
2004-03-12,18.924999,19.370001,18.875000,19.350000,12.902353,1849600
2004-03-15,19.250000,19.260000,18.674999,18.735001,12.492275,2239200
2004-03-16,18.860001,19.000000,18.620001,18.740000,12.495610,1526200
2004-03-17,18.760000,18.920000,18.745001,18.850000,12.568955,1343000
2004-03-18,18.850000,18.924999,18.700001,18.825001,12.552290,1467600
2004-03-19,18.805000,18.820000,18.570000,18.665001,12.445605,973200
2004-03-22,18.450001,18.584999,18.295000,18.525000,12.352254,1725600
2004-03-23,18.660000,18.889999,18.605000,18.725000,12.485611,1519200
2004-03-24,18.674999,18.809999,18.485001,18.715000,12.478942,1669800
2004-03-25,18.799999,19.290001,18.775000,19.250000,12.835676,1971800
2004-03-26,19.200001,19.225000,18.840000,18.840000,12.562292,2123400
2004-03-29,18.875000,19.375000,18.875000,19.334999,12.892349,1487600
2004-03-30,19.334999,20.000000,19.325001,19.950001,13.302423,3273400
2004-03-31,19.950001,20.115000,19.830000,19.950001,13.302423,3203000
2004-04-01,19.955000,19.959999,19.674999,19.889999,13.262417,1414400
2004-04-02,19.965000,20.075001,19.855000,19.924999,13.285753,1667600
2004-04-05,19.985001,20.094999,19.940001,20.084999,13.392438,2800200
2004-04-06,19.995001,20.084999,19.915001,20.035000,13.359104,1519800
2004-04-07,20.000000,20.014999,19.715000,19.995001,13.332432,940800
2004-04-08,20.225000,20.270000,19.535000,19.620001,13.082386,2635000
2004-04-12,19.620001,19.730000,19.469999,19.639999,13.095722,2023800
2004-04-13,19.660000,19.815001,18.754999,18.969999,12.648973,3044600
2004-04-14,18.969999,18.975000,18.530001,18.600000,12.402262,2864800
2004-04-15,18.690001,18.920000,18.584999,18.850000,12.568955,1777400
2004-04-16,19.100000,19.125000,18.635000,18.719999,12.482272,2549000
2004-04-19,18.750000,18.889999,18.490000,18.860001,12.575627,1673600
2004-04-20,18.934999,19.205000,18.665001,18.665001,12.445605,1219800
2004-04-21,18.670000,18.959999,18.575001,18.895000,12.598966,1054200
2004-04-22,18.850000,19.299999,18.730000,19.160000,12.775661,1018000
2004-04-23,19.035000,19.150000,18.855000,19.139999,12.762329,1159000
2004-04-26,19.190001,19.270000,19.000000,19.025000,12.685642,1136200
2004-04-27,19.075001,19.520000,19.075001,19.360001,12.909021,1646600
2004-04-28,19.309999,19.309999,18.709999,18.725000,12.485611,1934000
2004-04-29,18.725000,18.834999,17.879999,18.075001,12.052199,2828600
2004-04-30,18.100000,18.160000,17.570000,17.815001,11.878832,3624600
2004-05-03,17.855000,18.315001,17.650000,18.014999,12.012189,2374200
2004-05-04,18.100000,18.355000,17.965000,18.295000,12.198890,2066600
2004-05-05,18.240000,18.770000,18.155001,18.705000,12.472272,2650400
2004-05-06,18.705000,18.825001,18.049999,18.320000,12.215561,3380600
2004-05-07,18.315001,18.559999,17.715000,17.750000,11.835495,3373400
2004-05-10,17.674999,17.879999,17.584999,17.719999,11.815493,2173000
2004-05-11,17.735001,18.084999,17.735001,18.049999,12.035526,1890000
2004-05-12,18.055000,18.209999,17.605000,18.184999,12.125544,2326000
2004-05-13,18.170000,18.500000,17.850000,18.309999,12.208894,2367600
2004-05-14,18.410000,18.410000,18.000000,18.135000,12.092201,1264800
2004-05-17,17.775000,17.945000,17.424999,17.750000,11.835495,1698400
2004-05-18,17.975000,18.465000,17.975000,18.445000,12.298906,1401600
2004-05-19,18.750000,19.075001,18.600000,18.629999,12.422265,2259400
2004-05-20,18.754999,18.844999,18.400000,18.615000,12.412261,2455600
2004-05-21,19.125000,20.030001,19.075001,19.950001,13.302423,7090000
2004-05-24,19.950001,20.065001,19.540001,19.920000,13.282423,3525600
2004-05-25,19.750000,20.070000,19.650000,20.059999,13.375770,2762000
2004-05-26,20.000000,20.195000,19.865000,20.094999,13.435947,2656800
2004-05-27,20.120001,20.459999,20.090000,20.325001,13.589729,2416000
2004-05-28,20.365000,20.400000,20.200001,20.275000,13.556296,1477600
2004-06-01,20.290001,20.584999,20.200001,20.490000,13.700049,2462800
2004-06-02,20.575001,20.725000,20.500000,20.690001,13.833774,2358200
2004-06-03,20.565001,20.719999,20.200001,20.360001,13.613132,2777000
2004-06-04,20.500000,20.545000,20.254999,20.330000,13.593074,1494200
2004-06-07,20.400000,20.575001,20.309999,20.469999,13.686681,1589600
2004-06-08,20.475000,20.645000,20.379999,20.645000,13.803688,1139200
2004-06-09,20.695000,20.870001,20.475000,20.490000,13.700049,1374000
2004-06-10,20.600000,20.895000,20.570000,20.684999,13.830433,1581200
2004-06-14,20.635000,20.635000,20.219999,20.350000,13.606446,1446800
2004-06-15,20.434999,20.745001,20.400000,20.625000,13.790319,1280800
2004-06-16,20.625000,20.665001,20.495001,20.594999,13.770256,1416800
2004-06-17,20.594999,20.735001,20.350000,20.695000,13.837121,1578600
2004-06-18,20.719999,21.025000,20.639999,20.844999,13.937409,1872200
2004-06-21,20.910000,21.299999,20.834999,21.129999,14.127967,2145400
2004-06-22,21.110001,21.235001,20.889999,21.219999,14.188145,1661200
2004-06-23,21.120001,21.905001,21.100000,21.885000,14.632777,2145400
2004-06-24,21.850000,22.315001,21.850000,22.120001,14.789903,3088200
2004-06-25,22.105000,22.225000,21.775000,22.125000,14.793251,2169400
2004-06-28,22.125000,22.500000,21.889999,22.129999,14.796590,2282800
2004-06-29,22.129999,22.129999,21.275000,21.315001,14.251667,3049400
2004-06-30,21.320000,21.500000,21.150000,21.305000,14.244981,2756600
2004-07-01,21.225000,21.570000,21.075001,21.530001,14.395416,2186400
2004-07-02,21.530001,21.770000,21.120001,21.219999,14.188145,2107800
2004-07-06,21.219999,21.459999,20.950001,21.350000,14.275072,1669000
2004-07-07,21.299999,21.799999,21.299999,21.660000,14.482344,2391200
2004-07-08,21.000000,21.000000,20.450001,20.635000,13.797000,4196000
2004-07-09,20.850000,20.985001,20.410000,20.805000,13.910672,2444600
2004-07-12,20.805000,21.184999,20.805000,21.110001,14.114602,1286800
2004-07-13,21.049999,21.344999,21.049999,21.245001,14.204864,1234200
2004-07-14,21.250000,21.250000,20.785000,20.844999,13.937409,1548800
2004-07-15,21.049999,21.100000,20.775000,20.805000,13.910672,1563800
2004-07-16,20.980000,20.980000,20.389999,20.459999,13.679993,1476400
2004-07-19,20.510000,20.645000,20.150000,20.309999,13.579701,1558600
2004-07-20,20.434999,21.385000,20.434999,21.365000,14.285100,2350200
2004-07-21,21.375000,21.495001,21.110001,21.110001,14.114602,2479200
2004-07-22,21.080000,21.750000,20.900000,21.615000,14.452251,3453800
2004-07-23,21.615000,21.695000,21.355000,21.424999,14.325212,2080800
2004-07-26,21.430000,21.650000,21.049999,21.240000,14.201517,1369000
2004-07-27,21.245001,21.995001,21.245001,21.959999,14.682928,2455000
2004-07-28,21.990000,23.150000,21.885000,22.500000,15.043988,3384600
2004-07-29,22.575001,22.889999,22.459999,22.700001,15.177708,1767000
2004-07-30,22.010000,22.320000,21.875000,21.950001,14.676244,3734400
2004-08-02,21.950001,22.120001,21.830000,22.000000,14.709666,1891200
2004-08-03,22.025000,22.049999,21.575001,21.740000,14.535827,1287000
2004-08-04,21.740000,21.740000,21.100000,21.469999,14.355300,2348400
2004-08-05,21.475000,21.475000,20.200001,20.360001,13.613132,4708400
2004-08-06,20.360001,20.360001,19.875000,19.975000,13.355713,2675000
2004-08-09,20.264999,20.415001,19.945000,20.325001,13.589729,1521400
2004-08-10,20.330000,20.830000,20.330000,20.740000,13.867208,1940600
2004-08-11,20.615000,20.650000,20.379999,20.424999,13.656590,1235000
2004-08-12,20.430000,20.674999,19.475000,19.570000,13.084920,4601000
2004-08-13,19.570000,19.924999,19.340000,19.764999,13.215302,2192000
2004-08-16,19.764999,20.500000,19.760000,20.165001,13.482752,2574000
2004-08-17,20.264999,20.790001,20.245001,20.379999,13.626508,2799800
2004-08-18,20.350000,20.549999,20.080000,20.299999,13.573010,1993400
2004-08-19,20.475000,20.655001,20.094999,20.280001,13.559643,2324200
2004-08-20,18.549999,18.850000,18.305000,18.410000,12.309319,16559800
2004-08-23,18.400000,18.469999,18.030001,18.215000,12.178939,3697800
2004-08-24,18.219999,18.355000,18.184999,18.295000,12.232425,3279800
2004-08-25,18.344999,18.485001,18.135000,18.295000,12.232425,4450600
2004-08-26,18.305000,18.660000,18.230000,18.625000,12.453071,4061400
2004-08-27,18.485001,18.910000,18.355000,18.775000,12.597328,2831600
2004-08-30,18.715000,18.770000,18.500000,18.500000,12.412812,1565800
2004-08-31,18.450001,18.565001,18.215000,18.565001,12.456430,2459400
2004-09-01,18.565001,18.745001,18.459999,18.709999,12.553719,2260400
2004-09-02,18.775000,19.365000,18.775000,19.290001,12.942880,4025800
2004-09-03,19.209999,19.555000,19.180000,19.475000,13.067008,1948400
2004-09-07,19.379999,20.010000,19.375000,19.934999,13.375650,2609000
2004-09-08,19.930000,20.145000,19.540001,19.545000,13.113973,1905800
2004-09-09,19.600000,19.650000,19.030001,19.330000,12.969718,3017600
2004-09-10,19.330000,19.889999,19.150000,19.834999,13.308552,2447600
2004-09-13,19.875000,20.250000,19.875000,20.000000,13.419259,2159200
2004-09-14,20.000000,20.139999,19.840000,20.135000,13.509835,1548200
2004-09-15,20.135000,20.209999,19.870001,19.870001,13.332037,2213200
2004-09-16,19.870001,19.950001,19.719999,19.889999,13.345455,3285200
2004-09-17,20.075001,20.075001,19.725000,19.775000,13.268292,2397400
2004-09-20,19.780001,19.830000,19.570000,19.730000,13.238099,1175800
2004-09-21,19.750000,20.150000,19.665001,20.105000,13.489710,1795000
2004-09-22,20.055000,20.055000,19.674999,19.725000,13.234748,2620400
2004-09-23,19.700001,19.844999,19.445000,19.670000,13.197845,1923800
2004-09-24,19.674999,19.875000,19.575001,19.790001,13.278357,1577600
2004-09-27,19.750000,19.750000,19.285000,19.360001,12.989847,1692400
2004-09-28,19.375000,19.375000,18.840000,19.340000,12.976427,2966600
2004-09-29,19.360001,19.490000,19.049999,19.209999,12.889201,3783400
2004-09-30,19.215000,19.215000,18.910000,19.120001,12.828816,2234200
2004-10-01,19.165001,19.525000,19.094999,19.105000,12.818744,3141200
2004-10-04,19.200001,20.070000,19.200001,19.700001,13.217973,3106600
2004-10-05,19.504999,19.650000,19.209999,19.254999,12.919393,2565000
2004-10-06,19.299999,19.615000,19.254999,19.525000,13.100553,1906800
2004-10-07,20.125000,20.799999,20.059999,20.240000,13.580294,5380800
2004-10-08,20.190001,20.709999,19.740000,19.844999,13.315259,4855200
2004-10-11,19.900000,20.209999,19.900000,20.184999,13.543387,2294000
2004-10-12,20.184999,20.184999,19.650000,19.969999,13.399132,1979400
2004-10-13,20.245001,20.245001,19.809999,19.920000,13.365583,1817800
2004-10-14,19.990000,19.990000,19.680000,19.709999,13.224681,878000
2004-10-15,19.750000,19.924999,19.580000,19.760000,13.258228,1960800
2004-10-18,19.764999,20.135000,19.655001,20.084999,13.476290,1003800
2004-10-19,20.250000,20.490000,20.150000,20.180000,13.540036,1365600
2004-10-20,20.125000,20.295000,20.000000,20.090000,13.479649,1019800
2004-10-21,20.010000,20.674999,19.820000,20.555000,13.791646,2297800
2004-10-22,20.525000,21.004999,20.434999,20.504999,13.758102,2340200
2004-10-25,20.500000,20.504999,20.200001,20.365000,13.664161,1098800
2004-10-26,20.375000,21.030001,20.370001,20.955000,14.060028,1862000
2004-10-27,20.855000,21.400000,20.745001,21.290001,14.284803,2319000
2004-10-28,21.375000,22.049999,21.375000,21.780001,14.613574,3328000
2004-10-29,21.730000,21.844999,21.410000,21.590000,14.486092,3388600
2004-11-01,21.549999,21.690001,21.340000,21.400000,14.358614,1774600
2004-11-02,21.434999,21.950001,21.434999,21.700001,14.559903,2396200
2004-11-03,22.000000,22.150000,21.660000,21.865000,14.670604,2970800
2004-11-04,22.225000,22.690001,21.725000,22.475000,15.079892,3982600
2004-11-05,22.700001,22.900000,22.275000,22.495001,15.093314,3441600
2004-11-08,22.400000,22.670000,22.309999,22.535000,15.120150,2262200
2004-11-09,22.500000,22.575001,22.100000,22.325001,14.979250,2260400
2004-11-10,22.475000,22.910000,22.455000,22.670000,15.210727,2081200
2004-11-11,22.719999,22.719999,22.299999,22.525000,15.113441,2474800
2004-11-12,22.525000,22.955000,22.500000,22.860001,15.338215,1846000
2004-11-15,22.875000,23.200001,22.809999,23.000000,15.432150,2665000
2004-11-16,22.924999,22.924999,22.139999,22.400000,15.029573,3150200
2004-11-17,22.950001,23.340000,22.745001,22.790001,15.291247,6606600
2004-11-18,22.790001,22.795000,22.420000,22.469999,15.076545,4002600
2004-11-19,22.225000,22.400000,21.940001,22.165001,14.871898,3129400
2004-11-22,22.165001,22.575001,21.924999,22.500000,15.096675,3291000
2004-11-23,22.375000,22.750000,22.365000,22.674999,15.214082,3082400
2004-11-24,22.700001,22.860001,22.545000,22.575001,15.146993,2686000
2004-11-26,22.590000,22.674999,22.475000,22.565001,15.184002,1423200
2004-11-29,22.575001,22.625000,22.230000,22.325001,15.022505,3074200
2004-11-30,22.225000,22.375000,21.629999,21.875000,14.719702,3994000
2004-12-01,22.049999,22.555000,22.049999,22.299999,15.005680,5045600
2004-12-02,21.750000,22.455000,21.500000,21.625000,14.551472,7074200
2004-12-03,21.680000,22.035000,21.475000,21.740000,14.628854,4245000
2004-12-06,21.745001,22.014999,21.584999,21.924999,14.753346,2138200
2004-12-07,21.879999,22.200001,21.700001,21.975000,14.786994,3126000
2004-12-08,22.049999,22.655001,22.020000,22.555000,15.177277,4072400
2004-12-09,22.299999,22.690001,22.260000,22.600000,15.207546,4034400
2004-12-10,22.500000,22.745001,22.424999,22.500000,15.140267,3128800
2004-12-13,22.650000,22.764999,22.540001,22.730000,15.295024,2902200
2004-12-14,22.730000,23.195000,22.705000,23.110001,15.550732,3362200
2004-12-15,23.115000,23.415001,23.030001,23.180000,15.597834,3718800
2004-12-16,23.295000,23.299999,22.975000,23.125000,15.560827,3091000
2004-12-17,22.950001,23.094999,22.740000,22.754999,15.311851,3515200
2004-12-20,22.875000,22.980000,22.545000,22.680000,15.261387,2578400
2004-12-21,22.780001,23.389999,22.750000,23.299999,15.678576,2349200
2004-12-22,23.100000,23.500000,23.075001,23.275000,15.661761,2251000
2004-12-23,23.225000,23.520000,23.150000,23.200001,15.611293,1321200
2004-12-27,23.225000,23.500000,23.160000,23.180000,15.597834,1498800
2004-12-28,23.219999,23.469999,23.075001,23.469999,15.792980,841000
2004-12-29,23.469999,23.660000,23.350000,23.510000,15.819894,1386800
2004-12-30,23.500000,23.540001,23.344999,23.475000,15.796340,1275400
2004-12-31,23.525000,23.565001,23.340000,23.365000,15.722333,1032000
2005-01-03,23.365000,23.555000,23.000000,23.200001,15.611293,2996200
2005-01-04,23.209999,23.340000,22.709999,22.809999,15.348857,2156800
2005-01-05,23.510000,23.834999,23.510000,23.530001,15.833349,5913000
2005-01-06,23.480000,23.850000,23.420000,23.840000,16.041943,3081200
2005-01-07,23.834999,24.000000,23.680000,23.924999,16.099144,3149400
2005-01-10,23.900000,24.260000,23.795000,24.110001,16.223631,2137000
2005-01-11,24.110001,24.275000,23.830000,24.135000,16.240458,2187200
2005-01-12,24.174999,24.200001,23.745001,24.035000,16.173168,1955400
2005-01-13,24.000000,24.215000,23.750000,24.000000,16.149612,1344000
2005-01-14,24.000000,24.490000,23.975000,24.375000,16.401951,1525400
2005-01-18,24.250000,24.405001,24.084999,24.315001,16.361576,1469000
2005-01-19,24.320000,24.420000,24.035000,24.055000,16.186621,1444200
2005-01-20,24.055000,24.190001,23.924999,24.059999,16.189978,1363200
2005-01-21,24.299999,24.360001,23.639999,23.680000,15.934286,1545400
2005-01-24,23.680000,23.750000,23.275000,23.315001,15.688679,1316000
2005-01-25,23.325001,24.014999,23.260000,23.924999,16.099144,2387800
2005-01-26,24.025000,24.059999,23.735001,23.844999,16.045313,1770200
2005-01-27,23.770000,23.924999,23.650000,23.805000,16.018394,1850200
2005-01-28,23.900000,23.980000,23.565001,23.799999,16.015034,1708800
2005-01-31,23.924999,24.174999,23.910000,24.125000,16.233725,2236600
2005-02-01,24.049999,24.590000,24.000000,24.440001,16.445692,2232600
2005-02-02,24.500000,24.910000,24.475000,24.855000,16.724941,2575800
2005-02-03,24.920000,25.465000,24.700001,25.315001,17.034479,3130400
2005-02-04,25.190001,25.379999,24.965000,25.105000,16.893167,2006200
2005-02-07,25.350000,25.445000,25.264999,25.344999,17.054667,2835600
2005-02-08,25.280001,25.299999,24.950001,25.070000,16.869616,1612200
2005-02-09,25.080000,25.195000,24.700001,24.730000,16.640835,826400
2005-02-10,24.780001,24.945000,24.504999,24.809999,16.694658,827800
2005-02-11,24.844999,25.325001,24.764999,25.209999,16.963827,1971000
2005-02-14,25.135000,25.450001,25.100000,25.375000,17.074850,1353400
2005-02-15,25.450001,25.860001,25.305000,25.780001,17.347376,2254000
2005-02-16,26.120001,26.290001,26.000000,26.129999,17.582893,3754800
2005-02-17,26.120001,27.180000,26.075001,26.825001,18.050554,4150200
2005-02-18,26.825001,26.830000,26.270000,26.315001,17.707373,3238600
2005-02-22,26.250000,26.495001,25.870001,26.035000,17.518967,2122800
2005-02-23,26.000000,26.645000,25.735001,26.010000,17.502146,2164400
2005-02-24,25.900000,26.270000,25.700001,26.215000,17.684282,2911600
2005-02-25,26.250000,26.504999,26.014999,26.485001,17.866419,2412000
2005-02-28,26.410000,26.900000,26.389999,26.879999,18.132883,2670400
2005-03-01,26.870001,27.195000,26.545000,27.155001,18.318390,2330000
2005-03-02,26.940001,27.344999,26.790001,26.955000,18.183477,2547600
2005-03-03,27.000000,27.195000,26.700001,26.885000,18.136250,2496200
2005-03-04,26.990000,27.075001,26.799999,26.955000,18.183477,2352600
2005-03-07,26.900000,27.625000,26.900000,27.434999,18.507277,3464800
2005-03-08,27.375000,27.485001,27.049999,27.170000,18.328506,1538400
2005-03-09,27.100000,27.160000,26.934999,26.950001,18.180098,1178000
2005-03-10,27.025000,27.100000,26.799999,26.975000,18.196964,957000
2005-03-11,27.025000,27.055000,26.760000,26.844999,18.109268,1459000
2005-03-14,26.665001,26.945000,26.500000,26.840000,18.105898,1952600
2005-03-15,26.924999,27.375000,26.895000,27.350000,18.449936,1627200
2005-03-16,27.160000,27.510000,27.105000,27.445000,18.514025,2759600
2005-03-17,27.450001,27.530001,27.094999,27.135000,18.304897,1416600
2005-03-18,27.135000,27.135000,26.250000,26.450001,17.842808,5898000
2005-03-21,26.400000,26.520000,25.855000,26.155001,17.643797,3109800
2005-03-22,26.170000,26.575001,26.075001,26.139999,17.633684,1662400
2005-03-23,26.190001,26.334999,25.915001,26.094999,17.603334,2153600
2005-03-24,26.120001,26.174999,25.889999,26.004999,17.542612,2039400
2005-03-28,26.049999,26.530001,26.030001,26.350000,17.775356,1871600
2005-03-29,26.360001,26.750000,26.155001,26.200001,17.674160,2078400
2005-03-30,26.450001,27.025000,26.350000,26.950001,18.180098,2237800
2005-03-31,27.125000,27.855000,27.025000,27.690001,18.679287,3579600
2005-04-01,27.565001,27.690001,26.930000,27.110001,18.288038,2773200
2005-04-04,27.110001,27.370001,26.875000,27.219999,18.362240,2209200
2005-04-05,27.290001,27.809999,27.280001,27.600000,18.618584,1768200
2005-04-06,27.635000,27.740000,27.285000,27.480000,18.537626,2038600
2005-04-07,27.475000,28.135000,27.174999,28.080000,18.942385,3960000
2005-04-08,27.674999,27.844999,27.330000,27.375000,18.466799,2540800
2005-04-11,27.500000,27.674999,27.299999,27.424999,18.500534,1348600
2005-04-12,27.355000,27.815001,27.264999,27.700001,18.686045,1633000
2005-04-13,27.650000,27.945000,27.350000,27.424999,18.500534,1589800
2005-04-14,27.500000,27.674999,26.834999,26.865000,18.122757,2145200
2005-04-15,26.764999,26.844999,26.014999,26.250000,17.707893,2094400
2005-04-18,26.250000,26.750000,26.215000,26.655001,17.981098,2202200
2005-04-19,26.735001,27.200001,26.735001,27.145000,18.311644,1832000
2005-04-20,27.075001,27.145000,26.514999,26.639999,17.970976,1762800
2005-04-21,26.850000,27.105000,26.700001,27.030001,18.234068,1589800
2005-04-22,26.930000,26.934999,26.344999,26.500000,17.876541,2057000
2005-04-25,26.625000,27.030001,26.575001,26.775000,18.062046,1570800
2005-04-26,26.775000,27.275000,26.670000,27.135000,18.304897,1831800
2005-04-27,27.000000,27.410000,26.674999,27.129999,18.301527,1447800
2005-04-28,27.004999,27.100000,26.264999,26.264999,17.718006,2029000
2005-04-29,26.360001,26.365000,24.450001,25.415001,17.144613,5517600
2005-05-02,25.415001,25.725000,25.270000,25.475000,17.185089,2502400
2005-05-03,25.475000,25.680000,25.219999,25.459999,17.174967,2818200
2005-05-04,25.500000,25.995001,25.410000,25.850000,17.438059,3125600
2005-05-05,26.625000,27.100000,26.620001,26.945000,18.176727,3292200
2005-05-06,27.000000,27.795000,27.000000,27.549999,18.584858,4186400
2005-05-09,27.549999,27.950001,27.455000,27.910000,18.827707,2534600
2005-05-10,27.790001,27.855000,27.500000,27.500000,18.551125,1798400
2005-05-11,27.490000,27.684999,27.004999,27.670000,18.665806,2291600
2005-05-12,27.570000,27.725000,27.135000,27.260000,18.389219,1442800
2005-05-13,27.260000,27.510000,26.950001,27.225000,18.365610,1991800
2005-05-16,27.110001,27.844999,27.030001,27.815001,18.763617,2004800
2005-05-17,27.815001,28.775000,27.655001,28.660000,19.333649,3473400
2005-05-18,29.450001,29.895000,28.900000,29.360001,19.805859,5549200
2005-05-19,29.325001,30.000000,29.230000,29.965000,20.213972,2378000
2005-05-20,30.000000,30.000000,29.424999,29.950001,20.203863,2094200
2005-05-23,29.959999,30.200001,29.740000,29.905001,20.173506,2039400
2005-05-24,29.725000,29.895000,29.600000,29.870001,20.149893,2064000
2005-05-25,29.870001,29.985001,29.635000,29.795000,20.099300,1168200
2005-05-26,29.930000,30.125000,29.725000,30.084999,20.352983,1460000
2005-05-27,30.020000,30.309999,30.010000,30.125000,20.380051,2166200
2005-05-31,30.150000,30.549999,30.080000,30.520000,20.647276,2939800
2005-06-01,30.440001,31.000000,30.385000,30.674999,20.752131,2106200
2005-06-02,31.000000,32.125000,30.975000,32.009998,21.655285,3948600
2005-06-03,32.009998,32.020000,31.459999,31.549999,21.344088,2276600
2005-06-06,31.565001,32.250000,31.389999,32.005001,21.651901,1964800
2005-06-07,32.189999,32.845001,32.154999,32.459999,21.959723,2691400
2005-06-08,32.650002,32.674999,32.110001,32.270000,21.831184,2363400
2005-06-09,32.294998,32.875000,32.139999,32.865002,22.233713,2133400
2005-06-10,32.865002,33.130001,32.750000,33.090000,22.385927,2025800
2005-06-13,32.750000,33.134998,32.750000,32.980000,22.311514,1913400
2005-06-14,33.099998,34.044998,33.075001,33.935001,22.957581,2642200
2005-06-15,34.125000,34.320000,33.730000,34.259998,23.177444,2923000
2005-06-16,34.209999,34.264999,33.950001,34.174999,23.119946,2203000
2005-06-17,34.305000,34.529999,34.000000,34.529999,23.360107,2748400
2005-06-20,34.549999,34.549999,34.049999,34.395000,23.268780,2534400
2005-06-21,34.450001,34.974998,34.250000,34.900002,23.610420,2602800
2005-06-22,35.000000,35.099998,34.439999,34.700001,23.475124,2231000
2005-06-23,34.549999,34.785000,33.650002,33.669998,22.778305,2568800
2005-06-24,32.750000,33.020000,32.540001,32.750000,22.155916,3628400
2005-06-27,32.575001,32.924999,32.389999,32.834999,22.213413,2139800
2005-06-28,33.060001,33.875000,33.055000,33.799999,22.866255,2289800
2005-06-29,33.919998,34.334999,33.634998,34.174999,23.119946,2041600
2005-06-30,34.169998,34.540001,33.980000,33.985001,22.991404,2053600
2005-07-01,34.000000,34.110001,33.630001,34.060001,23.042147,1212600
2005-07-05,34.349998,35.639999,34.320000,34.990002,23.671309,2211000
2005-07-06,35.099998,35.290001,34.689999,34.849998,23.576590,2019700
2005-07-07,34.750000,35.580002,34.500000,35.560001,24.056923,1981800
2005-07-08,35.650002,35.830002,35.360001,35.549999,24.050154,1646800
2005-07-11,35.799999,35.930000,35.279999,35.459999,23.989267,1682300
2005-07-12,35.549999,35.930000,35.349998,35.869999,24.266638,1343400
2005-07-13,36.070000,36.240002,35.740002,35.910000,24.293697,1334100
2005-07-14,36.150002,36.250000,35.619999,35.759998,24.192228,1458900
2005-07-15,35.770000,36.139999,35.770000,36.000000,24.354580,1773000
2005-07-18,36.029999,36.430000,35.919998,36.189999,24.483120,2120800
2005-07-19,36.349998,37.070000,36.220001,37.020000,25.044624,1764000
2005-07-20,37.020000,37.110001,36.060001,36.919998,24.976976,1581100
2005-07-21,36.990002,36.990002,36.130001,36.410000,24.631956,1333300
2005-07-22,36.500000,37.139999,36.189999,37.139999,25.125818,1161000
2005-07-25,37.139999,37.150002,36.020000,36.169998,24.469599,1652700
2005-07-26,36.169998,36.279999,35.669998,35.860001,24.259880,2119800
2005-07-27,36.020000,36.840000,35.820000,36.779999,24.882271,2363400
2005-07-28,37.020000,37.459999,36.540001,37.389999,25.294947,1214900
2005-07-29,37.389999,37.419998,36.860001,37.009998,25.037870,1446900
2005-08-01,37.959999,37.959999,36.389999,36.830002,24.916094,1280200
2005-08-02,36.900002,37.189999,36.750000,36.959999,25.004047,1035500
2005-08-03,36.959999,36.990002,36.200001,36.450001,24.659018,1440900
2005-08-04,34.299999,35.500000,33.200001,33.450001,22.629467,6271600
2005-08-05,33.450001,33.450001,31.870001,31.990000,21.641758,5008400
2005-08-08,32.040001,33.000000,31.700001,31.879999,21.567341,3171000
2005-08-09,31.910000,32.680000,31.910000,32.459999,21.959723,3377100
2005-08-10,32.900002,33.680000,32.049999,32.340000,21.878536,3754900
2005-08-11,32.520000,32.560001,31.650000,31.920000,21.594404,2661500
2005-08-12,31.700001,32.599998,31.700001,32.400002,21.919130,1858500
2005-08-15,32.480000,32.810001,32.139999,32.599998,22.054426,1613500
2005-08-16,32.400002,32.410000,30.950001,31.120001,21.053188,2576400
2005-08-17,33.000000,34.750000,32.619999,34.299999,23.204510,6550800
2005-08-18,34.310001,34.509998,33.680000,34.040001,23.028612,2614700
2005-08-19,34.200001,34.240002,33.330002,33.549999,22.697121,2584300
2005-08-22,33.630001,33.799999,32.860001,33.180000,22.446812,2029100
2005-08-23,33.340000,33.910000,32.939999,33.220001,22.473869,1989500
2005-08-24,33.279999,34.119999,33.070000,33.330002,22.548290,2034900
2005-08-25,33.509998,33.950001,33.380001,33.759998,22.839188,1718600
2005-08-26,33.669998,33.779999,32.700001,32.869999,22.237093,1951300
2005-08-29,32.360001,33.209999,32.299999,33.169998,22.498224,1564000
2005-08-30,33.150002,33.150002,32.320000,33.080002,22.437181,2554900
2005-08-31,32.950001,33.639999,32.740002,33.580002,22.776318,2645300
2005-09-01,34.349998,34.500000,32.380001,32.830002,22.267616,2899300
2005-09-02,33.049999,33.400002,32.750000,33.099998,22.450745,1356400
2005-09-06,33.169998,35.070000,33.130001,35.000000,23.739462,2991600
2005-09-07,35.250000,36.500000,35.180000,36.490002,24.750082,3749000
2005-09-08,36.490002,37.490002,36.299999,37.119999,25.177389,3614000
2005-09-09,37.119999,37.220001,36.750000,36.880001,25.014614,3289700
2005-09-12,37.160000,37.330002,36.549999,36.840000,24.987474,2341700
2005-09-13,36.840000,37.180000,36.610001,36.770000,24.940001,1840900
2005-09-14,37.009998,37.169998,36.450001,36.549999,24.790771,1903300
2005-09-15,36.740002,37.009998,36.430000,36.730000,24.912867,1492700
2005-09-16,36.880001,37.000000,35.869999,35.880001,24.336334,3944000
2005-09-19,35.509998,35.639999,34.549999,34.860001,23.644510,2272400
2005-09-20,34.860001,35.099998,33.669998,33.689999,22.850925,2672900
2005-09-21,33.689999,33.689999,32.250000,33.000000,22.382919,4800900
2005-09-22,33.080002,34.090000,32.599998,33.880001,22.979795,3480500
2005-09-23,33.779999,34.560001,33.439999,34.349998,23.298584,2143100
2005-09-26,34.509998,35.000000,33.610001,33.889999,22.986582,2000200
2005-09-27,33.950001,34.419998,33.490002,34.150002,23.162933,1859400
2005-09-28,34.400002,34.470001,33.250000,33.430000,22.674580,1494900
2005-09-29,33.230000,33.970001,32.880001,33.799999,22.925537,1894800
2005-09-30,33.970001,34.900002,33.910000,34.320000,23.278238,2299700
2005-10-03,34.180000,35.060001,34.180000,34.910000,23.678421,2696600
2005-10-04,35.450001,35.450001,33.340000,33.340000,22.613533,2465100
2005-10-05,33.290001,33.650002,32.730000,33.180000,22.505009,2757000
2005-10-06,34.250000,34.250000,32.500000,32.720001,22.193005,3205600
2005-10-07,32.799999,33.290001,32.540001,33.240002,22.545708,2037700
2005-10-10,33.369999,33.369999,32.119999,32.240002,21.867439,1594800
2005-10-11,32.180000,32.500000,31.690001,31.740000,21.528305,1997500
2005-10-12,31.600000,31.600000,30.719999,31.110001,21.100990,2684500
2005-10-13,31.110001,31.799999,30.410000,31.510000,21.372299,3271200
2005-10-14,32.230000,33.110001,31.910000,32.910000,22.321875,2734500
2005-10-17,32.630001,33.459999,32.299999,32.799999,22.247263,2166900
2005-10-18,32.750000,32.759998,31.690001,31.980000,21.691084,2981400
2005-10-19,31.980000,33.639999,31.610001,33.549999,22.755968,3817800
2005-10-20,33.650002,34.740002,33.310001,33.549999,22.755968,1955600
2005-10-21,33.950001,34.000000,33.310001,33.660000,22.830582,1692800
2005-10-24,33.529999,34.439999,33.500000,34.279999,23.251112,1136400
2005-10-25,34.180000,34.490002,33.439999,33.750000,22.891621,1142600
2005-10-26,33.750000,34.080002,33.160000,33.259998,22.559261,1057600
2005-10-27,33.240002,33.299999,31.760000,31.770000,21.548651,2050900
2005-10-28,32.150002,32.799999,32.000000,32.770000,22.226917,2173400
2005-10-31,33.750000,34.820000,33.580002,34.650002,23.502068,2874700
2005-11-01,34.650002,35.500000,34.509998,35.299999,23.942945,2247100
2005-11-02,35.000000,36.389999,34.990002,35.750000,24.248154,2746200
2005-11-03,37.000000,37.650002,36.299999,36.599998,24.824697,2663600
2005-11-04,36.959999,37.320000,36.400002,37.180000,25.218088,1554200
2005-11-07,37.349998,37.369999,36.509998,37.279999,25.285923,1984100
2005-11-08,36.950001,36.950001,36.040001,36.330002,24.641563,1855300
2005-11-09,36.540001,36.750000,35.799999,36.419998,24.702602,1470200
2005-11-10,36.500000,37.810001,35.970001,37.700001,25.570791,1545400
2005-11-11,37.700001,37.860001,37.070000,37.630001,25.523312,947500
2005-11-14,37.549999,38.570000,37.279999,38.560001,26.154100,2169900
2005-11-15,38.270000,38.450001,36.730000,36.869999,25.007822,2933700
2005-11-16,36.849998,38.169998,36.790001,37.830002,25.658958,2084700
2005-11-17,37.799999,38.680000,37.700001,38.470001,26.093063,2184500
2005-11-18,39.000000,39.000000,36.799999,37.509998,25.441919,3913600
2005-11-21,37.410000,37.419998,36.560001,37.410000,25.374092,2429700
2005-11-22,37.410000,38.119999,37.310001,38.029999,25.794615,1973800
2005-11-23,37.860001,38.480000,37.849998,37.959999,25.747137,1525000
2005-11-25,38.180000,38.250000,37.480000,38.250000,25.943844,656200
2005-11-28,38.150002,38.349998,37.430000,37.599998,25.559761,2783400
2005-11-29,37.770000,38.099998,37.270000,37.279999,25.342237,1576500
2005-11-30,37.099998,37.439999,36.799999,36.880001,25.070324,2390500
2005-12-01,35.299999,36.889999,35.299999,36.470001,24.791611,4362100
2005-12-02,36.299999,37.029999,36.250000,36.630001,24.900373,1877400
2005-12-05,36.430000,36.439999,35.279999,35.980000,24.458523,2146800
2005-12-06,36.099998,36.790001,36.070000,36.230000,24.628466,2290600
2005-12-07,36.380001,36.889999,36.349998,36.599998,24.879982,1372500
2005-12-08,36.599998,37.360001,36.450001,37.270000,25.335442,2400600
2005-12-09,37.279999,37.869999,37.200001,37.540001,25.518974,1337000
2005-12-12,37.849998,38.090000,37.000000,37.200001,25.287849,1603700
2005-12-13,37.209999,37.500000,36.869999,37.119999,25.233465,1694300
2005-12-14,37.110001,37.240002,36.680000,36.919998,25.097507,1844100
2005-12-15,36.910000,37.099998,36.470001,36.959999,25.124702,2151800
2005-12-16,37.299999,37.310001,36.349998,36.380001,24.730438,1711300
2005-12-19,37.049999,37.450001,36.830002,37.029999,25.172287,2513300
2005-12-20,37.029999,37.750000,36.930000,37.680000,25.614149,2138300
2005-12-21,37.799999,37.869999,37.439999,37.720001,25.641344,2158800
2005-12-22,37.900002,37.910000,37.299999,37.389999,25.417011,1824800
2005-12-23,37.389999,37.730000,37.290001,37.509998,25.498579,1160200
2005-12-27,37.419998,37.700001,36.720001,36.810001,25.022734,1651700
2005-12-28,36.950001,37.830002,36.889999,37.630001,25.580156,1458700
2005-12-29,37.630001,37.730000,37.259998,37.470001,25.471395,872100
2005-12-30,37.349998,37.650002,37.099998,37.400002,25.423811,894300
2006-01-03,37.580002,37.880001,36.299999,37.720001,25.641344,2440500
2006-01-04,38.029999,38.049999,37.000000,37.669998,25.607344,2360900
2006-01-05,39.009998,40.349998,39.009998,39.669998,26.966902,4816700
2006-01-06,39.790001,39.970001,39.000000,39.500000,26.851347,2255100
2006-01-09,39.099998,40.130001,39.099998,40.099998,27.259216,1790700
2006-01-10,40.000000,40.720001,39.910000,40.500000,27.531132,1618700
2006-01-11,40.990002,41.580002,40.900002,41.240002,28.034168,2279400
2006-01-12,40.900002,41.049999,39.919998,40.189999,27.320396,1920700
2006-01-13,40.099998,40.599998,39.939999,39.980000,27.177641,1289900
2006-01-17,39.980000,40.009998,38.990002,39.500000,26.851347,1603900
2006-01-18,39.500000,40.389999,39.090000,39.689999,26.980501,1457800
2006-01-19,40.029999,40.279999,39.599998,40.200001,27.327202,1039200
2006-01-20,40.520000,40.560001,39.119999,39.400002,26.783373,1774000
2006-01-23,39.599998,40.270000,39.599998,40.150002,27.293201,2025400
2006-01-24,40.160000,40.720001,39.770000,40.099998,27.259216,2410100
2006-01-25,40.200001,41.200001,40.110001,41.150002,27.972982,2012000
2006-01-26,41.599998,41.740002,40.910000,41.669998,28.326469,2933600
2006-01-27,42.000000,42.740002,42.000000,42.279999,28.741142,2504100
2006-01-30,42.439999,42.900002,42.299999,42.500000,28.890684,2138300
2006-01-31,42.080002,42.250000,41.700001,41.720001,28.360458,2462900
2006-02-01,41.619999,42.169998,41.459999,42.000000,28.550797,1764800
2006-02-02,42.209999,42.279999,41.630001,42.130001,28.639164,2323500
2006-02-03,42.070000,42.410000,42.000000,42.200001,28.686754,1437400
2006-02-06,41.849998,41.860001,40.619999,41.349998,28.108936,2510100
2006-02-07,41.230000,41.740002,41.020000,41.130001,27.959396,1487300
2006-02-08,41.450001,41.650002,41.270000,41.529999,28.231289,1232300
2006-02-09,41.430000,41.650002,40.970001,41.049999,27.905020,1031900
2006-02-10,41.060001,41.110001,40.369999,40.900002,27.803040,1391500
2006-02-13,40.750000,41.000000,40.160000,40.509998,27.537926,1018000
2006-02-14,40.200001,40.349998,39.860001,40.150002,27.293201,2187200
2006-02-15,40.000000,40.639999,39.759998,40.450001,27.497141,1822200
2006-02-16,40.720001,40.750000,40.230000,40.549999,27.565111,1248200
2006-02-17,40.750000,40.750000,39.919998,40.080002,27.245621,1383900
2006-02-21,40.980000,40.980000,39.689999,39.919998,27.136848,1587500
2006-02-22,40.000000,40.950001,39.970001,40.270000,27.374775,1697400
2006-02-23,41.610001,41.610001,40.090000,40.119999,27.272806,1407000
2006-02-24,38.650002,38.650002,37.509998,38.299999,26.103924,4202200
2006-02-27,38.070000,38.619999,37.820000,37.900002,25.831303,2661400
2006-02-28,37.700001,38.529999,37.669998,38.000000,25.899462,2592200
2006-03-01,38.000000,39.619999,38.000000,39.419998,26.867283,3692900
2006-03-02,39.270000,39.919998,39.020000,39.330002,26.805943,3013500
2006-03-03,39.000000,40.070000,38.939999,39.660000,27.030851,2516400
2006-03-06,39.560001,39.950001,39.240002,39.820000,27.139900,1678500
2006-03-07,39.529999,39.830002,39.320000,39.360001,26.826387,2022500
2006-03-08,38.990002,40.720001,38.990002,40.459999,27.576105,1996900
2006-03-09,40.560001,40.900002,40.099998,40.130001,27.351185,1593100
2006-03-10,40.139999,41.419998,40.139999,41.220001,28.094105,1753200
2006-03-13,42.029999,42.029999,40.810001,40.939999,27.903259,1281600
2006-03-14,40.950001,41.169998,40.439999,41.000000,27.944153,1809700
2006-03-15,41.000000,41.200001,40.900002,41.110001,28.019125,1209300
2006-03-16,41.299999,41.500000,40.959999,41.009998,27.950964,1693900
2006-03-17,41.250000,41.470001,41.139999,41.220001,28.094105,1590000
2006-03-20,41.369999,41.500000,41.060001,41.200001,28.080473,1189100
2006-03-21,41.200001,41.330002,40.439999,40.639999,27.698786,2481800
2006-03-22,40.139999,40.750000,39.849998,40.580002,27.657896,2252700
2006-03-23,41.860001,41.860001,40.529999,40.740002,27.766945,1140800
2006-03-24,40.860001,40.869999,39.880001,40.389999,27.528393,1210100
2006-03-27,40.500000,40.820000,40.119999,40.250000,27.432978,801600
2006-03-28,40.049999,40.099998,38.939999,39.299999,26.785490,1981600
2006-03-29,39.349998,39.880001,39.230000,39.759998,27.099005,1267700
2006-03-30,40.549999,40.549999,39.439999,39.660000,27.030851,1393900
2006-03-31,39.830002,40.020000,39.169998,39.180000,26.703705,1246000
2006-04-03,39.419998,39.610001,38.139999,38.220001,26.049398,2428000
2006-04-04,38.650002,38.930000,37.700001,38.750000,26.410635,2073500
2006-04-05,38.669998,39.099998,38.490002,38.840000,26.471973,1289500
2006-04-06,40.099998,41.029999,39.849998,40.709999,27.746494,2681900
2006-04-07,42.169998,42.169998,39.799999,39.930000,27.214878,1308100
2006-04-10,39.709999,39.900002,39.139999,39.270000,26.765043,1222200
2006-04-11,39.169998,39.230000,38.400002,38.810001,26.451529,1403800
2006-04-12,38.900002,39.230000,38.509998,39.009998,26.587841,1175100
2006-04-13,39.259998,40.099998,39.119999,39.810001,27.133089,1926400
2006-04-17,39.400002,39.820000,38.330002,38.700001,26.376551,1384100
2006-04-18,38.700001,39.400002,38.700001,39.230000,26.737785,1684400
2006-04-19,39.099998,39.340000,38.619999,39.150002,26.683260,1693800
2006-04-20,39.020000,39.500000,39.000000,39.180000,26.703705,1679000
2006-04-21,39.650002,39.849998,38.400002,38.639999,26.335659,1393800
2006-04-24,38.500000,38.639999,37.869999,38.240002,26.063032,1755600
2006-04-25,38.220001,38.509998,37.650002,37.810001,25.769958,1729000
2006-04-26,37.700001,38.130001,37.549999,37.900002,25.831303,1392600
2006-04-27,37.910000,38.900002,37.730000,38.439999,26.199352,1291200
2006-04-28,38.340000,39.000000,38.279999,38.330002,26.124367,1041200
2006-05-01,38.480000,38.950001,38.330002,38.490002,26.233427,1563700
2006-05-02,38.630001,38.750000,37.500000,37.939999,25.858572,1782800
2006-05-03,38.150002,38.970001,38.150002,38.619999,26.322027,2306700
2006-05-04,38.849998,39.320000,37.509998,37.930000,25.851749,3091900
2006-05-05,38.060001,38.849998,38.060001,38.660000,26.349291,2609300
2006-05-08,38.500000,39.439999,38.490002,39.310001,26.792309,1929900
2006-05-09,39.270000,39.500000,39.000000,39.299999,26.785490,1583800
2006-05-10,39.049999,39.400002,39.000000,39.250000,26.751411,1319100
2006-05-11,39.020000,39.169998,37.830002,38.259998,26.076670,2354500
2006-05-12,38.270000,38.270000,36.590000,36.650002,24.979340,2013300
2006-05-15,36.630001,37.290001,36.029999,36.770000,25.061140,2382900
2006-05-16,36.820000,37.119999,35.689999,35.919998,24.481796,2913800
2006-05-17,35.750000,35.750000,34.799999,35.320000,24.072868,3020600
2006-05-18,35.549999,36.360001,34.669998,35.500000,24.195555,3892600
2006-05-19,36.599998,36.700001,35.080002,35.279999,24.045597,4823400
2006-05-22,34.439999,34.889999,33.799999,34.590000,23.575319,3560200
2006-05-23,34.650002,35.549999,34.630001,34.669998,23.629835,2964300
2006-05-24,34.669998,34.900002,33.410000,34.330002,23.398117,3361700
2006-05-25,35.250000,36.009998,34.849998,35.959999,24.509060,3446500
2006-05-26,36.000000,36.209999,35.840000,36.090000,24.669706,2087400
2006-05-30,35.750000,35.849998,35.160000,35.430000,24.218544,1840300
2006-05-31,35.599998,36.880001,35.590000,36.830002,25.175539,4105500
2006-06-01,37.009998,37.849998,36.959999,37.150002,25.394278,3330900
2006-06-02,37.099998,37.150002,36.150002,37.040001,25.319082,1859300
2006-06-05,36.700001,37.000000,35.939999,36.080002,24.662870,1529400
2006-06-06,36.599998,36.849998,35.740002,36.299999,24.813250,2727200
2006-06-07,36.849998,37.599998,36.700001,36.959999,25.264400,2431500
2006-06-08,36.849998,36.849998,34.750000,35.900002,24.539822,3658600
2006-06-09,35.759998,36.549999,35.750000,36.340000,24.840593,1512900
2006-06-12,36.340000,36.560001,34.700001,34.700001,23.719564,2999000
2006-06-13,34.700001,35.130001,34.180000,34.189999,23.370930,2930800
2006-06-14,34.070000,34.849998,34.070000,34.810001,23.794746,1562800
2006-06-15,34.849998,36.799999,34.840000,36.590000,25.011482,2684000
2006-06-16,36.230000,36.750000,35.730000,35.849998,24.505653,2474800
2006-06-19,35.860001,36.119999,35.220001,35.400002,24.198051,1457300
2006-06-20,35.599998,36.500000,35.529999,36.180000,24.731222,2017800
2006-06-21,36.070000,37.099998,35.750000,36.910000,25.230225,1890700
2006-06-22,36.799999,37.180000,36.660000,36.939999,25.250725,1799200
2006-06-23,36.740002,37.180000,36.299999,36.759998,25.127687,2002200
2006-06-26,36.700001,37.299999,36.259998,36.279999,24.799572,2142600
2006-06-27,35.470001,36.439999,35.470001,35.840000,24.498808,1453900
2006-06-28,35.869999,36.160000,35.330002,35.470001,24.245892,1622600
2006-06-29,35.770000,36.200001,35.580002,36.110001,24.683380,2345400
2006-06-30,36.150002,36.650002,36.060001,36.500000,24.949957,1810500
2006-07-03,36.500000,36.730000,36.270000,36.470001,24.929455,556400
2006-07-05,36.000000,36.110001,35.349998,35.759998,24.444134,1869000
2006-07-06,35.700001,37.419998,35.250000,37.110001,25.366934,4807600
2006-07-07,36.950001,37.650002,36.450001,36.950001,25.257561,2995500
2006-07-10,37.000000,37.500000,36.770000,37.040001,25.319082,1453200
2006-07-11,37.000000,37.419998,36.680000,37.360001,25.537827,1357300
2006-07-12,37.250000,37.330002,35.900002,35.970001,24.587677,2659400
2006-07-13,35.520000,35.580002,33.930000,34.189999,23.370930,3854400
2006-07-14,34.099998,34.230000,33.060001,33.439999,22.858263,2382800
2006-07-17,33.250000,33.939999,33.230000,33.560001,22.940294,1645700
2006-07-18,32.759998,33.500000,31.770000,32.360001,22.120022,3342700
2006-07-19,32.689999,34.150002,32.689999,33.799999,23.104351,2353700
2006-07-20,33.950001,34.169998,32.570000,32.669998,22.331921,1578700
2006-07-21,32.689999,32.689999,31.889999,32.450001,22.181549,2000000
2006-07-24,32.459999,33.580002,32.450001,33.270000,22.742064,2303000
2006-07-25,33.169998,33.980000,32.910000,33.700001,23.035997,2128000
2006-07-26,33.470001,33.630001,32.990002,33.230000,22.714714,2392000
2006-07-27,33.570000,33.930000,33.000000,33.040001,22.584841,2664400
2006-07-28,33.070000,33.950001,33.070000,33.840000,23.131687,1750000
2006-07-31,33.900002,35.009998,33.840000,34.299999,23.446133,2179900
2006-08-01,34.099998,34.099998,32.970001,34.000000,23.241064,2625300
2006-08-02,34.020000,34.099998,33.110001,33.360001,22.803585,2576800
2006-08-03,33.360001,35.900002,33.299999,35.619999,24.348421,4915400
2006-08-04,35.980000,36.240002,34.689999,34.880001,23.842594,1916400
2006-08-07,34.500000,35.060001,34.250000,34.459999,23.555490,2503500
2006-08-08,34.599998,34.930000,34.049999,34.060001,23.282080,2491600
2006-08-09,34.439999,34.750000,33.590000,33.610001,22.974472,1680400
2006-08-10,33.509998,34.099998,33.060001,33.880001,23.159031,2773400
2006-08-11,34.070000,34.849998,34.070000,34.310001,23.452965,1701900
2006-08-14,35.099998,35.840000,34.740002,34.810001,23.794746,1879700
2006-08-15,35.900002,36.259998,35.139999,36.119999,24.690207,2036500
2006-08-16,36.000000,36.950001,35.900002,36.509998,24.956799,3218500
2006-08-17,36.689999,37.380001,36.450001,36.500000,24.949957,2652900
2006-08-18,37.250000,37.250000,35.500000,36.680000,25.073004,4094900
2006-08-21,36.240002,36.480000,35.849998,35.980000,24.594515,1980100
2006-08-22,35.980000,36.669998,35.750000,36.419998,24.895273,2063000
2006-08-23,36.169998,36.250000,35.570000,35.720001,24.416796,1432800
2006-08-24,35.680000,35.680000,33.950001,34.189999,23.370930,4992000
2006-08-25,34.189999,34.250000,33.310001,34.049999,23.275236,3589300
2006-08-28,34.049999,34.930000,34.029999,34.650002,23.685373,1434700
2006-08-29,34.549999,35.009998,33.930000,34.900002,23.928778,2298800
2006-08-30,35.200001,35.480000,34.759998,35.279999,24.189314,1978600
2006-08-31,36.450001,37.470001,36.250000,37.349998,25.608591,5611300
2006-09-01,37.500000,38.180000,37.240002,37.939999,26.013119,4089300
2006-09-05,38.080002,38.389999,37.450001,37.650002,25.814281,2543300
2006-09-06,37.250000,38.070000,37.160000,37.900002,25.985697,1931900
2006-09-07,37.750000,39.090000,37.700001,38.470001,26.376513,2775300
2006-09-08,38.500000,39.599998,38.200001,39.509998,27.089565,3106900
2006-09-11,39.500000,39.990002,39.169998,39.750000,27.254122,2270300
2006-09-12,39.810001,41.200001,39.759998,40.880001,28.028900,3407600
2006-09-13,40.660000,42.700001,40.540001,42.430000,29.091635,6608800
2006-09-14,41.939999,42.340000,41.650002,42.029999,28.817381,2803600
2006-09-15,42.490002,42.500000,41.410000,41.599998,28.522554,4113700
2006-09-18,41.880001,42.689999,41.360001,41.900002,28.728245,2465500
2006-09-19,41.900002,42.770000,41.700001,42.419998,29.084784,2372300
2006-09-20,43.220001,43.990002,42.570000,43.490002,29.818413,4303400
2006-09-21,43.400002,43.639999,42.369999,42.549999,29.173910,2898400
2006-09-22,42.310001,43.090000,42.020000,42.580002,29.194481,2865700
2006-09-25,42.669998,43.759998,42.509998,43.650002,29.928118,2470500
2006-09-26,42.950001,43.520000,42.619999,43.200001,29.619585,2857100
2006-09-27,43.200001,43.790001,42.730000,43.580002,29.880116,2495100
2006-09-28,43.450001,43.919998,43.000000,43.750000,29.996670,1927600
2006-09-29,43.779999,43.889999,42.060001,42.299999,29.002499,2888700
2006-10-02,42.200001,43.549999,42.110001,42.820000,29.359028,2251700
2006-10-03,42.990002,44.060001,42.630001,44.029999,30.188660,2357600
2006-10-04,44.000000,45.220001,43.680000,45.189999,30.983999,2952600
2006-10-05,45.180000,45.750000,44.110001,45.439999,31.155401,2929800
2006-10-06,45.439999,45.439999,44.549999,44.689999,30.641169,1851100
2006-10-09,44.439999,45.750000,44.290001,45.549999,31.230827,1444500
2006-10-10,45.549999,46.000000,45.189999,45.740002,31.361115,1491800
2006-10-11,45.360001,46.160000,45.040001,45.689999,31.326820,1796700
2006-10-12,45.740002,47.349998,45.720001,47.299999,32.430695,2685200
2006-10-13,47.099998,47.410000,46.849998,47.070000,32.272995,1404200
2006-10-16,46.830002,47.630001,46.619999,47.369999,32.478687,1570200
2006-10-17,47.369999,47.369999,46.139999,46.970001,32.204430,1866000
2006-10-18,47.400002,47.860001,47.200001,47.639999,32.663807,1895800
2006-10-19,47.639999,48.160000,47.049999,47.310001,32.437557,1323400
2006-10-20,47.630001,47.720001,46.700001,47.200001,32.362118,1948200
2006-10-23,47.160000,48.459999,46.930000,48.290001,33.109474,1950500
2006-10-24,48.290001,49.080002,48.150002,48.869999,33.507153,2316000
2006-10-25,49.000000,49.520000,47.459999,47.610001,32.643227,2196400
2006-10-26,48.009998,48.400002,47.570000,48.369999,33.164341,2066800
2006-10-27,47.970001,48.200001,46.770000,46.830002,32.108429,2686800
2006-10-30,46.830002,48.580002,46.400002,48.349998,33.150612,2257700
2006-10-31,48.450001,48.779999,47.209999,47.349998,32.464970,1883500
2006-11-01,47.400002,47.529999,46.250000,46.299999,31.745064,2606000
2006-11-02,46.299999,47.990002,45.700001,46.759998,32.060444,3798900
2006-11-03,46.910000,47.169998,45.720001,46.060001,31.580498,1809100
2006-11-06,46.180000,46.889999,46.049999,46.689999,32.012459,1553600
2006-11-07,46.509998,47.599998,46.279999,47.150002,32.327850,1340900
2006-11-08,46.750000,47.299999,46.610001,46.889999,32.149578,2181700
2006-11-09,46.889999,46.930000,45.369999,45.540001,31.223969,3486900
2006-11-10,46.150002,46.880001,45.849998,46.750000,32.053596,2586900
2006-11-13,47.000000,48.590000,46.360001,46.400002,31.813601,3952600
2006-11-14,47.259998,47.939999,46.759998,47.810001,32.780365,2416400
2006-11-15,48.020000,48.599998,47.959999,48.160000,33.020340,2109500
2006-11-16,48.250000,48.270000,47.320000,47.919998,32.855793,1950900
2006-11-17,47.900002,48.240002,47.450001,48.080002,32.965500,2727900
2006-11-20,48.080002,48.730000,47.310001,47.490002,32.560955,3145200
2006-11-21,48.939999,50.299999,47.799999,49.619999,34.021366,5702100
2006-11-22,49.919998,50.790001,49.759998,50.520000,34.638443,2584300
2006-11-24,49.750000,50.290001,49.730000,50.000000,34.281921,1900300
2006-11-27,49.689999,50.290001,49.480000,49.540001,33.966518,4519800
2006-11-28,49.299999,49.869999,48.889999,49.299999,33.873764,3793400
2006-11-29,49.380001,50.689999,49.380001,50.410000,34.636433,3607400
2006-11-30,49.500000,49.500000,48.439999,49.020000,33.681370,7402100
2006-12-01,48.250000,49.330002,47.259998,47.810001,32.849995,3603200
2006-12-04,48.139999,48.849998,48.009998,48.349998,33.221024,2847700
2006-12-05,48.320000,49.310001,48.090000,49.310001,33.880638,3137400
2006-12-06,49.139999,49.709999,49.139999,49.610001,34.086765,2148000
2006-12-07,49.549999,49.980000,48.980000,49.110001,33.743225,1986900
2006-12-08,48.910000,49.200001,48.529999,48.610001,33.399677,1836700
2006-12-11,48.560001,49.779999,48.040001,49.599998,34.079887,2804400
2006-12-12,49.380001,49.869999,48.580002,49.119999,33.750084,2237100
2006-12-13,49.849998,50.000000,49.419998,49.840000,34.244789,1911500
2006-12-14,49.740002,50.970001,49.720001,50.619999,34.780743,1931800
2006-12-15,51.290001,51.400002,50.090000,50.299999,34.560871,2489000
2006-12-18,50.509998,50.700001,49.500000,49.720001,34.162338,2117300
2006-12-19,49.279999,49.810001,48.689999,49.650002,34.114243,1986000
2006-12-20,49.610001,50.060001,48.990002,49.049999,33.701992,2114600
2006-12-21,49.200001,49.240002,48.110001,48.230000,33.138580,2740500
2006-12-22,48.349998,49.160000,48.230000,48.849998,33.564568,2328000
2006-12-26,49.639999,49.639999,47.849998,48.259998,33.159184,1791600
2006-12-27,48.459999,48.730000,47.919998,48.529999,33.344700,1417200
2006-12-28,48.529999,49.000000,48.200001,48.520000,33.337833,873000
2006-12-29,48.669998,49.549999,48.630001,49.340000,33.901245,2341300
2007-01-03,50.000000,51.389999,50.000000,51.389999,35.309807,5144800
2007-01-04,51.389999,52.639999,51.189999,52.259998,35.907558,4253200
2007-01-05,52.259998,52.259998,51.150002,51.279999,35.234200,2665400
2007-01-08,51.279999,51.990002,51.000000,51.549999,35.419720,2271500
2007-01-09,51.540001,52.200001,51.150002,52.110001,35.804512,2066900
2007-01-10,52.180000,52.529999,51.820000,52.360001,35.976269,1968100
2007-01-11,52.560001,53.750000,52.450001,53.529999,36.780174,2655600
2007-01-12,53.549999,55.000000,53.470001,54.810001,37.659641,3341500
2007-01-16,54.779999,55.000000,54.150002,54.959999,37.762703,1625800
2007-01-17,54.959999,55.250000,54.349998,54.599998,37.515350,1663700
2007-01-18,54.090000,55.799999,54.090000,55.529999,38.154346,2590500
2007-01-19,55.540001,55.540001,54.500000,55.029999,37.810814,2583600
2007-01-22,55.000000,55.029999,53.650002,54.220001,37.254280,1961300
2007-01-23,54.200001,54.669998,53.669998,53.939999,37.061871,1971900
2007-01-24,54.209999,55.000000,53.970001,54.959999,37.762703,1488500
2007-01-25,54.959999,54.990002,53.400002,53.540001,36.787045,1391300
2007-01-26,53.849998,54.160000,53.279999,53.650002,36.862625,1820300
2007-01-29,53.700001,54.509998,53.259998,54.439999,37.405418,1865300
2007-01-30,54.849998,54.950001,53.599998,54.529999,37.467270,2613100
2007-01-31,54.529999,55.990002,54.299999,55.709999,38.278034,1980800
2007-02-01,56.700001,57.099998,56.029999,56.939999,39.123165,2236800
2007-02-02,56.939999,57.049999,56.340000,56.680000,38.944511,1249100
2007-02-05,56.810001,57.250000,56.400002,56.500000,38.820839,1792900
2007-02-06,56.750000,57.099998,56.299999,56.700001,38.958271,2276900
2007-02-07,56.720001,57.029999,56.000000,56.840000,39.054459,1298700
2007-02-08,56.840000,57.099998,56.299999,56.980000,39.150665,1938400
2007-02-09,57.250000,57.500000,56.430000,56.880001,39.081944,1800400
2007-02-12,57.549999,57.700001,56.630001,56.740002,38.985741,2010200
2007-02-13,56.900002,57.700001,56.759998,57.660000,39.617870,1444400
2007-02-14,57.799999,58.880001,57.759998,58.619999,40.277481,2383400
2007-02-15,58.500000,58.959999,58.060001,58.720001,40.346195,1487900
2007-02-16,58.529999,58.599998,57.930000,58.459999,40.167549,1483100
2007-02-20,58.200001,59.570000,58.180000,59.119999,40.621025,2260800
2007-02-21,59.110001,59.650002,58.549999,59.169998,40.655388,2602600
2007-02-22,59.250000,59.700001,58.290001,59.660000,40.992062,2164200
2007-02-23,59.410000,59.500000,57.700001,58.220001,40.002647,3387500
2007-02-26,58.549999,58.599998,56.439999,56.599998,38.979942,3844400
2007-02-27,54.049999,54.060001,51.119999,52.299999,36.018566,8995800
2007-02-28,52.360001,53.430000,51.570000,52.980000,36.486870,3779600
2007-03-01,52.500000,53.889999,51.450001,53.630001,36.934525,3787100
2007-03-02,53.630001,53.810001,52.299999,52.410000,36.094322,3055900
2007-03-05,52.000000,52.000000,50.380001,50.490002,34.772038,3524900
2007-03-06,51.099998,51.500000,50.139999,51.060001,35.164589,4182500
2007-03-07,51.000000,51.250000,49.759998,50.419998,34.723831,5529100
2007-03-08,52.000000,53.799999,52.000000,52.680000,36.280281,8306700
2007-03-09,53.250000,53.250000,50.930000,51.570000,35.515823,4391800
2007-03-12,51.709999,52.959999,51.490002,52.869999,36.411114,3487400
2007-03-13,52.299999,52.799999,51.619999,52.220001,35.963470,3514600
2007-03-14,51.750000,52.060001,49.349998,51.020000,35.137039,6588700
2007-03-15,51.049999,51.619999,50.889999,51.160000,35.233456,1947900
2007-03-16,51.160000,51.320000,50.570000,50.959999,35.095734,2288500
2007-03-19,51.200001,51.799999,51.139999,51.349998,35.364319,2160400
2007-03-20,51.599998,52.090000,51.290001,51.970001,35.791298,1795800
2007-03-21,51.950001,52.910000,51.299999,52.779999,36.349140,1891600
2007-03-22,53.549999,53.549999,52.200001,53.020000,36.514416,1526500
2007-03-23,52.849998,53.630001,52.779999,53.450001,36.810555,1026400
2007-03-26,53.450001,53.450001,52.480000,52.919998,36.445560,1681700
2007-03-27,52.849998,52.880001,52.110001,52.250000,35.984142,1602800
2007-03-28,51.830002,52.009998,50.380001,51.459999,35.440071,3143800
2007-03-29,52.230000,52.349998,51.150002,52.160000,35.922146,2168500
2007-03-30,52.160000,53.630001,52.160000,52.939999,36.459324,3611500
2007-04-02,53.310001,53.950001,53.110001,53.740002,37.010284,2822900
2007-04-03,54.049999,54.590000,53.980000,54.169998,37.306431,1741600
2007-04-04,54.349998,54.419998,53.759998,54.080002,37.244431,1198500
2007-04-05,54.080002,54.400002,53.759998,54.130001,37.278889,1081300
2007-04-09,54.650002,54.750000,53.590000,54.590000,37.595669,1270200
2007-04-10,54.970001,55.599998,54.419998,54.910000,37.816055,1730400
2007-04-11,55.000000,55.270000,54.279999,54.849998,37.774731,1852400
2007-04-12,54.849998,56.029999,53.689999,55.610001,38.298149,2824000
2007-04-13,55.500000,55.750000,54.490002,54.919998,37.822929,1585100
2007-04-16,55.169998,55.639999,54.810001,55.480000,38.208603,1469700
2007-04-17,55.500000,56.110001,55.299999,55.830002,38.449650,1370900
2007-04-18,55.830002,56.080002,55.200001,55.599998,38.291256,1636300
2007-04-19,56.000000,56.000000,55.150002,55.810001,38.435883,1384000
2007-04-20,56.500000,56.720001,56.209999,56.720001,39.062595,1723700
2007-04-23,56.599998,56.959999,56.389999,56.680000,39.035034,1088500
2007-04-24,56.680000,56.680000,55.130001,56.180000,38.690693,1672200
2007-04-25,56.639999,56.639999,55.770000,55.880001,38.484074,1551000
2007-04-26,56.029999,56.599998,55.799999,56.150002,38.670029,1243800
2007-04-27,56.150002,56.410000,55.689999,56.209999,38.711361,1077400
2007-04-30,56.169998,56.290001,54.880001,54.919998,37.822929,2343800
2007-05-01,54.500000,55.250000,53.779999,55.180000,38.002003,2304300
2007-05-02,55.759998,56.470001,55.250000,55.990002,38.559845,2126700
2007-05-03,56.209999,56.369999,55.049999,55.509998,38.229263,2732500
2007-05-04,55.990002,55.990002,55.389999,55.599998,38.291256,1863800
2007-05-07,55.650002,55.860001,55.220001,55.419998,38.167286,2653000
2007-05-08,55.119999,55.490002,54.770000,55.000000,37.878033,1443900
2007-05-09,54.950001,56.000000,54.750000,55.759998,38.401440,2151900
2007-05-10,55.000000,55.759998,54.150002,54.189999,37.320190,3304300
2007-05-11,54.450001,54.480000,53.160000,53.980000,37.175560,3050500
2007-05-14,54.119999,54.750000,54.049999,54.189999,37.320190,2111500
2007-05-15,54.090000,54.669998,53.410000,53.470001,36.824341,2269000
2007-05-16,53.480000,54.160000,52.299999,52.490002,36.149422,3618800
2007-05-17,52.669998,53.860001,52.650002,53.169998,36.617741,3697500
2007-05-18,54.380001,55.000000,52.750000,53.349998,36.741699,4849500
2007-05-21,53.049999,53.450001,52.299999,52.700001,36.294048,3173500
2007-05-22,52.730000,52.790001,51.950001,52.049999,35.846390,3412300
2007-05-23,52.180000,52.840000,51.650002,51.740002,35.632893,2371800
2007-05-24,52.130001,52.799999,51.279999,51.570000,35.515823,2738100
2007-05-25,51.599998,52.220001,51.580002,51.790001,35.667324,1420800
2007-05-29,51.750000,52.020000,50.880001,51.080002,35.270313,2461300
2007-05-30,50.790001,51.369999,50.400002,51.270000,35.401497,8507300
2007-05-31,51.590000,52.029999,51.400002,51.930000,35.857220,2797300
2007-06-01,52.250000,53.639999,52.189999,53.430000,36.892956,4389000
2007-06-04,52.849998,53.549999,52.720001,53.540001,36.968910,2086400
2007-06-05,53.330002,53.439999,52.720001,52.990002,36.589127,3098200
2007-06-06,52.990002,53.150002,52.380001,53.029999,36.616753,3269700
2007-06-07,53.500000,53.790001,51.400002,51.470001,35.539604,3055900
2007-06-08,52.290001,52.930000,51.889999,52.919998,36.540802,2256900
2007-06-11,52.770000,52.770000,51.919998,52.520000,36.264622,1761600
2007-06-12,52.509998,52.520000,51.200001,51.410000,35.498161,2592600
2007-06-13,51.750000,52.290001,51.500000,52.270000,36.091988,2078100
2007-06-14,52.340000,53.119999,52.299999,52.959999,36.568432,2373700
2007-06-15,53.540001,54.000000,52.880001,52.959999,36.568432,2639800
2007-06-18,53.209999,53.459999,51.779999,52.119999,35.988403,2492100
2007-06-19,52.049999,52.139999,51.040001,51.540001,35.587921,3323300
2007-06-20,51.570000,51.950001,50.750000,50.849998,35.111496,2598900
2007-06-21,50.740002,51.470001,50.400002,51.230000,35.373871,2190000
2007-06-22,51.200001,51.500000,50.799999,51.009998,35.221977,2024400
2007-06-25,51.049999,51.290001,50.299999,50.639999,34.966484,2145100
2007-06-26,51.000000,51.000000,50.139999,50.200001,34.662678,3333000
2007-06-27,49.349998,50.230000,48.599998,50.169998,34.641949,5961800
2007-06-28,50.169998,51.189999,49.919998,50.360001,34.773140,3118900
2007-06-29,50.410000,51.700001,50.330002,51.119999,35.297924,3333000
2007-07-02,51.150002,51.250000,50.360001,50.500000,34.869812,3460500
2007-07-03,50.450001,50.500000,49.509998,49.740002,34.345051,1508200
2007-07-05,49.700001,49.959999,49.200001,49.599998,34.248371,4238300
2007-07-06,49.459999,49.680000,48.919998,49.580002,34.234558,4407100
2007-07-09,49.520000,49.560001,48.830002,49.090000,33.896236,2801200
2007-07-10,48.480000,48.529999,47.099998,47.549999,32.832867,6132900
2007-07-11,47.349998,48.430000,47.189999,48.220001,33.295509,4082200
2007-07-12,49.580002,49.900002,48.220001,48.939999,33.792648,4169100
2007-07-13,48.700001,49.520000,48.299999,49.410000,34.117180,2444200
2007-07-16,49.310001,49.389999,48.200001,48.360001,33.392159,2168800
2007-07-17,48.250000,48.250000,47.509998,47.869999,33.053825,3122200
2007-07-18,47.790001,48.549999,47.230000,47.610001,32.874294,3102400
2007-07-19,47.900002,48.840000,47.599998,48.619999,33.571690,2436600
2007-07-20,49.400002,49.509998,47.419998,47.450001,32.763809,2396700
2007-07-23,48.230000,48.230000,46.669998,46.910000,32.390953,3362200
2007-07-24,46.430000,46.810001,44.980000,45.139999,31.168776,3646300
2007-07-25,45.349998,45.500000,44.040001,44.599998,30.795918,4032800
2007-07-26,44.000000,44.520000,42.700001,43.450001,30.001850,5308100
2007-07-27,44.040001,45.590000,43.500000,43.910000,30.319473,6001200
2007-07-30,46.200001,47.369999,45.500000,47.060001,32.494518,6394700
2007-07-31,48.849998,50.000000,47.450001,47.580002,32.853577,6060300
2007-08-01,47.560001,47.770000,46.630001,47.630001,32.888107,4450600
2007-08-02,48.389999,48.520000,46.959999,48.169998,33.260960,3069000
2007-08-03,47.950001,48.209999,46.070000,46.070000,31.810930,3155700
2007-08-06,46.060001,47.740002,45.200001,47.740002,32.964069,4073200
2007-08-07,48.000000,49.000000,46.790001,48.689999,33.620014,5782900
2007-08-08,49.439999,51.639999,48.290001,51.110001,35.291016,6357400
2007-08-09,50.000000,53.470001,48.439999,50.580002,34.925049,6395600
2007-08-10,49.900002,50.029999,47.639999,48.660000,33.599316,5515400
2007-08-13,49.630001,50.480000,48.000000,48.610001,33.564796,3422700
2007-08-14,48.560001,48.660000,46.900002,46.910000,32.390953,3245500
2007-08-15,46.480000,48.000000,45.700001,46.150002,31.866184,4803200
2007-08-16,45.630001,46.490002,44.090000,46.150002,31.866184,4880900
2007-08-17,46.389999,47.400002,45.150002,47.009998,32.459999,5784600
2007-08-20,47.150002,47.500000,44.549999,45.560001,31.458786,4641700
2007-08-21,44.900002,45.849998,44.439999,45.520000,31.431166,2862000
2007-08-22,46.000000,47.639999,46.000000,47.130001,32.542870,3638000
2007-08-23,47.799999,48.099998,46.750000,47.119999,32.535965,2774900
2007-08-24,47.400002,49.130001,46.959999,48.830002,33.716698,2930400
2007-08-27,48.790001,49.400002,47.919998,48.029999,33.164307,2893300
2007-08-28,47.849998,48.000000,46.830002,46.900002,32.384045,3940900
2007-08-29,47.200001,48.209999,46.730000,48.160000,33.350063,2677100
2007-08-30,47.509998,47.770000,47.029999,47.540001,32.920727,2691300
2007-08-31,47.860001,49.200001,46.599998,48.099998,33.308510,4014400
2007-09-04,47.750000,47.950001,46.840000,46.980000,32.532936,4567300
2007-09-05,46.849998,47.720001,45.950001,47.189999,32.678352,6115900
2007-09-06,47.990002,48.889999,47.299999,48.049999,33.273880,4601500
2007-09-07,47.090000,47.529999,46.500000,46.980000,32.532936,4506500
2007-09-10,47.200001,47.389999,45.880001,46.509998,32.207458,2439900
2007-09-11,46.700001,47.700001,46.400002,47.340000,32.782234,2992000
2007-09-12,46.900002,47.220001,46.610001,46.939999,32.505245,2713200
2007-09-13,47.340000,48.939999,47.150002,48.470001,33.564743,3255500
2007-09-14,48.070000,49.689999,47.810001,49.419998,34.222591,2638100
2007-09-17,49.150002,49.160000,48.220001,48.810001,33.800190,2687800
2007-09-18,49.130001,51.720001,48.730000,51.340000,35.552162,3599000
2007-09-19,51.459999,52.520000,51.340000,51.900002,35.939953,3911500
2007-09-20,51.650002,51.799999,50.180000,50.750000,35.143589,2583900
2007-09-21,50.610001,50.930000,49.810001,50.740002,35.136677,4895600
2007-09-24,50.799999,51.020000,50.009998,50.709999,35.115906,2193200
2007-09-25,49.490002,49.490002,47.939999,48.439999,33.543972,3517800
2007-09-26,48.700001,49.180000,48.130001,48.200001,33.377766,2973300
2007-09-27,48.310001,48.320000,47.080002,47.270000,32.733765,3063700
2007-09-28,47.310001,48.070000,46.770000,46.889999,32.470608,3584100
2007-10-01,46.799999,47.660000,46.320000,47.279999,32.740673,3759600
2007-10-02,47.150002,48.900002,47.139999,48.779999,33.779396,2677900
2007-10-03,48.560001,50.250000,48.439999,49.470001,34.257217,4096100
2007-10-04,49.509998,49.750000,48.570000,48.849998,33.827885,2305500
2007-10-05,49.349998,50.509998,49.099998,50.009998,34.631165,2872900
2007-10-08,49.660000,49.939999,49.130001,49.250000,34.104866,2274400
2007-10-09,49.259998,49.259998,48.360001,48.959999,33.904053,3097200
2007-10-10,48.619999,49.119999,48.299999,48.610001,33.661697,3568300
2007-10-11,45.930000,47.599998,44.209999,44.970001,31.141033,15409700
2007-10-12,44.900002,44.970001,43.000000,43.799999,30.330832,7927700
2007-10-15,43.799999,43.980000,41.750000,42.139999,29.181301,6980500
2007-10-16,41.529999,41.750000,40.549999,41.130001,28.481907,7677600
2007-10-17,41.459999,41.830002,40.160000,40.790001,28.246458,6308000
2007-10-18,40.200001,41.029999,39.610001,39.980000,27.685537,7441900
2007-10-19,39.759998,40.430000,38.509998,38.590000,26.722990,4784400
2007-10-22,38.290001,39.700001,38.139999,39.139999,27.103849,5420500
2007-10-23,39.400002,39.490002,37.799999,38.529999,26.681431,5468300
2007-10-24,38.200001,38.900002,37.500000,38.060001,26.355965,6187600
2007-10-25,38.000000,38.939999,37.660000,38.279999,26.508318,4671300
2007-10-26,38.590000,38.930000,37.799999,38.849998,26.903028,4401200
2007-10-29,38.880001,39.700001,38.820000,39.070000,27.055382,4328100
2007-10-30,39.889999,39.970001,39.080002,39.669998,27.470869,4744700
2007-10-31,40.090000,40.090000,38.599998,39.439999,27.311592,5211500
2007-11-01,38.930000,39.130001,37.730000,37.750000,26.141304,4184500
2007-11-02,37.950001,38.119999,36.119999,36.500000,25.275696,6562300
2007-11-05,36.130001,36.220001,33.709999,34.450001,23.856098,8279700
2007-11-06,33.730000,34.860001,32.939999,33.400002,23.128992,8942400
2007-11-07,33.000000,34.200001,32.740002,33.669998,23.315964,7330600
2007-11-08,34.369999,34.900002,31.860001,32.759998,22.685806,9548200
2007-11-09,32.000000,33.259998,31.820000,32.380001,22.422651,5622100
2007-11-12,32.389999,34.750000,32.020000,33.020000,22.865843,7379000
2007-11-13,33.820000,36.220001,33.820000,34.500000,23.890722,6238300
2007-11-14,35.599998,35.990002,34.160000,34.509998,23.897650,8679700
2007-11-15,33.369999,34.570000,33.040001,33.500000,23.198238,6438700
2007-11-16,33.660000,33.799999,31.969999,32.509998,22.512678,6702900
2007-11-19,32.020000,32.180000,30.459999,30.520000,21.134636,6587400
2007-11-20,33.200001,35.250000,33.200001,34.209999,23.689901,18138100
2007-11-21,34.000000,35.590000,33.209999,34.950001,24.202347,7742000
2007-11-23,35.139999,35.970001,34.919998,35.720001,24.735552,2274200
2007-11-26,36.200001,36.480000,34.889999,34.889999,24.160793,7552900
2007-11-27,34.799999,35.849998,34.049999,34.340000,23.779924,6540900
2007-11-28,34.529999,35.540001,33.610001,35.180000,24.457769,8047900
2007-11-29,35.139999,35.139999,33.310001,33.720001,23.442743,6653400
2007-11-30,34.250000,34.799999,33.270000,33.540001,23.317608,8218200
2007-12-03,33.959999,35.040001,33.730000,34.060001,23.679121,6379900
2007-12-04,33.919998,36.720001,33.650002,36.450001,25.340696,8971100
2007-12-05,37.180000,37.639999,36.049999,36.669998,25.493641,7478800
2007-12-06,37.240002,38.639999,36.500000,38.459999,26.738077,8322000
2007-12-07,38.750000,38.830002,37.849998,38.520000,26.779789,4456400
2007-12-10,38.880001,38.880001,37.790001,38.540001,26.793697,2968000
2007-12-11,38.490002,39.240002,36.959999,37.189999,25.855148,4904800
2007-12-12,38.110001,39.480000,36.619999,37.470001,26.049816,5667400
2007-12-13,37.240002,37.480000,35.939999,36.330002,25.257265,4982900
2007-12-14,35.939999,36.110001,34.599998,34.619999,24.068434,5563700
2007-12-17,34.130001,36.009998,34.000000,35.119999,24.416046,6565100
2007-12-18,35.650002,35.669998,34.700001,35.250000,24.506430,3904500
2007-12-19,35.270000,35.610001,34.860001,35.290001,24.534237,3652300
2007-12-20,35.619999,35.700001,34.490002,35.060001,24.374334,3156400
2007-12-21,35.389999,36.410000,35.200001,36.279999,25.222502,4697200
2007-12-24,36.349998,37.950001,36.259998,37.650002,26.174953,1999600
2007-12-26,37.689999,37.689999,36.009998,36.540001,25.403257,3098200
2007-12-27,36.259998,36.400002,35.689999,36.049999,25.062605,2400800
2007-12-28,36.060001,37.090000,35.840000,36.930000,25.674393,2453000
2007-12-31,37.000000,37.349998,36.340000,36.730000,25.535349,2072200
2008-01-02,36.750000,37.000000,35.389999,35.419998,24.624615,3409300
2008-01-03,35.470001,35.669998,33.540001,33.619999,23.373219,4372200
2008-01-04,32.820000,33.090000,30.730000,31.500000,21.899363,12366800
2008-01-07,31.750000,33.259998,31.580000,33.070000,22.990852,6602000
2008-01-08,33.299999,33.299999,31.459999,31.580000,21.954977,5975600
2008-01-09,31.580000,32.380001,30.740000,32.310001,22.462486,5344500
2008-01-10,32.000000,33.689999,31.100000,33.099998,23.011705,5107700
2008-01-11,32.630001,32.849998,31.010000,31.469999,21.878506,6088200
2008-01-14,31.660000,32.009998,31.090000,31.760000,22.080120,4868500
2008-01-15,31.410000,31.410000,29.709999,30.170000,20.974722,6566200
2008-01-16,29.750000,30.680000,29.750000,30.040001,20.884342,7211000
2008-01-17,30.190001,30.219999,28.559999,29.040001,20.189127,7672200
2008-01-18,29.969999,31.020000,29.410000,29.870001,20.766163,7811500
2008-01-22,28.000000,33.110001,28.000000,32.580002,22.650198,9010000
2008-01-23,31.559999,36.369999,30.250000,36.250000,25.201645,12778200
2008-01-24,36.320000,37.169998,34.650002,35.389999,24.603762,7326400
2008-01-25,35.389999,36.230000,34.619999,35.000000,24.332621,6681200
2008-01-28,34.759998,37.029999,34.680000,36.959999,25.695248,4563700
2008-01-29,37.130001,38.270000,36.630001,38.169998,26.536465,5378300
2008-01-30,37.939999,38.560001,36.570000,36.849998,25.618780,8837100
2008-01-31,36.900002,39.950001,36.389999,38.849998,27.009216,8076000
2008-02-01,38.560001,39.830002,38.110001,39.740002,27.627954,4513500
2008-02-04,39.990002,40.590000,38.919998,39.500000,27.461102,6560000
2008-02-05,38.869999,38.889999,36.779999,37.049999,25.757822,8292000
2008-02-06,37.259998,38.180000,35.830002,36.330002,25.257265,7934000
2008-02-07,35.330002,38.279999,35.330002,37.669998,26.188847,8555900
2008-02-08,37.509998,38.070000,36.869999,37.099998,25.792585,4449300
2008-02-11,36.959999,38.240002,36.799999,37.980000,26.404371,3850000
2008-02-12,38.139999,38.919998,37.480000,37.889999,26.341805,4925400
2008-02-13,38.099998,38.599998,37.759998,37.990002,26.411320,4159800
2008-02-14,37.500000,37.500000,36.029999,36.180000,25.152983,5510600
2008-02-15,36.000000,36.330002,35.270000,36.270000,25.215548,4078400
2008-02-19,36.610001,36.639999,34.590000,34.840000,24.221394,4942900
2008-02-20,34.509998,36.349998,34.299999,35.959999,25.000036,3867000
2008-02-21,37.310001,37.310001,34.410000,35.240002,24.499477,4017300
2008-02-22,35.250000,36.270000,34.570000,36.000000,25.027842,3612900
2008-02-25,35.360001,37.459999,35.360001,36.980000,25.709160,8109600
2008-02-26,37.009998,39.099998,37.009998,38.459999,26.738077,7041700
2008-02-27,38.000000,39.230000,37.840000,38.570000,26.926565,5323400
2008-02-28,38.029999,38.689999,37.650002,38.020000,26.542599,4954100
2008-02-29,37.700001,38.639999,36.750000,37.029999,25.851465,5528400
2008-03-03,36.900002,37.430000,36.020000,37.230000,25.991085,5343500
2008-03-04,36.169998,38.240002,36.169998,38.029999,26.549580,4203300
2008-03-05,37.910000,39.520000,37.139999,37.340000,26.067877,5563600
2008-03-06,36.220001,36.740002,34.189999,35.000000,24.434275,9208600
2008-03-07,34.110001,34.740002,32.320000,32.750000,22.863504,10034800
2008-03-10,33.570000,34.220001,32.570000,32.810001,22.905382,6717600
2008-03-11,33.630001,34.270000,32.480000,34.060001,23.778034,6899000
2008-03-12,34.070000,35.070000,33.560001,33.669998,23.505774,4807800
2008-03-13,32.610001,33.610001,31.799999,33.490002,23.380102,5876400
2008-03-14,33.799999,34.160000,32.209999,33.020000,23.051992,4452200
2008-03-17,31.559999,32.619999,30.719999,32.410000,22.626135,5840100
2008-03-18,32.970001,34.000000,32.790001,33.599998,23.456898,4812300
2008-03-19,33.279999,34.570000,33.209999,33.509998,23.394075,5189400
2008-03-20,33.540001,35.639999,33.529999,35.220001,24.587866,6005400
2008-03-24,35.520000,38.259998,35.310001,37.540001,26.207500,5556600
2008-03-25,37.400002,37.619999,36.160000,37.000000,25.830517,3264500
2008-03-26,36.730000,36.849998,34.320000,34.430000,24.036337,6410600
2008-03-27,34.580002,35.720001,34.020000,34.590000,24.148045,6068100
2008-03-28,32.939999,33.689999,32.509998,32.619999,22.772741,4703100
2008-03-31,33.000000,33.000000,32.209999,32.599998,22.758783,7146100
2008-04-01,33.060001,34.689999,33.060001,34.200001,23.875780,4861800
2008-04-02,34.200001,35.540001,34.000000,34.669998,24.203890,4720800
2008-04-03,34.650002,34.650002,33.930000,34.310001,23.952568,3112700
2008-04-04,33.930000,34.419998,33.200001,33.959999,23.708233,4534200
2008-04-07,33.889999,34.169998,33.119999,33.799999,23.596529,4249800
2008-04-08,33.619999,34.250000,33.509998,34.009998,23.743141,3649400
2008-04-09,34.139999,34.480000,32.480000,33.290001,23.240480,5939500
2008-04-10,32.389999,34.830002,32.389999,34.389999,24.008423,6593400
2008-04-11,33.500000,34.380001,33.340000,33.840000,23.624458,4098600
2008-04-14,33.799999,34.389999,33.529999,33.990002,23.729174,3193700
2008-04-15,34.099998,34.490002,33.709999,34.419998,24.029364,2067200
2008-04-16,34.650002,34.750000,33.750000,34.080002,23.792009,3764400
2008-04-17,33.770000,34.540001,33.470001,34.419998,24.029364,3550700
2008-04-18,35.259998,36.250000,35.250000,36.189999,25.265039,3902600
2008-04-21,36.000000,36.330002,35.500000,36.150002,25.237114,2129000
2008-04-22,36.000000,36.000000,34.130001,34.660000,24.196915,4346100
2008-04-23,34.400002,34.799999,33.930000,34.279999,23.931629,4310000
2008-04-24,34.270000,35.980000,34.259998,35.570000,24.832207,4006900
2008-04-25,35.669998,36.750000,35.639999,36.610001,25.558256,3706500
2008-04-28,36.490002,37.500000,35.959999,37.000000,25.830517,2981800
2008-04-29,36.980000,38.119999,36.849998,38.060001,26.570532,5247000
2008-04-30,37.950001,37.950001,34.959999,35.259998,24.615782,8719400
2008-05-01,35.610001,36.540001,34.930000,35.540001,24.811264,5388100
2008-05-02,36.990002,37.209999,35.939999,36.459999,25.453529,7670100
2008-05-05,36.680000,36.709999,35.080002,35.250000,24.608809,5254700
2008-05-06,35.230000,36.180000,34.779999,36.070000,25.181265,4341000
2008-05-07,36.200001,36.759998,35.270000,35.490002,24.776356,4269600
2008-05-08,35.009998,35.820000,34.189999,34.669998,24.203890,6940300
2008-05-09,34.490002,34.930000,34.040001,34.389999,24.008423,3727500
2008-05-12,34.529999,35.869999,34.380001,35.700001,24.922962,4230300
2008-05-13,35.849998,36.290001,35.000000,35.490002,24.776356,3797100
2008-05-14,35.650002,36.939999,35.490002,36.139999,25.230137,4118500
2008-05-15,36.459999,37.349998,35.650002,37.290001,26.032978,5452000
2008-05-16,37.619999,38.509998,37.070000,38.439999,26.835819,10656100
2008-05-19,38.529999,38.650002,37.360001,37.560001,26.221470,4701800
2008-05-20,37.099998,37.400002,36.380001,36.919998,25.774672,3804400
2008-05-21,36.990002,37.150002,34.840000,35.310001,24.650696,6189100
2008-05-22,35.419998,35.490002,34.610001,34.639999,24.182947,7086500
2008-05-23,34.540001,34.540001,32.910000,33.169998,23.156708,7500100
2008-05-27,33.250000,34.070000,33.000000,33.419998,23.331242,5793600
2008-05-28,33.570000,34.830002,33.570000,34.270000,24.039740,5725200
2008-05-29,34.209999,35.939999,34.110001,35.709999,25.049868,6215500
2008-05-30,35.759998,35.950001,34.759998,34.980000,24.537786,7668200
2008-06-02,34.939999,35.290001,33.790001,34.709999,24.348387,5553500
2008-06-03,34.869999,35.200001,34.099998,34.759998,24.383461,4971600
2008-06-04,35.000000,35.849998,34.610001,35.290001,24.755243,5892800
2008-06-05,35.490002,36.180000,34.799999,35.720001,25.056885,7043400
2008-06-06,35.369999,35.369999,33.910000,33.990002,23.843321,5283800
2008-06-09,34.009998,34.389999,33.049999,33.560001,23.541691,3906900
2008-06-10,33.250000,34.349998,32.910000,33.810001,23.717051,3914700
2008-06-11,33.720001,33.889999,32.820000,32.900002,23.078709,3518900
2008-06-12,32.200001,34.400002,32.060001,33.250000,23.324230,4332500
2008-06-13,33.320000,34.779999,33.320000,34.730000,24.362415,3568900
2008-06-16,34.520000,34.930000,33.849998,34.820000,24.425543,3123400
2008-06-17,35.070000,35.700001,34.660000,34.980000,24.537786,4033400
2008-06-18,34.540001,34.820000,33.669998,33.950001,23.815268,4485300
2008-06-19,33.980000,35.130001,33.770000,34.939999,24.509731,4183400
2008-06-20,34.549999,34.790001,33.560001,33.779999,23.696014,4474800
2008-06-23,33.990002,34.250000,32.779999,33.139999,23.247065,3003300
2008-06-24,32.900002,33.299999,32.000000,32.840000,23.036619,3572700
2008-06-25,32.650002,35.080002,32.650002,33.169998,23.268110,5984500
2008-06-26,32.849998,32.849998,31.620001,31.639999,22.194845,5811800
2008-06-27,31.420000,31.790001,30.660000,31.070000,21.795004,5644800
2008-06-30,31.049999,31.860001,30.280001,30.299999,21.254860,5353900
2008-07-01,30.010000,30.930000,29.500000,30.719999,21.549484,5915400
2008-07-02,30.770000,31.469999,30.450001,30.450001,21.360081,4821800
2008-07-03,30.650000,31.680000,30.209999,30.719999,21.549484,3756900
2008-07-07,30.879999,31.889999,30.870001,31.340000,21.984402,4995900
2008-07-08,31.639999,32.709999,31.190001,32.540001,22.826174,5413900
2008-07-09,32.490002,32.490002,31.059999,31.240000,21.914249,4173500
2008-07-10,29.750000,30.150000,27.690001,28.520000,20.006227,12175500
2008-07-11,27.980000,28.309999,27.010000,27.379999,19.206535,11744800
2008-07-14,27.820000,28.040001,26.820000,27.350000,19.185490,6315800
2008-07-15,27.120001,27.469999,25.670000,26.719999,18.743557,8327400
2008-07-16,26.709999,28.910000,26.490000,28.580000,20.048313,4813600
2008-07-17,28.680000,30.010000,27.809999,29.889999,20.967257,5078800
2008-07-18,30.760000,30.760000,29.129999,30.030001,21.065458,5196000
2008-07-21,29.920000,30.370001,28.690001,28.750000,20.167566,3742000
2008-07-22,28.450001,29.260000,27.219999,29.240000,20.511292,7555500
2008-07-23,28.730000,31.400000,28.549999,30.610001,21.472317,8438300
2008-07-24,30.650000,30.870001,28.950001,29.139999,20.441141,4596000
2008-07-25,28.959999,30.150000,28.830000,28.940001,20.300850,4204700
2008-07-28,29.150000,29.180000,28.080000,28.139999,19.739660,3421000
2008-07-29,28.040001,29.370001,28.030001,29.040001,20.370995,4424000
2008-07-30,29.200001,30.139999,28.520000,29.190001,20.476219,4206000
2008-07-31,28.440001,30.000000,28.440001,28.740000,20.160545,4890200
2008-08-01,28.910000,29.100000,28.000000,28.920000,20.286818,3720800
2008-08-04,28.930000,29.299999,27.959999,28.190001,19.774736,4186800
2008-08-05,28.480000,29.430000,28.480000,29.280001,20.539349,6860200
2008-08-06,29.059999,29.110001,28.330000,28.959999,20.314877,5900800
2008-08-07,28.330000,29.090000,27.969999,27.980000,19.627424,4356100
2008-08-08,28.030001,29.889999,27.770000,29.590000,20.756811,4737800
2008-08-11,29.350000,33.400002,29.350000,31.860001,22.349163,8676700
2008-08-12,31.580000,32.430000,30.840000,30.940001,21.703810,5741400
2008-08-13,30.740000,30.740000,29.250000,29.690001,20.826954,5449900
2008-08-14,29.510000,31.260000,29.510000,30.219999,21.198736,5242400
2008-08-15,30.100000,32.049999,30.040001,31.540001,22.124699,8321000
2008-08-18,31.620001,31.719999,30.690001,30.950001,21.710821,4270600
2008-08-19,30.639999,30.820000,29.219999,29.549999,20.728746,5224500
2008-08-20,29.379999,29.680000,28.700001,28.940001,20.300850,4333900
2008-08-21,28.690001,29.280001,28.150000,29.059999,20.385023,3522500
2008-08-22,29.620001,29.969999,29.059999,29.910000,20.981285,2642200
2008-08-25,29.730000,29.820000,28.900000,29.090000,20.406073,2149000
2008-08-26,28.680000,29.500000,28.500000,29.410000,20.630541,2009900
2008-08-27,29.400000,29.719999,28.750000,29.530001,20.828037,1992300
2008-08-28,29.930000,30.690001,29.600000,30.670000,21.632090,3031500
2008-08-29,30.379999,31.330000,30.010000,31.100000,21.935375,3489500
2008-09-02,31.780001,33.299999,31.400000,31.600000,22.288038,4811300
2008-09-03,31.410000,33.610001,31.410000,33.330002,23.508238,6122100
2008-09-04,32.669998,32.750000,31.459999,31.990000,22.563114,5879000
2008-09-05,31.450001,32.750000,31.070000,32.560001,22.965143,3910100
2008-09-08,33.669998,35.029999,33.049999,34.540001,24.361671,6766500
2008-09-09,34.410000,35.990002,33.980000,34.250000,24.157129,8192000
2008-09-10,34.360001,35.410000,34.000000,34.970001,24.664953,5076900
2008-09-11,34.220001,35.669998,34.040001,35.529999,25.059937,6055800
2008-09-12,34.919998,34.919998,33.459999,34.070000,24.030174,5815800
2008-09-15,32.959999,34.270000,32.130001,32.349998,22.817026,7083000
2008-09-16,31.240000,33.709999,30.629999,33.180000,23.402441,6138600
2008-09-17,32.529999,32.830002,30.990000,31.200001,22.005913,6184900
2008-09-18,31.840000,33.950001,30.740000,33.540001,23.656363,9453300
2008-09-19,35.599998,37.000000,33.599998,33.930000,23.931425,11153100
2008-09-22,33.799999,33.799999,31.660000,32.459999,22.894609,6242900
2008-09-23,32.259998,33.270000,31.400000,31.629999,22.309204,5063300
2008-09-24,32.049999,32.049999,29.580000,29.809999,21.025522,9187300
2008-09-25,30.129999,30.590000,29.379999,29.510000,20.813925,6065000
2008-09-26,28.920000,29.590000,28.700001,29.190001,20.588223,6272600
2008-09-29,28.610001,29.160000,27.059999,27.730000,19.558455,7416300
2008-09-30,28.389999,29.110001,27.670000,28.820000,20.327257,4311600
2008-10-01,28.350000,28.690001,27.070000,27.370001,19.304548,5203600
2008-10-02,27.100000,27.270000,25.190001,25.389999,17.908016,8021800
2008-10-03,25.900000,25.940001,23.500000,23.620001,16.659597,10992000
2008-10-06,22.719999,24.400000,22.129999,24.139999,17.026367,9768600
2008-10-07,24.000000,24.850000,21.860001,21.889999,15.439404,8466200
2008-10-08,20.180000,22.780001,20.010000,21.570000,15.213703,10805000
2008-10-09,21.350000,21.590000,18.590000,18.969999,13.379874,9937700
2008-10-10,17.940001,19.250000,16.580000,18.379999,12.963738,14578200
2008-10-13,19.549999,20.000000,17.950001,19.040001,13.429250,7109400
2008-10-14,20.870001,20.870001,18.070000,18.879999,13.316401,5016800
2008-10-15,18.440001,18.480000,16.070000,16.540001,11.665955,6336900
2008-10-16,16.620001,17.240000,15.500000,16.639999,11.736485,9378100
2008-10-17,16.129999,17.330000,16.129999,16.660000,11.750589,6679800
2008-10-20,17.040001,17.719999,16.790001,17.650000,12.448859,4373900
2008-10-21,17.400000,18.350000,17.290001,18.020000,12.709827,5054500
2008-10-22,17.530001,18.370001,17.059999,17.799999,12.554653,8041600
2008-10-23,17.860001,17.860001,15.750000,16.879999,11.905761,8154700
2008-10-24,15.180000,16.900000,15.000000,15.310000,10.798415,7504600
2008-10-27,15.080000,16.129999,14.620000,14.620000,10.311746,6122700
2008-10-28,15.080000,15.370000,13.660000,15.260000,10.763146,11738500
2008-10-29,15.300000,16.900000,14.650000,15.490000,10.925371,8218400
2008-10-30,15.600000,16.610001,15.540000,15.990000,11.278029,4480100
2008-10-31,15.980000,18.240000,15.910000,18.040001,12.723929,6453400
2008-11-03,17.990000,18.170000,15.940000,16.379999,11.553101,5103400
2008-11-04,17.010000,17.990000,16.430000,16.920000,11.933974,3843200
2008-11-05,16.150000,17.309999,15.910000,16.010000,11.292136,5833500
2008-11-06,15.930000,17.000000,15.020000,15.230000,10.741989,6146800
2008-11-07,15.280000,15.690000,14.510000,15.500000,10.932425,4990900
2008-11-10,15.680000,15.920000,13.830000,14.040000,9.902658,4753200
2008-11-11,13.850000,13.930000,12.840000,13.300000,9.380723,6741700
2008-11-12,12.820000,13.500000,12.570000,12.620000,8.901110,5015400
2008-11-13,12.620000,13.000000,11.100000,12.960000,9.140917,11031500
2008-11-14,12.000000,13.200000,11.740000,11.740000,8.280427,11154100
2008-11-17,11.590000,11.950000,10.810000,10.820000,7.631538,4997900
2008-11-18,10.820000,11.240000,9.640000,10.380000,7.321198,10939100
2008-11-19,10.320000,10.730000,8.690000,8.980000,6.333753,10709000
2008-11-20,8.880000,9.580000,8.240000,8.400000,5.924669,12839500
2008-11-21,8.680000,8.840000,6.610000,7.810000,5.508530,14505900
2008-11-24,7.810000,10.180000,7.680000,9.760000,6.883902,11875100
2008-11-25,10.110000,10.320000,9.310000,9.980000,7.156385,13532300
2008-11-26,9.760000,11.710000,9.760000,11.650000,8.353899,9422600
2008-11-28,11.610000,11.760000,10.900000,11.370000,8.153122,2913100
2008-12-01,10.950000,11.250000,10.460000,10.860000,7.787413,9220800
2008-12-02,10.790000,11.050000,10.110000,11.030000,7.909317,6666400
2008-12-03,10.440000,11.340000,10.440000,10.900000,7.816096,7462000
2008-12-04,11.440000,13.040000,11.010000,12.010000,8.612045,14490800
2008-12-05,11.850000,12.840000,11.260000,12.800000,9.178536,7889100
2008-12-08,13.640000,13.790000,12.900000,13.290000,9.529901,7602500
2008-12-09,13.160000,14.280000,12.360000,12.500000,8.963413,6603400
2008-12-10,12.650000,13.950000,12.570000,12.990000,9.314779,6517400
2008-12-11,12.900000,13.190000,12.420000,12.620000,9.049460,5051300
2008-12-12,12.150000,12.960000,12.000000,12.660000,9.078142,4705400
2008-12-15,12.680000,12.790000,11.870000,12.130000,8.698096,3177700
2008-12-16,12.280000,13.210000,12.180000,13.130000,9.415170,5587300
2008-12-17,12.960000,14.060000,12.700000,13.980000,10.024679,5806200
2008-12-18,14.170000,14.280000,13.170000,13.420000,9.623120,5410500
2008-12-19,13.540000,13.620000,10.720000,12.700000,9.106824,22443200
2008-12-22,12.930000,13.070000,11.870000,11.970000,8.583363,7161200
2008-12-23,12.060000,12.300000,11.530000,11.570000,8.296535,3836800
2008-12-24,11.600000,12.180000,11.500000,12.060000,8.647902,1714500
2008-12-26,11.940000,12.290000,11.750000,11.910000,8.540338,1340300
2008-12-29,11.810000,11.930000,11.260000,11.500000,8.246342,2075700
2008-12-30,11.560000,12.310000,11.420000,12.290000,8.812827,4351100
2008-12-31,12.280000,13.510000,12.280000,13.310000,9.544244,6222100
2009-01-02,13.340000,14.700000,13.320000,14.550000,10.433410,5813700
2009-01-05,14.400000,15.610000,14.330000,15.200000,10.899508,7547900
2009-01-06,15.370000,16.100000,14.990000,15.910000,11.408631,8039900
2009-01-07,15.500000,15.760000,14.670000,14.880000,10.670044,5256400
2009-01-08,14.170000,14.740000,13.230000,14.530000,10.419072,9408400
2009-01-09,14.540000,14.550000,13.830000,13.960000,10.010340,5060200
2009-01-12,13.890000,14.080000,13.170000,13.370000,9.587262,4327000
2009-01-13,13.360000,13.990000,12.840000,13.110000,9.400824,6345700
2009-01-14,12.550000,12.910000,11.820000,12.040000,8.633555,7142300
2009-01-15,12.050000,13.230000,11.640000,12.680000,9.092486,7901800
2009-01-16,12.830000,13.100000,12.500000,12.990000,9.314779,6298700
2009-01-20,13.010000,13.130000,11.930000,12.010000,8.612045,7017800
2009-01-21,12.300000,13.080000,12.070000,13.030000,9.343458,6072200
2009-01-22,12.780000,13.610000,12.620000,13.060000,9.364972,5127500
2009-01-23,12.700000,13.550000,12.170000,13.300000,9.537071,3948000
2009-01-26,13.450000,14.060000,13.030000,13.350000,9.572923,3843800
2009-01-27,13.440000,13.880000,13.140000,13.380000,9.594438,4918500
2009-01-28,13.660000,14.500000,13.660000,14.180000,10.168095,3609500
2009-01-29,13.980000,14.290000,13.320000,13.510000,9.687654,3727700
2009-01-30,13.500000,13.550000,12.580000,12.690000,9.099656,6028400
2009-02-02,12.190000,13.090000,11.880000,12.530000,8.984926,11096700
2009-02-03,12.470000,13.400000,12.270000,13.180000,9.451019,5151200
2009-02-04,12.970000,13.190000,12.410000,12.470000,8.941898,5614000
2009-02-05,12.410000,13.590000,12.210000,13.050000,9.357803,8030300
2009-02-06,12.990000,14.370000,12.980000,14.190000,10.175265,5847700
2009-02-09,13.990000,14.220000,13.700000,13.850000,9.931460,2519200
2009-02-10,13.730000,14.430000,13.150000,13.210000,9.472536,5418400
2009-02-11,13.310000,13.710000,13.100000,13.330000,9.558583,3560200
2009-02-12,13.170000,13.840000,12.790000,13.770000,9.874095,5316000
2009-02-13,13.610000,13.980000,13.180000,13.180000,9.451019,3774800
2009-02-17,13.000000,13.110000,12.480000,12.540000,8.992095,7146400
2009-02-18,12.750000,12.810000,11.930000,12.040000,8.633555,6014000
2009-02-19,12.300000,12.610000,11.750000,11.830000,8.482969,7078200
2009-02-20,11.610000,12.130000,11.240000,11.890000,8.525998,6700400
2009-02-23,12.020000,12.280000,11.190000,11.330000,8.124440,5868700
2009-02-24,12.550000,13.750000,12.410000,13.690000,9.816730,15593600
2009-02-25,13.570000,14.100000,12.880000,13.220000,9.591809,7871200
2009-02-26,13.870000,13.870000,12.880000,12.970000,9.410420,4437000
2009-02-27,12.500000,13.710000,12.350000,13.470000,9.773198,6195600
2009-03-02,13.200000,13.570000,12.740000,12.860000,9.330606,5604200
2009-03-03,13.060000,13.300000,12.450000,12.910000,9.366884,6885100
2009-03-04,12.910000,13.920000,12.840000,13.590000,9.860263,5954200
2009-03-05,12.880000,12.970000,12.040000,12.230000,8.873509,8781600
2009-03-06,12.350000,12.570000,11.670000,12.160000,8.822719,6558300
2009-03-09,11.950000,12.880000,11.870000,12.350000,8.960578,5975700
2009-03-10,12.680000,14.000000,12.550000,13.850000,10.048907,7302200
2009-03-11,14.010000,14.850000,13.600000,14.440000,10.476977,7371400
2009-03-12,14.380000,15.340000,14.020000,15.260000,11.071936,6402100
2009-03-13,15.300000,16.139999,15.030000,15.550000,11.282344,5355900
2009-03-16,15.730000,16.000000,14.950000,15.030000,10.905056,6723200
2009-03-17,15.260000,15.770000,14.840000,15.710000,11.398433,4627400
2009-03-18,15.380000,15.990000,14.790000,15.540000,11.275090,9405100
2009-03-19,15.890000,16.000000,15.100000,15.260000,11.071936,4313200
2009-03-20,15.280000,15.360000,14.030000,14.380000,10.433451,4726200
2009-03-23,15.070000,15.840000,14.190000,15.830000,11.485499,4923000
2009-03-24,15.620000,16.870001,15.400000,16.400000,11.899065,7550600
2009-03-25,16.780001,17.719999,15.470000,16.320000,11.841022,8406000
2009-03-26,16.660000,17.870001,16.370001,17.770000,12.893071,6736800
2009-03-27,17.700001,17.950001,17.150000,17.790001,12.907588,6550600
2009-03-30,17.030001,17.100000,16.360001,16.780001,12.174776,3980700
2009-03-31,17.020000,17.219999,15.840000,16.750000,12.153009,5832600
2009-04-01,16.450001,17.230000,16.170000,17.139999,12.435970,4294800
2009-04-02,17.530001,18.900000,17.530001,18.400000,13.350174,5221000
2009-04-03,18.379999,19.520000,18.299999,19.480000,14.133764,5484900
2009-04-06,19.180000,19.200001,18.280001,18.750000,13.604114,4147900
2009-04-07,18.020000,18.100000,16.889999,16.940001,12.290863,6462400
2009-04-08,17.260000,18.930000,17.260000,18.670000,13.546070,7712800
2009-04-09,19.650000,22.000000,18.980000,21.910000,15.896864,11411600
2009-04-13,21.510000,22.469999,21.110001,22.260000,16.150808,7093200
2009-04-14,20.750000,21.980000,20.719999,20.969999,15.214837,6851300
2009-04-15,20.760000,20.959999,19.200001,19.940001,14.467519,8285700
2009-04-16,20.129999,21.760000,20.020000,21.240000,15.410741,7234700
2009-04-17,21.260000,22.330000,20.980000,22.260000,16.150808,6606700
2009-04-20,22.040001,22.040001,20.580000,20.790001,15.084239,6520900
2009-04-21,20.370001,21.480000,20.250000,21.209999,15.388975,5166800
2009-04-22,20.580000,22.750000,20.540001,21.440001,15.555850,7533300
2009-04-23,21.930000,21.950001,20.410000,21.139999,15.338184,5000100
2009-04-24,21.370001,22.850000,21.200001,22.500000,16.324932,6182000
2009-04-27,22.120001,22.260000,21.309999,21.760000,15.788026,4992900
2009-04-28,21.410000,22.320000,21.090000,21.629999,15.693707,4241300
2009-04-29,21.990000,22.400000,21.500000,21.650000,15.708215,5657200
2009-04-30,21.980000,23.170000,21.700001,22.629999,16.419254,5970000
2009-05-01,22.670000,22.990000,21.830000,22.500000,16.324932,4036000
2009-05-04,22.820000,24.080000,22.270000,23.959999,17.384243,5622000
2009-05-05,23.690001,24.620001,23.510000,23.900000,17.340706,5886200
2009-05-06,24.410000,24.969999,23.250000,23.780001,17.253643,9730600
2009-05-07,24.549999,25.000000,22.260000,23.299999,16.905375,9964700
2009-05-08,23.290001,23.760000,22.010000,23.100000,16.760271,5537700
2009-05-11,22.660000,23.190001,21.879999,22.420000,16.266891,5829000
2009-05-12,22.520000,22.969999,21.299999,22.000000,15.962157,6573800
2009-05-13,21.309999,21.570000,19.990000,20.270000,14.706954,10079300
2009-05-14,20.340000,21.730000,20.200001,20.950001,15.200329,6474600
2009-05-15,21.639999,23.049999,21.410000,22.580000,16.382982,17136600
2009-05-18,22.430000,23.049999,21.770000,22.959999,16.658691,7464200
2009-05-19,22.639999,23.469999,22.400000,22.930000,16.636925,4466900
2009-05-20,23.100000,23.889999,22.030001,22.219999,16.121782,7238800
2009-05-21,21.940001,22.230000,20.740000,20.900000,15.164055,7013300
2009-05-22,21.000000,21.260000,20.250000,20.840000,15.120520,3338900
2009-05-26,20.610001,21.959999,20.250000,21.360001,15.497804,4891500
2009-05-27,21.290001,22.090000,20.830000,20.879999,15.263874,4739900
2009-05-28,20.370001,20.740000,19.209999,19.520000,14.269680,9069000
2009-05-29,19.660000,20.209999,19.490000,19.690001,14.393951,8438000
2009-06-01,19.750000,22.690001,19.750000,22.450001,16.411592,10124400
2009-06-02,22.180000,23.459999,21.799999,23.030001,16.835594,10065700
2009-06-03,22.719999,23.110001,22.360001,22.820000,16.682079,5569100
2009-06-04,22.469999,22.469999,20.920000,21.230000,15.519736,9597400
2009-06-05,21.540001,21.969999,20.709999,21.090000,15.417392,4105600
2009-06-08,20.540001,21.400000,20.200001,21.150000,15.461255,3705700
2009-06-09,21.370001,21.620001,20.969999,21.370001,15.622081,3001900
2009-06-10,21.530001,21.700001,20.410000,20.770000,15.183460,4045500
2009-06-11,20.610001,20.930000,20.250000,20.520000,15.000708,4049800
2009-06-12,20.400000,20.840000,19.950001,20.770000,15.183460,3978300
2009-06-15,20.450001,20.580000,20.139999,20.379999,14.898358,3979100
2009-06-16,20.469999,20.559999,18.940001,18.990000,13.882233,6189300
2009-06-17,18.990000,19.440001,18.280001,19.070000,13.940712,5797600
2009-06-18,19.070000,19.160000,18.520000,18.980000,13.874924,3657400
2009-06-19,19.250000,19.450001,18.850000,19.209999,14.043059,4957000
2009-06-22,19.200001,19.200001,18.500000,18.940001,13.845682,4062400
2009-06-23,18.930000,19.180000,18.150000,18.270000,13.355891,4302500
2009-06-24,18.459999,19.530001,18.379999,19.080000,13.948023,4606600
2009-06-25,18.870001,20.000000,18.870001,19.610001,14.335469,4748500
2009-06-26,19.660000,19.990000,19.420000,19.530001,14.276992,3073100
2009-06-29,19.590000,19.930000,19.139999,19.650000,14.364709,2767600
2009-06-30,19.950001,20.490000,19.530001,19.889999,14.540159,5101000
2009-07-01,19.959999,20.639999,19.870001,20.059999,14.664432,3138700
2009-07-02,19.760000,19.760000,18.629999,18.629999,13.619060,3590000
2009-07-06,18.750000,19.610001,18.510000,19.219999,14.050369,4853300
2009-07-07,19.320000,19.320000,18.219999,18.309999,13.385131,4349900
2009-07-08,18.180000,19.090000,18.180000,18.959999,13.860304,5423700
2009-07-09,19.389999,20.049999,19.180000,19.719999,14.415879,5753600
2009-07-10,19.459999,20.190001,19.309999,19.520000,14.269680,2831600
2009-07-13,19.719999,20.090000,19.030001,20.080000,14.679057,3366800
2009-07-14,20.150000,20.250000,19.639999,20.110001,14.700988,4655900
2009-07-15,20.270000,21.690001,20.260000,21.620001,15.804840,5705900
2009-07-16,21.580000,21.969999,21.030001,21.790001,15.929116,3312000
2009-07-17,21.480000,22.240000,21.480000,22.000000,16.082626,3601000
2009-07-20,22.250000,23.500000,22.100000,23.450001,17.142620,4881300
2009-07-21,23.719999,23.790001,22.660000,23.309999,17.040270,4400000
2009-07-22,23.100000,24.400000,23.100000,24.260000,17.734760,5290800
2009-07-23,24.280001,26.400000,23.870001,25.790001,18.853230,9532900
2009-07-24,25.660000,26.700001,25.270000,26.639999,19.474600,4966200
2009-07-27,26.610001,26.650000,25.440001,26.170000,19.131021,3794600
2009-07-28,25.799999,26.299999,25.280001,25.809999,18.867851,3202400
2009-07-29,25.540001,25.950001,24.840000,25.309999,18.502337,4138400
2009-07-30,25.620001,26.559999,25.459999,25.540001,18.670467,4090900
2009-07-31,25.790001,26.639999,25.510000,26.440001,19.328400,4012100
2009-08-03,27.000000,27.500000,26.540001,27.500000,20.103287,4734600
2009-08-04,27.299999,27.719999,26.980000,27.129999,19.832802,3995000
2009-08-05,27.260000,28.180000,26.590000,27.959999,20.439558,6186700
2009-08-06,28.400000,29.250000,27.690001,28.010000,20.476107,4371300
2009-08-07,28.500000,30.730000,28.450001,30.299999,22.150166,5849100
2009-08-10,30.209999,30.370001,29.020000,29.360001,21.463003,6805700
2009-08-11,29.270000,29.900000,28.750000,29.400000,21.492241,4882000
2009-08-12,29.059999,29.870001,28.920000,29.420000,21.506866,5866200
2009-08-13,29.740000,29.889999,28.540001,29.760000,21.755409,5455200
2009-08-14,29.120001,29.830000,27.590000,27.870001,20.373770,10678800
2009-08-17,27.059999,27.530001,26.860001,27.000000,19.737776,6221400
2009-08-18,27.219999,27.490000,26.580000,26.969999,19.715845,4124800
2009-08-19,26.620001,27.709999,26.250000,27.670000,20.227566,4402400
2009-08-20,27.600000,27.990000,27.389999,27.809999,20.329906,4144900
2009-08-21,27.990000,28.780001,27.799999,28.170000,20.593077,3414200
2009-08-24,28.139999,28.570000,28.020000,28.100000,20.541901,4777800
2009-08-25,28.360001,29.290001,28.020000,29.120001,21.287558,5490600
2009-08-26,29.160000,29.559999,28.600000,28.790001,21.046318,3009600
2009-08-27,28.490000,28.889999,28.110001,28.450001,20.913996,3386700
2009-08-28,28.700001,29.090000,28.500000,28.600000,21.024267,3518700
2009-08-31,28.379999,28.410000,27.870001,28.040001,20.612600,3451100
2009-09-01,27.990000,28.920000,27.320000,27.549999,20.252390,4140100
2009-09-02,27.209999,27.719999,26.980000,27.190001,19.987751,3968500
2009-09-03,27.459999,29.670000,27.170000,29.580000,21.744677,8430600
2009-09-04,29.520000,29.520000,28.860001,29.230000,21.487381,4055400
2009-09-08,29.000000,29.950001,28.920000,29.180000,21.450621,4804000
2009-09-09,29.120001,29.850000,28.660000,29.750000,21.869642,3431400
2009-09-10,29.750000,30.059999,29.299999,29.940001,22.009314,3359000
2009-09-11,29.900000,29.940001,29.000000,29.330000,21.560894,3309800
2009-09-14,29.120001,29.790001,28.650000,29.750000,21.869642,3928500
2009-09-15,29.730000,31.000000,29.110001,30.440001,22.376863,7018100
2009-09-16,30.600000,31.530001,30.350000,31.450001,23.119333,6624200
2009-09-17,31.309999,32.160000,31.240000,31.700001,23.303114,5878700
2009-09-18,31.860001,32.139999,31.240000,31.879999,23.435432,3506000
2009-09-21,31.620001,31.900000,31.200001,31.600000,23.229605,2316700
2009-09-22,31.850000,32.810001,31.690001,32.230000,23.692724,3029600
2009-09-23,32.070000,32.480000,31.190001,31.209999,22.942902,3621800
2009-09-24,31.280001,31.580000,30.510000,30.639999,22.523890,3502900
2009-09-25,30.719999,30.740000,30.090000,30.209999,22.207792,4159600
2009-09-28,30.410000,30.860001,30.290001,30.600000,22.494490,6622200
2009-09-29,30.799999,31.120001,30.000000,30.750000,22.604755,4820800
2009-09-30,30.770000,30.879999,29.840000,30.540001,22.450382,3536200
2009-10-01,30.370001,30.730000,29.280001,29.389999,21.604998,4076400
2009-10-02,29.080000,29.340000,28.690001,28.950001,21.281555,4607700
2009-10-05,29.709999,31.709999,29.709999,31.709999,23.310463,8165900
2009-10-06,31.990000,32.290001,31.670000,32.090000,23.589809,5293300
2009-10-07,31.990000,32.549999,31.670000,32.279999,23.729481,4318200
2009-10-08,32.410000,33.730000,32.310001,33.570000,24.677778,6304300
2009-10-09,33.279999,33.529999,32.880001,33.250000,24.442539,3258800
2009-10-12,33.220001,34.189999,33.220001,33.610001,24.707176,3786000
2009-10-13,33.570000,34.130001,33.470001,33.939999,24.949759,3312100
2009-10-14,34.240002,34.959999,34.240002,34.790001,25.574619,4202500
2009-10-15,34.610001,34.950001,34.130001,34.389999,25.280575,3366200
2009-10-16,34.590000,34.730000,33.610001,34.419998,25.302624,4771300
2009-10-19,34.599998,36.520000,34.599998,35.849998,26.353840,6652700
2009-10-20,36.009998,36.020000,35.099998,35.209999,25.883368,3581100
2009-10-21,35.060001,35.619999,33.720001,33.830002,24.868910,4653000
2009-10-22,33.959999,34.689999,33.959999,34.349998,25.251173,6702400
2009-10-23,34.650002,34.930000,33.580002,33.639999,24.729233,3662600
2009-10-26,33.799999,34.630001,33.230000,33.439999,24.582211,4423400
2009-10-27,33.259998,33.630001,31.879999,31.940001,23.479540,6794100
2009-10-28,31.750000,32.099998,30.540001,30.660000,22.538595,4304400
2009-10-29,30.990000,32.410000,30.969999,32.189999,23.663322,6472700
2009-10-30,32.029999,32.889999,31.190001,31.780001,23.361917,7236800
2009-11-02,33.099998,33.099998,31.680000,32.290001,23.736828,6994800
2009-11-03,31.860001,32.790001,31.320000,32.669998,24.016172,6237100
2009-11-04,33.189999,33.360001,32.349998,32.599998,23.964714,5241900
2009-11-05,33.230000,33.959999,32.410000,33.919998,24.935064,6356900
2009-11-06,33.580002,34.230000,33.090000,33.930000,24.942417,3135700
2009-11-09,34.209999,35.590000,34.209999,35.160000,25.846605,5454500
2009-11-10,34.889999,35.689999,34.889999,35.509998,26.103895,3260400
2009-11-11,35.459999,35.889999,34.459999,34.860001,25.626070,5502700
2009-11-12,35.119999,35.459999,33.980000,34.509998,25.368784,5579900
2009-11-13,33.139999,34.080002,32.410000,33.990002,24.986526,12276300
2009-11-16,35.459999,35.459999,34.660000,35.049999,25.765749,4798900
2009-11-17,34.910000,35.099998,33.919998,34.820000,25.596670,6210600
2009-11-18,34.500000,35.099998,34.419998,34.869999,25.633425,2926800
2009-11-19,34.490002,34.490002,33.619999,34.230000,25.162947,3173900
2009-11-20,34.029999,34.779999,33.500000,33.950001,24.957123,3273600
2009-11-23,34.490002,34.560001,33.560001,33.990002,24.986526,3622700
2009-11-24,33.849998,34.200001,33.630001,33.840000,24.876257,2252300
2009-11-25,33.970001,34.910000,33.810001,34.830002,25.725657,2940800
2009-11-27,33.900002,34.750000,33.669998,34.020000,25.127382,1909100
2009-11-30,34.090000,34.090000,32.830002,33.450001,24.706379,4290500
2009-12-01,33.889999,34.730000,33.549999,34.340000,25.363745,3951300
2009-12-02,34.279999,35.250000,34.180000,34.720001,25.644409,3533300
2009-12-03,35.020000,35.599998,34.509998,34.970001,25.829058,5184500
2009-12-04,35.709999,36.480000,34.840000,35.240002,26.028486,4055200
2009-12-07,35.340000,35.820000,35.169998,35.250000,26.035875,2648100
2009-12-08,34.860001,35.630001,34.459999,35.080002,25.910313,2977600
2009-12-09,34.889999,34.939999,34.160000,34.689999,25.622252,2135500
2009-12-10,34.779999,35.610001,34.770000,35.509998,26.227903,2291800
2009-12-11,35.660000,36.060001,35.439999,36.049999,26.626751,1859000
2009-12-14,36.259998,36.830002,35.709999,36.830002,27.202869,2274300
2009-12-15,36.619999,36.650002,35.810001,35.950001,26.552898,2450100
2009-12-16,36.150002,36.709999,35.990002,36.060001,26.634140,2495800
2009-12-17,35.630001,36.029999,35.150002,35.160000,25.969391,2533100
2009-12-18,35.369999,35.680000,34.560001,35.680000,26.353466,3084400
2009-12-21,35.759998,36.830002,35.500000,36.790001,27.173330,2619700
2009-12-22,36.740002,37.020000,36.549999,36.680000,27.092073,1470700
2009-12-23,36.860001,37.509998,36.610001,37.470001,27.675579,1733000
2009-12-24,37.549999,37.810001,37.220001,37.369999,27.601723,701200
2009-12-28,37.430000,38.090000,37.320000,37.799999,27.919317,1640900
2009-12-29,37.849998,38.709999,37.689999,38.389999,28.355097,2126000
2009-12-30,38.070000,38.520000,37.950001,38.169998,28.192596,1814400
2009-12-31,38.110001,38.310001,37.529999,37.580002,27.756821,1311900
2010-01-04,38.130001,38.150002,37.549999,37.919998,28.007948,2816600
2010-01-05,37.779999,38.169998,37.200001,37.330002,27.572176,5012300
2010-01-06,37.320000,37.669998,37.189999,37.430000,27.646025,3784300
2010-01-07,37.810001,39.009998,37.180000,38.930000,28.753954,4644000
2010-01-08,38.759998,38.869999,37.650002,37.790001,27.911926,3930700
2010-01-11,38.139999,38.389999,37.660000,38.349998,28.325550,2063500
2010-01-12,37.869999,38.040001,36.750000,36.810001,27.188101,3468100
2010-01-13,37.110001,37.439999,36.700001,37.360001,27.594328,1483700
2010-01-14,37.439999,37.490002,36.619999,36.730000,27.129013,1820200
2010-01-15,36.520000,37.060001,35.910000,36.020000,26.604593,3860200
2010-01-19,36.020000,36.380001,35.799999,36.200001,26.737553,2361200
2010-01-20,35.689999,35.880001,35.299999,35.619999,26.309160,2261000
2010-01-21,35.820000,36.169998,34.630001,34.730000,25.651800,2916200
2010-01-22,35.330002,35.360001,34.070000,34.139999,25.216017,4300400
2010-01-25,34.439999,34.610001,34.020000,34.320000,25.348969,1993500
2010-01-26,34.090000,35.750000,34.090000,35.029999,25.873384,2993900
2010-01-27,35.000000,35.349998,34.330002,34.750000,25.666567,2651000
2010-01-28,35.009998,35.189999,34.459999,34.799999,25.703491,2527100
2010-01-29,34.919998,35.660000,34.520000,34.540001,25.511461,2197600
2010-02-01,34.840000,35.240002,34.419998,35.189999,25.991550,3086200
2010-02-02,35.220001,36.560001,35.090000,36.419998,26.900042,3353700
2010-02-03,36.049999,36.240002,35.450001,36.049999,26.626751,2986400
2010-02-04,36.590000,36.689999,35.060001,35.110001,25.932472,6400400
2010-02-05,34.299999,34.480000,32.779999,33.939999,25.068285,5510000
2010-02-08,34.270000,34.849998,33.700001,34.000000,25.112608,4291100
2010-02-09,34.509998,34.750000,33.990002,34.110001,25.193861,4490800
2010-02-10,34.029999,34.340000,33.419998,33.610001,24.824551,2645800
2010-02-11,33.480000,33.830002,33.279999,33.810001,24.972281,3205800
2010-02-12,33.330002,34.349998,33.290001,34.200001,25.260334,2623000
2010-02-16,34.840000,35.180000,34.430000,35.080002,25.910313,2790300
2010-02-17,35.349998,35.599998,35.000000,35.119999,25.939846,1438200
2010-02-18,34.950001,35.090000,34.619999,35.020000,25.865984,1605500
2010-02-19,35.250000,36.240002,35.169998,35.700001,26.368248,4429700
2010-02-22,36.110001,36.349998,35.910000,36.130001,26.685850,4440000
2010-02-23,35.230000,36.389999,35.130001,36.189999,26.730154,6205500
2010-02-24,36.230000,36.630001,36.070000,36.590000,27.145618,2283600
2010-02-25,35.990002,37.000000,35.750000,36.880001,27.360767,2658300
2010-02-26,36.900002,37.180000,36.619999,36.939999,27.405264,1842500
2010-03-01,36.860001,37.799999,36.700001,37.590000,27.887505,2441100
2010-03-02,37.730000,38.000000,37.580002,37.700001,27.969110,2028100
2010-03-03,37.669998,38.180000,37.400002,37.810001,28.050714,2897300
2010-03-04,38.240002,38.610001,37.889999,38.320000,28.429077,2468100
2010-03-05,38.660000,39.209999,38.360001,39.009998,28.940981,1884400
2010-03-08,39.090000,39.490002,38.830002,39.330002,29.178385,2066700
2010-03-09,39.080002,39.570000,38.900002,39.139999,29.037432,2161300
2010-03-10,39.270000,39.450001,39.000000,39.150002,29.044849,1938700
2010-03-11,38.910000,39.220001,38.619999,38.939999,28.889053,2196700
2010-03-12,39.250000,39.970001,39.020000,39.830002,29.549332,3013200
2010-03-15,39.400002,40.000000,39.349998,40.000000,29.675459,1815100
2010-03-16,39.720001,40.130001,39.419998,39.720001,29.467718,1797500
2010-03-17,39.779999,39.939999,39.340000,39.910000,29.608665,2480400
2010-03-18,39.810001,40.290001,39.660000,40.259998,29.868343,3311100
2010-03-19,40.419998,41.070000,40.110001,40.419998,29.987036,4009700
2010-03-22,40.070000,41.380001,40.000000,41.290001,30.632481,2812200
2010-03-23,41.290001,41.580002,40.779999,41.459999,30.758602,2235200
2010-03-24,41.299999,41.380001,40.650002,40.880001,30.328308,1710700
2010-03-25,41.200001,41.950001,41.009998,41.189999,30.558285,2393700
2010-03-26,41.369999,42.139999,41.320000,41.750000,30.973755,2291300
2010-03-29,42.020000,42.200001,41.439999,41.810001,31.018257,1931100
2010-03-30,41.639999,41.810001,41.000000,41.360001,30.684416,1563700
2010-03-31,41.139999,41.360001,40.700001,40.849998,30.306057,1613000
2010-04-01,41.250000,41.689999,41.110001,41.500000,30.788280,1219800
2010-04-05,41.540001,42.880001,41.330002,42.759998,31.723063,1913100
2010-04-06,42.610001,43.419998,42.150002,43.369999,32.175602,2751900
2010-04-07,43.380001,43.380001,41.880001,42.099998,31.233408,4042400
2010-04-08,42.090000,42.090000,41.349998,41.439999,30.743765,3496100
2010-04-09,41.750000,42.610001,41.439999,42.549999,31.567259,2528400
2010-04-12,42.660000,42.700001,41.950001,42.009998,31.166637,2031900
2010-04-13,41.900002,42.299999,41.599998,41.830002,31.033094,2080800
2010-04-14,42.090000,43.099998,41.860001,42.950001,31.864021,2120000
2010-04-15,42.730000,43.610001,42.520000,43.459999,32.242367,2873400
2010-04-16,43.209999,43.560001,42.570000,42.950001,31.864021,3273200
2010-04-19,42.630001,42.990002,41.029999,42.189999,31.300171,3493000
2010-04-20,42.380001,42.900002,42.020000,42.880001,31.812084,2840800
2010-04-21,42.730000,43.869999,42.580002,43.720001,32.435276,3492800
2010-04-22,43.320000,45.549999,43.230000,45.340000,33.637112,4794400
2010-04-23,45.330002,45.970001,45.049999,45.900002,34.052578,3373300
2010-04-26,45.950001,46.220001,44.580002,44.680000,33.147469,3741200
2010-04-27,44.450001,44.490002,42.689999,42.849998,31.789818,3881000
2010-04-28,42.990002,43.590000,42.040001,42.459999,31.500483,3095100
2010-04-29,42.799999,43.290001,42.660000,42.910000,31.834335,2998800
2010-04-30,43.009998,43.220001,41.200001,41.330002,30.662159,4217200
2010-05-03,41.560001,44.000000,41.419998,43.630001,32.368504,4649400
2010-05-04,42.959999,43.180000,41.450001,41.669998,30.914396,2800900
2010-05-05,41.119999,42.790001,40.740002,41.500000,30.788280,2746900
2010-05-06,41.349998,42.950001,38.630001,40.560001,30.090902,6631400
2010-05-07,40.189999,42.029999,39.700001,40.060001,29.719963,6968500
2010-05-10,41.790001,43.369999,41.630001,43.250000,32.086575,3896300
2010-05-11,42.990002,43.500000,41.990002,42.080002,31.218576,4762100
2010-05-12,42.180000,43.240002,41.650002,43.029999,31.923367,3333700
2010-05-13,42.970001,43.119999,41.040001,41.290001,30.632481,4994700
2010-05-14,39.869999,40.660000,39.279999,39.759998,29.497383,6016300
2010-05-17,39.689999,39.939999,38.250000,39.250000,29.119036,6356400
2010-05-18,39.689999,39.970001,37.900002,38.060001,28.236191,3605400
2010-05-19,37.500000,39.040001,37.500000,38.410000,28.495846,5538000
2010-05-20,37.410000,38.500000,36.779999,37.259998,27.642672,6730500
2010-05-21,36.290001,38.680000,36.290001,38.119999,28.280697,4408600
2010-05-24,38.110001,38.650002,37.529999,37.599998,27.894920,2841000
2010-05-25,36.410000,38.369999,36.200001,38.330002,28.436497,3380700
2010-05-26,38.709999,39.169998,37.389999,37.720001,28.130730,3734300
2010-05-27,38.599998,39.930000,38.540001,39.919998,29.771431,3151600
2010-05-28,39.869999,40.450001,39.029999,39.700001,29.607361,3046400
2010-06-01,39.139999,40.029999,38.939999,39.250000,29.271770,3509300
2010-06-02,39.470001,40.250000,39.169998,40.250000,30.017546,3574800
2010-06-03,39.259998,39.299999,38.080002,38.520000,28.727341,6658200
2010-06-04,37.709999,37.919998,36.130001,36.470001,27.198515,4910300
2010-06-07,36.580002,37.599998,35.730000,35.820000,26.713745,3212300
2010-06-08,35.919998,36.500000,35.270000,36.110001,26.930027,3998100
2010-06-09,36.529999,37.360001,36.060001,36.320000,27.086641,3300900
2010-06-10,37.009998,37.980000,36.720001,37.790001,28.182930,3339000
2010-06-11,37.189999,38.250000,37.070000,37.849998,28.227684,2565500
2010-06-14,38.270000,39.540001,38.270000,38.810001,28.943630,2934800
2010-06-15,39.349998,40.299999,39.119999,40.299999,30.054836,3508100
2010-06-16,40.029999,40.560001,39.389999,40.000000,29.831112,3272300
2010-06-17,39.880001,40.009998,38.750000,39.130001,29.182276,2250300
2010-06-18,39.299999,39.720001,38.529999,38.660000,28.831757,2496800
2010-06-21,39.209999,39.509998,37.410000,37.730000,28.138180,3376500
2010-06-22,37.860001,38.680000,36.830002,36.889999,27.511730,3963700
2010-06-23,36.869999,37.230000,36.000000,36.840000,27.474449,3253600
2010-06-24,36.570000,36.639999,35.180000,35.380001,26.385612,3449600
2010-06-25,35.439999,35.770000,34.849998,35.540001,26.504936,4191300
2010-06-28,35.750000,36.009998,34.910000,34.950001,26.064928,2759500
2010-06-29,34.240002,34.570000,32.299999,32.509998,24.245226,6443800
2010-06-30,32.500000,33.270000,32.040001,32.189999,24.006578,4920300
2010-07-01,32.240002,33.020000,31.469999,32.810001,24.468966,4561600
2010-07-02,33.180000,33.459999,32.060001,32.169998,23.991665,3197600
2010-07-06,32.820000,33.500000,31.530001,31.969999,23.842510,4083400
2010-07-07,31.850000,33.820000,31.730000,33.759998,25.177448,5291500
2010-07-08,35.599998,35.599998,32.540001,33.689999,25.125248,8687600
2010-07-09,33.720001,34.650002,33.490002,34.540001,25.759159,3267100
2010-07-12,34.340000,34.509998,33.650002,34.150002,25.468309,1942500
2010-07-13,34.610001,34.880001,34.150002,34.619999,25.818825,2707900
2010-07-14,34.439999,34.500000,33.669998,34.360001,25.624914,2322300
2010-07-15,34.400002,34.590000,33.470001,34.230000,25.527967,2711800
2010-07-16,34.040001,34.139999,32.189999,32.250000,24.051321,3192100
2010-07-19,32.490002,32.580002,30.750000,31.580000,23.551653,6392400
2010-07-20,31.049999,32.990002,30.900000,32.950001,24.573374,4797200
2010-07-21,33.200001,33.259998,31.920000,32.040001,23.894716,3583700
2010-07-22,32.560001,33.709999,32.560001,33.529999,25.005920,3654800
2010-07-23,33.290001,34.110001,32.599998,34.080002,25.416105,3842700
2010-07-26,34.080002,34.910000,33.549999,34.900002,26.027639,2198800
2010-07-27,35.070000,35.389999,34.340000,34.480000,25.714411,3587000
2010-07-28,34.380001,34.709999,33.439999,33.610001,25.065578,1828300
2010-07-29,33.880001,34.430000,32.639999,33.529999,25.005920,3052600
2010-07-30,32.990002,34.090000,32.689999,34.000000,25.356436,2893600
2010-08-02,34.619999,35.779999,34.160000,35.509998,26.482557,3776400
2010-08-03,35.410000,35.419998,33.880001,34.009998,25.363894,3681100
2010-08-04,34.250000,34.959999,33.910000,34.740002,25.908316,2900000
2010-08-05,33.939999,34.340000,33.000000,34.119999,25.445923,4142300
2010-08-06,33.599998,34.020000,33.029999,33.959999,25.326603,2823400
2010-08-09,34.290001,35.290001,34.250000,35.130001,26.199162,3647400
2010-08-10,34.549999,34.709999,34.139999,34.439999,25.684576,2760300
2010-08-11,33.660000,34.279999,33.330002,33.570000,25.035751,3247400
2010-08-12,32.900002,33.630001,31.920000,33.439999,24.938795,4906900
2010-08-13,31.500000,32.299999,30.850000,31.049999,23.156395,8842900
2010-08-16,30.830000,30.889999,29.969999,30.120001,22.462818,5084000
2010-08-17,30.270000,31.459999,30.170000,30.990000,23.111647,3549400
2010-08-18,30.990000,31.959999,30.660000,31.639999,23.596401,3357900
2010-08-19,31.230000,31.500000,30.820000,31.190001,23.260801,3563500
2010-08-20,30.969999,31.860001,30.969999,31.770000,23.693352,2912900
2010-08-23,31.830000,32.240002,31.150000,31.230000,23.290628,2333400
2010-08-24,30.780001,30.780001,30.090000,30.379999,22.656723,3401700
2010-08-25,30.030001,31.280001,29.900000,31.120001,23.208595,3400700
2010-08-26,31.209999,31.459999,30.170000,30.190001,22.515022,2785700
2010-08-27,30.299999,30.410000,29.600000,30.280001,22.732742,4593000
2010-08-30,30.190001,30.280001,28.719999,28.719999,21.561565,5020900
2010-08-31,28.570000,29.570000,28.440001,28.920000,21.711723,3926300
2010-09-01,29.480000,30.360001,29.129999,30.320000,22.762774,3814400
2010-09-02,31.790001,32.919998,31.379999,32.759998,24.594601,6933100
2010-09-03,33.240002,33.980000,32.919998,33.470001,25.127640,4601700
2010-09-07,33.150002,33.330002,32.500000,32.619999,24.489500,4433300
2010-09-08,32.540001,33.200001,32.540001,33.000000,24.774786,2901700
2010-09-09,33.660000,33.830002,32.880001,32.970001,24.752268,2444000
2010-09-10,33.040001,33.470001,32.950001,33.270000,24.977488,2378000
2010-09-13,33.770000,34.660000,33.540001,34.299999,25.750761,4201600
2010-09-14,34.240002,35.529999,34.189999,35.279999,26.486492,3429100
2010-09-15,35.029999,36.119999,34.959999,36.080002,27.087095,4817100
2010-09-16,35.700001,36.320000,35.619999,36.139999,27.132141,2977200
2010-09-17,36.360001,36.549999,35.889999,36.090000,27.094604,3905500
2010-09-20,36.220001,36.619999,35.830002,36.369999,27.304815,3216800
2010-09-21,36.480000,36.480000,35.709999,35.919998,26.966974,2717700
2010-09-22,35.720001,36.000000,35.070000,35.599998,26.726738,3347300
2010-09-23,35.209999,35.820000,34.950001,35.290001,26.494011,2427200
2010-09-24,35.869999,36.619999,35.869999,36.509998,27.409916,2326400
2010-09-27,36.330002,37.529999,36.099998,36.910000,27.710222,4688300
2010-09-28,37.240002,38.410000,36.779999,38.310001,28.761267,4900000
2010-09-29,38.090000,38.310001,37.470001,37.599998,28.228235,3679800
2010-09-30,38.000000,38.250000,36.630001,37.200001,27.927938,3380900
2010-10-01,37.610001,37.830002,36.799999,37.110001,27.860374,2838500
2010-10-04,37.139999,37.270000,36.599998,37.160000,27.897913,2627000
2010-10-05,37.580002,37.880001,36.900002,37.770000,28.355865,3290200
2010-10-06,37.520000,37.889999,37.060001,37.540001,28.183201,3637700
2010-10-07,37.910000,38.480000,36.980000,38.480000,28.888899,5611100
2010-10-08,38.470001,39.740002,38.299999,39.060001,29.324335,3641100
2010-10-11,39.040001,39.990002,38.689999,39.110001,29.361870,3811000
2010-10-12,38.830002,39.270000,38.380001,39.009998,29.286802,2724400
2010-10-13,39.389999,39.459999,38.310001,38.430000,28.851357,3175700
2010-10-14,38.389999,38.720001,37.840000,38.169998,28.656168,2226800
2010-10-15,38.630001,38.810001,37.919998,38.799999,29.129147,2697300
2010-10-18,38.849998,39.220001,37.650002,38.860001,29.174192,4135900
2010-10-19,38.240002,38.410000,36.970001,37.340000,28.033049,3796200
2010-10-20,37.470001,37.669998,36.919998,36.950001,27.740253,4651100
2010-10-21,37.099998,37.490002,35.919998,36.099998,27.102116,5242700
2010-10-22,36.200001,37.139999,36.099998,36.889999,27.695210,4041300
2010-10-25,37.330002,38.419998,37.060001,37.529999,28.175680,3547500
2010-10-26,37.110001,38.290001,36.959999,38.150002,28.641150,2487700
2010-10-27,37.730000,38.320000,37.150002,38.259998,28.723730,3817900
2010-10-28,38.650002,38.759998,37.720001,38.730000,29.076576,3800300
2010-10-29,38.619999,38.619999,38.080002,38.509998,28.911428,2629400
2010-11-01,38.900002,39.889999,38.340000,38.639999,29.009024,2982800
2010-11-02,38.970001,39.580002,38.619999,39.230000,29.451962,1787200
2010-11-03,39.360001,39.509998,38.360001,39.310001,29.512032,2403700
2010-11-04,39.799999,41.970001,39.799999,41.930000,31.479000,4722200
2010-11-05,41.790001,42.759998,41.790001,42.500000,31.906918,2590000
2010-11-08,42.419998,42.860001,41.799999,42.770000,32.109634,2045700
2010-11-09,42.830002,42.830002,41.639999,41.900002,31.456476,2133400
2010-11-10,41.840000,42.619999,41.470001,42.389999,31.824339,2165600
2010-11-11,41.900002,42.590000,41.610001,42.400002,31.831846,1795800
2010-11-12,42.169998,42.369999,40.990002,41.400002,31.081093,3332600
2010-11-15,42.000000,42.299999,40.509998,41.830002,31.403912,5303400
2010-11-16,40.599998,41.480000,39.919998,40.549999,30.442951,5808800
2010-11-17,40.610001,41.680000,40.509998,41.419998,31.096115,2640100
2010-11-18,41.919998,42.470001,41.680000,41.880001,31.441456,2429800
2010-11-19,41.880001,42.200001,41.500000,42.169998,31.659176,2131700
2010-11-22,41.849998,42.970001,41.799999,42.689999,32.049568,1958400
2010-11-23,42.840000,43.189999,42.189999,42.889999,32.199707,2880600
2010-11-24,43.040001,43.950001,43.040001,43.910000,32.965481,2766200
2010-11-26,43.439999,43.900002,43.220001,43.610001,32.890060,1405800
2010-11-29,43.209999,43.470001,41.980000,42.580002,32.113251,2684400
2010-11-30,42.119999,43.310001,42.000000,42.799999,32.279175,2500100
2010-12-01,43.630001,43.630001,42.830002,43.430000,32.754314,2869700
2010-12-02,42.750000,43.250000,42.009998,42.139999,31.781404,4413300
2010-12-03,41.840000,42.040001,41.340000,41.820000,31.540060,3391500
2010-12-06,41.779999,42.830002,41.639999,42.619999,32.143414,2604300
2010-12-07,42.950001,43.180000,42.259998,42.340000,31.932251,1924000
2010-12-08,42.419998,42.590000,41.450001,41.849998,31.562693,2483400
2010-12-09,42.150002,42.349998,41.930000,42.080002,31.736162,1680200
2010-12-10,41.849998,42.380001,41.689999,42.180000,31.811575,1216400
2010-12-13,42.529999,42.529999,41.360001,41.660000,31.419405,2654000
2010-12-14,41.660000,41.970001,41.520000,41.770000,31.502346,1663600
2010-12-15,41.650002,42.060001,41.389999,41.639999,31.404314,1666600
2010-12-16,41.669998,42.369999,41.509998,42.320000,31.917152,1621700
2010-12-17,41.900002,42.700001,41.820000,42.310001,31.909611,2158200
2010-12-20,42.470001,42.790001,42.200001,42.689999,32.196205,1553800
2010-12-21,42.889999,43.180000,42.580002,43.180000,32.565758,1440700
2010-12-22,43.189999,43.270000,42.680000,42.849998,32.316879,1929100
2010-12-23,42.740002,43.090000,42.500000,42.790001,32.271626,1164300
2010-12-27,42.450001,42.580002,41.759998,42.090000,31.743715,1210300
2010-12-28,42.139999,42.500000,41.740002,42.150002,31.788958,1410200
2010-12-29,42.169998,42.869999,42.110001,42.130001,31.773867,996800
2010-12-30,42.070000,42.580002,42.070000,42.439999,32.007656,1151800
2010-12-31,42.419998,42.610001,42.250000,42.380001,31.962406,854800
2011-01-03,42.730000,43.900002,42.439999,43.400002,32.731678,2586500
2011-01-04,43.310001,43.459999,42.470001,42.570000,32.105705,2270200
2011-01-05,42.340000,43.040001,42.200001,42.860001,32.324409,2239000
2011-01-06,42.520000,43.689999,42.119999,42.939999,32.384750,3403700
2011-01-07,43.369999,43.610001,41.770000,42.349998,31.939785,3091200
2011-01-10,41.950001,42.310001,41.340000,42.150002,31.788958,2562000
2011-01-11,42.439999,42.450001,41.389999,41.619999,31.389233,2285000
2011-01-12,41.939999,41.990002,41.580002,41.750000,31.487267,1736300
2011-01-13,41.500000,41.930000,41.439999,41.630001,31.396765,1580300
2011-01-14,41.570000,42.189999,41.389999,42.090000,31.743715,1962100
2011-01-18,41.900002,42.459999,41.810001,42.189999,31.819117,1491300
2011-01-19,42.119999,42.360001,40.840000,40.910000,30.853758,2813500
2011-01-20,40.750000,41.779999,40.750000,41.240002,31.102644,2441000
2011-01-21,41.700001,41.990002,41.299999,41.369999,31.200686,1913900
2011-01-24,41.430000,42.209999,41.320000,42.180000,31.811575,1364600
2011-01-25,42.110001,42.360001,41.250000,41.560001,31.343979,2692200
2011-01-26,41.740002,41.779999,41.099998,41.529999,31.321344,1635000
2011-01-27,41.619999,42.200001,41.480000,41.959999,31.645657,2326800
2011-01-28,41.869999,41.980000,40.639999,40.910000,30.853758,3150500
2011-01-31,41.270000,41.520000,40.840000,41.180000,31.057396,2205700
2011-02-01,41.570000,41.740002,40.939999,40.939999,30.876381,2908000
2011-02-02,40.869999,40.930000,40.029999,40.090000,30.235319,4692100
2011-02-03,41.520000,42.599998,41.259998,42.049999,31.713526,5872200
2011-02-04,42.060001,44.209999,42.000000,43.709999,32.965481,3266100
2011-02-07,43.730000,44.900002,43.720001,44.590000,33.629158,2245600
2011-02-08,44.509998,45.000000,44.360001,44.919998,33.878048,2122500
2011-02-09,44.810001,45.630001,44.740002,44.959999,33.908215,2523300
2011-02-10,44.680000,45.630001,44.490002,45.570000,34.368263,1694400
2011-02-11,45.290001,46.200001,45.150002,46.150002,34.805695,1434600
2011-02-14,46.189999,46.310001,45.560001,45.720001,34.481388,2031700
2011-02-15,45.410000,46.169998,45.410000,45.869999,34.594509,1563500
2011-02-16,46.080002,46.959999,46.080002,46.700001,35.220493,2385200
2011-02-17,46.840000,47.450001,46.119999,46.480000,35.054577,3472200
2011-02-18,45.669998,47.520000,45.520000,46.910000,35.378876,4682000
2011-02-22,46.290001,46.869999,45.320000,45.650002,34.428593,2625700
2011-02-23,45.740002,46.060001,44.160000,44.590000,33.629158,3378700
2011-02-24,44.490002,45.320000,44.110001,45.000000,33.938374,2739100
2011-02-25,45.349998,45.880001,44.959999,45.490002,34.307922,3402800
2011-02-28,45.029999,45.630001,44.590000,45.259998,34.134460,3001100
2011-03-01,45.310001,45.610001,43.919998,44.220001,33.350105,2944400
2011-03-02,44.070000,44.389999,43.450001,44.209999,33.516899,3025400
2011-03-03,45.209999,45.279999,44.250000,44.619999,33.827736,4056400
2011-03-04,44.650002,44.810001,43.599998,44.080002,33.418339,2463500
2011-03-07,44.380001,44.400002,43.209999,43.259998,32.796673,2186500
2011-03-08,43.240002,44.000000,42.650002,43.770000,33.183323,1811400
2011-03-09,43.700001,44.709999,43.200001,44.299999,33.585133,2306400
2011-03-10,43.490002,44.680000,43.490002,44.369999,33.638195,2214900
2011-03-11,44.380001,44.799999,44.009998,44.459999,33.706432,2599900
2011-03-14,43.970001,44.470001,42.759998,42.990002,32.591984,3413600
2011-03-15,42.040001,43.189999,41.790001,42.860001,32.493423,2542100
2011-03-16,42.759998,42.919998,41.270000,41.500000,31.462372,4728800
2011-03-17,42.400002,42.919998,41.639999,41.689999,31.606409,3418100
2011-03-18,42.439999,42.439999,40.959999,41.330002,31.333490,4495100
2011-03-21,41.849998,42.480000,41.840000,42.299999,32.068878,1812900
2011-03-22,43.380001,43.380001,42.599998,42.639999,32.326633,2742200
2011-03-23,42.419998,42.470001,41.939999,42.259998,32.038544,3972800
2011-03-24,42.500000,43.720001,42.070000,43.619999,33.069611,5308000
2011-03-25,43.700001,44.439999,43.520000,43.599998,33.054440,2504800
2011-03-28,43.750000,44.209999,42.910000,42.950001,32.561661,2531300
2011-03-29,42.990002,44.060001,42.959999,44.000000,33.357704,1993800
2011-03-30,44.150002,44.980000,44.009998,44.900002,34.040020,2079100
2011-03-31,44.770000,45.000000,43.970001,44.880001,34.024845,2540800
2011-04-01,45.000000,45.619999,44.910000,45.110001,34.199226,2168400
2011-04-04,45.240002,45.490002,44.810001,45.169998,34.244705,1600800
2011-04-05,44.950001,46.099998,44.790001,45.660000,34.616184,1656000
2011-04-06,45.880001,46.209999,45.259998,45.900002,34.798141,2840300
2011-04-07,46.000000,47.290001,45.980000,46.610001,35.336407,3736400
2011-04-08,46.730000,47.220001,45.919998,46.220001,35.040737,2527700
2011-04-11,46.020000,46.619999,45.880001,45.959999,34.843620,1632000
2011-04-12,45.669998,46.660000,45.599998,45.840000,34.752651,2038700
2011-04-13,46.270000,46.500000,45.299999,45.950001,34.836056,1926800
2011-04-14,45.660000,46.150002,45.419998,46.070000,34.927010,1546500
2011-04-15,46.240002,46.450001,45.950001,46.180000,35.010406,1551000
2011-04-18,45.520000,45.689999,44.740002,45.380001,34.403912,2093400
2011-04-19,45.529999,45.950001,45.340000,45.790001,34.714745,1946300
2011-04-20,46.549999,47.220001,46.400002,47.009998,35.639664,1999100
2011-04-21,47.200001,47.330002,46.959999,47.310001,35.867107,2589500
2011-04-25,47.310001,47.599998,46.950001,47.480000,35.995983,1879700
2011-04-26,47.639999,48.700001,47.580002,48.540001,36.799595,2500000
2011-04-27,48.480000,48.570000,47.570000,48.139999,36.496357,2677700
2011-04-28,47.959999,48.060001,47.480000,47.930000,36.337147,1608800
2011-04-29,48.000000,48.169998,47.520000,47.549999,36.049053,1500000
2011-05-02,47.750000,48.130001,47.279999,47.740002,36.193096,2466500
2011-05-03,47.709999,48.480000,47.660000,48.099998,36.466030,2763400
2011-05-04,48.360001,48.619999,47.730000,48.000000,36.390205,3018300
2011-05-05,46.400002,48.160000,46.330002,47.500000,36.011150,4118800
2011-05-06,48.000000,48.270000,47.060001,47.389999,35.927761,1773200
2011-05-09,47.560001,47.599998,47.020000,47.310001,35.867107,1359700
2011-05-10,47.869999,48.419998,47.720001,48.259998,36.587318,2608400
2011-05-11,48.740002,49.430000,47.950001,48.700001,36.920910,3662000
2011-05-12,48.470001,49.349998,48.099998,49.169998,37.277218,4762800
2011-05-13,48.770000,49.250000,47.349998,47.630001,36.109692,4674400
2011-05-16,47.509998,47.830002,46.189999,46.230000,35.048325,2569400
2011-05-17,46.049999,46.529999,45.680000,45.860001,34.767818,2747900
2011-05-18,45.910000,46.560001,45.860001,46.180000,35.010406,2758700
2011-05-19,46.500000,46.500000,45.580002,46.450001,35.215118,2395600
2011-05-20,46.080002,46.240002,44.959999,45.599998,34.570694,2285500
2011-05-23,44.939999,45.930000,44.939999,45.619999,34.585861,1808700
2011-05-24,45.759998,46.080002,45.490002,45.500000,34.494884,1282100
2011-05-25,45.009998,45.900002,44.869999,45.599998,34.570694,1886200
2011-05-26,45.310001,46.430000,45.259998,46.180000,35.187893,2547000
2011-05-27,46.250000,46.970001,46.200001,46.400002,35.355534,1991600
2011-05-31,46.750000,47.080002,46.180000,46.830002,35.683193,2632900
2011-06-01,46.549999,46.810001,45.020000,45.070000,34.342110,2766000
2011-06-02,45.430000,45.740002,44.150002,44.470001,33.884930,3536700
2011-06-03,43.770000,44.560001,43.220001,43.529999,33.168674,2951200
2011-06-06,43.450001,43.820000,42.860001,42.889999,32.681007,3044400
2011-06-07,43.169998,43.500000,42.549999,42.580002,32.444809,3633000
2011-06-08,42.400002,42.619999,42.000000,42.189999,32.147633,4303300
2011-06-09,42.369999,43.099998,42.369999,42.639999,32.490509,4044000
2011-06-10,42.419998,42.590000,41.880001,42.130001,32.101910,3704100
2011-06-13,42.270000,42.820000,42.080002,42.549999,32.421936,2299200
2011-06-14,43.139999,44.450001,43.139999,44.200001,33.679195,2804700
2011-06-15,43.669998,44.049999,43.320000,43.509998,33.153412,2095300
2011-06-16,43.459999,44.029999,42.990002,43.380001,33.054379,1936000
2011-06-17,43.750000,44.439999,43.669998,43.759998,33.343922,1803500
2011-06-20,43.540001,44.950001,43.369999,44.930000,34.235428,2078500
2011-06-21,45.150002,46.139999,45.020000,46.099998,35.126938,2686400
2011-06-22,45.860001,46.389999,45.279999,45.310001,34.524986,1907200
2011-06-23,44.910000,45.970001,44.810001,45.880001,34.959305,2842700
2011-06-24,45.779999,45.959999,44.820000,44.900002,34.212574,1997800
2011-06-27,44.770000,45.610001,44.570000,45.490002,34.662148,2381900
2011-06-28,45.669998,46.310001,45.500000,46.259998,35.248852,1888500
2011-06-29,46.549999,46.910000,45.939999,46.060001,35.096466,2513200
2011-06-30,46.259998,47.000000,46.250000,46.939999,35.766994,3005500
2011-07-01,46.849998,48.310001,46.700001,48.240002,36.757572,2257600
2011-07-05,48.080002,48.730000,47.930000,48.419998,36.894714,2244900
2011-07-06,48.160000,48.509998,48.090000,48.480000,36.940434,2032200
2011-07-07,49.250000,50.919998,49.230000,50.560001,38.525337,4516600
2011-07-08,49.849998,50.259998,49.509998,50.250000,38.289139,2174000
2011-07-11,49.500000,50.049999,49.349998,49.759998,37.915771,2262700
2011-07-12,49.480000,50.200001,49.299999,49.349998,37.603355,2274600
2011-07-13,49.820000,50.439999,49.540001,49.610001,37.801460,1838600
2011-07-14,49.889999,50.500000,49.340000,49.930000,38.045296,3447400
2011-07-15,50.270000,50.459999,49.500000,50.439999,38.433895,1922900
2011-07-18,50.090000,50.400002,49.700001,49.970001,38.075779,1626800
2011-07-19,50.419998,51.860001,50.270000,51.790001,39.462566,2852500
2011-07-20,51.880001,51.990002,50.840000,51.180000,38.997757,1097300
2011-07-21,51.509998,52.150002,51.330002,51.400002,39.165394,1594200
2011-07-22,51.549999,51.840000,51.209999,51.500000,39.241596,1638700
2011-07-25,50.869999,51.389999,50.779999,51.040001,38.891098,1520700
2011-07-26,50.950001,51.299999,50.490002,50.900002,38.784405,1911500
2011-07-27,50.590000,50.669998,49.169998,49.230000,37.511925,2019300
2011-07-28,49.470001,50.799999,49.470001,50.180000,38.235798,3335200
2011-07-29,49.509998,50.970001,49.220001,50.160000,38.220531,2427900
2011-08-01,50.889999,50.889999,49.119999,49.959999,38.068153,2697300
2011-08-02,49.340000,49.560001,47.009998,47.049999,35.850815,5421300
2011-08-03,47.090000,47.820000,46.110001,47.750000,36.384193,4606700
2011-08-04,46.380001,47.080002,43.119999,43.150002,32.879128,7686800
2011-08-05,44.070000,44.450001,42.299999,44.310001,33.763020,7168100
2011-08-08,42.500000,43.240002,39.180000,39.849998,30.364613,5608300
2011-08-09,40.900002,41.650002,38.099998,41.599998,31.698069,6285900
2011-08-10,40.330002,41.959999,39.930000,40.139999,30.585583,5049000
2011-08-11,40.570000,43.230000,40.290001,42.330002,32.254314,3707200
2011-08-12,45.680000,46.000000,43.919998,44.279999,33.740154,5805100
2011-08-15,44.680000,44.840000,43.360001,44.669998,34.037315,4647900
2011-08-16,44.349998,44.349998,42.400002,42.950001,32.726727,4452500
2011-08-17,43.430000,43.669998,40.599998,41.419998,31.560900,5705800
2011-08-18,39.959999,40.070000,37.869999,38.299999,29.183550,5653300
2011-08-19,37.750000,38.750000,37.279999,37.450001,28.535877,4024400
2011-08-22,38.209999,38.500000,37.410000,37.779999,28.787329,2426300
2011-08-23,37.740002,39.950001,37.299999,39.939999,30.433187,4048700
2011-08-24,39.660000,41.139999,39.430000,41.099998,31.317080,3002200
2011-08-25,41.230000,42.040001,39.790001,39.959999,30.448431,5849700
2011-08-26,39.560001,42.630001,39.560001,42.090000,32.071426,6775300
2011-08-29,42.830002,44.770000,42.540001,44.700001,34.060184,5845200
2011-08-30,44.509998,45.939999,44.400002,45.599998,34.745953,4700100
2011-08-31,45.959999,46.689999,44.910000,45.459999,34.639278,3461900
2011-09-01,45.259998,45.959999,44.290001,44.709999,34.241043,4255800
2011-09-02,43.750000,44.060001,43.009998,43.259998,33.130562,1948500
2011-09-06,41.900002,43.849998,41.619999,43.799999,33.544117,3008300
2011-09-07,44.669998,46.169998,44.599998,45.939999,35.183033,3390100
2011-09-08,45.410000,46.400002,44.820000,45.139999,34.570354,3114900
2011-09-09,44.439999,45.230000,43.500000,44.049999,33.735588,3190500
2011-09-12,43.330002,45.560001,43.049999,45.540001,34.876690,3195200
2011-09-13,45.650002,46.340000,45.090000,45.660000,34.968597,3248800
2011-09-14,44.869999,46.660000,44.169998,45.919998,35.167713,3838600
2011-09-15,46.590000,47.169998,45.700001,47.020000,36.010147,3630400
2011-09-16,47.310001,48.060001,47.000000,47.889999,36.676434,3229100
2011-09-19,47.110001,48.320000,46.660000,47.980000,36.745361,1920600
2011-09-20,48.169998,48.930000,47.419998,47.490002,36.370110,2202700
2011-09-21,47.590000,47.900002,46.099998,46.180000,35.366829,2016400
2011-09-22,44.250000,45.889999,43.630001,44.810001,34.317635,3676200
2011-09-23,44.410000,45.700001,44.220001,45.520000,34.861382,2405500
2011-09-26,45.750000,48.189999,45.070000,48.160000,36.883209,2999300
2011-09-27,49.090000,49.250000,47.090000,47.349998,36.262875,2789700
2011-09-28,47.540001,48.299999,46.889999,46.950001,35.956528,2187300
2011-09-29,47.830002,48.040001,45.430000,46.650002,35.726791,3166900
2011-09-30,46.040001,46.860001,45.470001,45.680000,34.983910,2204700
2011-10-03,45.250000,47.650002,45.200001,45.369999,34.746487,4241700
2011-10-04,44.619999,48.560001,44.619999,48.439999,37.097649,5200000
2011-10-05,48.380001,48.450001,46.540001,48.220001,36.929169,5518800
2011-10-06,48.820000,48.980000,47.240002,48.000000,36.760677,5430400
2011-10-07,48.279999,49.740002,48.080002,48.689999,37.289116,4441800
2011-10-10,49.560001,50.810001,48.790001,50.669998,38.805485,2169400
2011-10-11,50.169998,50.320000,48.540001,49.259998,37.725651,4529800
2011-10-12,50.070000,51.490002,49.490002,50.180000,38.430233,3303400
2011-10-13,50.279999,50.919998,49.310001,49.470001,37.886471,2384100
2011-10-14,50.470001,51.000000,49.480000,50.700001,38.828472,2619400
2011-10-17,50.369999,51.290001,49.900002,50.029999,38.315342,1976300
2011-10-18,49.930000,52.610001,49.060001,51.970001,39.801098,3262900
2011-10-19,51.849998,52.099998,51.080002,51.320000,39.303295,1805700
2011-10-20,51.139999,51.330002,49.880001,50.580002,38.736565,3069800
2011-10-21,51.369999,51.610001,50.740002,51.590000,39.510075,2820000
2011-10-24,51.730000,53.349998,51.430000,52.770000,40.413773,3019000
2011-10-25,52.250000,52.250000,49.750000,50.630001,38.774857,2821600
2011-10-26,51.570000,51.730000,49.610001,50.459999,38.644665,2796800
2011-10-27,52.000000,53.090000,50.669998,52.139999,39.931282,3252300
2011-10-28,51.900002,52.340000,50.669998,51.169998,39.188404,2359200
2011-10-31,50.250000,51.330002,49.939999,50.689999,38.820805,2564500
2011-11-01,49.080002,50.750000,48.869999,50.250000,38.483845,2839500
2011-11-02,51.080002,51.240002,50.150002,50.570000,38.728909,3100500
2011-11-03,49.330002,51.139999,48.380001,51.070000,39.111843,4909400
2011-11-04,50.029999,51.000000,49.930000,50.389999,38.591045,2380500
2011-11-07,50.240002,50.880001,49.549999,50.630001,38.774857,1971700
2011-11-08,50.959999,51.750000,49.869999,51.200001,39.211391,2312200
2011-11-09,49.970001,50.779999,48.740002,48.930000,37.472912,3006000
2011-11-10,49.860001,50.060001,48.860001,49.619999,38.001354,3106900
2011-11-11,47.889999,49.529999,47.650002,49.480000,37.894131,4672200
2011-11-14,49.369999,49.730000,48.900002,49.090000,37.595436,2604300
2011-11-15,48.959999,49.650002,48.540001,49.299999,37.756271,2040200
2011-11-16,48.849998,49.340000,48.070000,48.130001,36.860237,2077500
2011-11-17,48.070000,48.290001,46.570000,47.009998,36.002483,3657700
2011-11-18,47.310001,47.310001,46.490002,46.980000,35.979515,2987800
2011-11-21,46.209999,46.700001,45.599998,46.310001,35.466389,2478000
2011-11-22,46.270000,46.560001,45.419998,45.730000,35.022205,2620200
2011-11-23,45.189999,45.580002,44.660000,44.740002,34.264023,1677600
2011-11-25,44.470001,45.070000,44.220001,44.290001,33.919384,804300
2011-11-28,45.299999,46.049999,44.880001,45.189999,34.789299,2443100
2011-11-29,44.700001,45.299999,44.290001,44.660000,34.381290,3478900
2011-11-30,46.060001,46.200001,44.849998,45.279999,34.858589,4859500
2011-12-01,45.650002,47.480000,45.250000,47.099998,36.259712,3658700
2011-12-02,47.689999,48.160000,47.130001,47.169998,36.313595,2463100
2011-12-05,47.900002,49.029999,47.639999,48.130001,37.052654,2889400
2011-12-06,48.070000,48.200001,47.240002,47.360001,36.459877,1612100
2011-12-07,47.070000,47.470001,46.750000,47.119999,36.275112,1572600
2011-12-08,46.779999,48.520000,46.680000,47.419998,36.506073,3118200
2011-12-09,47.500000,48.330002,47.490002,48.200001,37.106556,2112100
2011-12-12,47.910000,48.619999,47.509998,48.419998,37.275921,2461900
2011-12-13,48.720001,48.900002,46.740002,46.980000,36.167332,2713000
2011-12-14,46.889999,47.650002,46.790001,47.139999,36.290508,3208600
2011-12-15,47.500000,47.840000,47.209999,47.279999,36.398293,1872900
2011-12-16,47.650002,48.430000,46.930000,47.029999,36.205830,2355400
2011-12-19,47.209999,47.810001,46.730000,46.900002,36.105740,1876600
2011-12-20,47.459999,49.049999,47.459999,48.869999,37.622334,2298600
2011-12-21,48.830002,49.660000,48.369999,49.529999,38.130436,1850500
2011-12-22,49.549999,50.000000,49.049999,49.160000,37.845600,1283900
2011-12-23,49.180000,49.869999,49.110001,49.830002,38.361389,848600
2011-12-27,49.700001,50.270000,49.340000,50.070000,38.546165,919600
2011-12-28,49.830002,50.259998,49.220001,49.910000,38.422985,2221900
2011-12-29,49.910000,50.610001,49.279999,50.029999,38.515350,1419600
2011-12-30,49.980000,50.209999,49.689999,49.709999,38.269009,862400
2012-01-03,50.520000,50.669998,49.700001,49.720001,38.276703,2985500
2012-01-04,49.599998,50.389999,49.490002,50.080002,38.553856,2292900
2012-01-05,49.840000,50.840000,49.169998,50.610001,38.961872,2607000
2012-01-06,49.310001,50.200001,49.070000,49.740002,38.292103,1916200
2012-01-09,49.779999,49.950001,49.189999,49.660000,38.230511,1731200
2012-01-10,49.900002,49.910000,48.869999,49.360001,37.999565,2180500
2012-01-11,49.330002,49.560001,48.680000,48.980000,37.707024,2638200
2012-01-12,49.299999,49.299999,48.419998,48.930000,37.668526,1924200
2012-01-13,48.689999,49.279999,48.330002,48.480000,37.322086,1711000
2012-01-17,48.950001,49.520000,48.770000,48.990002,37.714725,1690900
2012-01-18,48.930000,49.810001,48.820000,49.639999,38.215111,2033600
2012-01-19,49.770000,50.630001,49.360001,50.369999,38.777096,2529900
2012-01-20,50.250000,50.570000,49.830002,50.020000,38.507660,1631600
2012-01-23,49.930000,50.750000,49.340000,49.380001,38.014961,1795600
2012-01-24,49.139999,49.900002,49.000000,49.619999,38.199722,1802800
2012-01-25,49.639999,49.700001,48.369999,48.740002,37.522251,2842700
2012-01-26,48.910000,49.380001,48.119999,48.459999,37.306702,1980100
2012-01-27,48.299999,48.750000,48.139999,48.549999,37.375992,1446600
2012-01-30,48.189999,49.610001,48.000000,49.529999,38.130436,2740400
2012-01-31,49.700001,50.029999,49.080002,49.380001,38.014961,2048400
2012-02-01,49.650002,50.000000,49.279999,49.520000,38.122746,2184700
2012-02-02,49.820000,50.009998,48.669998,49.110001,37.807098,2138200
2012-02-03,49.520000,50.490002,49.480000,50.270000,38.700127,2111800
2012-02-06,49.970001,50.119999,49.639999,49.790001,38.330601,1945600
2012-02-07,49.630001,51.110001,49.430000,50.599998,38.954170,2342700
2012-02-08,50.709999,51.240002,50.480000,51.009998,39.269798,2265600
2012-02-09,51.020000,51.270000,50.500000,51.150002,39.377590,1882300
2012-02-10,50.700001,51.070000,50.500000,50.779999,39.092751,984500
2012-02-13,50.919998,51.099998,50.439999,50.560001,38.923389,1841300
2012-02-14,50.540001,51.000000,50.299999,50.669998,39.008053,1683400
2012-02-15,50.790001,51.500000,50.590000,51.000000,39.262112,2617900
2012-02-16,51.000000,52.320000,50.930000,52.180000,40.170528,4153800
2012-02-17,51.380001,52.439999,50.740002,51.139999,39.369896,5424400
2012-02-21,51.369999,53.369999,51.369999,52.790001,40.640137,3953900
2012-02-22,52.180000,53.070000,52.180000,52.630001,40.516956,2347800
2012-02-23,52.250000,53.689999,52.049999,53.250000,40.994259,2269000
2012-02-24,53.200001,53.500000,52.919998,53.169998,40.932663,2274000
2012-02-27,52.599998,54.029999,52.459999,53.889999,41.486954,2606000
2012-02-28,53.619999,53.959999,53.369999,53.779999,41.610748,2025000
2012-02-29,53.849998,54.680000,53.610001,53.619999,41.486965,2915300
2012-03-01,53.669998,53.849998,52.689999,53.770000,41.603016,2555000
2012-03-02,54.000000,54.090000,53.340000,53.549999,41.432804,1376800
2012-03-05,53.459999,53.750000,53.180000,53.500000,41.394119,1294900
2012-03-06,53.090000,53.189999,52.299999,52.410000,40.550762,1585900
2012-03-07,52.720001,53.349998,52.459999,53.200001,41.162003,1356000
2012-03-08,53.630001,53.919998,53.290001,53.680000,41.533382,1131200
2012-03-09,53.930000,54.250000,53.630001,54.080002,41.842888,1127800
2012-03-12,54.160000,54.310001,53.549999,53.669998,41.525642,1052800
2012-03-13,53.939999,54.950001,53.160000,54.900002,42.477333,2266600
2012-03-14,54.650002,54.980000,54.389999,54.680000,42.307114,1215200
2012-03-15,54.639999,55.119999,54.230000,55.049999,42.593384,1612900
2012-03-16,55.110001,55.360001,54.470001,54.880001,42.461849,1823100
2012-03-19,54.750000,54.810001,53.990002,54.369999,42.067253,963300
2012-03-20,54.220001,54.880001,54.000000,54.740002,42.353531,1191700
2012-03-21,54.900002,55.450001,54.740002,55.250000,42.748123,1146500
2012-03-22,54.830002,55.430000,54.689999,54.990002,42.546959,1268600
2012-03-23,54.880001,54.900002,53.830002,54.540001,42.198788,897300
2012-03-26,54.990002,55.470001,54.639999,55.290001,42.779087,873500
2012-03-27,55.279999,55.669998,55.080002,55.400002,42.864185,941400
2012-03-28,55.439999,55.450001,54.160000,54.709999,42.330315,1044300
2012-03-29,55.349998,55.529999,54.419998,55.270000,42.763599,1936700
2012-03-30,55.419998,56.029999,55.080002,55.720001,43.111778,1892300
2012-04-02,55.500000,56.320000,55.480000,56.119999,43.421276,1246500
2012-04-03,56.099998,56.500000,55.310001,55.380001,42.848721,1868300
2012-04-04,55.009998,55.610001,54.700001,55.549999,42.980247,1796200
2012-04-05,55.520000,56.750000,55.270000,56.169998,43.459942,1827500
2012-04-09,55.779999,55.849998,54.980000,55.849998,43.212364,1751100
2012-04-10,55.560001,55.720001,53.200001,53.459999,41.363171,2134200
2012-04-11,54.119999,54.759998,53.959999,54.630001,42.268421,1764800
2012-04-12,54.660000,55.250000,54.439999,55.090000,42.624344,1496400
2012-04-13,54.820000,55.419998,54.630001,54.990002,42.546959,1282400
2012-04-16,56.000000,56.000000,54.889999,55.520000,42.957035,1841900
2012-04-17,55.759998,56.240002,55.520000,55.959999,43.297470,1440000
2012-04-18,55.700001,56.060001,55.349998,55.750000,43.134991,1111900
2012-04-19,55.849998,56.259998,55.070000,55.560001,42.987984,1202200
2012-04-20,55.730000,55.730000,54.900002,55.110001,42.639812,1573900
2012-04-23,54.820000,54.910000,53.860001,54.619999,42.260681,1194600
2012-04-24,54.779999,54.830002,53.590000,53.930000,41.726814,1507100
2012-04-25,54.369999,55.240002,54.349998,55.180000,42.693970,1394800
2012-04-26,55.189999,55.860001,54.779999,55.580002,43.003456,1215900
2012-04-27,55.880001,56.480000,55.500000,56.049999,43.367104,1288200
2012-04-30,56.029999,56.250000,55.529999,55.860001,43.220100,1519100
2012-05-01,55.959999,56.490002,55.599998,55.860001,43.220100,1380200
2012-05-02,55.689999,57.259998,55.689999,57.200001,44.256889,2446600
2012-05-03,57.470001,57.750000,56.560001,56.860001,43.993824,2106400
2012-05-04,56.820000,56.980000,55.869999,55.900002,43.251045,1474200
2012-05-07,55.709999,56.259998,55.150002,55.230000,42.732647,1473500
2012-05-08,54.939999,54.939999,52.770000,54.009998,41.788719,2754100
2012-05-09,53.220001,54.410000,52.840000,53.919998,41.719082,2179100
2012-05-10,54.419998,54.419998,53.139999,53.529999,41.417332,3303400
2012-05-11,51.349998,52.310001,50.650002,50.959999,39.428860,6557500
2012-05-14,50.570000,51.299999,50.139999,50.200001,38.840843,2488600
2012-05-15,50.230000,51.419998,50.080002,50.619999,39.165798,2342300
2012-05-16,50.779999,51.009998,49.990002,50.049999,38.724766,3009700
2012-05-17,50.000000,50.349998,48.540001,48.540001,37.556454,3191900
2012-05-18,48.799999,49.529999,48.349998,48.889999,37.827255,2558500
2012-05-21,48.799999,49.730000,48.139999,49.570000,38.353382,2099300
2012-05-22,49.650002,50.630001,49.290001,49.650002,38.415291,2125300
2012-05-23,49.330002,50.389999,49.240002,50.240002,38.871777,1834200
2012-05-24,50.060001,50.779999,49.919998,50.450001,39.034264,1637700
2012-05-25,50.520000,51.060001,50.349998,50.740002,39.258636,1588400
2012-05-29,50.770000,51.240002,50.540001,51.080002,39.733147,2041400
2012-05-30,50.770000,50.849998,50.169998,50.279999,39.110851,1608400
2012-05-31,49.200001,49.500000,47.240002,47.369999,36.847275,6856100
2012-06-01,47.119999,47.919998,46.360001,46.799999,36.403896,4435800
2012-06-04,47.349998,47.500000,46.410000,47.470001,36.925056,2677400
2012-06-05,47.090000,47.299999,46.270000,47.060001,36.606133,2867300
2012-06-06,47.279999,48.130001,46.910000,47.820000,37.197315,2087600
2012-06-07,48.279999,48.430000,47.380001,47.660000,37.072849,2273000
2012-06-08,48.150002,48.840000,47.900002,48.770000,37.936275,1921000
2012-06-11,49.150002,49.230000,47.689999,47.700001,37.103970,1866400
2012-06-12,47.910000,48.910000,47.830002,48.869999,38.014061,1861900
2012-06-13,48.660000,48.660000,47.180000,47.380001,36.855053,1832400
2012-06-14,47.540001,48.470001,47.480000,48.169998,37.469555,1682900
2012-06-15,48.430000,49.220001,48.220001,49.150002,38.231876,1777100
2012-06-18,48.840000,49.200001,48.450001,49.029999,38.138531,1651800
2012-06-19,49.310001,51.360001,49.209999,51.029999,39.694244,2714900
2012-06-20,51.060001,51.150002,50.360001,50.860001,39.562012,1693600
2012-06-21,50.930000,51.099998,48.669998,48.740002,37.912933,2825500
2012-06-22,49.000000,49.099998,48.080002,48.919998,38.052952,2143900
2012-06-25,48.380001,48.680000,47.509998,47.939999,37.290649,1683700
2012-06-26,48.049999,49.020000,47.689999,48.619999,37.819603,1496800
2012-06-27,47.660000,48.049999,47.040001,47.900002,37.259552,3118600
2012-06-28,47.500000,48.689999,47.369999,48.250000,37.531799,3571900
2012-06-29,48.880001,49.689999,48.389999,49.689999,38.651913,3314200
2012-07-02,49.930000,50.540001,49.500000,50.480000,39.266426,1929900
2012-07-03,50.380001,51.060001,49.660000,50.560001,39.328663,1581500
2012-07-05,51.099998,52.259998,50.759998,51.529999,40.083179,3680600
2012-07-06,50.900002,51.970001,50.820000,51.889999,40.363201,1703500
2012-07-09,51.740002,52.150002,51.410000,51.689999,40.207630,1491300
2012-07-10,51.869999,52.230000,51.470001,51.730000,40.238747,2049600
2012-07-11,51.830002,51.950001,50.099998,50.689999,39.429771,2540500
2012-07-12,50.330002,50.680000,49.400002,50.330002,39.149754,2060700
2012-07-13,50.509998,52.110001,50.450001,51.889999,40.363201,1959300
2012-07-16,51.660000,52.060001,51.270000,51.779999,40.277641,2100100
2012-07-17,52.049999,52.740002,51.439999,52.480000,40.822140,1414800
2012-07-18,52.240002,53.250000,52.130001,52.900002,41.148846,1153800
2012-07-19,53.020000,53.470001,52.660000,53.279999,41.444435,1432800
2012-07-20,52.939999,53.040001,52.360001,52.439999,40.791035,1615300
2012-07-23,51.549999,52.310001,50.900002,52.110001,40.534340,1269500
2012-07-24,52.360001,52.599998,51.349998,51.759998,40.262085,1312100
2012-07-25,51.919998,52.849998,51.779999,52.450001,40.798809,1199400
2012-07-26,53.180000,53.680000,52.200001,53.340000,41.491104,1533700
2012-07-27,53.230000,54.730000,53.230000,54.400002,42.315643,2256700
2012-07-30,54.360001,55.470001,53.650002,54.549999,42.432316,2873700
2012-07-31,53.470001,54.790001,53.320000,54.139999,42.113396,2328600
2012-08-01,54.439999,54.439999,51.500000,53.080002,41.288857,7732700
2012-08-02,52.660000,54.430000,52.560001,53.310001,41.467770,3323000
2012-08-03,53.200001,54.720001,53.150002,54.349998,42.276749,2865100
2012-08-06,54.570000,54.990002,54.290001,54.450001,42.354527,2486800
2012-08-07,54.730000,55.750000,54.139999,55.220001,42.953480,2470600
2012-08-08,55.130001,55.570000,54.709999,55.450001,43.132389,2090000
2012-08-09,55.209999,55.840000,54.020000,55.080002,42.844593,2879700
2012-08-10,55.680000,56.650002,55.450001,56.130001,43.661339,3394800
2012-08-13,56.130001,56.160000,55.279999,56.020000,43.575771,1665600
2012-08-14,56.299999,56.529999,55.959999,56.439999,43.902473,1830300
2012-08-15,56.360001,56.799999,56.299999,56.509998,43.956924,1067600
2012-08-16,56.410000,56.770000,56.180000,56.560001,43.995823,1165600
2012-08-17,56.720001,57.400002,56.610001,57.259998,44.540310,1340800
2012-08-20,57.119999,57.230000,56.369999,56.580002,44.011379,1421700
2012-08-21,56.860001,57.099998,56.430000,56.619999,44.042488,964400
2012-08-22,56.619999,57.950001,56.619999,57.720001,44.898136,2226500
2012-08-23,57.500000,57.599998,56.950001,57.070000,44.392532,1112500
2012-08-24,57.070000,58.180000,56.950001,57.950001,45.077057,1357700
2012-08-27,58.150002,58.369999,57.130001,57.680000,44.867020,1553200
2012-08-28,57.610001,58.410000,57.410000,57.439999,44.680332,2490100
2012-08-29,57.549999,58.049999,57.250000,58.029999,45.139275,2127300
2012-08-30,58.209999,58.439999,57.490002,57.529999,44.959530,2174700
2012-08-31,57.779999,58.000000,57.279999,57.830002,45.193970,1169400
2012-09-04,57.860001,58.000000,57.060001,57.669998,45.068951,1257600
2012-09-05,57.660000,57.779999,56.830002,57.070000,44.600040,1088700
2012-09-06,57.419998,58.110001,57.419998,57.959999,45.295570,1554900
2012-09-07,57.959999,58.020000,57.250000,57.509998,44.943901,1560700
2012-09-10,57.400002,58.299999,57.259998,57.860001,45.217422,1171900
2012-09-11,57.630001,57.900002,57.330002,57.770000,45.147083,1272300
2012-09-12,57.790001,58.439999,57.570000,57.950001,45.287758,1550700
2012-09-13,57.849998,57.990002,56.830002,57.660000,45.061123,1810500
2012-09-14,57.630001,58.150002,57.380001,57.560001,44.982983,1459800
2012-09-17,57.750000,58.020000,57.119999,57.459999,44.904816,1862800
2012-09-18,57.340000,57.340000,55.840000,56.330002,44.021736,2280700
2012-09-19,56.560001,57.220001,56.299999,56.860001,44.435928,1200100
2012-09-20,56.540001,56.750000,56.040001,56.560001,44.201485,1259400
2012-09-21,57.070000,57.490002,56.009998,56.049999,43.802914,2209000
2012-09-24,55.500000,55.720001,55.150002,55.169998,43.115189,1456200
2012-09-25,55.400002,55.959999,54.860001,54.900002,42.904194,1761000
2012-09-26,54.810001,55.139999,54.180000,54.900002,42.904194,1738900
2012-09-27,55.000000,55.320000,54.660000,55.060001,43.029228,1593600
2012-09-28,54.869999,55.470001,54.509998,55.180000,43.123013,1691800
2012-10-01,55.310001,56.189999,55.310001,55.740002,43.560638,1611300
2012-10-02,55.840000,56.200001,55.259998,55.630001,43.474682,1724000
2012-10-03,55.660000,56.500000,55.650002,55.880001,43.670052,1646200
2012-10-04,55.939999,57.470001,55.639999,56.049999,43.802914,2985700
2012-10-05,56.279999,56.950001,56.009998,56.180000,43.904503,1743500
2012-10-08,56.110001,56.740002,56.009998,56.459999,44.123322,824800
2012-10-09,56.340000,56.630001,55.900002,56.110001,43.849804,1907000
2012-10-10,55.990002,56.090000,55.240002,55.270000,43.193352,1175900
2012-10-11,55.779999,56.099998,55.279999,55.330002,43.240238,1547100
2012-10-12,55.330002,55.689999,54.759998,54.930000,42.927635,1211200
2012-10-15,55.000000,55.889999,54.740002,55.700001,43.529381,1207400
2012-10-16,55.849998,56.820000,55.770000,56.630001,44.256176,1646700
2012-10-17,56.730000,58.209999,56.320000,57.660000,45.061123,2998700
2012-10-18,57.619999,57.779999,56.790001,57.160000,44.670376,1619900
2012-10-19,57.080002,57.130001,56.119999,56.430000,44.099880,1341000
2012-10-22,56.230000,56.320000,55.450001,55.970001,43.740402,1407900
2012-10-23,55.290001,55.720001,54.709999,55.470001,43.349651,1187800
2012-10-24,55.709999,55.759998,54.689999,54.959999,42.951073,1354000
2012-10-25,55.439999,55.700001,54.230000,55.099998,43.060490,1763800
2012-10-26,55.040001,55.880001,54.459999,55.770000,43.584099,1758800
2012-10-31,56.169998,57.060001,55.810001,56.770000,44.365593,2082200
2012-11-01,57.130001,57.660000,56.810001,57.189999,44.693821,2009500
2012-11-02,57.509998,57.770000,56.480000,56.480000,44.138958,1545600
2012-11-05,56.549999,57.680000,56.380001,57.619999,45.029854,1091600
2012-11-06,57.630001,58.400002,57.349998,58.200001,45.483120,1693900
2012-11-07,57.540001,57.980000,56.950001,57.250000,44.740707,1982700
2012-11-08,57.119999,57.119999,55.340000,55.400002,43.294941,2168700
2012-11-09,54.790001,55.700001,54.630001,54.790001,42.818218,2436600
2012-11-12,54.880001,55.040001,53.959999,54.689999,42.740082,1435600
2012-11-13,54.419998,55.599998,54.250000,54.889999,42.896381,1414700
2012-11-14,55.049999,55.529999,54.020000,54.110001,42.286800,1439400
2012-11-15,54.119999,54.459999,53.680000,54.180000,42.341503,1674600
2012-11-16,54.369999,54.980000,53.830002,54.869999,42.880749,1711400
2012-11-19,55.470001,56.590000,55.299999,56.470001,44.131134,1369600
2012-11-20,56.509998,56.580002,55.049999,55.750000,43.568474,2563600
2012-11-21,55.549999,56.250000,55.110001,55.599998,43.451241,1304500
2012-11-23,55.730000,56.680000,55.709999,56.549999,44.193665,893500
2012-11-26,56.330002,56.400002,53.310001,54.240002,42.388401,3914800
2012-11-27,54.099998,54.840000,53.279999,54.160000,42.325882,2632100
2012-11-28,54.040001,55.450001,54.040001,55.200001,43.354782,2807800
2012-11-29,54.380001,55.270000,53.930000,54.369999,42.702877,3139200
2012-11-30,54.279999,54.459999,53.849998,54.090000,42.482956,2196700
2012-12-03,54.070000,54.340000,53.230000,53.720001,42.192371,2122400
2012-12-04,53.639999,53.799999,52.840000,53.230000,41.807507,1849100
2012-12-05,53.410000,53.709999,51.889999,52.700001,41.391251,3062400
2012-12-06,52.919998,53.130001,52.130001,52.970001,41.603302,1774400
2012-12-07,52.959999,53.389999,52.139999,52.799999,41.469780,1329500
2012-12-10,52.770000,52.880001,52.099998,52.259998,41.045662,2346600
2012-12-11,52.560001,52.639999,51.680000,51.880001,40.747200,3569500
2012-12-12,52.160000,52.669998,51.320000,52.110001,40.927853,2349500
2012-12-13,52.040001,52.799999,52.029999,52.150002,40.959263,1987000
2012-12-14,52.139999,52.439999,51.939999,52.200001,40.998543,2075100
2012-12-17,52.150002,52.320000,51.419998,52.279999,41.061363,2102400
2012-12-18,52.230000,52.459999,51.400002,52.430000,41.179180,2812000
2012-12-19,52.570000,53.250000,52.290001,52.790001,41.461929,2129200
2012-12-20,52.380001,52.380001,51.349998,52.110001,40.927853,2302700
2012-12-21,51.669998,52.570000,51.490002,52.450001,41.194889,2916600
2012-12-24,52.279999,52.779999,52.250000,52.419998,41.171329,842700
2012-12-26,52.410000,52.599998,50.939999,51.400002,40.370205,1898400
2012-12-27,51.360001,51.970001,50.950001,51.779999,40.668663,1989000
2012-12-28,51.459999,52.900002,51.110001,52.160000,40.967106,2669300
2012-12-31,52.070000,53.549999,52.070000,53.500000,42.019581,3353900
2013-01-02,53.689999,54.230000,52.720001,53.630001,42.121677,5630300
2013-01-03,55.520000,55.849998,54.730000,55.270000,43.409760,4970800
2013-01-04,55.490002,55.779999,54.669998,54.730000,42.985626,2776300
2013-01-07,54.639999,54.759998,53.830002,54.430000,42.750008,1878700
2013-01-08,54.389999,54.549999,53.790001,53.910000,42.341591,1497600
2013-01-09,54.020000,54.619999,53.930000,54.040001,42.443695,1863400
2013-01-10,54.139999,55.200001,53.560001,54.880001,43.103443,2094700
2013-01-11,54.910000,55.009998,53.790001,53.840000,42.286610,2546000
2013-01-14,53.880001,54.139999,53.279999,53.830002,42.278759,1325500
2013-01-15,53.540001,55.450001,53.410000,55.410000,43.519703,2921300
2013-01-16,55.549999,56.040001,55.160000,55.950001,43.943825,2386800
2013-01-17,56.009998,56.330002,55.580002,55.650002,43.708206,1216400
2013-01-18,55.610001,55.750000,55.119999,55.520000,43.606106,1254100
2013-01-22,55.439999,55.470001,54.830002,55.380001,43.496147,1695400
2013-01-23,55.200001,55.529999,54.950001,55.330002,43.456879,1368000
2013-01-24,55.500000,56.299999,55.200001,55.669998,43.723907,1080400
2013-01-25,56.150002,56.279999,55.450001,56.049999,44.022373,1221600
2013-01-28,55.939999,55.939999,55.130001,55.529999,43.613956,1211800
2013-01-29,55.529999,56.110001,55.070000,55.680000,43.731773,1618300
2013-01-30,55.680000,55.910000,55.349998,55.590000,43.661087,1430000
2013-01-31,55.540001,55.820000,55.189999,55.230000,43.378330,1318300
2013-02-01,55.660000,55.779999,54.910000,55.119999,43.291935,2187300
2013-02-04,54.970001,55.160000,54.380001,54.500000,42.804989,1382800
2013-02-05,54.919998,55.430000,54.709999,55.110001,43.284092,1929100
2013-02-06,55.130001,55.490002,54.910000,55.270000,43.409760,1797200
2013-02-07,55.820000,55.970001,54.380001,54.910000,43.127003,2052100
2013-02-08,55.000000,55.849998,55.000000,55.820000,43.841732,1605300
2013-02-11,55.570000,55.720001,55.110001,55.369999,43.488289,1297300
2013-02-12,55.549999,55.599998,54.889999,54.980000,43.181980,1642200
2013-02-13,55.000000,55.520000,55.000000,55.220001,43.370480,1235200
2013-02-14,55.049999,55.480000,54.529999,55.250000,43.394043,1091300
2013-02-15,55.200001,56.080002,54.779999,55.400002,43.511856,1622700
2013-02-19,55.639999,56.660000,55.099998,56.470001,44.352238,2618200
2013-02-20,56.349998,56.410000,55.080002,55.150002,43.315498,1816000
2013-02-21,55.090000,55.360001,54.320000,54.520000,42.820694,3136600
2013-02-22,54.730000,55.389999,53.570000,53.990002,42.404427,4002300
2013-02-25,54.180000,54.189999,52.689999,52.700001,41.391251,3031800
2013-02-26,53.009998,53.360001,52.470001,52.529999,41.257729,2790300
2013-02-27,52.439999,54.000000,52.439999,53.900002,42.333740,2433400
2013-02-28,54.099998,54.590000,53.990002,54.220001,42.585068,2392500
2013-03-01,54.029999,54.240002,53.680000,54.070000,42.467255,2316500
2013-03-04,53.980000,54.330002,53.650002,53.820000,42.270905,1860700
2013-03-05,54.060001,54.520000,54.049999,54.369999,42.702877,1991200
2013-03-06,54.369999,54.520000,54.189999,54.380001,42.710743,1656600
2013-03-07,54.070000,54.189999,53.900002,53.990002,42.639652,1132600
2013-03-08,54.200001,54.830002,53.939999,54.720001,43.216194,1008200
2013-03-11,54.619999,54.669998,54.209999,54.270000,42.860779,1467100
2013-03-12,54.299999,54.439999,53.900002,53.950001,42.608063,1491100
2013-03-13,54.040001,54.320000,53.880001,54.290001,42.876587,3130000
2013-03-14,54.520000,54.660000,54.180000,54.290001,42.876587,1631700
2013-03-15,54.070000,54.250000,53.639999,53.990002,42.639652,2407300
2013-03-18,53.490002,53.869999,53.380001,53.490002,42.244770,1275800
2013-03-19,53.560001,53.560001,52.160000,52.450001,41.423409,2869100
2013-03-20,52.810001,53.270000,52.560001,53.150002,41.976257,2730400
2013-03-21,52.889999,53.189999,52.779999,52.900002,41.778805,1576400
2013-03-22,53.099998,53.570000,52.980000,53.320000,42.110508,1237400
2013-03-25,53.439999,53.919998,53.360001,53.799999,42.489597,1720300
2013-03-26,53.820000,54.290001,53.590000,54.279999,42.868683,1996000
2013-03-27,54.029999,54.560001,53.919998,54.500000,43.042442,1397500
2013-03-28,54.520000,55.290001,54.430000,55.230000,43.618965,1842700
2013-04-01,55.070000,55.209999,54.330002,54.450001,43.002949,1419800
2013-04-02,54.750000,55.000000,54.360001,54.990002,43.429428,1042400
2013-04-03,55.000000,55.490002,54.509998,54.700001,43.200382,1936400
2013-04-04,54.680000,55.529999,54.680000,55.470001,43.808521,1117500
2013-04-05,54.840000,55.610001,54.650002,55.459999,43.800617,1563300
2013-04-08,55.250000,55.689999,54.950001,55.299999,43.674255,1340600
2013-04-09,55.330002,55.480000,54.410000,54.840000,43.310959,1651600
2013-04-10,55.029999,55.810001,54.939999,55.810001,44.077026,1427500
2013-04-11,55.919998,57.759998,55.880001,57.040001,45.048454,2432600
2013-04-12,56.750000,57.180000,56.480000,56.820000,44.874702,1492000
2013-04-15,56.500000,56.590000,55.130001,55.130001,43.539993,1568700
2013-04-16,55.380001,56.220001,55.009998,56.169998,44.361343,1798400
2013-04-17,55.959999,56.009998,54.810001,55.389999,43.745331,1682000
2013-04-18,55.480000,55.610001,54.500000,54.820000,43.295166,1411600
2013-04-19,54.880001,55.150002,54.570000,54.900002,43.358349,1673400
2013-04-22,55.049999,55.310001,54.680000,55.139999,43.547901,1101600
2013-04-23,55.240002,55.549999,54.619999,55.189999,43.587368,1307500
2013-04-24,55.299999,55.770000,55.080002,55.259998,43.642662,1113100
2013-04-25,55.360001,56.570000,55.200001,56.450001,44.582485,1842600
2013-04-26,56.490002,56.750000,56.189999,56.709999,44.787830,819900
2013-04-29,56.779999,56.910000,56.470001,56.540001,44.653564,866000
2013-04-30,56.450001,56.630001,56.029999,56.590000,44.693050,1021500
2013-05-01,56.480000,56.570000,55.980000,56.150002,44.345558,1229600
2013-05-02,56.110001,57.029999,56.110001,57.029999,45.040554,1199300
2013-05-03,57.450001,58.419998,57.380001,58.209999,45.972481,1213100
2013-05-06,58.180000,58.439999,57.700001,58.090000,45.877712,1266900
2013-05-07,58.000000,58.660000,57.740002,58.590000,46.272587,1304600
2013-05-08,58.599998,59.009998,58.290001,59.000000,46.596397,1240800
2013-05-09,58.919998,59.060001,58.040001,58.490002,46.193611,2020900
2013-05-10,58.610001,59.299999,58.610001,59.169998,46.730659,1549400
2013-05-13,59.189999,60.560001,59.029999,60.490002,47.773148,2854100
2013-05-14,60.410000,61.240002,60.160000,61.240002,48.365482,2365900
2013-05-15,61.410000,61.810001,60.889999,61.439999,48.523430,2005000
2013-05-16,61.389999,61.799999,60.919998,61.130001,48.278599,3264600
2013-05-17,58.869999,60.889999,58.750000,60.680000,47.923206,4493300
2013-05-20,60.500000,60.860001,60.160000,60.480000,47.765255,2197900
2013-05-21,60.419998,61.060001,60.250000,60.709999,47.946896,1453500
2013-05-22,60.860001,61.490002,59.939999,60.160000,47.512531,1371000
2013-05-23,59.840000,60.410000,59.619999,60.160000,47.512531,1357500
2013-05-24,59.869999,60.020000,59.439999,59.869999,47.283497,1027400
2013-05-28,60.509998,60.889999,59.779999,59.959999,47.354576,1065000
2013-05-29,59.389999,59.529999,58.959999,59.259998,47.037079,661800
2013-05-30,59.400002,59.790001,59.070000,59.139999,46.941841,662100
2013-05-31,59.119999,60.020000,58.820000,58.820000,46.687836,1203500
2013-06-03,58.939999,59.340000,58.439999,59.330002,47.092648,1057900
2013-06-04,59.180000,59.590000,59.110001,59.389999,47.140263,1467900
2013-06-05,59.099998,59.209999,57.980000,58.020000,46.052845,1421200
2013-06-06,58.130001,58.549999,57.759998,58.439999,46.386208,1081400
2013-06-07,58.830002,59.580002,58.650002,59.520000,47.243454,920200
2013-06-10,59.560001,59.840000,59.139999,59.419998,47.164074,836500
2013-06-11,58.840000,59.500000,58.730000,58.959999,46.798958,538600
2013-06-12,59.200001,59.340000,58.150002,58.240002,46.227467,710800
2013-06-13,58.330002,59.619999,58.209999,59.459999,47.195824,1023900
2013-06-14,59.380001,59.610001,58.549999,58.939999,46.783092,1094100
2013-06-17,59.279999,59.500000,58.820000,59.090000,46.902149,1050400
2013-06-18,59.230000,59.709999,59.040001,59.639999,47.338707,659200
2013-06-19,59.630001,59.799999,58.869999,58.900002,46.751343,853700
2013-06-20,58.430000,58.540001,57.650002,57.759998,45.846462,1201600
2013-06-21,58.299999,58.630001,57.500000,58.200001,46.195728,1577000
2013-06-24,57.490002,57.980000,57.070000,57.450001,45.600403,869200
2013-06-25,57.900002,58.970001,57.900002,58.669998,46.568775,1097600
2013-06-26,59.080002,59.509998,58.650002,59.400002,47.148205,1081400
2013-06-27,59.650002,59.919998,58.980000,59.560001,47.275204,954500
2013-06-28,59.480000,60.200001,59.299999,59.939999,47.576820,1658200
2013-07-01,60.279999,61.430000,60.049999,61.209999,48.584869,1652500
2013-07-02,61.209999,61.540001,60.439999,60.720001,48.195946,1088700
2013-07-03,60.430000,61.130001,60.430000,61.029999,48.442005,553800
2013-07-05,61.419998,62.099998,60.959999,62.040001,49.243683,711700
2013-07-08,62.290001,63.110001,62.290001,62.610001,49.696114,1414400
2013-07-09,63.139999,63.330002,62.490002,62.669998,49.743736,1417200
2013-07-10,62.660000,62.900002,61.919998,62.590000,49.680237,1314000
2013-07-11,63.160000,63.340000,62.330002,62.650002,49.727859,957200
2013-07-12,62.610001,63.150002,61.779999,62.259998,49.418308,1732200
2013-07-15,62.310001,62.700001,62.000000,62.090000,49.283375,1217300
2013-07-16,62.220001,62.459999,61.900002,62.020000,49.227806,1311000
2013-07-17,62.119999,62.459999,61.279999,61.619999,48.910301,1149400
2013-07-18,61.680000,61.950001,61.419998,61.610001,48.902370,1059800
2013-07-19,61.930000,61.939999,61.009998,61.560001,48.862682,1802400
2013-07-22,61.770000,62.250000,61.380001,62.070000,49.267506,697100
2013-07-23,61.730000,61.900002,61.169998,61.509998,48.822998,1487500
2013-07-24,61.680000,61.720001,61.080002,61.459999,48.783306,828700
2013-07-25,61.369999,61.520000,61.040001,61.439999,48.767426,763700
2013-07-26,61.130001,61.529999,60.570000,61.520000,48.830940,593000
2013-07-29,61.340000,61.849998,61.270000,61.630001,48.918243,804700
2013-07-30,61.730000,61.970001,61.139999,61.270000,48.632500,1076000
2013-07-31,61.500000,61.840000,61.139999,61.240002,48.608692,1091400
2013-08-01,61.849998,62.299999,61.779999,62.169998,49.346859,1230800
2013-08-02,62.020000,62.130001,61.720001,61.990002,49.204002,744400
2013-08-05,61.910000,62.160000,61.689999,62.070000,49.267506,712800
2013-08-06,61.740002,61.810001,59.759998,59.810001,47.473637,2836800
2013-08-07,59.610001,59.610001,58.639999,58.900002,46.751343,2031600
2013-08-08,59.169998,60.099998,58.799999,59.599998,47.306950,1607100
2013-08-09,59.520000,59.669998,58.770000,58.790001,46.664021,1836700
2013-08-12,58.680000,60.910000,58.500000,60.790001,48.251503,3641400
2013-08-13,60.360001,60.450001,59.240002,60.180000,47.767319,3062800
2013-08-14,59.520000,59.720001,59.160000,59.540001,47.259323,1932400
2013-08-15,59.270000,59.980000,58.939999,59.330002,47.092648,3472800
2013-08-16,57.799999,58.220001,56.299999,56.430000,44.790791,5334600
2013-08-19,56.200001,56.959999,56.119999,56.259998,44.655853,1806500
2013-08-20,56.450001,57.330002,56.450001,57.099998,45.322598,1644800
2013-08-21,56.889999,57.230000,56.430000,56.750000,45.044781,1465600
2013-08-22,56.759998,57.450001,56.400002,57.169998,45.378155,1502500
2013-08-23,57.220001,57.450001,56.470001,57.279999,45.465477,1459800
2013-08-26,57.490002,57.930000,57.220001,57.299999,45.481354,1829000
2013-08-27,56.720001,57.110001,56.529999,56.619999,44.941608,1680400
2013-08-28,56.610001,57.259998,56.349998,56.529999,44.870174,1038800
2013-08-29,56.250000,56.360001,55.889999,55.980000,44.670670,1339800
2013-08-30,56.090000,56.119999,55.560001,55.730000,44.471180,994900
2013-09-03,56.290001,56.560001,55.380001,55.490002,44.279659,1421500
2013-09-04,55.630001,56.250000,55.630001,56.119999,44.782387,1429000
2013-09-05,56.080002,56.520000,56.040001,56.189999,44.838249,1169900
2013-09-06,56.320000,56.320000,55.340000,55.919998,44.622791,1191000
2013-09-09,56.660000,56.849998,56.090000,56.580002,45.149464,1229100
2013-09-10,56.919998,57.189999,56.560001,57.099998,45.564404,1303100
2013-09-11,57.070000,57.369999,56.799999,57.220001,45.660175,1382200
2013-09-12,57.040001,57.380001,56.790001,57.029999,45.508545,1684300
2013-09-13,57.299999,57.490002,56.849998,57.279999,45.708042,1018500
2013-09-16,57.860001,58.549999,57.770000,57.980000,46.266617,1346900
2013-09-17,58.180000,58.580002,58.009998,58.180000,46.426224,623600
2013-09-18,58.250000,58.299999,57.240002,58.029999,46.306522,2115100
2013-09-19,57.930000,58.070000,57.439999,57.549999,45.923496,1695300
2013-09-20,57.610001,57.709999,56.720001,57.000000,45.484612,2552000
2013-09-23,56.970001,57.040001,56.400002,56.630001,45.189362,1635800
2013-09-24,56.549999,56.750000,56.290001,56.410000,45.013809,1926600
2013-09-25,56.799999,56.849998,55.700001,55.810001,44.535019,2878300
2013-09-26,55.930000,56.689999,55.889999,56.580002,45.149464,1911400
2013-09-27,56.349998,56.529999,56.110001,56.450001,45.045727,1618300
2013-09-30,55.919998,56.270000,55.860001,56.200001,44.846230,1814500
2013-10-01,55.970001,56.349998,55.790001,55.950001,44.646732,2167200
2013-10-02,55.720001,57.340000,55.509998,56.799999,45.325020,2838200
2013-10-03,56.730000,57.009998,56.290001,56.840000,45.356930,1559400
2013-10-04,56.910000,57.349998,56.639999,57.130001,45.588352,1338800
2013-10-07,56.610001,56.889999,56.320000,56.639999,45.197342,1884700
2013-10-08,56.660000,56.880001,55.599998,55.619999,44.383408,1654200
2013-10-09,55.740002,56.230000,55.500000,55.770000,44.503101,1630600
2013-10-10,56.400002,56.820000,56.060001,56.730000,45.269154,1892700
2013-10-11,56.459999,56.880001,56.189999,56.840000,45.356930,1671800
2013-10-14,56.619999,57.080002,56.470001,56.930000,45.428753,1004600
2013-10-15,56.720001,57.259998,56.470001,56.939999,45.436729,1834200
2013-10-16,57.250000,58.240002,57.070000,58.209999,46.450165,1868100
2013-10-17,58.090000,58.830002,58.090000,58.650002,46.801273,1298300
2013-10-18,58.869999,58.959999,58.240002,58.740002,46.873085,981700
2013-10-21,58.869999,58.900002,58.349998,58.840000,46.952885,812900
2013-10-22,58.869999,59.380001,58.590000,59.029999,47.104496,842600
2013-10-23,58.869999,59.220001,58.490002,58.869999,46.976822,620300
2013-10-24,58.910000,59.299999,58.750000,59.080002,47.144398,1212400
2013-10-25,59.209999,59.490002,58.980000,59.270000,47.296017,833000
2013-10-28,59.139999,60.480000,58.910000,60.150002,47.998234,1512700
2013-10-29,60.310001,60.849998,59.849998,60.459999,48.245602,1158300
2013-10-30,60.570000,61.240002,60.070000,60.380001,48.181763,1072300
2013-10-31,60.270000,60.700001,59.910000,60.470001,48.253586,993100
2013-11-01,60.520000,60.700001,59.759998,59.970001,47.854595,1012100
2013-11-04,60.080002,60.570000,60.009998,60.459999,48.245602,1196800
2013-11-05,60.439999,60.669998,59.830002,60.340000,48.149849,705900
2013-11-06,60.480000,60.919998,60.160000,60.509998,48.285507,1120000
2013-11-07,60.759998,61.400002,60.169998,60.320000,48.133892,1226000
2013-11-08,60.220001,61.430000,60.139999,61.020000,48.692467,1331100
2013-11-11,60.820000,62.060001,60.639999,61.840000,49.346809,1661700
2013-11-12,61.959999,62.610001,61.509998,61.820000,49.330853,2601600
2013-11-13,62.779999,63.599998,62.770000,63.380001,50.575691,3679500
2013-11-14,63.189999,63.720001,62.439999,63.430000,50.615593,3057900
2013-11-15,62.410000,63.349998,62.130001,62.799999,50.112873,3027600
2013-11-18,63.020000,63.040001,62.240002,62.480000,49.857510,1954700
2013-11-19,62.279999,62.910000,61.820000,61.869999,49.370747,2123000
2013-11-20,62.130001,62.529999,61.639999,61.759998,49.282974,1249000
2013-11-21,61.630001,62.270000,61.630001,62.139999,49.586208,927700
2013-11-22,61.930000,62.250000,61.810001,62.099998,49.554291,1180900
2013-11-25,62.270000,62.790001,62.040001,62.549999,49.913376,1104000
2013-11-26,62.790001,63.400002,62.570000,62.900002,50.192665,1335700
2013-11-27,62.750000,63.169998,62.430000,62.709999,50.280869,1181900
2013-11-29,62.930000,62.950001,62.090000,62.209999,49.879963,586200
2013-12-02,62.090000,62.560001,61.750000,61.790001,49.543205,1147800
2013-12-03,61.660000,62.330002,61.119999,61.869999,49.607349,1018000
2013-12-04,61.340000,61.689999,60.930000,61.349998,49.190414,1203000
2013-12-05,61.310001,61.330002,60.779999,61.049999,48.949875,855800
2013-12-06,61.389999,61.500000,60.180000,60.360001,48.396637,1730100
2013-12-09,60.540001,60.980000,60.419998,60.700001,48.669250,1230600
2013-12-10,60.639999,61.310001,60.529999,61.270000,49.126270,1374400
2013-12-11,61.220001,61.580002,60.650002,60.790001,48.741405,1544500
2013-12-12,60.790001,61.139999,60.189999,60.369999,48.404648,1146000
2013-12-13,60.320000,60.849998,60.070000,60.090000,48.180153,1046400
2013-12-16,60.259998,60.770000,60.230000,60.549999,48.548977,826400
2013-12-17,60.939999,60.950001,59.790001,59.830002,47.971680,1427500
2013-12-18,59.830002,60.360001,59.310001,60.340000,48.380592,1614600
2013-12-19,60.320000,60.590000,60.000000,60.240002,48.300419,841000
2013-12-20,60.410000,61.610001,60.360001,61.189999,49.062122,2002600
2013-12-23,61.340000,61.869999,61.240002,61.540001,49.342758,1124800
2013-12-24,61.480000,61.810001,61.070000,61.599998,49.390869,576600
2013-12-26,61.720001,62.000000,61.580002,61.610001,49.398880,609600
2013-12-27,61.049999,61.750000,61.049999,61.419998,49.246548,527400
2013-12-30,61.430000,62.090000,61.430000,61.849998,49.591312,650700
2013-12-31,61.889999,62.139999,61.669998,61.799999,49.551231,692300
2014-01-02,61.669998,62.200001,61.340000,61.950001,49.671497,1177800
2014-01-03,61.950001,62.560001,61.730000,62.169998,49.847885,807000
2014-01-06,62.250000,62.310001,61.250000,61.410000,49.238518,1693200
2014-01-07,61.480000,61.919998,60.290001,60.759998,48.717354,1911200
2014-01-08,60.750000,60.750000,59.680000,60.490002,48.500866,1922900
2014-01-09,60.709999,61.610001,60.389999,61.490002,49.302670,2069800
2014-01-10,61.259998,61.560001,60.590000,61.110001,48.997982,1181800
2014-01-13,60.849998,61.139999,59.330002,59.490002,47.699074,1488000
2014-01-14,59.480000,60.270000,59.480000,59.750000,47.907532,1575400
2014-01-15,59.680000,60.900002,59.680000,60.869999,48.805569,1488400
2014-01-16,60.639999,60.720001,59.880001,60.110001,48.196186,1285300
2014-01-17,59.919998,60.549999,59.650002,59.930000,48.051857,1932800
2014-01-21,60.209999,60.340000,59.259998,59.660000,47.835381,1301800
2014-01-22,60.000000,60.029999,59.220001,59.400002,47.626915,1098500
2014-01-23,59.000000,59.099998,58.400002,59.060001,47.354290,1086800
2014-01-24,58.660000,58.900002,58.160000,58.160000,46.632675,1204900
2014-01-27,58.189999,58.650002,57.730000,57.820000,46.360065,1413400
2014-01-28,57.869999,58.750000,57.849998,58.230000,46.688805,1739800
2014-01-29,57.930000,58.340000,56.619999,56.700001,45.462044,2124100
2014-01-30,57.119999,57.880001,57.000000,57.330002,45.967182,1237200
2014-01-31,56.790001,57.720001,56.570000,57.450001,46.063389,1646200
2014-02-03,57.330002,57.340000,55.480000,55.709999,44.668262,1885100
2014-02-04,55.970001,56.320000,55.310001,55.380001,44.403675,2180900
2014-02-05,55.299999,57.360001,54.900002,57.099998,45.782764,3223800
2014-02-06,57.360001,59.029999,57.310001,58.700001,47.065643,1918800
2014-02-07,58.830002,59.360001,58.369999,58.790001,47.137810,1348900
2014-02-10,58.570000,58.650002,57.950001,58.549999,46.945377,1953400
2014-02-11,58.660000,59.160000,58.110001,58.919998,47.242039,1623900
2014-02-12,59.029999,59.330002,58.090000,58.259998,46.712849,1610200
2014-02-13,57.860001,58.680000,57.299999,58.560001,46.953400,1280200
2014-02-14,58.360001,58.959999,58.200001,58.470001,46.881237,873400
2014-02-18,58.849998,59.410000,58.639999,58.919998,47.242039,1751300
2014-02-19,58.470001,59.410000,57.750000,58.880001,47.209980,1532200
2014-02-20,58.880001,59.680000,58.869999,59.439999,47.658981,2680300
2014-02-21,58.439999,59.970001,58.259998,59.240002,47.498627,4675700
2014-02-24,59.490002,59.840000,58.599998,58.610001,46.993484,2854000
2014-02-25,58.669998,59.490002,58.610001,59.230000,47.490593,2406700
2014-02-26,59.470001,61.250000,59.330002,60.919998,48.845646,2240700
2014-02-27,60.830002,61.450001,60.689999,61.369999,49.206451,1786800
2014-02-28,61.299999,61.669998,61.049999,61.480000,49.294647,1878600
2014-03-03,60.779999,61.439999,60.599998,61.209999,49.078159,1494800
2014-03-04,61.730000,62.160000,61.509998,61.650002,49.430958,1445700
2014-03-05,61.610001,61.950001,61.150002,61.580002,49.374836,1511100
2014-03-06,61.270000,61.869999,60.970001,61.580002,49.640850,1166800
2014-03-07,61.919998,62.560001,61.779999,62.410000,50.309929,1361500
2014-03-10,62.400002,62.820000,62.240002,62.630001,50.487270,1670300
2014-03-11,62.680000,63.090000,62.169998,62.279999,50.205135,1570100
2014-03-12,62.290001,62.360001,61.779999,62.200001,50.140644,1093000
2014-03-13,62.299999,62.790001,61.470001,61.509998,49.584427,1447700
2014-03-14,61.439999,62.220001,61.250000,61.330002,49.439323,1526200
2014-03-17,61.650002,62.439999,61.639999,62.090000,50.051971,1289800
2014-03-18,61.980000,62.549999,61.980000,62.410000,50.309929,1092300
2014-03-19,62.310001,62.730000,61.799999,62.180000,50.124516,1096000
2014-03-20,61.990002,62.490002,61.860001,62.360001,50.269615,897500
2014-03-21,62.849998,63.150002,62.450001,62.500000,50.382484,2000200
2014-03-24,62.520000,62.820000,61.700001,61.799999,49.818188,1321700
2014-03-25,62.320000,62.849998,62.119999,62.480000,50.366348,1733700
2014-03-26,62.570000,62.970001,61.849998,61.959999,49.947178,1749700
2014-03-27,61.959999,62.450001,61.590000,61.779999,49.802078,1505100
2014-03-28,62.009998,62.389999,61.500000,61.830002,49.842384,1203900
2014-03-31,62.209999,62.549999,61.759998,62.450001,50.342178,1205000
2014-04-01,62.459999,63.430000,62.369999,62.889999,50.696861,1444700
2014-04-02,62.860001,63.939999,62.860001,63.630001,51.293392,1380400
2014-04-03,63.630001,64.190002,63.090000,63.369999,51.083801,1768100
2014-04-04,63.720001,64.180000,63.380001,63.470001,51.164413,1834800
2014-04-07,63.340000,63.419998,61.570000,61.759998,49.785950,1316300
2014-04-08,61.680000,62.830002,61.320000,62.560001,50.430847,1559900
2014-04-09,62.730000,62.900002,62.040001,62.830002,50.648506,1066800
2014-04-10,62.869999,62.880001,61.509998,61.520000,49.592487,1173800
2014-04-11,60.930000,61.529999,60.250000,60.459999,48.737999,2256900
2014-04-14,61.070000,61.209999,59.970001,60.520000,48.786354,1161800
2014-04-15,60.740002,61.290001,60.259998,60.980000,49.157181,1084700
2014-04-16,61.459999,61.750000,61.110001,61.459999,49.544121,788100
2014-04-17,61.320000,61.400002,59.970001,60.840000,49.044323,2254900
2014-04-21,60.650002,60.900002,60.389999,60.570000,48.826675,1146300
2014-04-22,60.540001,61.200001,60.240002,60.820000,49.028194,1013900
2014-04-23,60.840000,61.910000,60.759998,61.889999,49.890751,1521300
2014-04-24,62.000000,62.430000,61.820000,62.029999,50.003601,1125900
2014-04-25,61.849998,62.009998,61.360001,61.480000,49.560226,987900
2014-04-28,61.939999,62.480000,61.560001,62.410000,50.309929,1484400
2014-04-29,62.380001,62.520000,61.810001,62.169998,50.116455,646500
2014-04-30,61.209999,61.689999,60.709999,61.279999,49.399021,1776400
2014-05-01,61.470001,61.799999,61.040001,61.500000,49.576363,820000
2014-05-02,62.090000,62.799999,61.610001,62.020000,49.995548,1079100
2014-05-05,61.590000,61.799999,61.080002,61.529999,49.600544,681700
2014-05-06,61.259998,61.660000,60.410000,60.619999,48.866978,1177200
2014-05-07,60.689999,60.889999,60.200001,60.669998,48.907280,1118900
2014-05-08,60.549999,62.360001,60.549999,61.279999,49.399021,987000
2014-05-09,61.189999,61.750000,60.880001,61.470001,49.552174,1084700
2014-05-12,61.860001,63.000000,61.860001,62.759998,50.592072,1467300
2014-05-13,62.840000,63.299999,62.340000,62.619999,50.479210,1723200
2014-05-14,62.680000,62.849998,61.770000,61.880001,49.882690,1288800
2014-05-15,61.599998,61.799999,60.509998,61.490002,49.568298,2818700
2014-05-16,67.010002,70.709999,66.750000,70.550003,56.871750,8392800
2014-05-19,69.919998,70.000000,68.059998,68.419998,55.154705,4602700
2014-05-20,68.239998,68.260002,67.070000,67.459999,54.380829,2899800
2014-05-21,67.760002,68.250000,66.860001,67.510002,54.421139,1500200
2014-05-22,67.570000,68.489998,67.370003,67.529999,54.437267,1649500
2014-05-23,67.580002,69.410004,67.360001,67.849998,54.695221,2070000
2014-05-27,67.949997,68.199997,67.510002,67.919998,54.751667,1462900
2014-05-28,67.629997,67.790001,66.730003,67.449997,54.638237,1682400
2014-05-29,67.699997,67.849998,66.940002,67.779999,54.905563,1106800
2014-05-30,67.639999,68.320000,67.639999,68.059998,55.132381,1467900
2014-06-02,68.199997,68.830002,68.139999,68.209999,55.253883,1270000
2014-06-03,67.980003,68.370003,67.760002,68.029999,55.108074,1111200
2014-06-04,67.940002,68.570000,67.709999,68.290001,55.318676,1385300
2014-06-05,68.209999,68.500000,67.449997,68.320000,55.342983,1256000
2014-06-06,68.449997,69.230003,68.449997,68.790001,55.723721,811200
2014-06-09,68.949997,69.540001,68.580002,68.650002,55.610313,890800
2014-06-10,68.379997,68.860001,68.370003,68.570000,55.545502,909600
2014-06-11,68.080002,68.500000,67.690002,67.910004,55.010876,908300
2014-06-12,67.989998,68.129997,67.019997,67.269997,54.492424,821700
2014-06-13,67.459999,68.110001,67.260002,67.889999,54.994663,942400
2014-06-16,67.699997,68.209999,67.459999,67.860001,54.970364,1288300
2014-06-17,67.910004,68.220001,67.459999,67.800003,54.921761,947800
2014-06-18,67.839996,68.410004,67.580002,68.300003,55.326786,1083300
2014-06-19,68.300003,68.559998,68.070000,68.360001,55.375397,972600
2014-06-20,68.540001,68.540001,67.849998,68.089996,55.156677,1714300
2014-06-23,67.779999,68.000000,67.620003,67.730003,54.865059,1139600
2014-06-24,67.669998,68.339996,67.519997,67.849998,54.962261,1280200
2014-06-25,67.639999,68.040001,67.330002,67.510002,54.686844,763400
2014-06-26,67.370003,67.680000,66.720001,67.629997,54.784058,1157500
2014-06-27,67.629997,68.250000,67.629997,67.989998,55.075668,876300
2014-06-30,67.849998,68.150002,67.660004,67.930000,55.027061,853600
2014-07-01,68.190002,68.830002,67.889999,68.690002,55.642727,838000
2014-07-02,68.389999,69.000000,68.300003,68.589996,55.561707,1081900
2014-07-03,68.690002,69.459999,68.690002,69.290001,56.128738,641900
2014-07-07,68.919998,69.599998,68.839996,69.410004,56.225948,811600
2014-07-08,69.370003,69.879997,68.919998,69.800003,56.541889,1295000
2014-07-09,69.830002,70.559998,69.589996,70.139999,56.817280,1374500
2014-07-10,69.260002,69.669998,69.099998,69.180000,56.039646,805500
2014-07-11,69.000000,69.370003,68.370003,68.750000,55.691319,1025000
2014-07-14,69.120003,69.279999,68.709999,68.760002,55.699413,1365100
2014-07-15,68.500000,68.739998,68.000000,68.050003,55.124283,1184900
2014-07-16,68.250000,68.330002,67.629997,68.160004,55.213390,940600
2014-07-17,67.790001,68.010002,67.300003,67.400002,54.597740,783600
2014-07-18,67.650002,68.019997,67.349998,67.980003,55.067577,999200
2014-07-21,67.779999,68.129997,67.400002,67.629997,54.784058,779700
2014-07-22,67.739998,68.000000,67.669998,67.739998,54.873150,770000
2014-07-23,67.870003,68.129997,67.680000,67.760002,54.889370,949400
2014-07-24,67.989998,69.220001,67.989998,68.760002,55.699413,787900
2014-07-25,68.489998,68.870003,68.029999,68.080002,55.148586,714700
2014-07-28,68.190002,69.190002,68.000000,68.989998,55.885727,1086800
2014-07-29,68.989998,69.389999,68.860001,68.900002,55.812832,866900
2014-07-30,69.110001,70.250000,68.930000,70.190002,56.857796,949900
2014-07-31,69.680000,70.190002,69.190002,69.230003,56.080135,1046700
2014-08-01,68.440002,69.400002,68.440002,68.949997,55.853313,1101200
2014-08-04,68.949997,69.779999,68.730003,69.550003,56.339367,837000
2014-08-05,69.129997,69.349998,68.389999,68.639999,55.602207,1085600
2014-08-06,68.360001,69.680000,68.360001,69.339996,56.169239,1026500
2014-08-07,69.540001,69.790001,68.430000,68.599998,55.569794,1054100
2014-08-08,69.019997,69.989998,68.599998,69.940002,56.655281,1361300
2014-08-11,70.000000,70.129997,68.820000,69.160004,56.023441,1673700
2014-08-12,69.370003,69.570000,68.570000,68.709999,55.658916,1480800
2014-08-13,68.040001,68.180000,66.900002,68.120003,55.180984,2691300
2014-08-14,68.300003,68.709999,67.760002,68.690002,55.642727,2820300
2014-08-15,65.550003,66.489998,64.919998,65.110001,52.742710,6070400
2014-08-18,65.580002,66.150002,65.470001,66.120003,53.560863,1830500
2014-08-19,66.190002,67.610001,66.190002,67.470001,54.654442,1542300
2014-08-20,67.470001,68.599998,67.180000,68.389999,55.399693,1399700
2014-08-21,68.400002,69.160004,68.260002,68.930000,55.837128,1298900
2014-08-22,69.169998,69.660004,68.860001,69.449997,56.258350,1380500
2014-08-25,69.760002,69.889999,69.449997,69.760002,56.509476,904300
2014-08-26,69.750000,70.559998,69.500000,70.209999,56.874004,1293400
2014-08-27,70.320000,70.489998,69.809998,70.010002,56.711983,986800
2014-08-28,69.199997,70.050003,68.849998,69.639999,56.679436,858300
2014-08-29,69.709999,69.870003,69.190002,69.250000,56.362015,920000
2014-09-02,69.300003,69.849998,68.669998,69.150002,56.280624,1390700
2014-09-03,69.180000,70.000000,68.889999,69.639999,56.679436,1181000
2014-09-04,71.000000,71.449997,70.410004,70.430000,57.322407,1833500
2014-09-05,70.099998,70.639999,69.419998,70.629997,57.485165,1561200
2014-09-08,70.410004,70.660004,69.629997,69.980003,56.956154,1309000
2014-09-09,69.750000,69.820000,69.269997,69.349998,56.443405,1328200
2014-09-10,69.260002,69.410004,68.529999,68.769997,55.971329,1273900
2014-09-11,68.589996,69.040001,68.529999,68.970001,56.134121,961300
2014-09-12,69.040001,69.320000,68.699997,69.080002,56.223644,1036900
2014-09-15,68.919998,69.220001,68.620003,68.910004,56.085293,705300
2014-09-16,68.680000,69.989998,68.680000,69.489998,56.557346,988200
2014-09-17,69.639999,69.720001,69.129997,69.370003,56.459698,1137300
2014-09-18,69.440002,69.650002,69.160004,69.269997,56.378284,697900
2014-09-19,69.629997,69.660004,69.019997,69.379997,56.467819,1315700
2014-09-22,69.300003,69.449997,68.279999,68.330002,55.613232,1124900
2014-09-23,68.059998,68.459999,67.620003,67.660004,55.067921,1317200
2014-09-24,67.769997,69.199997,67.750000,69.169998,56.296886,1008600
2014-09-25,69.019997,69.440002,68.320000,68.410004,55.678337,893900
2014-09-26,68.580002,69.220001,68.449997,68.940002,56.109695,967900
2014-09-29,68.459999,68.949997,68.260002,68.660004,55.881824,1007900
2014-09-30,68.580002,68.730003,67.879997,68.370003,55.645786,1273900
2014-10-01,68.360001,68.360001,66.080002,67.580002,55.002815,1985200
2014-10-02,67.500000,69.019997,67.449997,68.830002,56.020172,1406300
2014-10-03,69.230003,70.470001,69.080002,70.290001,57.208462,1813600
2014-10-06,70.430000,70.699997,69.919998,69.940002,56.923595,2171100
2014-10-07,69.580002,69.830002,68.940002,69.300003,56.402702,1304300
2014-10-08,69.349998,70.720001,68.970001,70.650002,57.501469,1562700
2014-10-09,70.290001,71.080002,69.750000,69.820000,56.825924,2071100
2014-10-10,69.900002,71.059998,69.669998,70.040001,57.004982,1461900
2014-10-13,69.730003,70.500000,68.980003,69.040001,56.191090,1316900
2014-10-14,69.309998,70.160004,69.029999,69.809998,56.817791,2230300
2014-10-15,68.930000,69.070000,66.809998,68.510002,55.759727,2828700
2014-10-16,67.419998,68.709999,66.919998,68.330002,55.613232,2170400
2014-10-17,68.709999,69.519997,67.650002,68.980003,56.142254,1770800
2014-10-20,68.709999,70.209999,68.550003,70.059998,57.021252,1152000
2014-10-21,70.699997,71.750000,70.320000,71.629997,58.299068,1451100
2014-10-22,71.589996,72.389999,70.959999,71.040001,57.818886,1162000
2014-10-23,71.540001,72.250000,71.349998,71.769997,58.413021,1240100
2014-10-24,71.470001,71.610001,70.690002,71.199997,57.949093,1266500
2014-10-27,71.250000,71.790001,70.779999,71.680000,58.339764,894400
2014-10-28,70.910004,71.400002,70.220001,71.260002,57.997944,1174300
2014-10-29,71.260002,71.949997,70.919998,71.379997,58.095600,930000
2014-10-30,71.309998,72.930000,71.199997,72.410004,58.933914,1154300
2014-10-31,73.300003,73.739998,72.290001,72.610001,59.096684,1253600
2014-11-03,72.599998,72.720001,72.000000,72.540001,59.039707,960600
2014-11-04,72.080002,72.389999,71.440002,72.029999,58.624634,1562400
2014-11-05,72.510002,72.739998,71.959999,72.260002,58.811836,943600
2014-11-06,72.449997,73.940002,72.260002,73.680000,59.967548,1505600
2014-11-07,73.440002,73.930000,73.070000,73.430000,59.764084,1354800
2014-11-10,73.550003,73.639999,71.820000,72.389999,58.917629,1669700
2014-11-11,72.309998,72.309998,70.349998,70.480003,57.363094,3712900
2014-11-12,70.540001,73.169998,70.209999,72.849998,59.292015,2692500
2014-11-13,72.720001,73.620003,72.360001,73.250000,59.617577,3020500
2014-11-14,74.199997,75.680000,73.680000,74.169998,60.366356,4140600
2014-11-17,73.870003,74.330002,73.089996,73.269997,59.633858,1617000
2014-11-18,73.019997,73.680000,72.690002,73.519997,59.837318,1318500
2014-11-19,73.480003,73.910004,73.010002,73.809998,60.073357,1023300
2014-11-20,73.610001,75.300003,73.480003,74.970001,61.017467,1174300
2014-11-21,75.730003,75.870003,74.930000,75.089996,61.115135,1181400
2014-11-24,75.199997,76.440002,75.089996,76.260002,62.067390,1159600
2014-11-25,76.750000,77.150002,75.790001,75.889999,61.766254,1202200
2014-11-26,75.730003,76.000000,75.250000,75.410004,61.643631,990900
2014-11-28,75.790001,77.199997,75.790001,76.360001,62.420212,565900
2014-12-01,76.070000,76.169998,75.169998,75.650002,61.839832,1053500
2014-12-02,75.830002,76.209999,75.010002,75.769997,61.937916,947300
2014-12-03,75.769997,76.510002,75.400002,76.330002,62.395672,814200
2014-12-04,75.860001,76.050003,75.300003,75.699997,61.880692,924200
2014-12-05,75.820000,75.949997,75.300003,75.550003,61.758080,676500
2014-12-08,75.169998,75.540001,74.300003,74.570000,60.956985,1218700
2014-12-09,74.000000,74.730003,73.769997,74.639999,61.014191,1264900
2014-12-10,74.739998,74.900002,73.290001,73.389999,59.992390,1495600
2014-12-11,74.059998,75.209999,73.959999,74.190002,60.646339,1220500
2014-12-12,73.910004,75.400002,73.690002,74.650002,61.022381,1032400
2014-12-15,75.059998,76.080002,74.430000,75.430000,61.659973,1625100
2014-12-16,75.269997,75.730003,74.660004,74.839996,61.177696,1536600
2014-12-17,75.000000,75.930000,74.629997,75.769997,61.937916,1153700
2014-12-18,77.029999,77.580002,76.220001,77.519997,63.368443,1080400
2014-12-19,77.860001,77.930000,76.209999,77.099998,63.025112,1897100
2014-12-22,77.160004,77.739998,76.660004,77.519997,63.368443,810400
2014-12-23,77.750000,79.000000,77.639999,78.720001,64.349380,855500
2014-12-24,78.919998,79.220001,78.120003,78.139999,63.875271,350300
2014-12-26,78.290001,78.989998,78.070000,78.169998,63.899784,413800
2014-12-29,78.250000,79.570000,78.129997,79.180000,64.725418,824400
2014-12-30,78.919998,79.300003,78.620003,78.760002,64.382072,771400
2014-12-31,79.040001,80.540001,79.040001,79.389999,64.897079,1379900
2015-01-02,79.660004,80.050003,77.599998,78.370003,64.063278,871300
2015-01-05,77.699997,77.809998,76.949997,77.279999,63.172256,1176900
2015-01-06,77.459999,78.029999,76.320000,76.790001,62.771709,1434900
2015-01-07,78.089996,79.639999,77.720001,79.419998,64.921570,1720400
2015-01-08,79.949997,80.050003,79.410004,79.779999,65.215866,1229800
2015-01-09,79.779999,79.779999,78.300003,78.500000,64.169533,972600
2015-01-12,78.379997,78.900002,78.029999,78.379997,64.071442,953300
2015-01-13,79.190002,79.570000,77.430000,77.949997,63.719944,1108100
2015-01-14,76.589996,77.320000,75.940002,77.040001,62.976063,1284400
2015-01-15,77.709999,78.199997,75.720001,75.779999,61.946091,961600
2015-01-16,75.959999,76.970001,74.870003,76.889999,62.853458,1553500
2015-01-20,77.000000,77.199997,75.220001,75.709999,61.888878,1270800
2015-01-21,75.540001,76.400002,75.489998,75.970001,62.101398,1008100
2015-01-22,76.190002,77.510002,75.980003,77.400002,63.270355,1130600
2015-01-23,77.500000,77.779999,77.000000,77.080002,63.008778,987700
2015-01-26,76.879997,78.040001,76.709999,77.989998,63.752651,1229300
2015-01-27,77.349998,79.260002,77.050003,78.720001,64.349380,1549900
2015-01-28,79.199997,79.889999,77.769997,77.860001,63.646381,1353600
2015-01-29,78.089996,78.790001,77.330002,78.269997,63.981529,1078100
2015-01-30,77.370003,77.790001,76.129997,76.199997,62.289421,1288800
2015-02-02,76.059998,76.730003,74.510002,76.570000,62.591873,1295600
2015-02-03,77.050003,78.919998,76.809998,78.889999,64.488350,1361900
2015-02-04,78.500000,79.220001,78.129997,78.900002,64.496536,1208700
2015-02-05,79.050003,79.680000,78.500000,78.760002,64.382072,944600
2015-02-06,79.059998,79.239998,78.150002,78.500000,64.169533,804800
2015-02-09,77.900002,78.709999,77.900002,78.519997,64.185890,1030500
2015-02-10,78.989998,79.379997,78.730003,79.260002,64.790802,997100
2015-02-11,79.500000,79.760002,78.720001,79.029999,64.602791,1073100
2015-02-12,79.239998,79.459999,78.580002,79.370003,64.880722,907400
2015-02-13,79.529999,79.650002,79.129997,79.410004,64.913406,708200
2015-02-17,78.250000,79.430000,78.180000,78.900002,64.496536,1502000
2015-02-18,78.779999,79.309998,77.570000,78.050003,63.801693,2080500
2015-02-19,78.279999,78.629997,76.820000,77.139999,63.057819,3920300
2015-02-20,77.669998,81.779999,77.629997,81.739998,66.818092,6839900
2015-02-23,81.709999,81.709999,80.650002,81.110001,66.303078,2049900
2015-02-24,80.940002,81.489998,80.279999,80.559998,65.853477,1243500
2015-02-25,80.480003,81.589996,80.010002,81.190002,66.674690,1505500
2015-02-26,81.129997,81.430000,80.680000,80.849998,66.395493,982300
2015-02-27,81.059998,81.720001,80.349998,80.430000,66.050583,1322900
2015-03-02,80.500000,80.889999,79.889999,80.680000,66.255882,1200600
2015-03-03,80.760002,80.889999,79.720001,79.970001,65.672813,792200
2015-03-04,79.510002,80.129997,78.989998,79.949997,65.656380,1163800
2015-03-05,80.000000,81.489998,79.750000,80.650002,66.231232,1523600
2015-03-06,80.070000,81.519997,80.029999,80.860001,66.403694,1396300
2015-03-09,80.809998,80.809998,80.000000,80.339996,65.976654,960200
2015-03-10,80.029999,80.260002,79.209999,79.440002,65.237564,1167300
2015-03-11,79.440002,79.900002,79.199997,79.269997,65.097977,666300
2015-03-12,79.500000,80.419998,79.449997,80.279999,65.927391,774800
2015-03-13,80.250000,80.550003,79.690002,80.360001,65.993103,597900
2015-03-16,80.500000,80.849998,79.470001,80.230003,65.886337,1610300
2015-03-17,80.000000,80.500000,79.779999,80.209999,65.869919,727400
2015-03-18,80.250000,80.779999,79.180000,80.489998,66.099831,959000
2015-03-19,80.550003,81.290001,80.260002,81.199997,66.682915,765500
2015-03-20,81.279999,82.419998,81.160004,82.320000,67.602676,1163700
2015-03-23,82.000000,83.160004,81.570000,81.989998,67.331680,1009000
2015-03-24,81.779999,82.339996,81.589996,81.629997,67.036041,724400
2015-03-25,81.510002,81.599998,79.849998,79.870003,65.590706,980200
2015-03-26,79.550003,79.720001,78.690002,79.139999,64.991203,1102600
2015-03-27,78.940002,80.110001,78.730003,79.730003,65.475716,676600
2015-03-30,79.940002,80.540001,79.660004,80.019997,65.713875,1052400
2015-03-31,79.699997,81.349998,79.529999,80.320000,65.960228,1168400
2015-04-01,80.230003,80.260002,79.059998,79.550003,65.327904,1009100
2015-04-02,79.550003,80.139999,79.089996,79.959999,65.664589,1105000
2015-04-06,79.650002,80.800003,79.250000,80.290001,65.935608,987400
2015-04-07,80.269997,80.760002,79.820000,79.860001,65.582474,548000
2015-04-08,79.989998,80.779999,79.750000,80.500000,66.108047,1237800
2015-04-09,80.629997,80.919998,79.680000,80.010002,65.705650,1037100
2015-04-10,80.180000,80.800003,79.940002,80.239998,65.894547,613500
2015-04-13,80.000000,80.809998,79.709999,80.050003,65.738510,770500
2015-04-14,79.820000,80.040001,78.739998,79.190002,65.032272,876600
2015-04-15,79.470001,79.940002,78.070000,78.160004,64.186401,1064900
2015-04-16,78.089996,78.690002,77.809998,78.500000,64.465622,1041000
2015-04-17,77.949997,78.110001,76.330002,76.430000,62.765713,2086800
2015-04-20,76.879997,76.900002,76.250000,76.699997,62.987427,1054100
2015-04-21,76.860001,77.820000,76.860001,77.610001,63.734749,1018300
2015-04-22,77.470001,78.029999,77.040001,78.010002,64.063232,793200
2015-04-23,78.000000,78.809998,77.959999,78.489998,64.457397,670000
2015-04-24,78.669998,78.669998,78.089996,78.160004,64.186401,589700
2015-04-27,78.500000,78.940002,77.080002,77.120003,63.332352,923400
2015-04-28,76.739998,77.669998,76.080002,77.339996,63.513016,1144200
2015-04-29,77.150002,77.370003,76.209999,76.620003,62.921730,1139700
2015-04-30,76.290001,76.529999,75.269997,75.559998,62.051250,1855100
2015-05-01,75.430000,76.230003,75.430000,76.099998,62.494705,1717700
2015-05-04,76.260002,76.330002,75.750000,76.040001,62.445419,1263000
2015-05-05,75.980003,76.379997,75.339996,75.430000,61.944477,1005500
2015-05-06,75.570000,75.879997,74.620003,75.440002,61.952698,1157200
2015-05-07,75.599998,77.070000,75.459999,76.779999,63.053131,1379900
2015-05-08,77.430000,78.040001,77.029999,77.269997,63.455513,1158400
2015-05-11,77.190002,77.480003,76.940002,76.970001,63.209167,912800
2015-05-12,76.519997,77.389999,76.360001,76.940002,63.184521,1060300
2015-05-13,76.739998,77.040001,75.739998,76.169998,62.552193,1157500
2015-05-14,75.849998,75.919998,73.730003,74.150002,60.893333,3540500
2015-05-15,74.589996,75.330002,73.540001,74.800003,61.427113,3855600
2015-05-18,74.900002,75.209999,74.330002,75.160004,61.722763,1586700
2015-05-19,75.220001,75.379997,74.349998,74.470001,61.156120,1309700
2015-05-20,74.540001,74.910004,74.150002,74.709999,61.353199,1114800
2015-05-21,74.470001,75.500000,74.180000,75.330002,61.862354,1109600
2015-05-22,75.330002,76.010002,75.010002,75.230003,61.780251,1073900
2015-05-26,75.529999,76.790001,74.290001,74.389999,61.090412,2050100
2015-05-27,74.050003,74.339996,73.389999,73.980003,61.057423,1218100
2015-05-28,74.110001,74.330002,73.419998,73.629997,60.768536,1216300
2015-05-29,73.510002,73.720001,72.510002,72.639999,59.951469,1510900
2015-06-01,72.650002,73.860001,72.639999,73.250000,60.454914,1396000
2015-06-02,73.040001,74.690002,73.040001,73.559998,60.710758,1729800
2015-06-03,73.589996,74.510002,73.510002,74.279999,61.304981,940500
2015-06-04,72.739998,74.120003,72.010002,73.320000,60.512699,1332500
2015-06-05,73.250000,73.849998,73.000000,73.580002,60.727283,1044000
2015-06-08,73.500000,73.970001,73.250000,73.389999,60.570457,860300
2015-06-09,73.410004,73.720001,72.919998,73.160004,60.380630,904500
2015-06-10,73.610001,73.730003,73.209999,73.610001,60.752033,646500
2015-06-11,73.750000,74.430000,73.570000,73.620003,60.760296,775400
2015-06-12,73.349998,74.099998,73.120003,73.980003,61.057423,928800
2015-06-15,73.430000,73.790001,72.849998,73.150002,60.372391,829300
2015-06-16,73.080002,73.550003,73.080002,73.360001,60.545704,693200
2015-06-17,73.849998,75.480003,73.800003,75.120003,61.998280,1705300
2015-06-18,75.199997,75.699997,75.040001,75.550003,62.353165,1165100
2015-06-19,75.279999,75.919998,75.000000,75.220001,62.080818,1254900
2015-06-22,75.580002,75.980003,75.290001,75.440002,62.262379,708000
2015-06-23,75.690002,76.519997,75.449997,76.019997,62.741062,953500
2015-06-24,75.959999,76.430000,75.820000,75.870003,62.617264,1062000
2015-06-25,76.150002,76.470001,75.309998,75.430000,62.254116,852500
2015-06-26,75.330002,76.360001,75.330002,76.199997,62.889622,839300
2015-06-29,75.419998,75.769997,74.250000,74.300003,61.321522,1600500
2015-06-30,75.000000,75.070000,74.019997,74.500000,61.486572,1174000
2015-07-01,75.019997,75.330002,74.529999,75.300003,62.146835,659700
2015-07-02,75.320000,75.860001,74.910004,75.120003,61.998280,658000
2015-07-06,74.519997,75.669998,74.470001,75.279999,62.130322,885400
2015-07-07,75.540001,78.019997,75.059998,77.959999,64.342178,2186700
2015-07-08,78.169998,78.169998,76.199997,76.349998,63.013412,1678400
2015-07-09,77.239998,77.239998,76.199997,76.470001,63.112465,1443400
2015-07-10,77.470001,77.489998,76.779999,77.379997,63.863491,837300
2015-07-13,77.879997,78.430000,77.709999,78.029999,64.399963,876900
2015-07-14,78.099998,78.330002,77.699997,78.010002,64.383461,823700
2015-07-15,77.959999,79.180000,77.720001,78.650002,64.911667,1255000
2015-07-16,78.680000,80.230003,78.339996,79.519997,65.629677,1563500
2015-07-17,79.250000,79.260002,78.550003,78.660004,64.919922,742200
2015-07-20,78.930000,79.430000,78.660004,78.900002,65.117996,725800
2015-07-21,78.830002,79.430000,78.250000,78.279999,64.606293,1200600
2015-07-22,78.379997,79.599998,78.269997,78.989998,65.192268,1000200
2015-07-23,79.000000,79.230003,77.970001,78.019997,64.391708,784000
2015-07-24,78.209999,78.379997,77.169998,77.199997,63.714939,986000
2015-07-27,76.959999,77.419998,76.529999,77.330002,63.822235,1136600
2015-07-28,77.480003,77.480003,76.230003,76.290001,62.963886,1518100
2015-07-29,76.430000,76.709999,76.120003,76.300003,62.972160,1366300
2015-07-30,76.220001,76.730003,76.089996,76.339996,63.005161,1018100
2015-07-31,76.730003,76.809998,76.239998,76.309998,62.980396,1386600
2015-08-03,76.220001,76.400002,75.550003,75.919998,62.658531,576400
2015-08-04,76.080002,76.449997,75.739998,76.260002,62.939144,976000
2015-08-05,76.580002,77.580002,75.449997,75.510002,62.320145,2308100
2015-08-06,75.459999,75.510002,73.900002,74.480003,61.470070,1459500
2015-08-07,74.510002,75.010002,74.230003,74.910004,61.824951,1111400
2015-08-10,75.410004,76.419998,75.230003,75.989998,62.716297,1140300
2015-08-11,75.620003,77.120003,75.260002,76.239998,62.922634,1699100
2015-08-12,75.459999,75.830002,73.860001,75.510002,62.320145,1758800
2015-08-13,74.680000,75.599998,74.559998,74.919998,61.833210,4088500
2015-08-14,78.599998,79.980003,77.379997,78.129997,64.482491,6489200
2015-08-17,78.279999,79.089996,77.809998,79.040001,65.233543,2019200
2015-08-18,79.089996,79.360001,78.169998,78.709999,64.961174,1161700
2015-08-19,78.449997,79.389999,78.150002,78.699997,64.952911,1089500
2015-08-20,77.949997,78.500000,77.500000,77.720001,64.144112,1054800
2015-08-21,77.169998,77.669998,75.180000,75.190002,62.056049,1380500
2015-08-24,73.120003,74.230003,70.699997,72.110001,59.514053,2396600
2015-08-25,73.919998,73.919998,71.309998,71.330002,58.870289,1574700
2015-08-26,72.820000,73.820000,71.449997,73.800003,60.908855,1596200
2015-08-27,73.860001,74.339996,72.180000,73.320000,60.817604,2001100
2015-08-28,73.370003,73.620003,72.959999,73.360001,60.850784,1163400
2015-08-31,73.080002,73.769997,72.580002,72.879997,60.452621,1305900
2015-09-01,71.650002,72.650002,71.290001,71.660004,59.440651,1427600
2015-09-02,72.290001,72.930000,71.849998,72.900002,60.469219,973700
2015-09-03,73.290001,74.459999,73.099998,73.459999,60.933720,940100
2015-09-04,72.919998,73.419998,72.440002,72.900002,60.469219,909600
2015-09-08,73.980003,74.489998,73.599998,74.419998,61.730026,1009800
2015-09-09,74.959999,75.349998,73.089996,73.190002,60.709774,1359600
2015-09-10,73.019997,74.250000,72.940002,73.760002,61.182583,1247100
2015-09-11,73.419998,73.639999,72.570000,73.599998,61.049854,1329600
2015-09-14,73.379997,73.720001,72.949997,73.180000,60.701477,870400
2015-09-15,74.050003,74.989998,73.779999,73.830002,61.240627,1848900
2015-09-16,73.570000,74.400002,73.290001,74.300003,61.630505,1190300
2015-09-17,74.489998,75.430000,74.050003,74.320000,61.647076,1041500
2015-09-18,73.540001,75.010002,73.430000,73.839996,61.248936,1856500
2015-09-21,74.300003,75.029999,73.790001,74.379997,61.696842,887700
2015-09-22,73.790001,74.250000,73.410004,73.699997,61.132793,706700
2015-09-23,73.739998,74.120003,73.080002,73.639999,61.083031,812500
2015-09-24,73.190002,73.489998,72.709999,73.089996,60.626820,980100
2015-09-25,73.540001,73.930000,72.790001,72.989998,60.543869,857400
2015-09-28,72.860001,73.000000,70.820000,70.889999,58.801960,1247100
2015-09-29,70.790001,71.000000,69.910004,70.440002,58.428688,1639000
2015-09-30,70.989998,71.779999,70.870003,71.709999,59.482136,1301500
2015-10-01,71.610001,71.900002,70.610001,71.430000,59.249882,1513700
2015-10-02,72.250000,75.209999,70.589996,75.120003,62.310680,4704900
2015-10-05,75.489998,75.669998,73.279999,74.339996,61.663673,4192100
2015-10-06,74.300003,75.080002,73.150002,73.269997,60.776134,2395700
2015-10-07,69.500000,69.699997,67.500000,67.959999,60.367508,2669700
2015-10-08,67.940002,69.150002,67.730003,68.970001,61.264683,1951200
2015-10-09,68.879997,69.330002,68.269997,68.430000,60.785015,1457800
2015-10-12,68.570000,69.050003,68.099998,68.830002,61.140320,1032600
2015-10-13,68.779999,69.330002,68.099998,68.529999,60.873829,1482100
2015-10-14,68.699997,69.029999,66.570000,66.870003,59.399296,2418300
2015-10-15,67.260002,67.470001,65.760002,67.419998,59.887856,1961900
2015-10-16,67.570000,67.910004,66.720001,67.269997,59.754608,1210700
2015-10-19,67.199997,68.480003,66.930000,68.440002,60.793896,1524900
2015-10-20,68.279999,69.190002,68.010002,68.529999,60.873829,1360500
2015-10-21,68.860001,69.540001,67.589996,67.680000,60.118805,1783300
2015-10-22,68.000000,68.809998,67.580002,68.510002,60.856068,1572700
2015-10-23,67.949997,68.669998,64.610001,64.989998,57.729328,2459000
2015-10-26,64.769997,65.330002,63.730000,65.230003,57.942516,2086300
2015-10-27,65.400002,65.400002,63.730000,64.580002,57.365135,2126700
2015-10-28,64.910004,65.860001,63.930000,64.660004,57.436192,1983400
2015-10-29,64.839996,64.839996,63.919998,64.699997,57.471722,1095100
2015-10-30,64.779999,65.629997,64.389999,65.209999,57.924751,1534200
2015-11-02,65.080002,65.489998,63.500000,65.199997,57.915867,2234600
2015-11-03,66.070000,67.269997,65.879997,66.989998,59.505882,2233300
2015-11-04,67.110001,67.230003,66.089996,66.419998,58.999569,1403500
2015-11-05,66.500000,66.980003,65.620003,66.680000,59.230526,1676500
2015-11-06,66.529999,66.989998,65.730003,65.800003,58.448845,1921000
2015-11-09,65.500000,65.510002,62.189999,62.700001,55.695171,4132600
2015-11-10,62.939999,64.839996,62.299999,64.730003,57.498371,3028400
2015-11-11,63.230000,63.560001,61.060001,62.320000,55.357616,4691500
2015-11-12,62.320000,64.510002,62.310001,63.470001,56.379139,6735900
2015-11-13,50.490002,54.340000,50.430000,53.959999,47.931599,23930000
2015-11-16,53.509998,55.000000,52.820000,54.730000,48.615566,6574300
2015-11-17,55.509998,55.580002,53.759998,54.639999,48.535625,3421100
2015-11-18,54.830002,55.750000,54.310001,55.639999,49.423908,3660500
2015-11-19,55.439999,56.000000,54.910000,55.599998,49.388374,3116200
2015-11-20,56.189999,56.990002,55.820000,55.959999,49.708149,3016200
2015-11-23,55.950001,57.619999,55.720001,56.759998,50.418777,4331600
2015-11-24,56.590000,58.639999,56.520000,57.709999,51.262646,3587000
2015-11-25,57.709999,58.270000,57.400002,57.790001,51.664951,2099700
2015-11-27,57.680000,58.060001,57.060001,57.610001,51.504028,1396100
2015-11-30,57.450001,57.660000,56.090000,56.310001,50.341824,5004500
2015-12-01,56.500000,56.970001,56.099998,56.750000,50.735184,3487700
2015-12-02,56.990002,57.709999,56.299999,56.610001,50.610012,3338500
2015-12-03,56.799999,57.230000,55.619999,57.000000,50.958687,5176000
2015-12-04,56.779999,57.639999,56.279999,57.080002,51.030205,4857600
2015-12-07,56.700001,56.700001,54.660000,56.439999,50.458038,7047200
2015-12-08,56.000000,57.770000,55.869999,56.840000,50.815643,4109000
2015-12-09,56.279999,57.840000,56.150002,56.669998,50.663666,3551700
2015-12-10,56.939999,57.930000,56.619999,56.770000,50.753059,2627100
2015-12-11,56.000000,56.290001,55.240002,55.430000,49.555080,3538000
2015-12-14,55.750000,56.310001,54.250000,54.759998,48.956097,4813600
2015-12-15,55.000000,55.410000,54.310001,54.509998,48.732590,4430400
2015-12-16,54.970001,55.200001,53.080002,54.080002,48.348167,5153100
2015-12-17,54.150002,54.150002,51.270000,51.340000,45.898579,5953100
2015-12-18,51.220001,51.540001,49.980000,50.580002,45.219131,6226500
2015-12-21,50.959999,51.169998,49.430000,50.049999,44.745300,3646000
2015-12-22,49.860001,51.130001,49.340000,50.810001,45.424751,3530500
2015-12-23,51.270000,51.860001,50.439999,51.560001,46.095261,2665300
2015-12-24,51.500000,51.610001,50.529999,50.950001,45.549919,889400
2015-12-28,50.619999,51.139999,50.000000,50.349998,45.013500,2172500
2015-12-29,50.820000,51.779999,50.730000,50.880001,45.487328,2433400
2015-12-30,50.830002,51.290001,50.259998,50.310001,44.977741,1663100
2015-12-31,50.209999,50.549999,49.720001,49.810001,44.530735,2401600
2016-01-04,49.810001,50.200001,48.709999,50.130001,44.816822,4518300
2016-01-05,49.619999,50.700001,48.709999,49.970001,44.673775,5307900
2016-01-06,49.040001,49.310001,47.709999,48.490002,43.350639,4218300
2016-01-07,47.070000,49.630001,47.020000,48.500000,43.359577,7616500
2016-01-08,48.480000,48.509998,46.139999,46.240002,41.339115,4015300
2016-01-11,46.529999,47.299999,45.880001,46.810001,41.848713,3701600
2016-01-12,47.369999,47.549999,46.320000,47.119999,42.125843,2968700
2016-01-13,47.200001,47.599998,45.840000,45.950001,41.079857,2808900
2016-01-14,46.060001,46.549999,44.630001,45.790001,40.936810,3563100
2016-01-15,44.490002,46.040001,44.490002,45.450001,40.632847,3830900
2016-01-19,45.759998,46.470001,44.560001,46.139999,41.249714,4360800
2016-01-20,45.540001,46.619999,44.689999,46.099998,41.213959,4647800
2016-01-21,46.290001,48.230000,45.970001,47.740002,42.680134,5490700
2016-01-22,48.299999,49.099998,47.549999,48.020000,42.930462,4241200
2016-01-25,47.930000,48.189999,46.759998,46.869999,41.902340,3193800
2016-01-26,47.369999,48.290001,47.080002,48.040001,42.948338,2123200
2016-01-27,47.689999,48.849998,47.660000,48.020000,42.930462,1826500
2016-01-28,49.680000,49.810001,47.480000,47.990002,42.903633,1680200
2016-01-29,48.430000,49.180000,48.200001,49.099998,43.895981,2118100
2016-02-01,48.459999,50.189999,47.810001,49.930000,44.638020,2894000
2016-02-02,50.180000,50.180000,48.660000,49.160000,43.949635,3153300
2016-02-03,49.330002,50.779999,48.840000,50.529999,45.174427,4037700
2016-02-04,49.279999,49.279999,46.799999,47.430000,42.402988,5557500
2016-02-05,47.430000,48.950001,46.700001,48.180000,43.073494,4682600
2016-02-08,48.150002,51.889999,47.970001,50.849998,45.460503,6711300
2016-02-09,50.220001,51.730000,50.090000,50.340000,45.004559,4448500
2016-02-10,50.619999,50.860001,49.150002,49.189999,43.976444,2628400
2016-02-11,48.580002,49.369999,47.970001,49.189999,43.976444,3021800
2016-02-12,48.939999,49.700001,47.299999,48.910000,43.726128,3801900
2016-02-16,49.639999,51.639999,49.509998,50.900002,45.505211,4480900
2016-02-17,51.340000,52.779999,51.080002,52.250000,46.712124,7120100
2016-02-18,52.160000,53.070000,51.169998,52.720001,47.132317,8327200
2016-02-19,47.849998,49.750000,46.650002,49.169998,43.958569,18947400
2016-02-22,49.320000,51.389999,49.320000,51.369999,45.925392,4712800
2016-02-23,51.400002,51.570000,50.189999,50.860001,45.469452,2753300
2016-02-24,50.520000,52.000000,49.480000,51.919998,46.417103,3537600
2016-02-25,51.900002,52.759998,50.650002,52.430000,46.873039,2835100
2016-02-26,52.720001,52.759998,51.810001,52.509998,46.944561,2330800
2016-02-29,52.320000,52.500000,51.230000,51.320000,45.880695,3370100
2016-03-01,51.669998,52.360001,51.080002,52.290001,46.747887,2579400
2016-03-02,52.369999,52.830002,52.119999,52.750000,47.159130,3080900
2016-03-03,52.540001,53.220001,52.150002,53.060001,47.771358,2012500
2016-03-04,53.040001,55.310001,52.570000,54.509998,49.076828,6376600
2016-03-07,53.099998,55.560001,53.020000,54.689999,49.238888,4177600
2016-03-08,54.009998,55.990002,54.000000,55.110001,49.617027,4829500
2016-03-09,55.389999,56.250000,54.959999,55.840000,50.274261,3367900
2016-03-10,56.290001,57.080002,55.630001,57.009998,51.327644,4074600
2016-03-11,57.270000,57.650002,56.029999,56.490002,50.859482,2681500
2016-03-14,56.020000,56.520000,55.599998,56.060001,50.472332,1798300
2016-03-15,55.810001,56.889999,55.500000,56.770000,51.111568,2422700
2016-03-16,56.270000,56.990002,56.020000,56.849998,51.183594,1753400
2016-03-17,56.849998,58.500000,56.500000,58.220001,52.417046,2342300
2016-03-18,58.009998,59.369999,57.270000,58.520000,52.687138,3668800
2016-03-21,57.880001,58.700001,57.400002,57.669998,51.921860,2454100
2016-03-22,57.639999,58.189999,56.720001,56.750000,51.093567,2579200
2016-03-23,56.840000,56.869999,55.900002,56.040001,50.454330,2114400
2016-03-24,55.900002,56.070000,55.450001,55.970001,50.391300,2026500
2016-03-28,55.970001,57.240002,55.910000,56.700001,51.048546,1344500
2016-03-29,56.860001,57.450001,56.599998,57.310001,51.597744,1452600
2016-03-30,57.509998,57.980000,57.150002,57.500000,51.768803,1147100
2016-03-31,57.470001,57.880001,57.130001,57.209999,51.507710,1211400
2016-04-01,57.080002,57.919998,56.820000,57.230000,51.525715,1889500
2016-04-04,57.150002,57.419998,55.430000,55.549999,50.013168,2570100
2016-04-05,55.410000,55.549999,54.590000,54.880001,49.409954,2460100
2016-04-06,54.810001,54.939999,53.880001,54.720001,49.265900,2667400
2016-04-07,54.380001,54.669998,52.209999,52.450001,47.222145,5483200
2016-04-08,52.049999,52.180000,49.900002,51.139999,46.042721,5299000
2016-04-11,51.230000,51.439999,50.650002,50.840000,45.772621,3040200
2016-04-12,50.779999,51.930000,49.950001,51.590000,46.447868,3684600
2016-04-13,51.779999,52.020000,51.160000,51.990002,46.808006,3674500
2016-04-14,52.000000,52.000000,50.689999,51.299999,46.186775,2305200
2016-04-15,51.279999,51.980000,50.779999,51.700001,46.546909,2537100
2016-04-18,51.660000,52.570000,51.570000,52.330002,47.114113,2193100
2016-04-19,52.349998,52.900002,52.049999,52.509998,47.276169,1753700
2016-04-20,52.660000,54.189999,52.540001,53.570000,48.230522,2321100
2016-04-21,53.599998,54.419998,53.209999,53.279999,47.969425,4143100
2016-04-22,52.340000,53.400002,51.430000,51.590000,46.447868,4290100
2016-04-25,51.509998,52.279999,51.180000,52.009998,46.826008,1700100
2016-04-26,51.970001,52.880001,51.720001,52.770000,47.510265,2683300
2016-04-27,52.610001,53.549999,52.290001,53.470001,48.140491,1588000
2016-04-28,53.369999,53.820000,52.599998,52.730000,47.474243,1529900
2016-04-29,52.240002,52.240002,50.580002,51.130001,46.033726,3116000
2016-05-02,51.200001,51.740002,50.419998,51.590000,46.447868,2676000
2016-05-03,51.209999,51.209999,50.060001,50.799999,45.736614,2143100
2016-05-04,50.209999,50.450001,48.950001,49.549999,44.611210,3877500
2016-05-05,49.369999,49.380001,47.639999,48.709999,43.854931,5014700
2016-05-06,48.310001,48.310001,47.180000,48.060001,43.269714,4678300
2016-05-09,48.160000,49.570000,48.040001,49.200001,44.296093,4222000
2016-05-10,48.700001,49.020000,47.959999,48.860001,43.989983,5063800
2016-05-11,47.029999,47.029999,45.290001,45.430000,40.901863,10006600
2016-05-12,45.000000,46.259998,43.840000,45.230000,40.721798,13426200
2016-05-13,38.480000,41.020000,37.990002,39.160000,35.256813,29545100
2016-05-16,39.630001,39.650002,38.400002,38.540001,34.698601,10379600
2016-05-17,38.400002,38.750000,37.509998,37.650002,33.897312,7042100
2016-05-18,37.220001,37.500000,36.189999,36.369999,32.744904,8689000
2016-05-19,36.669998,37.360001,36.509998,37.110001,33.411137,6326400
2016-05-20,37.250000,38.130001,37.080002,38.119999,34.320469,4846200
2016-05-23,38.279999,39.180000,38.110001,38.160000,34.356476,5240800
2016-05-24,38.380001,38.580002,37.619999,38.009998,34.221432,2721200
2016-05-25,38.070000,38.369999,37.660000,38.200001,34.392490,5086500
2016-05-26,37.840000,38.099998,37.360001,37.660000,34.237938,3751500
2016-05-27,37.770000,38.180000,37.610001,38.169998,34.701595,2704700
2016-05-31,38.169998,38.310001,37.619999,37.980000,34.528862,4793800
2016-06-01,37.980000,38.330002,37.750000,38.150002,34.683411,3900700
2016-06-02,38.230000,39.410000,38.000000,39.299999,35.728916,4576300
2016-06-03,39.130001,39.939999,39.060001,39.750000,36.138031,4453800
2016-06-06,39.849998,40.220001,39.290001,39.840000,36.219852,3692900
2016-06-07,39.590000,40.849998,39.500000,40.500000,36.819874,4164300
2016-06-08,40.480000,40.840000,40.220001,40.560001,36.874424,3254100
2016-06-09,40.580002,40.580002,39.090000,39.570000,35.974384,2997100
2016-06-10,38.849998,38.889999,38.310001,38.880001,35.347080,4313800
2016-06-13,38.880001,38.889999,37.650002,37.680000,34.256123,3610300
2016-06-14,37.689999,37.770000,36.410000,36.680000,33.346989,5392500
2016-06-15,37.049999,38.430000,36.959999,36.990002,33.628819,5181000
2016-06-16,37.189999,37.200001,36.330002,36.779999,33.437908,5516500
2016-06-17,36.900002,37.740002,36.820000,37.480000,34.074291,4906700
2016-06-20,38.090000,38.270000,37.650002,37.709999,34.283401,2378700
2016-06-21,37.950001,38.230000,37.680000,37.750000,34.319756,2616100
2016-06-22,37.830002,38.980000,37.740002,37.790001,34.356133,3050500
2016-06-23,38.259998,38.630001,38.090000,38.250000,34.774330,2480500
2016-06-24,37.049999,37.520000,36.560001,37.130001,33.756104,4210400
2016-06-27,37.110001,37.110001,35.009998,36.200001,32.910603,4739200
2016-06-28,36.580002,37.189999,36.360001,37.110001,33.737919,3328600
2016-06-29,37.250000,38.119999,37.080002,37.869999,34.428867,3451500
2016-06-30,38.029999,38.110001,37.400002,38.049999,34.592499,2732900
2016-07-01,37.840000,38.540001,37.799999,38.230000,34.756142,2757900
2016-07-05,38.230000,38.230000,36.790001,37.459999,34.056114,2728900
2016-07-06,37.290001,38.410000,36.820000,38.330002,34.847061,3656300
2016-07-07,38.340000,39.540001,38.340000,39.150002,35.592545,4460100
2016-07-08,39.459999,40.599998,39.459999,40.320000,36.656231,3937600
2016-07-11,40.400002,41.110001,40.119999,40.959999,37.238083,3070000
2016-07-12,41.139999,41.779999,41.060001,41.619999,37.838108,3192200
2016-07-13,41.570000,41.889999,40.599998,41.099998,37.365353,2534800
2016-07-14,41.480000,41.799999,40.680000,40.869999,37.156258,2087600
2016-07-15,41.070000,41.340000,40.630001,40.639999,36.947155,2130100
2016-07-18,40.689999,41.410000,40.509998,41.110001,37.374451,1988000
2016-07-19,41.080002,41.080002,40.320000,40.459999,36.783508,2305100
2016-07-20,40.650002,41.310001,40.330002,41.200001,37.456272,1604400
2016-07-21,41.139999,41.680000,41.009998,41.240002,37.492641,2063100
2016-07-22,41.230000,41.419998,40.680000,40.860001,37.147163,2357500
2016-07-25,41.080002,42.880001,40.950001,42.740002,38.856339,4274300
2016-07-26,43.970001,45.150002,43.860001,43.930000,39.938202,6290800
2016-07-27,44.060001,44.439999,42.250000,42.779999,38.892700,3398900
2016-07-28,42.669998,43.360001,41.770000,43.270000,39.338177,2312000
2016-07-29,42.860001,44.410000,42.630001,44.230000,40.210945,3292500
2016-08-01,43.930000,44.270000,43.380001,43.740002,39.765472,3159200
2016-08-02,43.020000,43.310001,40.549999,40.740002,37.038071,5563500
2016-08-03,39.880001,41.820000,39.049999,41.610001,37.829025,4205500
2016-08-04,41.500000,42.340000,41.099998,42.000000,38.183575,2248800
2016-08-05,42.369999,44.080002,42.230000,43.549999,39.592731,3112500
2016-08-08,43.660000,45.080002,43.660000,44.770000,40.701878,3428000
2016-08-09,44.610001,44.700001,42.950001,43.520000,39.565449,4771800
2016-08-10,43.810001,45.400002,43.520000,44.230000,40.210945,4407700
2016-08-11,47.000000,48.910000,46.660000,47.560001,43.238361,13944000
2016-08-12,51.000000,52.090000,50.259998,51.380001,46.711246,14787100
2016-08-15,51.730000,53.250000,51.639999,52.959999,48.147671,5845700
2016-08-16,52.700001,53.709999,52.259998,52.660000,47.874939,4351100
2016-08-17,52.029999,52.470001,51.240002,51.740002,47.038528,3962000
2016-08-18,52.130001,52.389999,51.619999,52.070000,47.338547,2490600
2016-08-19,52.400002,52.880001,51.849998,52.639999,47.856754,2897200
2016-08-22,52.639999,52.730000,51.610001,52.139999,47.402180,2840300
2016-08-23,52.630001,53.270000,52.320000,52.889999,48.084030,2473200
2016-08-24,52.650002,52.799999,52.200001,52.290001,47.538555,1908400
2016-08-25,51.849998,52.419998,51.240002,51.560001,47.208935,1774400
2016-08-26,51.619999,52.080002,50.980000,51.259998,46.934250,1969800
2016-08-29,51.490002,52.509998,51.389999,52.450001,48.023830,2128200
2016-08-30,52.450001,52.450001,51.020000,51.450001,47.108215,2187200
2016-08-31,51.599998,51.869999,50.230000,50.459999,46.201767,3024600
2016-09-01,50.759998,51.110001,50.430000,51.029999,46.723660,2538200
2016-09-02,51.270000,52.389999,51.119999,51.869999,47.492775,3054800
2016-09-06,51.689999,51.779999,49.840000,50.020000,45.798893,4010900
2016-09-07,49.880001,51.169998,49.389999,50.970001,46.668728,2991500
2016-09-08,50.770000,50.840000,49.849998,50.070000,45.844669,1980900
2016-09-09,49.709999,50.389999,49.560001,49.700001,45.505898,2759200
2016-09-12,49.419998,50.450001,49.299999,50.299999,46.055264,2543400
2016-09-13,49.860001,50.130001,48.830002,49.169998,45.020618,3256800
2016-09-14,49.230000,49.939999,48.459999,49.410000,45.240364,2979600
2016-09-15,49.310001,52.000000,48.869999,51.700001,47.337116,5170400
2016-09-16,51.230000,51.779999,51.000000,51.279999,46.952572,4126300
2016-09-19,51.430000,51.529999,50.389999,50.630001,46.357414,2532800
2016-09-20,50.630001,50.910000,49.660000,49.759998,45.560829,1729200
2016-09-21,49.939999,51.080002,49.939999,51.070000,46.760281,2245900
2016-09-22,51.119999,51.549999,49.980000,50.490002,46.229225,3744300
2016-09-23,51.049999,52.049999,50.970001,51.570000,47.218090,2541800
2016-09-26,51.119999,51.990002,51.040001,51.500000,47.153992,3213200
2016-09-27,51.470001,52.279999,51.330002,51.709999,47.346272,1676300
2016-09-28,51.430000,51.939999,51.160000,51.779999,47.410366,1460300
2016-09-29,51.700001,52.619999,51.419998,51.480000,47.135681,1995600
2016-09-30,52.160000,52.599998,51.389999,51.880001,47.501934,2607100
2016-10-03,51.619999,51.709999,50.950001,51.110001,46.796913,2156200
2016-10-04,51.119999,51.779999,50.869999,51.650002,47.291344,2108300
2016-10-05,51.860001,53.330002,51.759998,53.000000,48.527412,2433500
2016-10-06,52.860001,54.599998,52.400002,53.939999,49.388084,3292900
2016-10-07,54.299999,55.230000,54.139999,54.830002,50.202988,3613600
2016-10-10,54.990002,55.200001,53.580002,54.270000,49.690247,2319400
2016-10-11,54.349998,54.860001,53.930000,54.139999,49.571217,2308700
2016-10-12,54.160000,54.889999,53.930000,54.540001,49.937450,2351400
2016-10-13,54.099998,54.110001,53.169998,53.680000,49.150028,2144200
2016-10-14,52.880001,54.099998,52.549999,53.630001,49.104248,3297800
2016-10-17,53.570000,54.270000,53.009998,53.270000,48.774632,1761800
2016-10-18,53.869999,53.889999,53.099998,53.270000,48.774632,2082100
2016-10-19,53.310001,53.639999,53.020000,53.430000,48.921124,2621200
2016-10-20,53.310001,53.450001,52.820000,53.110001,48.628128,1677500
2016-10-21,52.770000,54.380001,52.590000,54.130001,49.562054,3270700
2016-10-24,54.490002,55.110001,54.290001,54.790001,50.166355,2161800
2016-10-25,54.220001,54.639999,53.790001,54.139999,49.571217,2748600
2016-10-26,53.939999,55.119999,53.939999,54.029999,49.470497,2968500
2016-10-27,54.490002,54.540001,52.410000,52.500000,48.069611,3564300
2016-10-28,52.480000,53.299999,51.730000,52.700001,48.252739,3376000
2016-10-31,52.139999,52.799999,51.700001,52.000000,47.611801,2638600
2016-11-01,51.970001,52.220001,50.110001,50.860001,46.568005,3285100
2016-11-02,50.770000,51.470001,50.389999,50.939999,46.641254,3007000
2016-11-03,51.110001,51.610001,50.110001,50.209999,45.972862,2218600
2016-11-04,50.389999,50.919998,50.110001,50.389999,46.137669,2274700
2016-11-07,51.290001,51.849998,51.240002,51.820000,47.446995,1724500
2016-11-08,51.810001,52.570000,51.169998,52.049999,47.657585,2984600
2016-11-09,50.990002,52.650002,50.180000,52.290001,47.877331,5374900
2016-11-10,53.990002,57.330002,53.990002,56.029999,51.301720,10673500
2016-11-11,57.500000,59.180000,55.049999,58.720001,53.764717,11523500
2016-11-14,59.060001,62.820000,59.060001,59.549999,54.524670,10520500
2016-11-15,59.740002,59.740002,57.849998,58.299999,53.380154,4644300
2016-11-16,58.250000,58.810001,57.610001,58.299999,53.380154,4020100
2016-11-17,58.500000,59.000000,57.669998,58.500000,53.563278,2659800
2016-11-18,57.810001,59.500000,56.790001,58.939999,53.966145,4053700
2016-11-21,58.470001,58.939999,57.500000,57.730000,52.858253,3210900
2016-11-22,58.070000,58.590000,57.860001,57.900002,53.013912,2472400
2016-11-23,57.320000,58.560001,57.049999,58.529999,53.935413,2419400
2016-11-25,58.860001,59.080002,57.740002,57.849998,53.308788,1147100
2016-11-28,57.820000,57.820000,55.830002,56.060001,51.659313,4388500
2016-11-29,56.209999,56.889999,55.900002,56.349998,51.926540,2858200
2016-11-30,56.209999,56.660000,55.549999,55.919998,51.530296,4235700
2016-12-01,55.770000,57.669998,55.299999,56.040001,51.640877,3454800
2016-12-02,56.119999,57.049999,55.840000,56.540001,52.101624,2088100
2016-12-05,57.040001,57.990002,56.639999,57.200001,52.709816,2702600
2016-12-06,57.330002,57.570000,56.580002,57.259998,52.765102,1870500
2016-12-07,57.380001,60.099998,57.000000,60.090000,55.372952,3345500
2016-12-08,59.599998,61.849998,59.570000,61.490002,56.663052,4141100
2016-12-09,61.529999,61.770000,59.959999,60.750000,55.981140,2760900
2016-12-12,60.240002,60.509998,58.040001,58.410000,53.824829,3786000
2016-12-13,57.799999,58.790001,57.259998,58.349998,53.769539,3275200
2016-12-14,58.270000,58.410000,56.650002,57.020000,52.543945,3782200
2016-12-15,57.389999,57.570000,55.250000,55.279999,50.940536,2205100
2016-12-16,53.070000,53.130001,50.200001,50.480000,46.517334,10748000
2016-12-19,50.400002,51.240002,50.160000,50.840000,46.849075,4003700
2016-12-20,51.000000,52.130001,50.959999,51.770000,47.706070,2844500
2016-12-21,51.910000,52.110001,51.209999,51.209999,47.190033,1513900
2016-12-22,51.220001,51.220001,48.009998,48.240002,44.453175,3841000
2016-12-23,48.529999,49.720001,48.500000,48.750000,44.923138,2331300
2016-12-27,48.919998,49.529999,48.419998,48.959999,45.116653,2313400
2016-12-28,49.000000,49.270000,48.169998,48.410000,44.609829,1674700
2016-12-29,48.270000,48.889999,47.930000,48.290001,44.499249,1455300
2016-12-30,48.439999,48.770000,47.750000,47.930000,44.167511,1552100
2017-01-03,48.240002,48.540001,47.299999,47.619999,43.881840,3968100
2017-01-04,47.849998,49.200001,47.750000,48.919998,45.079796,3781100
2017-01-05,45.119999,45.680000,44.020000,45.560001,41.983555,7410000
2017-01-06,45.419998,46.150002,45.150002,45.470001,41.900620,3088200
2017-01-09,45.419998,45.599998,45.009998,45.049999,41.513588,2269500
2017-01-10,45.099998,45.980000,44.889999,45.669998,42.084915,2325000
2017-01-11,45.830002,45.919998,44.459999,44.900002,41.375355,3031400
2017-01-12,44.689999,45.439999,44.389999,45.029999,41.495159,1903200
2017-01-13,45.020000,45.139999,44.090000,44.200001,40.730316,2338800
2017-01-17,43.650002,45.040001,43.509998,44.380001,40.896187,2023000
2017-01-18,45.220001,45.220001,42.900002,44.310001,40.831676,3708300
2017-01-19,44.389999,44.570000,42.860001,42.930000,39.560005,3588400
2017-01-20,42.970001,44.770000,42.970001,44.639999,41.135773,4064100
2017-01-23,44.230000,45.000000,43.990002,44.410000,40.923828,3115700
2017-01-24,44.439999,45.090000,44.320000,44.990002,41.458302,1689500
2017-01-25,45.189999,45.500000,44.799999,45.009998,41.476727,1662600
2017-01-26,45.040001,45.639999,44.270000,44.320000,40.840893,2705800
2017-01-27,44.450001,44.450001,42.320000,42.830002,39.467857,3299400
2017-01-30,42.759998,43.790001,42.619999,43.700001,40.269562,2223000
2017-01-31,43.020000,44.340000,42.400002,44.220001,40.748745,2829800
2017-02-01,44.549999,44.549999,43.369999,43.820000,40.380146,2353700
2017-02-02,42.810001,44.139999,42.500000,43.509998,40.094475,3914600
2017-02-03,43.439999,46.090000,43.029999,43.900002,40.453861,4678600
2017-02-06,43.740002,44.189999,42.580002,42.880001,39.513931,3016000
2017-02-07,43.180000,43.730000,42.650002,42.779999,39.421772,1972600
2017-02-08,42.320000,44.549999,42.320000,44.529999,41.034409,5710300
2017-02-09,44.529999,46.389999,44.529999,45.549999,41.974335,5420100
2017-02-10,45.779999,46.180000,44.200001,45.000000,41.467506,3121500
2017-02-13,45.380001,45.470001,43.720001,44.360001,40.877754,3018400
2017-02-14,44.310001,45.799999,44.310001,45.439999,41.872967,2551500
2017-02-15,45.660000,46.470001,45.439999,46.119999,42.499592,4031900
2017-02-16,46.049999,46.189999,44.049999,44.180000,40.711884,3284500
2017-02-17,44.310001,45.970001,44.139999,45.689999,42.103348,4296100
2017-02-21,46.119999,46.650002,45.650002,45.869999,42.269218,3307000
2017-02-22,45.980000,46.130001,44.770000,45.349998,41.790039,2459500
2017-02-23,44.860001,45.049999,43.660000,43.939999,40.490723,5365000
2017-02-24,44.970001,47.029999,44.000000,46.459999,42.812901,12959600
2017-02-27,46.320000,48.160000,46.130001,47.610001,44.224827,7315500
2017-02-28,47.099998,47.540001,46.080002,46.660000,43.342377,4704500
2017-03-01,46.869999,47.049999,44.700001,45.599998,42.357735,4672900
2017-03-02,45.740002,46.700001,45.389999,46.650002,43.333088,4169400
2017-03-03,46.740002,46.900002,45.759998,46.349998,43.054417,2254900
2017-03-06,45.970001,46.060001,44.619999,45.500000,42.264851,3978600
2017-03-07,45.000000,45.549999,43.980000,44.029999,40.899372,3751000
2017-03-08,44.139999,45.529999,44.139999,45.150002,41.939735,2671300
2017-03-09,45.049999,45.389999,44.410000,44.669998,41.493866,2098300
2017-03-10,44.869999,45.099998,44.279999,44.450001,41.289509,2788900
2017-03-13,44.400002,44.520000,43.419998,43.599998,40.499943,2350000
2017-03-14,43.639999,43.889999,43.369999,43.779999,40.667149,1832500
2017-03-15,43.599998,44.549999,43.439999,44.340000,41.187332,1776800
2017-03-16,44.070000,44.830002,43.680000,44.310001,41.159458,2343500
2017-03-17,44.549999,44.660000,43.660000,43.919998,40.797192,3367000
2017-03-20,43.980000,44.080002,42.450001,42.580002,39.552467,2651200
2017-03-21,42.590000,42.750000,40.860001,41.810001,38.837223,3212600
2017-03-22,41.869999,42.049999,40.700001,41.959999,38.976551,2650300
2017-03-23,42.389999,42.770000,41.509998,41.610001,38.651440,2713900
2017-03-24,41.549999,42.130001,41.180000,41.950001,38.967262,2107900
2017-03-27,41.520000,42.660000,41.389999,42.459999,39.441006,2645700
2017-03-28,42.119999,43.599998,42.119999,43.580002,40.481365,2897100
2017-03-29,43.500000,45.990002,43.310001,45.919998,42.654987,5004300
2017-03-30,45.590000,46.500000,45.410000,46.450001,43.147312,2180600
2017-03-31,46.400002,46.849998,46.290001,46.570000,43.258774,2645200
2017-04-03,46.570000,47.029999,45.549999,46.480000,43.175171,3085900
2017-04-04,46.090000,46.090000,43.820000,43.919998,40.797192,3867500
2017-04-05,44.020000,44.790001,43.349998,43.439999,40.351326,2378800
2017-04-06,43.919998,45.900002,43.849998,44.720001,41.540310,3545300
2017-04-07,44.520000,44.930000,44.150002,44.529999,41.363819,1819500
2017-04-10,44.720001,46.080002,44.720001,45.400002,42.171967,1724700
2017-04-11,45.439999,46.580002,45.060001,46.570000,43.258774,2324800
2017-04-12,46.410000,46.720001,45.790001,46.430000,43.128727,3405300
2017-04-13,46.400002,46.820000,46.189999,46.570000,43.258774,2770000
2017-04-17,46.240002,46.740002,45.680000,46.099998,42.822193,2222000
2017-04-18,46.029999,46.389999,45.610001,46.080002,42.803612,1530900
2017-04-19,46.369999,47.410000,46.369999,46.529999,43.221615,2285300
2017-04-20,46.930000,48.419998,46.930000,47.869999,44.466335,3037200
2017-04-21,47.730000,47.980000,47.200001,47.619999,44.234112,1944100
2017-04-24,48.230000,48.259998,46.820000,47.230000,43.871849,1904800
2017-04-25,47.500000,47.770000,46.799999,47.150002,43.797531,1689200
2017-04-26,47.299999,48.099998,47.070000,47.680000,44.289852,1825300
2017-04-27,47.669998,48.360001,47.230000,48.299999,44.865765,1968700
2017-04-28,47.799999,48.450001,47.520000,48.270000,44.837906,2518300
2017-05-01,48.310001,48.549999,47.349998,47.349998,43.983315,1742600
2017-05-02,47.490002,48.830002,47.290001,48.639999,45.181591,2038300
2017-05-03,48.599998,49.759998,48.360001,49.639999,46.110485,3113100
2017-05-04,49.790001,50.220001,49.099998,49.139999,45.646042,2999000
2017-05-05,49.320000,49.500000,48.709999,49.009998,45.525284,2026600
2017-05-08,49.340000,49.669998,48.680000,48.700001,45.237331,1706200
2017-05-09,48.939999,49.410000,48.630001,49.349998,45.841106,1985200
2017-05-10,48.990002,50.040001,48.700001,50.009998,46.454178,2498300
2017-05-11,48.500000,48.770000,45.799999,46.209999,42.924370,11157100
2017-05-12,43.570000,43.590000,41.000000,41.200001,38.270592,18905300
2017-05-15,41.360001,42.580002,41.230000,41.400002,38.456371,5182900
2017-05-16,41.110001,41.110001,40.279999,40.639999,37.750412,4629100
2017-05-17,40.639999,41.540001,40.639999,40.810001,37.908325,3414700
2017-05-18,41.060001,41.490002,40.470001,40.660000,37.768986,1933300
2017-05-19,41.230000,41.230000,39.529999,40.770000,37.871166,2771800
2017-05-22,40.980000,42.259998,40.790001,42.040001,39.050873,2498200
2017-05-23,42.119999,42.139999,41.220001,41.549999,38.595707,1829700
2017-05-24,41.360001,41.430000,40.680000,41.290001,38.698807,1793500
2017-05-25,41.889999,42.470001,41.669998,41.799999,39.176796,1672900
2017-05-26,41.980000,42.540001,41.630001,42.470001,39.804752,2291400
2017-05-30,42.540001,42.700001,42.250000,42.439999,39.776634,1657800
2017-05-31,42.369999,42.369999,41.130001,41.799999,39.176796,3167000
2017-06-01,41.919998,42.939999,41.709999,42.880001,40.189022,2178800
2017-06-02,42.939999,43.230000,42.209999,42.470001,39.804752,1485700
2017-06-05,42.230000,42.340000,41.470001,41.650002,39.036209,2197600
2017-06-06,41.509998,41.660000,39.720001,40.139999,37.620975,4561500
2017-06-07,40.230000,40.619999,39.869999,40.480000,37.939632,2509800
2017-06-08,40.480000,47.900002,40.480000,44.630001,41.829201,23161900
2017-06-09,44.110001,48.049999,43.400002,47.160000,44.200432,10744600
2017-06-12,47.060001,48.330002,46.389999,46.470001,43.553730,3799600
2017-06-13,46.430000,47.150002,46.110001,46.380001,43.469379,2082600
2017-06-14,46.410000,47.380001,45.540001,47.320000,44.350380,2119900
2017-06-15,47.270000,48.230000,46.910000,47.000000,44.050472,2771500
2017-06-16,46.250000,47.509998,45.709999,47.500000,44.519096,3442200
2017-06-19,47.560001,48.299999,46.779999,48.060001,45.043945,2223600
2017-06-20,48.029999,48.029999,46.090000,46.160000,43.263184,2737000
2017-06-21,45.930000,46.270000,45.000000,46.080002,43.188202,2126900
2017-06-22,45.860001,47.840000,45.730000,47.480000,44.500343,3747500
2017-06-23,47.480000,48.040001,46.930000,48.000000,44.987713,3205400
2017-06-26,48.020000,48.299999,47.480000,47.799999,44.800259,1549600
2017-06-27,47.939999,48.430000,47.639999,47.669998,44.678425,1567200
2017-06-28,48.080002,48.230000,47.290001,47.680000,44.687790,1690300
2017-06-29,47.790001,48.070000,47.090000,47.560001,44.575325,1760800
2017-06-30,47.860001,48.110001,47.310001,47.830002,44.828377,1398800
2017-07-03,48.080002,48.880001,47.970001,48.410000,45.371979,912300
2017-07-05,48.299999,48.950001,48.000000,48.119999,45.100182,1748900
2017-07-06,47.919998,48.090000,47.180000,47.380001,44.406624,1241200
2017-07-07,47.470001,47.980000,47.080002,47.540001,44.556583,1118800
2017-07-10,47.259998,47.259998,45.990002,46.220001,43.319416,2258900
2017-07-11,46.240002,46.799999,46.060001,46.450001,43.534988,1207800
2017-07-12,46.500000,46.900002,46.169998,46.610001,43.684940,1273700
2017-07-13,46.900002,48.209999,46.889999,47.330002,44.359760,2511500
2017-07-14,47.360001,47.450001,46.529999,46.849998,43.909885,1343500
2017-07-17,46.860001,47.860001,46.820000,47.410000,44.434738,1101000
2017-07-18,47.139999,47.470001,45.970001,46.270000,43.366280,1709100
2017-07-19,46.439999,47.099998,46.230000,46.939999,43.994232,1114500
2017-07-20,47.090000,47.320000,46.419998,47.099998,44.144188,762400
2017-07-21,47.110001,47.459999,46.630001,47.439999,44.462852,781900
2017-07-24,47.250000,47.380001,46.799999,46.900002,43.956738,993200
2017-07-25,47.169998,48.689999,47.080002,48.090000,45.072063,2062700
2017-07-26,48.230000,48.230000,47.459999,47.860001,44.856495,1005000
2017-07-27,47.820000,50.320000,47.529999,48.970001,45.896835,3965700
2017-07-28,49.200001,49.279999,47.900002,48.560001,45.512569,2152600
2017-07-31,48.970001,48.980000,48.009998,48.570000,45.521942,1205500
2017-08-01,48.549999,49.009998,47.959999,48.939999,45.868725,926300
2017-08-02,46.880001,47.669998,46.240002,46.490002,43.572472,3700200
2017-08-03,46.369999,47.820000,46.349998,46.849998,43.909885,2828100
2017-08-04,46.970001,47.330002,46.470001,46.810001,43.872391,2088800
2017-08-07,47.099998,47.869999,46.860001,47.490002,44.509708,1731600
2017-08-08,48.750000,48.860001,47.360001,47.410000,44.434738,1530300
2017-08-09,47.000000,47.209999,46.330002,46.880001,43.938000,1839400
2017-08-10,46.099998,46.689999,44.549999,44.869999,42.054134,5472300
2017-08-11,44.349998,46.000000,43.740002,44.900002,42.082249,6548300
2017-08-14,45.410000,45.869999,44.959999,45.360001,42.513382,2255400
2017-08-15,45.070000,45.130001,44.320000,44.660000,41.857315,1830300
2017-08-16,45.020000,45.590000,44.439999,44.580002,41.782341,1170200
2017-08-17,44.259998,44.700001,43.810001,44.439999,41.651119,1290700
2017-08-18,44.259998,44.730000,44.060001,44.330002,41.548023,1284900
2017-08-21,44.290001,44.540001,43.669998,43.770000,41.023163,1661300
2017-08-22,44.080002,44.669998,43.919998,44.520000,41.726097,908900
2017-08-23,44.169998,44.779999,43.980000,44.599998,41.801079,1005300
2017-08-24,45.209999,45.419998,43.709999,43.820000,41.413597,1771100
2017-08-25,43.889999,46.020000,43.889999,45.340000,42.850124,1878700
2017-08-28,45.400002,45.400002,44.470001,45.060001,42.585503,1408100
2017-08-29,44.520000,44.889999,44.160000,44.540001,42.094055,1316800
2017-08-30,44.529999,45.090000,44.230000,44.290001,41.857784,1459900
2017-08-31,44.290001,45.060001,44.230000,44.619999,42.169662,1460300
2017-09-01,44.860001,46.599998,44.700001,46.439999,43.889717,1863400
2017-09-05,46.369999,46.799999,45.930000,46.200001,43.662895,1734700
2017-09-06,46.480000,46.950001,46.299999,46.720001,44.154343,1496600
2017-09-07,46.900002,47.000000,45.849998,46.209999,43.672348,1110100
2017-09-08,46.220001,46.290001,45.419998,46.099998,43.568390,1123800
2017-09-11,45.130001,45.959999,43.590000,44.720001,42.264172,5102100
2017-09-12,44.889999,45.970001,44.660000,45.049999,42.576050,4947200
2017-09-13,47.900002,48.110001,46.939999,47.740002,45.118328,9565300
2017-09-14,47.700001,47.720001,46.360001,46.740002,44.173244,3298200
2017-09-15,46.660000,47.290001,46.509998,46.740002,44.173244,3005100
2017-09-18,46.759998,47.180000,46.610001,46.639999,44.078735,1550300
2017-09-19,46.849998,47.080002,46.209999,46.220001,43.681801,1803900
2017-09-20,46.099998,46.279999,45.830002,46.220001,43.681801,1492500
2017-09-21,46.299999,46.459999,45.860001,46.279999,43.738503,1108700
2017-09-22,46.419998,46.939999,46.320000,46.880001,44.305550,1552700
2017-09-25,46.680000,47.759998,46.570000,47.320000,44.721390,1545000
2017-09-26,47.459999,47.709999,47.049999,47.529999,44.919853,1601000
2017-09-27,47.549999,47.810001,46.939999,47.439999,44.834801,1344800
2017-09-28,47.509998,47.720001,47.180000,47.400002,44.796997,1663200
2017-09-29,47.529999,47.599998,47.049999,47.150002,44.560726,1455300
2017-10-02,45.040001,45.040001,43.500000,44.180000,41.753826,7689700
2017-10-03,44.000000,44.310001,43.299999,44.200001,41.772728,4014400
2017-10-04,44.349998,44.450001,43.799999,44.250000,41.819984,3490800
2017-10-05,44.259998,44.970001,43.900002,44.799999,42.339779,2171100
2017-10-06,44.630001,44.930000,44.150002,44.310001,41.876682,1391000
2017-10-09,44.439999,44.669998,43.220001,43.540001,41.148972,1266200
2017-10-10,43.590000,43.970001,43.230000,43.380001,40.997761,1323700
2017-10-11,43.400002,43.509998,42.700001,42.919998,40.563023,2257400
2017-10-12,42.709999,42.799999,42.119999,42.590000,40.251141,2938800
2017-10-13,42.480000,42.880001,42.169998,42.650002,40.307850,1424300
2017-10-16,40.540001,41.400002,39.630001,40.400002,38.181412,10612600
2017-10-17,40.340000,41.470001,40.099998,41.450001,39.173744,3992900
2017-10-18,41.450001,42.500000,41.380001,42.009998,39.702988,3961900
2017-10-19,41.759998,42.250000,41.570000,41.730000,39.438366,1123100
2017-10-20,41.990002,42.189999,41.700001,42.150002,39.835308,1777600
2017-10-23,42.150002,42.560001,41.740002,41.770000,39.476177,1350400
2017-10-24,41.840000,42.090000,41.459999,41.610001,39.324963,1461700
2017-10-25,41.599998,41.669998,41.049999,41.520000,39.239910,2209300
2017-10-26,41.669998,42.689999,41.349998,42.209999,39.892014,2793700
2017-10-27,41.369999,41.570000,40.619999,40.970001,38.720104,2331500
2017-10-30,40.750000,40.880001,39.660000,40.000000,37.803371,3011000
2017-10-31,39.950001,40.240002,39.360001,39.650002,37.472599,2143300
2017-11-01,39.770000,40.500000,39.570000,39.939999,37.746670,1891200
2017-11-02,40.099998,40.419998,39.279999,39.349998,37.189064,1886000
2017-11-03,39.200001,39.410000,38.430000,38.500000,36.385750,1642100
2017-11-06,38.500000,39.360001,38.160000,39.259998,37.104008,2701400
2017-11-07,39.119999,39.160000,38.139999,38.310001,36.206181,2364900
2017-11-08,38.130001,38.660000,37.790001,38.299999,36.196728,1866200
2017-11-09,38.849998,40.799999,38.389999,40.029999,37.831722,6859600
2017-11-10,39.410000,40.500000,38.400002,40.029999,37.831722,7114800
2017-11-13,39.709999,40.189999,38.470001,38.720001,36.593662,2871400
2017-11-14,38.419998,39.369999,38.419998,39.160000,37.009502,1968900
2017-11-15,38.799999,39.770000,38.560001,39.189999,37.037849,2158700
2017-11-16,39.560001,40.500000,39.029999,39.970001,37.775021,2033600
2017-11-17,40.860001,41.220001,40.320000,40.860001,38.616146,2346800
2017-11-20,40.910000,41.470001,40.369999,41.439999,39.164295,1899700
2017-11-21,41.369999,41.459999,40.410000,41.299999,39.031982,1458800
2017-11-22,41.270000,41.880001,41.049999,41.160000,38.899673,1607700
2017-11-24,41.230000,41.480000,40.709999,40.959999,39.061794,974200
2017-11-27,41.080002,41.900002,40.610001,41.340000,39.424183,2857400
2017-11-28,41.389999,42.720001,41.110001,42.669998,40.692547,2103500
2017-11-29,42.869999,46.349998,42.779999,45.759998,43.639343,7680400
2017-11-30,45.610001,46.959999,45.150002,45.450001,43.343712,4559300
2017-12-01,45.380001,45.939999,44.400002,45.500000,43.391396,2450200
2017-12-04,46.139999,47.849998,46.130001,47.259998,45.069832,3982500
2017-12-05,47.189999,47.189999,45.619999,46.150002,44.011272,2109500
2017-12-06,46.200001,46.549999,45.110001,45.320000,43.219742,2354900
2017-12-07,45.810001,46.009998,44.689999,44.980000,42.895496,2123800
2017-12-08,45.020000,45.830002,44.680000,45.779999,43.658421,1483400
2017-12-11,45.959999,46.110001,45.369999,45.840000,43.715641,1684000
2017-12-12,45.080002,46.389999,45.080002,45.740002,43.620281,1653200
2017-12-13,45.889999,46.490002,45.560001,46.270000,44.125713,1384000
2017-12-14,46.250000,46.840000,44.860001,44.959999,42.876419,1718500
2017-12-15,45.320000,46.040001,45.160000,45.490002,43.381863,2854200
2017-12-18,45.740002,46.820000,45.619999,46.630001,44.469028,1741300
2017-12-19,46.810001,46.990002,45.990002,46.509998,44.354591,1323100
2017-12-20,46.810001,47.130001,46.310001,46.840000,44.669296,1816100
2017-12-21,46.840000,47.680000,46.750000,47.500000,45.298710,1232500
2017-12-22,47.520000,47.750000,47.270000,47.540001,45.336861,1715500
2017-12-26,47.599998,49.090000,47.590000,48.470001,46.223759,1585600
2017-12-27,48.240002,48.490002,47.689999,47.930000,45.708778,2055300
2017-12-28,47.919998,47.919998,47.189999,47.709999,45.498981,1271000
2017-12-29,47.779999,48.070000,47.279999,47.380001,45.184273,1149700
2018-01-02,48.759998,49.860001,48.509998,49.119999,46.843632,3562300
2018-01-03,49.299999,49.700001,48.529999,48.650002,46.395416,2138900
2018-01-04,48.380001,48.630001,46.299999,48.060001,45.832764,2351500
2018-01-05,48.220001,48.650002,47.900002,48.250000,46.013954,1353000
2018-01-08,48.560001,49.240002,47.549999,48.270000,46.033028,1778500
2018-01-09,48.240002,48.240002,47.450001,47.889999,45.670639,1710400
2018-01-10,47.639999,49.500000,47.549999,49.200001,46.919933,3099400
2018-01-11,49.360001,50.110001,48.709999,50.090000,47.768684,2008400
2018-01-12,50.380001,53.000000,50.299999,51.820000,49.418514,5201600
2018-01-16,51.849998,51.970001,50.040001,50.180000,47.854511,1973700
2018-01-17,50.520000,51.160000,50.130001,50.970001,48.607903,1216600
2018-01-18,50.840000,51.400002,50.689999,51.220001,48.846321,884800
2018-01-19,51.419998,52.099998,51.060001,52.000000,49.590164,1504200
2018-01-22,52.000000,52.830002,51.509998,52.820000,50.372162,1100000
2018-01-23,51.820000,52.490002,51.410000,52.000000,49.590164,1181900
2018-01-24,51.919998,52.240002,50.130001,50.619999,48.274120,2557900
2018-01-25,50.910000,51.000000,49.380001,49.500000,47.206024,1945800
2018-01-26,49.540001,50.400002,49.049999,50.400002,48.064323,2417000
2018-01-29,50.250000,51.250000,50.250000,50.889999,48.531609,1301400
2018-01-30,50.599998,50.810001,49.049999,49.410000,47.120197,1608700
2018-01-31,49.610001,50.150002,49.070000,49.310001,47.024834,1357400
2018-02-01,48.900002,51.000000,48.400002,49.230000,46.948540,1447200
2018-02-02,48.820000,49.410000,47.529999,47.849998,45.632492,1842300
2018-02-05,47.580002,48.490002,46.509998,46.639999,44.478565,2622600
2018-02-06,47.060001,48.750000,46.099998,48.259998,46.023483,2464000
2018-02-07,49.349998,50.150002,48.500000,49.299999,47.015289,2221300
2018-02-08,48.889999,49.080002,47.200001,47.230000,45.041222,1791600
2018-02-09,47.669998,48.610001,46.200001,47.889999,45.670639,2079400
2018-02-12,48.180000,48.759998,47.669998,48.369999,46.128391,910100
2018-02-13,48.299999,49.230000,48.180000,49.169998,46.891312,1001000
2018-02-14,48.869999,50.669998,48.490002,50.360001,48.026173,1486600
2018-02-15,50.759998,51.599998,50.299999,51.240002,48.865391,1333600
2018-02-16,51.130001,51.799999,50.900002,51.500000,49.113338,1346700
2018-02-20,50.970001,51.430000,50.150002,50.490002,48.150150,1343900
2018-02-21,50.520000,51.099998,50.040001,50.060001,47.740070,1125800
2018-02-22,50.160000,50.740002,50.000000,50.270000,47.940342,1014600
2018-02-23,50.689999,54.000000,50.230000,53.560001,51.077877,7127900
2018-02-26,53.630001,53.799999,52.209999,52.400002,49.971634,2237700
2018-02-27,53.139999,53.529999,51.009998,51.029999,48.665119,2769900
2018-02-28,51.509998,51.950001,50.889999,51.310001,48.932144,2167700
2018-03-01,50.650002,50.869999,49.150002,50.480000,48.140610,3405600
2018-03-02,47.849998,53.230000,47.459999,53.040001,50.955460,4985300
2018-03-05,52.900002,53.180000,51.740002,51.900002,49.860260,2988300
2018-03-06,50.990002,52.509998,50.810001,52.490002,50.427074,3286200
2018-03-07,52.189999,52.330002,50.639999,51.049999,49.043667,2268800
2018-03-08,51.419998,51.520000,49.950001,50.130001,48.159824,2456800
2018-03-09,50.430000,50.759998,49.380001,49.990002,48.025330,2148400
2018-03-12,49.910000,50.310001,49.380001,49.849998,47.890827,1401100
2018-03-13,50.000000,50.970001,49.889999,50.330002,48.351967,1203500
2018-03-14,50.349998,50.610001,49.349998,49.480000,47.535370,1411400
2018-03-15,49.459999,49.560001,48.730000,48.919998,46.997379,2321800
2018-03-16,48.810001,49.840000,48.770000,49.320000,47.381653,1958700
2018-03-19,49.340000,49.770000,49.000000,49.360001,47.420086,1066600
2018-03-20,49.590000,49.680000,48.840000,49.349998,47.410473,1150700
2018-03-21,48.200001,48.400002,47.320000,47.700001,45.825325,3537800
2018-03-22,47.360001,48.119999,46.830002,46.869999,45.027943,1358100
2018-03-23,46.990002,47.430000,46.250000,46.360001,44.537991,1896500
2018-03-26,46.889999,47.480000,46.639999,47.130001,45.277733,1407600
2018-03-27,47.080002,48.470001,46.910000,47.369999,45.508297,1870000
2018-03-28,47.410000,49.110001,47.270000,47.900002,46.017464,1170400
2018-03-29,48.110001,48.980000,47.939999,48.410000,46.507420,1158100
2018-04-02,48.290001,48.950001,46.709999,47.529999,45.662006,2278700
2018-04-03,47.639999,48.220001,47.520000,48.200001,46.305676,1119300
2018-04-04,47.590000,49.500000,47.560001,49.419998,47.477726,1174000
2018-04-05,49.549999,50.139999,49.169998,50.070000,48.102180,764100
2018-04-06,49.650002,49.950001,47.650002,48.029999,46.142353,1309000
2018-04-09,48.369999,48.730000,47.580002,48.029999,46.142353,1643100
2018-04-10,48.570000,49.669998,48.540001,49.470001,47.525761,1478500
2018-04-11,49.040001,49.820000,48.880001,49.009998,47.083836,940300
2018-04-12,49.020000,49.419998,48.099998,48.369999,46.468994,1106500
2018-04-13,48.639999,48.779999,47.150002,47.389999,45.527512,1536800
2018-04-16,47.660000,48.049999,47.000000,47.849998,45.969433,1348600
2018-04-17,48.250000,48.340000,47.070000,47.150002,45.296940,1386500
2018-04-18,47.389999,48.119999,47.230000,47.279999,45.421829,1022100
2018-04-19,47.060001,47.110001,45.810001,46.720001,44.883842,1652700
2018-04-20,46.759998,47.869999,46.529999,46.779999,44.941483,1327700
2018-04-23,46.820000,48.240002,46.720001,48.150002,46.257641,1446800
2018-04-24,48.169998,48.799999,47.619999,47.889999,46.007858,1475500
2018-04-25,47.799999,48.810001,47.279999,48.730000,46.814846,1372400
2018-04-26,48.599998,49.759998,48.369999,49.680000,47.727509,1690700
2018-04-27,49.520000,51.619999,49.509998,51.599998,49.572048,2404700
2018-04-30,51.709999,52.139999,50.529999,50.560001,48.572922,2376900
2018-05-01,49.900002,51.099998,49.459999,50.169998,48.198250,1349900
2018-05-02,49.990002,50.480000,49.270000,50.200001,48.227074,1195200
2018-05-03,50.040001,50.090000,49.230000,49.279999,47.343231,2264400
2018-05-04,49.110001,49.689999,48.570000,49.490002,47.544975,1043800
2018-05-07,49.740002,49.740002,47.990002,48.520000,46.613102,1075500
2018-05-08,48.459999,48.820000,48.049999,48.400002,46.497818,1181900
2018-05-09,48.500000,49.419998,47.990002,49.270000,47.333626,1876800
2018-05-10,48.849998,48.889999,47.560001,48.580002,46.670746,1681000
2018-05-11,48.240002,49.160000,47.959999,48.799999,46.882092,925000
2018-05-14,49.000000,49.450001,48.750000,49.320000,47.381653,2139500
2018-05-15,49.119999,50.040001,48.680000,49.860001,47.900433,1551800
2018-05-16,51.060001,51.560001,49.549999,51.049999,49.043667,3042100
2018-05-17,50.639999,51.869999,50.509998,50.910000,49.266239,5173500
2018-05-18,46.830002,47.200001,45.349998,45.360001,43.895432,11422400
2018-05-21,45.730000,46.360001,45.250000,45.840000,44.359940,3733900
2018-05-22,46.060001,46.549999,45.610001,45.770000,44.292198,3483900
2018-05-23,46.320000,47.740002,46.180000,47.619999,46.082466,3086200
2018-05-24,47.529999,49.259998,47.520000,48.740002,47.166302,3065700
2018-05-25,48.529999,49.380001,48.090000,48.930000,47.350170,2491900
2018-05-29,48.689999,49.150002,48.599998,48.959999,47.379204,1645800
2018-05-30,49.169998,49.680000,48.770000,49.000000,47.417908,1603500
2018-05-31,48.799999,49.400002,48.310001,49.029999,47.446938,2224300
2018-06-01,49.080002,50.080002,49.080002,49.590000,47.988861,1332400
2018-06-04,49.830002,51.009998,49.740002,50.950001,49.304951,1861800
2018-06-05,51.000000,52.029999,50.790001,51.740002,50.069443,2844600
2018-06-06,51.689999,51.990002,51.270000,51.840000,50.166218,1724700
2018-06-07,52.000000,53.410000,51.410000,52.189999,50.504910,2463400
2018-06-08,51.910000,52.549999,51.549999,52.470001,50.775871,1624800
2018-06-11,52.500000,53.080002,52.169998,52.259998,50.572651,1905100
2018-06-12,52.380001,53.360001,52.060001,52.930000,51.221020,2106500
2018-06-13,53.150002,53.250000,51.439999,51.490002,49.827515,2018500
2018-06-14,51.369999,51.369999,49.740002,49.869999,48.259819,3028400
2018-06-15,49.770000,50.529999,49.410000,50.490002,48.859802,2391400
2018-06-18,50.349998,51.630001,50.259998,51.599998,49.933956,1779800
2018-06-19,51.040001,51.590000,50.820000,51.180000,49.527523,1728800
2018-06-20,51.490002,51.910000,51.040001,51.830002,50.156536,1097300
2018-06-21,52.250000,52.980000,51.980000,52.779999,51.075863,2067100
2018-06-22,53.000000,53.049999,51.340000,51.430000,49.769447,2022600
2018-06-25,51.169998,51.669998,50.669998,50.900002,49.256565,1729500
2018-06-26,51.090000,51.660000,50.349998,51.570000,49.904930,2111300
2018-06-27,51.410000,52.200001,51.220001,51.330002,49.672684,1737800
2018-06-28,51.240002,52.560001,51.029999,52.380001,50.688782,1302600
2018-06-29,52.680000,52.810001,51.700001,51.779999,50.108150,1524900
2018-07-02,50.000000,50.709999,49.130001,50.709999,49.072701,2246300
2018-07-03,50.810001,51.830002,50.779999,51.380001,49.721069,927700
2018-07-05,51.880001,53.169998,51.680000,53.119999,51.404884,3729000
2018-07-06,53.009998,54.090000,52.889999,53.950001,52.208092,3272400
2018-07-09,54.000000,54.110001,52.369999,53.520000,51.791969,4130100
2018-07-10,52.000000,52.430000,50.310001,52.090000,50.408142,7675700
2018-07-11,52.029999,53.549999,51.630001,53.419998,51.695198,3057400
2018-07-12,53.549999,53.689999,52.439999,53.389999,51.666168,3253300
2018-07-13,53.250000,53.860001,52.020000,52.180000,50.495232,2310900
2018-07-16,52.240002,52.759998,51.720001,52.430000,50.737164,1282300
2018-07-17,52.250000,52.700001,51.660000,52.310001,50.621037,1338000
2018-07-18,52.400002,53.180000,52.310001,53.060001,51.346821,1314700
2018-07-19,53.000000,54.090000,52.990002,54.029999,52.285503,1164600
2018-07-20,53.759998,54.610001,52.520000,52.590000,50.891998,4549900
2018-07-23,52.480000,53.490002,52.410000,53.099998,51.385529,1705600
2018-07-24,53.160000,53.290001,52.330002,52.520000,50.824257,1445900
2018-07-25,52.790001,53.430000,52.669998,53.410000,51.685524,1430600
2018-07-26,53.549999,54.279999,52.759998,52.830002,51.124252,1181700
2018-07-27,52.930000,53.279999,51.810001,51.970001,50.292019,1269100
2018-07-30,51.889999,52.810001,51.889999,52.490002,50.795231,1247600
2018-07-31,52.820000,53.099998,52.090000,52.410000,50.717808,1428600
2018-08-01,51.990002,52.230000,50.160000,50.259998,48.637226,1985500
2018-08-02,50.189999,50.980000,49.880001,50.750000,49.111408,2234900
2018-08-03,50.959999,51.470001,49.970001,50.580002,48.946896,2203400
2018-08-06,50.240002,51.080002,50.189999,50.930000,49.285591,1746600
2018-08-07,50.790001,51.349998,50.060001,50.990002,49.343658,2951100
2018-08-08,50.680000,51.630001,50.669998,51.570000,49.904930,1590900
2018-08-09,51.700001,52.669998,51.529999,52.549999,50.853294,1891000
2018-08-10,52.259998,53.299999,52.060001,52.580002,50.882324,2211900
2018-08-13,52.700001,53.299999,52.549999,52.950001,51.240376,1789800
2018-08-14,53.380001,54.970001,53.310001,54.880001,53.108059,2883800
2018-08-15,54.020000,54.080002,51.480000,51.860001,50.185566,3668500
2018-08-16,52.110001,52.639999,50.930000,52.279999,50.592007,5690000
2018-08-17,55.650002,59.250000,55.270000,59.180000,57.269222,17078500
2018-08-20,59.389999,61.730000,59.070000,61.560001,59.572380,9038600
2018-08-21,61.730000,62.049999,60.490002,61.349998,59.369160,4429900
2018-08-22,61.560001,61.980000,60.509998,60.570000,58.614346,2184600
2018-08-23,60.790001,62.180000,60.410000,62.000000,59.998169,2685100
2018-08-24,61.770000,62.740002,61.580002,62.060001,60.056236,5099100
2018-08-27,61.990002,61.990002,60.299999,60.590000,58.633698,2528900
2018-08-28,60.770000,62.349998,60.610001,61.990002,59.988503,2334500
2018-08-29,61.709999,61.750000,59.919998,61.380001,59.398190,2899800
2018-08-30,60.889999,62.279999,60.889999,62.250000,60.240101,2060700
2018-08-31,61.790001,63.029999,61.680000,62.849998,61.184395,2708000
2018-09-04,63.369999,65.059998,63.299999,65.019997,63.296883,3321200
2018-09-05,64.989998,65.779999,64.070000,64.830002,63.111927,5209800
2018-09-06,65.160004,66.300003,64.949997,65.110001,63.384495,2459600
2018-09-07,64.970001,66.330002,64.519997,65.720001,63.978336,2317600
2018-09-10,65.980003,66.269997,65.230003,65.489998,63.754429,2029100
2018-09-11,65.309998,66.099998,65.199997,65.660004,63.919933,1846100
2018-09-12,65.750000,66.010002,65.089996,65.839996,64.095154,1198300
2018-09-13,65.730003,66.089996,65.139999,65.480003,63.744694,1445500
2018-09-14,65.580002,65.580002,64.309998,65.500000,63.764168,1818900
2018-09-17,65.400002,65.459999,63.779999,64.099998,62.401268,1606200
2018-09-18,64.160004,64.779999,63.930000,64.059998,62.362328,1444200
2018-09-19,64.139999,64.730003,63.570000,64.139999,62.440208,1311700
2018-09-20,63.750000,63.779999,60.720001,61.029999,59.412628,4148100
2018-09-21,61.160000,62.020000,60.169998,60.340000,58.740913,3465100
2018-09-24,60.330002,60.860001,59.660000,59.990002,58.400192,1702200
2018-09-25,60.360001,60.680000,59.470001,59.740002,58.156815,2559600
2018-09-26,59.830002,61.380001,59.750000,60.380001,58.779858,1797200
2018-09-27,60.180000,60.570000,59.830002,60.020000,58.429394,1477400
2018-09-28,60.139999,60.630001,59.540001,59.810001,58.224957,1691400
2018-10-01,60.029999,61.119999,59.810001,60.630001,59.023224,2078600
2018-10-02,60.680000,60.919998,58.500000,58.540001,56.988613,1709700
2018-10-03,58.750000,59.520000,58.310001,59.279999,57.709003,1844400
2018-10-04,59.009998,59.970001,58.930000,59.330002,57.757679,2914800
2018-10-05,59.529999,60.849998,59.250000,60.259998,58.663033,2958700
2018-10-08,59.990002,62.110001,59.860001,61.919998,60.279037,2665900
2018-10-09,61.500000,62.490002,60.830002,61.400002,59.772820,2324400
2018-10-10,61.529999,62.590000,60.880001,60.980000,59.363953,1886100
2018-10-11,60.869999,61.820000,59.250000,59.290001,57.718739,1950100
2018-10-12,60.020000,61.660000,59.759998,61.490002,59.860435,2219300
2018-10-15,61.790001,62.290001,61.250000,61.880001,60.240097,1547900
2018-10-16,62.080002,62.680000,61.310001,62.560001,60.902081,1287800
2018-10-17,62.110001,62.610001,59.869999,60.410000,58.809055,1656400
2018-10-18,60.299999,60.959999,59.639999,60.110001,58.517010,1305500
2018-10-19,59.930000,60.540001,58.930000,59.439999,57.864765,1656200
2018-10-22,59.730000,60.980000,59.730000,60.520000,58.916142,2210100
2018-10-23,59.869999,60.450001,58.230000,60.130001,58.536480,1266800
2018-10-24,59.959999,62.000000,59.099998,59.279999,57.709003,3661000
2018-10-25,59.389999,61.799999,59.340000,61.500000,59.870171,2195400
2018-10-26,61.240002,62.290001,60.160000,61.119999,59.500240,2560600
2018-10-29,61.869999,64.739998,61.849998,62.590000,60.931282,3906600
2018-10-30,63.299999,67.059998,63.290001,66.900002,65.127060,3762000
2018-10-31,66.930000,67.699997,65.660004,65.769997,64.027008,5104500
2018-11-01,65.599998,66.389999,64.500000,65.489998,63.754429,2603900
2018-11-02,66.430000,67.669998,65.680000,66.489998,64.727928,1891200
2018-11-05,66.540001,67.449997,65.139999,67.349998,65.565132,1770100
2018-11-06,66.870003,67.750000,66.550003,67.459999,65.672218,1778900
2018-11-07,67.529999,67.650002,64.589996,66.440002,64.679253,3010800
2018-11-08,65.000000,67.199997,65.000000,66.540001,64.776604,1814500
2018-11-09,66.320000,66.349998,65.080002,65.459999,63.725227,1584100
2018-11-12,66.029999,66.599998,64.220001,64.300003,62.595970,1897800
2018-11-13,65.099998,65.129997,63.730000,63.910000,62.216301,2722300
2018-11-14,63.910000,65.239998,60.810001,61.099998,59.480770,3427600
2018-11-15,59.900002,60.250000,58.250000,58.990002,57.426689,4892700
2018-11-16,52.599998,52.599998,49.830002,50.930000,49.580288,12772000
2018-11-19,51.200001,51.889999,49.869999,51.259998,49.901543,4402100
2018-11-20,49.110001,51.759998,48.270000,50.990002,49.638702,4074100
2018-11-21,51.180000,52.680000,51.180000,52.330002,50.943188,3275500
2018-11-23,51.680000,52.470001,51.360001,51.540001,50.531406,1711600
2018-11-26,51.919998,52.889999,51.689999,52.290001,51.266731,3710300
2018-11-27,52.290001,53.150002,52.130001,52.990002,51.953037,2405900
2018-11-28,53.189999,54.549999,52.900002,54.480000,53.413872,2634900
2018-11-29,54.380001,54.650002,51.919998,52.299999,51.276535,3852300
2018-11-30,51.980000,53.540001,51.939999,52.869999,51.835381,3680900
2018-12-03,53.380001,53.770000,51.939999,53.150002,52.109905,2689300
2018-12-04,53.040001,53.349998,50.369999,50.820000,49.825497,4275500
2018-12-06,50.310001,50.910000,49.290001,50.689999,49.698040,3493500
2018-12-07,50.740002,51.139999,49.000000,49.360001,48.394070,2758500
2018-12-10,49.570000,49.669998,47.830002,49.040001,48.080330,2453600
2018-12-11,49.500000,50.299999,48.520000,49.040001,48.080330,2133600
2018-12-12,49.639999,50.660000,49.259998,50.169998,49.188217,3000600
2018-12-13,49.970001,50.430000,48.410000,48.970001,48.011703,2577200
2018-12-14,48.840000,49.980000,48.369999,48.610001,47.658745,2426200
2018-12-17,48.380001,48.770000,47.439999,47.660000,46.727337,2454600
2018-12-18,47.990002,48.810001,47.680000,48.310001,47.364616,2889300
2018-12-19,48.290001,48.779999,46.660000,46.799999,45.884163,2453600
2018-12-20,46.560001,47.070000,45.439999,46.130001,45.227276,3164500
2018-12-21,46.259998,46.959999,44.230000,44.320000,43.452694,3989100
2018-12-24,44.080002,44.950001,43.700001,44.189999,43.325237,2869700
2018-12-26,44.700001,46.939999,44.700001,46.750000,45.835144,4339800
2018-12-27,46.090000,46.669998,44.910000,46.660000,45.746906,2415200
2018-12-28,46.840000,46.889999,45.660000,46.049999,45.148842,2261400
2018-12-31,46.119999,47.099998,45.549999,46.610001,45.697884,1972000
2019-01-02,45.959999,48.099998,45.669998,47.480000,46.550858,2768400
2019-01-03,47.240002,48.110001,46.590000,47.000000,46.080254,2919700
2019-01-04,47.480000,47.689999,46.669998,46.970001,46.050842,2849600
2019-01-07,46.740002,48.910000,46.650002,48.160000,47.217548,2384700
2019-01-08,49.430000,49.980000,47.860001,49.020000,48.060722,2424700
2019-01-09,48.910000,49.959999,48.209999,49.290001,48.325439,3078300
2019-01-10,45.810001,47.340000,44.599998,47.299999,46.374378,4227800
2019-01-11,47.209999,48.770000,46.840000,47.380001,46.452816,3632600
2019-01-14,47.189999,47.849998,46.939999,47.279999,46.354771,1801300
2019-01-15,47.070000,47.560001,46.980000,47.259998,46.335163,1987100
2019-01-16,43.259998,45.070000,43.040001,45.009998,44.129192,10653100
2019-01-17,44.830002,46.080002,44.770000,45.880001,44.982170,3466400
2019-01-18,46.270000,47.869999,46.270000,47.520000,46.590076,4108800
2019-01-22,47.259998,47.830002,46.779999,47.070000,46.148880,2321600
2019-01-23,47.160000,47.160000,45.900002,46.630001,45.717495,2146400
2019-01-24,46.540001,46.740002,45.599998,46.720001,45.805733,2472600
2019-01-25,47.000000,47.650002,46.730000,47.080002,46.158688,2600800
2019-01-28,46.650002,46.730000,45.689999,46.060001,45.158646,3727300
2019-01-29,45.959999,46.090000,45.240002,45.919998,45.021385,3354900
2019-01-30,46.000000,46.349998,45.250000,45.380001,44.491955,3083300
2019-01-31,45.230000,46.450001,44.959999,46.410000,45.501801,4780000
2019-02-01,46.480000,46.799999,45.200001,45.330002,44.442932,3870100
2019-02-04,45.490002,46.000000,45.020000,45.820000,44.923340,1948600
2019-02-05,46.250000,46.790001,45.959999,46.619999,45.707684,2081300
2019-02-06,46.310001,46.730000,45.820000,46.110001,45.207668,1820800
2019-02-07,46.150002,46.650002,45.810001,46.410000,45.501801,2530800
2019-02-08,46.220001,46.369999,45.380001,45.470001,44.580193,2343800
2019-02-11,45.560001,45.599998,45.029999,45.360001,44.472343,3317900
2019-02-12,45.500000,46.349998,45.209999,45.750000,44.854713,2288400
2019-02-13,45.580002,45.580002,43.720001,44.610001,43.737022,5568200
2019-02-14,44.040001,44.689999,43.500000,43.900002,43.040916,5066600
2019-02-15,44.330002,44.840000,44.220001,44.439999,43.570347,3501100
2019-02-19,44.509998,45.450001,44.110001,45.250000,44.364498,2838400
2019-02-20,45.250000,45.799999,44.880001,45.000000,44.119392,2360600
2019-02-21,45.009998,45.369999,44.349998,44.490002,43.619373,2410300
2019-02-22,43.500000,44.040001,43.150002,44.040001,43.178177,3661000
2019-02-25,44.389999,45.349998,44.299999,44.810001,43.933109,4357400
2019-02-26,45.060001,46.599998,44.919998,45.590000,44.697845,3816800
2019-02-27,45.590000,47.279999,45.459999,47.259998,46.335163,4847600
2019-02-28,47.590000,47.650002,46.500000,47.279999,46.354771,6315300
2019-03-01,48.430000,48.869999,45.570000,46.779999,45.864555,6013200
2019-03-04,46.869999,46.930000,45.369999,45.470001,44.580193,3688100
2019-03-05,45.860001,45.980000,44.740002,45.330002,44.442932,3149700
2019-03-06,45.549999,45.980000,44.660000,44.720001,43.844868,2383700
2019-03-07,44.500000,44.990002,43.619999,44.750000,43.874279,2757900
2019-03-08,44.299999,44.299999,43.560001,43.880001,43.379982,1939900
2019-03-11,43.860001,44.549999,43.720001,44.330002,43.824856,1879500
2019-03-12,44.439999,44.459999,43.820000,44.430000,43.923714,1930000
2019-03-13,44.360001,44.860001,43.990002,44.470001,43.963257,2237100
2019-03-14,44.209999,44.549999,43.919998,44.459999,43.953369,2530700
2019-03-15,44.470001,44.540001,43.279999,43.740002,43.241577,3020400
2019-03-18,43.910000,44.220001,43.610001,44.189999,43.686447,2879500
2019-03-19,44.389999,44.950001,44.009998,44.560001,44.052235,2087900
2019-03-20,44.549999,44.639999,43.360001,43.450001,42.954880,2661800
2019-03-21,42.669998,43.820000,42.540001,43.759998,43.261345,4499600
2019-03-22,43.630001,43.880001,42.820000,42.930000,42.440807,3469000
2019-03-25,42.790001,44.290001,42.750000,43.540001,43.043858,2161200
2019-03-26,44.000000,44.590000,43.570000,43.730000,43.231689,2419400
2019-03-27,43.730000,44.730000,43.660000,44.650002,44.141209,2350600
2019-03-28,44.980000,45.919998,44.279999,44.320000,43.814968,3698900
2019-03-29,44.520000,44.680000,43.970001,44.380001,43.874283,2137500
2019-04-01,44.310001,44.959999,43.880001,44.900002,44.388359,3015200
2019-04-02,44.950001,44.990002,43.880001,43.939999,43.439297,3105800
2019-04-03,44.250000,44.669998,44.090000,44.369999,43.864395,2026400
2019-04-04,44.619999,45.560001,44.410000,45.549999,45.030949,2386000
2019-04-05,45.669998,46.200001,45.450001,45.639999,45.119923,3381800
2019-04-08,45.529999,46.029999,44.990002,45.070000,44.556419,1620500
2019-04-09,44.759998,44.860001,44.110001,44.169998,43.666676,1886600
2019-04-10,45.000000,46.000000,44.290001,44.939999,44.427902,3670200
2019-04-11,45.160000,45.689999,43.439999,43.860001,43.360210,3634200
2019-04-12,43.950001,44.259998,43.470001,43.830002,43.330551,2358000
2019-04-15,43.980000,44.040001,43.180000,43.250000,42.757160,3251700
2019-04-16,43.380001,43.490002,43.250000,43.470001,42.974655,4309500
2019-04-17,43.590000,44.180000,43.330002,43.830002,43.330551,3163800
2019-04-18,43.950001,44.349998,43.650002,43.860001,43.360210,1913600
2019-04-22,43.669998,43.750000,42.009998,42.150002,41.669697,2886200
2019-04-23,42.349998,42.520000,41.209999,41.779999,41.303909,3587400
2019-04-24,41.770000,42.500000,41.770000,42.000000,41.521404,1843000
2019-04-25,41.820000,41.980000,40.709999,41.049999,40.582230,2751400
2019-04-26,40.770000,41.389999,40.119999,41.389999,40.918354,2434300
2019-04-29,41.250000,41.630001,40.709999,40.820000,40.354851,2387900
2019-04-30,40.860001,41.130001,40.450001,41.020000,40.552570,4058100
2019-05-01,40.959999,40.990002,40.340000,40.349998,39.890205,1836500
2019-05-02,40.509998,41.040001,40.299999,40.470001,40.008839,2721000
2019-05-03,40.560001,40.689999,40.000000,40.290001,39.830891,2412600
2019-05-06,39.930000,40.669998,39.500000,40.619999,40.157127,2841100
2019-05-07,40.590000,40.619999,39.200001,39.369999,38.921371,3137100
2019-05-08,39.020000,40.349998,38.910000,39.930000,39.474991,2620400
2019-05-09,39.119999,39.980000,39.099998,39.799999,39.346474,3211300
2019-05-10,39.360001,39.560001,38.759998,39.369999,38.921371,2422000
2019-05-13,39.040001,39.119999,37.410000,37.599998,37.171539,3278200
2019-05-14,37.970001,38.490002,37.049999,38.049999,37.616413,3079300
2019-05-15,37.750000,38.099998,37.020000,37.430000,37.003479,4062900
2019-05-16,37.590000,37.849998,36.900002,36.930000,36.509178,2862200
2019-05-17,36.599998,37.700001,36.369999,37.090000,36.667355,2422400
2019-05-20,37.480000,37.799999,36.950001,37.459999,37.033138,4396000
2019-05-21,37.000000,38.189999,36.770000,37.849998,37.418694,9394100
2019-05-22,34.279999,35.209999,33.750000,34.349998,33.958576,15979500
2019-05-23,34.110001,34.810001,33.669998,33.810001,33.424732,4992100
2019-05-24,33.959999,34.020000,33.250000,33.500000,33.118263,4390700
2019-05-28,33.580002,33.959999,32.970001,32.980000,32.604187,4109200
2019-05-29,32.779999,33.040001,32.270000,32.419998,32.050568,3499900
2019-05-30,32.400002,32.930000,32.360001,32.470001,32.100002,3375800
2019-05-31,32.000000,32.000000,30.910000,31.299999,31.299999,6560200
2019-06-03,31.219999,32.430000,31.150000,32.099998,32.099998,4044700
2019-06-04,32.320000,33.180000,32.209999,32.910000,32.910000,3624900
2019-06-05,33.139999,33.320000,31.840000,31.959999,31.959999,2672800
2019-06-06,31.709999,31.870001,30.549999,31.049999,31.049999,6394800
2019-06-07,31.080000,31.730000,30.920000,31.670000,31.670000,3103900
2019-06-10,31.910000,32.799999,31.879999,32.540001,32.540001,5190300
2019-06-11,32.590000,33.169998,32.349998,32.830002,32.830002,4183800
2019-06-12,32.820000,33.009998,32.009998,32.139999,32.139999,2323700
2019-06-13,32.169998,32.709999,31.840000,32.660000,32.660000,2259500
2019-06-14,32.590000,32.669998,32.080002,32.610001,32.610001,2504300
2019-06-17,32.480000,33.119999,32.299999,32.470001,32.470001,2825400
2019-06-18,32.400002,32.930000,31.980000,32.130001,32.130001,2445000
2019-06-19,32.250000,33.389999,31.709999,33.169998,33.169998,8223200
2019-06-20,33.740002,33.869999,32.700001,33.209999,33.209999,5427100
2019-06-21,33.310001,33.759998,32.740002,33.400002,33.400002,4827600
2019-06-24,33.220001,33.220001,32.500000,32.680000,32.680000,3081900
2019-06-25,32.779999,32.830002,32.310001,32.770000,32.770000,2922000
2019-06-26,32.689999,32.930000,32.180000,32.200001,32.200001,3654700
2019-06-27,31.350000,31.850000,31.090000,31.450001,31.450001,5500100
2019-06-28,31.549999,32.160000,31.469999,31.860001,31.860001,3449100
2019-07-01,32.169998,32.799999,31.150000,31.490000,31.490000,4928600
2019-07-02,31.150000,31.200001,30.690001,30.950001,30.950001,4515600
2019-07-03,30.969999,31.370001,30.820000,31.250000,31.250000,3201900
2019-07-05,31.299999,32.139999,31.120001,31.980000,31.980000,2602300
2019-07-08,31.900000,32.290001,31.510000,31.820000,31.820000,2930700
2019-07-09,31.709999,31.850000,30.910000,30.920000,30.920000,4644800
2019-07-10,31.059999,31.059999,30.280001,30.330000,30.330000,3831300
2019-07-11,30.350000,30.770000,30.139999,30.570000,30.570000,2177900
2019-07-12,30.709999,31.490000,30.570000,31.360001,31.360001,2730500
2019-07-15,31.370001,31.799999,30.950001,31.150000,31.150000,3023700
2019-07-16,31.170000,31.430000,30.990000,31.010000,31.010000,3223900
2019-07-17,30.990000,31.080000,29.770000,29.780001,29.780001,4965700
2019-07-18,29.740000,29.750000,29.270000,29.370001,29.370001,3512600
2019-07-19,29.430000,29.959999,29.400000,29.719999,29.719999,2776200
2019-07-22,29.770000,30.030001,28.549999,28.760000,28.760000,5580800
2019-07-23,28.910000,29.120001,28.230000,29.070000,29.070000,5206700
2019-07-24,29.120001,30.160000,29.120001,30.020000,30.020000,4587900
2019-07-25,29.950001,30.309999,29.709999,30.309999,30.309999,4579600
2019-07-26,30.540001,30.540001,29.820000,30.500000,30.500000,3001500
2019-07-29,30.400000,31.040001,30.180000,30.940001,30.940001,4302800
2019-07-30,30.889999,31.020000,30.320000,30.690001,30.690001,3450100
2019-07-31,30.540001,33.919998,30.540001,33.110001,33.110001,12053000
2019-08-01,33.160000,33.299999,30.500000,30.830000,30.830000,8022400
2019-08-02,31.000000,31.360001,30.600000,30.790001,30.790001,3425400
2019-08-05,30.309999,30.350000,29.490000,30.200001,30.200001,5489100
