Date,Open,High,Low,Close,Adj Close,Volume
1980-12-12,7.022510,7.261200,7.022510,7.236075,4.305326,688500
1980-12-15,7.286325,7.411952,7.286325,7.311451,4.350173,631800
1980-12-16,7.311451,7.424514,7.085323,7.198387,4.282903,1269600
1980-12-17,7.085323,7.085323,6.934572,7.072761,4.208156,1326300
1980-12-18,7.072761,7.135574,7.035073,7.035073,4.185732,1247700
1980-12-19,7.022510,7.022510,6.871759,6.896884,4.103513,1650700
1980-12-22,6.896884,6.959697,6.834071,6.947134,4.157647,1248700
1980-12-23,6.934572,6.934572,6.834071,6.859196,4.105018,433800
1980-12-24,6.909447,6.972260,6.909447,6.959697,4.165166,252700
1980-12-26,7.035073,7.261200,7.035073,7.261200,4.345603,189000
1980-12-29,7.261200,7.261200,7.060198,7.060198,4.225309,161100
1980-12-30,7.060198,7.223512,7.060198,7.223512,4.323046,312400
1980-12-31,7.236075,7.336576,7.236075,7.336576,4.390715,355200
1981-01-02,7.336576,7.336576,7.236075,7.261200,4.345603,372100
1981-01-05,7.261200,7.311451,7.210950,7.236075,4.330568,566100
1981-01-06,7.236075,7.236075,7.022510,7.085323,4.240345,1016800
1981-01-07,6.984822,6.984822,6.871759,6.922009,4.142610,1897400
1981-01-08,6.922009,6.934572,6.846633,6.859196,4.105018,594000
1981-01-09,6.859196,6.934572,6.783820,6.783820,4.059907,806900
1981-01-12,6.783820,6.846633,6.607944,6.645631,3.977205,2358100
1981-01-13,6.595381,6.595381,6.507442,6.545130,3.917059,1060600
1981-01-14,6.545130,6.620506,6.532568,6.532568,3.909538,409900
1981-01-15,6.532568,6.557693,6.494880,6.557693,3.924578,272600
1981-01-16,6.557693,6.633069,6.557693,6.607944,3.954648,212900
1981-01-19,6.607944,6.633069,6.545130,6.545130,3.917059,492500
1981-01-20,6.545130,6.633069,6.532568,6.532568,3.909538,344200
1981-01-21,6.532568,6.557693,6.457192,6.520005,3.902022,496400
1981-01-22,6.520005,6.557693,6.494880,6.532568,3.909538,514400
1981-01-23,6.532568,6.670757,6.532568,6.645631,3.977205,362100
1981-01-26,6.645631,6.645631,6.532568,6.645631,3.977205,363100
1981-01-27,6.670757,6.746132,6.670757,6.733570,4.029831,271600
1981-01-28,6.783820,6.821508,6.783820,6.796383,4.067426,188000
1981-01-29,6.783820,6.783820,6.733570,6.746132,4.037352,262600
1981-01-30,6.733570,6.733570,6.482317,6.482317,3.879464,192000
1981-02-02,6.432066,6.432066,6.319003,6.331566,3.789247,496400
1981-02-03,6.331566,6.557693,6.331566,6.557693,3.924578,557200
1981-02-04,6.557693,6.633069,6.507442,6.595381,3.947134,571100
1981-02-05,6.595381,6.834071,6.595381,6.771258,4.052391,594000
1981-02-06,6.846633,6.972260,6.846633,6.934572,4.150126,805900
1981-02-09,6.934572,6.984822,6.884321,6.896884,4.127572,198900
1981-02-10,6.896884,6.934572,6.846633,6.896884,4.127572,191000
1981-02-11,6.859196,6.859196,6.796383,6.808946,4.074942,327300
1981-02-12,6.808946,6.834071,6.721007,6.783820,4.059907,411900
1981-02-13,6.758695,6.758695,6.683319,6.721007,4.022315,423800
1981-02-17,6.721007,6.771258,6.683319,6.683319,3.999760,583000
1981-02-18,6.658194,6.658194,6.532568,6.545130,3.917059,790000
1981-02-19,6.545130,6.557693,6.306440,6.306440,3.774209,1100400
1981-02-20,6.306440,6.306440,6.080313,6.105438,3.653916,1055700
1981-02-23,6.105438,6.155689,6.080313,6.155689,3.683988,978000
1981-02-24,6.155689,6.243627,6.155689,6.155689,3.683988,361100
1981-02-25,6.155689,6.168252,5.715997,6.042625,3.616324,2333300
1981-02-26,6.042625,6.155689,6.004937,6.118001,3.661436,1966100
1981-02-27,6.193377,6.331566,6.193377,6.319003,3.781727,926300
1981-03-02,6.319003,6.457192,6.319003,6.419504,3.841874,398900
1981-03-03,6.419504,6.444629,6.218502,6.218502,3.721582,317400
1981-03-04,6.218502,6.256190,6.105438,6.105438,3.653916,1020800
1981-03-05,6.105438,6.143126,6.030063,6.030063,3.608806,1553100
1981-03-06,6.030063,6.180814,6.004937,6.180814,3.699028,585000
1981-03-09,6.180814,6.381816,6.180814,6.319003,3.781727,374100
1981-03-10,6.319003,6.482317,6.319003,6.432066,3.849394,786000
1981-03-11,6.419504,6.419504,6.331566,6.381816,3.819318,415900
1981-03-12,6.419504,6.708445,6.419504,6.695882,4.007280,395900
1981-03-13,6.695882,6.808946,6.570256,6.570256,3.932095,1053700
1981-03-16,6.570256,6.783820,6.545130,6.783820,4.059907,431800
1981-03-17,6.783820,6.821508,6.633069,6.733570,4.029831,528300
1981-03-18,6.733570,6.959697,6.670757,6.922009,4.142610,848700
1981-03-19,6.922009,7.035073,6.859196,6.884321,4.120054,824800
1981-03-20,6.884321,6.997385,6.884321,6.909447,4.135092,563100
1981-03-23,6.909447,6.934572,6.859196,6.909447,4.135092,741200
1981-03-24,6.959697,7.072761,6.959697,6.997385,4.187718,1140200
1981-03-25,7.009948,7.148137,7.009948,7.135574,4.270421,412900
1981-03-26,7.135574,7.223512,7.035073,7.072761,4.232830,571100
1981-03-27,7.072761,7.110449,6.909447,7.009948,4.219220,555200
1981-03-30,7.009948,7.035073,6.909447,6.997385,4.211657,391000
1981-03-31,7.009948,7.361701,7.009948,7.261200,4.370447,1214800
1981-04-01,7.261200,7.311451,7.173262,7.273763,4.378006,438700
1981-04-02,7.273763,7.311451,7.236075,7.248638,4.362881,595900
1981-04-03,7.248638,7.273763,7.198387,7.223512,4.347758,807900
1981-04-06,7.223512,7.236075,7.123011,7.185824,4.325077,660600
1981-04-07,7.185824,7.210950,7.148137,7.185824,4.325077,562100
1981-04-08,7.261200,7.449640,7.261200,7.437077,4.476303,1135200
1981-04-09,7.437077,7.638079,7.386827,7.612954,4.582161,993000
1981-04-10,7.612954,7.864206,7.600391,7.864206,4.733388,1051700
1981-04-13,7.864206,8.090334,7.726017,7.977270,4.801440,1485500
1981-04-14,7.977270,7.989833,7.876769,7.939582,4.778756,2143200
1981-04-15,7.914457,7.914457,7.801394,7.876769,4.740952,427800
1981-04-16,7.876769,7.901895,7.788831,7.839081,4.718265,597000
1981-04-20,7.839081,8.115459,7.801394,8.090334,4.869492,1052700
1981-04-21,8.090334,8.266211,8.052646,8.115459,4.884616,636800
1981-04-22,8.115459,8.416963,8.077771,8.404400,5.058523,1227800
1981-04-23,8.542588,8.718466,8.542588,8.617965,5.187067,1068600
1981-04-24,8.567714,8.567714,8.454650,8.467213,5.096328,401900
1981-04-27,8.467213,8.580276,8.442087,8.454650,5.088772,477600
1981-04-28,8.454650,8.479775,8.140584,8.203398,4.937545,833800
1981-04-29,8.178272,8.178272,7.939582,7.989833,4.809001,1230800
1981-04-30,7.939582,7.939582,7.788831,7.801394,4.695580,600900
1981-05-01,7.801394,7.889332,7.738580,7.751143,4.665336,828800
1981-05-04,7.638079,7.638079,7.462203,7.512453,4.521670,691500
1981-05-05,7.512453,7.575266,7.437077,7.550141,4.544357,895500
1981-05-06,7.550141,7.638079,7.512453,7.512453,4.521670,455700
1981-05-07,7.512453,7.575266,7.512453,7.537578,4.536792,556100
1981-05-08,7.537578,7.575266,7.512453,7.525015,4.529232,222800
1981-05-11,7.512453,7.512453,7.349139,7.386827,4.446059,233800
1981-05-12,7.386827,7.499890,7.336576,7.499890,4.514110,399900
1981-05-13,7.499890,7.537578,7.437077,7.437077,4.476303,182000
1981-05-14,7.437077,7.612954,7.437077,7.587829,4.567039,638700
1981-05-15,7.612954,7.788831,7.612954,7.763705,4.672900,408900
1981-05-18,7.763705,7.864206,7.726017,7.776268,4.680458,178100
1981-05-19,7.776268,7.801394,7.713455,7.801394,4.695580,329300
1981-05-20,7.801394,7.939582,7.763705,7.939582,4.778756,232800
1981-05-21,7.939582,8.014958,7.901895,7.977270,4.801440,351200
1981-05-22,8.002396,8.140584,8.002396,8.052646,4.846807,265600
1981-05-26,8.052646,8.278773,8.040083,8.278773,4.982909,440700
1981-05-27,8.354149,8.743590,8.354149,8.693340,5.232438,1409900
1981-05-28,8.693340,9.095345,8.617965,8.994843,5.413908,1744200
1981-05-29,8.969718,8.969718,8.592839,8.643089,5.202191,1230800
1981-06-01,8.643089,8.668215,8.291336,8.291336,4.990477,736300
1981-06-02,8.291336,8.567714,8.241085,8.266211,4.975351,870600
1981-06-03,8.266211,8.341586,8.153147,8.341586,5.020716,816800
1981-06-04,8.341586,8.391837,7.801394,7.813956,4.703146,1529300
1981-06-05,7.813956,7.876769,7.788831,7.876769,4.740952,1618800
1981-06-08,7.876769,7.939582,7.839081,7.864206,4.733388,1373100
1981-06-09,7.864206,7.914457,7.864206,7.864206,4.733388,522300
1981-06-10,7.864206,7.952145,7.726017,7.726017,4.650212,488500
1981-06-11,7.726017,7.776268,7.562704,7.663204,4.612407,916300
1981-06-12,7.663204,7.726017,7.537578,7.562704,4.551916,445700
1981-06-15,7.562704,7.612954,7.411952,7.411952,4.461183,922300
1981-06-16,7.386827,7.386827,7.072761,7.185824,4.325077,1187000
1981-06-17,7.185824,7.248638,7.135574,7.210950,4.340199,1414800
1981-06-18,7.210950,7.210950,6.934572,6.997385,4.211657,1553100
1981-06-19,6.997385,7.311451,6.997385,7.273763,4.378006,1283500
1981-06-22,7.273763,7.298888,7.236075,7.236075,4.379528,369100
1981-06-23,7.261200,7.386827,7.261200,7.386827,4.470767,357200
1981-06-24,7.386827,7.424514,7.336576,7.374264,4.463163,745200
1981-06-25,7.374264,7.449640,7.336576,7.336576,4.440354,386000
1981-06-26,7.336576,7.336576,7.273763,7.324013,4.432749,289500
1981-06-29,7.324013,7.324013,7.236075,7.286325,4.409940,181000
1981-06-30,7.236075,7.236075,7.185824,7.185824,4.349112,125300
1981-07-01,7.160699,7.160699,7.035073,7.035073,4.257872,695500
1981-07-02,7.009948,7.009948,6.796383,6.834071,4.136218,595000
1981-07-06,6.834071,6.846633,6.633069,6.645631,4.022169,1972000
1981-07-07,6.658194,6.771258,6.658194,6.758695,4.090600,1454600
1981-07-08,6.758695,6.808946,6.670757,6.758695,4.090600,677600
1981-07-09,6.771258,6.834071,6.771258,6.796383,4.113410,795900
1981-07-10,6.796383,6.808946,6.733570,6.783820,4.105807,319300
1981-07-13,6.808946,6.884321,6.808946,6.884321,4.166635,153200
1981-07-14,6.884321,6.972260,6.783820,6.808946,4.121010,738200
1981-07-15,6.821508,6.909447,6.821508,6.909447,4.181839,439700
1981-07-16,6.909447,6.972260,6.909447,6.972260,4.219856,491500
1981-07-17,6.972260,7.009948,6.934572,6.997385,4.235065,655700
1981-07-20,6.997385,6.997385,6.909447,6.922009,4.189442,231800
1981-07-21,6.922009,6.922009,6.846633,6.871759,4.159030,406900
1981-07-22,6.871759,6.959697,6.733570,6.771258,4.098204,222800
1981-07-23,6.771258,6.771258,6.633069,6.645631,4.022169,1837700
1981-07-24,6.658194,6.758695,6.658194,6.708445,4.060186,553200
1981-07-27,6.708445,6.783820,6.695882,6.758695,4.090600,500400
1981-07-28,6.758695,6.771258,6.633069,6.645631,4.022169,430800
1981-07-29,6.645631,6.670757,6.469755,6.469755,3.915723,257600
1981-07-30,6.469755,6.532568,6.432066,6.520005,3.946138,246700
1981-07-31,6.520005,6.708445,6.507442,6.708445,4.060186,921300
1981-08-03,6.683319,6.683319,6.507442,6.532568,3.953737,329300
1981-08-04,6.532568,6.708445,6.494880,6.708445,4.060186,1055700
1981-08-05,6.733570,6.884321,6.733570,6.859196,4.151426,554200
1981-08-06,6.859196,6.859196,6.695882,6.733570,4.075393,267600
1981-08-07,6.708445,6.708445,6.545130,6.607944,3.999358,350200
1981-08-10,6.607944,6.620506,6.545130,6.607944,3.999358,275500
1981-08-11,6.607944,6.771258,6.595381,6.721007,4.067790,341200
1981-08-12,6.746132,6.871759,6.746132,6.821508,4.128617,885500
1981-08-13,6.821508,6.934572,6.796383,6.884321,4.166635,222800
1981-08-14,6.884321,6.959697,6.871759,6.896884,4.174234,187000
1981-08-17,6.896884,6.934572,6.796383,6.796383,4.113410,184000
1981-08-18,6.796383,6.808946,6.683319,6.708445,4.060186,484500
1981-08-19,6.708445,6.733570,6.658194,6.721007,4.067790,379000
1981-08-20,6.733570,6.796383,6.733570,6.733570,4.075393,420800
1981-08-21,6.733570,6.758695,6.582818,6.595381,3.991758,261600
1981-08-24,6.507442,6.507442,6.331566,6.419504,3.885309,1320300
1981-08-25,6.419504,6.482317,6.331566,6.482317,3.923324,866600
1981-08-26,6.469755,6.469755,6.406941,6.432066,3.892912,286500
1981-08-27,6.432066,6.469755,6.419504,6.457192,3.908120,174100
1981-08-28,6.457192,6.532568,6.444629,6.532568,3.953737,261600
1981-08-31,6.532568,6.607944,6.520005,6.520005,3.946138,364100
1981-09-01,6.520005,6.557693,6.432066,6.520005,3.946138,398900
1981-09-02,6.520005,6.545130,6.469755,6.469755,3.915723,458700
1981-09-03,6.432066,6.432066,6.231065,6.268753,3.794071,658600
1981-09-04,6.268753,6.281315,6.231065,6.243627,3.778863,980000
1981-09-08,6.243627,6.344128,6.231065,6.306440,3.816882,569100
1981-09-09,6.331566,6.494880,6.331566,6.469755,3.915723,394000
1981-09-10,6.532568,6.683319,6.532568,6.658194,4.029774,614900
1981-09-11,6.658194,6.708445,6.494880,6.708445,4.060186,663600
1981-09-14,6.670757,6.670757,6.482317,6.507442,3.938534,709400
1981-09-15,6.507442,6.607944,6.356691,6.356691,3.847290,1296400
1981-09-16,6.268753,6.268753,6.155689,6.231065,3.771258,1046700
1981-09-17,6.231065,6.306440,6.205939,6.218502,3.763656,1230800
1981-09-18,6.218502,6.218502,6.130564,6.130564,3.710432,883500
1981-09-21,6.130564,6.331566,6.130564,6.293878,3.809275,565100
1981-09-22,6.293878,6.319003,6.231065,6.231065,3.771258,479500
1981-09-23,6.231065,6.293878,6.092875,6.293878,3.809275,667600
1981-09-24,6.293878,6.381816,6.256190,6.319003,3.824481,1019800
1981-09-25,6.293878,6.293878,6.155689,6.155689,3.725639,479500
1981-09-28,6.155689,6.306440,6.030063,6.281315,3.826664,635700
1981-09-29,6.344128,6.545130,6.344128,6.520005,3.972078,964100
1981-09-30,6.520005,6.582818,6.494880,6.520005,3.972078,393000
1981-10-01,6.520005,6.520005,6.444629,6.507442,3.964422,633800
1981-10-02,6.507442,6.557693,6.507442,6.507442,3.964422,914400
1981-10-05,6.532568,6.633069,6.532568,6.570256,4.002689,518300
1981-10-06,6.570256,6.582818,6.494880,6.545130,3.987384,624800
1981-10-07,6.545130,6.783820,6.545130,6.758695,4.117487,410900
1981-10-08,6.758695,6.972260,6.758695,6.934572,4.224635,471600
1981-10-09,6.934572,6.972260,6.783820,6.859196,4.178715,932300
1981-10-12,6.859196,6.959697,6.821508,6.934572,4.224635,582000
1981-10-13,6.934572,6.997385,6.909447,6.934572,4.224635,406900
1981-10-14,6.934572,6.959697,6.758695,6.771258,4.125141,1142200
1981-10-15,6.771258,6.859196,6.758695,6.834071,4.163408,517400
1981-10-16,6.834071,6.859196,6.620506,6.708445,4.086874,613900
1981-10-19,6.670757,6.670757,6.607944,6.658194,4.056262,304400
1981-10-20,6.658194,6.733570,6.532568,6.557693,3.995034,634800
1981-10-21,6.557693,6.808946,6.545130,6.670757,4.063916,679500
1981-10-22,6.670757,6.670757,6.607944,6.670757,4.063916,315300
1981-10-23,6.658194,6.658194,6.582818,6.633069,4.040956,794000
1981-10-26,6.633069,6.796383,6.607944,6.796383,4.140450,649700
1981-10-27,6.796383,6.909447,6.758695,6.896884,4.201675,907400
1981-10-28,6.896884,6.934572,6.834071,6.859196,4.178715,681500
1981-10-29,6.859196,6.884321,6.821508,6.871759,4.186368,298500
1981-10-30,6.871759,7.060198,6.695882,7.035073,4.285861,1832800
1981-11-02,7.072761,7.198387,7.072761,7.198387,4.385355,868600
1981-11-03,7.198387,7.223512,7.123011,7.135574,4.347088,400900
1981-11-04,7.135574,7.336576,7.072761,7.324013,4.461888,1286500
1981-11-05,7.324013,7.424514,7.097886,7.097886,4.324130,1526300
1981-11-06,7.097886,7.148137,7.022510,7.060198,4.301169,367100
1981-11-09,7.060198,7.123011,7.009948,7.123011,4.339437,620800
1981-11-10,7.123011,7.261200,7.110449,7.110449,4.331779,1121300
1981-11-11,7.110449,7.160699,7.035073,7.135574,4.347088,540200
1981-11-12,7.160699,7.273763,7.160699,7.223512,4.400662,765100
1981-11-13,7.223512,7.248638,6.859196,6.859196,4.178715,524300
1981-11-16,6.834071,6.834071,6.658194,6.683319,4.071569,244700
1981-11-17,6.683319,6.733570,6.633069,6.658194,4.056262,436800
1981-11-18,6.658194,6.695882,6.469755,6.469755,3.941463,753200
1981-11-19,6.432066,6.432066,6.369254,6.432066,3.918502,678500
1981-11-20,6.419504,6.419504,6.344128,6.394379,3.895544,1376100
1981-11-23,6.394379,6.469755,6.394379,6.419504,3.910850,819800
1981-11-24,6.457192,6.557693,6.457192,6.557693,3.995034,498400
1981-11-25,6.557693,6.582818,6.457192,6.457192,3.933810,770100
1981-11-27,6.482317,6.520005,6.482317,6.507442,3.964422,337200
1981-11-30,6.507442,6.507442,6.444629,6.507442,3.964422,298500
1981-12-01,6.507442,6.620506,6.482317,6.557693,3.995034,933300
1981-12-02,6.557693,6.683319,6.557693,6.595381,4.017995,1166100
1981-12-03,6.595381,6.658194,6.557693,6.607944,4.025647,519300
1981-12-04,6.620506,6.783820,6.620506,6.708445,4.086874,644700
1981-12-07,6.708445,6.771258,6.695882,6.708445,4.086874,1053700
1981-12-08,6.708445,6.758695,6.633069,6.633069,4.040956,570100
1981-12-09,6.633069,6.645631,6.507442,6.507442,3.964422,579000
1981-12-10,6.532568,6.532568,6.532568,6.532568,3.979727,13900
1981-12-11,6.168252,6.168252,6.030063,6.130564,3.734822,4708300
1981-12-14,6.105438,6.105438,5.979812,6.030063,3.673598,2257600
1981-12-15,6.030063,6.030063,5.854186,5.929562,3.612371,1302400
1981-12-16,5.929562,5.929562,5.816498,5.879311,3.581754,1006900
1981-12-17,5.879311,5.992374,5.879311,5.979812,3.642985,714400
1981-12-18,5.992374,6.105438,5.992374,6.055188,3.688901,1047700
1981-12-21,6.055188,6.067750,5.979812,6.030063,3.673598,374100
1981-12-22,5.979812,5.979812,5.879311,5.891873,3.613498,1123300
1981-12-23,5.891873,5.916999,5.854186,5.854186,3.590386,415900
1981-12-24,5.854186,5.866748,5.803935,5.841623,3.582680,738200
1981-12-28,5.841623,5.866748,5.829061,5.829061,3.574977,156200
1981-12-29,5.829061,5.829061,5.678309,5.678309,3.482519,791000
1981-12-30,5.678309,5.741122,5.602933,5.703434,3.497931,1457600
1981-12-31,5.741122,5.829061,5.741122,5.803935,3.559566,437700
1982-01-04,5.778810,5.803935,5.753685,5.778810,3.544159,272600
1982-01-05,5.703434,5.753685,5.653183,5.653183,3.467110,703400
1982-01-06,5.552682,5.628058,5.464744,5.502432,3.374655,1625800
1982-01-07,5.427056,5.527557,5.326555,5.401931,3.313015,710400
1982-01-08,5.464744,5.502432,5.414494,5.452181,3.343835,854600
1982-01-11,5.339118,5.427056,5.238617,5.251179,3.220562,662600
1982-01-12,5.288867,5.339118,5.226054,5.263742,3.228264,1209900
1982-01-13,5.276305,5.351680,5.200929,5.226054,3.205151,1094400
1982-01-14,5.276305,5.326555,5.213491,5.301430,3.251379,622800
1982-01-15,5.389369,5.427056,5.339118,5.351680,3.282196,1128300
1982-01-18,5.364243,5.452181,5.263742,5.439619,3.336130,1489500
1982-01-19,5.389369,5.439619,5.326555,5.326555,3.266788,1627800
1982-01-20,5.326555,5.351680,5.301430,5.326555,3.266788,786000
1982-01-21,5.439619,5.527557,5.339118,5.502432,3.374655,1276500
1982-01-22,5.540120,5.602933,5.477307,5.489870,3.366951,1354200
1982-01-25,5.389369,5.452181,5.326555,5.427056,3.328425,1298400
1982-01-26,5.477307,5.502432,5.452181,5.489870,3.366951,1070600
1982-01-27,5.552682,5.602933,5.489870,5.602933,3.436291,966100
1982-01-28,5.690872,5.778810,5.590371,5.778810,3.544159,2026800
1982-01-29,5.816498,5.866748,5.766247,5.829061,3.574977,2166100
1982-02-01,5.690872,5.753685,5.615496,5.615496,3.443995,776100
1982-02-02,5.665746,5.703434,5.615496,5.665746,3.474816,811900
1982-02-03,5.690872,5.703434,5.665746,5.678309,3.482519,853700
1982-02-04,5.640621,5.703434,5.565245,5.602933,3.436291,1583000
1982-02-05,5.640621,5.665746,5.602933,5.602933,3.436291,1031800
1982-02-08,5.514995,5.590371,5.427056,5.439619,3.336130,1097400
1982-02-09,5.301430,5.364243,5.226054,5.251179,3.220562,1363100
1982-02-10,5.288867,5.313993,5.251179,5.276305,3.235970,1310400
1982-02-11,5.313993,5.351680,5.263742,5.326555,3.266788,1329300
1982-02-12,5.313993,5.326555,5.288867,5.301430,3.251379,1022800
1982-02-16,5.276305,5.313993,5.226054,5.313993,3.259085,1197900
1982-02-17,5.351680,5.376806,5.326555,5.326555,3.266788,1470600
1982-02-18,5.351680,5.364243,5.339118,5.339118,3.274494,1248700
1982-02-19,5.339118,5.351680,5.326555,5.339118,3.274494,1268600
1982-02-22,5.401931,5.414494,5.376806,5.389369,3.305311,2178000
1982-02-23,5.339118,5.351680,5.326555,5.326555,3.266788,1196900
1982-02-24,5.313993,5.339118,5.276305,5.288867,3.243674,2059600
1982-02-25,5.263742,5.313993,5.213491,5.263742,3.228264,2098400
1982-02-26,5.276305,5.301430,5.238617,5.301430,3.251379,1377000
1982-03-01,5.401931,5.502432,5.288867,5.477307,3.359245,5376000
1982-03-02,5.615496,5.703434,5.527557,5.565245,3.413176,4261600
1982-03-03,5.527557,5.577808,5.464744,5.502432,3.374655,3561100
1982-03-04,5.590371,5.653183,5.514995,5.577808,3.420882,3973000
1982-03-05,5.452181,5.552682,5.351680,5.376806,3.297607,1944200
1982-03-08,5.200929,5.414494,4.987364,5.025052,3.081877,1784000
1982-03-09,5.062740,5.175804,4.949677,5.100428,3.128103,2914300
1982-03-10,5.163241,5.213491,5.100428,5.112990,3.135809,3529300
1982-03-11,5.100428,5.138116,5.062740,5.087865,3.120400,1203900
1982-03-12,5.012489,5.075303,4.949677,5.050178,3.097288,1558100
1982-03-15,5.075303,5.175804,4.962239,5.175804,3.174332,1538200
1982-03-16,5.301430,5.389369,5.213491,5.326555,3.266788,1144200
1982-03-17,5.389369,5.489870,5.288867,5.452181,3.343835,723300
1982-03-18,5.514995,5.552682,5.477307,5.540120,3.397769,702400
1982-03-19,5.640621,5.690872,5.577808,5.628058,3.451701,960100
1982-03-22,5.703434,5.803935,5.602933,5.778810,3.544159,1709400
1982-03-23,5.803935,5.866748,5.728559,5.803935,3.559566,2439700
1982-03-24,5.753685,5.816498,5.690872,5.690872,3.490226,1401900
1982-03-25,5.703434,5.778810,5.628058,5.678309,3.482519,1117300
1982-03-26,5.590371,5.640621,5.540120,5.565245,3.437512,1941200
1982-03-29,5.690872,5.753685,5.628058,5.728559,3.538389,1557100
1982-03-30,5.803935,5.854186,5.753685,5.803935,3.584947,1375000
1982-03-31,5.803935,5.854186,5.741122,5.741122,3.546147,1774100
1982-04-01,5.803935,5.854186,5.753685,5.829061,3.600466,1704400
1982-04-02,5.891873,5.954687,5.829061,5.929562,3.662541,1879500
1982-04-05,5.879311,5.929562,5.829061,5.929562,3.662541,937200
1982-04-06,5.942124,5.992374,5.879311,5.942124,3.670302,1611900
1982-04-07,6.030063,6.105438,5.942124,6.030063,3.724621,2046700
1982-04-08,6.118001,6.205939,6.030063,6.168252,3.809977,2604900
1982-04-12,6.205939,6.231065,6.180814,6.180814,3.817735,1718300
1982-04-13,6.319003,6.432066,6.205939,6.205939,3.833253,2463600
1982-04-14,6.205939,6.256190,6.155689,6.231065,3.848776,1658600
1982-04-15,6.306440,6.406941,6.193377,6.394379,3.949648,2273500
1982-04-16,6.444629,6.482317,6.394379,6.419504,3.965165,1568100
1982-04-19,6.406941,6.444629,6.369254,6.394379,3.949648,1688500
1982-04-20,6.331566,6.394379,6.256190,6.256190,3.864294,1111400
1982-04-21,6.243627,6.281315,6.193377,6.281315,3.879813,802900
1982-04-22,6.281315,6.331566,6.231065,6.243627,3.856535,779000
1982-04-23,6.344128,6.457192,6.231065,6.457192,3.988449,1909400
1982-04-26,6.482317,6.557693,6.394379,6.532568,4.035004,1317300
1982-04-27,6.444629,6.557693,6.331566,6.419504,3.965165,1621800
1982-04-28,6.406941,6.482317,6.331566,6.419504,3.965165,849700
1982-04-29,6.293878,6.369254,6.218502,6.231065,3.848776,693500
1982-04-30,6.268753,6.306440,6.231065,6.256190,3.864294,574100
1982-05-03,6.319003,6.369254,6.268753,6.319003,3.903090,707400
1982-05-04,6.419504,6.507442,6.331566,6.507442,4.019484,2358100
1982-05-05,6.520005,6.570256,6.469755,6.507442,4.019484,2177000
1982-05-06,6.507442,6.557693,6.457192,6.457192,3.988449,1118300
1982-05-07,6.406941,6.482317,6.331566,6.331566,3.910850,767100
1982-05-10,6.281315,6.369254,6.180814,6.180814,3.817735,2281500
1982-05-11,6.218502,6.256190,6.180814,6.205939,3.833253,696400
1982-05-12,6.168252,6.231065,6.092875,6.130564,3.786697,3005900
1982-05-13,6.168252,6.231065,6.105438,6.143126,3.794458,783000
1982-05-14,6.268753,6.394379,6.130564,6.381816,3.941888,2830700
1982-05-17,6.344128,6.369254,6.319003,6.331566,3.910850,1173100
1982-05-18,6.331566,6.381816,6.281315,6.331566,3.910850,1714400
1982-05-19,6.369254,6.419504,6.306440,6.306440,3.895330,1302400
1982-05-20,6.231065,6.306440,6.143126,6.180814,3.817735,1567100
1982-05-21,6.180814,6.205939,6.143126,6.155689,3.802217,1400900
1982-05-24,6.231065,6.306440,6.143126,6.180814,3.817735,1567100
1982-05-25,6.092875,6.155689,6.017500,6.030063,3.724621,516300
1982-05-26,5.942124,5.979812,5.904436,5.942124,3.670302,1552200
1982-05-27,5.942124,5.979812,5.891873,5.954687,3.678061,771100
1982-05-28,5.904436,6.004937,5.803935,5.904436,3.647024,1040700
1982-06-01,5.866748,5.891873,5.829061,5.854186,3.615987,659600
1982-06-02,5.891873,5.967249,5.803935,5.967249,3.685822,913400
1982-06-03,5.929562,5.979812,5.866748,5.979812,3.693581,1020800
1982-06-04,5.879311,5.954687,5.791372,5.816498,3.592705,691500
1982-06-07,5.829061,5.879311,5.766247,5.803935,3.584947,795000
1982-06-08,5.816498,5.841623,5.791372,5.803935,3.584947,588000
1982-06-09,5.778810,5.829061,5.715997,5.803935,3.584947,1533300
1982-06-10,5.879311,5.929562,5.829061,5.854186,3.615987,1471600
1982-06-11,5.979812,6.017500,5.942124,6.004937,3.709098,1187000
1982-06-14,6.017500,6.042625,5.992374,5.992374,3.701340,1168100
1982-06-15,5.942124,5.979812,5.904436,5.954687,3.678061,1180000
1982-06-16,6.042625,6.080313,5.992374,6.004937,3.709098,1090500
1982-06-17,5.929562,6.004937,5.916999,5.942124,3.670302,645700
1982-06-18,5.929562,5.954687,5.891873,5.916999,3.654783,583000
1982-06-21,5.992374,6.042625,5.929562,6.017500,3.716860,1697400
1982-06-22,6.067750,6.130564,5.992374,6.130564,3.812163,1964100
1982-06-23,6.281315,6.432066,6.130564,6.406941,3.984024,2510400
1982-06-24,6.243627,6.419504,6.067750,6.067750,3.773106,1496400
1982-06-25,6.067750,6.118001,6.004937,6.055188,3.765296,1091500
1982-06-28,6.130564,6.180814,6.080313,6.143126,3.819975,1493500
1982-06-29,6.218502,6.256190,6.168252,6.193377,3.851223,1535200
1982-06-30,6.231065,6.293878,6.155689,6.155689,3.827786,3192900
1982-07-01,6.143126,6.193377,6.092875,6.105438,3.796542,528300
1982-07-02,6.055188,6.092875,6.004937,6.042625,3.757483,826800
1982-07-06,6.067750,6.105438,6.017500,6.080313,3.780916,651700
1982-07-07,6.143126,6.205939,6.080313,6.143126,3.819975,731300
1982-07-08,6.092875,6.155689,6.030063,6.155689,3.827786,1986000
1982-07-09,6.218502,6.268753,6.155689,6.180814,3.843412,776100
1982-07-12,6.319003,6.369254,6.256190,6.319003,3.929342,2210900
1982-07-13,6.394379,6.494880,6.281315,6.306440,3.921529,1815800
1982-07-14,6.406941,6.482317,6.319003,6.482317,4.030896,1400900
1982-07-15,6.532568,6.582818,6.482317,6.570256,4.085578,2780000
1982-07-16,6.633069,6.721007,6.532568,6.670757,4.148071,2347200
1982-07-19,6.683319,6.733570,6.633069,6.658194,4.140260,1632800
1982-07-20,6.758695,6.909447,6.607944,6.909447,4.296497,2305400
1982-07-21,6.909447,6.972260,6.834071,6.846633,4.257437,2705400
1982-07-22,6.884321,6.972260,6.783820,6.922009,4.304309,2616800
1982-07-23,6.922009,6.959697,6.871759,6.934572,4.312120,2106400
1982-07-26,6.884321,6.947134,6.821508,6.834071,4.249626,780000
1982-07-27,6.746132,6.834071,6.658194,6.658194,4.140260,1605900
1982-07-28,6.595381,6.633069,6.545130,6.582818,4.093391,1769100
1982-07-29,6.607944,6.708445,6.507442,6.683319,4.155883,1490500
1982-07-30,6.695882,6.733570,6.658194,6.658194,4.140260,1543200
1982-08-02,6.771258,6.808946,6.733570,6.808946,4.234002,2264600
1982-08-03,6.884321,6.947134,6.808946,6.808946,4.234002,4291400
1982-08-04,6.658194,6.796383,6.507442,6.532568,4.062140,2915300
1982-08-05,6.457192,6.507442,6.406941,6.507442,4.046519,1257600
1982-08-06,6.406941,6.507442,6.306440,6.331566,3.937154,1541200
1982-08-09,6.243627,6.369254,6.105438,6.344128,3.944963,2080500
1982-08-10,6.306440,6.406941,6.193377,6.205939,3.859034,1384000
1982-08-11,6.080313,6.231065,5.929562,5.929562,3.687176,1803900
1982-08-12,6.042625,6.118001,5.954687,6.017500,3.741858,3577000
1982-08-13,6.055188,6.092875,6.004937,6.080313,3.780916,721300
1982-08-16,6.143126,6.231065,6.055188,6.055188,3.765296,1770100
1982-08-17,6.180814,6.331566,6.030063,6.331566,3.937154,6599900
1982-08-18,6.457192,6.595381,6.306440,6.319003,3.929342,5033700
1982-08-19,6.281315,6.381816,6.180814,6.243627,3.882470,2238700
1982-08-20,6.406941,6.633069,6.168252,6.557693,4.077766,1693500
1982-08-23,6.708445,6.871759,6.532568,6.821508,4.241815,4934200
1982-08-24,6.834071,6.909447,6.758695,6.771258,4.210565,3769100
1982-08-25,6.871759,6.997385,6.733570,6.997385,4.351180,3696400
1982-08-26,7.123011,7.223512,7.022510,7.123011,4.429297,4330200
1982-08-27,7.072761,7.135574,6.997385,7.110449,4.421484,1544200
1982-08-30,7.160699,7.236075,7.072761,7.236075,4.499603,1724300
1982-08-31,7.424514,7.612954,7.236075,7.562704,4.702711,2638700
1982-09-01,7.449640,7.587829,7.311451,7.399389,4.601157,2440700
1982-09-02,7.562704,7.738580,7.374264,7.688330,4.780828,3633700
1982-09-03,7.952145,8.065208,7.839081,7.939582,4.937063,4315300
1982-09-07,7.813956,7.914457,7.713455,7.788831,4.843322,1829800
1982-09-08,7.826519,7.939582,7.713455,7.738580,4.812078,1740200
1982-09-09,7.751143,7.839081,7.663204,7.700892,4.788640,1264600
1982-09-10,7.713455,7.763705,7.650642,7.738580,4.812078,1890500
1982-09-13,7.851644,7.989833,7.713455,7.989833,4.968312,1795000
1982-09-14,8.077771,8.165709,7.989833,8.027521,4.991747,2168100
1982-09-15,7.989833,8.065208,7.914457,8.002396,4.976124,834800
1982-09-16,7.914457,7.989833,7.826519,7.964707,4.952688,3385000
1982-09-17,7.851644,7.952145,7.738580,7.738580,4.812078,3189000
1982-09-20,7.537578,7.600391,7.462203,7.537578,4.687085,3793900
1982-09-21,7.537578,7.612954,7.462203,7.612954,4.733958,1869600
1982-09-22,7.713455,7.839081,7.587829,7.612954,4.733958,3492400
1982-09-23,7.512453,7.638079,7.374264,7.537578,4.687085,4947200
1982-09-24,7.424514,7.462203,7.386827,7.437077,4.624591,1818800
1982-09-27,7.487328,7.587829,7.374264,7.537578,4.712558,943200
1982-09-28,7.462203,7.537578,7.374264,7.399389,4.626163,1790000
1982-09-29,7.223512,7.336576,7.097886,7.173262,4.484785,2732200
1982-09-30,7.123011,7.173262,7.072761,7.110449,4.445514,1510400
1982-10-01,7.198387,7.311451,7.085323,7.311451,4.571184,1792000
1982-10-04,7.236075,7.286325,7.185824,7.273763,4.547620,830800
1982-10-05,7.361701,7.449640,7.273763,7.386827,4.618307,1085500
1982-10-06,7.663204,7.889332,7.437077,7.889332,4.932479,1888500
1982-10-07,7.927020,8.040083,7.801394,7.914457,4.948187,4119300
1982-10-08,8.027521,8.102897,7.952145,8.090334,5.058146,5071500
1982-10-11,8.303899,8.442087,8.165709,8.341586,5.215230,2322300
1982-10-12,8.429524,8.592839,8.266211,8.467213,5.293776,4588000
1982-10-13,8.454650,8.567714,8.329023,8.429524,5.270212,1861600
1982-10-14,8.215961,8.341586,8.077771,8.090334,5.058146,2291500
1982-10-15,8.102897,8.203398,7.989833,8.040083,5.026729,1686500
1982-10-18,8.140584,8.278773,8.002396,8.278773,5.175961,2783000
1982-10-19,8.228523,8.404400,8.040083,8.165709,5.105273,3912300
1982-10-20,8.178272,8.341586,8.014958,8.316462,5.199525,2029800
1982-10-21,8.492338,8.567714,8.404400,8.542588,5.340899,2265600
1982-10-22,8.743590,8.919467,8.555151,8.555151,5.348754,2464600
1982-10-25,8.303899,8.442087,8.165709,8.165709,5.105273,1602900
1982-10-26,8.077771,8.203398,7.952145,8.190835,5.120982,7362100
1982-10-27,8.341586,8.416963,8.266211,8.291336,5.183817,3627800
1982-10-28,8.316462,8.366712,8.266211,8.266211,5.168107,1177000
1982-10-29,8.354149,8.467213,8.241085,8.391837,5.246650,1118300
1982-11-01,8.504901,8.605402,8.391837,8.580276,5.364462,1198900
1982-11-02,8.806404,8.994843,8.605402,8.869217,5.545111,3427800
1982-11-03,8.957155,9.082782,8.818967,9.057656,5.662926,4439700
1982-11-04,9.057656,9.246096,8.856654,8.932030,5.584385,2894400
1982-11-05,9.019968,9.120469,8.906905,9.032531,5.647216,916300
1982-11-08,8.781279,8.844091,8.718466,8.768716,5.482276,1406900
1982-11-09,8.894342,9.019968,8.768716,9.019968,5.639363,1555200
1982-11-10,8.818967,9.019968,8.617965,8.617965,5.388028,2105400
1982-11-11,8.580276,8.668215,8.479775,8.655652,5.411589,2727300
1982-11-12,8.768716,8.894342,8.630527,8.768716,5.482276,2942200
1982-11-15,8.668215,8.743590,8.592839,8.592839,5.372318,2232800
1982-11-16,8.379274,8.454650,8.291336,8.404400,5.254503,2158100
1982-11-17,8.530025,8.592839,8.454650,8.530025,5.333047,3985000
1982-11-18,8.504901,8.580276,8.429524,8.517464,5.325192,2025800
1982-11-19,8.542588,8.567714,8.504901,8.517464,5.325192,1550200
1982-11-22,8.416963,8.504901,8.316462,8.316462,5.199525,583000
1982-11-23,8.291336,8.341586,8.228523,8.228523,5.144545,1178000
1982-11-24,8.341586,8.416963,8.253648,8.416963,5.262358,1968100
1982-11-26,8.504901,8.580276,8.429524,8.580276,5.364462,1164100
1982-11-29,8.530025,8.580276,8.467213,8.517464,5.325192,702400
1982-11-30,8.705903,8.944592,8.454650,8.944592,5.592237,1534200
1982-12-01,8.994843,9.107907,8.869217,9.045094,5.655069,1889500
1982-12-02,9.057656,9.145595,8.969718,8.994843,5.623653,1310400
1982-12-03,8.844091,8.919467,8.768716,8.768716,5.482276,1773100
1982-12-06,8.768716,8.944592,8.580276,8.906905,5.568677,2735200
1982-12-07,9.045094,9.195846,8.881780,9.195846,5.749324,3337200
1982-12-08,9.170720,9.396848,8.944592,8.957155,5.600091,1714400
1982-12-09,8.718466,8.869217,8.555151,8.718466,5.450859,4620800
1982-12-10,8.592839,8.806404,8.366712,8.366712,5.230942,2044700
1982-12-13,8.454650,8.517464,8.391837,8.442087,5.278067,1640700
1982-12-14,8.429524,8.655652,8.190835,8.203398,5.128837,2343200
1982-12-15,8.241085,8.303899,8.165709,8.291336,5.183817,2201900
1982-12-16,8.203398,8.316462,8.090334,8.128022,5.081710,1823800
1982-12-17,8.329023,8.416963,8.228523,8.391837,5.246650,1470600
1982-12-20,8.354149,8.442087,8.266211,8.291336,5.183817,1064600
1982-12-21,8.442087,8.605402,8.266211,8.567714,5.356609,1325300
1982-12-22,8.567714,8.617965,8.517464,8.542588,5.366076,1871600
1982-12-23,8.580276,8.643089,8.504901,8.592839,5.397643,1268600
1982-12-27,8.743590,8.856654,8.617965,8.831529,5.547578,702400
1982-12-28,8.844091,8.881780,8.793841,8.793841,5.523906,586000
1982-12-29,8.818967,8.881780,8.743590,8.844091,5.555467,658600
1982-12-30,8.806404,8.881780,8.718466,8.718466,5.476556,713400
1982-12-31,8.718466,8.743590,8.680778,8.743590,5.492339,228800
1983-01-03,8.617965,8.731028,8.492338,8.517464,5.350299,1000900
1983-01-04,8.530025,8.592839,8.467213,8.580276,5.389750,1618800
1983-01-05,8.429524,8.605402,8.241085,8.329023,5.231924,1978000
1983-01-06,8.492338,8.617965,8.366712,8.492338,5.334513,1578000
1983-01-07,8.680778,8.768716,8.580276,8.693340,5.460774,2009900
1983-01-10,8.768716,8.844091,8.693340,8.731028,5.484450,1302400
1983-01-11,8.693340,8.731028,8.643089,8.655652,5.437099,675500
1983-01-12,8.869217,9.095345,8.630527,8.881780,5.579145,2238700
1983-01-13,8.994843,9.133032,8.856654,9.032531,5.673838,1811800
1983-01-14,9.271221,9.472223,9.057656,9.421972,5.918468,2183000
1983-01-17,9.635537,9.874228,9.396848,9.673225,6.076296,2048700
1983-01-18,9.761164,9.924478,9.597850,9.924478,6.234122,3353100
1983-01-19,9.798852,9.999854,9.585287,9.685788,6.084187,2694400
1983-01-20,9.622974,9.723475,9.522473,9.622974,6.044732,1071600
1983-01-21,9.547599,9.610412,9.472223,9.597850,6.028947,2056600
1983-01-24,9.359159,9.421972,9.283784,9.396848,5.902688,2235700
1983-01-25,9.560162,9.723475,9.396848,9.685788,6.084187,1624800
1983-01-26,9.660663,9.773726,9.547599,9.635537,6.052619,2066600
1983-01-27,9.786289,9.924478,9.635537,9.849102,6.186772,1748200
1983-01-28,9.974729,10.087792,9.849102,9.899353,6.218339,3258600
1983-01-31,9.836539,9.949603,9.723475,9.949603,6.249904,1253700
1983-02-01,9.811414,10.037541,9.572724,9.572724,6.013166,1893500
1983-02-02,9.660663,9.773726,9.547599,9.723475,6.107859,1212900
1983-02-03,10.037541,10.351607,9.723475,10.326482,6.486642,3273500
1983-02-04,10.954614,11.457119,10.452108,11.331492,7.117947,5142200
1983-02-07,11.180741,11.318930,11.029989,11.180741,7.023251,2952200
1983-02-08,10.916925,11.193303,10.627985,10.778737,6.770728,2598900
1983-02-09,10.640548,10.803862,10.477234,10.753612,6.754949,1803900
1983-02-10,10.879238,11.105365,10.653111,11.055115,6.944335,3085500
1983-02-11,11.067677,11.193303,10.929488,11.080240,6.960122,2068600
1983-02-14,11.256117,11.507369,11.004864,11.469682,7.204751,2355100
1983-02-15,11.344055,11.557620,11.130490,11.256117,7.070596,1592900
1983-02-16,11.218429,11.331492,11.105365,11.230991,7.054817,2267600
1983-02-17,11.168179,11.306367,11.029989,11.055115,6.944335,1487500
1983-02-18,11.117928,11.218429,11.004864,11.130490,6.991677,1825800
1983-02-22,11.143053,11.218429,11.055115,11.080240,6.960122,1672600
1983-02-23,11.180741,11.205866,11.155616,11.205866,7.039032,1440700
1983-02-24,11.318930,11.457119,11.180741,11.406868,7.165295,3090500
1983-02-25,11.281242,11.482244,11.080240,11.105365,6.975906,1408900
1983-02-28,11.168179,11.356618,10.979739,11.205866,7.039032,1799900
1983-03-01,11.344055,11.457119,11.230991,11.394305,7.157402,2780000
1983-03-02,11.482244,11.683246,11.281242,11.683246,7.338901,2701400
1983-03-03,11.632996,11.733497,11.532495,11.532495,7.244208,2029800
1983-03-04,11.519932,11.582745,11.457119,11.545057,7.252096,1189000
1983-03-07,11.406868,11.519932,11.293804,11.381743,7.149513,1231800
1983-03-08,11.130490,11.331492,10.929488,10.954614,6.881207,1801900
1983-03-09,10.753612,10.841550,10.653111,10.791300,6.778616,2273500
1983-03-10,10.703361,10.954614,10.452108,10.477234,6.581334,1708400
1983-03-11,10.301356,10.552609,10.050104,10.125480,6.360381,3490400
1983-03-14,10.188293,10.401857,9.974729,10.401857,6.533988,2403900
1983-03-15,10.527484,10.590298,10.464671,10.565172,6.662322,2016800
1983-03-16,10.728486,10.854113,10.602859,10.678236,6.733623,2978000
1983-03-17,10.753612,10.816424,10.678236,10.791300,6.804917,1243700
1983-03-18,10.879238,10.929488,10.828987,10.891800,6.868291,955200
1983-03-21,10.992301,11.155616,10.828987,11.130490,7.018806,1026800
1983-03-22,11.042552,11.230991,10.854113,10.891800,6.868291,1524300
1983-03-23,10.954614,11.004864,10.891800,10.954614,6.907906,1277500
1983-03-24,10.854113,10.967176,10.728486,10.942051,6.899982,1818800
1983-03-25,11.029989,11.143053,10.904363,11.055115,6.971280,1590000
1983-03-28,10.967176,11.117928,10.803862,10.828987,6.828682,614900
1983-03-29,10.891800,10.942051,10.828987,10.854113,6.844527,1224800
1983-03-30,10.954614,11.055115,10.854113,10.979739,6.923749,1752200
1983-03-31,10.816424,11.004864,10.627985,10.678236,6.733623,1228800
1983-04-04,10.464671,10.514921,10.401857,10.514921,6.630636,1199900
1983-04-05,10.489797,10.640548,10.326482,10.326482,6.511809,1367100
1983-04-06,10.263669,10.351607,10.163168,10.276232,6.480121,1699400
1983-04-07,10.251106,10.339045,10.163168,10.313919,6.503887,1411900
1983-04-08,10.276232,10.364170,10.175731,10.301356,6.495964,1190000
1983-04-11,10.477234,10.577735,10.376733,10.577735,6.670247,755200
1983-04-12,10.640548,10.753612,10.527484,10.703361,6.749466,2147200
1983-04-13,10.854113,10.929488,10.778737,10.904363,6.876213,1097400
1983-04-14,11.017426,11.180741,10.854113,11.168179,7.042576,2228800
1983-04-15,11.243554,11.331492,11.155616,11.205866,7.066340,2051700
1983-04-18,11.306367,11.406868,11.205866,11.268680,7.105949,1641700
1983-04-19,11.117928,11.256117,10.979739,11.017426,6.947513,1718300
1983-04-20,11.080240,11.155616,11.004864,11.143053,7.026732,1712400
1983-04-21,11.143053,11.230991,11.055115,11.067677,6.979201,1603900
1983-04-22,10.602859,10.728486,10.464671,10.602859,6.686090,2886500
1983-04-25,10.577735,10.653111,10.489797,10.502358,6.622715,1482500
1983-04-26,10.665673,10.854113,10.464671,10.854113,6.844527,1467600
1983-04-27,10.916925,11.004864,10.828987,10.891800,6.868291,2131300
1983-04-28,11.029989,11.130490,10.916925,11.004864,6.939594,952200
1983-04-29,10.916925,11.042552,10.778737,10.854113,6.844527,652700
1983-05-02,10.791300,10.879238,10.703361,10.703361,6.749466,1181000
1983-05-03,10.552609,10.703361,10.401857,10.627985,6.701939,1874600
1983-05-04,10.841550,11.055115,10.627985,10.854113,6.844527,4684500
1983-05-05,11.281242,11.532495,11.029989,11.431993,7.208937,2722300
1983-05-06,11.746059,11.984749,11.507369,11.884248,7.494124,2431800
1983-05-09,11.934499,12.009874,11.846560,11.871686,7.486202,2142200
1983-05-10,11.984749,12.110375,11.859123,11.959624,7.541657,1361100
1983-05-11,11.796309,11.896811,11.683246,11.720934,7.391142,1711400
1983-05-12,11.607870,11.758622,11.457119,11.683246,7.367373,1883500
1983-05-13,11.859123,12.009874,11.708371,11.997312,7.565422,1043700
1983-05-16,11.771185,11.821435,11.708371,11.783747,7.430751,1089500
1983-05-17,11.683246,11.758622,11.607870,11.733497,7.399061,1058600
1983-05-18,11.833998,11.859123,11.683246,11.708371,7.383219,575100
1983-05-19,11.708371,11.783747,11.582745,11.632996,7.335684,1278500
1983-05-20,11.683246,11.972187,11.670684,11.959624,7.541657,1628800
1983-05-23,11.808872,12.160626,11.758622,12.110375,7.636721,2076500
1983-05-24,12.085250,12.135501,11.934499,12.060125,7.605036,1334200
1983-05-25,12.085250,12.210876,11.821435,11.959624,7.541657,2294400
1983-05-26,11.959624,12.009874,11.808872,11.833998,7.462438,1311400
1983-05-27,11.859123,11.934499,11.758622,11.758622,7.414903,289500
1983-05-31,11.607870,11.695808,11.457119,11.457119,7.224784,1150200
1983-06-01,11.457119,11.708371,11.457119,11.708371,7.383219,1203900
1983-06-02,11.808872,12.361629,11.783747,12.361629,7.795159,2676500
1983-06-03,12.462130,12.989759,12.462130,12.939509,8.159564,4774000
1983-06-06,13.014885,13.228450,12.952072,13.102823,8.262549,2481500
1983-06-07,13.077698,13.127949,12.776195,12.776195,8.056581,1399900
1983-06-08,12.675694,13.027448,12.663132,12.763632,8.048656,4305400
1983-06-09,12.839008,12.964634,12.713382,12.914384,8.143723,2575000
1983-06-10,12.964634,13.153074,12.952072,13.115386,8.270472,2892400
1983-06-13,13.140512,13.178199,12.839008,13.090261,8.254632,2085500
1983-06-14,13.115386,13.354076,13.115386,13.316388,8.397223,1509400
1983-06-15,13.316388,13.479702,13.215887,13.404326,8.452674,1801900
1983-06-16,13.366638,13.454576,13.303825,13.366638,8.454262,1553100
1983-06-17,13.341514,13.442015,13.291263,13.366638,8.454262,985000
1983-06-20,13.341514,13.454576,13.241013,13.266137,8.390701,648700
1983-06-21,13.253575,13.366638,13.115386,13.366638,8.454262,1688500
1983-06-22,13.391764,13.567640,13.215887,13.492265,8.533722,2302400
1983-06-23,13.567640,13.969645,13.542516,13.844019,8.756205,3102400
1983-06-24,13.869143,14.045020,13.806331,13.869143,8.772096,902400
1983-06-27,13.894269,13.919394,13.793768,13.793768,8.724421,1004900
1983-06-28,13.793768,13.919394,13.328951,13.328951,8.430424,911400
1983-06-29,13.328951,13.592766,13.316388,13.517390,8.549611,1041700
1983-06-30,13.542516,13.655579,13.492265,13.617891,8.613181,1621800
1983-07-01,13.592766,13.592766,13.517390,13.567640,8.581395,430800
1983-07-05,13.316388,13.328951,13.014885,13.178199,8.335077,1261600
1983-07-06,13.178199,13.467139,13.127949,13.467139,8.517831,839700
1983-07-07,13.442015,13.567640,13.341514,13.341514,8.438373,826800
1983-07-08,13.416889,13.442015,13.266137,13.291263,8.406590,1195000
1983-07-11,13.366638,13.492265,13.366638,13.492265,8.533722,751200
1983-07-12,13.542516,13.718392,13.492265,13.517390,8.549611,2228800
1983-07-13,13.517390,13.605329,13.517390,13.517390,8.549611,1305400
1983-07-14,13.479702,13.680704,13.278700,13.278700,8.398643,1427800
1983-07-15,13.278700,13.278700,13.002322,13.090261,8.279460,1960100
1983-07-18,13.027448,13.040010,12.839008,12.889258,8.152326,3215800
1983-07-19,13.040010,13.241013,13.014885,13.178199,8.335077,1702400
1983-07-20,13.467139,14.120397,13.467139,14.120397,8.931011,3409800
1983-07-21,14.120397,14.874154,14.070146,14.874154,9.407749,3916300
1983-07-22,14.723403,14.874154,14.572651,14.660589,9.272677,2337200
1983-07-25,14.522401,14.673152,14.396774,14.509838,9.177325,858600
1983-07-26,14.534964,14.748528,14.522401,14.597776,9.232946,932300
1983-07-27,14.472150,14.899280,14.170647,14.271148,9.026358,5844700
1983-07-28,14.258585,14.271148,13.442015,13.467139,8.517831,2668600
1983-07-29,13.467139,13.517390,13.090261,13.442015,8.501934,2153100
1983-08-01,13.404326,13.894269,13.391764,13.743518,8.692637,1559100
1983-08-02,13.718392,13.768642,13.567640,13.592766,8.597288,881500
1983-08-03,13.567640,13.869143,13.517390,13.768642,8.708529,1443700
1983-08-04,13.743518,13.743518,13.542516,13.680704,8.652906,1989000
1983-08-05,13.655579,13.668141,13.504827,13.529953,8.557558,1324300
1983-08-08,13.454576,13.454576,13.215887,13.241013,8.374810,1735200
1983-08-09,13.241013,13.416889,13.241013,13.366638,8.454262,2358100
1983-08-10,13.366638,13.366638,13.241013,13.266137,8.390701,1052700
1983-08-11,13.366638,13.643017,13.341514,13.416889,8.486043,1490500
1983-08-12,13.404326,13.492265,13.266137,13.354076,8.446319,1776000
1983-08-15,13.517390,13.818893,13.517390,13.718392,8.676745,1722300
1983-08-16,13.693267,13.693267,13.416889,13.479702,8.525779,1297400
1983-08-17,13.504827,13.592766,13.391764,13.542516,8.565503,1156100
1983-08-18,13.592766,13.592766,13.391764,13.391764,8.470158,1177000
1983-08-19,13.404326,13.404326,13.065135,13.090261,8.279460,3858600
1983-08-22,13.165636,13.190762,12.725945,12.763632,8.072870,4181000
1983-08-23,12.801320,12.864133,12.700819,12.801320,8.096700,2645700
1983-08-24,12.813883,12.914384,12.663132,12.663132,8.009300,2022800
1983-08-25,12.663132,12.688256,12.612881,12.638006,7.993411,4927200
1983-08-26,12.550068,12.801320,12.550068,12.725945,8.049030,2049700
1983-08-29,12.650569,12.914384,12.650569,12.889258,8.152326,1281500
1983-08-30,12.901821,13.065135,12.864133,12.977197,8.207949,1492500
1983-08-31,12.952072,13.153074,12.939509,13.090261,8.279460,2257600
1983-09-01,13.165636,13.266137,13.090261,13.266137,8.390701,2075500
1983-09-02,13.266137,13.391764,13.266137,13.328951,8.430424,831800
1983-09-06,13.567640,13.743518,13.479702,13.743518,8.692637,973100
1983-09-07,13.718392,13.718392,13.529953,13.542516,8.565503,1256600
1983-09-08,13.542516,13.919394,13.492265,13.906832,8.795937,2144200
1983-09-09,13.919394,14.019896,13.768642,13.793768,8.724421,1626800
1983-09-12,14.070146,14.095271,13.467139,13.467139,8.517831,3519300
1983-09-13,13.416889,13.454576,13.253575,13.442015,8.501934,1553100
1983-09-14,13.442015,13.693267,13.442015,13.592766,8.597288,2375000
1983-09-15,13.617891,13.643017,13.391764,13.404326,8.478105,1481500
1983-09-16,13.454576,13.617891,13.316388,13.517390,8.549611,1311400
1983-09-19,13.479702,13.718392,13.479702,13.630454,8.646837,1283500
1983-09-20,13.793768,13.919394,13.793768,13.919394,8.830134,3419800
1983-09-21,13.894269,14.070146,13.844019,13.919394,8.830134,2262600
1983-09-22,13.894269,14.434463,13.881706,14.371649,9.117036,2342200
1983-09-23,14.409337,14.484713,14.220898,14.484713,9.188758,3263600
1983-09-26,14.723403,14.911842,14.522401,14.748528,9.356115,4682500
1983-09-27,14.748528,15.075156,14.421900,14.522401,9.212670,3580000
1983-09-28,14.597776,14.673152,14.472150,14.673152,9.308304,1726300
1983-09-29,14.622902,14.698277,14.258585,14.258585,9.045312,1435700
1983-09-30,14.019896,14.070146,13.869143,14.070146,8.925771,1522300
1983-10-03,13.969645,14.195772,13.894269,14.070146,8.925771,1243700
1983-10-04,14.145521,14.195772,14.045020,14.145521,8.973586,2220800
1983-10-05,14.170647,14.547525,14.170647,14.522401,9.212670,2400900
1983-10-06,14.472150,14.522401,14.371649,14.497275,9.196729,796900
1983-10-07,14.509838,14.509838,14.271148,14.296273,9.069218,1367100
1983-10-10,14.271148,14.572651,14.258585,14.572651,9.244553,1561100
1983-10-11,14.560088,14.572651,14.296273,14.296273,9.069218,1190000
1983-10-12,14.308836,14.396774,14.170647,14.208335,9.013436,1567100
1983-10-13,14.271148,14.321399,14.120397,14.195772,9.005467,2099400
1983-10-14,14.195772,14.220898,14.082708,14.208335,9.013436,1286500
1983-10-17,14.208335,14.648026,14.208335,14.572651,9.244553,1866600
1983-10-18,14.597776,14.987218,14.271148,14.333961,9.093126,4587000
1983-10-19,13.969645,14.396774,13.931957,14.384212,9.125007,5889400
1983-10-20,14.346523,14.371649,14.120397,14.170647,8.989530,1833700
1983-10-21,14.271148,14.271148,13.894269,14.045020,8.909834,1611900
1983-10-24,13.994770,14.333961,13.919394,14.333961,9.093126,2622800
1983-10-25,14.409337,14.648026,14.371649,14.472150,9.180793,1486500
1983-10-26,14.459587,14.547525,14.321399,14.371649,9.117036,1598900
1983-10-27,14.346523,14.396774,14.120397,14.170647,8.989530,1195000
1983-10-28,14.107834,14.183209,13.567640,13.668141,8.670751,2956100
1983-10-31,13.743518,13.743518,12.989759,13.165636,8.351974,3276500
1983-11-01,13.190762,13.504827,13.140512,13.504827,8.567148,2509400
1983-11-02,13.567640,13.567640,13.341514,13.341514,8.463543,1445700
1983-11-03,13.416889,13.416889,13.040010,13.040010,8.272280,2630700
1983-11-04,12.964634,13.014885,12.839008,13.014885,8.256337,1414800
1983-11-07,13.014885,13.291263,13.014885,13.190762,8.367908,1144200
1983-11-08,13.115386,13.241013,13.115386,13.203324,8.375879,1622800
1983-11-09,13.127949,13.567640,13.127949,13.555078,8.599021,2054600
1983-11-10,13.693267,13.869143,13.693267,13.793768,8.750443,1703400
1983-11-11,13.793768,14.246022,13.730955,14.170647,8.989530,1466600
1983-11-14,14.183209,14.371649,14.120397,14.183209,8.997494,1307400
1983-11-15,14.208335,14.396774,14.032458,14.107834,8.949684,1914300
1983-11-16,14.158084,14.321399,14.045020,14.158084,8.981556,1795000
1983-11-17,14.170647,14.246022,13.982207,14.095271,8.941710,1291500
1983-11-18,14.120397,14.120397,13.881706,13.982207,8.869985,981000
1983-11-21,13.994770,14.271148,13.994770,14.195772,9.005467,1660600
1983-11-22,14.296273,14.296273,14.045020,14.045020,8.909834,2542200
1983-11-23,14.070146,14.070146,13.768642,13.869143,8.798261,3216800
1983-11-25,13.906832,13.994770,13.806331,13.994770,8.877953,575100
1983-11-28,13.969645,14.095271,13.931957,13.969645,8.862017,1176100
1983-11-29,13.982207,14.308836,13.931957,14.308836,9.077191,1664600
1983-11-30,14.371649,14.522401,14.132959,14.170647,8.989530,1857600
1983-12-01,14.170647,14.321399,14.170647,14.271148,9.053281,1493500
1983-12-02,14.246022,14.472150,14.220898,14.283710,9.061249,1680500
1983-12-05,14.296273,14.421900,14.195772,14.346523,9.101097,1429800
1983-12-06,14.321399,14.321399,13.994770,14.032458,8.901859,908400
1983-12-07,13.919394,14.145521,13.919394,14.057583,8.917801,2249700
1983-12-08,14.019896,14.070146,13.969645,14.032458,8.901859,1419800
1983-12-09,13.994770,14.019896,13.856581,13.869143,8.798261,1637700
1983-12-12,13.894269,14.045020,13.894269,13.994770,8.877953,757200
1983-12-13,13.869143,13.994770,13.756080,13.756080,8.751677,1610900
1983-12-14,13.768642,13.869143,13.479702,13.479702,8.575844,2202900
1983-12-15,13.479702,13.479702,13.115386,13.115386,8.344067,3152100
1983-12-16,13.115386,13.316388,13.115386,13.278700,8.447962,1772000
1983-12-19,13.291263,13.492265,13.291263,13.442015,8.551862,1044700
1983-12-20,13.479702,13.542516,13.215887,13.253575,8.431981,1303400
1983-12-21,13.316388,13.442015,13.303825,13.316388,8.471938,2153100
1983-12-22,13.316388,13.442015,13.266137,13.328951,8.479932,1343200
1983-12-23,13.354076,13.454576,13.354076,13.416889,8.535875,555200
1983-12-27,13.429452,13.655579,13.416889,13.655579,8.687735,1548200
1983-12-28,13.630454,13.806331,13.592766,13.806331,8.783644,1354200
1983-12-29,13.831456,13.919394,13.768642,13.768642,8.759666,2705400
1983-12-30,13.730955,13.730955,13.643017,13.693267,8.711713,794000
1984-01-03,13.617891,13.680704,13.580203,13.617891,8.663757,1148200
1984-01-04,13.592766,13.693267,13.542516,13.630454,8.671746,2906400
1984-01-05,13.768642,13.894269,13.743518,13.844019,8.807616,2394900
1984-01-06,13.869143,13.969645,13.793768,13.944520,8.871560,2938200
1984-01-09,13.869143,14.082708,13.869143,14.045020,8.935502,1518300
1984-01-10,14.070146,14.145521,13.668141,13.668141,8.695730,2623800
1984-01-11,13.668141,13.693267,13.542516,13.605329,8.655764,1925300
1984-01-12,13.630454,13.781205,13.630454,13.693267,8.711713,1214800
1984-01-13,13.768642,13.844019,13.442015,13.479702,8.575844,3192900
1984-01-16,13.479702,13.479702,13.278700,13.442015,8.551862,1138200
1984-01-17,13.454576,13.617891,13.454576,13.605329,8.655764,1151200
1984-01-18,13.630454,13.643017,13.391764,13.391764,8.519893,1793900
1984-01-19,13.366638,13.366638,13.115386,13.115386,8.344067,1983000
1984-01-20,13.090261,13.115386,12.964634,13.052573,8.304099,2235700
1984-01-23,12.989759,13.102823,12.813883,13.090261,8.328078,3941200
1984-01-24,13.266137,13.404326,13.215887,13.316388,8.471938,5100400
1984-01-25,13.316388,13.404326,12.612881,12.688256,8.072322,2414800
1984-01-26,12.713382,12.801320,12.286252,12.386753,7.880502,4190900
1984-01-27,12.261127,12.261127,11.909373,12.198314,7.760620,5105400
1984-01-30,12.336503,12.361629,11.808872,12.085250,7.688684,4450600
1984-01-31,12.085250,12.236002,11.909373,12.135501,7.720657,3019800
1984-02-01,12.135501,12.135501,11.708371,11.808872,7.512852,4145200
1984-02-02,11.808872,12.060125,11.783747,12.022437,7.648722,4557100
1984-02-03,12.110375,12.110375,11.632996,11.632996,7.400955,3282500
1984-02-06,11.482244,11.632996,11.444556,11.457119,7.289065,4238700
1984-02-07,11.620433,11.808872,11.431993,11.758622,7.480882,3791900
1984-02-08,11.771185,11.796309,11.394305,11.406868,7.257096,2677500
1984-02-09,11.394305,11.808872,11.381743,11.557620,7.353008,5538200
1984-02-10,11.658121,11.808872,11.632996,11.658121,7.416945,3320300
1984-02-13,11.733497,11.758622,11.582745,11.683246,7.432930,3230700
1984-02-14,11.758622,11.909373,11.632996,11.884248,7.560803,2812800
1984-02-15,11.896811,12.060125,11.859123,11.909373,7.576795,4683500
1984-02-16,11.808872,11.871686,11.708371,11.833998,7.528838,2363100
1984-02-17,11.833998,11.859123,11.557620,11.582745,7.368988,1760100
1984-02-21,11.431993,11.557620,11.306367,11.306367,7.193155,2389000
1984-02-22,11.331492,11.607870,11.318930,11.557620,7.353008,2888500
1984-02-23,11.557620,11.632996,11.406868,11.582745,7.368988,3193900
1984-02-24,11.683246,11.796309,11.670684,11.783747,7.496866,2991900
1984-02-27,11.808872,11.934499,11.720934,11.884248,7.560803,1124300
1984-02-28,11.708371,11.783747,11.507369,11.557620,7.353008,1788000
1984-02-29,11.632996,11.859123,11.632996,11.708371,7.448916,2982000
1984-03-01,11.695808,12.160626,11.695808,11.934499,7.592778,4019800
1984-03-02,11.934499,12.085250,11.708371,11.846560,7.536831,2367100
1984-03-05,11.658121,11.658121,11.356618,11.381743,7.241118,3232800
1984-03-06,11.406868,11.494806,10.954614,11.017426,7.009330,2238700
1984-03-07,10.678236,10.979739,10.678236,10.803862,6.873459,3498400
1984-03-08,10.791300,10.929488,10.728486,10.803862,6.873459,3206900
1984-03-09,10.703361,10.866675,10.653111,10.841550,6.897438,2390000
1984-03-12,10.929488,11.230991,10.879238,11.230991,7.145206,2785000
1984-03-13,11.406868,11.532495,11.356618,11.369181,7.233117,2547200
1984-03-14,11.369181,11.507369,11.306367,11.444556,7.281075,3393900
1984-03-15,11.381743,11.532495,11.381743,11.444556,7.306740,2216800
1984-03-16,11.884248,11.884248,11.683246,11.708371,7.475173,5054600
1984-03-19,11.683246,11.683246,11.457119,11.557620,7.378928,2011800
1984-03-20,11.557620,11.683246,11.444556,11.607870,7.411007,1944200
1984-03-21,11.607870,11.620433,11.507369,11.545057,7.370903,1121300
1984-03-22,11.494806,11.494806,11.331492,11.369181,7.258614,1417800
1984-03-23,11.369181,11.381743,11.168179,11.306367,7.218512,1363100
1984-03-26,11.306367,11.419431,11.243554,11.344055,7.242575,2550200
1984-03-27,11.394305,11.507369,11.356618,11.507369,7.346842,1095500
1984-03-28,11.557620,11.808872,11.557620,11.808872,7.539334,2221800
1984-03-29,11.808872,11.934499,11.783747,11.821435,7.547354,2655600
1984-03-30,11.833998,11.896811,11.808872,11.859123,7.571419,1333300
1984-04-02,11.884248,11.909373,11.570183,11.570183,7.386941,2892400
1984-04-03,11.557620,11.632996,11.494806,11.607870,7.411007,2404900
1984-04-04,11.632996,11.670684,11.381743,11.419431,7.290699,3108400
1984-04-05,11.419431,11.444556,10.954614,11.004864,7.026021,3871500
1984-04-06,11.105365,11.130490,10.854113,11.029989,7.042065,2444700
1984-04-09,11.117928,11.130490,11.029989,11.117928,7.098204,1249700
1984-04-10,11.155616,11.256117,11.130490,11.180741,7.138309,1753100
1984-04-11,11.180741,11.205866,11.105365,11.117928,7.098204,2007900
1984-04-12,11.130490,11.431993,10.916925,11.431993,7.298719,2861600
1984-04-13,11.457119,11.595307,11.356618,11.431993,7.298719,2276500
1984-04-16,11.406868,11.708371,11.381743,11.658121,7.443089,4001900
1984-04-17,11.708371,11.808872,11.658121,11.658121,7.443089,2760100
1984-04-18,11.645558,11.808872,11.570183,11.632996,7.427043,2060600
1984-04-19,11.557620,11.708371,11.507369,11.683246,7.459131,1917300
1984-04-23,11.708371,11.808872,11.695808,11.708371,7.475173,1482500
1984-04-24,11.720934,11.733497,11.532495,11.570183,7.386941,2989000
1984-04-25,11.595307,11.695808,11.582745,11.670684,7.451105,1094400
1984-04-26,11.683246,11.783747,11.632996,11.708371,7.475173,1843700
1984-04-27,11.683246,12.022437,11.683246,11.884248,7.587454,2430700
1984-04-30,11.884248,12.185751,11.884248,12.173188,7.771940,2020800
1984-05-01,12.286252,12.399316,12.261127,12.386753,7.908281,2050700
1984-05-02,12.386753,12.600318,12.374190,12.411879,7.924323,3353100
1984-05-03,12.349066,12.424441,12.273689,12.298815,7.852137,3057600
1984-05-04,12.210876,12.273689,11.997312,11.997312,7.659646,1587000
1984-05-07,11.934499,11.997312,11.884248,11.909373,7.603503,2106400
1984-05-08,11.884248,12.047563,11.808872,12.035000,7.683712,1691500
1984-05-09,12.085250,12.148064,11.972187,12.035000,7.683712,2853600
1984-05-10,12.047563,12.085250,11.934499,11.972187,7.643602,2297400
1984-05-11,11.947062,11.947062,11.670684,11.833998,7.555377,1879500
1984-05-14,11.746059,11.783747,11.708371,11.746059,7.499234,941200
1984-05-15,11.758622,11.859123,11.733497,11.833998,7.555377,1555200
1984-05-16,11.833998,11.846560,11.771185,11.808872,7.539334,990000
1984-05-17,11.708371,11.720934,11.318930,11.394305,7.274657,4659600
1984-05-18,11.394305,11.444556,10.879238,11.055115,7.058103,3805900
1984-05-21,11.055115,11.105365,10.916925,10.979739,7.009980,1787000
1984-05-22,10.891800,10.954614,10.753612,10.854113,6.929771,1931300
1984-05-23,10.854113,10.904363,10.715923,10.715923,6.841546,3792900
1984-05-24,10.728486,10.753612,10.452108,10.615422,6.777380,1678500
1984-05-25,10.602859,10.678236,10.514921,10.590298,6.761337,1673500
1984-05-29,10.552609,10.552609,10.414420,10.514921,6.713217,1619800
1984-05-30,10.464671,10.904363,10.364170,10.728486,6.849567,2374100
1984-05-31,10.753612,10.753612,10.590298,10.602859,6.769359,2197900
1984-06-01,10.627985,10.678236,10.452108,10.602859,6.769359,2011800
1984-06-04,10.665673,10.854113,10.627985,10.703361,6.833527,1799600
1984-06-05,10.665673,10.665673,10.213418,10.364170,6.616971,1713300
1984-06-06,10.364170,10.477234,10.251106,10.364170,6.616971,1220800
1984-06-07,10.326482,10.326482,10.138042,10.213418,6.520720,1643000
1984-06-08,10.175731,10.213418,9.987291,10.100355,6.448539,1066900
1984-06-11,10.062667,10.665673,9.497349,9.610412,6.135737,880500
1984-06-12,9.648100,9.761164,9.497349,9.685788,6.183860,1561100
1984-06-13,9.685788,9.798852,9.535036,9.610412,6.135737,1814800
1984-06-14,9.572724,9.572724,8.856654,8.856654,5.683028,3993300
1984-06-15,8.932030,9.045094,8.818967,8.932030,5.731395,3011800
1984-06-18,8.894342,9.421972,8.894342,9.346597,5.997410,2583300
1984-06-19,9.497349,9.723475,9.421972,9.572724,6.142506,1900400
1984-06-20,9.346597,9.949603,9.346597,9.949603,6.384336,3777700
1984-06-21,9.949603,10.326482,9.836539,10.062667,6.456889,3926900
1984-06-22,10.138042,10.401857,10.024979,10.288795,6.601987,1567700
1984-06-25,10.364170,10.364170,10.024979,10.024979,6.432701,1040400
1984-06-26,9.987291,9.987291,9.535036,9.648100,6.190871,1328600
1984-06-27,9.648100,9.723475,9.459661,9.535036,6.118323,1192900
1984-06-28,9.535036,9.761164,9.497349,9.685788,6.215057,1208600
1984-06-29,9.723475,10.138042,9.723475,10.062667,6.456889,1990600
1984-07-02,10.251106,10.251106,9.874228,9.949603,6.384336,2003200
1984-07-03,10.062667,10.326482,9.987291,10.326482,6.626166,1392300
1984-07-05,10.401857,10.477234,9.911915,9.949603,6.384336,1559100
1984-07-06,9.874228,10.062667,9.723475,9.949603,6.384336,1196600
1984-07-09,10.100355,10.326482,9.987291,10.251106,6.577801,1492500
1984-07-10,10.251106,10.364170,10.100355,10.364170,6.650350,1151800
1984-07-11,10.364170,10.477234,10.100355,10.213418,6.553617,1317300
1984-07-12,10.138042,10.175731,9.535036,9.610412,6.166691,2795300
1984-07-13,9.648100,9.685788,9.459661,9.572724,6.142506,1601900
1984-07-16,9.610412,10.213418,9.497349,10.175731,6.529434,1839400
1984-07-17,10.175731,10.401857,10.138042,10.401857,6.674535,1774700
1984-07-18,10.364170,10.439546,10.138042,10.213418,6.553617,1131900
1984-07-19,10.213418,10.213418,9.836539,9.836539,6.311785,1307700
1984-07-20,9.798852,9.836539,9.421972,9.459661,6.069958,1443000
1984-07-23,9.346597,9.610412,8.894342,9.572724,6.142506,1655600
1984-07-24,9.535036,9.874228,9.421972,9.723475,6.239240,2140900
1984-07-25,9.723475,10.175731,9.685788,10.062667,6.456889,2174400
1984-07-26,10.175731,10.364170,10.100355,10.288795,6.601987,1944900
1984-07-27,10.288795,10.703361,10.251106,10.552609,6.771268,3356500
1984-07-30,10.665673,10.665673,10.326482,10.401857,6.674535,951200
1984-07-31,10.552609,10.778737,10.552609,10.703361,6.868001,1995300
1984-08-01,10.778737,11.042552,10.778737,10.967176,7.037285,3000200
1984-08-02,11.117928,11.419431,11.042552,11.193303,7.182382,3074200
1984-08-03,11.193303,12.173188,11.193303,11.947062,7.666038,4192300
1984-08-06,12.135501,12.399316,11.532495,11.833998,7.593493,3718000
1984-08-07,11.796309,12.248565,11.532495,12.022437,7.714409,2326000
1984-08-08,12.286252,12.323940,11.833998,11.947062,7.666038,1889100
1984-08-09,11.833998,12.512380,11.833998,12.323940,7.907868,1925600
1984-08-10,12.700819,12.926947,12.022437,12.060125,7.738595,773400
1984-08-13,12.135501,12.399316,11.984749,12.248565,7.859507,1471600
1984-08-14,12.323940,12.399316,11.984749,12.060125,7.738595,1440400
1984-08-15,11.947062,12.286252,11.683246,11.833998,7.593493,1597900
1984-08-16,11.909373,12.361629,11.909373,12.286252,7.883688,1397900
1984-08-17,12.399316,12.550068,12.361629,12.512380,8.028790,1387700
1984-08-20,12.550068,12.700819,12.361629,12.587755,8.077151,1026100
1984-08-21,12.663132,13.115386,12.663132,12.964634,8.318984,2505400
1984-08-22,13.115386,13.228450,12.813883,12.813883,8.222255,3075500
1984-08-23,12.813883,13.266137,12.738507,13.077698,8.391535,1749500
1984-08-24,13.153074,13.190762,13.002322,13.153074,8.439901,1866200
1984-08-27,12.889258,13.002322,12.738507,12.889258,8.270622,1165400
1984-08-28,12.813883,13.228450,12.813883,13.153074,8.439901,1327300
1984-08-29,13.228450,13.341514,12.889258,12.926947,8.294806,1368100
1984-08-30,13.002322,13.040010,12.851571,13.002322,8.343176,1107100
1984-08-31,13.002322,13.115386,12.926947,13.115386,8.415721,568100
1984-09-04,12.926947,12.964634,12.738507,12.813883,8.222255,504400
1984-09-05,12.587755,12.738507,12.550068,12.550068,8.052973,945500
1984-09-06,12.663132,12.813883,12.625443,12.663132,8.125519,1225800
1984-09-07,12.813883,12.889258,12.210876,12.437004,7.980423,1100100
1984-09-10,12.210876,12.738507,12.210876,12.550068,8.052973,1334600
1984-09-11,12.926947,13.040010,12.474691,12.474691,8.004603,2299400
1984-09-12,12.399316,12.625443,11.871686,11.984749,7.690223,1898800
1984-09-13,12.286252,12.738507,12.135501,12.738507,8.173888,2428100
1984-09-14,12.889258,13.040010,12.700819,12.813883,8.222255,2593300
1984-09-17,12.587755,13.077698,12.587755,12.851571,8.277601,1405600
1984-09-18,12.210876,12.474691,12.135501,12.248565,7.889208,3495800
1984-09-19,12.060125,12.323940,11.570183,11.607870,7.476540,3098400
1984-09-20,11.607870,12.135501,11.607870,12.022437,7.743560,1927900
1984-09-21,12.022437,12.248565,11.947062,11.947062,7.695007,1918700
1984-09-24,12.135501,12.135501,11.947062,12.135501,7.816384,965400
1984-09-25,12.135501,12.135501,11.720934,11.909373,7.670740,1440700
1984-09-26,11.871686,12.022437,11.155616,11.155616,7.185246,4242000
1984-09-27,11.004864,11.155616,10.929488,11.155616,7.185246,4334900
1984-09-28,11.117928,11.268680,10.627985,11.117928,7.160972,1774100
1984-10-01,10.854113,10.929488,10.703361,10.778737,6.942502,1499100
1984-10-02,10.778737,10.967176,10.703361,10.703361,6.893955,1323600
1984-10-03,10.741049,10.891800,10.477234,10.816424,6.966778,2582700
1984-10-04,10.929488,11.080240,10.778737,10.967176,7.063880,701700
1984-10-05,10.854113,10.854113,10.552609,10.741049,6.918229,1532900
1984-10-08,10.627985,10.703361,10.552609,10.703361,6.893955,1118700
1984-10-09,10.778737,10.816424,10.251106,10.251106,6.602658,1971400
1984-10-10,10.816424,10.854113,10.175731,10.854113,6.991050,3359800
1984-10-11,10.816424,10.816424,10.251106,10.326482,6.651206,4175700
1984-10-12,10.288795,10.401857,10.100355,10.288795,6.626935,3021500
1984-10-15,10.364170,10.741049,10.364170,10.590298,6.821126,1687800
1984-10-16,10.590298,10.665673,10.401857,10.514921,6.772582,1636400
1984-10-17,10.477234,10.514921,10.062667,10.364170,6.675481,2914700
1984-10-18,10.477234,11.155616,10.439546,11.080240,7.136695,2884800
1984-10-19,11.457119,11.457119,10.891800,10.929488,7.039598,5272500
1984-10-22,11.004864,11.117928,10.816424,10.816424,6.966778,1199900
1984-10-23,11.004864,11.155616,10.891800,11.004864,7.088151,1607200
1984-10-24,10.967176,11.004864,10.854113,10.967176,7.063880,1484200
1984-10-25,10.891800,10.891800,10.552609,10.627985,6.845406,1947500
1984-10-26,10.401857,10.401857,9.949603,10.138042,6.529837,2993600
1984-10-29,10.175731,10.251106,10.100355,10.138042,6.529837,965100
1984-10-30,10.175731,10.514921,10.175731,10.514921,6.772582,1617800
1984-10-31,10.477234,10.590298,10.401857,10.477234,6.748303,1035400
1984-11-01,10.552609,10.627985,10.401857,10.401857,6.699758,1555800
1984-11-02,10.251106,10.590298,9.874228,9.987291,6.432738,4726300
1984-11-05,9.987291,10.175731,9.949603,10.100355,6.505562,3426100
1984-11-06,10.213418,10.514921,10.138042,10.514921,6.772582,2378000
1984-11-07,10.439546,10.477234,10.213418,10.439546,6.724030,1856000
1984-11-08,10.364170,10.477234,10.326482,10.401857,6.699758,1113400
1984-11-09,10.514921,10.590298,10.439546,10.439546,6.724030,978700
1984-11-12,10.477234,10.514921,10.326482,10.514921,6.772582,911000
1984-11-13,10.439546,10.477234,10.288795,10.326482,6.651206,894100
1984-11-14,10.251106,10.477234,10.213418,10.439546,6.724030,1021500
1984-11-15,10.401857,10.552609,10.364170,10.364170,6.675481,1083800
1984-11-16,10.364170,10.477234,10.251106,10.251106,6.602658,951200
1984-11-19,10.251106,10.401857,10.251106,10.288795,6.626935,732300
1984-11-20,10.326482,10.439546,10.288795,10.364170,6.675481,1078200
1984-11-21,10.288795,10.326482,9.648100,9.874228,6.359918,4799200
1984-11-23,9.949603,10.024979,9.761164,9.874228,6.359918,1519300
1984-11-26,9.987291,10.062667,9.761164,9.836539,6.335637,2334200
1984-11-27,9.911915,9.949603,9.723475,9.761164,6.287086,1792000
1984-11-28,9.798852,9.798852,9.384285,9.610412,6.189996,1440700
1984-11-29,9.572724,9.723475,9.459661,9.572724,6.165718,1363400
1984-11-30,9.497349,9.685788,9.459661,9.459661,6.092895,991600
1984-12-03,9.497349,9.723475,9.459661,9.723475,6.262817,1520000
1984-12-04,9.723475,9.987291,9.723475,9.911915,6.384189,1990600
1984-12-05,9.911915,9.987291,9.836539,9.949603,6.408462,1237400
1984-12-06,9.874228,10.439546,9.836539,10.326482,6.651206,2520000
1984-12-07,10.326482,10.665673,10.175731,10.175731,6.554108,1581300
1984-12-10,10.175731,10.251106,9.798852,9.911915,6.384189,1280200
1984-12-11,9.685788,9.798852,9.648100,9.761164,6.287086,1330900
1984-12-12,9.610412,9.911915,9.610412,9.874228,6.391505,863600
1984-12-13,9.610412,9.685788,9.459661,9.497349,6.147552,1975000
1984-12-14,9.346597,9.685788,9.346597,9.572724,6.196341,1652700
1984-12-17,9.572724,9.685788,9.535036,9.685788,6.269526,856300
1984-12-18,9.949603,10.439546,9.911915,10.439546,6.757426,2626800
1984-12-19,10.590298,10.854113,10.477234,10.477234,6.781822,2818800
1984-12-20,10.552609,10.552609,10.288795,10.288795,6.659851,1660600
1984-12-21,10.138042,10.364170,9.911915,10.175731,6.586663,1557800
1984-12-24,10.326482,10.665673,10.288795,10.590298,6.855005,961100
1984-12-26,10.627985,10.627985,10.477234,10.552609,6.830614,1127000
1984-12-27,10.590298,10.741049,10.401857,10.439546,6.757426,885500
1984-12-28,10.364170,10.627985,10.364170,10.552609,6.830614,560800
1984-12-31,10.552609,10.552609,10.175731,10.175731,6.586663,1182300
1985-01-02,10.213418,10.288795,10.100355,10.213418,6.611055,755500
1985-01-03,10.251106,10.552609,10.213418,10.326482,6.684243,989300
1985-01-04,10.251106,10.401857,10.100355,10.213418,6.611055,822800
1985-01-07,10.439546,10.439546,10.251106,10.251106,6.635451,1074200
1985-01-08,10.326482,10.326482,9.836539,10.024979,6.489080,1715300
1985-01-09,10.062667,10.326482,10.062667,10.175731,6.586663,2052300
1985-01-10,10.024979,10.590298,10.024979,10.590298,6.855005,3333200
1985-01-11,10.552609,10.590298,10.326482,10.477234,6.781822,1523000
1985-01-14,10.514921,10.929488,10.514921,10.854113,7.025774,2874200
1985-01-15,10.967176,10.967176,10.665673,10.703361,6.928194,2821500
1985-01-16,10.703361,10.854113,10.477234,10.627985,6.879402,1976700
1985-01-17,10.703361,10.741049,10.552609,10.665673,6.903798,1073600
1985-01-18,10.703361,10.778737,10.665673,10.665673,6.903798,965400
1985-01-21,10.816424,11.381743,10.778737,11.268680,7.294115,2341900
1985-01-22,11.457119,11.457119,11.230991,11.381743,7.367308,2857600
1985-01-23,11.419431,11.419431,10.967176,11.193303,7.245331,1793600
1985-01-24,11.344055,11.494806,11.155616,11.155616,7.220935,2885800
1985-01-25,11.155616,11.532495,11.080240,11.419431,7.391701,1779300
1985-01-28,11.494806,11.570183,11.306367,11.457119,7.416096,1531900
1985-01-29,11.457119,11.796309,11.306367,11.758622,7.611256,1264300
1985-01-30,11.871686,11.871686,11.457119,11.457119,7.416096,3028400
1985-01-31,11.494806,11.494806,11.117928,11.306367,7.318516,1248000
1985-02-01,10.967176,11.193303,10.967176,11.004864,7.123356,1600900
1985-02-04,11.004864,11.344055,11.004864,11.306367,7.318516,1659300
1985-02-05,11.344055,11.570183,11.306367,11.344055,7.342906,2431400
1985-02-06,11.419431,11.457119,11.080240,11.193303,7.245331,1094100
1985-02-07,11.155616,11.268680,11.004864,11.080240,7.172144,1801200
1985-02-08,11.042552,11.117928,10.854113,11.042552,7.147748,1471200
1985-02-11,11.080240,11.230991,10.891800,11.193303,7.245331,1449000
1985-02-12,11.193303,11.344055,11.117928,11.306367,7.318516,2276900
1985-02-13,11.344055,11.457119,11.193303,11.344055,7.342906,2179700
1985-02-14,11.306367,11.306367,10.854113,11.004864,7.123356,2369100
1985-02-15,11.004864,11.042552,10.778737,10.967176,7.098959,1252700
1985-02-19,10.854113,10.929488,10.627985,10.703361,6.928194,1404200
1985-02-20,10.703361,10.816424,10.326482,10.665673,6.903798,2144200
1985-02-21,10.401857,10.590298,10.401857,10.552609,6.830614,1572700
1985-02-22,10.665673,10.665673,10.401857,10.514921,6.806217,1026100
1985-02-25,10.326482,10.326482,10.100355,10.100355,6.537874,2471200
1985-02-26,10.138042,10.326482,10.138042,10.251106,6.635451,2641000
1985-02-27,10.251106,10.439546,10.175731,10.213418,6.611055,1543200
1985-02-28,10.100355,10.439546,10.100355,10.439546,6.757426,1188300
1985-03-01,10.439546,10.627985,10.439546,10.477234,6.781822,2055300
1985-03-04,10.552609,10.552609,10.100355,10.251106,6.635451,1409900
1985-03-05,10.138042,10.251106,9.949603,10.138042,6.562269,2908400
1985-03-06,10.100355,10.175731,9.761164,9.836539,6.367105,3075900
1985-03-07,9.798852,9.874228,9.535036,9.572724,6.196341,4159100
1985-03-08,9.723475,9.949603,9.685788,9.949603,6.440293,1859600
1985-03-11,9.911915,10.100355,9.798852,9.836539,6.367105,1269900
1985-03-12,9.874228,10.024979,9.648100,9.874228,6.391505,1427500
1985-03-13,9.836539,9.836539,9.535036,9.648100,6.245128,2498400
1985-03-14,9.572724,9.723475,9.421972,9.497349,6.178445,2762400
1985-03-15,9.497349,9.685788,9.346597,9.497349,6.178445,1614500
1985-03-18,9.685788,9.723475,9.610412,9.610412,6.251998,1558100
1985-03-19,9.648100,10.024979,9.572724,9.949603,6.472656,2224800
1985-03-20,9.949603,10.024979,9.874228,9.949603,6.472656,2410900
1985-03-21,9.911915,10.477234,9.911915,10.175731,6.619761,1350500
1985-03-22,10.288795,10.288795,10.024979,10.062667,6.546207,857600
1985-03-25,10.100355,10.100355,9.874228,9.911915,6.448137,458000
1985-03-26,9.949603,9.949603,9.836539,9.874228,6.423623,1108700
1985-03-27,9.874228,10.213418,9.874228,10.100355,6.570727,2550500
1985-03-28,10.138042,10.326482,9.987291,10.100355,6.570727,2066900
1985-03-29,10.100355,10.100355,10.024979,10.024979,6.521687,795300
1985-04-01,10.100355,10.251106,10.100355,10.175731,6.619761,844700
1985-04-02,10.288795,10.326482,10.175731,10.251106,6.668795,1404600
1985-04-03,10.251106,10.251106,9.911915,10.024979,6.521687,930900
1985-04-04,9.987291,9.987291,9.648100,9.761164,6.350065,947200
1985-04-08,9.798852,9.949603,9.648100,9.798852,6.374586,1052300
1985-04-09,9.648100,9.723475,9.497349,9.610412,6.251998,1225500
1985-04-10,9.648100,9.874228,9.648100,9.798852,6.374586,1212500
1985-04-11,9.874228,10.062667,9.874228,9.949603,6.472656,1520300
1985-04-12,10.024979,10.100355,9.874228,10.024979,6.521687,884200
1985-04-15,10.062667,10.175731,9.949603,10.024979,6.521687,907700
1985-04-16,10.175731,10.288795,10.024979,10.251106,6.668795,939600
1985-04-17,10.251106,10.514921,10.213418,10.477234,6.815901,1914700
1985-04-18,10.552609,10.627985,10.175731,10.251106,6.668795,2569700
1985-04-19,9.949603,9.949603,9.723475,9.836539,6.399099,2211500
1985-04-22,9.761164,9.761164,9.610412,9.648100,6.276511,670600
1985-04-23,9.572724,9.723475,9.421972,9.648100,6.276511,1987300
1985-04-24,9.723475,9.761164,9.497349,9.572724,6.227478,1707100
1985-04-25,9.497349,10.024979,9.233533,9.384285,6.104888,3505700
1985-04-26,9.421972,9.610412,9.346597,9.610412,6.251998,2048700
1985-04-29,9.535036,9.572724,9.346597,9.346597,6.080375,748200
1985-04-30,9.384285,9.384285,9.082782,9.195846,5.982303,1954800
1985-05-01,9.271221,9.346597,8.404400,9.007406,5.859716,2168100
1985-05-02,9.045094,9.120469,8.894342,9.007406,5.859716,1548800
1985-05-03,9.045094,9.271221,9.045094,9.158157,5.957784,1639400
1985-05-06,9.082782,9.308909,9.082782,9.195846,5.982303,1061300
1985-05-07,9.271221,9.497349,9.233533,9.421972,6.129405,1341200
1985-05-08,9.384285,9.723475,9.346597,9.572724,6.227478,972100
1985-05-09,9.723475,9.761164,9.535036,9.610412,6.251998,1952200
1985-05-10,9.836539,10.213418,9.798852,10.138042,6.595245,3946800
1985-05-13,10.138042,10.175731,9.911915,9.911915,6.448137,1159500
1985-05-14,9.836539,9.874228,9.610412,9.723475,6.325548,1107400
1985-05-15,9.685788,9.874228,9.610412,9.761164,6.350065,924300
1985-05-16,9.798852,9.911915,9.761164,9.798852,6.374586,948800
1985-05-17,9.798852,10.175731,9.798852,10.138042,6.595245,707700
1985-05-20,10.251106,10.439546,10.213418,10.364170,6.742349,1551500
1985-05-21,10.326482,10.364170,10.138042,10.213418,6.644275,1950800
1985-05-22,10.175731,10.175731,9.987291,10.100355,6.570727,1145500
1985-05-23,10.138042,10.138042,9.874228,9.949603,6.472656,1519700
1985-05-24,10.024979,10.138042,9.949603,10.138042,6.595245,827100
1985-05-28,10.175731,10.213418,9.987291,10.024979,6.521687,937600
1985-05-29,9.987291,10.062667,9.836539,9.911915,6.448137,780000
1985-05-30,9.836539,9.874228,9.723475,9.798852,6.374586,1891100
1985-05-31,9.798852,9.949603,9.761164,9.874228,6.423623,2412500
1985-06-03,9.949603,10.024979,9.459661,9.648100,6.276511,1875500
1985-06-04,9.648100,9.685788,9.497349,9.610412,6.251998,1838400
1985-06-05,9.648100,9.798852,9.195846,9.271221,6.031339,2627100
1985-06-06,9.233533,9.572724,9.082782,9.572724,6.227478,2212500
1985-06-07,9.572724,9.610412,9.346597,9.572724,6.227478,1993600
1985-06-10,9.572724,10.100355,9.497349,9.987291,6.497171,1712700
1985-06-11,9.987291,10.024979,9.836539,9.874228,6.423623,850700
1985-06-12,9.648100,9.723475,9.421972,9.497349,6.178445,1450300
1985-06-13,9.421972,9.572724,9.421972,9.459661,6.153923,783700
1985-06-14,9.572724,9.572724,9.421972,9.572724,6.259398,1175700
1985-06-17,9.572724,9.572724,9.271221,9.308909,6.086895,1614200
1985-06-18,9.308909,9.497349,9.195846,9.271221,6.062254,1281200
1985-06-19,9.233533,9.572724,9.195846,9.308909,6.086895,2178700
1985-06-20,9.308909,9.421972,9.158157,9.271221,6.062254,1126300
1985-06-21,9.233533,9.535036,9.233533,9.535036,6.234755,1474900
1985-06-24,9.497349,9.949603,9.384285,9.911915,6.481188,3078500
1985-06-25,10.062667,10.251106,9.949603,10.100355,6.604405,2679200
1985-06-26,10.138042,10.288795,10.100355,10.175731,6.653691,1561800
1985-06-27,10.251106,10.401857,10.175731,10.364170,6.776908,2227400
1985-06-28,10.364170,10.364170,10.251106,10.288795,6.727623,1494100
1985-07-01,10.364170,10.439546,10.175731,10.401857,6.801548,1309000
1985-07-02,10.401857,10.514921,10.364170,10.477234,6.850837,1698400
1985-07-03,10.477234,10.477234,10.326482,10.364170,6.776908,513400
1985-07-05,10.401857,10.477234,10.364170,10.439546,6.826193,719300
1985-07-08,10.439546,10.439546,10.326482,10.364170,6.776908,776700
1985-07-09,10.251106,10.251106,9.874228,9.911915,6.481188,1936200
1985-07-10,9.911915,10.251106,9.836539,10.251106,6.702976,802900
1985-07-11,10.251106,10.326482,10.138042,10.175731,6.653691,1339200
1985-07-12,10.138042,10.213418,9.836539,9.987291,6.530475,1144500
1985-07-15,9.949603,10.175731,9.874228,9.987291,6.530475,1939500
1985-07-16,10.062667,10.552609,9.987291,10.552609,6.900125,2781700
1985-07-17,10.665673,10.816424,10.590298,10.741049,7.023341,4043000
1985-07-18,10.665673,10.891800,10.627985,10.778737,7.047985,3239400
1985-07-19,10.741049,10.967176,10.703361,10.854113,7.097271,2141900
1985-07-22,10.778737,10.967176,10.778737,10.967176,7.171203,1292500
1985-07-23,10.967176,11.230991,10.816424,10.816424,7.072625,3432700
1985-07-24,10.854113,10.891800,10.627985,10.854113,7.097271,1636100
1985-07-25,10.854113,11.080240,10.703361,11.080240,7.245130,2072600
1985-07-26,10.967176,11.080240,10.967176,11.004864,7.195849,935300
1985-07-29,11.004864,11.080240,10.741049,10.741049,7.023341,994300
1985-07-30,10.627985,10.703361,10.514921,10.590298,6.924766,2669200
1985-07-31,10.552609,11.004864,10.552609,10.929488,7.146557,2359500
1985-08-01,11.117928,11.193303,11.042552,11.193303,7.319065,2223100
1985-08-02,11.268680,11.268680,11.042552,11.230991,7.343703,1529900
1985-08-05,11.193303,11.193303,11.042552,11.155616,7.294417,1177400
1985-08-06,11.042552,11.117928,10.703361,10.741049,7.023341,1461900
1985-08-07,10.703361,10.929488,10.703361,10.854113,7.097271,1296100
1985-08-08,10.816424,10.967176,10.778737,10.967176,7.171203,1119000
1985-08-09,10.967176,10.967176,10.854113,10.891800,7.121917,573700
1985-08-12,10.816424,10.854113,10.627985,10.741049,7.023341,583400
1985-08-13,10.665673,10.703361,10.477234,10.627985,6.949411,993300
1985-08-14,10.590298,10.816424,10.590298,10.665673,6.974054,1425800
1985-08-15,10.741049,10.741049,10.514921,10.514921,6.875482,774100
1985-08-16,10.401857,10.552609,10.401857,10.477234,6.850837,524000
1985-08-19,10.439546,10.552609,10.288795,10.477234,6.850837,1003900
1985-08-20,10.627985,10.854113,10.627985,10.816424,7.072625,1513000
1985-08-21,10.741049,11.004864,10.665673,10.967176,7.171203,1356500
1985-08-22,10.929488,10.967176,10.778737,10.816424,7.072625,904100
1985-08-23,10.816424,10.891800,10.778737,10.854113,7.097271,1078200
1985-08-26,10.854113,10.929488,10.778737,10.891800,7.121917,561500
1985-08-27,11.004864,11.042552,10.854113,10.929488,7.146557,1379700
1985-08-28,10.967176,11.042552,10.967176,11.042552,7.220488,1610200
1985-08-29,11.042552,11.042552,10.929488,10.929488,7.146557,695500
1985-08-30,11.004864,11.004864,10.891800,10.967176,7.171203,436100
1985-09-03,10.929488,10.967176,10.816424,10.816424,7.072625,954800
1985-09-04,10.854113,10.854113,10.590298,10.590298,6.924766,1260000
1985-09-05,10.590298,10.665673,10.439546,10.477234,6.850837,1168400
1985-09-06,10.477234,10.627985,10.439546,10.590298,6.924766,1259300
1985-09-09,10.627985,10.854113,10.514921,10.665673,6.974054,952800
1985-09-10,10.741049,10.741049,10.401857,10.439546,6.826193,1142900
1985-09-11,10.477234,10.514921,10.401857,10.439546,6.826193,459300
1985-09-12,10.514921,10.514921,10.100355,10.138042,6.629050,2021800
1985-09-13,10.138042,10.251106,9.874228,9.949603,6.505830,1378400
1985-09-16,9.987291,10.024979,9.874228,9.987291,6.562290,481500
1985-09-17,9.987291,10.100355,9.761164,9.798852,6.438477,1150800
1985-09-18,9.836539,10.213418,9.798852,10.100355,6.636585,1429400
1985-09-19,10.175731,10.627985,10.175731,10.552609,6.933741,3170700
1985-09-20,10.590298,10.627985,10.477234,10.477234,6.884214,1179400
1985-09-23,10.816424,10.816424,10.514921,10.590298,6.958504,1927000
1985-09-24,10.552609,10.590298,10.213418,10.251106,6.735634,2017800
1985-09-25,10.251106,10.251106,10.100355,10.175731,6.686111,377000
1985-09-26,10.175731,10.439546,10.138042,10.401857,6.834687,1071200
1985-09-30,10.364170,10.439546,10.326482,10.401857,6.834687,610900
1985-10-01,10.251106,10.326482,10.100355,10.326482,6.785160,1564100
1985-10-02,10.477234,10.477234,10.213418,10.251106,6.735634,1460000
1985-10-03,10.213418,10.364170,10.138042,10.213418,6.710872,1004900
1985-10-04,10.251106,10.251106,9.874228,10.062667,6.611816,1202600
1985-10-07,9.949603,10.024979,9.874228,9.949603,6.537532,1098800
1985-10-08,9.874228,9.911915,9.648100,9.723475,6.388946,736600
1985-10-09,9.723475,9.987291,9.497349,9.497349,6.240367,2017500
1985-10-10,9.497349,9.610412,9.007406,9.120469,5.992734,3641700
1985-10-11,9.082782,9.346597,8.781279,9.346597,6.141317,3416200
1985-10-14,9.346597,9.761164,9.346597,9.761164,6.413710,746200
1985-10-15,9.761164,9.949603,9.761164,9.798852,6.438477,1817200
1985-10-16,9.798852,9.949603,9.648100,9.911915,6.512765,1118000
1985-10-17,9.987291,10.138042,9.836539,9.987291,6.562290,1376100
1985-10-18,10.100355,10.100355,9.610412,9.648100,6.339421,940200
1985-10-21,9.761164,9.836539,9.421972,9.421972,6.190838,980000
1985-10-22,9.535036,9.761164,9.459661,9.572724,6.289892,869200
1985-10-23,9.723475,9.798852,9.610412,9.648100,6.339421,477200
1985-10-24,9.874228,9.987291,9.761164,9.836539,6.463233,2214800
1985-10-25,9.761164,9.761164,9.497349,9.648100,6.339421,555500
1985-10-28,9.572724,9.572724,9.195846,9.346597,6.141317,1040000
1985-10-29,9.346597,9.497349,9.346597,9.497349,6.240367,1048400
1985-10-30,9.572724,9.572724,9.346597,9.421972,6.190838,967800
1985-10-31,9.384285,9.459661,9.308909,9.384285,6.166075,616200
1985-11-01,9.346597,9.535036,9.346597,9.459661,6.215604,731300
1985-11-04,9.497349,9.497349,9.271221,9.346597,6.141317,722300
1985-11-05,9.271221,9.535036,9.233533,9.497349,6.240367,802900
1985-11-06,9.459661,9.949603,9.459661,9.949603,6.537532,1621500
1985-11-07,9.949603,10.062667,9.798852,9.874228,6.488005,938900
1985-11-08,9.836539,9.987291,9.836539,9.911915,6.512765,734600
1985-11-11,9.949603,10.175731,9.949603,10.175731,6.686111,1079200
1985-11-12,10.175731,10.326482,10.100355,10.251106,6.735634,3316700
1985-11-13,10.175731,10.288795,10.138042,10.175731,6.686111,842700
1985-11-14,10.213418,10.552609,10.175731,10.514921,6.908980,3229400
1985-11-15,10.514921,10.627985,10.439546,10.477234,6.884214,2564700
1985-11-18,10.364170,10.552609,10.364170,10.552609,6.933741,1274900
1985-11-19,10.703361,10.929488,10.477234,10.778737,7.082325,3349800
1985-11-20,10.778737,10.816424,10.477234,10.514921,6.908980,1886500
1985-11-21,10.627985,10.778737,10.627985,10.741049,7.057558,1946200
1985-11-22,10.778737,10.891800,10.665673,10.741049,7.057558,1718700
1985-11-25,10.665673,10.741049,10.627985,10.703361,7.032790,978000
1985-11-26,10.703361,10.891800,10.514921,10.741049,7.057558,2190600
1985-11-27,10.741049,10.891800,10.703361,10.816424,7.107088,1970100
1985-11-29,10.854113,10.891800,10.514921,10.665673,7.008031,1037700
1985-12-02,10.741049,10.778737,10.590298,10.703361,7.032790,924700
1985-12-03,10.703361,10.891800,10.703361,10.816424,7.107088,1059300
1985-12-04,10.854113,11.419431,10.854113,11.306367,7.429008,5140900
1985-12-05,11.419431,11.570183,11.117928,11.230991,7.379483,4079500
1985-12-06,11.344055,11.494806,11.155616,11.419431,7.503299,3143500
1985-12-09,11.457119,11.607870,11.457119,11.457119,7.528062,1767700
1985-12-10,11.532495,11.683246,11.381743,11.645558,7.651878,2200200
1985-12-11,11.607870,11.909373,11.532495,11.796309,7.750928,2327600
1985-12-12,11.796309,11.984749,11.720934,11.796309,7.782758,1558100
1985-12-13,11.947062,12.286252,11.833998,11.984749,7.907080,2837100
1985-12-16,12.135501,12.210876,11.758622,11.833998,7.807627,2299400
1985-12-17,11.947062,11.984749,11.457119,11.570183,7.633570,2181300
1985-12-18,11.532495,11.645558,11.155616,11.306367,7.459514,1587700
1985-12-19,11.381743,11.532495,11.193303,11.381743,7.509247,1219500
1985-12-20,11.381743,11.457119,10.929488,11.268680,7.434649,1431100
1985-12-23,11.117928,11.381743,11.042552,11.306367,7.459514,817800
1985-12-24,11.230991,11.381743,11.193303,11.306367,7.459514,522300
1985-12-26,11.268680,11.607870,11.268680,11.607870,7.658432,1215500
1985-12-27,11.720934,11.909373,11.683246,11.796309,7.782758,1161100
1985-12-30,11.720934,11.758622,11.607870,11.758622,7.757893,909000
1985-12-31,11.758622,11.833998,11.607870,11.720934,7.733028,735600
1986-01-02,11.720934,11.720934,11.494806,11.570183,7.633570,974700
1986-01-03,11.532495,11.607870,11.344055,11.457119,7.558976,1303400
1986-01-06,11.532495,11.570183,11.306367,11.344055,7.484378,619200
1986-01-07,11.419431,11.645558,11.419431,11.607870,7.658432,1378700
1986-01-08,11.607870,11.683246,10.891800,11.004864,7.260594,1303400
1986-01-09,10.741049,11.004864,10.741049,10.929488,7.210864,2126300
1986-01-10,11.042552,11.155616,10.891800,11.004864,7.260594,1017500
1986-01-13,11.080240,11.268680,11.004864,11.230991,7.409789,1010900
1986-01-14,11.344055,11.344055,11.193303,11.230991,7.409789,831400
1986-01-15,11.155616,11.268680,11.117928,11.268680,7.434649,974100
1986-01-16,11.457119,11.570183,11.344055,11.494806,7.583839,2267600
1986-01-17,11.683246,11.720934,11.419431,11.607870,7.658432,2361400
1986-01-20,11.494806,11.532495,11.419431,11.494806,7.583839,639100
1986-01-21,11.607870,11.607870,11.230991,11.306367,7.459514,707700
1986-01-22,11.306367,11.457119,11.004864,11.117928,7.335192,865600
1986-01-23,11.004864,11.494806,10.967176,11.419431,7.534109,1931300
1986-01-24,11.532495,11.758622,11.457119,11.607870,7.658432,2349200
1986-01-27,11.683246,11.984749,11.683246,11.758622,7.757893,1357500
1986-01-28,11.720934,12.022437,11.720934,12.022437,7.931954,993300
1986-01-29,12.060125,12.210876,12.022437,12.060125,7.956812,2687100
1986-01-30,11.984749,12.060125,11.796309,11.833998,7.807627,1291100
1986-01-31,11.833998,12.060125,11.796309,11.871686,7.832490,2149800
1986-02-03,11.796309,12.060125,11.796309,12.060125,7.956812,1612200
1986-02-04,12.663132,12.663132,12.361629,12.474691,8.230331,4378000
1986-02-05,12.625443,12.813883,12.550068,12.738507,8.404387,4822400
1986-02-06,12.738507,12.851571,12.700819,12.813883,8.454116,2488800
1986-02-07,12.813883,13.341514,12.587755,13.266137,8.752495,5346500
1986-02-10,13.266137,13.416889,13.153074,13.341514,8.802226,3183000
1986-02-11,13.341514,13.680704,13.303825,13.567640,8.951415,3173400
1986-02-12,13.567640,13.605329,13.341514,13.454576,8.876822,2378400
1986-02-13,13.379201,13.454576,13.190762,13.303825,8.777365,2791600
1986-02-14,13.416889,13.605329,13.379201,13.529953,8.926552,2015800
1986-02-18,13.492265,13.567640,13.153074,13.567640,8.951415,2266600
1986-02-19,13.567640,13.567640,13.077698,13.454576,8.876822,1749200
1986-02-20,13.379201,13.454576,13.190762,13.416889,8.851955,1121300
1986-02-21,13.379201,13.718392,13.379201,13.718392,9.050876,1843000
1986-02-24,13.529953,13.680704,13.454576,13.529953,8.926552,1252000
1986-02-25,13.341514,13.379201,12.889258,13.040010,8.603310,1209200
1986-02-26,13.040010,13.153074,13.040010,13.115386,8.653037,5777700
1986-02-27,13.190762,13.190762,13.040010,13.153074,8.677901,2266600
1986-02-28,13.228450,13.379201,13.115386,13.153074,8.677901,1970400
1986-03-03,13.153074,13.153074,12.851571,12.926947,8.528712,1250300
1986-03-04,13.002322,13.002322,12.625443,12.738507,8.404387,1897800
1986-03-05,12.738507,12.738507,12.286252,12.512380,8.255192,4543800
1986-03-06,12.625443,12.700819,12.474691,12.625443,8.329791,2398900
1986-03-07,12.587755,12.776195,12.437004,12.437004,8.205468,1596900
1986-03-10,12.512380,12.738507,12.474691,12.625443,8.329791,1480200
1986-03-11,12.738507,13.266137,12.700819,13.077698,8.628172,2411200
1986-03-12,13.190762,13.492265,13.115386,13.416889,8.851955,4941800
1986-03-13,13.416889,13.643017,13.303825,13.567640,8.951415,2435400
1986-03-14,13.341514,13.643017,13.303825,13.341514,8.833636,2511400
1986-03-17,13.303825,13.643017,13.266137,13.605329,9.008317,2510000
1986-03-18,13.567640,13.718392,13.416889,13.567640,8.983355,1066600
1986-03-19,13.567640,13.643017,13.416889,13.492265,8.933452,1428100
1986-03-20,13.567640,13.831456,13.454576,13.567640,8.983355,1407200
1986-03-21,13.492265,13.680704,13.341514,13.341514,8.833636,1530900
1986-03-24,13.379201,13.454576,13.077698,13.190762,8.733818,1438100
1986-03-25,13.115386,13.190762,12.813883,13.040010,8.634010,1410900
1986-03-26,13.228450,13.228450,13.077698,13.153074,8.708865,1519000
1986-03-27,13.115386,13.567640,13.115386,13.454576,8.908500,1523600
1986-03-31,13.266137,13.492265,13.266137,13.341514,8.833636,1278500
1986-04-01,13.492265,13.529953,12.889258,13.077698,8.658957,1605200
1986-04-02,12.663132,13.040010,12.663132,13.040010,8.634010,1159500
1986-04-03,13.040010,13.153074,12.550068,12.587755,8.334558,1870600
1986-04-04,12.512380,12.550068,12.248565,12.248565,8.109976,1535600
1986-04-07,12.286252,12.361629,11.984749,12.323940,8.159882,1971100
1986-04-08,12.474691,12.776195,12.399316,12.776195,8.459329,1882500
1986-04-09,12.813883,12.964634,12.700819,12.738507,8.434379,1291100
1986-04-10,12.889258,13.793768,12.851571,13.793768,9.133080,3244700
1986-04-11,14.208335,14.208335,13.944520,14.095271,9.332709,4079500
1986-04-14,14.170647,14.283710,14.057583,14.208335,9.407574,1517000
1986-04-15,14.095271,14.208335,14.019896,14.132959,9.357661,1981300
1986-04-16,14.283710,14.622902,14.283710,14.585214,9.657108,2617200
1986-04-17,14.622902,14.660589,14.396774,14.622902,9.682066,1567100
1986-04-18,14.547525,14.547525,14.359086,14.434463,9.557294,934600
1986-04-21,14.472150,14.849029,14.359086,14.849029,9.831781,1411200
1986-04-22,14.735965,14.924405,14.509838,14.622902,9.682066,1527000
1986-04-23,14.547525,14.735965,14.396774,14.547525,9.632152,1531300
1986-04-24,14.547525,15.075156,14.547525,14.886717,9.856738,2632800
1986-04-25,14.924405,15.075156,14.924405,15.037468,9.956551,1153100
1986-04-28,14.962092,15.037468,14.886717,15.037468,9.956551,744900
1986-04-29,15.037468,15.037468,14.509838,14.547525,9.632152,2094100
1986-04-30,14.547525,14.622902,13.982207,13.982207,9.257850,1904100
1986-05-01,13.718392,13.831456,13.567640,13.567640,8.983355,2714700
1986-05-02,13.643017,13.831456,13.643017,13.680704,9.058220,903700
1986-05-05,13.680704,13.982207,13.643017,13.944520,9.232892,476900
1986-05-06,14.057583,14.132959,13.831456,13.982207,9.257850,695500
1986-05-07,13.906832,13.982207,13.416889,13.605329,9.008317,1262300
1986-05-08,13.680704,13.944520,13.643017,13.831456,9.158031,1721000
1986-05-09,13.756080,14.321399,13.718392,14.208335,9.407574,2202600
1986-05-12,14.283710,14.434463,14.095271,14.132959,9.357661,804600
1986-05-13,14.057583,14.170647,13.831456,13.944520,9.232892,963800
1986-05-14,14.095271,14.095271,13.869143,14.095271,9.332709,1183700
1986-05-15,14.095271,14.095271,13.492265,13.492265,8.933452,1023500
1986-05-16,13.492265,13.605329,13.416889,13.416889,8.883540,833400
1986-05-19,13.492265,13.831456,13.492265,13.793768,9.133080,752200
1986-05-20,13.756080,14.019896,13.605329,13.944520,9.232892,969400
1986-05-21,13.944520,14.095271,13.869143,14.019896,9.282801,1199900
1986-05-22,14.095271,14.359086,13.944520,14.321399,9.482431,954800
1986-05-23,14.321399,14.359086,13.793768,13.793768,9.133080,1861300
1986-05-27,13.906832,13.906832,13.680704,13.831456,9.158031,1006200
1986-05-28,13.793768,14.246022,13.492265,14.019896,9.282801,2471600
1986-05-29,14.095271,14.359086,14.019896,14.321399,9.482431,1833100
1986-05-30,14.246022,14.509838,14.057583,14.321399,9.482431,1860600
1986-06-02,14.246022,14.246022,13.793768,13.944520,9.232892,926000
1986-06-03,13.869143,13.869143,13.643017,13.756080,9.108128,731300
1986-06-04,13.831456,13.831456,13.529953,13.793768,9.133080,998300
1986-06-05,13.831456,13.831456,13.567640,13.793768,9.133080,781700
1986-06-06,13.756080,13.831456,13.492265,13.529953,8.958406,981000
1986-06-09,13.529953,13.529953,13.077698,13.077698,8.658957,1723600
1986-06-10,13.153074,13.153074,12.964634,13.040010,8.634010,1202300
1986-06-11,12.889258,13.190762,12.889258,13.153074,8.708865,1288100
1986-06-12,13.115386,13.115386,12.889258,12.926947,8.559146,595900
1986-06-13,12.964634,13.115386,12.889258,12.889258,8.534192,991600
1986-06-16,12.135501,12.700819,12.097813,12.135501,8.065299,3548800
1986-06-17,12.135501,12.248565,11.457119,11.909373,7.915012,2324600
1986-06-18,11.758622,11.758622,11.230991,11.607870,7.714633,4354800
1986-06-19,11.532495,11.833998,11.532495,11.758622,7.814826,3258300
1986-06-20,11.833998,12.286252,11.758622,12.210876,8.115393,1551800
1986-06-23,12.135501,12.135501,11.984749,12.022437,7.990153,1620500
1986-06-24,12.097813,12.135501,11.758622,11.947062,7.940062,1958100
1986-06-25,11.947062,12.173188,11.720934,11.758622,7.814826,1682800
1986-06-26,11.796309,11.909373,11.381743,11.381743,7.564352,1460300
1986-06-27,11.419431,11.984749,11.419431,11.947062,7.940062,2537600
1986-06-30,11.984749,12.135501,11.909373,12.022437,7.990153,1258600
1986-07-01,12.022437,12.022437,11.645558,11.683246,7.764729,1296100
1986-07-02,11.683246,11.683246,11.306367,11.419431,7.589398,5200500
1986-07-03,11.457119,11.532495,11.230991,11.268680,7.489209,3233700
1986-07-07,11.306367,11.306367,10.816424,10.816424,7.188639,2393900
1986-07-08,10.816424,11.230991,10.741049,11.155616,7.414065,3195200
1986-07-09,11.155616,11.344055,11.042552,11.193303,7.439116,1565100
1986-07-10,11.193303,11.306367,10.967176,11.306367,7.514252,2127000
1986-07-11,11.344055,11.607870,10.891800,11.155616,7.414065,3814100
1986-07-14,10.929488,10.929488,10.590298,10.665673,7.088444,2444400
1986-07-15,10.665673,10.816424,10.251106,10.288795,6.837974,3515600
1986-07-16,10.251106,10.477234,10.175731,10.288795,6.837974,3515600
1986-07-17,10.326482,10.514921,10.326482,10.401857,6.913117,998600
1986-07-18,10.477234,10.477234,10.213418,10.364170,6.888067,2612200
1986-07-21,10.364170,10.439546,10.175731,10.213418,6.787874,1256300
1986-07-22,10.251106,10.590298,10.213418,10.514921,6.988256,1344200
1986-07-23,10.665673,10.929488,10.627985,10.778737,7.163587,1722600
1986-07-24,10.778737,10.929488,10.627985,10.703361,7.113495,711400
1986-07-25,10.703361,11.080240,10.703361,10.967176,7.288829,1240000
1986-07-28,11.117928,11.230991,10.741049,10.778737,7.163587,1303700
1986-07-29,10.703361,10.929488,10.627985,10.741049,7.138543,1781300
1986-07-30,10.590298,11.381743,10.590298,11.381743,7.564352,2761100
1986-07-31,11.230991,11.645558,11.230991,11.230991,7.464161,2718600
1986-08-01,11.306367,11.419431,11.306367,11.381743,7.564352,1972400
1986-08-04,11.344055,11.381743,11.080240,11.344055,7.539299,1062600
1986-08-05,11.381743,11.532495,11.230991,11.268680,7.489209,1080900
1986-08-06,11.193303,11.268680,10.967176,11.155616,7.414065,1338900
1986-08-07,11.193303,11.532495,11.117928,11.419431,7.589398,1445000
1986-08-08,11.607870,11.796309,11.607870,11.758622,7.814826,1291800
1986-08-11,11.796309,12.060125,11.720934,12.060125,8.015203,1543200
1986-08-12,11.947062,12.135501,11.909373,12.097813,8.040250,1008200
1986-08-13,12.173188,12.210876,11.607870,11.720934,7.789779,2277500
1986-08-14,11.796309,11.947062,11.645558,11.796309,7.839873,1125600
1986-08-15,11.720934,11.833998,11.645558,11.796309,7.839873,494100
1986-08-18,11.720934,11.720934,11.532495,11.570183,7.689586,610900
1986-08-19,11.570183,11.833998,11.457119,11.833998,7.864917,1203900
1986-08-20,11.909373,12.210876,11.909373,12.173188,8.090346,1342200
1986-08-21,12.210876,12.248565,11.984749,12.022437,7.990153,1593900
1986-08-22,12.060125,12.550068,12.060125,12.550068,8.340819,2077900
1986-08-25,12.474691,12.512380,12.210876,12.286252,8.165486,729600
1986-08-26,12.286252,12.738507,12.286252,12.738507,8.466055,2054600
1986-08-27,12.700819,12.926947,12.663132,12.738507,8.466055,2591300
1986-08-28,12.700819,12.776195,12.550068,12.587755,8.365870,1504100
1986-08-29,12.512380,12.813883,12.512380,12.625443,8.390920,1282500
1986-09-02,12.625443,12.663132,12.323940,12.323940,8.190537,1351800
1986-09-03,12.361629,12.926947,12.286252,12.926947,8.591297,1407900
1986-09-04,12.964634,13.266137,12.889258,13.266137,8.816729,2610900
1986-09-05,13.341514,13.416889,12.964634,13.040010,8.666441,1659300
1986-09-08,13.040010,13.077698,12.738507,13.077698,8.691488,1844400
1986-09-09,13.266137,13.341514,13.077698,13.341514,8.866820,2327900
1986-09-10,13.190762,13.228450,13.040010,13.040010,8.666441,1314000
1986-09-11,13.040010,13.077698,12.210876,12.286252,8.165486,3146200
1986-09-12,12.248565,12.286252,11.758622,11.909373,7.915012,2149200
1986-09-15,11.947062,12.135501,11.796309,11.947062,7.972357,1318000
1986-09-16,11.984749,12.060125,11.758622,11.984749,7.997499,1144500
1986-09-17,12.060125,12.550068,11.984749,12.512380,8.349595,1601600
1986-09-18,12.361629,12.587755,12.286252,12.323940,8.223845,1782700
1986-09-19,12.248565,12.399316,11.947062,12.060125,8.047801,1592900
1986-09-22,12.060125,12.210876,11.984749,12.210876,8.148401,776700
1986-09-23,12.361629,12.399316,11.833998,11.909373,7.947206,1250700
1986-09-24,11.984749,12.135501,11.607870,11.720934,7.821457,1931900
1986-09-25,11.683246,11.683246,11.419431,11.570183,7.720861,977400
1986-09-26,11.494806,11.720934,11.344055,11.419431,7.620265,978700
1986-09-29,11.419431,11.419431,11.080240,11.117928,7.419068,1797900
1986-09-30,11.230991,11.344055,11.117928,11.155616,7.444218,955200
1986-10-01,11.306367,11.720934,11.155616,11.532495,7.695711,1992900
1986-10-02,11.532495,11.570183,11.306367,11.419431,7.620265,649000
1986-10-03,11.457119,11.607870,11.080240,11.457119,7.645414,1742200
1986-10-06,11.419431,11.607870,11.306367,11.344055,7.569969,761100
1986-10-07,11.268680,11.268680,10.778737,10.778737,7.192722,1612200
1986-10-08,10.741049,10.929488,10.590298,10.741049,7.167576,1992600
1986-10-09,10.778737,11.004864,10.175731,10.175731,6.790334,2132900
1986-10-10,10.213418,10.552609,10.138042,10.477234,6.991531,1735200
1986-10-13,10.477234,10.854113,10.477234,10.854113,7.243024,243000
1986-10-14,10.854113,10.967176,10.514921,10.665673,7.117276,810500
1986-10-15,10.590298,10.665673,10.364170,10.665673,7.117276,1927600
1986-10-16,10.816424,10.816424,10.552609,10.552609,7.041825,1020200
1986-10-17,10.552609,10.627985,10.401857,10.590298,7.066979,909700
1986-10-20,10.514921,10.514921,10.213418,10.251106,6.840631,1227500
1986-10-21,10.288795,10.439546,10.213418,10.364170,6.916085,759100
1986-10-22,10.401857,10.439546,10.213418,10.213418,6.815478,955800
1986-10-23,10.251106,10.816424,10.251106,10.741049,7.167576,2457600
1986-10-24,10.854113,11.080240,10.816424,10.929488,7.293320,1876500
1986-10-27,10.929488,11.155616,10.778737,11.155616,7.444218,1189000
1986-10-28,11.193303,11.193303,10.741049,10.778737,7.192722,765400
1986-10-29,10.778737,10.816424,10.477234,10.741049,7.167576,1129300
1986-10-30,10.929488,11.155616,10.929488,10.967176,7.318470,1910000
1986-10-31,11.004864,11.570183,10.967176,11.344055,7.569969,1328300
1986-11-03,11.419431,11.419431,11.306367,11.344055,7.569969,949200
1986-11-04,11.419431,11.833998,11.306367,11.758622,7.846608,2017500
1986-11-05,11.758622,11.909373,11.381743,11.570183,7.720861,1316300
1986-11-06,11.570183,11.570183,11.004864,11.230991,7.494517,1712400
1986-11-07,11.306367,11.381743,11.155616,11.230991,7.494517,1686500
1986-11-10,11.306367,11.532495,11.230991,11.457119,7.645414,1120700
1986-11-11,11.532495,11.570183,11.306367,11.419431,7.620265,773100
1986-11-12,11.457119,11.494806,11.042552,11.117928,7.419068,1378000
1986-11-13,11.155616,11.268680,10.627985,10.778737,7.192722,1793600
1986-11-14,10.778737,11.117928,10.665673,10.967176,7.318470,1809900
1986-11-17,10.891800,11.155616,10.854113,11.004864,7.343618,817800
1986-11-18,11.042552,11.117928,10.703361,10.778737,7.192722,1930600
1986-11-19,10.741049,11.080240,10.703361,10.778737,7.192722,2675900
1986-11-20,11.004864,11.042552,10.816424,10.967176,7.318470,1095800
1986-11-21,10.967176,11.193303,10.967176,11.080240,7.393921,1555200
1986-11-24,11.004864,11.306367,11.004864,11.306367,7.544817,1809500
1986-11-25,11.306367,11.570183,11.230991,11.570183,7.720861,2081500
1986-11-26,11.871686,11.984749,11.645558,11.720934,7.821457,1527000
1986-11-28,11.683246,11.796309,11.457119,11.457119,7.645414,684800
1986-12-01,11.494806,12.022437,11.306367,12.022437,8.022657,2041400
1986-12-02,12.060125,12.060125,11.645558,11.909373,7.947206,2763100
1986-12-03,11.947062,12.022437,11.796309,11.909373,7.947206,1762100
1986-12-04,11.909373,11.909373,11.720934,11.758622,7.846608,1691800
1986-12-05,11.683246,11.833998,11.268680,11.532495,7.695711,1007900
1986-12-08,11.645558,11.758622,11.306367,11.720934,7.821457,1239400
1986-12-09,11.758622,11.758622,11.381743,11.381743,7.595109,1064600
1986-12-10,11.419431,11.494806,11.230991,11.419431,7.620265,1411500
1986-12-11,11.457119,11.457119,11.080240,11.155616,7.444218,1154200
1986-12-12,11.268680,11.306367,11.042552,11.117928,7.419068,1360100
1986-12-15,11.155616,11.155616,10.816424,11.155616,7.476659,1557500
1986-12-16,11.230991,11.457119,11.080240,11.457119,7.678731,1772700
1986-12-17,11.230991,11.494806,11.193303,11.381743,7.628213,2453700
1986-12-18,11.306367,11.457119,11.230991,11.306367,7.577699,986700
1986-12-19,11.268680,11.457119,11.155616,11.419431,7.653472,2698400
1986-12-22,11.419431,11.457119,11.155616,11.268680,7.552434,915000
1986-12-23,11.193303,11.268680,10.929488,11.042552,7.400878,980400
1986-12-24,11.117928,11.230991,11.004864,11.004864,7.375618,797300
1986-12-26,11.080240,11.117928,11.004864,11.004864,7.375618,183000
1986-12-29,11.004864,11.080240,10.929488,10.967176,7.350361,849700
1986-12-30,10.929488,10.929488,10.741049,10.778737,7.224068,1415800
1986-12-31,10.816424,10.854113,10.703361,10.741049,7.198807,782400
1987-01-02,10.816424,10.929488,10.741049,10.741049,7.198807,625100
1987-01-05,10.816424,11.268680,10.816424,11.155616,7.476659,1634800
1987-01-06,11.080240,11.457119,10.967176,11.155616,7.476659,1434100
1987-01-07,11.155616,11.457119,11.080240,11.306367,7.577699,1726600
1987-01-08,11.419431,11.909373,11.344055,11.833998,7.931322,2523600
1987-01-09,11.833998,12.060125,11.683246,11.984749,8.032353,2033100
1987-01-12,12.022437,12.323940,11.984749,12.210876,8.183907,1574100
1987-01-13,11.984749,12.323940,11.984749,12.173188,8.158653,1516300
1987-01-14,12.587755,13.115386,12.550068,13.115386,8.790125,6268500
1987-01-15,13.115386,13.529953,13.077698,13.303825,8.916422,5406200
1987-01-16,13.228450,13.303825,12.851571,13.002322,8.714349,3014800
1987-01-19,12.889258,13.643017,12.851571,13.567640,9.093233,3946800
1987-01-20,13.643017,13.680704,13.190762,13.379201,8.966937,3648300
1987-01-21,13.115386,13.643017,13.002322,13.190762,8.840644,3383000
1987-01-22,13.341514,14.170647,13.303825,14.132959,9.472121,3880500
1987-01-23,14.208335,14.321399,13.266137,13.605329,9.118494,5572000
1987-01-26,13.492265,13.680704,13.454576,13.567640,9.093233,1120300
1987-01-27,13.567640,13.982207,13.492265,13.756080,9.219531,2286800
1987-01-28,13.906832,13.944520,13.567640,13.643017,9.143754,2705400
1987-01-29,13.944520,13.944520,13.416889,13.567640,9.093233,1980700
1987-01-30,13.492265,13.680704,13.303825,13.643017,9.143754,1403200
1987-02-02,13.454576,14.396774,13.454576,14.283710,9.573148,3814100
1987-02-03,14.585214,14.735965,14.434463,14.660589,9.825744,2841700
1987-02-04,14.359086,14.773653,14.208335,14.547525,9.749966,3183000
1987-02-05,14.698277,14.924405,14.509838,14.849029,9.952036,2761100
1987-02-06,14.886717,14.924405,14.660589,14.698277,9.851003,2403900
1987-02-09,14.622902,14.698277,14.321399,14.472150,9.699450,1820500
1987-02-10,14.246022,14.321399,13.831456,14.019896,9.396338,2110400
1987-02-11,14.170647,14.924405,14.057583,14.886717,9.977299,3814100
1987-02-12,14.924405,14.924405,14.246022,14.472150,9.699450,3747800
1987-02-13,14.472150,14.698277,14.321399,14.660589,9.825744,1663900
1987-02-17,14.773653,15.112844,14.698277,15.112844,10.128851,2349200
1987-02-18,15.150532,15.301284,14.660589,15.075156,10.103588,3210500
1987-02-19,14.924405,15.225908,14.886717,14.962092,10.027812,1133600
1987-02-20,14.924405,14.924405,14.321399,14.321399,9.598416,1986300
1987-02-23,14.283710,14.396774,13.756080,14.170647,9.497373,2165100
1987-02-24,14.246022,14.773653,14.246022,14.735965,9.876265,1628400
1987-02-25,14.735965,15.188220,14.622902,14.773653,9.901519,1688100
1987-02-26,14.735965,14.999781,14.622902,14.886717,9.977299,1410900
1987-02-27,14.924405,15.037468,14.811341,14.886717,9.977299,790300
1987-03-02,14.886717,14.886717,14.547525,14.660589,9.825744,1049000
1987-03-03,14.622902,14.622902,14.283710,14.434463,9.674192,972100
1987-03-04,14.509838,14.735965,14.434463,14.622902,9.800489,1601900
1987-03-05,14.924405,16.243481,14.849029,15.452035,10.356181,3200200
1987-03-06,15.489723,15.527411,15.188220,15.452035,10.356181,2288500
1987-03-09,15.301284,15.338971,14.773653,15.338971,10.280399,1745200
1987-03-10,15.263596,15.338971,15.075156,15.301284,10.255146,936900
1987-03-11,15.527411,15.527411,15.075156,15.150532,10.154110,1755800
1987-03-12,15.225908,15.640474,15.112844,15.452035,10.356181,1853000
1987-03-13,15.565099,15.602787,14.999781,14.999781,10.053076,1875900
1987-03-16,15.188220,15.225908,14.660589,15.188220,10.212212,1509700
1987-03-17,15.112844,15.828914,15.112844,15.753538,10.592320,2089500
1987-03-18,15.828914,16.431921,15.678163,16.394232,11.023108,5373000
1987-03-19,16.318857,17.034927,16.281168,16.921864,11.377870,3847300
1987-03-20,16.959551,17.411806,16.808800,16.808800,11.301851,5306700
1987-03-23,16.921864,17.298742,16.771111,16.959551,11.403216,2307700
1987-03-24,17.072615,17.185678,16.394232,16.808800,11.301851,2363100
1987-03-25,16.771111,16.884174,16.620359,16.658047,11.200491,1814800
1987-03-26,16.733423,16.884174,16.431921,16.544985,11.124471,1543200
1987-03-27,17.034927,17.034927,16.544985,16.582672,11.149809,3101400
1987-03-30,15.678163,16.243481,15.602787,16.092730,10.820381,3247000
1987-03-31,16.168104,16.318857,16.017353,16.168104,10.871068,1680200
1987-04-01,16.055042,16.733423,16.055042,16.582672,11.149809,2476200
1987-04-02,16.733423,16.959551,16.431921,16.733423,11.251174,2063900
1987-04-03,16.884174,17.411806,16.733423,17.223366,11.580600,2145500
1987-04-06,17.374117,17.487181,17.223366,17.298742,11.631278,2140600
1987-04-07,17.298742,17.449493,16.997238,17.034927,11.453900,2007200
1987-04-08,17.223366,17.487181,17.034927,17.374117,11.681955,1822800
1987-04-09,17.411806,17.788685,17.072615,17.637934,11.859347,1688800
1987-04-10,17.788685,18.090187,17.487181,17.487181,11.757976,2660300
1987-04-13,17.487181,17.600245,16.469608,16.620359,11.175150,1391600
1987-04-14,16.695736,16.695736,16.092730,16.205793,10.896403,2716700
1987-04-15,16.431921,16.431921,16.356544,16.431921,11.048450,3449300
1987-04-16,16.695736,17.110302,16.620359,17.072615,11.479239,2291800
1987-04-20,17.185678,17.261053,16.808800,16.997238,11.428553,1684200
1987-04-21,16.846487,17.901749,16.620359,17.864059,12.011382,2031100
1987-04-22,17.788685,17.939436,17.487181,17.750996,11.935361,2848000
1987-04-23,17.750996,18.014812,17.374117,17.788685,11.960709,1864600
1987-04-24,17.562557,17.826372,17.034927,17.223366,11.580600,1329900
1987-04-27,16.733423,17.449493,16.658047,17.261053,11.605935,2965400
1987-04-28,17.637934,17.939436,17.524870,17.713308,11.910022,1878500
1987-04-29,17.939436,18.165564,17.901749,18.127876,12.188771,3482500
1987-04-30,18.127876,18.391691,17.977123,18.014812,12.112745,1392900
1987-05-01,17.939436,18.240938,17.826372,18.240938,12.264794,2071900
1987-05-04,18.090187,18.203251,17.864059,18.052500,12.138089,1005900
1987-05-05,18.278627,18.806257,18.203251,18.693193,12.568881,2471900
1987-05-06,18.542442,18.655506,18.240938,18.467066,12.416829,2569400
1987-05-07,18.467066,18.768570,18.316315,18.429379,12.391491,1397600
1987-05-08,18.655506,18.919321,18.504755,18.843945,12.670239,2045000
1987-05-11,18.957008,19.258512,18.881634,19.032385,12.796942,2686800
1987-05-12,18.768570,18.806257,18.354002,18.504755,12.442176,1308400
1987-05-13,18.391691,18.580130,18.165564,18.467066,12.416829,1160100
1987-05-14,18.617819,18.655506,17.977123,18.090187,12.163423,1961100
1987-05-15,18.014812,18.165564,17.411806,17.750996,11.935361,2735200
1987-05-18,17.034927,17.336430,16.658047,16.921864,11.377870,3184300
1987-05-19,16.997238,17.034927,16.017353,16.243481,10.921744,2553100
1987-05-20,16.205793,16.431921,15.866602,16.092730,10.820381,2454300
1987-05-21,16.281168,16.582672,16.017353,16.507296,11.099128,1735900
1987-05-22,16.507296,16.658047,16.281168,16.318857,10.972425,907100
1987-05-26,16.884174,17.261053,16.620359,17.147991,11.529916,1985300
1987-05-27,17.072615,17.223366,16.997238,17.110302,11.504574,1468600
1987-05-28,17.110302,17.110302,16.507296,16.771111,11.276511,1514700
1987-05-29,16.808800,17.147991,16.733423,17.110302,11.504574,1637100
1987-06-01,17.223366,17.223366,16.507296,16.544985,11.124471,1216200
1987-06-02,16.394232,16.469608,15.753538,15.828914,10.642998,2738200
1987-06-03,16.017353,16.205793,15.828914,15.941978,10.719020,2148800
1987-06-04,15.941978,16.243481,15.828914,15.979666,10.744356,2017500
1987-06-05,15.866602,15.941978,15.489723,15.753538,10.592320,1889100
1987-06-08,15.527411,16.205793,15.527411,16.168104,10.871068,1776700
1987-06-09,16.695736,16.733423,16.318857,16.507296,11.099128,5008200
1987-06-10,16.582672,16.733423,16.281168,16.431921,11.048450,2818500
1987-06-11,16.582672,16.658047,16.356544,16.431921,11.048450,858300
1987-06-12,16.582672,16.884174,16.507296,16.582672,11.149809,1870600
1987-06-15,16.544985,16.733423,16.507296,16.544985,11.156924,1339900
1987-06-16,16.431921,16.808800,16.281168,16.808800,11.334825,2419500
1987-06-17,16.884174,17.185678,16.733423,17.072615,11.512733,1490500
1987-06-18,17.034927,17.261053,16.921864,17.034927,11.487313,1374100
1987-06-19,16.884174,17.034927,16.582672,16.582672,11.182339,1445000
1987-06-22,16.959551,17.034927,16.733423,16.771111,11.309413,1904400
1987-06-23,16.846487,16.884174,16.469608,16.582672,11.182339,1083200
1987-06-24,16.582672,17.072615,16.582672,16.921864,11.411065,1400200
1987-06-25,16.997238,17.185678,16.884174,16.921864,11.411065,1526600
1987-06-26,16.884174,16.959551,16.469608,16.695736,11.258584,1755800
1987-06-29,16.658047,16.733423,16.507296,16.582672,11.182339,490100
1987-06-30,16.658047,16.808800,16.281168,16.318857,11.004437,1267900
1987-07-01,16.281168,16.281168,16.017353,16.130417,10.877367,1395300
1987-07-02,16.356544,16.431921,16.168104,16.205793,10.928196,1453300
1987-07-06,16.281168,16.281168,15.753538,15.753538,10.623227,2550500
1987-07-07,15.753538,15.941978,15.527411,15.602787,10.521561,1828400
1987-07-08,15.678163,16.130417,15.075156,16.017353,10.801122,3146800
1987-07-09,15.979666,16.356544,15.828914,16.092730,10.851961,1526300
1987-07-10,16.205793,16.243481,15.678163,15.828914,10.674051,1956500
1987-07-13,15.904290,16.431921,15.753538,16.431921,11.080684,960100
1987-07-14,16.620359,16.959551,16.620359,16.921864,11.411065,4643300
1987-07-15,16.959551,17.449493,16.884174,17.298742,11.665214,3449300
1987-07-16,17.411806,17.562557,17.298742,17.487181,11.792278,2124300
1987-07-17,17.637934,17.675621,17.261053,17.487181,11.792278,2188600
1987-07-20,17.185678,17.374117,16.959551,16.959551,11.436481,1667600
1987-07-21,16.771111,16.921864,16.544985,16.582672,11.182339,2378400
1987-07-22,16.771111,16.771111,16.431921,16.620359,11.207755,997900
1987-07-23,16.733423,16.846487,16.544985,16.733423,11.283998,1746200
1987-07-24,16.733423,17.110302,16.733423,17.072615,11.512733,894100
1987-07-27,16.959551,17.110302,16.846487,16.997238,11.461894,553200
1987-07-28,17.147991,17.147991,16.959551,17.072615,11.512733,1243400
1987-07-29,17.185678,17.298742,17.072615,17.110302,11.538146,2525600
1987-07-30,17.034927,17.487181,16.997238,17.449493,11.766863,2372000
1987-07-31,17.449493,17.675621,17.374117,17.675621,11.919357,1931900
1987-08-03,17.185678,17.637934,17.185678,17.298742,11.665214,1602600
1987-08-04,17.223366,17.449493,17.147991,17.411806,11.741456,1241400
1987-08-05,17.524870,17.864059,17.487181,17.675621,11.919357,2423500
1987-08-06,17.826372,18.467066,17.750996,18.316315,12.351402,2628400
1987-08-07,18.655506,18.768570,18.542442,18.655506,12.580126,3416200
1987-08-10,18.693193,18.919321,18.617819,18.919321,12.758034,1951800
1987-08-11,19.220823,19.748455,19.145449,19.597704,13.215499,5704700
1987-08-12,19.597704,19.710768,19.333887,19.484640,13.139250,2650700
1987-08-13,19.484640,19.899206,19.484640,19.786142,13.342565,2337600
1987-08-14,19.710768,20.238398,19.597704,19.823830,13.367977,2930600
1987-08-17,19.673079,19.861519,19.446951,19.560015,13.190088,993600
1987-08-18,19.333887,19.333887,18.919321,19.107761,12.885105,2014200
1987-08-19,18.994698,19.070072,18.542442,18.957008,12.783449,2579000
1987-08-20,19.258512,19.635391,19.183136,19.560015,13.190088,1955800
1987-08-21,19.597704,20.426836,19.522327,20.351461,13.723786,2004600
1987-08-24,20.351461,20.464525,20.087646,20.200710,13.622121,1257000
1987-08-25,20.426836,21.105219,20.426836,20.879091,14.079583,3416200
1987-08-26,20.879091,21.670538,20.803715,21.519785,14.511632,3681500
1987-08-27,21.105219,21.180595,20.577589,20.766027,14.003341,5409500
1987-08-28,20.652964,20.652964,19.861519,19.899206,13.418813,2573000
1987-08-31,19.974583,20.238398,19.673079,19.861519,13.393389,2225800
1987-09-01,19.974583,20.163021,19.409264,19.484640,13.139250,1966800
1987-09-02,19.296200,19.560015,19.145449,19.371576,13.063011,2807200
1987-09-03,19.635391,19.710768,19.220823,19.446951,13.113836,2454600
1987-09-04,19.560015,19.861519,19.409264,19.484640,13.139250,1070300
1987-09-08,19.446951,19.560015,18.957008,19.107761,12.885105,1751500
1987-09-09,19.333887,19.484640,19.183136,19.371576,13.063011,1567400
1987-09-10,19.786142,20.087646,19.635391,19.936893,13.444227,2287500
1987-09-11,20.163021,20.502213,20.125334,20.351461,13.723786,1825800
1987-09-14,20.049957,20.464525,19.861519,20.049957,13.552587,1405900
1987-09-15,19.899206,19.899206,19.484640,19.560015,13.221429,1204900
1987-09-16,19.522327,19.974583,19.409264,19.597704,13.246900,1258300
1987-09-17,19.748455,19.823830,19.484640,19.823830,13.399744,1031100
1987-09-18,19.899206,20.125334,19.899206,20.049957,13.552587,1384000
1987-09-21,20.125334,20.351461,19.974583,20.049957,13.552587,1773400
1987-09-22,20.049957,20.916779,19.899206,20.916779,14.138515,1778400
1987-09-23,20.954468,21.293657,20.615276,21.293657,14.393253,2926300
1987-09-24,20.728340,21.255970,20.728340,20.992155,14.189466,1491500
1987-09-25,20.992155,21.067532,20.766027,20.954468,14.163980,1368400
1987-09-28,21.406721,21.595161,21.255970,21.557474,14.571582,3814100
1987-09-29,21.632849,21.821289,21.255970,21.331347,14.418731,2270500
1987-09-30,21.293657,21.293657,20.879091,21.067532,14.240406,1910400
1987-10-01,21.067532,22.160480,21.029842,22.085104,14.928230,3119300
1987-10-02,22.085104,22.311232,21.858976,22.009727,14.877281,1951500
1987-10-05,22.122791,22.235855,21.858976,21.934353,14.826335,2223500
1987-10-06,21.783600,21.896664,21.180595,21.293657,14.393253,2458000
1987-10-07,21.142906,21.369034,20.879091,21.180595,14.316831,2769700
1987-10-08,21.105219,21.218283,20.125334,20.313772,13.730910,2150200
1987-10-09,20.351461,20.577589,19.974583,20.163021,13.629009,2200600
1987-10-12,20.125334,20.163021,19.597704,19.748455,13.348789,1706400
1987-10-13,20.125334,20.389149,19.823830,20.276085,13.705435,1653300
1987-10-14,20.200710,20.426836,19.710768,19.861519,13.425211,1796600
1987-10-15,19.145449,19.560015,18.881634,19.296200,13.043095,4409200
1987-10-16,19.296200,19.296200,18.165564,19.296200,13.043095,3725900
1987-10-19,15.979666,17.939436,15.678163,15.866602,10.724889,6245600
1987-10-20,18.090187,18.090187,10.552609,15.075156,10.189919,5020500
1987-10-21,16.507296,16.733423,14.170647,14.886717,10.062539,4550500
1987-10-22,11.909373,13.416889,11.796309,13.190762,8.916179,7605800
1987-10-23,12.663132,13.115386,12.135501,13.077698,8.839754,3306700
1987-10-26,11.909373,11.947062,10.854113,10.854113,7.336741,3890800
1987-10-27,12.210876,12.361629,11.080240,11.607870,7.846234,3721300
1987-10-28,10.703361,12.361629,10.703361,12.361629,8.355734,4048700
1987-10-29,13.040010,14.208335,12.663132,13.416889,9.069023,3742500
1987-10-30,14.321399,14.396774,13.906832,14.095271,9.527575,4056900
1987-11-02,13.718392,14.472150,13.605329,13.605329,9.196401,2106000
1987-11-03,12.889258,13.341514,12.361629,13.002322,8.788803,2177400
1987-11-04,12.776195,13.793768,12.738507,13.416889,9.069023,2368700
1987-11-05,13.266137,14.283710,13.266137,13.869143,9.374726,2623800
1987-11-06,13.567640,13.718392,13.228450,13.341514,9.018075,1824800
1987-11-09,12.813883,13.492265,12.437004,12.587755,8.508582,2301400
1987-11-10,12.286252,12.738507,11.984749,12.210876,8.253832,2157800
1987-11-11,12.700819,12.813883,11.984749,12.060125,8.151934,1996600
1987-11-12,12.964634,13.341514,12.813883,13.040010,8.814280,2769100
1987-11-13,13.077698,13.266137,12.663132,12.851571,8.686906,1703100
1987-11-16,13.266137,13.416889,12.587755,12.889258,8.712380,1658600
1987-11-17,12.437004,12.813883,12.286252,12.813883,8.661431,2177400
1987-11-18,12.889258,13.002322,12.399316,12.926947,8.737853,1680200
1987-11-19,12.663132,12.926947,12.210876,12.286252,8.304789,1408600
1987-11-20,11.758622,12.889258,11.532495,12.889258,8.712380,2468600
1987-11-23,12.889258,13.266137,12.813883,13.115386,8.865229,2461600
1987-11-24,13.416889,13.756080,13.341514,13.492265,9.119975,3648300
1987-11-25,13.416889,13.643017,13.303825,13.303825,8.992602,1558100
1987-11-27,13.153074,13.266137,12.663132,12.700819,8.585006,696800
1987-11-30,12.173188,12.361629,11.607870,12.210876,8.253832,2554800
1987-12-01,12.587755,12.663132,12.286252,12.399316,8.381205,1699400
1987-12-02,12.512380,13.416889,12.361629,12.700819,8.585006,1061600
1987-12-03,12.663132,12.663132,12.135501,12.135501,8.202880,1806900
1987-12-04,12.361629,12.926947,12.135501,12.323940,8.330258,2584000
1987-12-07,12.587755,12.964634,12.512380,12.889258,8.712380,2202600
1987-12-08,13.115386,13.416889,13.040010,13.416889,9.069023,3277500
1987-12-09,13.416889,14.170647,13.379201,13.982207,9.451152,3847300
1987-12-10,13.567640,14.622902,13.529953,14.095271,9.527575,3582000
1987-12-11,14.170647,14.359086,13.793768,14.057583,9.502100,2122000
1987-12-14,13.982207,14.660589,13.944520,14.472150,9.816012,1843400
1987-12-15,14.735965,14.924405,14.472150,14.622902,9.918256,3349800
1987-12-16,14.585214,15.037468,14.396774,14.962092,10.148319,2345500
1987-12-17,14.924405,15.150532,14.698277,14.811341,10.046072,2341900
1987-12-18,14.962092,15.338971,14.773653,15.225908,10.327255,2940900
1987-12-21,15.150532,15.527411,15.075156,15.452035,10.480628,3020500
1987-12-22,15.452035,15.489723,15.112844,15.301284,10.378380,1938900
1987-12-23,15.376659,15.602787,15.301284,15.489723,10.506197,1972000
1987-12-24,15.489723,15.489723,15.188220,15.376659,10.429504,720300
1987-12-28,15.075156,15.150532,14.547525,14.698277,9.969384,2038400
1987-12-29,14.698277,14.849029,14.509838,14.849029,10.071629,1130600
1987-12-30,14.924405,15.263596,14.849029,15.150532,10.276133,1407900
1987-12-31,14.924405,14.999781,14.698277,14.999781,10.173883,701100
1988-01-04,15.075156,15.602787,15.075156,15.489723,10.506197,1608500
1988-01-05,15.602787,16.130417,15.602787,15.678163,10.634002,3416200
1988-01-06,15.828914,15.828914,15.376659,15.678163,10.634002,1782700
1988-01-07,15.640474,15.791226,15.376659,15.791226,10.710694,1255000
1988-01-08,15.640474,15.866602,14.095271,14.170647,9.611505,2894800
1988-01-11,14.547525,14.585214,14.019896,14.283710,9.688190,2879900
1988-01-12,14.132959,14.283710,13.416889,13.793768,9.355886,2504100
1988-01-13,13.643017,13.869143,13.379201,13.831456,9.381443,2474500
1988-01-14,14.019896,14.132959,13.869143,14.019896,9.509255,1609200
1988-01-15,14.849029,14.849029,14.208335,14.208335,9.637067,2662900
1988-01-18,14.283710,14.396774,13.869143,13.982207,9.483692,1053000
1988-01-19,13.831456,13.944520,13.567640,13.680704,9.279194,1296100
1988-01-20,13.416889,13.416889,11.607870,12.323940,8.358937,8219100
1988-01-21,12.663132,12.663132,12.097813,12.323940,8.358937,4526300
1988-01-22,12.512380,12.700819,12.323940,12.663132,8.589007,2784300
1988-01-25,12.663132,13.115386,12.625443,12.889258,8.742377,1393600
1988-01-26,12.813883,12.851571,12.437004,12.663132,8.589007,1650000
1988-01-27,12.700819,12.813883,12.210876,12.286252,8.333381,2497400
1988-01-28,12.437004,12.625443,12.286252,12.625443,8.563441,1379700
1988-01-29,12.889258,12.889258,12.399316,12.663132,8.589007,2516700
1988-02-01,12.889258,12.964634,12.550068,12.550068,8.512316,2109000
1988-02-02,12.512380,12.625443,12.286252,12.512380,8.486753,2394300
1988-02-03,12.361629,12.437004,11.909373,12.097813,8.205566,2423100
1988-02-04,12.097813,12.286252,12.022437,12.286252,8.333381,2166100
1988-02-05,12.399316,12.700819,12.361629,12.474691,8.461196,1397900
1988-02-08,12.286252,12.474691,12.248565,12.286252,8.333381,917400
1988-02-09,12.399316,12.512380,12.210876,12.512380,8.486753,1355200
1988-02-10,12.700819,13.153074,12.663132,13.115386,8.895758,3160400
1988-02-11,13.040010,13.492265,13.002322,13.341514,9.049129,1548500
1988-02-12,13.341514,13.529953,13.190762,13.341514,9.049129,1579700
1988-02-16,13.266137,13.529953,13.190762,13.529953,9.176942,762400
1988-02-17,13.605329,13.756080,13.379201,13.454576,9.125814,1643400
1988-02-18,13.379201,13.567640,13.266137,13.341514,9.049129,1822800
1988-02-19,13.115386,13.492265,13.115386,13.454576,9.125814,1566100
1988-02-22,13.492265,14.547525,13.416889,14.132959,9.585948,2654300
1988-02-23,14.170647,14.321399,14.057583,14.246022,9.662633,1901100
1988-02-24,14.321399,14.321399,14.057583,14.208335,9.637067,1488100
1988-02-25,14.246022,14.585214,13.982207,13.982207,9.483692,2759100
1988-02-26,14.057583,14.132959,13.718392,13.869143,9.407006,875200
1988-02-29,14.095271,14.246022,13.982207,14.246022,9.662633,959800
1988-03-01,14.246022,14.585214,14.132959,14.585214,9.892696,2008200
1988-03-02,14.585214,14.924405,14.547525,14.622902,9.918256,1523000
1988-03-03,14.735965,14.773653,14.509838,14.660589,9.943822,1167700
1988-03-04,14.660589,14.886717,14.095271,14.283710,9.688190,1649000
1988-03-07,14.283710,14.886717,14.170647,14.735965,9.994944,1588600
1988-03-08,14.962092,15.037468,14.849029,14.886717,10.097192,1585700
1988-03-09,14.999781,15.376659,14.886717,15.376659,10.429504,1949200
1988-03-10,15.527411,15.565099,14.170647,14.246022,9.662633,4079500
1988-03-11,14.359086,14.509838,14.132959,14.509838,9.841564,2466600
1988-03-14,14.434463,14.547525,14.283710,14.547525,9.900043,1181000
1988-03-15,14.472150,14.622902,14.170647,14.321399,9.746161,1294100
1988-03-16,14.321399,14.359086,13.982207,14.208335,9.669212,2244700
1988-03-17,14.622902,14.811341,14.472150,14.698277,10.002637,2275500
1988-03-18,14.773653,14.849029,14.434463,14.509838,9.874399,2526600
1988-03-21,14.434463,14.434463,14.095271,14.321399,9.746161,926000
1988-03-22,14.321399,14.585214,14.208335,14.321399,9.746161,1261600
1988-03-23,14.208335,14.283710,13.944520,13.982207,9.515326,1275900
1988-03-24,13.643017,13.756080,13.341514,13.416889,9.130610,2333900
1988-03-25,13.266137,13.529953,13.040010,13.040010,8.874131,1844400
1988-03-28,13.040010,13.492265,13.040010,13.341514,9.079309,1379700
1988-03-29,13.416889,13.793768,13.379201,13.416889,9.130610,1330900
1988-03-30,13.567640,13.643017,13.190762,13.266137,9.028014,1309000
1988-03-31,13.190762,13.379201,13.002322,13.190762,8.976727,791600
1988-04-04,13.266137,13.529953,13.002322,13.416889,9.130610,1224800
1988-04-05,13.492265,13.529953,13.115386,13.266137,9.028014,986300
1988-04-06,13.416889,13.982207,13.190762,13.944520,9.489678,1666600
1988-04-07,14.019896,14.283710,13.869143,13.869143,9.438386,1201300
1988-04-08,13.944520,14.472150,13.906832,14.472150,9.848753,1254300
1988-04-11,14.246022,14.735965,14.246022,14.735965,10.028283,1886800
1988-04-12,14.735965,14.735965,14.509838,14.622902,9.951342,1015200
1988-04-13,14.622902,14.698277,14.170647,14.509838,9.874399,1871600
1988-04-14,14.019896,14.773653,13.982207,14.132959,9.617928,4709700
1988-04-15,14.170647,14.321399,13.718392,14.057583,9.566626,3416200
1988-04-18,13.982207,14.170647,13.756080,14.095271,9.592272,1787000
1988-04-19,14.321399,14.509838,14.170647,14.208335,9.669212,2328600
1988-04-20,14.246022,14.283710,13.869143,14.057583,9.566626,1768100
1988-04-21,13.982207,14.283710,13.605329,13.793768,9.387092,4411200
1988-04-22,13.906832,14.057583,13.680704,14.057583,9.566626,1298100
1988-04-25,14.095271,14.321399,13.906832,14.208335,9.669212,1048000
1988-04-26,14.208335,14.509838,14.132959,14.509838,9.874399,1339200
1988-04-27,14.396774,14.924405,14.359086,14.811341,10.079580,3191600
1988-04-28,14.660589,14.735965,14.472150,14.509838,9.874399,1546900
1988-04-29,14.472150,14.472150,14.208335,14.321399,9.746161,1247700
1988-05-02,14.472150,14.773653,14.321399,14.773653,10.053930,1151800
1988-05-03,14.849029,14.924405,14.660589,14.886717,10.130877,1708400
1988-05-04,14.886717,14.886717,14.585214,14.622902,9.951342,1173100
1988-05-05,14.585214,14.773653,14.359086,14.773653,10.053930,1246400
1988-05-06,14.735965,14.999781,14.472150,14.509838,9.874399,1204600
1988-05-09,14.547525,14.660589,14.359086,14.660589,9.976993,1012200
1988-05-10,14.585214,14.660589,14.246022,14.396774,9.797454,1348800
1988-05-11,14.208335,14.208335,13.944520,13.944520,9.489678,2126600
1988-05-12,13.982207,14.095271,13.605329,13.680704,9.310144,1022100
1988-05-13,14.019896,14.057583,13.906832,14.057583,9.566626,1072900
1988-05-16,14.132959,14.472150,14.057583,14.472150,9.848753,538600
1988-05-17,14.622902,14.660589,14.170647,14.321399,9.746161,1714400
1988-05-18,14.170647,14.246022,13.944520,14.057583,9.566626,1955800
1988-05-19,13.982207,14.019896,13.643017,13.869143,9.438386,1756500
1988-05-20,13.869143,14.019896,13.756080,13.906832,9.464034,888500
1988-05-23,13.906832,13.906832,13.643017,13.793768,9.387092,924000
1988-05-24,13.869143,14.246022,13.793768,14.208335,9.669212,905100
1988-05-25,14.246022,14.246022,13.982207,14.057583,9.566626,1521700
1988-05-26,13.944520,14.057583,13.869143,13.869143,9.438386,926300
1988-05-27,13.831456,13.831456,13.756080,13.793768,9.387092,1079200
1988-05-31,13.831456,14.321399,13.756080,14.283710,9.720504,1273900
1988-06-01,14.396774,14.773653,14.246022,14.547525,9.900043,1996600
1988-06-02,14.472150,14.698277,14.434463,14.509838,9.874399,1266600
1988-06-03,14.622902,14.698277,14.434463,14.622902,9.951342,790000
1988-06-06,14.585214,14.999781,14.585214,14.999781,10.207818,2967100
1988-06-07,14.962092,15.225908,14.886717,15.075156,10.259113,6722300
1988-06-08,15.150532,15.527411,15.037468,15.489723,10.541241,4577000
1988-06-09,15.301284,15.565099,15.263596,15.452035,10.515591,4212200
1988-06-10,15.376659,15.565099,15.376659,15.452035,10.515591,1670900
1988-06-13,15.338971,15.338971,15.225908,15.225908,10.394156,1371100
1988-06-14,15.376659,15.715851,15.376659,15.527411,10.599980,6460200
1988-06-15,15.489723,15.565099,15.376659,15.527411,10.599980,1899800
1988-06-16,15.452035,15.527411,15.376659,15.452035,10.548522,1355800
1988-06-17,15.489723,15.640474,15.414348,15.565099,10.625704,1977000
1988-06-20,15.489723,15.489723,15.338971,15.338971,10.471334,957500
1988-06-21,15.489723,15.979666,15.414348,15.941978,10.882986,2138600
1988-06-22,16.205793,16.318857,16.130417,16.243481,11.088813,3800600
1988-06-23,16.243481,16.281168,16.092730,16.168104,11.037359,1679900
1988-06-24,16.205793,16.243481,15.941978,15.979666,10.908714,1249700
1988-06-27,16.017353,16.055042,15.791226,15.904290,10.857259,1120300
1988-06-28,16.017353,16.281168,15.979666,16.281168,11.114542,1682200
1988-06-29,16.318857,16.469608,16.205793,16.281168,11.114542,1984700
1988-06-30,16.205793,16.318857,15.979666,16.318857,11.140268,2042400
1988-07-01,16.281168,16.431921,16.130417,16.205793,11.063087,1178400
1988-07-05,15.979666,16.168104,15.941978,16.130417,11.011632,1397900
1988-07-06,16.130417,16.130417,15.527411,15.753538,10.754350,1296100
1988-07-07,15.678163,15.828914,15.527411,15.753538,10.754350,1607200
1988-07-08,15.678163,15.828914,15.452035,15.452035,10.548522,1172400
1988-07-11,15.452035,15.640474,15.338971,15.376659,10.497069,964100
1988-07-12,15.602787,15.640474,15.150532,15.376659,10.497069,1277900
1988-07-13,15.452035,15.753538,15.263596,15.753538,10.754350,906100
1988-07-14,15.678163,15.715851,15.112844,15.263596,10.419884,4241700
1988-07-15,15.338971,15.338971,14.962092,14.962092,10.214060,2572000
1988-07-18,15.037468,15.150532,14.886717,14.924405,10.188332,1792900
1988-07-19,14.622902,14.886717,14.622902,14.849029,10.136874,2305700
1988-07-20,14.886717,14.924405,14.660589,14.773653,10.085422,3239000
1988-07-21,14.773653,14.773653,14.208335,14.283710,9.750945,4206200
1988-07-22,14.170647,14.359086,13.869143,14.246022,9.725229,3698400
1988-07-25,14.208335,14.283710,14.095271,14.208335,9.699494,1435700
1988-07-26,14.283710,14.396774,14.246022,14.396774,9.828138,1253300
1988-07-27,14.472150,14.472150,13.605329,13.643017,9.313578,2323300
1988-07-28,13.680704,14.132959,13.643017,13.944520,9.519397,2191300
1988-07-29,14.095271,14.547525,14.057583,14.472150,9.879597,1466200
1988-08-01,14.472150,14.622902,14.359086,14.509838,9.905320,832400
1988-08-02,14.509838,14.660589,14.321399,14.396774,9.828138,785300
1988-08-03,14.434463,14.434463,14.170647,14.246022,9.725229,1130600
1988-08-04,14.283710,14.359086,14.057583,14.095271,9.622314,1477200
1988-08-05,14.095271,14.170647,14.019896,14.095271,9.622314,1348800
1988-08-08,14.057583,14.170647,13.944520,13.944520,9.519397,827800
1988-08-09,13.869143,13.982207,13.567640,13.643017,9.313578,1899100
1988-08-10,13.454576,13.529953,13.115386,13.153074,8.979109,2827800
1988-08-11,12.889258,13.040010,12.851571,13.040010,8.901923,3544500
1988-08-12,12.964634,13.077698,12.700819,12.926947,8.824737,2256300
1988-08-15,12.851571,12.964634,12.512380,12.738507,8.696097,1791000
1988-08-16,12.587755,13.115386,12.587755,12.964634,8.850467,1900100
1988-08-17,12.964634,13.040010,12.851571,12.926947,8.824737,810200
1988-08-18,12.964634,13.040010,12.889258,12.889258,8.799012,979700
1988-08-19,12.964634,13.002322,12.813883,12.889258,8.799012,800600
1988-08-22,12.889258,12.964634,12.700819,12.738507,8.696097,848700
1988-08-23,12.889258,12.889258,12.663132,12.738507,8.696097,1127000
1988-08-24,12.738507,13.002322,12.738507,12.964634,8.850467,1649000
1988-08-25,12.813883,12.889258,12.550068,12.550068,8.567456,2569400
1988-08-26,12.437004,12.700819,12.399316,12.700819,8.670366,2157800
1988-08-29,12.738507,12.964634,12.738507,12.964634,8.850467,1720000
1988-08-30,12.964634,13.077698,12.889258,12.964634,8.850467,1113000
1988-08-31,13.077698,13.115386,12.663132,12.663132,8.644640,1523600
1988-09-01,12.663132,12.663132,12.361629,12.361629,8.438820,1965400
1988-09-02,12.587755,12.964634,12.512380,12.813883,8.747555,1744500
1988-09-06,12.813883,12.813883,12.587755,12.738507,8.696097,1700400
1988-09-07,12.738507,12.738507,12.323940,12.399316,8.464542,2874900
1988-09-08,12.248565,12.399316,12.135501,12.361629,8.438820,5446300
1988-09-09,12.399316,12.926947,12.248565,12.813883,8.747555,5100700
1988-09-12,12.738507,12.889258,12.663132,12.738507,8.728954,1340600
1988-09-13,12.587755,12.738507,12.399316,12.738507,8.728954,842100
1988-09-14,12.851571,12.964634,12.776195,12.926947,8.858086,2341200
1988-09-15,12.926947,12.964634,12.813883,12.813883,8.780614,1488100
1988-09-16,12.738507,12.889258,12.663132,12.813883,8.780614,1583700
1988-09-19,12.813883,13.077698,12.700819,13.002322,8.909737,1290100
1988-09-20,12.964634,13.040010,12.851571,13.040010,8.935568,1692800
1988-09-21,13.228450,13.228450,13.077698,13.115386,8.987215,894800
1988-09-22,13.115386,13.379201,13.077698,13.266137,9.090509,2776700
1988-09-23,13.190762,13.454576,13.153074,13.454576,9.219639,1317300
1988-09-26,13.454576,13.529953,13.266137,13.303825,9.116339,592600
1988-09-27,13.266137,13.266137,13.002322,13.002322,8.909737,924000
1988-09-28,12.889258,13.077698,12.738507,12.776195,8.754790,1433100
1988-09-29,12.851571,13.190762,12.738507,13.190762,9.038864,1838700
1988-09-30,13.190762,13.228450,13.002322,13.002322,8.909737,1592000
1988-10-03,12.889258,12.889258,12.474691,12.587755,8.625659,2292400
1988-10-04,12.625443,12.625443,12.286252,12.323940,8.444880,1477500
1988-10-05,12.248565,12.248565,11.984749,12.060125,8.264103,4311700
1988-10-06,12.060125,12.173188,12.022437,12.135501,8.315752,3646000
1988-10-07,12.173188,12.210876,11.984749,12.135501,8.315752,4219100
1988-10-10,12.135501,12.512380,12.135501,12.512380,8.574011,1634400
1988-10-11,12.512380,12.851571,12.437004,12.851571,8.806439,1632400
1988-10-12,12.361629,12.361629,11.720934,11.984749,8.212452,12619400
1988-10-13,11.909373,12.135501,11.871686,11.909373,8.160803,3022800
1988-10-14,11.984749,12.097813,11.683246,11.796309,8.083325,4156800
1988-10-17,11.758622,11.984749,11.720934,11.871686,8.134979,2132600
1988-10-18,11.909373,11.984749,11.758622,11.909373,8.160803,1340200
1988-10-19,11.984749,12.060125,11.758622,11.909373,8.160803,3084200
1988-10-20,11.984749,12.173188,11.909373,12.173188,8.341582,2207200
1988-10-21,11.984749,12.210876,11.909373,12.060125,8.264103,1582000
1988-10-24,12.022437,12.135501,11.984749,12.022437,8.238277,1788300
1988-10-25,11.984749,12.097813,11.984749,12.060125,8.264103,2615800
1988-10-26,11.984749,12.022437,11.796309,11.909373,8.160803,2546200
1988-10-27,11.796309,11.833998,11.344055,11.570183,7.928371,3747200
1988-10-28,11.645558,11.683246,11.457119,11.532495,7.902549,1486500
1988-10-31,11.570183,11.758622,11.570183,11.607870,7.954199,1074200
1988-11-01,11.570183,11.607870,11.381743,11.457119,7.850902,1969700
1988-11-02,11.457119,11.607870,11.419431,11.532495,7.902549,1625100
1988-11-03,11.570183,11.683246,11.532495,11.607870,7.954199,1948500
1988-11-04,11.532495,11.909373,11.532495,11.758622,8.057503,2257000
1988-11-07,11.607870,11.683246,11.532495,11.607870,7.954199,1253700
1988-11-08,11.683246,11.758622,11.607870,11.645558,7.980027,1127000
1988-11-09,11.570183,11.833998,11.494806,11.833998,8.109159,2581300
1988-11-10,11.796309,11.796309,11.494806,11.532495,7.902549,1973400
1988-11-11,11.457119,11.494806,11.306367,11.457119,7.850902,2242400
1988-11-14,11.607870,11.607870,11.193303,11.230991,7.695949,1727600
1988-11-15,11.155616,11.230991,11.042552,11.042552,7.566823,2244400
1988-11-16,11.080240,11.080240,10.816424,10.891800,7.463515,2578700
1988-11-17,11.042552,11.193303,10.967176,11.004864,7.540998,2327900
1988-11-18,11.117928,11.306367,11.042552,11.306367,7.747600,1350800
1988-11-21,11.080240,11.155616,10.929488,11.117928,7.618471,2724000
1988-11-22,11.080240,11.268680,11.042552,11.193303,7.670123,2984000
1988-11-23,11.268680,11.381743,11.117928,11.230991,7.695949,2195300
1988-11-25,11.117928,11.117928,11.004864,11.080240,7.592647,581700
1988-11-28,11.042552,11.193303,10.967176,11.155616,7.644297,1006900
1988-11-29,11.117928,11.306367,11.042552,11.155616,7.644297,1153500
1988-11-30,11.193303,11.419431,11.193303,11.344055,7.773421,1913700
1988-12-01,11.306367,11.607870,11.268680,11.494806,7.876729,1914700
1988-12-02,11.381743,11.909373,11.381743,11.909373,8.160803,3026800
1988-12-05,12.022437,12.210876,11.947062,12.022437,8.238277,5516600
1988-12-06,11.984749,12.210876,11.909373,12.173188,8.341582,1949800
1988-12-07,12.097813,12.323940,12.097813,12.135501,8.315752,2161800
1988-12-08,12.135501,12.286252,12.022437,12.135501,8.315752,2489100
1988-12-09,12.060125,12.323940,12.060125,12.248565,8.393230,1125600
1988-12-12,12.210876,12.248565,11.947062,12.022437,8.276990,1464300
1988-12-13,12.022437,12.173188,11.947062,12.022437,8.276990,1982000
1988-12-14,11.984749,12.210876,11.947062,11.984749,8.251046,2308400
1988-12-15,12.361629,12.437004,12.210876,12.210876,8.406725,3057300
1988-12-16,12.173188,12.286252,12.135501,12.248565,8.432673,1607500
1988-12-19,12.210876,12.550068,12.210876,12.512380,8.614304,2099400
1988-12-20,12.738507,12.776195,12.474691,12.474691,8.588358,2627800
1988-12-21,12.437004,12.512380,12.361629,12.399316,8.536457,1351800
1988-12-22,12.286252,12.361629,12.173188,12.173188,8.380783,1357800
1988-12-23,12.060125,12.135501,12.022437,12.060125,8.302938,732300
1988-12-27,12.097813,12.323940,12.060125,12.248565,8.432673,826800
1988-12-28,12.248565,12.399316,12.248565,12.399316,8.536457,854000
1988-12-29,12.361629,12.700819,12.361629,12.625443,8.692140,1386000
1988-12-30,12.738507,12.776195,12.625443,12.663132,8.718084,1005900
1989-01-03,12.550068,12.587755,12.361629,12.437004,8.562407,1055000
1989-01-04,12.437004,12.813883,12.399316,12.700819,8.744033,2006200
1989-01-05,12.776195,12.776195,12.625443,12.738507,8.769976,1243400
1989-01-06,12.700819,12.776195,12.550068,12.625443,8.692140,1538900
1989-01-09,12.625443,12.700819,12.550068,12.625443,8.692140,1395300
1989-01-10,12.625443,12.700819,12.474691,12.663132,8.718084,1078200
1989-01-11,12.700819,12.700819,12.474691,12.663132,8.718084,1443700
1989-01-12,12.587755,12.776195,12.437004,12.738507,8.769976,1436100
1989-01-13,12.700819,12.738507,12.625443,12.663132,8.718084,776400
1989-01-16,12.700819,12.700819,12.550068,12.625443,8.692140,837400
1989-01-17,12.587755,12.625443,12.474691,12.474691,8.588358,1335600
1989-01-18,12.474691,12.738507,12.361629,12.663132,8.718084,1349200
1989-01-19,12.738507,12.926947,12.625443,12.700819,8.744033,1649000
1989-01-20,12.625443,13.002322,12.512380,12.964634,8.925661,2442400
1989-01-23,13.115386,13.190762,12.964634,13.002322,8.951606,1224500
1989-01-24,12.926947,13.077698,12.889258,13.002322,8.951606,990300
1989-01-25,13.077698,13.303825,13.040010,13.190762,9.081343,3298100
1989-01-26,13.153074,13.605329,13.115386,13.416889,9.237020,3576000
1989-01-27,13.492265,13.492265,13.040010,13.153074,9.055388,2889400
1989-01-30,13.266137,13.492265,13.228450,13.379201,9.211071,2006200
1989-01-31,13.492265,13.567640,13.341514,13.567640,9.340814,1291800
1989-02-01,13.492265,13.756080,13.454576,13.643017,9.392704,2779300
1989-02-02,13.718392,13.793768,13.492265,13.793768,9.496491,2799300
1989-02-03,13.944520,14.246022,13.869143,14.132959,9.730013,3111700
1989-02-06,14.019896,14.132959,13.906832,13.982207,9.626224,1651000
1989-02-07,13.944520,14.283710,13.906832,14.170647,9.755954,2712000
1989-02-08,14.132959,14.132959,13.793768,13.831456,9.522434,3069900
1989-02-09,13.718392,13.793768,13.492265,13.567640,9.340814,1955500
1989-02-10,13.416889,13.529953,13.379201,13.379201,9.211071,1930900
1989-02-13,13.341514,13.529953,13.228450,13.266137,9.133228,1773700
1989-02-14,13.529953,13.529953,13.379201,13.492265,9.288913,1337600
1989-02-15,13.454576,13.605329,13.454576,13.529953,9.314863,1690800
1989-02-16,13.529953,13.605329,13.492265,13.492265,9.288913,1406900
1989-02-17,13.492265,13.643017,13.492265,13.567640,9.340814,1420200
1989-02-21,13.492265,13.567640,13.266137,13.379201,9.211071,1516000
1989-02-22,13.379201,13.379201,12.889258,12.964634,8.925661,1369400
1989-02-23,12.813883,13.002322,12.776195,12.926947,8.899712,1061300
1989-02-24,12.964634,12.964634,12.700819,12.851571,8.847823,1095100
1989-02-27,12.776195,12.813883,12.663132,12.663132,8.718084,1100400
1989-02-28,12.700819,12.889258,12.700819,12.738507,8.769976,1311000
1989-03-01,12.813883,12.851571,12.663132,12.700819,8.744033,1674900
1989-03-02,12.663132,12.813883,12.587755,12.738507,8.769976,1124300
1989-03-03,12.700819,13.077698,12.700819,12.738507,8.769976,1053300
1989-03-06,12.738507,12.776195,12.625443,12.625443,8.692140,1056000
1989-03-07,12.663132,12.738507,12.587755,12.738507,8.769976,1733300
1989-03-08,12.625443,12.851571,12.625443,12.776195,8.795930,2399300
1989-03-09,13.002322,13.077698,12.926947,13.002322,8.951606,1428100
1989-03-10,12.926947,12.926947,12.813883,12.851571,8.847823,1207900
1989-03-13,12.813883,12.926947,12.813883,12.851571,8.887439,1008600
1989-03-14,12.889258,12.926947,12.625443,12.700819,8.783189,1034800
1989-03-15,12.700819,12.700819,12.286252,12.437004,8.600748,2405900
1989-03-16,12.323940,12.474691,12.097813,12.248565,8.470432,4587600
1989-03-17,11.984749,12.210876,11.984749,12.135501,8.392243,1824500
1989-03-20,12.060125,12.097813,11.909373,11.984749,8.287993,1324000
1989-03-21,12.097813,12.135501,12.022437,12.022437,8.314051,1043400
1989-03-22,11.947062,12.022437,11.909373,12.022437,8.314051,1090800
1989-03-23,12.022437,12.135501,11.947062,12.022437,8.314051,1169400
1989-03-27,12.022437,12.135501,12.022437,12.060125,8.340117,758500
1989-03-28,12.210876,12.361629,12.135501,12.210876,8.444369,988300
1989-03-29,12.173188,12.323940,12.097813,12.323940,8.522557,879900
1989-03-30,12.286252,12.437004,12.286252,12.399316,8.574681,909700
1989-03-31,12.474691,12.474691,12.323940,12.474691,8.626814,2459900
1989-04-03,12.399316,12.776195,12.399316,12.738507,8.809245,1024800
1989-04-04,12.738507,12.964634,12.700819,12.776195,8.835317,2168400
1989-04-05,12.776195,12.889258,12.625443,12.663132,8.757121,1606600
1989-04-06,12.587755,12.851571,12.550068,12.776195,8.835317,1125300
1989-04-07,12.851571,13.115386,12.851571,13.040010,9.017758,1614500
1989-04-10,13.002322,13.190762,12.964634,13.040010,9.017758,920300
1989-04-11,13.077698,13.492265,13.077698,13.379201,9.252316,2288500
1989-04-12,13.379201,13.756080,13.341514,13.680704,9.460825,3426800
1989-04-13,13.793768,13.869143,13.605329,13.605329,9.408700,2917000
1989-04-14,13.793768,13.831456,13.680704,13.831456,9.565072,2094800
1989-04-17,13.718392,13.944520,13.718392,13.869143,9.591138,2092800
1989-04-18,14.019896,14.095271,13.944520,14.095271,9.747519,2463300
1989-04-19,14.019896,14.132959,13.982207,14.057583,9.721455,1412900
1989-04-20,14.019896,14.095271,13.756080,13.906832,9.617204,1199600
1989-04-21,13.869143,13.869143,13.756080,13.831456,9.565072,843400
1989-04-24,13.643017,13.793768,13.643017,13.718392,9.486885,881500
1989-04-25,13.718392,13.831456,13.643017,13.718392,9.486885,1053000
1989-04-26,13.756080,13.869143,13.680704,13.869143,9.591138,758800
1989-04-27,13.869143,14.057583,13.869143,13.906832,9.617204,1078500
1989-04-28,13.869143,13.906832,13.718392,13.793768,9.539015,597900
1989-05-01,13.567640,13.756080,13.567640,13.756080,9.512952,682200
1989-05-02,13.718392,13.793768,13.643017,13.680704,9.460825,770400
1989-05-03,13.643017,13.718392,13.567640,13.643017,9.434762,1332600
1989-05-04,13.605329,14.019896,13.567640,13.944520,9.643260,1361500
1989-05-05,14.095271,14.472150,14.095271,14.170647,9.799638,3721000
1989-05-08,14.095271,14.321399,14.019896,14.095271,9.747519,2568700
1989-05-09,14.208335,14.359086,14.170647,14.359086,9.929956,2399600
1989-05-10,14.434463,14.434463,14.170647,14.434463,9.982081,2067200
1989-05-11,14.472150,14.660589,14.396774,14.585214,10.086331,3247000
1989-05-12,15.075156,15.301284,14.886717,15.263596,10.555467,6033000
1989-05-15,15.452035,15.452035,15.112844,15.225908,10.529402,2851000
1989-05-16,15.188220,15.225908,14.962092,15.112844,10.451210,3722000
1989-05-17,15.188220,15.527411,14.999781,15.452035,10.685779,2305400
1989-05-18,15.414348,15.640474,15.376659,15.565099,10.763964,2985000
1989-05-19,15.678163,15.866602,15.602787,15.866602,10.972467,3170700
1989-05-22,15.904290,16.017353,15.678163,15.791226,10.920344,1944900
1989-05-23,15.602787,15.753538,15.565099,15.640474,10.816087,1608500
1989-05-24,15.527411,15.565099,15.225908,15.527411,10.737906,2075900
1989-05-25,15.527411,15.753538,15.489723,15.678163,10.842154,1133900
1989-05-26,15.678163,16.394232,15.640474,16.394232,11.337353,3037700
1989-05-30,16.507296,16.620359,16.281168,16.507296,11.415536,3186000
1989-05-31,16.959551,17.110302,16.884174,16.997238,11.754356,5538500
1989-06-01,17.034927,17.939436,16.997238,17.788685,12.301680,5551100
1989-06-02,17.901749,18.203251,17.487181,17.713308,12.249546,4816100
1989-06-05,17.487181,17.600245,16.959551,16.959551,11.728283,3338600
1989-06-06,16.921864,17.261053,16.808800,17.185678,11.884667,5028100
1989-06-07,17.487181,17.562557,17.034927,17.072615,11.806484,3559400
1989-06-08,17.072615,17.147991,16.658047,16.997238,11.754356,2666600
1989-06-09,16.846487,16.959551,16.733423,16.846487,11.650108,2076900
1989-06-12,16.620359,16.620359,16.431921,16.507296,11.454492,2497100
1989-06-13,16.130417,16.507296,16.017353,16.431921,11.402191,3889400
1989-06-14,16.507296,17.034927,16.356544,16.846487,11.689858,4902400
1989-06-15,16.846487,16.846487,16.394232,16.695736,11.585251,2733200
1989-06-16,16.582672,16.808800,16.544985,16.695736,11.585251,2465900
1989-06-19,16.620359,16.658047,16.431921,16.620359,11.532947,843700
1989-06-20,16.544985,16.544985,16.168104,16.205793,11.245278,2082200
1989-06-21,16.055042,16.356544,16.017353,16.130417,11.192972,1884200
1989-06-22,16.130417,16.733423,16.130417,16.733423,11.611402,2673200
1989-06-23,17.034927,17.072615,16.658047,16.997238,11.794462,2224100
1989-06-26,16.997238,16.997238,16.695736,16.733423,11.611402,672900
1989-06-27,16.808800,16.846487,16.356544,16.394232,11.376035,4590300
1989-06-28,16.394232,16.658047,16.130417,16.205793,11.245278,3156500
1989-06-29,16.281168,16.431921,16.017353,16.092730,11.166825,2808500
1989-06-30,16.017353,16.130417,15.678163,15.866602,11.009913,1860000
1989-07-03,15.904290,15.979666,15.828914,15.828914,10.983757,452700
1989-07-05,15.715851,15.715851,15.376659,15.489723,10.748391,1810900
1989-07-06,15.565099,15.828914,15.527411,15.828914,10.983757,2158500
1989-07-07,15.866602,16.394232,15.866602,16.205793,11.245278,1768700
1989-07-10,16.281168,16.431921,16.243481,16.318857,11.323731,1246400
1989-07-11,16.394232,16.394232,16.168104,16.168104,11.219122,1372400
1989-07-12,16.243481,16.281168,16.130417,16.168104,11.219122,1427500
1989-07-13,16.205793,16.205793,15.979666,16.130417,11.192972,1375400
1989-07-14,16.055042,16.431921,16.017353,16.394232,11.376035,2538200
1989-07-17,16.507296,16.997238,16.507296,16.959551,11.768309,3274200
1989-07-18,16.921864,16.997238,16.771111,16.771111,11.637553,1734200
1989-07-19,16.846487,17.185678,16.808800,17.185678,11.925219,2463300
1989-07-20,17.147991,17.147991,16.959551,17.034927,11.820620,1763800
1989-07-21,16.959551,16.997238,16.808800,16.846487,11.689858,926000
1989-07-24,16.846487,16.846487,16.620359,16.620359,11.532947,944200
1989-07-25,16.658047,16.733423,16.205793,16.205793,11.245278,1362100
1989-07-26,16.168104,16.733423,16.092730,16.658047,11.559097,1741500
1989-07-27,16.695736,17.034927,16.695736,16.959551,11.768309,1914000
1989-07-28,17.034927,17.185678,16.959551,17.072615,11.846771,1062600
1989-07-31,17.147991,17.185678,16.959551,17.147991,11.899073,1669200
1989-08-01,17.185678,17.261053,16.884174,16.959551,11.768309,3053600
1989-08-02,16.884174,16.921864,16.695736,16.771111,11.637553,1235400
1989-08-03,16.733423,17.336430,16.695736,17.298742,12.003681,1982300
1989-08-04,17.147991,17.939436,17.147991,17.788685,12.343657,3310400
1989-08-07,17.788685,18.467066,17.788685,18.467066,12.814383,3673500
1989-08-08,18.391691,18.429379,18.014812,18.052500,12.526711,2407900
1989-08-09,18.127876,18.429379,18.014812,18.014812,12.500566,3078800
1989-08-10,17.788685,18.429379,17.637934,18.429379,12.788237,2921300
1989-08-11,18.693193,18.693193,18.014812,18.014812,12.500566,3251700
1989-08-14,17.713308,17.901749,17.675621,17.788685,12.343657,1898800
1989-08-15,17.713308,17.788685,17.223366,17.411806,12.082137,2704700
1989-08-16,17.788685,17.788685,17.110302,17.223366,11.951373,2748200
1989-08-17,17.261053,17.298742,16.959551,17.261053,11.977527,2072600
1989-08-18,17.185678,17.449493,17.110302,17.411806,12.082137,815200
1989-08-21,17.336430,17.411806,16.808800,16.884174,11.716011,961800
1989-08-22,16.733423,17.034927,16.544985,16.997238,11.794462,1195000
1989-08-23,17.147991,17.298742,16.808800,17.223366,11.951373,1225100
1989-08-24,17.336430,17.788685,17.223366,17.750996,12.317501,1651300
1989-08-25,17.750996,17.750996,17.336430,17.449493,12.108284,2397300
1989-08-28,17.110302,17.411806,17.072615,17.374117,12.055982,1405600
1989-08-29,17.524870,17.637934,17.411806,17.562557,12.186745,1375400
1989-08-30,17.487181,17.713308,17.374117,17.600245,12.212895,2358800
1989-08-31,17.524870,17.524870,17.336430,17.487181,12.134437,1159100
1989-09-01,17.298742,17.562557,17.298742,17.562557,12.186745,1118300
1989-09-05,17.487181,17.750996,17.110302,17.110302,11.872924,3488100
1989-09-06,17.110302,17.110302,16.695736,16.695736,11.585251,2932900
1989-09-07,16.846487,17.034927,16.733423,16.921864,11.742162,1356100
1989-09-08,16.921864,16.997238,16.771111,16.846487,11.689858,1074600
1989-09-11,16.884174,16.921864,16.733423,16.771111,11.677258,1531300
1989-09-12,16.808800,17.147991,16.771111,17.110302,11.913437,2306000
1989-09-13,17.449493,17.675621,17.374117,17.449493,12.149600,2924000
1989-09-14,17.411806,17.524870,17.185678,17.185678,11.965919,1415800
1989-09-15,17.110302,17.562557,17.110302,17.411806,12.123359,2553800
1989-09-18,17.374117,17.449493,17.147991,17.185678,11.965919,1292100
1989-09-19,17.034927,17.147991,16.884174,16.997238,11.834707,1241700
1989-09-20,17.072615,17.374117,17.072615,17.298742,12.044638,1248700
1989-09-21,17.411806,17.524870,17.185678,17.185678,11.965919,1316300
1989-09-22,17.185678,17.298742,17.110302,17.147991,11.939677,912000
1989-09-25,17.185678,17.411806,17.185678,17.411806,12.123359,1081500
1989-09-26,17.336430,17.600245,17.298742,17.411806,12.123359,1252300
1989-09-27,17.147991,17.487181,17.147991,17.449493,12.149600,1478200
1989-09-28,17.524870,17.637934,17.336430,17.562557,12.228329,1560400
1989-09-29,17.562557,17.750996,17.374117,17.411806,12.123359,974100
1989-10-02,17.449493,17.487181,17.034927,17.223366,11.992155,1357800
1989-10-03,17.298742,17.336430,16.959551,17.147991,11.939677,1408600
1989-10-04,17.072615,17.750996,17.072615,17.713308,12.333286,1677200
1989-10-05,17.637934,18.240938,17.637934,17.977123,12.516975,2479200
1989-10-06,18.052500,18.240938,17.977123,18.052500,12.569455,1593300
1989-10-09,18.354002,18.655506,18.316315,18.617819,12.963071,1277900
1989-10-10,18.768570,18.843945,18.429379,18.504755,12.884352,1729600
1989-10-11,18.240938,18.278627,17.788685,17.901749,12.464495,2693400
1989-10-12,18.014812,18.165564,17.901749,17.977123,12.516975,1972700
1989-10-13,17.901749,18.014812,16.884174,17.034927,11.860952,2840000
1989-10-16,16.582672,17.147991,16.544985,17.147991,11.939677,2942500
1989-10-17,16.921864,17.261053,16.733423,17.110302,11.913437,1573700
1989-10-18,17.034927,17.298742,16.997238,17.147991,11.939677,824800
1989-10-19,17.336430,17.864059,17.223366,17.864059,12.438255,1544900
1989-10-20,17.788685,17.901749,17.562557,17.675621,12.307054,1107400
1989-10-23,17.524870,17.562557,17.223366,17.336430,12.070886,978700
1989-10-24,17.110302,17.185678,16.356544,17.185678,11.965919,2492400
1989-10-25,17.185678,17.298742,16.733423,16.846487,11.729746,1415200
1989-10-26,16.658047,16.733423,16.507296,16.658047,11.598541,2025100
1989-10-27,16.658047,16.808800,16.582672,16.582672,11.546064,1237700
1989-10-30,16.582672,16.658047,16.394232,16.544985,11.519818,1181300
1989-10-31,16.582672,17.034927,16.582672,16.846487,11.729746,1011900
1989-11-01,16.997238,17.034927,16.771111,16.771111,11.677258,656300
1989-11-02,16.771111,16.808800,16.318857,16.544985,11.519818,1682800
1989-11-03,16.507296,16.544985,15.979666,16.168104,11.257405,3147800
1989-11-06,16.130417,16.130417,15.979666,15.979666,11.126204,1056000
1989-11-07,15.979666,16.431921,15.904290,16.394232,11.414854,1401600
1989-11-08,16.431921,16.582672,16.394232,16.431921,11.441092,1324000
1989-11-09,16.507296,16.884174,16.431921,16.771111,11.677258,949200
1989-11-10,17.034927,17.261053,16.997238,17.261053,12.018395,949500
1989-11-13,17.185678,17.261053,16.771111,16.846487,11.729746,1566400
1989-11-14,16.884174,17.072615,16.808800,16.846487,11.729746,661000
1989-11-15,16.808800,17.185678,16.808800,17.034927,11.860952,744200
1989-11-16,17.110302,17.336430,17.034927,17.223366,11.992155,712400
1989-11-17,17.336430,17.637934,17.336430,17.374117,12.097116,1255000
1989-11-20,17.411806,17.637934,17.411806,17.487181,12.175843,1546500
1989-11-21,17.562557,17.562557,17.185678,17.374117,12.097116,1194000
1989-11-22,17.374117,17.487181,17.261053,17.374117,12.097116,984000
1989-11-24,17.449493,17.675621,17.411806,17.562557,12.228329,719700
1989-11-27,17.637934,18.165564,17.637934,18.090187,12.595704,2462900
1989-11-28,18.052500,18.090187,17.864059,17.864059,12.438255,1706000
1989-11-29,17.901749,18.014812,17.750996,17.788685,12.385770,1206200
1989-11-30,17.788685,17.864059,17.675621,17.788685,12.385770,638700
1989-12-01,17.826372,18.165564,17.750996,18.014812,12.543224,1820200
1989-12-04,18.014812,18.014812,17.600245,17.600245,12.254569,942600
1989-12-05,17.675621,17.750996,17.449493,17.524870,12.202082,825800
1989-12-06,17.524870,17.864059,17.487181,17.788685,12.385770,1739600
1989-12-07,17.750996,17.939436,17.524870,17.675621,12.307054,1232800
1989-12-08,17.713308,17.713308,17.449493,17.562557,12.228329,744900
1989-12-11,17.449493,17.524870,17.110302,17.298742,12.084061,960800
1989-12-12,17.223366,17.411806,16.959551,17.374117,12.136712,1829100
1989-12-13,17.374117,17.411806,17.034927,17.185678,12.005078,921300
1989-12-14,17.110302,17.261053,16.997238,17.185678,12.005078,964800
1989-12-15,17.487181,17.487181,16.921864,17.261053,12.057727,1522600
1989-12-18,17.298742,17.336430,16.733423,16.884174,11.794461,1651000
1989-12-19,16.921864,17.034927,16.808800,16.997238,11.873439,1481200
1989-12-20,16.997238,17.034927,16.771111,16.846487,11.768136,1610900
1989-12-21,16.921864,17.261053,16.884174,17.185678,12.005078,1280900
1989-12-22,17.336430,17.487181,17.298742,17.487181,12.215688,910700
1989-12-26,17.487181,17.487181,17.261053,17.298742,12.084061,190600
1989-12-27,17.336430,17.562557,17.261053,17.411806,12.163035,718700
1989-12-28,17.449493,17.562557,17.374117,17.487181,12.215688,474900
1989-12-29,17.524870,17.637934,17.411806,17.600245,12.294674,1149500
1990-01-02,17.675621,18.467066,17.637934,18.391691,12.847543,1625500
1990-01-03,18.542442,18.881634,18.467066,18.843945,13.163456,3009500
1990-01-04,18.806257,19.183136,18.806257,18.919321,13.216109,4071900
1990-01-05,18.919321,18.919321,18.580130,18.580130,12.979172,1748200
1990-01-08,18.542442,18.768570,18.542442,18.655506,13.031827,1709400
1990-01-09,18.768570,18.957008,18.617819,18.806257,13.137132,1877900
1990-01-10,18.693193,18.730881,18.052500,18.467066,12.900190,1709400
1990-01-11,18.693193,18.768570,18.580130,18.617819,13.005506,1640400
1990-01-12,18.391691,18.391691,18.014812,18.127876,12.663250,2718300
1990-01-15,17.939436,18.127876,17.864059,18.127876,12.663250,1704400
1990-01-16,17.977123,18.467066,17.977123,18.391691,12.847543,1692100
1990-01-17,18.467066,18.768570,17.977123,18.052500,12.610595,1953100
1990-01-18,17.864059,18.278627,17.788685,17.864059,12.478963,2678200
1990-01-19,17.939436,17.939436,17.298742,17.298742,12.084061,2654600
1990-01-22,16.884174,16.921864,16.469608,16.544985,11.557518,5036700
1990-01-23,16.771111,16.808800,16.544985,16.582672,11.583848,2588600
1990-01-24,16.130417,16.884174,16.055042,16.808800,11.741804,2936900
1990-01-25,16.997238,17.110302,16.733423,16.808800,11.741804,1555500
1990-01-26,16.884174,17.034927,16.469608,16.733423,11.689152,1145900
1990-01-29,16.884174,17.336430,16.846487,17.072615,11.926104,2325300
1990-01-30,17.185678,17.185678,16.205793,16.431921,11.478538,2940500
1990-01-31,16.469608,16.808800,16.469608,16.469608,11.504869,2560400
1990-02-01,16.658047,16.959551,16.620359,16.846487,11.768136,1799900
1990-02-02,16.846487,16.921864,16.771111,16.808800,11.741804,1141900
1990-02-05,16.997238,17.223366,16.921864,17.147991,11.978750,1440400
1990-02-06,17.261053,17.411806,17.147991,17.261053,12.057727,1228800
1990-02-07,17.298742,17.788685,17.223366,17.675621,12.347325,1352800
1990-02-08,17.864059,18.014812,17.675621,17.750996,12.399976,1397600
1990-02-09,17.939436,17.939436,17.637934,17.713308,12.373650,1402900
1990-02-12,17.675621,17.675621,17.449493,17.487181,12.215688,936300
1990-02-13,17.449493,17.675621,17.261053,17.637934,12.321000,1008600
1990-02-14,17.637934,17.901749,17.637934,17.826372,12.452628,724700
1990-02-15,17.713308,17.826372,17.713308,17.788685,12.426306,888800
1990-02-16,17.788685,17.788685,17.600245,17.637934,12.321000,897800
1990-02-20,17.487181,17.524870,17.185678,17.374117,12.136712,908700
1990-02-21,17.147991,17.524870,17.110302,17.449493,12.189364,1616200
1990-02-22,17.600245,17.713308,17.411806,17.449493,12.189364,1661000
1990-02-23,17.261053,17.411806,17.034927,17.185678,12.005078,2187300
1990-02-26,17.261053,17.524870,17.147991,17.524870,12.242022,1760100
1990-02-27,17.713308,18.052500,17.675621,18.052500,12.610595,2706700
1990-02-28,18.240938,18.655506,18.203251,18.617819,13.005506,3117600
1990-03-01,18.467066,18.504755,18.278627,18.278627,12.768566,3918000
1990-03-02,18.391691,18.994698,18.278627,18.994698,13.268764,2492800
1990-03-05,18.919321,18.957008,18.504755,18.504755,12.926523,2335900
1990-03-06,18.504755,18.617819,18.278627,18.580130,12.979172,1581000
1990-03-07,18.580130,18.881634,18.580130,18.768570,13.110806,1689800
1990-03-08,18.919321,19.522327,18.919321,19.409264,13.558364,3082800
1990-03-09,19.145449,19.371576,18.994698,19.258512,13.453063,1951800
1990-03-12,19.107761,19.409264,19.070072,19.371576,13.572420,1338900
1990-03-13,19.296200,19.484640,19.258512,19.446951,13.625220,2393600
1990-03-14,19.597704,19.748455,19.446951,19.673079,13.783656,2526300
1990-03-15,19.899206,19.974583,19.710768,19.974583,13.994897,1586000
1990-03-16,20.125334,20.954468,20.125334,20.577589,14.417396,4089800
1990-03-19,20.200710,21.067532,20.200710,21.067532,14.760650,2146500
1990-03-20,20.954468,20.992155,20.690653,20.879091,14.628638,2647700
1990-03-21,20.803715,20.841404,20.502213,20.539900,14.390983,1372700
1990-03-22,20.389149,20.539900,19.673079,19.936893,13.968500,2732900
1990-03-23,19.936893,20.087646,19.861519,19.936893,13.968500,1511700
1990-03-26,20.163021,20.276085,20.087646,20.087646,14.074121,771400
1990-03-27,20.163021,20.426836,20.125334,20.426836,14.311764,1592300
1990-03-28,20.313772,20.351461,20.125334,20.238398,14.179739,1891800
1990-03-29,20.049957,20.351461,20.049957,20.351461,14.258955,1077900
1990-03-30,19.899206,19.974583,19.597704,19.597704,13.730854,4511700
1990-04-02,19.560015,20.012270,19.484640,19.899206,13.942092,2154800
1990-04-03,19.936893,20.049957,19.786142,20.012270,14.021301,1579700
1990-04-04,20.125334,20.238398,19.899206,20.087646,14.074121,1661600
1990-04-05,20.012270,20.087646,19.823830,19.861519,13.915682,1007500
1990-04-06,19.861519,19.861519,19.522327,19.635391,13.757247,736600
1990-04-09,19.560015,19.597704,19.333887,19.371576,13.572420,796600
1990-04-10,19.371576,20.728340,19.032385,20.652964,14.470194,6621100
1990-04-11,20.954468,20.954468,20.577589,20.803715,14.575822,2235100
1990-04-12,20.841404,21.180595,20.690653,20.841404,14.602225,1741500
1990-04-16,20.954468,20.954468,20.389149,20.426836,14.311764,985700
1990-04-17,20.238398,20.728340,20.238398,20.690653,14.496618,992600
1990-04-18,20.615276,20.690653,20.238398,20.464525,14.338173,1245000
1990-04-19,20.389149,20.841404,20.389149,20.615276,14.443794,1777400
1990-04-20,20.615276,20.766027,20.464525,20.577589,14.417396,1370100
1990-04-23,20.276085,20.313772,19.974583,20.087646,14.074121,1347500
1990-04-24,20.125334,20.276085,20.087646,20.125334,14.100522,924700
1990-04-25,20.125334,20.426836,20.012270,20.351461,14.258955,1387000
1990-04-26,20.502213,20.577589,20.313772,20.351461,14.258955,974100
1990-04-27,20.313772,20.313772,19.899206,19.974583,13.994897,991000
1990-04-30,19.936893,20.313772,19.899206,20.276085,14.206138,807600
1990-05-01,20.502213,20.766027,20.426836,20.728340,14.523013,1495400
1990-05-02,20.766027,21.708225,20.766027,21.557474,15.103928,2319000
1990-05-03,21.708225,21.708225,21.218283,21.293657,14.919092,1347900
1990-05-04,21.406721,21.444410,20.954468,21.293657,14.919092,1864300
1990-05-07,21.331347,21.858976,21.331347,21.858976,15.315176,3005200
1990-05-08,21.783600,21.821289,21.632849,21.783600,15.262363,1533900
1990-05-09,21.821289,22.122791,21.745913,21.896664,15.341582,1739600
1990-05-10,22.122791,22.537359,22.122791,22.499670,15.764071,2463900
1990-05-11,22.160480,23.140366,21.708225,22.989613,16.107340,4647600
1990-05-14,22.951925,23.178053,22.612734,22.612734,15.843283,1741500
1990-05-15,22.424295,22.688110,22.348919,22.537359,15.790468,2484500
1990-05-16,22.575047,22.575047,22.009727,22.348919,15.658447,1517300
1990-05-17,22.537359,22.914238,22.537359,22.876549,16.028126,2322300
1990-05-18,22.914238,23.253429,22.688110,23.102676,16.186567,2154800
1990-05-21,23.027302,23.667995,22.989613,23.554932,16.503414,2570100
1990-05-22,23.818747,24.120251,23.592619,24.044874,16.846685,2431800
1990-05-23,23.931810,24.195625,23.818747,24.120251,16.899506,1720600
1990-05-24,24.120251,25.326263,23.969498,25.250887,17.691669,4364400
1990-05-25,24.836319,24.987072,24.195625,24.346376,17.057938,3944500
1990-05-29,24.572504,24.836319,24.497129,24.798632,17.374794,2061900
1990-05-30,25.024759,25.100136,24.685568,24.723257,17.321987,2766400
1990-05-31,24.723257,25.250887,24.497129,24.987072,17.506824,1928300
1990-06-01,25.175510,25.213200,24.572504,24.723257,17.321987,1913000
1990-06-04,24.874008,25.590078,24.647881,25.590078,17.929329,2074200
1990-06-05,25.590078,25.929268,24.836319,24.949383,17.480423,2968100
1990-06-06,24.798632,25.703142,24.723257,25.100136,17.586042,2736500
1990-06-07,25.137823,25.891581,25.137823,25.891581,18.140558,3123000
1990-06-08,25.778517,25.816206,25.024759,25.175510,17.638861,1947900
1990-06-11,24.949383,25.439325,24.949383,25.175510,17.679079,1442400
1990-06-12,25.401638,25.853893,25.326263,25.740829,18.076073,1985700
1990-06-13,25.665453,26.306149,25.627766,26.117708,18.340734,3478500
1990-06-14,26.193085,26.381523,25.891581,26.080021,18.314266,1924900
1990-06-15,26.042332,26.343836,26.042332,26.117708,18.340734,2323000
1990-06-18,26.042332,26.230772,25.891581,25.891581,18.181952,1686800
1990-06-19,25.514702,25.665453,25.363951,25.627766,17.996681,3349500
1990-06-20,26.004644,26.230772,25.891581,25.929268,18.208408,2191000
1990-06-21,26.080021,26.645338,25.929268,26.569963,18.658321,2216500
1990-06-22,26.532274,26.569963,25.778517,25.929268,18.208408,3016500
1990-06-25,26.042332,26.042332,25.288574,25.363951,17.811415,1904400
1990-06-26,25.514702,25.627766,24.271002,24.421753,17.149769,3486500
1990-06-27,24.760944,25.137823,24.497129,25.062447,17.599693,2407500
1990-06-28,25.250887,25.250887,24.874008,25.100136,17.626156,1491800
1990-06-29,25.137823,25.401638,25.062447,25.213200,17.705559,802900
1990-07-02,25.288574,25.627766,25.288574,25.590078,17.970209,865900
1990-07-03,25.627766,25.929268,25.590078,25.778517,18.102545,1782300
1990-07-05,25.703142,25.703142,25.401638,25.477015,17.890818,1266300
1990-07-06,25.250887,25.703142,25.250887,25.665453,18.023136,745900
1990-07-09,25.627766,25.778517,25.590078,25.778517,18.102545,1351500
1990-07-10,25.778517,26.306149,25.740829,25.778517,18.102545,1418200
1990-07-11,25.929268,26.080021,25.552389,26.042332,18.287792,1939500
1990-07-12,26.230772,26.306149,25.665453,26.042332,18.287792,2036700
1990-07-13,26.117708,26.381523,26.117708,26.155396,18.367193,1734200
1990-07-16,26.230772,26.494587,26.117708,26.306149,18.473066,943900
1990-07-17,26.419210,26.607651,26.268459,26.569963,18.658321,1628400
1990-07-18,26.494587,26.569963,25.816206,25.891581,18.181952,2539900
1990-07-19,25.778517,25.778517,25.175510,25.552389,17.943756,1773700
1990-07-20,25.477015,25.552389,23.894123,24.572504,17.255630,3214200
1990-07-23,24.308689,24.346376,22.612734,24.007187,16.858652,4181300
1990-07-24,24.082561,24.082561,22.876549,23.404181,16.435200,3876500
1990-07-25,23.215740,24.044874,23.215740,24.044874,16.885118,3090800
1990-07-26,24.384066,24.723257,24.195625,24.346376,17.096834,2770700
1990-07-27,24.421753,24.421753,24.157938,24.195625,16.990986,872900
1990-07-30,23.969498,24.157938,23.818747,24.044874,16.885118,985300
1990-07-31,24.007187,24.647881,23.969498,24.534817,17.229168,1091500
1990-08-01,24.497129,24.911695,24.044874,24.233315,17.017454,1151800
1990-08-02,23.554932,23.856434,23.366491,23.554932,16.541058,1702100
1990-08-03,22.989613,23.215740,21.406721,23.027302,16.170540,4644700
1990-08-06,21.255970,22.311232,21.255970,21.896664,15.376569,3910000
1990-08-07,22.348919,22.688110,21.934353,21.934353,15.403039,2394300
1990-08-08,21.896664,22.989613,21.896664,22.914238,16.091148,1719700
1990-08-09,22.914238,23.140366,22.650423,22.801174,16.011747,1285500
1990-08-10,22.801174,22.951925,22.537359,22.575047,15.852959,1139600
1990-08-13,22.575047,23.027302,22.537359,22.989613,16.144073,1662300
1990-08-14,22.838861,22.876549,22.575047,22.725798,15.958823,996600
1990-08-15,22.801174,22.838861,22.424295,22.537359,15.826486,1076500
1990-08-16,22.386606,22.499670,21.934353,22.009727,15.455965,1137900
1990-08-17,21.745913,21.896664,21.369034,21.670538,15.217780,1637700
1990-08-20,21.708225,21.858976,20.916779,20.992155,14.741401,1985300
1990-08-21,20.502213,20.652964,20.125334,20.276085,14.238545,3152800
1990-08-22,20.502213,20.766027,20.200710,20.351461,14.291485,2504700
1990-08-23,19.446951,20.087646,19.333887,19.560015,13.735699,3067600
1990-08-24,19.786142,20.690653,19.786142,20.615276,14.476736,4188900
1990-08-27,21.331347,21.632849,21.255970,21.406721,15.032515,2544900
1990-08-28,21.482098,21.858976,21.218283,21.745913,15.270703,1449000
1990-08-29,21.519785,21.708225,21.444410,21.519785,15.111917,1978000
1990-08-30,21.557474,21.670538,21.105219,21.142906,14.847257,1138200
1990-08-31,21.180595,21.670538,20.992155,21.670538,15.217780,596600
1990-09-04,21.519785,21.708225,21.105219,21.444410,15.058989,1209900
1990-09-05,21.293657,21.406721,20.841404,20.841404,14.635530,1323300
1990-09-06,19.899206,19.936893,18.542442,18.542442,13.021126,7568700
1990-09-07,18.693193,18.919321,18.278627,18.467066,12.968187,3370400
1990-09-10,18.693193,18.806257,18.391691,18.467066,13.008555,2412800
1990-09-11,18.580130,18.617819,17.977123,18.052500,12.716516,3693100
1990-09-12,18.203251,18.429379,17.939436,18.354002,12.928906,2552800
1990-09-13,18.693193,18.957008,18.391691,18.504755,13.035098,1740600
1990-09-14,18.467066,18.994698,18.354002,18.994698,13.380228,1907400
1990-09-17,18.806257,19.371576,18.806257,19.070072,13.433320,1708100
1990-09-18,18.768570,18.919321,18.316315,18.617819,13.114743,3062300
1990-09-19,18.617819,18.655506,18.240938,18.391691,12.955461,2432400
1990-09-20,18.240938,18.354002,17.977123,18.127876,12.769617,1533900
1990-09-21,18.165564,18.165564,17.901749,18.090187,12.743067,1484200
1990-09-24,17.939436,17.977123,17.487181,17.826372,12.557234,1786300
1990-09-25,17.939436,18.617819,17.939436,18.504755,13.035098,1434800
1990-09-26,18.617819,18.806257,18.278627,18.278627,12.875810,1540200
1990-09-27,18.542442,18.655506,18.052500,18.127876,12.769617,2187600
1990-09-28,17.864059,19.107761,17.864059,18.994698,13.380228,2369400
1990-10-01,19.333887,19.974583,19.145449,19.936893,14.043926,2489100
1990-10-02,19.936893,20.276085,19.786142,20.049957,14.123564,2172700
1990-10-03,19.936893,20.012270,19.296200,19.296200,13.592606,1169100
1990-10-04,18.617819,18.693193,18.203251,18.240938,12.849260,3229100
1990-10-05,17.713308,18.504755,17.713308,18.240938,12.849260,2284200
1990-10-08,18.467066,18.467066,18.014812,18.014812,12.689975,1584700
1990-10-09,15.678163,16.431921,15.640474,15.904290,11.203282,12528200
1990-10-10,15.904290,16.469608,15.640474,15.979666,11.256379,4927900
1990-10-11,16.168104,16.281168,15.979666,16.092730,11.336024,3635100
1990-10-12,16.356544,16.733423,15.866602,16.507296,11.628052,3197900
1990-10-15,16.695736,16.771111,16.168104,16.394232,11.548408,2328600
1990-10-16,16.431921,16.658047,16.205793,16.394232,11.548408,1633100
1990-10-17,16.394232,16.620359,16.205793,16.281168,11.468763,2092400
1990-10-18,16.507296,16.846487,16.356544,16.846487,11.866982,3841000
1990-10-19,17.336430,17.336430,15.263596,15.489723,10.911255,10321200
1990-10-22,15.565099,16.243481,15.452035,16.055042,11.309478,3429100
1990-10-23,16.356544,16.733423,16.281168,16.394232,11.548408,2468600
1990-10-24,16.205793,16.431921,16.130417,16.394232,11.548408,1275500
1990-10-25,16.431921,16.544985,16.243481,16.243481,11.442213,1036400
1990-10-26,16.168104,16.318857,16.130417,16.130417,11.362571,1072600
1990-10-29,16.168104,16.394232,15.715851,15.904290,11.203282,1473500
1990-10-30,15.979666,16.243481,15.791226,16.168104,11.389117,1470200
1990-10-31,16.318857,16.394232,16.130417,16.243481,11.442213,729600
1990-11-01,16.281168,16.884174,16.243481,16.771111,11.813886,1580400
1990-11-02,16.846487,17.449493,16.846487,17.411806,12.265203,1740200
1990-11-05,17.411806,17.524870,17.185678,17.487181,12.318298,1165800
1990-11-06,17.487181,17.826372,17.449493,17.524870,12.344848,1460300
1990-11-07,17.411806,17.449493,16.507296,16.582672,11.681149,1453000
1990-11-08,16.243481,16.356544,16.017353,16.356544,11.521857,2803600
1990-11-09,16.507296,16.884174,16.281168,16.771111,11.813886,1227800
1990-11-12,16.846487,17.374117,16.733423,17.374117,12.238654,1203600
1990-11-13,17.449493,17.449493,17.072615,17.336430,12.212111,1298400
1990-11-14,17.374117,17.411806,16.582672,16.884174,11.893528,3667900
1990-11-15,16.469608,16.507296,15.678163,15.753538,11.097091,5188300
1990-11-16,15.753538,15.904290,15.414348,15.565099,10.964353,2160800
1990-11-19,15.753538,15.791226,15.489723,15.489723,10.911255,1574700
1990-11-20,15.602787,15.602787,15.338971,15.489723,10.911255,2176000
1990-11-21,15.452035,15.904290,15.452035,15.828914,11.150185,1766100
1990-11-23,15.941978,16.130417,15.866602,15.979666,11.256379,758500
1990-11-26,15.904290,16.130417,15.678163,15.979666,11.256379,2002600
1990-11-27,16.092730,16.431921,16.055042,16.431921,11.574955,2422100
1990-11-28,16.469608,16.544985,16.281168,16.281168,11.468763,1641000
1990-11-29,16.356544,16.658047,16.243481,16.243481,11.442213,1483500
1990-11-30,14.962092,15.338971,14.811341,15.225908,10.725421,10733500
1990-12-03,15.678163,15.828914,15.338971,15.678163,11.043993,4183300
1990-12-04,15.715851,16.356544,15.678163,16.356544,11.521857,2327900
1990-12-05,16.356544,16.582672,16.205793,16.582672,11.681149,2319300
1990-12-06,16.921864,16.959551,15.979666,16.281168,11.468763,2948500
1990-12-07,16.243481,16.243481,15.678163,15.828914,11.150185,3783000
1990-12-10,15.753538,15.979666,15.753538,15.866602,11.217327,2093100
1990-12-11,15.715851,15.941978,15.602787,15.602787,11.030823,2503700
1990-12-12,15.602787,15.941978,15.452035,15.828914,11.190690,3177700
1990-12-13,15.941978,16.318857,15.225908,15.225908,10.764377,5789900
1990-12-14,15.075156,15.150532,14.849029,15.037468,10.631155,5051000
1990-12-17,15.037468,15.301284,14.999781,15.225908,10.764377,2443700
1990-12-18,15.338971,15.527411,15.075156,15.338971,10.844305,2141900
1990-12-19,15.225908,15.338971,15.037468,15.225908,10.764377,2709400
1990-12-20,15.150532,15.527411,15.075156,15.452035,10.924244,2194900
1990-12-21,15.640474,15.979666,15.527411,15.866602,11.217327,2340200
1990-12-24,15.866602,16.055042,15.828914,15.828914,11.190690,720700
1990-12-26,15.866602,16.092730,15.791226,16.055042,11.350554,673600
1990-12-27,15.941978,16.017353,15.753538,15.753538,11.137399,548500
1990-12-28,15.753538,15.791226,15.715851,15.791226,11.164043,1410500
1990-12-31,15.715851,15.904290,15.715851,15.791226,11.164043,776100
1991-01-02,15.715851,15.979666,15.678163,15.678163,11.084107,1302400
1991-01-03,15.715851,15.828914,15.489723,15.489723,10.950888,1601600
1991-01-04,15.489723,15.489723,15.188220,15.414348,10.897600,1580400
1991-01-07,15.225908,15.527411,15.188220,15.414348,10.897600,1368800
1991-01-08,15.452035,15.527411,14.999781,15.188220,10.737732,2480500
1991-01-09,15.301284,15.376659,14.735965,14.773653,10.444642,3469200
1991-01-10,14.811341,15.225908,14.698277,15.225908,10.764377,2270200
1991-01-11,15.225908,15.376659,14.170647,14.396774,10.178205,9178300
1991-01-14,14.170647,14.698277,14.170647,14.585214,10.311419,2125600
1991-01-15,14.547525,14.622902,14.321399,14.547525,10.284770,1049000
1991-01-16,14.472150,15.037468,14.472150,14.962092,10.577865,2265600
1991-01-17,14.698277,14.735965,13.793768,13.831456,9.778534,10859200
1991-01-18,13.793768,14.434463,13.793768,14.321399,10.124907,4595900
1991-01-21,14.208335,14.547525,14.132959,14.359086,10.151554,1963400
1991-01-22,14.472150,14.886717,14.396774,14.472150,10.231492,2378400
1991-01-23,14.622902,15.075156,14.585214,14.886717,10.524572,1580700
1991-01-24,14.999781,15.376659,14.962092,15.338971,10.844305,2070600
1991-01-25,15.376659,15.452035,14.886717,14.999781,10.604509,2644000
1991-01-28,15.075156,15.225908,15.037468,15.150532,10.711088,1162400
1991-01-29,15.150532,15.414348,15.112844,15.376659,10.870955,1536600
1991-01-30,15.301284,16.168104,15.301284,15.979666,11.297267,3244700
1991-01-31,15.979666,16.507296,15.866602,16.507296,11.670291,2533900
1991-02-01,16.431921,16.884174,16.205793,16.431921,11.617002,3601600
1991-02-04,16.582672,17.147991,16.507296,17.110302,12.096600,2745800
1991-02-05,17.110302,17.600245,16.959551,17.411806,12.309758,3350800
1991-02-06,17.336430,17.562557,17.110302,17.110302,12.096600,2223100
1991-02-07,17.223366,17.336430,16.808800,16.921864,11.963378,2855000
1991-02-08,16.921864,16.997238,16.658047,16.733423,11.830161,1843700
1991-02-11,16.808800,17.864059,16.771111,17.864059,12.629494,2918000
1991-02-12,17.600245,18.090187,17.223366,17.261053,12.203177,4863200
1991-02-13,17.298742,18.391691,17.147991,18.391691,13.002514,3325900
1991-02-14,18.542442,18.655506,17.750996,17.750996,12.549559,2933200
1991-02-15,17.977123,18.354002,17.864059,18.090187,12.789353,2550200
1991-02-19,17.977123,18.919321,17.939436,18.919321,13.375544,1938600
1991-02-20,18.806257,18.881634,18.580130,18.580130,13.135734,2288800
1991-02-21,18.504755,18.655506,18.316315,18.467066,13.055801,1219500
1991-02-22,18.467066,19.446951,18.467066,19.032385,13.455474,3178000
1991-02-25,19.333887,19.333887,18.843945,18.957008,13.402184,1284200
1991-02-26,18.391691,18.617819,18.316315,18.316315,12.949224,2547200
1991-02-27,18.391691,18.693193,18.316315,18.429379,13.029160,2042000
1991-02-28,18.693193,18.693193,18.014812,18.052500,12.762712,2130600
1991-03-01,18.090187,18.655506,17.977123,18.617819,13.162384,1765800
1991-03-04,18.617819,18.617819,18.391691,18.391691,13.002514,1211200
1991-03-05,18.467066,19.446951,18.467066,19.145449,13.535399,2281200
1991-03-06,19.560015,19.861519,19.220823,19.371576,13.695276,3543200
1991-03-07,19.371576,19.560015,19.183136,19.484640,13.775202,1176100
1991-03-08,19.748455,19.748455,19.296200,19.409264,13.721917,1945200
1991-03-11,19.220823,19.296200,18.617819,18.617819,13.201346,1396300
1991-03-12,18.693193,18.881634,18.127876,18.165564,12.880666,1926000
1991-03-13,18.391691,18.693193,18.278627,18.617819,13.201346,1513000
1991-03-14,18.843945,19.145449,18.693193,18.881634,13.388414,1891500
1991-03-15,18.919321,18.919321,18.391691,18.580130,13.174621,1697800
1991-03-18,18.504755,18.768570,18.240938,18.429379,13.067726,1707100
1991-03-19,17.977123,18.203251,17.977123,18.090187,12.827223,2003600
1991-03-20,18.014812,18.052500,17.524870,17.562557,12.453094,1711000
1991-03-21,17.675621,17.750996,17.261053,17.374117,12.319473,2485100
1991-03-22,17.487181,17.562557,17.223366,17.261053,12.239305,1581000
1991-03-25,17.261053,17.524870,17.110302,17.185678,12.185859,1829800
1991-03-26,17.185678,17.336430,17.034927,17.298742,12.266026,2406600
1991-03-27,17.487181,17.826372,17.487181,17.600245,12.479814,2544500
1991-03-28,17.600245,17.675621,17.261053,17.261053,12.239305,1372100
1991-04-01,17.261053,17.336430,16.846487,16.997238,12.052242,1436100
1991-04-02,17.110302,17.298742,17.072615,17.298742,12.266026,1567100
1991-04-03,17.713308,17.864059,17.562557,17.675621,12.533264,1795000
1991-04-04,17.788685,18.052500,17.637934,17.826372,12.640158,2624500
1991-04-05,18.014812,18.014812,17.411806,17.411806,12.346200,1880500
1991-04-08,17.487181,17.524870,16.997238,17.110302,12.132414,1356800
1991-04-09,17.072615,17.298742,16.884174,16.921864,11.998790,1764800
1991-04-10,18.127876,18.994698,18.127876,18.957008,13.441859,7970000
1991-04-11,19.070072,19.258512,18.693193,18.957008,13.441859,3190600
1991-04-12,19.070072,19.183136,18.843945,19.070072,13.522023,2788000
1991-04-15,19.107761,19.258512,18.693193,19.145449,13.575471,1367100
1991-04-16,19.070072,19.522327,18.881634,19.522327,13.842710,1508700
1991-04-17,19.446951,20.049957,19.409264,19.823830,14.056499,3460300
1991-04-18,19.748455,20.276085,19.748455,19.974583,14.163395,2464300
1991-04-19,20.012270,20.012270,19.522327,19.597704,13.896163,1091100
1991-04-22,19.560015,19.673079,19.258512,19.258512,13.655646,1043700
1991-04-23,19.371576,19.409264,19.032385,19.371576,13.735819,1142500
1991-04-24,19.522327,19.522327,19.220823,19.522327,13.842710,1266300
1991-04-25,19.409264,20.012270,19.296200,19.823830,14.056499,1590000
1991-04-26,19.710768,19.710768,19.371576,19.446951,13.789263,1225500
1991-04-29,19.748455,19.974583,19.597704,19.597704,13.896163,1151200
1991-04-30,19.899206,20.012270,19.371576,19.522327,13.842710,1713700
1991-05-01,19.446951,19.446951,18.919321,19.220823,13.628917,2348500
1991-05-02,19.484640,19.484640,18.994698,19.032385,13.495307,1280900
1991-05-03,19.070072,19.107761,18.768570,18.957008,13.441859,1629400
1991-05-06,18.881634,19.070072,18.843945,19.032385,13.495307,963800
1991-05-07,19.070072,19.145449,18.730881,18.806257,13.334967,1051700
1991-05-08,18.806257,18.919321,18.617819,18.768570,13.308243,835700
1991-05-09,19.145449,19.560015,19.107761,19.522327,13.842710,1115700
1991-05-10,19.560015,19.635391,19.145449,19.220823,13.628917,1143900
1991-05-13,19.409264,19.710768,19.220823,19.710768,13.976327,1110700
1991-05-14,19.560015,19.597704,19.032385,19.107761,13.548758,959800
1991-05-15,18.957008,19.145449,18.655506,18.919321,13.415136,1876900
1991-05-16,19.032385,19.446951,18.919321,19.371576,13.735819,1061600
1991-05-17,19.296200,19.560015,19.183136,19.560015,13.869431,994600
1991-05-20,19.522327,19.710768,19.446951,19.673079,13.949609,771100
1991-05-21,19.673079,19.936893,19.635391,19.710768,13.976327,2204900
1991-05-22,19.936893,20.313772,19.899206,20.087646,14.243566,1792300
1991-05-23,20.200710,20.238398,20.049957,20.200710,14.323725,1360800
1991-05-24,20.238398,20.728340,20.200710,20.615276,14.617685,1516700
1991-05-28,20.728340,21.180595,20.690653,21.142906,14.991803,2592300
1991-05-29,20.841404,20.841404,20.577589,20.652964,14.644407,1615500
1991-05-30,20.615276,20.879091,20.615276,20.803715,14.751298,2651700
1991-05-31,20.954468,21.482098,20.879091,21.482098,15.232326,3537500
1991-06-03,21.293657,21.369034,21.029842,21.255970,15.071981,2020500
1991-06-04,21.029842,21.067532,20.690653,20.954468,14.858197,1431800
1991-06-05,20.992155,20.992155,20.577589,20.690653,14.671133,1554500
1991-06-06,20.615276,20.879091,20.539900,20.652964,14.644407,1206900
1991-06-07,20.351461,20.351461,19.899206,20.087646,14.243566,2161800
1991-06-10,20.049957,20.087646,19.635391,19.710768,14.016296,1098100
1991-06-11,19.673079,19.673079,19.409264,19.484640,13.855496,1434800
1991-06-12,19.145449,19.220823,18.919321,19.145449,13.614299,2118700
1991-06-13,19.107761,19.673079,19.107761,19.560015,13.909098,1540900
1991-06-14,19.673079,19.974583,19.635391,19.635391,13.962708,1281900
1991-06-17,19.673079,19.748455,19.522327,19.522327,13.882306,565400
1991-06-18,19.446951,19.823830,19.446951,19.597704,13.935901,679900
1991-06-19,19.409264,19.446951,19.183136,19.409264,13.801903,805600
1991-06-20,19.371576,19.748455,19.371576,19.673079,13.989507,712000
1991-06-21,19.710768,19.899206,19.635391,19.899206,14.150297,1118000
1991-06-24,19.748455,19.861519,19.446951,19.484640,13.855496,923000
1991-06-25,19.748455,19.786142,19.597704,19.710768,14.016296,1064900
1991-06-26,19.823830,20.464525,19.710768,20.426836,14.525501,1353800
1991-06-27,20.351461,20.426836,19.823830,19.861519,14.123499,863600
1991-06-28,19.635391,20.125334,19.635391,20.049957,14.257498,1221100
1991-07-01,20.125334,20.426836,20.125334,20.389149,14.498702,1105400
1991-07-02,20.313772,20.426836,19.974583,20.163021,14.337904,1287800
1991-07-03,19.861519,19.899206,19.560015,19.635391,13.962708,1763100
1991-07-05,19.673079,19.823830,19.635391,19.748455,14.043098,816200
1991-07-08,19.484640,20.049957,19.409264,19.861519,14.123499,1405900
1991-07-09,19.899206,19.899206,19.371576,19.560015,13.909098,1989600
1991-07-10,19.371576,19.409264,18.806257,19.107761,13.587507,4058600
1991-07-11,19.032385,19.522327,19.032385,19.409264,13.801903,1559100
1991-07-12,19.560015,19.673079,19.296200,19.446951,13.828701,1440400
1991-07-15,19.484640,19.597704,19.333887,19.597704,13.935901,1504400
1991-07-16,19.673079,19.673079,19.409264,19.484640,13.855496,1215500
1991-07-17,19.484640,19.560015,19.409264,19.522327,13.882306,848700
1991-07-18,19.522327,19.861519,19.522327,19.823830,14.096704,1802900
1991-07-19,19.823830,19.823830,19.484640,19.560015,13.909098,867900
1991-07-22,19.597704,19.673079,19.409264,19.522327,13.882306,608200
1991-07-23,19.522327,19.560015,19.107761,19.145449,13.614299,804200
1991-07-24,19.220823,19.220823,18.806257,18.843945,13.399899,1438700
1991-07-25,18.768570,19.258512,18.693193,19.220823,13.667892,1456300
1991-07-26,19.220823,19.220823,19.032385,19.107761,13.587507,331000
1991-07-29,19.107761,19.258512,18.994698,19.258512,13.694703,556500
1991-07-30,19.409264,19.710768,19.333887,19.597704,13.935901,757800
1991-07-31,19.522327,19.673079,19.371576,19.635391,13.962708,631800
1991-08-01,19.635391,20.049957,19.522327,19.899206,14.150297,1206900
1991-08-02,20.012270,20.049957,19.823830,19.936893,14.177098,1422800
1991-08-05,19.974583,19.974583,19.635391,19.673079,13.989507,304100
1991-08-06,19.710768,20.125334,19.673079,20.087646,14.284300,1047300
1991-08-07,20.012270,20.125334,19.484640,19.635391,13.962708,823800
1991-08-08,19.748455,19.861519,19.333887,19.446951,13.828701,1288100
1991-08-09,19.522327,19.635391,19.409264,19.560015,13.909098,702800
1991-08-12,19.560015,19.673079,19.446951,19.597704,13.935901,515000
1991-08-13,19.673079,19.861519,19.597704,19.710768,14.016296,654000
1991-08-14,19.936893,20.502213,19.861519,20.502213,14.579096,2228100
1991-08-15,20.652964,20.954468,20.577589,20.615276,14.659495,1479900
1991-08-16,20.426836,20.615276,19.974583,20.125334,14.311098,1010200
1991-08-19,19.220823,19.522327,19.145449,19.446951,13.828701,1869900
1991-08-20,19.560015,19.597704,19.409264,19.522327,13.882306,733900
1991-08-21,19.936893,20.502213,19.823830,20.426836,14.525501,1494400
1991-08-22,20.502213,20.577589,20.238398,20.464525,14.552303,1027500
1991-08-23,20.389149,20.766027,20.389149,20.615276,14.659495,1671600
1991-08-26,20.502213,20.577589,20.389149,20.464525,14.552303,860300
1991-08-27,20.426836,20.464525,20.276085,20.389149,14.498702,483200
1991-08-28,20.125334,20.577589,20.125334,20.539900,14.605894,626100
1991-08-29,20.502213,20.615276,20.464525,20.577589,14.632695,642400
1991-08-30,20.615276,20.615276,20.389149,20.539900,14.605894,283200
1991-09-03,20.615276,20.652964,20.502213,20.502213,14.579096,887800
1991-09-04,20.464525,20.502213,20.049957,20.125334,14.311098,477200
1991-09-05,20.163021,20.163021,19.786142,19.786142,14.069896,751800
1991-09-06,19.899206,19.899206,19.597704,19.899206,14.150297,625100
1991-09-09,19.899206,20.012270,19.748455,19.861519,14.123499,617500
1991-09-10,19.673079,19.710768,19.371576,19.484640,13.895577,888200
1991-09-11,19.597704,19.597704,19.333887,19.333887,13.788069,358100
1991-09-12,19.409264,19.560015,19.333887,19.560015,13.949333,510700
1991-09-13,19.484640,19.484640,18.994698,19.070072,13.599931,1822800
1991-09-16,19.070072,19.145449,18.693193,18.957008,13.519296,1820500
1991-09-17,18.881634,19.107761,18.580130,18.806257,13.411791,1373700
1991-09-18,18.617819,18.881634,18.580130,18.806257,13.411791,834100
1991-09-19,18.768570,19.032385,18.617819,18.768570,13.384912,1558500
1991-09-20,18.843945,18.843945,18.391691,18.504755,13.196775,1867900
1991-09-23,18.504755,18.542442,18.165564,18.467066,13.169895,1854000
1991-09-24,18.467066,18.504755,18.316315,18.429379,13.143015,791000
1991-09-25,18.429379,18.467066,18.240938,18.391691,13.116142,457000
1991-09-26,18.391691,18.806257,18.316315,18.542442,13.223653,1632400
1991-09-27,18.542442,18.730881,18.240938,18.240938,13.008630,1904100
1991-09-30,18.278627,18.354002,17.864059,17.864059,12.739857,1978400
1991-10-01,17.939436,17.977123,17.600245,17.637934,12.578592,2010500
1991-10-02,17.713308,17.788685,17.487181,17.713308,12.632341,2335200
1991-10-03,17.713308,17.788685,17.449493,17.449493,12.444205,1843000
1991-10-04,17.411806,17.411806,16.921864,17.110302,12.202310,2580700
1991-10-07,17.110302,17.147991,16.695736,16.733423,11.933537,4270900
1991-10-08,16.733423,16.884174,16.281168,16.884174,12.041047,3646700
1991-10-09,16.884174,17.487181,16.884174,17.411806,12.417327,3646300
1991-10-10,17.562557,17.864059,17.562557,17.788685,12.686103,2056000
1991-10-11,17.826372,17.826372,17.637934,17.788685,12.686103,1185300
1991-10-14,17.901749,18.090187,17.901749,18.014812,12.847365,1295400
1991-10-15,18.090187,18.316315,17.939436,18.240938,13.008630,1880500
1991-10-16,18.316315,18.542442,18.165564,18.504755,13.196775,1328300
1991-10-17,18.542442,18.957008,18.504755,18.768570,13.384912,2398600
1991-10-18,18.843945,18.881634,18.429379,18.429379,13.143015,1017500
1991-10-21,18.504755,18.881634,18.504755,18.843945,13.438663,1379700
1991-10-22,18.693193,19.371576,18.693193,19.220823,13.707431,2137200
1991-10-23,19.333887,19.371576,19.220823,19.296200,13.761197,895100
1991-10-24,19.522327,19.560015,18.994698,19.032385,13.573062,1375400
1991-10-25,19.032385,19.145449,18.655506,18.843945,13.438663,1070900
1991-10-28,18.843945,18.994698,18.693193,18.806257,13.411791,567100
1991-10-29,18.881634,19.145449,18.806257,18.994698,13.546184,1269600
1991-10-30,18.994698,19.145449,18.881634,19.070072,13.599931,1076900
1991-10-31,19.183136,19.333887,18.957008,18.957008,13.519296,1305100
1991-11-01,19.032385,19.107761,18.542442,18.655506,13.304282,1306700
1991-11-04,18.655506,18.655506,18.354002,18.391691,13.116142,833400
1991-11-05,18.391691,18.617819,18.090187,18.090187,12.901124,884500
1991-11-06,18.127876,18.278627,18.052500,18.165564,12.954874,769700
1991-11-07,18.354002,18.354002,17.977123,18.014812,12.847365,1507400
1991-11-08,18.090187,18.278627,18.090187,18.165564,12.954874,833400
1991-11-11,18.203251,18.467066,18.165564,18.467066,13.169895,478900
1991-11-12,18.994698,19.070072,18.843945,18.957008,13.519296,1056300
1991-11-13,18.843945,19.409264,18.806257,19.220823,13.707431,1504400
1991-11-14,19.183136,19.220823,18.881634,19.032385,13.573062,683800
1991-11-15,18.919321,18.919321,18.240938,18.278627,13.035508,1342900
1991-11-18,18.316315,18.504755,18.240938,18.391691,13.116142,1230800
1991-11-19,17.939436,18.316315,17.939436,18.316315,13.062379,1826400
1991-11-20,18.354002,18.467066,18.316315,18.316315,13.062379,944500
1991-11-21,18.127876,18.354002,18.090187,18.316315,13.062379,1112000
1991-11-22,18.278627,18.278627,17.977123,18.127876,12.927995,765800
1991-11-25,18.127876,18.316315,18.127876,18.278627,13.035508,642400
1991-11-26,18.354002,18.467066,18.052500,18.165564,12.954874,1292100
1991-11-27,18.090187,18.165564,17.977123,18.052500,12.874248,1399300
1991-11-29,17.977123,18.052500,17.939436,17.977123,12.820484,438400
1991-12-02,17.788685,18.240938,17.713308,18.203251,12.981758,1184000
1991-12-03,18.165564,18.203251,17.939436,18.014812,12.847365,1484500
1991-12-04,18.052500,18.090187,17.750996,17.788685,12.686103,997600
1991-12-05,17.675621,17.713308,17.411806,17.411806,12.417327,1664900
1991-12-06,17.336430,17.713308,17.336430,17.600245,12.551714,1877200
1991-12-09,17.637934,17.788685,17.562557,17.600245,12.551714,925000
1991-12-10,17.524870,17.901749,17.524870,17.901749,12.808426,734900
1991-12-11,18.052500,18.090187,17.864059,18.052500,12.916290,696400
1991-12-12,18.165564,18.278627,18.127876,18.203251,13.024152,1301100
1991-12-13,18.354002,18.354002,18.014812,18.090187,12.943257,928000
1991-12-16,18.090187,18.090187,17.901749,17.901749,12.808426,484800
1991-12-17,17.826372,17.864059,17.600245,17.637934,12.619671,1148200
1991-12-18,17.713308,17.713308,17.562557,17.600245,12.592703,1190600
1991-12-19,17.600245,17.750996,17.487181,17.524870,12.538779,698800
1991-12-20,17.939436,17.939436,17.524870,17.562557,12.565742,1550500
1991-12-23,17.562557,18.806257,17.524870,18.655506,13.347729,1193300
1991-12-24,18.467066,18.768570,18.467066,18.617819,13.320765,1101700
1991-12-26,18.542442,19.296200,18.542442,19.220823,13.752195,1399600
1991-12-27,19.220823,19.220823,18.957008,19.145449,13.698273,1765400
1991-12-30,19.220823,19.597704,19.145449,19.409264,13.887032,2101100
1991-12-31,19.484640,19.748455,19.484640,19.673079,14.075793,1617200
1992-01-02,19.560015,19.748455,19.371576,19.748455,14.129715,1410500
1992-01-03,19.748455,19.936893,19.710768,19.823830,14.183651,1724600
1992-01-06,19.597704,20.125334,19.597704,19.974583,14.291512,1913700
1992-01-07,19.974583,20.690653,19.823830,20.615276,14.749913,1694800
1992-01-08,20.389149,20.916779,20.276085,20.879091,14.938670,1937200
1992-01-09,20.954468,21.670538,20.879091,21.632849,15.477983,2829400
1992-01-10,21.482098,21.595161,21.142906,21.406721,15.316183,1558100
1992-01-13,21.105219,21.255970,20.992155,21.180595,15.154393,1754800
1992-01-14,21.029842,21.406721,20.652964,21.293657,15.235285,2602200
1992-01-15,22.009727,23.781059,22.009727,23.404181,16.745331,7512900
1992-01-16,23.291117,24.007187,22.951925,23.894123,17.095875,4982300
1992-01-17,23.705683,24.082561,23.554932,24.082561,17.230696,4246300
1992-01-20,23.818747,23.856434,23.592619,23.743372,16.988018,1873500
1992-01-21,23.517244,23.894123,23.366491,23.592619,16.880156,2835700
1992-01-22,23.366491,24.007187,23.366491,23.969498,17.149809,2056300
1992-01-23,24.007187,24.044874,23.253429,23.253429,16.637468,2159500
1992-01-24,23.102676,23.441868,23.064989,23.140366,16.556580,982300
1992-01-27,23.291117,23.592619,23.215740,23.554932,16.853197,1241700
1992-01-28,23.630308,23.705683,23.253429,23.253429,16.637468,1830100
1992-01-29,23.291117,23.479555,22.801174,22.914238,16.394791,1199600
1992-01-30,22.763487,22.951925,22.537359,22.914238,16.394791,1623500
1992-01-31,23.027302,23.253429,22.951925,23.102676,16.529610,1238400
1992-02-03,22.989613,23.178053,22.838861,22.914238,16.394791,1027800
1992-02-04,22.876549,23.328804,22.801174,23.291117,16.664440,1559500
1992-02-05,23.479555,23.969498,23.215740,23.743372,16.988018,2315700
1992-02-06,23.667995,24.044874,23.592619,23.818747,17.041943,1254600
1992-02-07,24.007187,24.384066,23.931810,24.195625,17.311594,2650300
1992-02-10,24.233315,24.572504,24.157938,24.421753,17.473387,1916700
1992-02-11,24.233315,24.271002,23.743372,24.157938,17.284634,1877500
1992-02-12,24.082561,24.572504,23.969498,24.534817,17.554283,2126000
1992-02-13,24.685568,24.874008,24.346376,24.459440,17.500360,1338900
1992-02-14,24.308689,24.459440,24.195625,24.421753,17.473387,1001300
1992-02-18,24.421753,24.534817,24.233315,24.233315,17.338568,1354500
1992-02-19,24.233315,24.308689,24.082561,24.271002,17.365526,1009500
1992-02-20,24.421753,24.572504,24.233315,24.572504,17.581255,1060600
1992-02-21,24.421753,24.723257,24.421753,24.421753,17.473387,1016500
1992-02-24,24.421753,24.534817,23.818747,23.818747,17.041943,849000
1992-02-25,23.667995,23.743372,23.140366,23.253429,16.637468,1632100
1992-02-26,23.253429,23.592619,23.027302,23.404181,16.745331,2322600
1992-02-27,23.404181,23.743372,23.178053,23.328804,16.691410,744900
1992-02-28,23.366491,23.517244,22.914238,22.914238,16.394791,824100
1992-03-02,22.914238,23.178053,22.725798,23.140366,16.556580,812900
1992-03-03,23.328804,23.592619,23.253429,23.366491,16.718367,967100
1992-03-04,23.328804,23.366491,23.064989,23.064989,16.502649,801300
1992-03-05,23.027302,23.253429,22.725798,22.989613,16.448709,701400
1992-03-06,22.989613,23.064989,22.688110,22.688110,16.232992,953200
1992-03-09,22.688110,22.725798,22.160480,22.235855,15.909418,954800
1992-03-10,22.311232,22.838861,22.311232,22.688110,16.274923,1142900
1992-03-11,22.688110,22.763487,22.160480,22.198168,15.923475,1548500
1992-03-12,22.575047,22.650423,22.386606,22.386606,16.058649,2277800
1992-03-13,22.537359,22.801174,22.273544,22.725798,16.301956,734900
1992-03-16,22.688110,22.763487,22.461983,22.725798,16.301956,504100
1992-03-17,22.838861,23.102676,22.801174,22.989613,16.491199,825800
1992-03-18,23.215740,23.592619,23.102676,23.517244,16.869680,1215200
1992-03-19,23.517244,23.781059,23.291117,23.366491,16.761553,926300
1992-03-20,23.366491,23.667995,22.914238,23.404181,16.788588,1386700
1992-03-23,23.404181,23.479555,23.215740,23.441868,16.815622,1145500
1992-03-24,23.517244,23.667995,23.441868,23.517244,16.869680,954200
1992-03-25,23.479555,23.894123,23.441868,23.479555,16.842651,1528600
1992-03-26,23.517244,23.667995,23.291117,23.630308,16.950798,880900
1992-03-27,23.517244,23.517244,22.688110,22.763487,16.329000,1461600
1992-03-30,22.763487,22.838861,22.650423,22.688110,16.274923,1053300
1992-03-31,22.537359,22.838861,22.537359,22.688110,16.274923,791600
1992-04-01,22.575047,22.650423,22.386606,22.575047,16.193821,1039400
1992-04-02,22.537359,22.575047,22.047417,22.160480,15.896440,1276200
1992-04-03,22.122791,22.198168,21.972040,22.122791,15.869402,908700
1992-04-06,22.122791,22.612734,22.085104,22.499670,16.139751,1004600
1992-04-07,22.688110,22.801174,22.047417,22.047417,15.815331,1270200
1992-04-08,22.047417,22.725798,21.972040,22.612734,16.220858,1236700
1992-04-09,22.688110,22.914238,22.575047,22.688110,16.274923,979700
1992-04-10,22.801174,22.801174,22.047417,22.348919,16.031612,1301400
1992-04-13,22.311232,22.461983,22.235855,22.461983,16.112722,1197900
1992-04-14,22.461983,23.441868,22.461983,22.914238,16.437141,1348500
1992-04-15,24.384066,24.723257,24.007187,24.723257,17.734802,4902400
1992-04-16,24.723257,24.723257,24.271002,24.647881,17.680735,1851300
1992-04-20,24.384066,24.610193,24.271002,24.384066,17.491488,1207200
1992-04-21,24.308689,24.346376,23.969498,24.157938,17.329281,890500
1992-04-22,24.044874,24.082561,23.743372,24.044874,17.248177,966800
1992-04-23,24.007187,24.308689,23.554932,24.308689,17.437422,1344900
1992-04-24,24.271002,24.271002,23.781059,23.856434,17.113003,611200
1992-04-27,23.705683,23.856434,23.667995,23.705683,17.004862,739200
1992-04-28,23.554932,23.743372,23.441868,23.517244,16.869680,585000
1992-04-29,23.592619,24.082561,23.479555,23.931810,17.167063,823500
1992-04-30,23.969498,24.421753,23.818747,24.271002,17.410385,1290500
1992-05-01,24.233315,24.271002,23.818747,24.082561,17.275206,505400
1992-05-04,24.007187,24.610193,24.007187,24.421753,17.518522,1110400
1992-05-05,24.534817,25.250887,24.497129,25.024759,17.951086,1485500
1992-05-06,25.137823,25.137823,24.685568,24.723257,17.734802,944900
1992-05-07,24.723257,24.949383,24.647881,24.723257,17.734802,818800
1992-05-08,24.685568,24.760944,24.459440,24.760944,17.761843,853000
1992-05-11,24.836319,24.874008,24.572504,24.572504,17.626669,746500
1992-05-12,24.647881,24.647881,24.007187,24.346376,17.464451,1581700
1992-05-13,24.421753,24.421753,24.120251,24.346376,17.464451,533600
1992-05-14,24.308689,24.308689,23.705683,23.856434,17.113003,1073200
1992-05-15,23.781059,23.818747,23.630308,23.667995,16.977827,976400
1992-05-18,23.743372,23.818747,23.366491,23.404181,16.788588,581300
1992-05-19,23.441868,23.818747,23.404181,23.818747,17.085964,1355800
1992-05-20,23.705683,23.894123,23.630308,23.781059,17.058943,1650000
1992-05-21,23.781059,23.856434,23.479555,23.630308,16.950798,1394600
1992-05-22,23.479555,23.705683,23.441868,23.705683,17.004862,878900
1992-05-26,23.667995,23.667995,23.479555,23.630308,16.950798,572100
1992-05-27,23.667995,23.894123,23.630308,23.705683,17.004862,788600
1992-05-28,23.743372,24.308689,23.592619,24.271002,17.410385,1638700
1992-05-29,24.308689,24.421753,24.044874,24.120251,17.302250,1162800
1992-06-01,24.007187,24.007187,23.743372,23.818747,17.085964,483900
1992-06-02,23.705683,23.969498,23.667995,23.931810,17.167063,709400
1992-06-03,23.931810,24.271002,23.894123,24.120251,17.302250,760500
1992-06-04,24.120251,24.346376,24.044874,24.308689,17.437422,1444000
1992-06-05,24.271002,24.874008,24.271002,24.798632,17.788881,1327300
1992-06-08,24.723257,24.874008,24.572504,24.798632,17.788881,885500
1992-06-09,24.723257,24.760944,24.384066,24.647881,17.721680,1115000
1992-06-10,24.647881,24.647881,24.082561,24.082561,17.315210,1278900
1992-06-11,24.044874,24.044874,23.781059,24.044874,17.288118,1814200
1992-06-12,24.082561,24.271002,24.082561,24.120251,17.342316,1163400
1992-06-15,23.894123,24.233315,23.894123,24.157938,17.369413,925600
1992-06-16,24.195625,24.195625,23.705683,23.743372,17.071341,660600
1992-06-17,23.705683,23.705683,22.838861,22.876549,16.448105,1269600
1992-06-18,22.801174,22.989613,22.650423,22.876549,16.448105,1429800
1992-06-19,22.876549,23.140366,22.763487,22.838861,16.420996,1090500
1992-06-22,22.838861,22.838861,22.386606,22.612734,16.258423,1341900
1992-06-23,22.612734,23.253429,22.499670,22.537359,16.204224,1540600
1992-06-24,22.461983,22.650423,22.386606,22.499670,16.177128,613900
1992-06-25,22.650423,22.838861,22.461983,22.650423,16.285519,2258900
1992-06-26,22.650423,23.027302,22.612734,22.989613,16.529390,1041400
1992-06-29,22.838861,23.253429,22.838861,23.178053,16.664885,1952800
1992-06-30,23.215740,23.215740,23.102676,23.102676,16.610680,828800
1992-07-01,23.178053,23.366491,23.102676,23.328804,16.773272,1180700
1992-07-02,23.253429,23.404181,22.914238,23.102676,16.610680,1079900
1992-07-06,23.027302,23.027302,22.688110,22.838861,16.420996,1910700
1992-07-07,22.838861,23.027302,22.763487,22.801174,16.393909,850300
1992-07-08,22.763487,23.064989,22.763487,23.064989,16.583586,827100
1992-07-09,23.140366,23.479555,23.102676,23.328804,16.773272,1442100
1992-07-10,23.479555,23.630308,23.404181,23.517244,16.908743,801300
1992-07-13,23.479555,23.931810,23.441868,23.818747,17.125528,1099100
1992-07-14,23.856434,24.384066,23.856434,24.157938,17.369413,1611200
1992-07-15,24.647881,25.024759,24.610193,24.949383,17.938456,3884800
1992-07-16,24.911695,25.250887,24.723257,25.250887,18.155233,2351500
1992-07-17,25.024759,25.100136,24.874008,25.024759,17.992649,1459600
1992-07-20,24.647881,24.987072,24.459440,24.987072,17.965559,2302700
1992-07-21,24.911695,24.949383,24.798632,24.836319,17.857157,809200
1992-07-22,24.685568,24.760944,24.534817,24.572504,17.667484,924300
1992-07-23,24.572504,25.100136,24.572504,25.100136,18.046846,1201300
1992-07-24,25.100136,25.363951,25.062447,25.213200,18.128128,1928900
1992-07-27,25.137823,25.250887,24.723257,24.874008,17.884260,1320600
1992-07-28,24.874008,25.363951,24.874008,25.288574,18.182329,2117000
1992-07-29,25.439325,25.778517,25.401638,25.627766,18.426208,2943200
1992-07-30,25.552389,25.590078,25.401638,25.514702,18.344915,1255700
1992-07-31,25.514702,25.891581,25.514702,25.816206,18.561691,1785700
1992-08-03,25.740829,26.456900,25.703142,26.381523,18.968159,1652700
1992-08-04,26.230772,26.306149,26.155396,26.230772,18.859762,1467300
1992-08-05,26.381523,26.569963,26.230772,26.230772,18.859762,1954100
1992-08-06,26.042332,26.155396,25.740829,26.004644,18.697180,1285500
1992-08-07,25.778517,25.853893,25.477015,25.514702,18.344915,2361800
1992-08-10,25.439325,25.514702,25.250887,25.439325,18.290710,1632100
1992-08-11,25.514702,25.816206,25.439325,25.740829,18.507492,1529900
1992-08-12,25.703142,26.042332,25.665453,25.891581,18.615891,2416500
1992-08-13,26.080021,26.080021,25.778517,25.853893,18.588787,1232400
1992-08-14,25.929268,25.966957,25.740829,25.778517,18.534595,1188300
1992-08-17,25.627766,25.853893,25.627766,25.627766,18.426208,676900
1992-08-18,25.627766,25.703142,25.590078,25.703142,18.480412,1099800
1992-08-19,25.627766,25.703142,25.213200,25.288574,18.182329,863900
1992-08-20,25.288574,25.590078,25.250887,25.590078,18.399109,1265900
1992-08-21,25.627766,25.778517,25.552389,25.665453,18.453308,2190000
1992-08-24,25.514702,25.703142,25.401638,25.401638,18.263618,1569700
1992-08-25,25.439325,25.778517,25.137823,25.665453,18.453308,1743900
1992-08-26,25.665453,26.230772,25.627766,26.117708,18.778477,1527000
1992-08-27,26.306149,26.343836,26.080021,26.155396,18.805571,819500
1992-08-28,26.117708,26.117708,25.778517,25.891581,18.615891,889200
1992-08-31,25.929268,25.929268,25.740829,25.740829,18.507492,520000
1992-09-01,25.740829,26.080021,25.740829,26.080021,18.751385,1118700
1992-09-02,26.193085,26.796091,26.117708,26.796091,19.266224,2002600
1992-09-03,26.796091,27.135281,26.645338,27.059906,19.455915,2809500
1992-09-04,26.833778,26.909153,26.456900,26.532274,19.076542,1421500
1992-09-08,26.569963,26.569963,26.117708,26.306149,18.913973,1406600
1992-09-09,26.155396,26.683027,26.155396,26.494587,19.091026,1514700
1992-09-10,26.683027,27.286034,26.607651,27.248344,19.634159,2938200
1992-09-11,27.172970,27.248344,27.059906,27.135281,19.552679,1756500
1992-09-14,27.323721,27.436785,27.097593,27.135281,19.552679,1400900
1992-09-15,27.135281,27.135281,26.720715,26.909153,19.389742,1061600
1992-09-16,26.984529,27.587536,26.909153,27.135281,19.552679,2944900
1992-09-17,27.361408,27.399096,27.022217,27.059906,19.498377,1118700
1992-09-18,27.097593,27.135281,27.059906,27.135281,19.552679,1162800
1992-09-21,27.097593,27.097593,26.909153,26.984529,19.444065,634800
1992-09-22,26.984529,26.984529,26.607651,26.720715,19.253965,625800
1992-09-23,26.683027,26.758402,26.569963,26.645338,19.199642,1142200
1992-09-24,26.683027,26.720715,26.381523,26.456900,19.063871,1390600
1992-09-25,26.456900,26.456900,25.740829,25.929268,18.683674,2393600
1992-09-28,25.778517,26.004644,25.778517,25.929268,18.683674,1287500
1992-09-29,25.853893,26.456900,25.816206,26.306149,18.955248,1365100
1992-09-30,26.230772,26.532274,26.230772,26.456900,19.063871,1188000
1992-10-01,26.419210,26.456900,26.080021,26.117708,18.819464,1802600
1992-10-02,26.080021,26.193085,26.004644,26.080021,18.792309,1344500
1992-10-05,25.816206,26.381523,24.949383,26.381523,19.009552,2779000
1992-10-06,26.456900,27.059906,26.456900,26.720715,19.253965,2949500
1992-10-07,26.796091,27.097593,26.720715,27.059906,19.498377,1695800
1992-10-08,26.984529,27.512159,26.984529,27.399096,19.742781,2077900
1992-10-09,27.286034,27.399096,27.059906,27.135281,19.552679,1262900
1992-10-12,27.135281,27.210657,26.758402,26.984529,19.444065,1424100
1992-10-13,27.135281,27.512159,27.097593,27.436785,19.769936,3586300
1992-10-14,27.286034,27.662912,27.248344,27.549849,19.851404,2559100
1992-10-15,27.399096,28.115166,27.323721,27.889040,20.095814,1834800
1992-10-16,27.889040,28.378983,27.738287,28.378983,20.448853,1402900
1992-10-19,28.529734,28.944300,28.378983,28.454357,20.503176,2918600
1992-10-20,28.755861,29.358868,28.680485,29.019676,20.910505,4688400
1992-10-21,29.170427,29.471930,29.095051,29.321178,21.127766,2055000
1992-10-22,29.396555,29.434242,28.981987,29.170427,21.019136,2044700
1992-10-23,29.095051,29.132740,28.718172,28.718172,20.693258,1817500
1992-10-26,28.680485,29.358868,28.680485,29.283491,21.100601,1361800
1992-10-27,29.132740,29.396555,29.019676,29.208115,21.046299,2343500
1992-10-28,29.019676,29.358868,28.944300,29.358868,21.154919,2960100
1992-10-29,29.245804,29.622683,29.095051,29.321178,21.127766,1341900
1992-10-30,29.170427,29.283491,28.868925,28.944300,20.856197,1306400
1992-11-02,28.831236,28.981987,28.755861,28.755861,20.720411,1179700
1992-11-03,28.755861,29.208115,28.605108,29.095051,20.964832,2678200
1992-11-04,29.019676,29.245804,28.567421,29.057364,20.937664,1965400
1992-11-05,29.095051,29.547306,29.095051,29.547306,21.290695,1840400
1992-11-06,29.547306,29.547306,29.057364,29.057364,20.937664,1018200
1992-11-09,29.057364,29.471930,28.868925,29.358868,21.154919,1254000
1992-11-10,29.547306,30.564878,29.547306,30.564878,22.023937,3862900
1992-11-11,30.414127,30.564878,30.074936,30.150312,21.725204,2004200
1992-11-12,29.886497,30.112625,29.509619,29.622683,21.345016,2103400
1992-11-13,29.660370,29.811121,29.584993,29.735746,21.426481,1295800
1992-11-16,29.735746,29.811121,29.396555,29.434242,21.209232,1069900
1992-11-17,29.132740,29.321178,28.755861,28.755861,20.720411,1638100
1992-11-18,28.793549,29.547306,28.793549,29.547306,21.290695,2564100
1992-11-19,29.547306,30.037249,29.547306,29.773434,21.453642,1768400
1992-11-20,29.999561,30.188000,29.848810,30.037249,21.643744,2168400
1992-11-23,30.112625,30.188000,29.584993,29.660370,21.372175,963100
1992-11-24,29.584993,30.301064,29.584993,30.188000,21.752357,1813500
1992-11-25,30.112625,30.225689,29.924185,30.150312,21.725204,1234400
1992-11-27,30.150312,30.414127,30.074936,30.225689,21.779507,889200
1992-11-30,30.376440,31.092510,30.376440,31.017134,22.349800,1471600
1992-12-01,30.979446,31.469389,30.866383,31.394012,22.621359,1544200
1992-12-02,31.243261,31.243261,30.791006,30.904070,22.268333,1473200
1992-12-03,31.017134,31.205574,30.640255,30.828695,22.214027,1708100
1992-12-04,31.017134,31.318638,30.564878,31.243261,22.512741,1659600
1992-12-07,31.243261,31.808580,30.979446,31.544764,22.729998,2114000
1992-12-08,31.507076,31.657827,31.394012,31.657827,22.811466,983000
1992-12-09,31.507076,31.770891,30.979446,31.167885,22.505585,2215500
1992-12-10,31.092510,31.092510,30.753319,31.054821,22.423943,1691800
1992-12-11,30.941759,31.017134,30.640255,30.753319,22.206240,1373400
1992-12-14,30.753319,30.904070,30.677942,30.715631,22.179029,1045400
1992-12-15,30.602568,30.602568,30.112625,30.225689,21.825233,1595000
1992-12-16,30.225689,30.979446,30.225689,30.677942,22.151808,1841700
1992-12-17,30.904070,31.657827,30.828695,31.544764,22.777723,2041000
1992-12-18,31.733204,31.883955,31.544764,31.582453,22.804939,1599900
1992-12-21,31.356325,31.544764,31.092510,31.130198,22.478363,1404900
1992-12-22,31.092510,31.243261,30.941759,31.054821,22.423943,1347200
1992-12-23,31.092510,31.808580,31.054821,31.469389,22.723291,960500
1992-12-24,31.507076,31.657827,31.356325,31.394012,22.668861,375400
1992-12-28,31.318638,31.544764,31.280949,31.544764,22.777723,527000
1992-12-29,31.582453,32.072395,31.507076,31.733204,22.913780,1444400
1992-12-30,31.808580,31.846268,31.469389,31.733204,22.913780,978000
1992-12-31,31.846268,31.883955,31.205574,31.507076,22.750507,575400
1993-01-04,31.356325,31.733204,31.054821,31.167885,22.505585,1406200
1993-01-05,31.243261,32.034706,31.092510,31.883955,23.022640,1942900
1993-01-06,32.110085,32.788464,32.110085,32.600025,23.539694,3562400
1993-01-07,32.713089,33.203033,32.562336,32.939217,23.784624,2966400
1993-01-08,32.562336,33.089970,32.336208,33.014591,23.839041,2278500
1993-01-11,32.863842,34.069855,32.863842,33.994476,24.546598,2230100
1993-01-12,33.843727,34.032166,33.165344,33.579910,24.247248,2723600
1993-01-13,33.240719,34.295982,33.240719,33.881413,24.464964,3342500
1993-01-14,34.823612,37.197948,34.823612,37.160259,26.832531,10252900
1993-01-15,36.557255,37.537140,35.954247,36.557255,26.397114,6559700
1993-01-18,36.255753,37.160259,35.728119,37.009510,26.723688,3176400
1993-01-19,36.557255,37.989395,36.331127,37.160259,26.832531,2746700
1993-01-20,37.009510,37.160259,36.406502,36.481876,26.342667,1862100
1993-01-21,36.255753,37.612514,36.029625,37.009510,26.723688,2057800
1993-01-22,37.311012,37.311012,35.351242,35.652744,25.743986,3498100
1993-01-25,36.180374,37.160259,35.501991,36.858757,26.614824,2817700
1993-01-26,36.783382,36.783382,35.426617,35.577370,25.689564,3454500
1993-01-27,35.577370,35.577370,34.145229,34.597485,24.982016,4057600
1993-01-28,34.295982,34.371357,32.562336,33.692974,24.328876,5766000
1993-01-29,33.089970,33.165344,29.396555,30.753319,22.206240,22063700
1993-02-01,31.657827,32.562336,30.904070,32.411587,23.403635,10882700
1993-02-02,32.411587,32.939217,32.110085,32.713089,23.621342,5964100
1993-02-03,32.939217,33.240719,32.637714,32.788464,23.675764,5283500
1993-02-04,33.316093,33.617599,32.939217,33.014591,23.839041,3935600
1993-02-05,32.863842,33.391472,32.110085,32.185459,23.240360,3044800
1993-02-08,32.034706,32.939217,32.034706,32.411587,23.403635,2242400
1993-02-09,32.863842,32.863842,32.260834,32.411587,23.403635,2473500
1993-02-10,32.939217,33.692974,32.939217,33.692974,24.328876,2849800
1993-02-11,34.371357,34.371357,33.692974,33.768349,24.383320,2522800
1993-02-12,33.466846,33.692974,32.713089,32.939217,23.784624,1823600
1993-02-16,33.014591,33.014591,31.507076,31.733204,22.913780,3024100
1993-02-17,31.808580,33.014591,31.808580,32.863842,23.730196,2853800
1993-02-18,33.768349,33.768349,33.014591,33.617599,24.274462,2977400
1993-02-19,33.843727,35.200489,33.617599,35.049740,25.308582,2456600
1993-02-22,34.748234,35.125114,33.617599,33.617599,24.274462,1930400
1993-02-23,33.994476,34.371357,33.692974,34.220604,24.709877,1334600
1993-02-24,34.145229,35.351242,33.994476,35.275867,25.471857,1942000
1993-02-25,35.275867,35.728119,34.672859,34.898987,25.199718,1572900
1993-02-26,35.728119,35.728119,35.049740,35.426617,25.580709,1415000
1993-03-01,35.275867,35.426617,33.768349,34.220604,24.709877,1684800
1993-03-02,34.823612,35.125114,34.446732,34.974361,25.254152,2446700
1993-03-03,35.200489,36.331127,35.125114,36.180374,26.124977,2660100
1993-03-04,36.406502,36.406502,35.426617,35.803497,25.852844,1846700
1993-03-05,35.803497,37.537140,35.426617,36.331127,26.233829,2397900
1993-03-08,35.728119,37.537140,35.728119,37.386387,26.995827,2069400
1993-03-09,37.386387,37.838642,37.311012,37.461761,27.098330,2562300
1993-03-10,37.235638,38.140144,36.934132,38.140144,27.589024,2028300
1993-03-11,38.517025,38.969280,38.140144,38.592400,27.916178,3173700
1993-03-12,37.989395,39.195408,37.989395,39.195408,28.352369,2337100
1993-03-15,39.120029,39.421535,38.743153,39.421535,28.515940,1999400
1993-03-16,39.270782,40.099915,39.044655,39.798412,28.788551,2332900
1993-03-17,39.496910,39.572285,38.441647,38.592400,27.916178,2990600
1993-03-18,38.743153,39.346157,38.366272,39.044655,28.243315,1933100
1993-03-19,39.120029,39.120029,37.687889,37.687889,27.261883,2149200
1993-03-22,36.934132,37.612514,36.858757,37.461761,27.098330,2401700
1993-03-23,37.687889,38.290897,37.687889,38.140144,27.589024,1164900
1993-03-24,38.140144,38.818527,37.989395,38.592400,27.916178,1555500
1993-03-25,38.743153,39.798412,38.667774,39.647659,28.679510,1779200
1993-03-26,39.572285,40.099915,39.195408,39.346157,28.461407,1391300
1993-03-29,39.270782,39.873787,38.818527,38.969280,28.188791,2206600
1993-03-30,39.044655,40.401421,38.893902,40.250668,29.115702,1474600
1993-03-31,40.250668,40.476795,39.873787,39.949165,28.897617,2111400
1993-04-01,40.099915,40.099915,39.270782,39.270782,28.406895,1370900
1993-04-02,38.969280,39.120029,37.763268,37.838642,27.370937,2531900
1993-04-05,38.215523,39.572285,38.140144,39.496910,28.570463,1416200
1993-04-06,40.099915,40.401421,39.798412,40.024540,28.952116,1662600
1993-04-07,40.024540,41.155178,39.873787,41.155178,29.769987,2362400
1993-04-08,41.155178,42.059685,40.853672,41.456680,29.988079,1845900
1993-04-12,41.984310,43.416451,41.758183,43.416451,31.405710,2291900
1993-04-13,44.245583,45.150093,42.285812,42.964195,31.078564,5995200
1993-04-14,43.491825,44.170208,43.039570,44.019455,31.841892,2910200
1993-04-15,43.868706,44.245583,43.642578,44.019455,31.841892,2118700
1993-04-16,43.868706,44.019455,42.738068,42.888821,31.024036,2161300
1993-04-19,42.285812,42.662693,41.607430,42.587315,30.805946,2143200
1993-04-20,42.888821,43.944080,42.813442,43.944080,31.787359,1825000
1993-04-21,43.642578,44.245583,43.341076,43.491825,31.460222,1573200
1993-04-22,43.114948,44.320961,43.039570,43.717953,31.623808,1601100
1993-04-23,43.416451,43.567200,42.511940,42.587315,30.805946,2485000
1993-04-26,43.114948,43.416451,41.381306,41.682808,30.151659,2131700
1993-04-27,41.682808,42.285812,41.381306,42.059685,30.424278,1680700
1993-04-28,41.758183,42.587315,41.758183,42.285812,30.587837,1060000
1993-04-29,42.285812,43.793327,42.285812,43.567200,31.514753,1968600
1993-04-30,43.717953,44.320961,43.265697,44.019455,31.841892,1366300
1993-05-03,44.019455,45.074718,43.642578,44.622463,32.278084,1447500
1993-05-04,44.697838,45.602348,44.697838,45.376221,32.823330,1918300
1993-05-05,45.225468,46.732983,44.999340,46.657608,33.750221,3646800
1993-05-06,46.582233,46.657608,45.979225,46.205353,33.423073,1878900
1993-05-07,45.979225,46.506859,45.602348,46.129978,33.368568,1756300
1993-05-10,46.356106,47.034489,46.054604,46.582233,33.695690,1473400
1993-05-11,46.582233,46.883736,45.979225,46.506859,33.641159,1809400
1993-05-12,45.979225,46.356106,45.602348,45.828476,33.150463,1509200
1993-05-13,45.602348,45.677723,44.547089,44.848591,32.441658,1735600
1993-05-14,44.697838,45.150093,44.471710,45.074718,32.605213,1274100
1993-05-17,45.451595,45.828476,45.451595,45.753098,33.095947,1219200
1993-05-18,45.979225,47.486744,45.979225,47.034489,34.022831,2155600
1993-05-19,47.788246,48.466629,47.109863,48.315876,34.949738,2344400
1993-05-20,48.466629,48.542004,47.486744,47.863621,34.622604,1385200
1993-05-21,47.788246,47.788246,46.356106,46.959110,33.968311,1167600
1993-05-24,46.959110,48.315876,46.883736,48.315876,34.949738,1235400
1993-05-25,48.240501,48.391251,47.486744,47.486744,34.349991,857000
1993-05-26,48.089748,49.974144,47.863621,49.823391,36.040215,1869600
1993-05-27,50.049519,50.275646,49.446514,49.597263,35.876648,1381700
1993-05-28,49.597263,49.597263,48.014374,48.843506,35.331406,1328800
1993-06-01,49.446514,51.104778,49.371136,50.426399,36.476437,1716500
1993-06-02,50.275646,50.954029,50.049519,50.878651,36.803547,1119200
1993-06-03,50.351021,51.858536,50.351021,51.330906,37.130703,1785200
1993-06-04,51.180157,52.160042,51.104778,51.933914,37.566898,1363400
1993-06-07,52.310791,53.064548,51.481659,51.481659,37.239742,1949200
1993-06-08,51.406284,51.557034,50.351021,50.954029,36.858089,1270600
1993-06-09,50.954029,50.954029,49.145008,49.446514,35.814228,2595300
1993-06-10,49.446514,50.200272,49.220387,50.124893,36.386360,1635900
1993-06-11,50.501774,50.954029,50.351021,50.954029,36.988258,1856300
1993-06-14,51.180157,51.557034,50.954029,51.029404,37.042965,1031400
1993-06-15,51.255531,51.783161,50.351021,50.426399,36.605236,1860000
1993-06-16,50.727901,50.727901,48.617378,49.898766,36.222233,2542900
1993-06-17,49.974144,50.426399,49.521889,49.898766,36.222233,1531300
1993-06-18,49.748016,50.124893,48.768131,48.843506,35.456207,1514700
1993-06-21,49.069633,49.898766,48.768131,49.446514,35.893929,1478900
1993-06-22,49.898766,50.652527,49.748016,50.351021,36.550518,1094900
1993-06-23,50.200272,50.501774,49.672638,49.748016,36.112785,1024600
1993-06-24,49.823391,50.878651,49.823391,50.426399,36.605236,1299900
1993-06-25,50.652527,51.933914,50.577148,51.933914,37.699570,1361500
1993-06-28,52.235416,53.441429,52.160042,53.139927,38.575035,2009400
1993-06-29,52.612297,52.989174,52.386169,52.461544,38.082584,1432300
1993-06-30,52.838421,52.989174,52.536919,52.687672,38.246719,1351700
1993-07-01,52.989174,53.290676,51.783161,51.858536,37.644855,1591800
1993-07-02,51.858536,52.084663,51.330906,52.009289,37.754288,1247800
1993-07-06,52.310791,52.536919,50.200272,50.426399,36.605236,1784700
1993-07-07,50.577148,50.577148,49.748016,50.275646,36.495796,1693600
1993-07-08,50.275646,51.858536,50.275646,51.029404,37.042965,1550800
1993-07-09,50.727901,52.009289,50.501774,51.707787,37.535423,875500
1993-07-12,52.084663,52.612297,51.104778,52.386169,38.027855,1871400
1993-07-13,52.913799,54.270561,52.838421,53.969059,39.176910,3692600
1993-07-14,54.195187,54.647442,53.969059,53.969059,39.176910,2351200
1993-07-15,53.969059,54.044434,53.215302,53.516804,38.848614,1694800
1993-07-16,53.139927,53.290676,52.009289,52.160042,37.863720,1768600
1993-07-19,51.858536,52.084663,50.426399,51.029404,37.042965,3195600
1993-07-20,51.557034,52.461544,51.406284,52.310791,37.973152,2638400
1993-07-21,52.461544,53.366055,52.009289,52.687672,38.246719,1737900
1993-07-22,52.763046,53.441429,52.084663,52.386169,38.027855,1355600
1993-07-23,52.160042,53.366055,52.160042,53.215302,38.629745,1136700
1993-07-26,53.667557,54.345940,53.667557,54.345940,39.450497,1526100
1993-07-27,54.496689,54.798191,53.516804,53.742931,39.012764,1160300
1993-07-28,53.742931,54.421314,53.592182,53.667557,38.958050,1413500
1993-07-29,53.742931,54.044434,53.290676,53.818306,39.067474,1672900
1993-07-30,53.667557,55.099697,53.516804,54.647442,39.669346,1466100
1993-08-02,54.345940,56.984089,54.345940,56.908714,41.310844,2377200
1993-08-03,57.059467,57.360970,56.230331,57.059467,41.420280,1558600
1993-08-04,56.984089,58.717735,56.682587,57.888599,42.022152,2705600
1993-08-05,57.888599,58.717735,57.737850,58.340855,42.350464,1766100
1993-08-06,58.340855,58.943859,58.039352,58.039352,42.131592,1469200
1993-08-09,58.793110,59.396114,57.511723,57.587097,41.803299,2344200
1993-08-10,57.587097,58.039352,56.984089,57.285595,41.584438,1373700
1993-08-11,58.340855,58.416229,57.888599,57.888599,42.022152,1725300
1993-08-12,58.265480,58.340855,57.134842,57.963974,42.076878,924100
1993-08-13,58.114727,58.265480,57.662472,57.963974,42.076878,909000
1993-08-16,58.114727,59.245365,57.888599,58.491608,42.459888,1451200
1993-08-17,58.491608,59.546867,57.813225,59.169987,42.952335,1800600
1993-08-18,59.546867,59.772995,57.737850,57.888599,42.022152,1755800
1993-08-19,57.963974,58.642357,57.134842,57.963974,42.076878,1490300
1993-08-20,57.888599,58.340855,57.587097,57.813225,41.967484,1524000
1993-08-23,57.813225,58.491608,57.737850,57.963974,42.076878,1760100
1993-08-24,57.963974,58.943859,57.360970,58.642357,42.569336,1808500
1993-08-25,58.717735,58.943859,56.833340,57.285595,41.584438,2084700
1993-08-26,57.285595,57.436344,55.853455,56.908714,41.310844,2028400
1993-08-27,56.833340,58.039352,56.531837,57.662472,41.857998,989000
1993-08-30,57.813225,58.642357,57.662472,58.190102,42.241035,1028800
1993-08-31,58.340855,58.717735,57.813225,57.813225,41.967484,1042500
1993-09-01,57.813225,57.963974,57.059467,57.285595,41.584438,1139200
1993-09-02,57.285595,57.813225,57.285595,57.285595,41.584438,749300
1993-09-03,57.285595,57.360970,56.607212,57.059467,41.420280,723500
1993-09-07,56.984089,57.059467,55.175072,55.627327,40.380672,976700
1993-09-08,55.401199,55.702702,53.441429,55.476574,40.271233,3170400
1993-09-09,55.476574,56.682587,55.476574,56.531837,41.086399,4766600
1993-09-10,56.908714,57.436344,56.230331,56.908714,41.360298,1815500
1993-09-13,57.210217,57.360970,55.325825,55.401199,40.264652,1202700
1993-09-14,54.873569,54.873569,54.044434,54.496689,39.607281,2375200
1993-09-15,54.496689,56.531837,54.421314,56.079582,40.757713,2139200
1993-09-16,56.381084,56.456459,55.476574,55.778080,40.538570,847700
1993-09-17,55.024319,56.230331,55.024319,55.325825,40.209896,1878200
1993-09-20,55.853455,57.134842,55.853455,56.531837,41.086399,1641000
1993-09-21,56.230331,56.908714,55.325825,55.627327,40.429001,2481800
1993-09-22,56.381084,57.587097,56.154957,57.285595,41.634216,2584000
1993-09-23,57.737850,59.471493,57.737850,59.245365,43.058540,2472900
1993-09-24,59.169987,60.375999,58.793110,59.999123,43.606358,2372900
1993-09-27,60.375999,61.808140,60.375999,61.808140,44.921127,2383700
1993-09-28,62.260395,63.391033,61.808140,63.014153,45.797642,2542000
1993-09-29,62.712650,63.315655,61.054382,61.280510,44.537628,1935900
1993-09-30,61.129757,61.958893,60.149872,60.903633,44.263748,1596600
1993-10-01,60.828255,61.054382,60.074497,60.300625,43.825497,1843500
1993-10-04,60.300625,61.205135,60.300625,60.828255,44.208939,1033400
1993-10-05,61.506638,61.506638,58.868484,59.546867,43.277668,2616300
1993-10-06,59.546867,60.903633,59.396114,59.396114,43.168106,2272600
1993-10-07,59.546867,59.622242,58.190102,58.340855,42.401157,1916500
1993-10-08,58.793110,60.752880,57.662472,60.602127,44.044617,1680200
1993-10-11,60.903633,61.732765,58.642357,59.396114,43.168106,2753600
1993-10-12,62.561897,62.712650,61.280510,62.411148,45.359379,3568400
1993-10-13,61.506638,62.260395,60.903633,61.958893,45.030682,2168600
1993-10-14,62.260395,63.315655,62.260395,62.938778,45.742855,1896900
1993-10-15,63.466408,64.295540,63.164906,63.918663,46.455013,2012300
1993-10-18,64.370918,64.823174,63.541782,63.843288,46.400234,1886200
1993-10-19,63.541782,63.767910,60.677505,61.205135,44.482880,2232400
1993-10-20,61.431263,62.109642,60.375999,61.506638,44.702000,2048700
1993-10-21,61.506638,62.712650,60.451378,62.185020,45.195015,1954800
1993-10-22,62.109642,62.411148,60.602127,62.109642,45.140247,1996100
1993-10-25,61.808140,62.034267,60.828255,61.582012,44.756771,1888600
1993-10-26,61.732765,62.637276,61.431263,62.260395,45.249813,1077400
1993-10-27,61.657391,63.918663,61.657391,63.692535,46.290668,1624300
1993-10-28,62.335770,63.014153,61.582012,63.014153,45.797642,2599900
1993-10-29,62.561897,63.918663,62.486523,63.164906,45.907200,1106200
1993-11-01,63.240280,63.617161,62.561897,63.014153,45.797642,896000
1993-11-02,62.712650,62.788025,61.958893,62.260395,45.249813,1244700
1993-11-03,61.958893,61.958893,59.697620,59.923744,43.551575,3467100
1993-11-04,59.848370,60.526752,56.833340,58.491608,42.510719,3975400
1993-11-05,58.039352,59.772995,57.587097,59.697620,43.387215,2707000
1993-11-08,59.622242,60.526752,59.396114,59.546867,43.277668,1138600
1993-11-09,60.300625,61.280510,59.999123,60.149872,43.715904,2174500
1993-11-10,60.752880,62.109642,60.752880,62.034267,45.085480,2176200
1993-11-11,62.185020,64.069412,62.185020,62.712650,45.578499,2419500
1993-11-12,62.411148,62.561897,61.657391,62.109642,45.140247,1238400
1993-11-15,61.883518,61.883518,60.225250,60.828255,44.208939,1590500
1993-11-16,60.602127,61.506638,60.074497,61.431263,44.647202,1725800
1993-11-17,61.431263,62.034267,59.169987,60.149872,43.715904,2295300
1993-11-18,59.697620,59.697620,57.285595,57.662472,41.908119,4181000
1993-11-19,57.059467,58.491608,57.059467,57.888599,42.072472,2602200
1993-11-22,57.134842,57.587097,55.778080,56.381084,40.976845,3297900
1993-11-23,56.757965,57.888599,55.853455,57.813225,42.017700,2825800
1993-11-24,58.039352,58.416229,57.813225,58.114727,42.236794,1274900
1993-11-26,58.642357,58.642357,57.888599,57.963974,42.127243,468200
1993-11-29,57.737850,57.813225,55.778080,56.230331,40.867271,2245200
1993-11-30,56.079582,57.436344,56.079582,56.531837,41.086399,1930100
1993-12-01,57.436344,57.511723,56.531837,56.757965,41.250744,1885000
1993-12-02,57.059467,57.737850,56.531837,57.737850,41.962925,2041500
1993-12-03,57.888599,58.340855,57.511723,57.963974,42.127243,0
1993-12-06,55.551952,56.833340,55.325825,56.757965,41.250744,4015000
1993-12-07,56.682587,57.059467,55.928829,56.757965,41.250744,2103400
1993-12-08,56.607212,57.360970,56.381084,56.682587,41.195965,1279700
1993-12-09,56.230331,56.305710,54.572067,54.873569,39.927910,2730800
1993-12-10,55.175072,55.401199,53.592182,53.592182,38.995537,2636200
1993-12-13,53.516804,54.195187,53.516804,54.119812,39.379471,1883800
1993-12-14,54.345940,54.572067,53.667557,54.195187,39.434296,1378500
1993-12-15,54.195187,54.496689,53.592182,54.119812,39.379471,1469700
1993-12-16,54.195187,54.270561,52.913799,53.818306,39.160065,2389000
1993-12-17,53.818306,54.421314,52.612297,52.763046,38.392227,2564100
1993-12-20,52.612297,52.913799,51.255531,51.255531,37.295303,2098800
1993-12-21,51.632412,52.612297,51.104778,52.160042,37.953468,2770600
1993-12-22,52.310791,53.818306,52.310791,53.667557,39.050381,1673200
1993-12-23,54.270561,54.572067,53.969059,54.421314,39.598854,1362100
1993-12-27,54.873569,55.099697,54.421314,55.099697,40.092457,1138400
1993-12-28,55.476574,56.004204,55.175072,55.401199,40.311840,1523500
1993-12-29,55.175072,55.853455,55.175072,55.401199,40.311840,1282500
1993-12-30,55.250446,55.853455,55.099697,55.853455,40.640915,821600
1993-12-31,56.079582,56.531837,55.627327,55.627327,40.476376,788600
1994-01-03,55.476574,55.476574,53.366055,53.441429,38.885841,2643200
1994-01-04,53.893684,53.893684,52.913799,53.215302,38.721317,2327400
1994-01-05,53.215302,54.722816,52.160042,54.345940,39.543995,3064100
1994-01-06,54.496689,55.175072,53.667557,54.044434,39.324604,1487500
1994-01-07,54.119812,54.195187,53.064548,54.044434,39.324604,2454500
1994-01-10,54.345940,55.175072,54.044434,54.572067,39.708530,2176700
1994-01-11,54.798191,55.778080,54.647442,55.627327,40.476376,1599900
1994-01-12,56.682587,57.587097,56.531837,57.134842,41.573299,3391400
1994-01-13,56.757965,59.094612,56.682587,59.094612,42.999275,2035700
1994-01-14,59.697620,60.526752,59.471493,59.697620,43.438049,4523100
1994-01-17,59.697620,60.451378,59.697620,59.697620,43.438049,1390000
1994-01-18,60.375999,60.828255,59.999123,60.752880,44.205898,1963900
1994-01-19,60.149872,61.280510,59.999123,61.280510,44.589817,2393300
1994-01-20,61.280510,62.109642,60.752880,61.883518,45.028591,2321300
1994-01-21,61.958893,61.958893,60.752880,61.054382,44.425312,2657600
1994-01-24,61.205135,62.260395,60.979008,61.355885,44.644661,2864400
1994-01-25,61.205135,61.582012,61.054382,61.355885,44.644661,1469700
1994-01-26,60.979008,61.582012,60.375999,61.205135,44.535000,1128000
1994-01-27,61.205135,61.732765,60.979008,60.979008,44.370453,978000
1994-01-28,61.582012,61.582012,60.375999,60.375999,43.931671,1642700
1994-01-31,60.526752,60.526752,59.320740,59.396114,43.218685,3531400
1994-02-01,59.245365,60.903633,58.943859,60.903633,44.315601,2331700
1994-02-02,60.903633,61.205135,60.300625,60.979008,44.370453,2139000
1994-02-03,60.903633,60.903633,59.848370,59.848370,43.547745,1305100
1994-02-04,59.546867,59.923744,57.436344,57.436344,41.792683,2324600
1994-02-07,57.587097,58.793110,57.587097,58.039352,42.231453,2623800
1994-02-08,58.190102,60.828255,58.114727,60.451378,43.986526,2510700
1994-02-09,61.958893,61.958893,60.225250,60.375999,43.931671,3852100
1994-02-10,60.074497,61.054382,59.697620,59.848370,43.547745,2242200
1994-02-11,59.848370,59.999123,58.868484,59.396114,43.218685,1057300
1994-02-14,59.396114,60.451378,59.396114,59.848370,43.547745,1688500
1994-02-15,60.225250,61.355885,60.074497,61.129757,44.480133,2639200
1994-02-16,61.280510,63.315655,61.280510,63.014153,45.851299,3536400
1994-02-17,63.014153,63.843288,61.657391,62.185020,45.247978,3548500
1994-02-18,62.109642,63.164906,60.828255,62.561897,45.522209,2107000
1994-02-22,62.712650,64.747795,62.034267,64.521667,46.948212,2172900
1994-02-23,64.521667,64.672417,63.466408,63.843288,46.454597,2089800
1994-02-24,63.466408,63.466408,62.109642,62.109642,45.193153,2407200
1994-02-25,62.712650,62.863403,62.185020,62.260395,45.302826,1281900
1994-02-28,62.411148,63.617161,61.582012,61.582012,44.809208,1897800
1994-03-01,61.808140,62.335770,60.602127,62.335770,45.357681,2582800
1994-03-02,61.506638,64.069412,61.129757,63.918663,46.509445,3195800
1994-03-03,63.617161,64.144791,63.089527,63.315655,46.070667,1860800
1994-03-04,63.767910,64.144791,62.863403,63.164906,45.960991,2886300
1994-03-07,63.994038,64.370918,63.014153,63.240280,46.015827,2019600
1994-03-08,63.391033,64.823174,62.863403,64.295540,46.783665,2245000
1994-03-09,65.124672,65.350800,64.069412,65.350800,47.614040,2222600
1994-03-10,65.124672,65.200050,63.466408,63.843288,46.515667,2200600
1994-03-11,63.918663,64.521667,63.541782,63.692535,46.405842,1495900
1994-03-14,64.521667,64.823174,64.144791,64.521667,47.009930,1610400
1994-03-15,64.672417,66.104561,64.521667,65.501556,47.723862,2091900
1994-03-16,65.426178,66.179939,65.200050,65.953812,48.053368,1586700
1994-03-17,65.576927,66.029182,65.200050,66.029182,48.108303,1226800
1994-03-18,65.501556,65.803055,65.124672,65.275429,47.559105,2077700
1994-03-21,65.200050,66.029182,65.049301,65.049301,47.394367,1342200
1994-03-22,65.275429,65.350800,64.747795,64.747795,47.174664,943500
1994-03-23,65.049301,65.049301,64.144791,64.220169,46.790253,1215500
1994-03-24,64.144791,64.370918,62.260395,63.391033,46.186150,2538600
1994-03-25,63.315655,63.315655,61.054382,61.355885,44.703354,1671700
1994-03-28,61.958893,62.486523,60.375999,62.486523,45.527122,2104100
1994-03-29,62.335770,62.411148,60.149872,60.526752,44.099266,1660600
1994-03-30,59.848370,60.828255,58.642357,59.169987,43.110752,3239000
1994-03-31,59.697620,61.054382,57.963974,61.054382,44.483715,3077200
1994-04-04,59.622242,61.732765,59.396114,60.903633,44.373871,2813300
1994-04-05,61.883518,63.315655,61.808140,63.089527,45.966492,2942900
1994-04-06,63.240280,64.370918,62.712650,64.144791,46.735325,1855500
1994-04-07,64.069412,64.370918,63.466408,64.295540,46.845173,1383800
1994-04-08,63.918663,65.124672,63.843288,63.918663,46.570599,1778500
1994-04-11,63.315655,64.973923,59.697620,59.848370,43.605003,2219500
1994-04-12,60.149872,60.149872,56.607212,57.587097,41.957474,14529600
1994-04-13,57.813225,58.491608,56.682587,57.587097,41.957474,5147500
1994-04-14,56.984089,57.360970,55.175072,55.250446,40.254990,5037000
1994-04-15,55.175072,55.702702,53.818306,54.195187,39.486137,6594400
1994-04-18,54.270561,54.798191,53.742931,54.270561,39.541058,3952100
1994-04-19,54.572067,54.873569,52.461544,52.913799,38.552536,2945300
1994-04-20,53.064548,53.667557,50.803276,52.461544,38.223030,4557800
1994-04-21,53.366055,56.079582,52.461544,55.627327,40.529594,3890500
1994-04-22,57.285595,57.436344,55.325825,55.476574,40.419754,3108200
1994-04-25,55.928829,56.230331,55.024319,56.079582,40.859093,2277000
1994-04-26,55.778080,56.079582,55.175072,55.476574,40.419754,2137700
1994-04-28,55.778080,55.928829,53.667557,53.818306,39.211552,2465700
1994-04-29,53.818306,54.873569,53.366055,53.667557,39.101723,2241700
1994-05-02,53.366055,53.516804,52.461544,52.913799,38.552536,2498500
1994-05-03,53.064548,53.969059,52.612297,52.913799,38.552536,2544300
1994-05-04,53.667557,53.969059,53.064548,53.516804,38.991879,1857500
1994-05-05,53.818306,54.421314,52.763046,53.064548,38.662365,1796700
1994-05-06,52.461544,53.215302,51.858536,53.215302,38.772221,2057100
1994-05-09,52.763046,53.969059,52.461544,52.612297,38.332870,1439100
1994-05-10,53.667557,54.119812,52.763046,53.516804,38.991879,1591000
1994-05-11,54.119812,54.119812,53.064548,53.215302,38.772221,1425600
1994-05-12,53.969059,55.024319,53.818306,54.119812,39.431236,1922300
1994-05-13,54.722816,54.722816,52.913799,53.969059,39.321400,2109200
1994-05-16,54.119812,54.421314,52.913799,53.064548,38.662365,1402300
1994-05-17,53.215302,54.119812,52.160042,54.119812,39.431236,1983400
1994-05-18,54.119812,56.230331,53.969059,55.627327,40.529594,1903700
1994-05-19,56.079582,57.587097,55.476574,56.833340,41.408283,2351200
1994-05-20,56.230331,57.436344,56.079582,57.134842,41.627956,1659400
1994-05-23,57.134842,58.039352,56.682587,56.833340,41.408283,1959700
1994-05-24,56.984089,57.134842,56.381084,56.984089,41.518101,1685900
1994-05-25,56.984089,57.888599,56.682587,57.737850,42.067314,1355700
1994-05-26,57.737850,57.888599,57.134842,57.285595,41.737797,1053200
1994-05-27,56.531837,56.833340,55.778080,56.682587,41.298462,1451300
1994-05-31,56.381084,56.682587,55.778080,56.381084,41.078785,1547600
1994-06-01,56.531837,58.340855,55.928829,58.340855,42.506634,2060500
1994-06-02,58.190102,58.190102,57.134842,57.587097,41.957474,1300900
1994-06-03,57.737850,58.491608,57.134842,57.436344,41.847626,1437900
1994-06-06,57.888599,57.888599,56.230331,56.230331,40.968933,1238900
1994-06-07,56.381084,56.682587,55.175072,55.325825,40.309921,1242700
1994-06-08,55.175072,55.325825,54.270561,54.572067,39.760735,1765300
1994-06-09,54.270561,54.421314,53.366055,53.969059,39.382324,1680300
1994-06-10,54.572067,55.928829,53.969059,55.476574,40.482372,1595400
1994-06-13,55.325825,56.531837,55.175072,55.627327,40.592396,1276900
1994-06-14,56.381084,57.587097,55.778080,57.285595,41.802467,1693900
1994-06-15,57.436344,58.491608,57.285595,57.888599,42.242477,2177400
1994-06-16,57.737850,58.039352,57.134842,57.285595,41.802467,1065500
1994-06-17,56.833340,57.285595,56.531837,56.833340,41.472431,1747100
1994-06-20,56.230331,56.381084,55.024319,55.627327,40.592396,1300800
1994-06-21,55.175072,55.928829,54.421314,55.175072,40.262367,1434500
1994-06-22,55.476574,55.928829,55.325825,55.928829,40.812401,1262300
1994-06-23,55.928829,55.928829,54.270561,54.722816,39.932339,1373100
1994-06-24,54.270561,54.873569,53.969059,54.119812,39.492317,1558800
1994-06-27,53.667557,56.381084,53.366055,56.230331,41.032410,1230200
1994-06-28,56.381084,56.381084,54.421314,55.325825,40.372391,1546600
1994-06-29,55.627327,56.230331,54.572067,54.873569,40.042351,1191000
1994-06-30,55.175072,55.325825,53.667557,53.818306,39.272308,1475000
1994-07-01,54.270561,54.270561,53.215302,54.119812,39.492317,1463500
1994-07-05,54.119812,54.421314,53.667557,53.667557,39.162296,1239000
1994-07-06,53.516804,53.667557,52.310791,53.064548,38.722275,2401400
1994-07-07,53.366055,53.667557,52.763046,53.516804,39.052296,1560400
1994-07-08,52.913799,54.421314,52.913799,54.119812,39.492317,1377900
1994-07-11,54.119812,54.270561,53.064548,53.969059,39.382324,1133400
1994-07-12,56.381084,60.903633,55.778080,60.300625,44.002575,7430500
1994-07-13,60.602127,60.602127,59.094612,59.094612,43.122532,2414400
1994-07-14,60.300625,61.205135,59.999123,60.602127,44.222599,3883000
1994-07-15,60.300625,60.300625,58.491608,58.943859,43.012520,2150600
1994-07-18,59.697620,60.451378,59.396114,60.300625,44.002575,1827700
1994-07-19,60.752880,60.903633,59.697620,59.697620,43.562550,1872200
1994-07-20,59.999123,60.149872,58.642357,59.546867,43.452545,1159100
1994-07-21,60.149872,60.300625,58.943859,58.943859,43.012520,1059400
1994-07-22,59.546867,59.999123,59.396114,59.697620,43.562550,957400
1994-07-25,59.999123,60.602127,59.697620,60.149872,43.892578,720600
1994-07-26,60.149872,60.451378,59.396114,60.149872,43.892578,1096900
1994-07-27,60.300625,61.657391,60.300625,61.506638,44.882622,1545100
1994-07-28,61.506638,63.014153,61.355885,62.561897,45.652679,1704100
1994-07-29,63.164906,64.220169,62.712650,64.069412,46.752739,1976000
1994-08-01,64.220169,64.370918,62.561897,62.561897,45.652679,1451000
1994-08-02,63.315655,63.767910,62.712650,63.164906,46.092731,1835100
1994-08-03,63.014153,64.069412,62.863403,63.918663,46.642746,810700
1994-08-04,63.617161,64.521667,63.315655,63.315655,46.202702,1063100
1994-08-05,62.712650,63.767910,62.411148,63.466408,46.312717,1033800
1994-08-08,63.918663,64.370918,63.466408,64.370918,46.972771,757800
1994-08-09,64.521667,64.823174,63.767910,64.521667,47.082775,1180200
1994-08-10,64.220169,65.275429,64.220169,65.124672,47.522789,1493100
1994-08-11,65.124672,65.878433,64.370918,64.823174,47.302784,1344600
1994-08-12,64.370918,64.672417,63.918663,64.370918,46.972771,831900
1994-08-15,64.370918,64.521667,63.466408,63.617161,46.422726,639700
1994-08-16,64.069412,64.220169,63.014153,63.918663,46.642746,1226700
1994-08-17,64.069412,64.973923,63.617161,64.069412,46.752739,1421600
1994-08-18,63.918663,64.069412,63.014153,63.466408,46.312717,1081400
1994-08-19,63.617161,63.918663,63.014153,63.466408,46.312717,903200
1994-08-22,63.164906,64.220169,63.014153,63.617161,46.422726,609700
1994-08-23,64.069412,64.521667,63.617161,63.767910,46.532722,694800
1994-08-24,63.767910,64.220169,63.315655,63.918663,46.642746,1152700
1994-08-25,64.220169,65.878433,63.918663,65.275429,47.632801,1868800
1994-08-26,66.029182,67.235199,65.576927,66.782944,48.732872,1755200
1994-08-29,66.782944,66.782944,65.576927,65.576927,47.852825,1527900
1994-08-30,63.918663,66.933693,63.918663,66.933693,48.842869,1772700
1994-08-31,65.878433,66.632187,64.823174,65.124672,47.522789,1816000
1994-09-01,63.918663,64.220169,63.014153,63.617161,46.422726,2538500
1994-09-02,63.014153,63.617161,62.260395,62.411148,45.542679,1138800
1994-09-06,62.863403,64.220169,62.561897,64.220169,46.862762,911800
1994-09-07,64.069412,64.823174,63.617161,64.823174,47.302784,1594300
1994-09-08,64.823174,64.823174,64.370918,64.521667,47.082775,812200
1994-09-09,63.014153,63.466408,62.712650,63.014153,46.042957,1234300
1994-09-12,63.014153,63.466408,63.014153,63.164906,46.153118,593800
1994-09-13,63.918663,64.521667,63.918663,64.069412,46.813992,1107600
1994-09-14,63.918663,64.370918,63.767910,64.220169,46.924160,586600
1994-09-15,64.370918,65.878433,64.220169,65.878433,48.135807,1202500
1994-09-16,65.124672,65.878433,64.672417,65.727684,48.025654,1741700
1994-09-19,65.878433,66.632187,65.576927,65.727684,48.025654,1256500
1994-09-20,65.426178,65.727684,64.521667,64.521667,47.144459,1175900
1994-09-21,64.823174,67.235199,63.014153,63.617161,46.483543,1538900
1994-09-22,63.918663,64.069412,63.466408,63.767910,46.593685,1230700
1994-09-23,64.069412,64.370918,63.466408,63.466408,46.373390,1018300
1994-09-26,63.315655,63.767910,62.863403,63.315655,46.263233,982900
1994-09-27,63.617161,63.767910,62.863403,63.164906,46.153118,1149500
1994-09-28,63.164906,63.466408,62.561897,62.712650,45.822632,1392600
1994-09-29,62.561897,64.069412,62.109642,63.918663,46.703854,1575300
1994-09-30,63.617161,64.672417,63.315655,63.617161,46.483543,1240400
1994-10-03,64.220169,64.521667,63.466408,63.466408,46.373390,975600
1994-10-04,63.617161,63.617161,60.903633,61.506638,44.941425,2398700
1994-10-05,59.245365,60.903633,59.094612,60.300625,44.060219,3998100
1994-10-06,60.752880,61.054382,59.094612,59.245365,43.289185,2726500
1994-10-07,59.396114,61.355885,59.396114,61.205135,44.721138,1615300
1994-10-10,61.506638,63.617161,61.355885,63.617161,46.483543,1551600
1994-10-11,66.029182,66.179939,64.973923,65.275429,47.695210,3727800
1994-10-12,64.672417,65.727684,64.220169,65.124672,47.585049,1880100
1994-10-13,66.029182,66.179939,65.124672,65.426178,47.805347,1647700
1994-10-14,65.275429,65.426178,64.672417,65.124672,47.585049,1442100
1994-10-17,65.124672,65.727684,64.823174,65.124672,47.585049,831000
1994-10-18,65.275429,65.727684,64.823174,65.727684,48.025654,1095300
1994-10-19,65.576927,67.687454,65.426178,67.687454,49.457603,2534100
1994-10-20,67.988953,68.591965,66.933693,67.687454,49.457603,1897200
1994-10-21,67.838203,67.988953,67.084442,67.838203,49.567753,1276200
1994-10-24,68.139709,68.742714,67.235199,67.235199,49.127155,1268200
1994-10-25,66.933693,67.536697,66.481438,67.385948,49.237305,1490600
1994-10-26,67.988953,69.194969,67.235199,68.742714,50.228687,1307100
1994-10-27,68.893463,69.044212,67.687454,67.988953,49.677898,1817300
1994-10-28,68.139709,70.702484,67.988953,70.702484,51.660599,1915500
1994-10-31,70.853233,71.757744,70.551735,71.003983,51.880913,1399900
1994-11-01,70.551735,71.606995,70.551735,71.606995,52.321518,1493000
1994-11-02,71.305489,72.662254,71.305489,71.757744,52.431664,1958500
1994-11-03,72.963753,72.963753,71.606995,72.209999,52.762119,1811000
1994-11-04,72.360748,72.662254,70.400978,70.551735,51.550476,1402500
1994-11-07,70.702484,71.456238,67.838203,68.139709,49.788063,2159600
1994-11-08,68.441208,69.797974,68.441208,69.402252,50.710590,2428800
1994-11-09,70.400978,70.551735,69.044212,69.496468,50.779392,1722400
1994-11-10,69.345718,70.099480,68.742714,68.742714,50.228687,1151100
1994-11-11,68.290459,69.797974,68.139709,69.647224,50.889553,1018000
1994-11-14,70.099480,71.606995,70.099480,71.456238,52.211365,1122600
1994-11-15,71.757744,72.209999,71.003983,71.908493,52.541805,1694000
1994-11-16,72.209999,73.265259,72.059250,72.662254,53.092583,1744700
1994-11-17,72.662254,73.717514,72.209999,73.566765,53.753475,1987600
1994-11-18,72.813004,73.265259,71.908493,72.662254,53.092583,1814300
1994-11-21,72.813004,73.265259,71.003983,71.154739,51.991093,1345600
1994-11-22,70.400978,70.551735,68.742714,68.742714,50.228687,6405600
1994-11-23,67.536697,68.139709,66.330688,67.536697,49.347477,4870100
1994-11-25,67.687454,68.591965,67.687454,68.290459,49.898228,914900
1994-11-28,68.742714,69.044212,68.441208,68.441208,50.008339,1895400
1994-11-29,68.591965,68.893463,68.139709,68.742714,50.228687,1680500
1994-11-30,69.044212,70.551735,67.988953,68.290459,49.898228,2051800
1994-12-01,68.290459,69.647224,67.536697,67.687454,49.457603,2069200
1994-12-02,67.838203,69.194969,67.084442,69.044212,50.448967,1318600
1994-12-05,69.345718,70.099480,68.742714,68.893463,50.338821,988800
1994-12-06,68.591965,69.496468,67.536697,68.290459,49.898228,1442100
1994-12-07,67.687454,68.893463,67.385948,67.536697,49.347477,1142700
1994-12-08,67.385948,68.139709,64.672417,64.973923,47.474899,2327900
1994-12-09,65.124672,67.235199,64.672417,66.632187,48.777096,2599300
1994-12-12,66.330688,67.536697,66.179939,67.385948,49.328873,1589400
1994-12-13,67.235199,67.838203,66.330688,66.782944,48.887455,1271100
1994-12-14,66.632187,68.139709,65.878433,67.536697,49.439232,1814400
1994-12-15,67.536697,68.290459,67.385948,67.687454,49.549576,1316700
1994-12-16,68.139709,68.591965,67.536697,67.838203,49.659924,2022900
1994-12-19,67.536697,68.290459,66.481438,67.084442,49.108162,1413200
1994-12-20,67.235199,68.441208,66.933693,68.139709,49.880650,1547500
1994-12-21,68.139709,69.948723,67.988953,69.496468,50.873833,1734000
1994-12-22,69.797974,70.099480,69.044212,69.797974,51.094563,1194300
1994-12-23,70.400978,70.400978,69.496468,69.797974,51.094563,571500
1994-12-27,69.948723,70.551735,69.948723,70.551735,51.646339,724700
1994-12-28,70.551735,71.003983,69.948723,70.400978,51.535976,752000
1994-12-29,70.400978,71.154739,70.250229,71.003983,51.977390,727700
1994-12-30,70.853233,71.154739,69.797974,69.948723,51.204914,627600
1995-01-03,69.797974,69.948723,68.139709,68.742714,50.322090,1256300
1995-01-04,68.893463,69.345718,67.385948,68.516586,50.156528,1409000
1995-01-05,68.742714,70.099480,68.139709,69.194969,50.653133,1741700
1995-01-06,69.647224,70.250229,69.194969,69.948723,51.204914,3025900
1995-01-09,70.250229,71.606995,70.099480,71.003983,51.977390,2666700
1995-01-10,73.868263,75.978790,73.868263,74.471275,54.515583,4798700
1995-01-11,74.772774,74.923523,73.265259,73.265259,53.632748,2248600
1995-01-12,72.813004,74.923523,72.662254,74.923523,54.846615,1727800
1995-01-13,74.923523,75.375778,74.471275,74.923523,54.846615,1402800
1995-01-16,74.772774,75.828033,74.471275,75.526535,55.288071,1339600
1995-01-17,75.375778,75.828033,74.622025,75.375778,55.177723,1339100
1995-01-18,75.677284,76.129539,74.772774,75.375778,55.177723,1147500
1995-01-19,75.375778,75.375778,74.622025,75.074280,54.956989,1065500
1995-01-20,74.772774,74.923523,73.717514,73.717514,53.963802,1320200
1995-01-23,71.757744,73.868263,71.757744,73.717514,53.963802,2197600
1995-01-24,73.717514,75.074280,73.265259,74.923523,54.846615,1250200
1995-01-25,73.566765,74.169769,72.963753,73.265259,53.632748,1529400
1995-01-26,72.963753,73.416008,72.209999,72.360748,52.970612,1019500
1995-01-27,72.813004,73.265259,72.134621,72.813004,53.301682,1299700
1995-01-30,72.963753,73.114510,70.853233,71.154739,52.087772,1918400
1995-01-31,71.003983,71.757744,70.400978,71.456238,52.308464,2025400
1995-02-01,71.757744,73.566765,71.305489,73.265259,53.632748,1435300
1995-02-02,73.265259,73.868263,72.813004,73.114510,53.522362,957500
1995-02-03,74.019020,74.772774,73.717514,73.868263,54.074135,1726600
1995-02-06,74.169769,75.375778,74.019020,74.622025,54.625923,1613000
1995-02-07,74.923523,74.923523,73.868263,74.169769,54.294838,1452400
1995-02-08,73.717514,73.868263,72.963753,73.265259,53.632748,2174100
1995-02-09,74.471275,74.772774,74.019020,74.169769,54.294838,2672700
1995-02-10,74.471275,75.375778,74.320518,75.074280,54.956989,2145700
1995-02-13,75.074280,75.225029,74.320518,74.320518,54.405220,1160900
1995-02-14,74.772774,74.923523,73.717514,74.169769,54.294838,1502700
1995-02-15,74.320518,74.923523,73.717514,74.471275,54.515583,1621000
1995-02-16,74.772774,78.089310,74.471275,77.486305,56.722691,2310500
1995-02-17,72.963753,74.169769,68.441208,69.797974,51.094563,16348100
1995-02-21,71.154739,71.154739,70.400978,71.003983,51.977390,6051000
1995-02-22,71.305489,71.757744,69.496468,69.948723,51.204914,3772500
1995-02-23,70.853233,70.853233,67.536697,68.139709,49.880650,5372700
1995-02-24,67.988953,68.441208,66.481438,67.385948,49.328873,3957200
1995-02-27,67.385948,68.441208,66.330688,66.933693,48.997814,2704600
1995-02-28,67.084442,69.647224,67.084442,69.345718,50.763504,2929800
1995-03-01,69.496468,70.400978,68.893463,70.099480,51.315273,2495900
1995-03-02,70.099480,70.400978,68.893463,69.948723,51.204914,1955200
1995-03-03,69.948723,71.154739,69.647224,70.702484,51.756680,1709100
1995-03-06,70.099480,70.400978,69.044212,69.496468,50.873833,1937300
1995-03-07,69.647224,69.797974,67.536697,68.441208,50.101337,2995500
1995-03-08,68.591965,68.893463,67.235199,68.139709,49.880650,2311500
1995-03-09,68.290459,69.044212,67.536697,67.536697,49.526871,2595700
1995-03-10,67.687454,68.441208,67.385948,67.988953,49.858536,1907300
1995-03-13,68.441208,69.948723,68.290459,69.797974,51.185143,1973100
1995-03-14,70.853233,71.305489,70.400978,70.702484,51.848461,2452100
1995-03-15,69.948723,70.250229,68.290459,68.591965,50.300732,2795500
1995-03-16,68.290459,68.893463,67.536697,67.988953,49.858536,2787600
1995-03-17,67.235199,67.536697,66.481438,66.782944,48.974133,4363200
1995-03-20,66.933693,67.385948,65.124672,65.275429,47.868614,4202600
1995-03-21,65.426178,65.727684,63.918663,64.370918,47.205315,6091700
1995-03-22,64.672417,65.727684,64.370918,65.576927,48.089737,3583100
1995-03-23,65.576927,66.632187,64.823174,65.275429,47.868614,3540900
1995-03-24,66.179939,67.385948,65.878433,66.782944,48.974133,3246800
1995-03-27,67.536697,68.290459,67.385948,68.290459,50.079639,2649300
1995-03-28,68.893463,69.797974,68.290459,68.441208,50.190174,3004600
1995-03-29,68.742714,69.797974,65.727684,69.194969,50.742935,4071700
1995-03-30,69.345718,69.345718,66.481438,66.632187,48.863583,3415100
1995-03-31,65.275429,66.330688,63.918663,65.878433,48.310822,3729700
1995-04-03,66.330688,66.330688,64.823174,64.973923,47.647507,2311500
1995-04-04,65.124672,65.576927,63.918663,64.370918,47.205315,3710400
1995-04-05,66.330688,66.330688,64.672417,65.576927,48.089737,4553200
1995-04-06,66.179939,66.933693,66.029182,66.632187,48.863583,2586100
1995-04-07,66.933693,67.235199,66.029182,67.084442,49.195217,2059900
1995-04-10,67.084442,68.742714,66.707565,68.139709,49.969093,3037800
1995-04-11,67.009071,67.687454,65.426178,65.878433,48.310822,9163700
1995-04-12,66.179939,66.179939,65.275429,65.727684,48.200268,4353200
1995-04-13,66.179939,67.084442,65.878433,66.179939,48.531914,3772800
1995-04-17,66.481438,66.632187,63.918663,64.069412,46.984203,5609300
1995-04-18,64.823174,64.973923,63.164906,63.617161,46.652569,4314900
1995-04-19,63.918663,64.672417,62.109642,64.672417,47.426411,4373000
1995-04-20,64.973923,64.973923,62.712650,63.164906,46.320915,3062300
1995-04-21,63.315655,63.617161,62.411148,63.014153,46.210361,3297300
1995-04-24,63.315655,65.727684,63.164906,65.426178,47.979176,3210400
1995-04-25,66.330688,67.838203,66.330688,67.385948,49.416325,4674800
1995-04-26,67.536697,69.797974,67.084442,69.496468,50.964039,3656400
1995-04-27,69.797974,70.099480,67.988953,68.893463,50.521851,2846000
1995-04-28,68.893463,69.194969,68.290459,68.591965,50.300732,2129600
1995-05-01,69.194969,69.496468,67.838203,67.988953,49.858536,2327100
1995-05-02,67.687454,68.591965,66.933693,68.441208,50.190174,2170600
1995-05-03,69.044212,69.948723,68.290459,69.647224,51.074608,2979600
1995-05-04,69.948723,71.456238,69.044212,70.099480,51.406261,4495800
1995-05-05,70.400978,70.400978,69.345718,69.948723,51.295692,1948600
1995-05-08,69.948723,71.154739,69.647224,70.400978,51.627357,1832100
1995-05-09,71.003983,71.003983,69.044212,69.797974,51.185143,2977400
1995-05-10,70.400978,70.853233,69.194969,70.551735,51.737911,2319400
1995-05-11,70.702484,71.154739,70.099480,71.154739,52.180115,1973300
1995-05-12,70.853233,72.209999,70.702484,71.154739,52.180115,2579100
1995-05-15,71.456238,73.717514,71.305489,73.566765,53.948929,3162700
1995-05-16,73.717514,74.471275,73.265259,73.717514,54.059483,2293200
1995-05-17,73.717514,73.868263,72.059250,72.511505,53.175064,2256700
1995-05-18,72.209999,72.511505,71.154739,71.154739,52.180115,2743000
1995-05-19,70.551735,71.003983,69.948723,70.702484,51.848461,2071700
1995-05-22,70.853233,72.662254,70.853233,72.059250,52.843422,1622100
1995-05-23,72.963753,75.074280,72.963753,74.772774,54.833332,3074200
1995-05-24,77.034050,77.184799,74.622025,75.225029,55.164993,4511800
1995-05-25,75.225029,75.225029,74.169769,74.471275,54.612244,1783700
1995-05-26,74.772774,74.772774,72.059250,73.114510,53.617279,2008000
1995-05-30,73.416008,73.717514,70.702484,71.003983,52.069557,2944800
1995-05-31,71.305489,72.360748,70.250229,72.209999,52.953957,2717300
1995-06-01,72.360748,74.019020,72.059250,73.717514,54.059483,1897100
1995-06-02,73.717514,75.828033,72.059250,72.360748,53.064533,4203200
1995-06-05,73.265259,73.868263,71.908493,72.209999,52.953957,2638600
1995-06-06,72.813004,73.717514,72.209999,72.360748,53.064533,2757300
1995-06-07,71.908493,72.511505,71.305489,71.757744,52.622318,2087400
1995-06-08,72.209999,73.114510,71.757744,73.114510,53.692013,2014300
1995-06-09,73.114510,73.566765,72.209999,72.963753,53.581306,1677800
1995-06-12,73.416008,73.566765,72.662254,72.963753,53.581306,1017000
1995-06-13,73.416008,74.019020,73.114510,73.566765,54.113583,2166600
1995-06-14,73.717514,73.717514,72.813004,73.114510,53.780895,1446600
1995-06-15,73.416008,74.019020,72.360748,72.963753,53.670033,2418900
1995-06-16,73.265259,73.566765,72.813004,73.114510,53.780895,2625400
1995-06-19,74.169769,77.787804,73.868263,77.787804,57.218456,4819500
1995-06-20,77.787804,78.692314,76.883293,78.089310,57.440254,3872300
1995-06-21,78.240059,78.843071,77.335548,78.692314,57.883793,3046500
1995-06-22,78.390816,80.953590,78.240059,80.652084,59.325344,3192200
1995-06-23,80.350586,81.255089,79.596825,81.104340,59.657993,1916300
1995-06-26,80.802841,81.104340,78.993820,79.747574,58.660011,2389900
1995-06-27,79.596825,80.350586,78.843071,78.993820,58.105572,2233700
1995-06-28,78.692314,78.692314,76.883293,77.486305,56.996681,2830900
1995-06-29,77.938560,80.802841,77.787804,79.898331,58.770897,2599800
1995-06-30,80.953590,81.858101,80.350586,80.953590,59.547119,2243400
1995-07-03,81.104340,82.611855,80.501335,82.611855,60.766895,1071900
1995-07-05,82.762611,83.817871,82.310356,83.214859,61.210457,2818400
1995-07-06,83.365616,84.873131,82.159599,84.722382,62.319324,2587900
1995-07-07,84.119370,85.476135,84.119370,85.023880,62.541100,2708900
1995-07-10,85.023880,85.174629,83.817871,84.571625,62.208447,2321200
1995-07-11,82.008850,85.325386,82.008850,85.023880,62.541100,3497000
1995-07-12,88.641922,91.355446,88.491165,91.204697,67.087524,6429700
1995-07-13,89.998680,91.656952,89.546425,90.752441,66.754875,3127700
1995-07-14,89.395676,91.807701,88.943420,91.355446,67.198433,2542300
1995-07-17,92.259956,95.124237,91.958450,93.616722,68.861748,3080400
1995-07-18,92.862961,92.862961,89.998680,91.053947,66.976646,3865800
1995-07-19,88.943420,89.847931,81.707344,87.888161,64.647995,7185400
1995-07-20,87.586655,88.340416,85.777641,88.340416,64.980659,3165400
1995-07-21,89.244926,92.259956,88.943420,91.656952,67.420204,4111700
1995-07-24,91.656952,95.274986,91.506195,94.219727,69.305321,2111500
1995-07-25,94.973488,96.631752,94.671982,94.822731,69.748871,2845400
1995-07-26,95.124237,96.179497,94.671982,95.274986,70.081490,1933300
1995-07-27,95.274986,96.179497,94.521233,95.124237,69.970642,1464600
1995-07-28,94.822731,95.124237,92.561462,93.918221,69.083504,1314800
1995-07-31,92.862961,93.164467,91.958450,92.259956,67.863731,1811500
1995-08-01,92.410706,92.561462,88.340416,90.300186,66.422226,2948700
1995-08-02,91.355446,91.506195,89.094177,89.094177,65.535095,3266300
1995-08-03,88.038910,90.450935,86.983650,90.149437,66.311317,2540000
1995-08-04,90.149437,91.355446,89.998680,90.601692,66.643990,1130300
1995-08-07,90.903191,91.506195,90.601692,90.601692,66.643990,892900
1995-08-08,91.506195,91.807701,90.903191,91.656952,67.420204,1184200
1995-08-09,92.862961,93.164467,91.807701,92.561462,68.085548,1478700
1995-08-10,92.862961,93.164467,90.903191,90.903191,66.865761,1280900
1995-08-11,91.958450,92.561462,91.204697,92.561462,68.085548,1217300
1995-08-14,92.561462,94.068977,91.958450,94.068977,69.194389,1123100
1995-08-15,94.068977,94.370476,92.712212,94.068977,69.194389,1196700
1995-08-16,94.521233,94.822731,93.315216,94.521233,69.527107,1118000
1995-08-17,94.521233,94.521233,92.862961,93.164467,68.529091,1358500
1995-08-18,93.465965,93.918221,92.109207,92.712212,68.196426,1339800
1995-08-21,92.862961,93.315216,89.094177,89.244926,65.645981,1554500
1995-08-22,89.847931,91.355446,89.244926,91.053947,66.976646,1614400
1995-08-23,90.601692,91.204697,90.149437,90.752441,66.754875,1148700
1995-08-24,90.752441,91.053947,88.943420,90.300186,66.422226,1390100
1995-08-25,89.998680,90.300186,87.737411,87.737411,64.537117,1716800
1995-08-28,87.737411,88.038910,85.325386,85.476135,62.873768,2163200
1995-08-29,85.476135,88.038910,82.762611,87.888161,64.647995,3916200
1995-08-30,88.491165,88.792671,86.983650,87.737411,64.537117,1733800
1995-08-31,88.340416,90.601692,87.737411,89.998680,66.200447,2001600
1995-09-01,90.300186,91.656952,89.546425,89.847931,66.089546,1773300
1995-09-05,89.998680,94.068977,89.998680,93.767471,68.972649,1812000
1995-09-06,94.671982,95.124237,93.013718,94.068977,69.194389,2011600
1995-09-07,94.973488,95.124237,93.918221,94.521233,69.527107,1847700
1995-09-08,94.521233,96.179497,93.616722,96.028748,70.636002,2073600
1995-09-11,96.179497,96.782501,94.973488,95.576492,70.303307,1604300
1995-09-12,95.877991,95.877991,94.370476,94.521233,69.527107,1619600
1995-09-13,94.370476,97.084007,94.068977,96.330246,70.948265,1998300
1995-09-14,96.481003,97.536263,95.274986,96.481003,71.059273,2047300
1995-09-15,96.481003,96.481003,93.767471,94.973488,69.949005,2600900
1995-09-18,95.124237,98.591522,94.671982,98.591522,72.613693,2439100
1995-09-19,98.440773,99.194527,97.234756,97.988518,72.169571,2265900
1995-09-20,98.893028,99.496033,97.084007,97.084007,71.503441,1461000
1995-09-21,96.782501,97.084007,94.370476,94.671982,69.726936,1735500
1995-09-22,93.767471,95.576492,93.767471,94.973488,69.949005,1605900
1995-09-25,95.274986,95.727242,93.013718,93.767471,69.060760,1467300
1995-09-26,93.767471,94.219727,92.410706,92.862961,68.394562,1809300
1995-09-27,91.506195,92.561462,89.395676,92.109207,67.839394,2457800
1995-09-28,92.259956,94.219727,91.204697,93.767471,69.060760,2421300
1995-09-29,94.219727,94.671982,91.807701,92.109207,67.839394,1661500
1995-10-02,92.109207,93.315216,91.506195,92.109207,67.839394,965100
1995-10-03,92.862961,92.862961,89.546425,90.300186,66.507072,2243400
1995-10-04,89.546425,89.546425,86.531395,86.832901,63.953373,2698100
1995-10-05,86.832901,88.641922,86.229897,86.682152,63.842361,3781300
1995-10-06,87.586655,87.737411,82.461105,82.913361,61.066570,5267200
1995-10-09,82.913361,85.476135,81.104340,83.214859,61.288647,5924500
1995-10-10,73.868263,78.541565,72.963753,77.184799,56.847431,15515100
1995-10-11,78.541565,79.898331,77.335548,77.637054,57.180534,6424700
1995-10-12,78.089310,78.541565,76.280289,77.184799,56.847431,4314400
1995-10-13,77.637054,77.787804,75.375778,76.280289,56.181213,5407500
1995-10-16,76.129539,77.787804,75.978790,77.637054,57.180534,3536000
1995-10-17,78.240059,81.104340,77.787804,80.953590,59.623184,3687600
1995-10-18,82.611855,83.064110,80.652084,81.405846,59.956272,4212500
1995-10-19,80.501335,80.501335,77.637054,78.390816,57.735687,5922200
1995-10-20,78.541565,78.993820,77.034050,77.637054,57.180534,2974000
1995-10-23,77.184799,79.446075,76.883293,78.843071,58.068779,2105100
1995-10-24,79.898331,80.049080,78.240059,78.993820,58.179806,2543000
1995-10-25,79.295319,79.446075,77.184799,77.335548,56.958469,2549200
1995-10-26,77.335548,78.390816,74.772774,78.089310,57.513634,2724900
1995-10-27,78.240059,79.898331,77.938560,79.446075,58.512909,2218800
1995-10-30,80.802841,80.802841,78.692314,78.843071,58.068779,2498000
1995-10-31,79.295319,80.199829,78.541565,79.295319,58.401909,2580400
1995-11-01,79.295319,79.295319,77.637054,78.390816,57.735687,2415200
1995-11-02,78.692314,81.104340,78.541565,81.104340,59.734215,2442600
1995-11-03,81.858101,82.611855,80.953590,82.461105,60.733501,2494200
1995-11-06,82.461105,82.611855,80.350586,80.350586,59.179092,1702800
1995-11-07,79.596825,80.350586,77.938560,79.898331,58.845982,3213800
1995-11-08,80.501335,80.953590,77.335548,78.089310,57.513634,3280700
1995-11-09,80.199829,81.707344,79.747574,81.556595,60.067326,2382300
1995-11-10,81.556595,82.762611,80.350586,81.707344,60.178360,2031600
1995-11-13,81.255089,81.707344,79.295319,79.596825,58.623917,1657100
1995-11-14,78.390816,79.295319,77.184799,77.335548,56.958469,2684300
1995-11-15,77.637054,77.787804,75.526535,77.034050,56.736412,4395300
1995-11-16,77.184799,77.938560,75.978790,76.581795,56.403324,2831700
1995-11-17,76.431046,76.732544,74.772774,76.732544,56.514328,3309400
1995-11-20,77.184799,77.486305,74.772774,75.375778,55.515053,2595300
1995-11-21,75.225029,75.225029,72.511505,73.717514,54.293747,5301100
1995-11-22,74.019020,74.622025,72.059250,72.209999,53.183437,4707400
1995-11-24,72.360748,74.772774,71.456238,74.772774,55.070961,2149100
1995-11-27,75.074280,75.225029,73.717514,74.019020,54.515804,3418500
1995-11-28,73.717514,78.390816,73.717514,77.938560,57.402596,3595000
1995-11-29,74.772774,75.677284,73.416008,73.717514,54.293747,8529900
1995-11-30,73.717514,75.526535,73.265259,74.169769,54.626835,4633000
1995-12-01,73.265259,73.265259,72.209999,72.813004,53.627571,4744600
1995-12-04,73.265259,73.868263,72.059250,73.265259,53.960655,3583500
1995-12-05,73.416008,74.320518,72.360748,73.265259,53.960655,3507900
1995-12-06,73.868263,74.169769,72.360748,72.511505,53.405491,3648200
1995-12-07,72.511505,74.019020,72.511505,73.566765,54.182720,2883500
1995-12-08,73.868263,74.169769,71.757744,74.019020,54.515804,4821900
1995-12-11,74.471275,75.225029,74.320518,74.772774,55.070961,2619900
1995-12-12,75.225029,75.375778,73.868263,74.169769,54.626835,1805600
1995-12-13,73.717514,73.868263,72.209999,72.209999,53.270039,3879900
1995-12-14,72.360748,72.662254,68.591965,69.194969,51.045834,11396800
1995-12-15,69.194969,70.400978,68.139709,69.044212,50.934620,7460000
1995-12-18,68.742714,69.044212,67.536697,67.838203,50.044933,3704200
1995-12-19,67.988953,70.400978,67.988953,70.250229,51.824318,4537500
1995-12-20,70.853233,71.003983,69.647224,70.099480,51.713127,3284700
1995-12-21,70.099480,70.551735,68.591965,69.044212,50.934620,3021200
1995-12-22,69.496468,69.797974,68.591965,69.345718,51.157055,2518700
1995-12-26,69.345718,69.647224,68.441208,69.647224,51.379475,1638600
1995-12-27,69.948723,70.099480,68.893463,69.194969,51.045834,1490200
1995-12-28,68.742714,69.797974,68.290459,68.591965,50.600990,1713300
1995-12-29,68.591965,69.044212,68.290459,68.742714,50.712208,2026800
1996-01-02,69.647224,71.305489,69.044212,71.154739,52.491592,2182200
1996-01-03,71.154739,71.154739,69.647224,69.647224,51.379475,2344900
1996-01-04,70.099480,71.003983,68.742714,70.853233,52.269157,3376700
1996-01-05,69.647224,70.250229,68.441208,68.742714,50.712208,4542800
1996-01-08,68.591965,69.194969,67.235199,67.838203,50.044933,2484600
1996-01-09,67.838203,67.838203,53.969059,55.024319,40.592010,7301700
1996-01-10,54.572067,61.808140,54.270561,60.149872,44.373169,23913100
1996-01-11,61.054382,61.355885,59.848370,60.451378,44.595592,7687700
1996-01-12,60.602127,60.602127,58.793110,59.546867,43.928345,5604000
1996-01-15,59.999123,60.149872,58.039352,58.340855,43.038643,3521500
1996-01-16,58.642357,59.245365,57.888599,58.642357,43.261074,5387600
1996-01-17,58.340855,60.752880,58.190102,59.697620,44.039547,4886100
1996-01-18,60.451378,61.205135,60.149872,60.752880,44.818027,3800900
1996-01-19,60.300625,61.808140,60.149872,61.506638,45.374069,3277400
1996-01-22,61.355885,64.823174,61.355885,64.069412,47.264668,3720300
1996-01-23,64.069412,64.069412,63.014153,63.918663,47.153469,3016600
1996-01-24,64.370918,64.973923,63.315655,64.823174,47.820721,3679600
1996-01-25,64.973923,65.576927,63.315655,63.767910,47.042248,2865600
1996-01-26,63.767910,64.370918,63.164906,64.220169,47.375866,1694900
1996-01-29,64.220169,64.370918,62.712650,63.918663,47.153469,2106000
1996-01-30,64.370918,65.275429,64.220169,65.124672,48.043148,2050900
1996-01-31,65.124672,65.275429,63.918663,65.124672,48.043148,2525200
1996-02-01,65.124672,67.838203,64.973923,67.536697,49.822521,3261400
1996-02-02,67.838203,67.988953,66.782944,67.235199,49.600098,2668000
1996-02-05,67.235199,70.099480,67.084442,69.797974,51.490677,2878700
1996-02-06,70.250229,71.154739,69.948723,71.154739,52.491592,3144400
1996-02-07,70.853233,70.853233,68.139709,69.496468,51.268250,3212800
1996-02-08,69.044212,69.345718,68.441208,68.742714,50.712208,2889800
1996-02-09,68.742714,68.742714,66.481438,67.536697,49.822521,2921500
1996-02-12,67.687454,68.742714,67.084442,67.988953,50.156147,2188500
1996-02-13,66.782944,67.988953,66.632187,67.385948,49.711304,2219800
1996-02-14,67.687454,68.591965,67.084442,67.235199,49.600098,1882900
1996-02-15,66.933693,67.235199,66.029182,66.179939,48.821613,1736600
1996-02-16,66.029182,66.782944,65.576927,66.632187,49.155254,1942200
1996-02-20,66.481438,68.742714,66.330688,67.687454,49.933723,2822900
1996-02-21,67.988953,69.044212,67.687454,69.044212,50.934620,1958200
1996-02-22,69.647224,71.003983,69.194969,70.551735,52.046734,2724000
1996-02-23,70.853233,71.003983,69.496468,70.400978,51.935524,2326000
1996-02-26,69.948723,70.702484,69.345718,69.647224,51.379475,1409000
1996-02-27,69.647224,70.099480,67.988953,68.441208,50.489784,1876500
1996-02-28,67.687454,69.044212,66.330688,67.084442,49.488876,2203800
1996-02-29,66.330688,66.782944,65.426178,65.426178,48.265568,2770800
1996-03-01,65.426178,65.426178,63.315655,64.370918,47.487091,3962300
1996-03-04,64.823174,65.426178,63.617161,63.918663,47.153469,2644500
1996-03-05,63.918663,65.727684,63.918663,65.727684,48.487980,2339900
1996-03-06,65.275429,65.576927,63.767910,63.767910,47.042248,2776900
1996-03-07,63.918663,64.069412,62.712650,63.164906,46.597416,3162200
1996-03-08,62.109642,65.124672,61.808140,63.918663,47.153469,4491700
1996-03-11,64.220169,65.124672,63.918663,64.370918,47.487091,2357800
1996-03-12,63.767910,64.973923,63.315655,64.973923,47.931927,1772000
1996-03-13,65.124672,65.576927,63.767910,64.069412,47.352547,1847300
1996-03-14,64.521667,65.426178,64.370918,64.973923,48.021069,1748100
1996-03-15,64.823174,67.084442,64.521667,67.084442,49.580898,3518100
1996-03-18,67.536697,67.988953,66.933693,67.536697,49.915176,2465800
1996-03-19,67.988953,68.290459,67.385948,67.988953,50.249428,1972900
1996-03-20,67.687454,67.687454,65.727684,66.330688,49.023834,2465700
1996-03-21,66.029182,66.179939,65.275429,65.727684,48.578136,1841000
1996-03-22,65.727684,66.029182,65.426178,65.878433,48.689579,1219000
1996-03-25,66.179939,66.632187,65.124672,65.275429,48.243896,1466100
1996-03-26,64.973923,66.330688,64.973923,65.124672,48.132484,2108700
1996-03-27,65.576927,66.330688,65.275429,65.576927,48.466724,2012200
1996-03-28,65.275429,65.426178,64.220169,64.370918,47.575390,2358300
1996-03-29,64.220169,64.370918,63.767910,63.918663,47.241127,2190000
1996-04-01,63.918663,63.918663,62.712650,63.164906,46.684063,2104200
1996-04-02,63.164906,63.617161,62.712650,62.863403,46.461220,2225500
1996-04-03,62.260395,63.164906,61.958893,62.863403,46.461220,2544900
1996-04-04,62.863403,63.617161,62.260395,62.411148,46.126965,2459400
1996-04-08,61.205135,63.164906,61.054382,63.014153,46.572636,3603800
1996-04-09,63.315655,63.918663,61.958893,63.315655,46.795471,2762600
1996-04-10,64.823174,68.441208,64.220169,67.838203,50.137997,7463300
1996-04-11,67.838203,68.290459,66.330688,66.933693,49.469521,3490100
1996-04-12,66.933693,67.235199,66.330688,66.481438,49.135246,1760400
1996-04-15,66.782944,68.742714,66.632187,68.742714,50.806522,2159400
1996-04-16,69.496468,70.400978,69.194969,70.099480,51.809265,4065500
1996-04-17,70.250229,70.250229,68.893463,69.345718,51.252178,1626900
1996-04-18,70.099480,72.511505,69.948723,72.511505,53.591969,5030900
1996-04-19,72.360748,72.360748,71.606995,72.209999,53.369129,1742400
1996-04-22,72.511505,72.963753,71.606995,71.757744,53.034863,1536400
1996-04-23,72.059250,74.471275,71.908493,74.471275,55.040390,3050200
1996-04-24,74.923523,76.431046,74.471275,76.280289,56.377342,4339200
1996-04-25,77.034050,77.787804,76.280289,77.034050,56.934494,3992000
1996-04-26,76.732544,76.883293,75.375778,75.526535,55.820301,2018000
1996-04-29,74.320518,75.225029,74.320518,74.471275,55.040390,1212800
1996-04-30,74.169769,75.375778,73.868263,73.868263,54.594727,1358700
1996-05-01,73.717514,74.923523,73.717514,74.320518,54.928959,1299300
1996-05-02,74.169769,74.923523,72.662254,73.114510,54.037624,1886200
1996-05-03,74.169769,76.129539,73.717514,75.526535,55.820301,3156600
1996-05-06,75.828033,75.828033,74.471275,75.677284,55.931725,1779900
1996-05-07,75.526535,75.677284,73.868263,74.245148,54.873264,1523500
1996-05-08,73.566765,74.169769,72.059250,73.868263,54.594727,2515300
1996-05-09,73.114510,73.566765,72.511505,72.813004,53.814793,1644000
1996-05-10,73.717514,73.717514,72.963753,73.114510,54.037624,1138800
1996-05-13,73.566765,76.129539,73.416008,76.129539,56.265987,2153700
1996-05-14,76.732544,77.034050,75.978790,76.581795,56.600254,2167100
1996-05-15,76.581795,77.787804,76.280289,76.431046,56.488815,2227100
1996-05-16,75.526535,77.034050,75.526535,76.732544,56.711655,1377000
1996-05-17,76.581795,78.240059,76.129539,77.787804,57.491566,2293800
1996-05-20,78.390816,79.596825,78.390816,79.295319,58.605789,3335300
1996-05-21,79.446075,79.898331,78.843071,79.144569,58.494343,2353000
1996-05-22,78.993820,79.144569,78.240059,78.843071,58.271503,1553200
1996-05-23,78.993820,79.295319,77.938560,78.240059,57.825840,1733500
1996-05-24,79.144569,79.144569,78.089310,78.541565,58.048672,1014600
1996-05-28,78.541565,79.295319,77.938560,78.692314,58.160103,1459000
1996-05-29,78.692314,78.692314,77.637054,77.787804,57.491566,1242500
1996-05-30,77.787804,79.144569,77.335548,79.144569,58.494343,1534900
1996-05-31,79.596825,80.953590,78.843071,80.501335,59.497097,2531000
1996-06-03,80.199829,80.350586,78.843071,78.843071,58.271503,1594400
1996-06-04,79.446075,79.898331,78.541565,78.993820,58.382927,1173200
1996-06-05,78.541565,79.295319,78.541565,78.993820,58.382927,1134400
1996-06-06,79.295319,79.446075,77.184799,77.335548,57.157333,1628200
1996-06-07,76.581795,79.596825,76.431046,79.596825,58.828602,1975000
1996-06-10,79.446075,79.596825,77.938560,78.843071,58.271503,1097000
1996-06-11,78.843071,79.596825,78.240059,78.240059,57.825840,1239100
1996-06-12,78.843071,79.596825,78.541565,79.295319,58.714371,1775700
1996-06-13,79.144569,79.144569,77.938560,78.240059,57.932980,1731200
1996-06-14,77.787804,77.938560,77.335548,77.938560,57.709736,1336400
1996-06-17,77.938560,78.089310,77.184799,77.486305,57.374886,1091700
1996-06-18,77.184799,77.335548,75.225029,75.225029,55.700489,1866200
1996-06-19,75.225029,75.828033,74.772774,75.526535,55.923748,1416400
1996-06-20,75.978790,76.883293,75.526535,76.732544,56.816772,1836200
1996-06-21,77.184799,77.184799,76.280289,77.184799,57.151646,1887100
1996-06-24,77.184799,77.184799,76.431046,76.431046,56.593483,1003700
1996-06-25,76.581795,76.581795,75.074280,75.225029,55.700489,1020700
1996-06-26,75.074280,75.074280,72.963753,73.868263,54.695892,1915500
1996-06-27,73.566765,75.375778,73.566765,75.375778,55.812141,1499300
1996-06-28,75.828033,76.431046,75.526535,75.677284,56.035389,1577000
1996-07-01,77.034050,78.089310,76.732544,77.787804,57.598095,2273700
1996-07-02,77.787804,78.240059,76.732544,78.089310,57.821327,2142900
1996-07-03,78.089310,79.446075,77.637054,79.295319,58.714371,1803400
1996-07-05,78.240059,79.747574,77.938560,79.446075,58.825981,1392100
1996-07-08,79.898331,82.611855,79.898331,81.707344,60.500366,5434300
1996-07-09,81.707344,81.858101,79.747574,80.199829,59.384083,2810400
1996-07-10,69.496468,70.250229,67.988953,69.797974,51.682030,15427100
1996-07-11,68.893463,69.044212,66.029182,67.385948,49.896042,7638400
1996-07-12,67.988953,68.290459,66.782944,67.235199,49.784397,3279800
1996-07-15,67.385948,67.536697,63.918663,64.370918,47.663567,3209000
1996-07-16,64.370918,65.275429,60.903633,63.164906,46.770557,5473100
1996-07-17,64.672417,66.782944,63.617161,65.878433,48.779808,4037400
1996-07-18,65.878433,66.782944,65.124672,66.632187,49.337933,2278700
1996-07-19,66.632187,67.235199,65.426178,65.727684,48.668179,1550200
1996-07-22,65.426178,65.426178,63.918663,64.672417,47.886818,2212800
1996-07-23,64.370918,64.973923,63.014153,63.767910,47.217052,2051300
1996-07-24,61.657391,63.918663,61.205135,63.315655,46.882183,2908600
1996-07-25,63.617161,64.220169,63.315655,64.069412,47.440300,1396400
1996-07-26,64.823174,66.179939,64.521667,66.029182,48.891426,1883900
1996-07-29,65.727684,66.179939,63.617161,63.767910,47.217052,1406100
1996-07-30,64.220169,65.275429,63.315655,65.275429,48.333309,1219300
1996-07-31,65.124672,66.029182,64.823174,65.124672,48.221687,1118000
1996-08-01,64.672417,65.727684,63.315655,65.576927,48.556564,1322600
1996-08-02,66.481438,68.290459,66.179939,68.290459,50.565792,2004000
1996-08-05,67.536697,67.988953,66.330688,66.632187,49.337933,1090300
1996-08-06,66.330688,67.385948,66.179939,66.933693,49.561169,1549300
1996-08-07,67.385948,69.496468,67.235199,69.044212,51.123909,2317300
1996-08-08,69.948723,70.702484,69.496468,69.797974,51.682030,2308500
1996-08-09,68.893463,69.194969,67.536697,67.838203,50.230911,1360000
1996-08-12,67.536697,68.290459,67.084442,67.838203,50.230911,1157100
1996-08-13,67.536697,67.536697,65.878433,66.179939,49.003040,1279900
1996-08-14,66.179939,67.084442,66.179939,66.255310,49.058868,1250000
1996-08-15,66.330688,67.687454,66.179939,67.235199,49.784397,1374800
1996-08-16,67.235199,67.235199,64.521667,65.124672,48.221687,2204000
1996-08-19,64.973923,66.029182,64.823174,65.878433,48.779808,1193100
1996-08-20,65.878433,66.029182,65.275429,65.878433,48.779808,1043900
1996-08-21,65.124672,66.029182,64.823174,66.029182,48.891426,1189600
1996-08-22,66.179939,66.481438,65.878433,66.481438,49.226303,1137700
1996-08-23,66.481438,67.235199,65.727684,65.878433,48.779808,1264500
1996-08-26,65.727684,66.330688,64.823174,65.426178,48.444935,888400
1996-08-27,65.426178,65.576927,65.124672,65.426178,48.444935,950400
1996-08-28,65.426178,65.727684,65.124672,65.275429,48.333309,990500
1996-08-29,64.973923,65.576927,64.672417,65.124672,48.221687,1006600
1996-08-30,65.275429,65.275429,64.220169,64.370918,47.663567,971700
1996-09-03,63.918663,64.672417,63.767910,64.370918,47.663567,1146700
1996-09-04,64.069412,64.521667,63.541782,63.617161,47.105431,921000
1996-09-05,63.466408,63.767910,62.109642,62.411148,46.212444,1841300
1996-09-06,62.561897,63.164906,61.657391,62.260395,46.100826,1744600
1996-09-09,62.712650,63.014153,60.903633,61.054382,45.207806,2319800
1996-09-10,61.506638,61.958893,61.054382,61.205135,45.319454,3220000
1996-09-11,61.205135,61.205135,56.381084,59.396114,44.084194,8597800
1996-09-12,58.340855,58.491608,57.587097,57.587097,42.741539,5584700
1996-09-13,58.340855,58.943859,58.190102,58.642357,43.524742,3838100
1996-09-16,58.943859,61.355885,58.793110,60.903633,45.203087,4154100
1996-09-17,61.355885,62.260395,60.903633,62.109642,46.098194,3603500
1996-09-18,62.109642,62.260395,61.355885,61.958893,45.986309,1881200
1996-09-19,61.958893,62.411148,61.657391,62.411148,46.321964,1745600
1996-09-20,62.260395,62.863403,61.958893,62.260395,46.210072,1943700
1996-09-23,62.260395,62.260395,61.205135,61.657391,45.762531,1228100
1996-09-24,61.958893,64.521667,61.958893,63.767910,47.328976,3004300
1996-09-25,63.918663,64.069412,62.863403,63.014153,46.769520,2366900
1996-09-26,62.863403,64.521667,62.863403,62.863403,46.657631,1879900
1996-09-27,62.712650,62.712650,61.958893,62.411148,46.321964,1478300
1996-09-30,62.411148,63.617161,62.109642,62.109642,46.098194,1283800
1996-10-01,62.109642,62.411148,61.054382,61.355885,45.538738,1529100
1996-10-02,61.506638,62.109642,61.054382,61.355885,45.538738,1521500
1996-10-03,61.205135,61.355885,59.697620,59.848370,44.419861,2653100
1996-10-04,60.149872,60.300625,57.888599,58.190102,43.189098,5212400
1996-10-07,58.190102,60.300625,58.190102,59.999123,44.531750,3895800
1996-10-08,59.546867,59.999123,58.039352,58.793110,43.636654,6139100
1996-10-09,59.094612,59.697620,58.340855,59.094612,43.860420,3592600
1996-10-10,58.943859,59.396114,57.888599,58.190102,43.189098,3053400
1996-10-11,58.491608,59.245365,58.190102,58.793110,43.636654,2224000
1996-10-14,59.094612,59.697620,58.642357,59.094612,43.860420,1978600
1996-10-15,59.396114,59.848370,57.587097,57.737850,42.853409,4088800
1996-10-16,57.587097,59.245365,57.285595,59.245365,43.972328,3548300
1996-10-17,59.396114,59.546867,57.888599,57.888599,42.965309,2372000
1996-10-18,58.793110,59.094612,58.340855,58.793110,43.636654,2329700
1996-10-21,58.793110,59.396114,58.190102,58.190102,43.189098,2338200
1996-10-22,58.190102,58.642357,57.737850,58.190102,43.189098,1984000
1996-10-23,57.737850,59.094612,57.737850,57.888599,42.965309,1723600
1996-10-24,58.943859,58.943859,57.587097,57.888599,42.965309,1860400
1996-10-25,57.888599,58.039352,57.134842,57.285595,42.517773,2054400
1996-10-28,57.285595,57.285595,56.079582,56.079582,41.622650,2011200
1996-10-29,55.778080,55.928829,54.722816,55.175072,40.951317,3111500
1996-10-30,55.175072,55.778080,54.722816,55.325825,41.063206,2412600
1996-10-31,55.476574,56.230331,54.873569,55.476574,41.175087,2065300
1996-11-01,55.476574,55.627327,53.969059,54.421314,40.391865,3770100
1996-11-04,54.722816,54.873569,53.667557,53.969059,40.056213,2419900
1996-11-05,53.969059,56.079582,53.215302,55.928829,41.510765,2989000
1996-11-06,55.778080,57.285595,55.627327,56.531837,41.958313,3098100
1996-11-07,56.230331,58.943859,56.079582,58.190102,43.189098,3439000
1996-11-08,58.491608,58.642357,57.888599,58.491608,43.412865,2057900
1996-11-11,58.642357,60.451378,58.190102,60.300625,44.755535,2708000
1996-11-12,62.561897,63.617161,61.205135,62.712650,46.545757,6395500
1996-11-13,62.863403,63.014153,61.657391,62.561897,46.433857,2664800
1996-11-14,64.823174,66.029182,62.712650,65.878433,48.895416,4870900
1996-11-15,66.029182,66.029182,63.617161,64.823174,48.112194,3382200
1996-11-18,64.823174,65.124672,64.069412,64.521667,47.888432,1680100
1996-11-19,64.521667,66.481438,64.370918,66.481438,49.342976,2935000
1996-11-20,66.481438,66.782944,65.878433,66.179939,49.119190,2607200
1996-11-21,66.330688,66.330688,64.521667,64.973923,48.224075,1600700
1996-11-22,65.124672,67.084442,64.973923,66.179939,49.119190,1965300
1996-11-25,66.029182,66.179939,65.426178,66.179939,49.119190,1814300
1996-11-26,65.878433,66.029182,64.370918,64.973923,48.224075,2000300
1996-11-27,64.672417,67.385948,64.370918,67.235199,49.902409,2712400
1996-11-29,67.235199,67.385948,65.426178,66.782944,49.566746,819700
1996-12-02,66.179939,68.139709,66.029182,67.838203,50.349953,2185900
1996-12-03,67.838203,69.044212,66.330688,66.632187,49.454865,2687200
1996-12-04,66.330688,66.933693,65.124672,66.179939,49.119190,1777000
1996-12-05,66.029182,66.179939,64.370918,64.672417,48.000298,1456300
1996-12-06,62.260395,65.878433,62.109642,64.672417,48.000298,2672400
1996-12-09,64.973923,66.481438,64.973923,66.029182,49.007294,1955500
1996-12-10,66.933693,67.988953,66.481438,66.632187,49.454865,3144900
1996-12-11,65.426178,66.029182,64.370918,64.823174,48.216930,2535300
1996-12-12,65.878433,66.632187,64.370918,64.672417,48.104782,2265400
1996-12-13,64.370918,65.426178,64.220169,64.823174,48.216930,1517900
1996-12-16,65.727684,65.878433,64.973923,64.973923,48.329063,2109700
1996-12-17,64.672417,65.426178,64.370918,64.521667,47.992676,2002200
1996-12-18,64.823174,68.441208,64.823174,67.988953,50.571693,3555700
1996-12-19,68.290459,69.496468,67.084442,69.345718,51.580902,3501100
1996-12-20,71.003983,71.154739,69.044212,69.496468,51.693024,3436500
1996-12-23,71.003983,71.606995,70.400978,71.003983,52.814320,3420200
1996-12-24,71.305489,73.114510,71.305489,72.813004,54.159946,1746900
1996-12-26,73.265259,76.732544,73.114510,76.431046,56.851086,2978700
1996-12-27,75.828033,75.978790,73.868263,74.320518,55.281239,1904100
1996-12-30,74.320518,75.526535,74.320518,74.622025,55.505505,1475900
1996-12-31,74.622025,75.526535,73.717514,73.868263,54.944870,1602000
1997-01-02,74.169769,74.169769,71.305489,72.209999,53.711411,2730800
1997-01-03,72.963753,74.622025,72.813004,74.622025,55.505505,2320000
1997-01-06,74.772774,75.225029,73.265259,74.471275,55.393394,2534600
1997-01-07,74.169769,74.622025,73.114510,74.169769,55.169106,2000100
1997-01-08,75.526535,77.184799,74.923523,76.732544,57.075390,5550500
1997-01-09,77.184799,78.390816,75.526535,78.390816,58.308842,4055400
1997-01-10,79.295319,82.008850,78.390816,80.049080,59.542290,9800200
1997-01-13,79.295319,80.049080,78.993820,79.295319,58.981625,2843400
1997-01-14,79.446075,81.255089,79.446075,80.802841,60.102951,2840300
1997-01-15,80.802841,81.405846,80.199829,80.953590,60.215092,2890900
1997-01-16,81.405846,83.214859,81.104340,82.762611,61.560684,4036000
1997-01-17,83.064110,84.119370,82.762611,83.365616,62.009205,2936600
1997-01-20,83.064110,83.064110,81.255089,81.405846,60.551483,2055700
1997-01-21,79.898331,83.667114,79.898331,82.310356,61.224277,3279200
1997-01-22,83.214859,84.119370,82.913361,83.667114,62.233494,2725400
1997-01-23,83.516365,83.968620,81.858101,81.858101,60.887878,2429800
1997-01-24,82.159599,82.310356,79.446075,79.898331,59.430164,2820900
1997-01-27,79.747574,79.747574,76.581795,78.089310,58.084545,2733800
1997-01-28,79.446075,81.405846,79.144569,80.652084,59.990818,2508000
1997-01-29,80.652084,80.953590,79.144569,79.596825,59.205891,1191000
1997-01-30,79.596825,81.104340,79.596825,80.350586,59.766563,1251100
1997-01-31,80.501335,83.214859,80.501335,82.310356,61.224277,2303600
1997-02-03,81.104340,81.858101,80.350586,80.501335,59.878693,1294400
1997-02-04,80.049080,82.159599,80.049080,81.556595,60.663628,2511900
1997-02-05,81.255089,81.255089,75.074280,77.486305,57.636036,3503000
1997-02-06,77.486305,80.802841,77.184799,80.049080,59.542290,3045100
1997-02-07,80.501335,81.255089,78.843071,80.652084,59.990818,1939000
1997-02-10,79.446075,82.461105,79.446075,81.405846,60.551483,2499200
1997-02-11,80.199829,80.802841,74.772774,76.581795,56.963245,5810500
1997-02-12,76.883293,77.787804,74.169769,76.883293,57.187492,4680100
1997-02-13,76.280289,76.732544,75.375778,75.978790,56.514713,3577600
1997-02-14,76.129539,77.486305,75.828033,76.280289,56.738968,2350300
1997-02-18,75.828033,76.280289,74.923523,74.923523,55.729778,1602600
1997-02-19,74.772774,76.280289,74.471275,75.526535,56.178337,1638200
1997-02-20,74.923523,75.828033,70.400978,72.059250,53.599277,3490400
1997-02-21,72.059250,72.511505,70.702484,71.305489,53.038616,2764300
1997-02-24,70.551735,72.209999,70.551735,70.853233,52.702190,1882500
1997-02-25,70.250229,70.551735,68.441208,69.194969,51.468742,4468100
1997-02-26,70.551735,70.702484,68.290459,70.551735,52.477951,3051300
1997-02-27,70.853233,70.853233,66.933693,66.933693,49.786774,2856600
1997-02-28,66.933693,68.441208,66.330688,67.536697,50.235302,3348200
1997-03-03,67.687454,68.290459,66.933693,67.235199,50.011044,1563600
1997-03-04,67.536697,70.250229,66.933693,68.893463,51.244476,3442900
1997-03-05,69.797974,70.099480,68.441208,69.496468,51.693024,2205600
1997-03-06,69.345718,71.606995,69.345718,70.853233,52.702190,3349900
1997-03-07,71.456238,72.511505,71.305489,71.606995,53.262867,2221300
1997-03-10,71.606995,72.059250,69.496468,69.647224,51.805157,1200900
1997-03-11,70.099480,71.606995,69.647224,69.797974,51.917290,1738300
1997-03-12,69.194969,70.250229,68.290459,68.893463,51.350952,2296100
1997-03-13,68.290459,69.044212,67.235199,67.235199,50.114944,1431800
1997-03-14,68.290459,68.290459,66.481438,66.632187,49.665493,1446900
1997-03-17,66.330688,66.782944,65.124672,66.632187,49.665493,2070200
1997-03-18,66.933693,68.139709,65.576927,67.536697,50.339676,2040900
1997-03-19,66.933693,67.235199,65.878433,66.179939,49.328400,1855600
1997-03-20,66.481438,68.591965,66.179939,68.290459,50.901520,2198200
1997-03-21,68.139709,68.139709,66.632187,67.687454,50.452045,2072800
1997-03-24,67.084442,69.345718,66.481438,69.194969,51.575699,1994300
1997-03-25,70.551735,72.059250,70.400978,70.400978,52.474628,3066700
1997-03-26,71.456238,75.074280,71.305489,73.039131,54.440994,4512800
1997-03-27,72.963753,75.225029,72.511505,73.265259,54.609562,3066400
1997-03-31,72.813004,73.717514,71.757744,72.963753,54.384830,2227500
1997-04-01,72.209999,72.813004,71.606995,71.908493,53.598282,2251700
1997-04-02,71.305489,71.908493,70.400978,71.003983,52.924061,1897800
1997-04-03,70.250229,71.908493,70.099480,71.757744,53.485912,1660900
1997-04-04,70.853233,72.662254,70.853233,72.059250,53.710644,2118500
1997-04-07,72.813004,74.923523,72.662254,73.717514,54.946659,1991800
1997-04-08,73.566765,73.717514,70.250229,71.757744,53.485912,3608200
1997-04-09,71.456238,72.813004,70.853233,71.154739,53.036438,2283200
1997-04-10,71.003983,72.662254,70.250229,72.209999,53.822998,1905800
1997-04-11,71.154739,72.209999,69.948723,70.400978,52.474628,1681700
1997-04-14,70.551735,71.154739,69.044212,70.853233,52.811687,1578600
1997-04-15,71.908493,71.908493,70.099480,70.702484,52.699352,1238500
1997-04-16,70.702484,71.606995,70.551735,71.305489,53.148811,1051700
1997-04-17,71.154739,71.908493,69.647224,70.099480,52.249897,1241900
1997-04-18,70.099480,70.400978,67.988953,68.290459,50.901520,1464400
1997-04-21,68.591965,69.345718,66.782944,67.687454,50.452045,1391400
1997-04-22,67.838203,69.496468,66.782944,69.496468,51.800423,1788600
1997-04-23,69.194969,71.003983,69.044212,70.099480,52.249897,1394600
1997-04-24,70.551735,71.154739,69.345718,69.948723,52.137527,1515800
1997-04-25,69.496468,69.647224,66.481438,66.782944,49.777847,1839900
1997-04-28,66.179939,67.235199,66.179939,66.782944,49.777847,1768800
1997-04-29,69.948723,70.099480,68.441208,68.591965,51.126221,1789100
1997-04-30,68.139709,69.797974,67.988953,68.893463,51.350952,2403100
1997-05-01,69.345718,70.702484,68.742714,68.742714,51.238590,2036500
1997-05-02,69.496468,73.265259,69.194969,72.511505,54.047737,2899200
1997-05-05,72.511505,76.280289,72.360748,76.129539,56.744499,4510700
1997-05-06,75.375778,75.828033,73.114510,73.566765,54.834309,3077800
1997-05-07,73.416008,75.828033,73.416008,74.019020,55.171394,2270300
1997-05-08,73.717514,75.074280,72.662254,72.662254,54.160095,1745000
1997-05-09,73.114510,74.772774,72.813004,74.772774,55.733204,2170600
1997-05-12,75.074280,77.184799,74.772774,76.732544,57.193981,4228600
1997-05-13,77.034050,77.637054,74.923523,75.225029,56.070290,3274500
1997-05-14,75.677284,77.335548,75.526535,76.732544,57.193981,2165100
1997-05-15,76.732544,77.787804,76.431046,77.486305,57.755783,1695100
1997-05-16,76.883293,77.034050,75.375778,75.677284,56.407425,2021000
1997-05-19,75.526535,76.129539,74.923523,75.225029,56.070290,1224800
1997-05-20,74.471275,76.732544,74.471275,76.581795,57.081596,1633000
1997-05-21,77.034050,78.089310,76.883293,77.637054,57.868137,2031800
1997-05-22,77.335548,77.637054,76.581795,76.581795,57.081596,1285600
1997-05-23,76.732544,78.692314,76.732544,78.692314,58.654713,2173900
1997-05-27,78.240059,80.350586,78.089310,80.350586,59.890728,2618600
1997-05-28,80.049080,81.858101,79.747574,81.405846,60.677284,2856900
1997-05-29,81.405846,81.707344,80.199829,80.199829,59.778370,1792000
1997-05-30,77.938560,80.350586,77.938560,80.049080,59.666000,2958400
1997-06-02,79.898331,81.104340,79.747574,80.501335,60.003113,1264500
1997-06-03,79.747574,80.049080,78.541565,78.843071,58.767078,1403100
1997-06-04,78.390816,78.993820,77.184799,78.843071,58.767078,1853100
1997-06-05,78.993820,80.199829,78.692314,79.144569,58.991783,1319400
1997-06-06,79.144569,80.652084,78.993820,80.501335,60.003113,1367600
1997-06-09,80.802841,81.405846,80.501335,80.802841,60.227818,1886900
1997-06-10,80.802841,81.255089,79.898331,80.199829,59.778370,1716900
1997-06-11,80.802841,83.667114,80.501335,82.762611,61.688568,3511900
1997-06-12,82.461105,84.270126,82.008850,83.365616,62.246918,3094900
1997-06-13,83.214859,85.023880,83.064110,84.420876,63.034801,3877200
1997-06-16,84.571625,84.873131,83.968620,84.119370,62.809696,1710500
1997-06-17,84.119370,86.832901,83.968620,85.626884,63.935329,3442500
1997-06-18,85.023880,87.435905,84.722382,87.285156,65.173492,2579800
1997-06-19,86.682152,86.832901,85.325386,85.476135,63.822758,2068200
1997-06-20,86.229897,86.682152,85.626884,86.682152,64.723267,2242200
1997-06-23,86.380646,86.682152,85.023880,85.023880,63.485096,1368400
1997-06-24,85.626884,86.380646,83.817871,86.079140,64.273003,1501100
1997-06-25,87.888161,90.601692,86.832901,90.450935,67.537323,4645700
1997-06-26,90.752441,93.767471,90.601692,92.561462,69.113190,4310300
1997-06-27,93.239838,95.199615,92.561462,92.712212,69.225731,2996700
1997-06-30,92.410706,92.712212,89.697182,91.807701,68.550385,2927800
1997-07-01,91.958450,93.164467,90.827820,91.958450,68.662956,2005300
1997-07-02,92.862961,95.576492,92.636833,95.048859,70.970428,3310000
1997-07-03,96.179497,97.084007,95.651863,97.008629,72.433762,2002300
1997-07-07,96.631752,98.666901,96.481003,96.933258,72.377502,2710200
1997-07-08,96.782501,100.099037,95.727242,99.496033,74.291061,5113400
1997-07-09,103.717072,104.923088,102.661812,103.717072,77.442818,7503900
1997-07-10,103.189445,103.943199,100.852798,102.360313,76.429710,4202100
1997-07-11,102.360313,103.566322,101.681931,102.661812,76.654839,2373200
1997-07-14,102.360313,103.641701,102.058807,102.511063,76.542274,2762100
1997-07-15,103.114067,105.526093,102.586441,105.073837,78.455833,4055800
1997-07-16,106.053726,109.144135,105.676842,108.465752,80.988495,3121300
1997-07-17,106.732109,107.636612,106.279854,107.335114,80.144279,2748000
1997-07-18,104.923088,104.998466,97.687012,98.893028,73.840828,5223800
1997-07-21,98.591522,98.817650,94.068977,95.124237,71.026741,5697400
1997-07-22,96.481003,96.933258,95.425735,96.933258,72.377502,4125500
1997-07-23,97.159386,98.139267,95.576492,95.576492,71.364418,2602900
1997-07-24,97.084007,97.385506,95.576492,96.028748,71.702087,3717900
1997-07-25,96.104118,96.254875,93.767471,95.576492,71.364418,2001900
1997-07-28,95.727242,95.802620,94.295105,94.596603,70.632759,1406600
1997-07-29,93.541344,93.993599,91.883080,92.410706,69.000610,2523400
1997-07-30,92.862961,97.611633,92.787590,97.536263,72.827721,3193000
1997-07-31,98.290016,98.893028,96.104118,96.933258,72.377502,1999600
1997-08-01,96.707130,97.460884,94.596603,97.385506,72.715149,1935200
1997-08-04,98.139267,101.908058,97.687012,100.551292,75.078979,2367300
1997-08-05,100.928169,102.435684,100.702042,100.852798,75.304077,1799500
1997-08-06,100.852798,100.852798,98.893028,99.119156,74.009621,1765300
1997-08-07,100.400543,100.702042,97.687012,98.063889,73.221718,1780000
1997-08-08,96.707130,97.611633,94.822731,96.707130,72.208633,1726000
1997-08-11,96.707130,96.782501,94.370476,96.405624,71.983528,1377500
1997-08-12,96.481003,99.269905,95.802620,96.481003,72.039780,1757400
1997-08-13,98.063889,98.139267,95.501114,96.933258,72.377502,1844900
1997-08-14,97.234756,99.496033,96.481003,99.496033,74.291061,1733400
1997-08-15,98.666901,98.666901,96.481003,96.556374,72.096069,1259500
1997-08-18,95.576492,96.481003,94.219727,96.405624,71.983528,1575100
1997-08-19,96.481003,97.310135,95.274986,96.179497,71.814682,2160000
1997-08-20,95.877991,96.104118,94.068977,95.576492,71.364418,2685600
1997-08-21,95.953369,97.837761,95.274986,96.481003,72.039780,2636900
1997-08-22,95.425735,96.179497,94.068977,95.727242,71.477005,1830300
1997-08-25,95.727242,97.687012,95.048859,95.953369,71.645851,1633000
1997-08-26,95.274986,95.727242,93.239838,93.541344,69.844849,2018100
1997-08-27,93.315216,93.616722,89.546425,91.656952,68.437828,3864200
1997-08-28,88.868050,91.280067,88.340416,89.998680,67.199623,2643100
1997-08-29,89.847931,89.847931,88.340416,88.491165,66.074013,1748400
1997-09-02,89.169548,92.410706,88.943420,92.410706,69.000610,2619600
1997-09-03,92.259956,93.541344,90.601692,90.752441,67.762421,1638200
1997-09-04,91.355446,92.033829,89.395676,90.375565,67.481041,1499100
1997-09-05,91.129318,92.787590,90.224808,92.410706,69.000610,2871200
1997-09-08,93.465965,93.767471,92.184578,93.013718,69.450851,1649700
1997-09-09,92.712212,94.219727,92.561462,92.636833,69.169456,1802300
1997-09-10,91.807701,92.184578,89.697182,89.697182,66.974503,1369800
1997-09-11,89.621803,91.204697,79.596825,79.596825,59.432850,2093700
1997-09-12,85.023880,85.023880,82.385727,83.440987,62.416668,11557500
1997-09-15,84.119370,84.194748,80.501335,80.802841,60.443241,3378600
1997-09-16,81.631973,83.139488,81.255089,82.837982,61.965576,2821800
1997-09-17,83.214859,83.214859,79.596825,79.596825,59.541100,3327300
1997-09-18,79.973701,81.631973,79.898331,80.124458,59.935768,2745300
1997-09-19,81.255089,81.255089,79.747574,80.275208,60.048550,2362800
1997-09-22,81.104340,81.330467,80.199829,81.330467,60.837917,2143200
1997-09-23,81.405846,83.064110,81.255089,82.234978,61.514519,3170700
1997-09-24,83.742493,84.194748,83.214859,83.516365,62.473068,2735200
1997-09-25,84.345497,84.873131,82.611855,82.988731,62.078354,2050600
1997-09-26,83.667114,83.817871,81.481216,82.611855,61.796421,1502500
1997-09-29,82.762611,85.702263,82.385727,85.250008,63.769829,2719100
1997-09-30,85.626884,87.511284,85.325386,86.682152,64.841133,2866800
1997-10-01,86.832901,88.415794,86.003769,86.380646,64.615616,2308900
1997-10-02,86.380646,86.682152,83.516365,84.194748,62.980492,2433300
1997-10-03,85.325386,87.511284,85.174629,87.059029,65.123077,2627700
1997-10-06,88.114288,88.189667,85.626884,85.626884,64.051735,2214200
1997-10-07,86.229897,89.697182,86.229897,88.265038,66.025192,4662600
1997-10-08,88.792671,89.923309,88.340416,89.697182,67.096504,2218200
1997-10-09,89.244926,90.677063,88.717293,90.074059,67.378410,1583700
1997-10-10,89.923309,90.375565,89.094177,89.244926,66.758186,1109600
1997-10-13,90.074059,90.450935,88.792671,89.546425,66.983727,1170400
1997-10-14,89.471054,89.471054,86.380646,87.511284,65.461342,1587000
1997-10-15,86.832901,86.832901,84.571625,85.023880,63.600735,2475400
1997-10-16,85.325386,85.777641,83.214859,84.270126,63.036846,2141400
1997-10-17,83.893242,84.420876,81.556595,82.913361,62.021950,3044100
1997-10-20,83.365616,84.270126,82.008850,84.043999,62.867767,1421800
1997-10-21,84.270126,85.400757,81.255089,82.762611,61.909191,3460700
1997-10-22,83.440987,84.797752,82.008850,82.159599,61.458122,2004000
1997-10-23,79.596825,80.727463,78.390816,78.843071,58.977257,5191800
1997-10-24,80.350586,80.501335,72.436127,76.883293,57.511265,5775700
1997-10-27,75.149651,76.280289,69.873352,71.154739,53.226131,4566100
1997-10-28,70.551735,75.828033,67.536697,75.300407,56.327244,6877300
1997-10-29,75.677284,76.581795,72.888382,74.245148,55.537857,3142700
1997-10-30,72.436127,73.868263,69.948723,70.174850,52.493134,5235900
1997-10-31,73.491386,75.074280,72.813004,74.772774,55.932537,3556100
1997-11-03,75.903412,77.184799,75.903412,76.732544,57.398510,1922600
1997-11-04,76.732544,78.541565,76.054161,78.013931,58.357040,1706000
1997-11-05,78.240059,79.295319,76.732544,77.863182,58.244255,1490300
1997-11-06,77.184799,77.335548,75.752663,76.054161,56.891029,1819800
1997-11-07,75.903412,75.903412,73.868263,75.074280,56.158085,2561100
1997-11-10,75.375778,76.807922,74.395897,74.395897,55.650600,1913800
1997-11-11,74.697403,76.958672,74.697403,75.375778,56.383614,1567200
1997-11-12,74.772774,76.129539,73.943642,73.943642,55.312328,2610900
1997-11-13,74.019020,76.581795,74.019020,75.677284,56.609131,2316500
1997-11-14,76.204918,78.390816,75.225029,77.863182,58.244255,1819000
1997-11-17,79.596825,80.199829,78.993820,79.898331,59.766640,1637800
1997-11-18,79.596825,79.822952,77.109421,77.109421,57.680447,1402900
1997-11-19,77.109421,78.390816,76.280289,76.506416,57.229347,1694800
1997-11-20,76.581795,80.049080,76.355667,79.295319,59.315548,2245100
1997-11-21,79.898331,81.104340,79.596825,80.953590,60.556007,2676300
1997-11-24,80.350586,81.631973,77.184799,77.410927,57.905956,2248600
1997-11-25,78.390816,79.596825,76.657173,78.164688,58.469807,2115300
1997-11-26,78.918442,79.672203,76.280289,76.506416,57.229347,1801200
1997-11-28,76.506416,76.581795,75.752663,75.828033,56.721924,1042300
1997-12-01,76.129539,80.124458,76.129539,80.049080,59.879406,2027800
1997-12-02,79.295319,79.295319,75.978790,76.732544,57.398510,2511200
1997-12-03,75.978790,78.616943,75.601906,78.089310,58.413406,2977400
1997-12-04,78.843071,78.843071,74.169769,74.998901,56.101681,2897700
1997-12-05,74.998901,77.034050,74.169769,75.225029,56.270836,3131900
1997-12-08,75.752663,77.787804,75.375778,76.204918,57.003807,1908700
1997-12-09,75.752663,77.034050,74.772774,74.923523,56.045307,1253800
1997-12-10,73.868263,73.868263,71.154739,72.209999,54.015495,4755200
1997-12-11,71.003983,72.285378,67.913582,67.913582,50.903648,5874500
1997-12-12,69.873352,70.174850,66.481438,67.385948,50.508163,4761700
1997-12-15,67.536697,70.325607,66.330688,69.873352,52.372559,4099600
1997-12-16,70.174850,71.003983,67.310570,67.838203,50.847126,3580800
1997-12-17,67.762825,68.893463,65.275429,65.350800,48.982754,5322900
1997-12-18,67.084442,68.290459,66.104561,67.310570,50.451641,4756500
1997-12-19,67.235199,70.476357,66.556816,70.250229,52.655041,4657700
1997-12-22,70.551735,71.757744,68.968842,69.873352,52.372559,2567600
1997-12-23,69.647224,70.099480,67.310570,67.385948,50.508163,1781100
1997-12-24,67.687454,68.365837,66.782944,66.933693,50.169189,949400
1997-12-26,67.461327,67.838203,67.009071,67.536697,50.621166,634800
1997-12-29,68.441208,68.591965,66.707565,67.612076,50.677647,2234900
1997-12-30,68.441208,69.270340,68.290459,68.893463,51.638088,2152800
1997-12-31,68.893463,69.948723,68.667336,68.968842,51.694614,1773100
1998-01-02,69.571846,70.476357,69.421097,70.099480,52.542076,1341600
1998-01-05,70.400978,72.963753,70.250229,71.757744,53.784981,2847700
1998-01-06,71.757744,72.888382,70.174850,70.853233,53.106998,1889600
1998-01-07,70.325607,70.476357,68.441208,70.250229,52.655041,1913300
1998-01-08,70.174850,71.230110,69.119591,69.647224,52.203053,2128400
1998-01-09,69.496468,70.024101,66.104561,66.933693,50.169189,3154100
1998-01-12,65.953812,67.009071,64.823174,65.727684,49.265232,3375200
1998-01-13,66.933693,69.496468,65.727684,69.345718,51.977085,5426400
1998-01-14,69.345718,69.345718,66.933693,68.667336,51.468613,2672900
1998-01-15,68.441208,68.742714,67.159821,67.385948,50.508163,1669800
1998-01-16,68.290459,68.290459,66.632187,67.687454,50.734146,2089500
1998-01-20,68.742714,69.496468,67.687454,69.270340,51.920574,1921800
1998-01-21,68.742714,69.873352,68.215080,69.722595,52.259556,2181500
1998-01-22,68.516586,69.194969,67.913582,68.215080,51.129631,1765400
1998-01-23,68.818085,68.968842,66.406067,66.632187,49.943203,2223500
1998-01-26,67.461327,68.667336,67.009071,68.365837,51.242626,1458100
1998-01-27,68.441208,69.270340,68.290459,68.591965,51.412121,1608100
1998-01-28,69.345718,72.662254,69.194969,72.209999,54.123974,4026000
1998-01-29,72.285378,73.566765,71.305489,72.285378,54.180458,2608000
1998-01-30,72.737625,73.039131,71.682365,71.833122,53.841492,1618000
1998-02-02,72.813004,75.074280,72.813004,74.923523,56.157852,2278900
1998-02-03,74.923523,78.240059,74.622025,77.938560,58.417702,3209900
1998-02-04,77.184799,78.315437,75.451157,78.089310,58.530716,2253000
1998-02-05,78.390816,79.446075,77.184799,77.486305,58.078766,2460900
1998-02-06,77.034050,77.787804,75.677284,76.581795,57.400787,2207800
1998-02-09,77.109421,77.410927,75.677284,76.054161,57.005291,992700
1998-02-10,76.204918,79.069191,75.752663,78.315437,58.700203,2783300
1998-02-11,76.581795,77.787804,73.642136,74.320518,55.705860,6136800
1998-02-12,74.923523,75.677284,73.039131,74.395897,55.762348,3894500
1998-02-13,74.697403,75.601906,73.868263,73.943642,55.423412,1585500
1998-02-17,74.772774,75.375778,73.416008,73.717514,55.253876,1757700
1998-02-18,73.943642,74.848152,73.416008,74.094391,55.536362,1541900
1998-02-19,74.697403,74.697403,72.662254,73.566765,55.140923,2735100
1998-02-20,73.566765,73.868263,72.209999,72.586876,54.406437,2923000
1998-02-23,73.491386,73.566765,71.606995,72.963753,54.688942,5148900
1998-02-24,69.345718,71.908493,68.441208,69.496468,52.090065,8110300
1998-02-25,69.496468,69.948723,68.818085,69.496468,52.090065,5000000
1998-02-26,69.044212,69.797974,68.667336,69.044212,51.751110,3520600
1998-02-27,68.365837,68.516586,67.084442,67.084442,50.282173,4702200
1998-03-02,67.687454,68.290459,67.385948,67.461327,50.564667,3320000
1998-03-03,67.084442,68.441208,67.009071,67.838203,50.847126,3211700
1998-03-04,67.988953,69.496468,66.406067,67.084442,50.282173,4063900
1998-03-05,67.612076,68.064331,66.406067,67.385948,50.508163,3860300
1998-03-06,63.617161,65.124672,62.712650,63.918663,47.909325,11102100
1998-03-09,64.521667,64.823174,63.617161,63.994038,47.965805,3403600
1998-03-10,64.295540,64.597046,63.089527,63.843288,47.852814,2978300
1998-03-11,63.994038,65.576927,63.918663,65.124672,48.924152,2669500
1998-03-12,65.652306,66.858315,65.501556,66.481438,49.943420,2859900
1998-03-13,66.933693,68.591965,66.858315,67.838203,50.962658,3062100
1998-03-16,67.838203,68.818085,67.612076,68.215080,51.245796,1993700
1998-03-17,68.215080,68.215080,65.350800,66.104561,49.660294,2902200
1998-03-18,65.576927,66.556816,65.049301,65.803055,49.433784,2740700
1998-03-19,65.803055,66.632187,65.803055,66.179939,49.716927,2105500
1998-03-20,66.029182,66.104561,65.200050,65.350800,49.094036,2377000
1998-03-23,65.124672,65.878433,64.973923,64.973923,48.810898,2143500
1998-03-24,65.200050,67.385948,65.124672,66.707565,50.113300,2678300
1998-03-25,68.139709,68.893463,67.310570,68.139709,51.189186,3530100
1998-03-26,68.441208,69.119591,67.385948,68.441208,51.415680,2043000
1998-03-27,68.818085,69.647224,68.441208,69.345718,52.095173,2867200
1998-03-30,68.742714,69.421097,68.742714,69.270340,52.038532,2425000
1998-03-31,70.777855,73.265259,70.702484,73.265259,55.039692,7092200
1998-04-01,72.511505,73.189880,70.853233,72.963753,54.813190,4795700
1998-04-02,72.360748,74.320518,72.209999,72.586876,54.530056,2994900
1998-04-03,72.888382,72.888382,71.908493,72.586876,54.530056,2748300
1998-04-06,72.586876,73.114510,71.682365,72.209999,54.246929,2452300
1998-04-07,67.536697,68.742714,63.994038,64.521667,48.471172,9683400
1998-04-08,64.370918,66.481438,64.220169,66.255310,49.773540,3839200
1998-04-09,66.255310,66.556816,64.747795,65.124672,48.924152,2402800
1998-04-13,65.124672,65.350800,64.069412,64.672417,48.584419,1697400
1998-04-14,64.370918,66.104561,64.370918,66.104561,49.660294,1868200
1998-04-15,66.104561,68.290459,66.029182,67.762825,50.906059,2782300
1998-04-16,67.084442,67.385948,66.406067,66.632187,50.056679,1686600
1998-04-17,67.461327,68.742714,67.009071,68.742714,51.642155,2507600
1998-04-20,69.044212,69.270340,67.988953,68.968842,51.812065,2402300
1998-04-21,69.194969,69.722595,68.516586,69.345718,52.095173,1999100
1998-04-22,68.742714,70.325607,68.215080,70.024101,52.604816,2350000
1998-04-23,68.667336,69.194969,67.838203,67.838203,50.962658,1894300
1998-04-24,67.838203,69.873352,67.536697,69.421097,52.151802,1980700
1998-04-27,67.385948,69.044212,67.235199,67.762825,50.906059,2182300
1998-04-28,68.290459,68.516586,66.406067,67.385948,50.622921,1902700
1998-04-29,67.084442,68.968842,66.782944,67.461327,50.679531,2655800
1998-04-30,67.838203,68.441208,66.782944,67.235199,50.509686,2331300
1998-05-01,66.933693,68.215080,66.481438,67.687454,50.849403,1389600
1998-05-04,67.687454,69.345718,67.536697,68.591965,51.528934,2029700
1998-05-05,68.365837,69.119591,67.536697,67.762825,50.906059,1819700
1998-05-06,67.612076,68.365837,67.084442,67.235199,50.509686,1591400
1998-05-07,66.933693,67.988953,66.782944,67.310570,50.566273,1323900
1998-05-08,66.782944,68.441208,66.782944,68.441208,51.415680,2016900
1998-05-11,68.667336,68.667336,66.707565,67.385948,50.622921,1765900
1998-05-12,67.235199,67.461327,66.330688,67.385948,50.622921,1900300
1998-05-13,70.551735,71.833122,69.194969,71.606995,53.793941,6431100
1998-05-14,71.757744,72.209999,69.270340,70.250229,52.774673,3725200
1998-05-15,69.948723,70.174850,69.270340,69.421097,52.151802,1927200
1998-05-18,69.345718,69.948723,67.084442,68.139709,51.189186,1595600
1998-05-19,68.742714,68.893463,66.858315,67.084442,50.396412,1861800
1998-05-20,66.707565,67.159821,65.727684,66.029182,49.603653,2253600
1998-05-21,65.953812,69.194969,65.727684,66.707565,50.113300,4795000
1998-05-22,66.406067,66.707565,65.501556,66.481438,49.943420,2393800
1998-05-26,66.858315,67.310570,64.672417,65.426178,49.150669,2690000
1998-05-27,64.823174,65.426178,63.617161,64.521667,48.471172,4051300
1998-05-28,63.994038,64.521667,63.089527,64.220169,48.244671,2132700
1998-05-29,64.672417,64.823174,63.843288,63.918663,48.018158,1895200
1998-06-01,63.391033,63.692535,61.582012,62.712650,47.112144,2999000
1998-06-02,63.315655,64.220169,62.486523,63.315655,47.565159,2588300
1998-06-03,63.843288,63.918663,61.054382,61.280510,46.036274,2365400
1998-06-04,61.205135,62.486523,61.129757,62.109642,46.659145,1919200
1998-06-05,62.561897,63.315655,61.355885,61.431263,46.149544,4848900
1998-06-08,62.109642,62.863403,61.638546,62.712650,47.112144,1682000
1998-06-09,62.712650,63.240280,62.260395,62.486523,46.942253,2195800
1998-06-10,62.109642,62.260395,60.451378,60.451378,45.413399,1879500
1998-06-11,60.375999,60.677505,58.943859,59.396114,44.727726,2396800
1998-06-12,59.396114,60.602127,58.793110,60.451378,45.522377,2454000
1998-06-15,60.149872,61.054382,59.094612,59.169987,44.557446,1806500
1998-06-16,59.471493,60.375999,58.868484,60.375999,45.465622,2031000
1998-06-17,60.828255,61.129757,59.094612,59.245365,44.614212,1825500
1998-06-18,58.566982,60.526752,58.566982,60.375999,45.465622,1955200
1998-06-19,60.677505,60.677505,59.471493,59.999123,45.181812,1418700
1998-06-22,60.225250,61.431263,59.396114,61.355885,46.203522,1623900
1998-06-23,61.883518,63.164906,61.808140,62.712650,47.225204,2623300
1998-06-24,63.541782,65.803055,63.391033,65.501556,49.325375,3216400
1998-06-25,65.576927,66.255310,63.767910,63.843288,48.076630,2386100
1998-06-26,63.843288,64.446297,63.089527,63.315655,47.679321,1130700
1998-06-29,63.617161,65.124672,63.466408,64.973923,48.928040,2015600
1998-06-30,64.672417,64.747795,63.164906,63.391033,47.736065,1752900
1998-07-01,63.391033,63.843288,62.938778,63.843288,48.076630,1621600
1998-07-02,63.315655,63.391033,62.486523,62.788025,47.281967,1250700
1998-07-06,63.315655,64.823174,63.315655,64.597046,48.644230,2049100
1998-07-07,64.597046,66.330688,64.069412,66.330688,49.949745,3076400
1998-07-08,66.179939,66.179939,62.637276,62.938778,47.395519,4115800
1998-07-09,61.883518,63.692535,61.657391,63.014153,47.452248,2604400
1998-07-10,62.863403,63.240280,62.034267,62.712650,47.225204,1341100
1998-07-13,62.109642,63.240280,61.996578,62.938778,47.395519,1998300
1998-07-14,62.712650,62.938778,62.109642,62.109642,46.771111,1782300
1998-07-15,62.109642,65.426178,62.034267,65.124672,49.041573,2922900
1998-07-16,66.104561,66.481438,64.973923,65.652306,49.438885,2414100
1998-07-17,65.652306,65.652306,64.220169,64.747795,48.757763,1397800
1998-07-20,65.124672,66.255310,64.823174,65.501556,49.325375,1955500
1998-07-21,66.330688,67.988953,63.014153,63.541782,47.849583,4921100
1998-07-22,63.466408,64.069412,62.712650,63.541782,47.849583,2451000
1998-07-23,62.863403,64.370918,62.260395,62.260395,46.884663,1755500
1998-07-24,62.712650,63.164906,60.677505,61.808140,46.544079,2119000
1998-07-27,61.280510,62.411148,60.677505,61.054382,45.976490,1408000
1998-07-28,60.602127,61.808140,60.300625,60.375999,45.465622,2197000
1998-07-29,60.602127,60.979008,59.697620,59.848370,45.068302,1509500
1998-07-30,60.526752,62.486523,60.149872,62.411148,46.998173,1522700
1998-07-31,62.486523,64.370918,62.185020,63.014153,47.452248,2393700
1998-08-03,63.014153,64.823174,62.712650,63.617161,47.906353,2326600
1998-08-04,64.220169,64.973923,61.054382,61.431263,46.260281,2423200
1998-08-05,60.903633,62.637276,59.697620,61.732765,46.487312,2351000
1998-08-06,60.979008,63.617161,60.903633,63.315655,47.679321,2354100
1998-08-07,63.843288,65.350800,63.014153,65.049301,48.984806,2745400
1998-08-10,64.521667,65.727684,64.220169,64.597046,48.644230,2227700
1998-08-11,63.918663,63.918663,62.260395,62.561897,47.111698,2835600
1998-08-12,62.712650,63.617161,62.185020,62.561897,47.111698,1752500
1998-08-13,62.863403,63.391033,60.752880,60.903633,45.862957,1471100
1998-08-14,61.506638,62.109642,59.923744,59.999123,45.181812,1648800
1998-08-17,60.300625,62.712650,59.772995,62.411148,46.998173,1294500
1998-08-18,62.109642,63.315655,61.883518,62.863403,47.338745,1536700
1998-08-19,62.561897,63.014153,60.979008,61.205135,46.089993,1232800
1998-08-20,60.677505,60.979008,59.396114,59.999123,45.181812,1705500
1998-08-21,59.396114,59.697620,58.491608,58.717735,44.216873,1759200
1998-08-24,58.793110,59.848370,58.793110,59.396114,44.727726,1190800
1998-08-25,59.999123,62.109642,59.923744,61.054382,45.976490,2412700
1998-08-26,60.375999,61.129757,59.848370,60.375999,45.465622,1227200
1998-08-27,59.320740,59.622242,56.682587,57.888599,43.592514,2761000
1998-08-28,57.888599,58.340855,55.476574,55.627327,41.889668,2489900
1998-08-31,55.401199,55.627327,51.557034,51.783161,38.994854,2817600
1998-09-01,51.858536,52.461544,49.748016,51.255531,38.597530,3508700
1998-09-02,51.557034,52.160042,50.049519,50.652527,38.143440,2330200
1998-09-03,48.918880,50.200272,48.089748,48.089748,36.213562,2547300
1998-09-04,48.768131,49.069633,47.109863,48.089748,36.213562,1838900
1998-09-08,48.089748,51.858536,48.089748,51.858536,39.051617,2490200
1998-09-09,51.406284,52.763046,50.501774,50.652527,38.143440,2163300
1998-09-10,49.748016,50.351021,49.295761,50.200272,37.802879,2028300
1998-09-11,49.748016,50.954029,49.371136,49.898766,37.684471,1865200
1998-09-14,50.954029,55.175072,50.954029,55.175072,41.669239,2541100
1998-09-15,54.044434,54.572067,52.160042,52.989174,40.018406,1620400
1998-09-16,54.496689,57.662472,54.195187,56.984089,43.035435,2795800
1998-09-17,54.496689,57.360970,54.421314,55.476574,41.896935,2107100
1998-09-18,55.551952,56.682587,54.572067,56.079582,42.352325,1748500
1998-09-21,53.366055,59.019238,53.366055,58.491608,44.173931,1922200
1998-09-22,59.019238,59.019238,56.230331,57.360970,43.320072,2073600
1998-09-23,57.511723,58.491608,56.531837,58.039352,43.832378,1572400
1998-09-24,57.888599,59.019238,56.984089,58.491608,44.173931,2015300
1998-09-25,57.888599,58.717735,56.381084,56.833340,42.921597,1553400
1998-09-28,56.456459,56.607212,53.592182,54.119812,40.872269,2627900
1998-09-29,54.119812,55.325825,52.612297,53.742931,40.587650,1942800
1998-09-30,53.139927,53.366055,50.501774,51.707787,39.050674,2037900
1998-10-01,50.426399,51.180157,49.446514,49.672638,37.513691,1966100
1998-10-02,49.597263,50.124893,47.863621,48.240501,36.432110,2846100
1998-10-05,48.240501,48.843506,46.280731,46.506859,35.122829,2700300
1998-10-06,53.064548,53.667557,50.049519,50.426399,38.082951,6695300
1998-10-07,50.426399,53.215302,49.748016,52.763046,39.847610,4000400
1998-10-08,50.426399,54.270561,50.049519,53.893684,40.701504,3756000
1998-10-09,52.763046,55.024319,52.763046,54.722816,41.327690,1899100
1998-10-12,55.476574,56.833340,55.250446,56.531837,42.693886,1674600
1998-10-13,55.853455,56.381084,53.592182,54.044434,40.815361,1185300
1998-10-14,53.893684,57.511723,53.818306,56.230331,42.466183,1783600
1998-10-15,56.230331,58.416229,55.551952,57.587097,43.490852,1886700
1998-10-16,59.094612,60.375999,58.642357,59.094612,44.629349,3259200
1998-10-19,58.793110,59.923744,57.888599,59.396114,44.857037,1682600
1998-10-20,59.396114,60.451378,58.190102,58.340855,44.060093,2680200
1998-10-21,58.717735,59.622242,58.190102,59.019238,44.572430,1447600
1998-10-22,58.793110,58.793110,56.682587,57.360970,43.320072,1863400
1998-10-23,56.833340,58.793110,56.757965,56.984089,43.035435,1246800
1998-10-26,58.943859,59.697620,57.662472,59.094612,44.629349,1644000
1998-10-27,60.149872,61.732765,59.848370,60.149872,45.426296,2672500
1998-10-28,59.772995,62.411148,59.697620,61.808140,46.678638,2158700
1998-10-29,62.411148,63.918663,61.582012,62.637276,47.304832,2071300
1998-10-30,62.712650,63.240280,61.808140,62.712650,47.361752,1659400
1998-11-02,62.411148,64.898544,61.883518,64.370918,48.614105,2049300
1998-11-03,64.823174,65.124672,62.863403,63.240280,47.760223,1967100
1998-11-04,63.918663,65.652306,63.617161,65.124672,49.183353,2651100
1998-11-05,64.295540,65.878433,63.994038,65.200050,49.240292,2136400
1998-11-06,64.898544,66.933693,64.597046,65.727684,49.638771,2566200
1998-11-09,65.124672,65.124672,63.089527,64.370918,48.614105,2315800
1998-11-10,63.843288,65.200050,63.843288,64.898544,49.012585,1506800
1998-11-11,64.973923,66.406067,63.767910,64.370918,48.614105,2111300
1998-11-12,64.220169,64.898544,63.541782,64.446297,48.671024,1468300
1998-11-13,64.446297,67.536697,64.144791,66.330688,50.094158,3644500
1998-11-16,66.933693,69.948723,66.782944,69.948723,52.826572,4576700
1998-11-17,69.345718,70.476357,68.215080,69.722595,52.655762,3058100
1998-11-18,69.345718,70.250229,69.044212,69.345718,52.371181,1604200
1998-11-19,69.496468,71.305489,69.421097,70.250229,53.054268,2442000
1998-11-20,71.682365,74.546646,71.154739,74.320518,56.128212,5159800
1998-11-23,74.395897,74.622025,72.888382,74.245148,56.071308,3007700
1998-11-24,72.360748,73.566765,72.059250,72.963753,55.103573,2684200
1998-11-25,73.566765,75.300407,72.963753,73.868263,55.786678,2712400
1998-11-27,74.094391,74.320518,72.888382,73.114510,55.217453,730000
1998-11-30,75.375778,77.034050,74.622025,74.622025,56.355907,4343500
1998-12-01,73.792892,76.204918,73.416008,76.054161,57.437508,3049200
1998-12-02,75.526535,75.828033,74.395897,75.677284,57.152882,1646400
1998-12-03,73.717514,77.561676,73.642136,74.019020,55.900520,3928600
1998-12-04,74.848152,75.978790,72.963753,74.697403,56.412846,2148600
1998-12-07,74.697403,74.697403,72.813004,74.622025,56.355907,7749300
1998-12-08,74.169769,75.978790,72.662254,73.416008,55.445107,3930200
1998-12-09,73.491386,73.566765,70.777855,72.436127,54.705097,2202900
1998-12-10,71.154739,71.908493,68.742714,69.421097,52.428104,2488500
1998-12-11,67.612076,69.421097,67.612076,68.818085,52.081242,1545800
1998-12-14,68.139709,68.591965,66.632187,67.084442,50.769253,1710500
1998-12-15,67.310570,68.742714,66.707565,67.461327,51.054462,2671600
1998-12-16,68.290459,70.250229,67.235199,69.345718,52.480576,3552100
1998-12-17,69.873352,72.059250,68.893463,72.059250,54.534157,2712000
1998-12-18,72.360748,72.662254,70.777855,71.003983,53.735535,1983300
1998-12-21,71.531616,73.868263,71.380867,72.737625,55.047550,2308400
1998-12-22,73.943642,74.169769,71.305489,71.606995,54.191887,2068200
1998-12-23,71.908493,72.813004,71.380867,71.908493,54.420071,2462000
1998-12-24,71.757744,72.662254,71.606995,72.285378,54.705288,583500
1998-12-28,73.114510,73.340637,72.360748,72.662254,54.990501,1101600
1998-12-29,73.189880,73.943642,72.436127,73.717514,55.789104,1790700
1998-12-30,73.717514,74.546646,73.491386,73.566765,55.675041,1758700
1998-12-31,73.717514,74.546646,73.416008,73.642136,55.732094,1187600
1999-01-04,75.903412,78.390816,75.451157,78.390816,59.325871,3820100
1999-01-05,77.787804,82.310356,77.637054,82.008850,62.063969,4142400
1999-01-06,82.913361,83.440987,80.275208,82.008850,62.063969,4075400
1999-01-07,80.350586,82.837982,80.275208,82.310356,62.292160,3008700
1999-01-08,83.742493,85.626884,82.762611,83.968620,63.547138,4355500
1999-01-11,84.420876,86.229897,83.516365,84.194748,63.718246,3413100
1999-01-12,84.571625,84.647003,81.330467,81.405846,61.607639,4472300
1999-01-13,79.446075,86.682152,78.692314,85.476135,64.687996,5204500
1999-01-14,86.229897,86.229897,79.898331,80.199829,60.694923,9231200
1999-01-15,82.536484,83.817871,81.933472,83.064110,62.862598,3837700
1999-01-19,83.893242,84.345497,81.104340,83.817871,63.433056,2581700
1999-01-20,84.722382,87.360527,84.119370,86.305267,65.315506,5010900
1999-01-21,85.400757,86.229897,82.008850,82.913361,62.748524,2240600
1999-01-22,81.405846,84.270126,80.802841,83.214859,62.976700,2103700
1999-01-25,83.440987,84.420876,83.365616,84.119370,63.661217,2375400
1999-01-26,84.119370,87.435905,83.817871,86.305267,65.315506,2945600
1999-01-27,87.059029,87.662033,85.023880,85.023880,64.345749,2322900
1999-01-28,85.626884,87.963539,85.626884,87.435905,66.171127,2369500
1999-01-29,87.435905,88.641922,86.606773,87.134399,65.942970,2413200
1999-02-01,87.209778,87.511284,84.043999,84.270126,63.775284,1564800
1999-02-02,83.667114,84.270126,82.008850,83.667114,63.318962,1844000
1999-02-03,83.064110,84.194748,82.234978,84.194748,63.718246,2258000
1999-02-04,83.365616,84.119370,81.104340,82.084229,62.121033,1992600
1999-02-05,80.802841,81.104340,77.637054,80.124458,60.637882,2596800
1999-02-08,82.008850,83.139488,80.802841,82.385727,62.349201,2405600
1999-02-09,83.214859,84.194748,79.596825,79.672203,60.295586,3114600
1999-02-10,79.672203,80.049080,77.561676,78.918442,59.725182,2738700
1999-02-11,80.350586,81.707344,79.672203,81.104340,61.379429,2473000
1999-02-12,80.350586,81.405846,78.390816,78.390816,59.325871,2630400
1999-02-16,79.596825,79.898331,76.807922,78.466187,59.382915,1870600
1999-02-17,78.466187,79.822952,76.355667,76.581795,57.956802,2855900
1999-02-18,78.390816,81.179718,76.807922,80.049080,60.580845,3099800
1999-02-19,79.596825,82.762611,79.446075,81.255089,61.493549,1779300
1999-02-22,82.008850,84.345497,81.179718,84.043999,63.604198,2278900
1999-02-23,83.516365,84.647003,82.611855,83.667114,63.318962,1888600
1999-02-24,84.647003,89.772552,84.496254,87.285156,66.057045,6201500
1999-02-25,86.229897,86.682152,84.722382,86.380646,65.372536,3034800
1999-02-26,84.797752,84.948509,82.310356,84.722382,64.117592,2691600
1999-03-01,83.968620,83.968620,80.953590,81.933472,62.006927,2399800
1999-03-02,83.064110,83.742493,81.104340,81.481216,61.664661,2237600
1999-03-03,81.556595,82.687233,78.993820,79.973701,60.523796,2485900
1999-03-04,79.672203,82.310356,78.843071,80.802841,61.151279,2074100
1999-03-05,82.837982,83.968620,82.084229,83.742493,63.375999,1854000
1999-03-08,83.742493,85.928391,83.365616,85.626884,64.802124,2123000
1999-03-09,85.023880,87.812782,84.571625,86.079140,65.144371,2819700
1999-03-10,84.873131,85.325386,82.385727,84.420876,63.889397,1946700
1999-03-11,85.023880,85.551514,82.310356,83.516365,63.313412,2200300
1999-03-12,83.516365,83.516365,81.707344,81.782722,61.999149,1778200
1999-03-15,80.275208,82.837982,79.672203,82.008850,62.170551,1802300
1999-03-16,82.611855,85.023880,82.385727,84.420876,63.999065,2502500
1999-03-17,85.551514,85.928391,83.742493,83.817871,63.541977,2059900
1999-03-18,85.325386,89.094177,84.797752,87.586655,66.399078,3987600
1999-03-19,88.566544,90.300186,85.626884,86.908279,65.884804,3166100
1999-03-22,86.757523,89.094177,86.305267,86.908279,65.884804,2101100
1999-03-23,85.702263,85.853012,84.270126,84.420876,63.999065,2628700
1999-03-24,85.626884,86.832901,84.647003,86.380646,65.484825,2563700
1999-03-25,87.134399,87.888161,86.003769,87.209778,66.113358,3079600
1999-03-26,87.209778,93.315216,86.606773,90.149437,68.341904,6618500
1999-03-29,89.847931,92.486084,89.621803,90.827820,68.856140,2737000
1999-03-30,90.827820,92.486084,90.601692,90.677063,68.741890,3764700
1999-03-31,90.978569,92.033829,88.038910,88.340416,66.970467,2610900
1999-04-01,89.546425,90.149437,87.586655,89.244926,67.656174,2230900
1999-04-05,90.375565,92.787590,89.772552,92.712212,70.284729,2880700
1999-04-06,92.712212,95.576492,91.883080,92.712212,70.284729,3510800
1999-04-07,93.993599,96.104118,93.465965,94.671982,71.770416,3841200
1999-04-08,94.671982,99.345276,93.918221,98.290016,74.513252,5459800
1999-04-09,100.626671,100.928169,99.496033,100.099037,75.884689,4953900
1999-04-12,98.893028,99.496033,97.611633,98.365395,74.570396,3699100
1999-04-13,98.365395,100.249786,96.707130,100.023659,75.827530,3207300
1999-04-14,102.511063,103.717072,99.496033,100.249786,75.998917,10300800
1999-04-15,98.893028,98.968399,93.465965,96.707130,73.313263,4785900
1999-04-16,97.084007,97.913139,95.501114,96.330246,73.027557,2754600
1999-04-19,96.481003,97.084007,88.943420,92.335335,69.999008,3609000
1999-04-20,92.561462,93.465965,89.094177,91.355446,69.256195,2870200
1999-04-21,91.656952,97.084007,91.355446,96.707130,73.313263,4309300
1999-04-22,99.119156,99.194527,96.556374,98.290016,74.513252,3257600
1999-04-23,97.988518,98.365395,94.671982,97.913139,74.227531,1784300
1999-04-26,96.631752,99.948288,96.556374,98.139267,74.398949,1668200
1999-04-27,99.269905,99.269905,94.671982,94.671982,71.770416,1704900
1999-04-28,95.501114,95.576492,93.315216,93.616722,70.970436,1771700
1999-04-29,93.918221,96.179497,93.390594,94.370476,71.541862,2614800
1999-04-30,95.953369,96.631752,93.692093,96.481003,73.141823,2204400
1999-05-03,96.179497,98.591522,95.651863,98.365395,74.570396,1803200
1999-05-04,97.084007,98.139267,94.068977,94.219727,71.427582,1560000
1999-05-05,94.219727,97.159386,91.883080,96.933258,73.484734,1588200
1999-05-06,96.481003,96.481003,93.164467,94.973488,71.999001,1585400
1999-05-07,95.048859,96.104118,92.184578,93.692093,71.027588,3010600
1999-05-10,96.330246,98.742271,95.576492,98.742271,74.856110,2873100
1999-05-11,100.099037,104.018578,99.571404,103.566322,78.513191,4947800
1999-05-12,103.415573,105.224594,100.702042,104.847710,79.484581,3474000
1999-05-13,105.450722,107.184364,103.114067,103.114067,78.170326,2579800
1999-05-14,101.003548,102.209557,99.496033,99.948288,75.770370,2385200
1999-05-17,98.742271,99.571404,97.385506,99.269905,75.256096,1896800
1999-05-18,101.305054,102.737190,100.702042,102.209557,77.484634,2126100
1999-05-19,102.511063,103.717072,101.229675,102.511063,77.713249,1715100
1999-05-20,102.511063,103.490944,100.249786,100.249786,75.998917,1431300
1999-05-21,100.702042,104.923088,100.325165,103.792450,78.684624,2031400
1999-05-24,103.867828,105.601471,103.114067,104.169327,78.970306,3148700
1999-05-25,104.320084,104.320084,94.822731,95.274986,72.227577,3993300
1999-05-26,97.988518,99.797531,96.481003,98.893028,74.970383,4213200
1999-05-27,97.762390,99.194527,95.576492,96.556374,73.198959,2113800
1999-05-28,96.631752,99.872910,95.727242,99.872910,75.713219,1688400
1999-06-01,99.571404,100.099037,94.973488,94.973488,71.999001,1345500
1999-06-02,96.104118,100.099037,95.501114,99.722160,75.598946,2555100
1999-06-03,99.872910,101.455803,99.043777,99.797531,75.656082,1676200
1999-06-04,100.249786,106.204475,100.249786,105.978348,80.341736,2513300
1999-06-07,104.923088,104.998466,102.511063,103.566322,78.513191,1336600
1999-06-08,103.792450,105.149216,100.475914,101.380424,76.856064,1412700
1999-06-09,101.455803,103.717072,101.455803,102.134186,77.427490,1415600
1999-06-10,101.908058,101.983429,99.496033,99.571404,75.484673,1414500
1999-06-11,100.099037,103.189445,99.722160,100.551292,76.338455,2521800
1999-06-14,101.983429,104.470833,100.928169,103.566322,78.627464,2170600
1999-06-15,103.717072,108.541122,103.717072,108.465752,82.347130,3688000
1999-06-16,108.842628,109.445633,107.259735,108.164246,82.118202,3262800
1999-06-17,107.184364,109.747139,106.958237,108.993378,82.747704,1810900
1999-06-18,109.370262,112.988297,108.993378,112.309914,85.265602,3955900
1999-06-21,113.365173,116.530960,112.686790,116.455582,88.412994,2796200
1999-06-22,114.269684,116.606331,112.762169,112.762169,85.608948,2123500
1999-06-23,112.460663,112.912918,110.274765,110.350143,83.777756,2245800
1999-06-24,110.124016,110.350143,106.279854,107.335114,81.488731,2590700
1999-06-25,108.541122,109.144135,107.335114,108.541122,82.404343,1952100
1999-06-28,108.993378,111.028526,108.918007,110.802399,84.121117,1916100
1999-06-29,110.802399,113.817429,110.651649,113.817429,86.410126,1890600
1999-06-30,112.762169,115.626450,111.330032,114.269684,86.753456,2969600
1999-07-01,114.345062,118.867607,113.742050,118.566101,90.015297,2912400
1999-07-02,118.264603,119.545990,116.983215,118.566101,90.015297,1585200
1999-07-06,117.736969,119.696739,116.380203,116.907837,88.756332,1607400
1999-07-07,116.229454,117.510841,112.837547,114.269684,86.753456,2978000
1999-07-08,114.948067,118.641479,114.948067,118.113846,89.671936,2597400
1999-07-09,119.093735,120.827377,118.339973,120.224373,91.274239,3102100
1999-07-12,120.148994,120.224373,118.415352,119.395241,90.644768,2658400
1999-07-13,118.189224,118.942986,115.626450,116.380203,88.355751,2141100
1999-07-14,114.269684,115.777199,112.837547,114.420433,86.867874,4836000
1999-07-15,117.284714,120.601250,116.229454,119.998245,91.102585,4441900
1999-07-16,120.073616,120.073616,117.586220,117.586220,89.271378,2447200
1999-07-19,117.586220,117.586220,113.666679,114.118935,86.639008,2110600
1999-07-20,114.345062,114.345062,108.691879,109.144135,82.862122,3742400
1999-07-21,109.747139,114.420433,109.144135,112.159164,85.151138,3254300
1999-07-22,113.063675,113.365173,107.636612,108.767250,82.576004,2309600
1999-07-23,110.350143,110.651649,106.581352,107.938118,81.946526,2771600
1999-07-26,107.787369,108.541122,106.279854,106.279854,80.687592,2504900
1999-07-27,107.184364,111.857658,104.772339,111.556160,84.693336,3032300
1999-07-28,110.048637,112.008408,108.314995,110.953148,84.235565,3273000
1999-07-29,108.541122,110.274765,107.410492,109.370262,83.033836,2538600
1999-07-30,109.445633,111.103905,108.842628,110.048637,83.548836,1847800
1999-08-02,110.953148,113.968178,110.651649,112.008408,85.036690,3398700
1999-08-03,113.063675,113.214424,103.792450,109.445633,83.091042,3668500
1999-08-04,110.651649,111.028526,107.711990,109.445633,83.091042,3381400
1999-08-05,107.335114,107.787369,104.320084,106.129097,80.573120,2809400
1999-08-06,105.827599,108.465752,105.752220,107.033607,81.259819,1644200
1999-08-09,106.581352,110.048637,104.696960,109.897888,83.434402,1507600
1999-08-10,109.144135,109.144135,105.224594,106.732109,81.030945,1921800
1999-08-11,107.938118,112.159164,107.259735,111.857658,84.922287,2039000
1999-08-12,111.556160,111.556160,105.676842,105.827599,80.344223,2431800
1999-08-13,108.691879,112.159164,107.561241,112.159164,85.151138,2392300
1999-08-16,111.103905,111.330032,110.048637,110.651649,84.006668,1256400
1999-08-17,109.219505,109.671761,107.711990,108.164246,82.118202,1824400
1999-08-18,108.088867,108.993378,106.505981,106.958237,81.202606,1383700
1999-08-19,106.279854,106.355225,104.169327,104.470833,79.314186,1592400
1999-08-20,104.847710,106.958237,104.546211,105.902969,80.401421,1226600
1999-08-23,105.676842,108.842628,105.375343,108.465752,82.347130,1650000
1999-08-24,107.485863,111.631531,107.485863,110.953148,84.235565,1788600
1999-08-25,110.953148,110.953148,108.842628,109.521011,83.148254,1539200
1999-08-26,110.350143,112.159164,109.596382,110.651649,84.006668,1940400
1999-08-27,111.480782,113.968178,109.747139,112.234535,85.208382,1694000
1999-08-30,112.536041,114.797318,110.048637,111.556160,84.693336,1597400
1999-08-31,111.179276,112.083786,108.541122,111.254654,84.464447,1503200
1999-09-01,111.254654,111.933037,107.335114,110.651649,84.006668,2805300
1999-09-02,108.541122,109.370262,107.561241,108.993378,82.747704,1584700
1999-09-03,112.008408,114.797318,110.877777,114.721939,87.096802,2344400
1999-09-07,115.777199,122.410271,115.475700,120.601250,91.560371,3854700
1999-09-08,119.395241,121.505760,116.983215,117.661598,89.328621,3003600
1999-09-09,118.415352,119.395241,117.510841,119.018356,90.358643,1753400
1999-09-10,119.395241,119.545990,117.360092,119.093735,90.415855,3154200
1999-09-13,116.380203,116.380203,108.918007,108.993378,82.848366,4231900
1999-09-14,109.671761,113.968178,109.521011,112.385292,85.426613,3568500
1999-09-15,110.350143,110.425522,104.244705,104.470833,79.410683,10179300
1999-09-16,105.526093,108.088867,105.224594,105.752220,80.384697,7486400
1999-09-17,107.335114,109.445633,107.335114,107.938118,82.046227,4638800
1999-09-20,108.088867,110.953148,107.787369,109.370262,83.134857,2491600
1999-09-21,108.239624,108.465752,104.696960,105.978348,80.556549,4448700
1999-09-22,105.978348,106.581352,101.908058,103.415573,78.608521,4265100
1999-09-23,103.415573,103.943199,100.249786,100.928169,76.717804,3909800
1999-09-24,101.305054,103.340195,98.893028,99.948288,75.972961,4531000
1999-09-27,102.284935,107.335114,101.606552,104.320084,79.296104,4092800
1999-09-28,107.033607,108.088867,104.998466,106.882858,81.244080,3709300
1999-09-29,107.862740,108.767250,106.958237,107.711990,81.874359,3052100
1999-09-30,107.938118,109.596382,105.752220,106.129097,80.671165,3734100
1999-10-01,106.581352,107.711990,104.546211,107.410492,81.645157,2849300
1999-10-04,108.088867,113.063675,107.787369,112.988297,85.884979,3089500
1999-10-05,112.234535,113.139046,110.425522,110.425522,83.936966,2115200
1999-10-06,110.425522,113.892807,110.199394,111.857658,85.025574,3294800
1999-10-07,112.460663,112.460663,108.993378,110.576271,84.051537,1857500
1999-10-08,110.877777,112.912918,110.124016,112.159164,85.254730,2316400
1999-10-11,113.063675,116.907837,112.837547,116.530960,88.577827,3600100
1999-10-12,117.510841,118.716858,113.892807,114.495811,87.030907,4610900
1999-10-13,112.159164,114.194305,107.938118,108.993378,82.848366,4534400
1999-10-14,109.294884,112.159164,108.767250,111.857658,85.025574,2931300
1999-10-15,109.294884,109.747139,105.601471,106.129097,80.671165,3619400
1999-10-18,106.732109,108.390373,104.621582,106.279854,80.785736,3061900
1999-10-19,106.656731,108.465752,104.169327,104.696960,79.582542,2679600
1999-10-20,104.696960,106.807480,102.511063,106.505981,80.957634,3074100
1999-10-21,106.129097,107.485863,104.621582,107.033607,81.358711,2423200
1999-10-22,109.596382,113.892807,109.521011,113.139046,85.999550,3820900
1999-10-25,112.385292,112.837547,108.314995,111.179276,84.509918,3186500
1999-10-26,112.159164,113.289803,110.651649,110.953148,84.338043,2243400
1999-10-27,110.802399,111.556160,108.767250,110.199394,83.765083,2116200
1999-10-28,111.254654,113.440552,110.802399,112.988297,85.884979,2479000
1999-10-29,115.777199,119.018356,115.777199,117.360092,89.208084,3438100
1999-11-01,119.319862,123.616280,119.093735,123.314781,93.734344,4565000
1999-11-02,124.445412,126.480560,122.937897,123.616280,93.963570,3944700
1999-11-03,124.671539,125.425301,122.937897,124.520790,94.651100,2889400
1999-11-04,130.173981,131.003113,127.234322,128.440338,97.630447,4578100
1999-11-05,130.852356,138.842194,130.852356,137.862305,104.792290,5533800
1999-11-08,136.882416,140.801956,132.736755,134.470398,102.214020,3921000
1999-11-09,134.771896,135.676407,130.852356,133.264374,101.297295,2915800
1999-11-10,132.812134,141.028091,132.133743,140.801956,107.026756,3184400
1999-11-11,140.500458,141.631088,135.827164,140.048203,106.453827,2777400
1999-11-12,139.897446,140.425079,134.922653,139.897446,106.339256,4157600
1999-11-15,138.691437,140.198959,135.148773,138.691437,105.422523,2663100
1999-11-16,139.143692,141.857224,135.601028,141.857224,107.828911,3772300
1999-11-17,141.706467,145.852142,140.651215,143.515488,109.089417,4714700
1999-11-18,145.852142,149.847046,144.947632,149.319427,113.501083,3121000
1999-11-19,148.264160,152.183701,147.284271,151.203812,114.933464,2661000
1999-11-22,151.203812,151.203812,144.419998,145.626007,110.693680,2899700
1999-11-23,145.852142,145.852142,138.766815,140.877335,107.084061,3243100
1999-11-24,140.877335,141.028091,137.485428,141.028091,107.198700,2762400
1999-11-26,142.987854,145.550629,142.007965,143.553177,109.118042,1194300
1999-11-29,144.269241,147.435028,141.631088,144.118500,109.547783,2506000
1999-11-30,143.515488,145.023010,137.711548,140.726578,106.969482,2212000
1999-12-01,137.786926,142.384857,137.786926,141.028091,107.198700,2371400
1999-12-02,142.535599,146.530518,142.309479,142.987854,108.688339,2730700
1999-12-03,145.324509,150.525436,144.872253,149.545547,113.672981,3009500
1999-12-06,151.505325,162.208679,149.847046,157.554230,119.760536,4149800
1999-12-07,161.078049,161.681046,157.535385,158.590637,120.548370,2687800
1999-12-08,158.590637,164.545334,156.027863,156.706253,119.116074,3949700
1999-12-09,155.801743,158.892151,151.429947,156.706253,119.116074,3545600
1999-12-10,156.706253,157.987640,153.012833,157.987640,120.090050,2680100
1999-12-13,154.671097,157.158508,151.957581,155.047989,117.963547,2124400
1999-12-14,154.068100,154.520355,143.289368,143.967743,109.533516,3562600
1999-12-15,144.646118,157.007751,144.043121,157.007751,119.454536,4929300
1999-12-16,156.781631,157.233887,153.238968,156.781631,119.282524,2598600
1999-12-17,160.399658,161.228790,155.877121,158.666016,120.716217,4081000
1999-12-20,159.118271,167.937241,157.384628,167.635742,127.540596,2595500
1999-12-21,167.937241,175.173309,165.525223,167.032730,127.081802,4242700
1999-12-22,167.635742,171.932159,167.108109,170.952271,130.063782,2534900
1999-12-23,173.062790,177.736099,172.007538,174.645691,132.873856,2953100
1999-12-27,174.871811,175.927078,170.500015,170.500015,129.719772,1716000
1999-12-28,171.253769,172.912048,170.424637,172.082901,130.923996,1343400
1999-12-29,172.233658,176.530075,171.932159,175.625565,133.619385,1531200
1999-12-30,178.037598,180.298874,177.660721,177.886841,135.339828,1233000
1999-12-31,177.886841,179.092850,177.359207,177.585342,135.110443,515800
2000-01-03,182.409393,185.273666,176.379333,179.695862,136.716156,3421100
2000-01-04,173.062790,175.776321,165.223709,166.278976,126.508377,4138200
2000-01-05,165.223709,165.675964,157.686142,161.907181,123.182159,4684600
2000-01-06,161.002670,161.605682,142.309479,143.515488,109.189369,4776800
2000-01-07,148.339539,155.726364,147.058151,155.349487,118.192955,6554200
2000-01-10,159.645905,173.213547,158.439896,168.540253,128.228714,5134600
2000-01-11,162.962433,169.897018,159.721283,160.098160,121.805779,3475600
2000-01-12,162.660934,167.560364,160.098160,161.379547,122.780746,3480500
2000-01-13,164.469955,169.444763,161.907181,167.108109,127.139183,2550600
2000-01-14,173.665802,185.876678,173.665802,182.107895,138.551285,5250600
2000-01-18,173.062790,177.660721,172.007538,173.665802,132.128387,6882500
2000-01-19,173.364304,175.399445,168.841751,169.746262,129.146317,3470600
2000-01-20,170.801514,175.474823,169.294006,170.047760,129.375732,3801100
2000-01-21,177.585342,178.112976,172.912048,174.118057,132.472458,3059000
2000-01-24,176.680832,177.811462,167.937241,167.937241,127.770012,2647200
2000-01-25,169.294006,171.630661,165.600586,171.404526,130.407974,3092400
2000-01-26,171.103027,176.077820,164.319199,168.238739,127.999344,3329500
2000-01-27,168.841751,169.595505,163.716202,164.017700,124.787895,3554300
2000-01-28,167.032730,169.444763,150.751556,154.671097,117.676804,4720700
2000-01-31,154.972610,164.922211,152.334457,164.017700,124.787895,4248200
2000-02-01,166.128220,168.238739,160.625793,165.072968,125.590782,3473000
2000-02-02,165.223709,178.037598,165.148331,174.419556,132.701904,4112600
2000-02-03,176.228577,184.444534,176.228577,184.218414,140.156998,4438000
2000-02-04,184.444534,190.022339,181.354126,188.137955,143.139069,4362800
2000-02-07,186.479675,191.831360,184.746033,191.605240,145.777039,2049600
2000-02-08,192.962006,194.620270,188.816330,192.811249,146.694565,3258700
2000-02-09,192.962006,192.962006,183.464645,185.198288,140.902542,3167100
2000-02-10,185.499802,189.871597,185.273666,187.271133,142.479599,3327100
2000-02-11,186.328934,187.233444,179.092850,182.409393,138.780624,3018000
2000-02-14,184.067657,184.067657,176.454697,177.585342,135.110443,3015000
2000-02-15,178.866730,180.826492,172.535156,179.620483,136.658752,3595600
2000-02-16,179.620483,182.107895,177.434586,178.339096,135.683975,2499100
2000-02-17,175.474823,179.243607,172.459793,177.585342,135.110443,3399500
2000-02-18,177.434586,178.489853,174.419556,174.796432,132.988556,2545200
2000-02-22,176.077820,191.002228,174.344177,189.042465,143.827225,4098200
2000-02-23,185.575180,195.147903,182.635513,193.866516,147.497452,4036300
2000-02-24,192.660492,198.690552,190.022339,198.087555,150.708923,4348800
2000-02-25,195.374023,197.183044,190.549973,192.057495,146.121078,2856200
2000-02-28,193.188126,195.072525,186.555054,191.152985,145.432892,2821400
2000-02-29,192.962006,211.353683,192.585114,207.434143,157.819992,5707900
2000-03-01,206.831146,207.057266,198.690552,205.172882,156.099564,3833400
2000-03-02,205.022125,211.052185,200.650330,210.072296,159.827164,4043900
2000-03-03,211.655197,217.609879,210.449188,211.429062,160.859436,3166400
2000-03-06,212.861206,221.755554,212.861206,217.836014,165.733932,2757600
2000-03-07,221.906296,222.660065,213.464218,213.841095,162.694595,3611000
2000-03-08,214.745605,214.745605,202.986984,204.343750,155.468765,5418500
2000-03-09,201.705597,203.816116,192.962006,197.786057,150.479538,4343700
2000-03-10,201.404083,217.006882,199.821198,211.052185,160.572708,8360900
2000-03-13,201.404083,213.539581,198.992065,202.007095,153.796432,4787300
2000-03-14,199.896576,206.831146,193.565002,194.394135,148.000427,4714200
2000-03-15,194.695648,196.580032,180.600372,181.957138,138.531540,5817100
2000-03-16,186.781189,188.891708,173.062790,183.012390,139.334976,6485900
2000-03-17,182.107895,183.916901,178.791351,180.298874,137.269073,5914600
2000-03-20,180.148117,191.077606,180.072739,185.876678,141.515701,4937200
2000-03-21,183.464645,196.881546,180.449615,191.680618,145.934479,4401800
2000-03-22,194.771011,200.650330,193.565002,197.710678,150.525360,4002200
2000-03-23,196.655411,197.786057,194.092636,194.771011,148.287369,3004100
2000-03-24,195.374023,201.328705,192.208237,197.258423,150.181076,3226400
2000-03-27,198.389053,198.615189,194.921768,197.183044,150.123688,2460100
2000-03-28,194.771011,203.514603,194.771011,197.786057,150.582825,4102200
2000-03-29,196.580032,197.333801,182.258636,186.931931,142.319061,5365600
2000-03-30,180.901871,188.514832,168.690994,173.665802,132.218994,6669700
2000-03-31,178.188354,179.092850,168.917130,176.077820,134.055405,5765600
2000-04-03,172.459793,176.906952,164.017700,166.731232,126.939461,5060600
2000-04-04,169.143250,173.364304,155.650986,162.359436,123.611031,8514900
2000-04-05,160.399658,178.263718,157.083130,177.283844,134.973541,7550500
2000-04-06,176.077820,179.017487,171.329147,174.570313,132.907700,3718600
2000-04-07,175.097946,185.725922,175.097946,185.424423,141.171371,3669600
2000-04-10,186.328934,190.474594,178.640594,182.107895,138.646393,5391500
2000-04-11,150.751556,161.605682,145.023010,149.545547,113.855286,25052900
2000-04-12,147.435028,149.545547,136.279419,139.746704,106.394997,13244700
2000-04-13,142.309479,148.565659,139.897446,141.103470,107.427956,10623600
2000-04-14,138.766815,142.158722,130.550858,131.455368,100.082451,8291200
2000-04-17,132.661377,141.103470,131.455368,140.500458,106.968857,7115200
2000-04-18,140.425079,142.837112,135.676407,142.309479,108.346161,5599100
2000-04-19,141.706467,142.309479,129.043335,129.344833,98.475632,4574900
2000-04-20,131.304611,134.470398,130.023224,133.867386,101.918869,4244600
2000-04-24,131.455368,133.641266,125.726807,126.631310,96.409706,4232600
2000-04-25,132.510620,136.354782,130.249344,135.676407,103.296112,4446400
2000-04-26,136.731674,143.515488,135.676407,142.309479,108.346161,5035400
2000-04-27,139.294449,142.912476,137.636169,140.500458,106.968857,3887600
2000-04-28,142.912476,145.776764,141.857224,143.515488,109.264328,3350200
2000-05-01,147.133530,149.093292,144.118500,146.681274,111.674583,3524500
2000-05-02,146.681274,146.681274,139.972824,140.349701,106.854095,3144900
2000-05-03,140.048203,141.781845,132.661377,137.183929,104.443886,3322800
2000-05-04,138.389938,140.500458,132.812134,133.565887,101.689301,3360500
2000-05-05,133.565887,136.580917,130.475479,132.058365,100.541580,3812300
2000-05-08,131.455368,131.756866,127.611198,128.892593,98.131340,3281400
2000-05-09,130.400101,131.153854,124.445412,126.028305,95.950607,4373000
2000-05-10,114.872688,116.455582,103.717072,104.621582,79.652794,22002000
2000-05-11,107.335114,112.159164,106.505981,111.179276,84.645447,11571900
2000-05-12,112.159164,116.907837,111.405403,115.400322,87.859100,7632600
2000-05-15,115.400322,117.586220,113.365173,116.078705,88.375557,4987100
2000-05-16,117.586220,120.375122,117.435471,118.415352,90.154572,5742400
2000-05-17,113.365173,116.455582,113.365173,114.571190,87.227837,4686500
2000-05-18,115.475700,115.551071,112.234535,113.365173,86.309639,3519300
2000-05-19,111.556160,112.083786,107.561241,108.691879,82.751640,4876100
2000-05-22,110.199394,110.199394,103.717072,105.978348,80.685738,5172400
2000-05-23,106.732109,110.802399,105.526093,106.129097,80.800529,5044100
2000-05-24,107.410492,116.983215,106.129097,116.983215,89.064201,5792900
2000-05-25,114.571190,118.792229,108.993378,111.103905,84.588058,5499400
2000-05-26,110.651649,113.214424,109.747139,111.103905,84.588058,3491300
2000-05-30,114.571190,117.133965,113.968178,114.797318,87.400024,4443800
2000-05-31,118.189224,122.033386,112.536041,113.063675,86.080147,11706300
2000-06-01,116.983215,121.807266,116.078705,121.807266,92.736916,7757200
2000-06-02,133.867386,137.485428,130.249344,133.189011,101.402359,8659900
2000-06-05,134.771896,138.842194,132.510620,138.842194,105.706352,5582700
2000-06-06,138.163803,142.686356,132.962875,134.771896,102.607491,5008600
2000-06-07,133.867386,136.128662,130.927734,136.128662,103.640457,3799900
2000-06-08,137.485428,139.294449,128.214203,131.153854,99.852928,6425800
2000-06-09,132.058365,133.415131,122.561020,126.631310,96.409706,6198600
2000-06-12,126.857437,130.927734,124.822296,126.179054,96.065392,3553500
2000-06-13,121.430382,127.083565,121.430382,127.083565,96.865112,4101900
2000-06-14,127.083565,127.083565,115.324944,117.812347,89.798447,8635400
2000-06-15,116.681709,124.822296,113.742050,124.370041,94.796837,5350100
2000-06-16,123.691658,125.274551,119.847488,124.822296,95.141548,3611200
2000-06-19,119.395241,123.917786,118.490730,123.917786,94.452126,4310100
2000-06-20,122.561020,125.500679,119.395241,124.822296,95.141548,4037700
2000-06-21,123.239403,127.535820,122.787148,125.952934,96.003342,4045100
2000-06-22,126.857437,127.309692,119.395241,122.108765,93.073273,3582400
2000-06-23,120.299744,121.882637,113.742050,117.133965,89.281380,5556500
2000-06-26,108.541122,110.802399,107.410492,109.445633,83.421204,8970800
2000-06-27,108.767250,114.646561,108.088867,111.028526,84.627724,5803300
2000-06-28,109.445633,111.706909,108.541122,108.993378,83.076500,4833200
2000-06-29,108.767250,109.219505,104.470833,106.053726,80.835876,5394700
2000-06-30,108.541122,110.802399,104.810020,109.671761,83.593582,4318000
2000-07-03,108.088867,111.254654,106.958237,111.254654,84.800087,1596900
2000-07-05,110.802399,111.480782,107.184364,108.541122,82.731781,3781500
2000-07-06,111.254654,116.455582,108.541122,115.777199,88.247223,4548800
2000-07-07,117.133965,122.561020,117.133965,119.395241,91.004951,4313700
2000-07-10,119.395241,120.978127,117.133965,117.360092,89.453728,3428400
2000-07-11,117.586220,122.108765,116.681709,121.430382,92.556206,5020600
2000-07-12,124.822296,139.294449,117.586220,131.153854,99.967575,6677700
2000-07-13,140.651215,143.816986,132.510620,142.234100,108.413055,15858400
2000-07-14,142.234100,142.460220,136.807037,137.937683,105.138268,6095100
2000-07-17,141.103470,141.103470,137.937683,137.937683,105.138268,2884400
2000-07-18,137.711548,140.651215,134.771896,135.676407,103.414726,3532500
2000-07-19,136.354782,136.580917,130.249344,132.058365,100.657013,2921500
2000-07-20,134.319641,139.068314,132.962875,137.485428,104.793617,3963900
2000-07-21,137.485428,137.711548,131.832245,132.058365,100.657013,2349000
2000-07-24,133.189011,135.450272,131.379990,131.379990,100.139915,2276800
2000-07-25,133.867386,136.128662,132.058365,134.771896,102.725304,2194600
2000-07-26,134.545776,135.224152,132.058365,132.510620,101.001717,2194700
2000-07-27,128.892593,129.118713,117.133965,122.787148,93.590317,6329400
2000-07-28,121.430382,124.370041,117.812347,120.299744,91.694344,3592100
2000-07-31,121.656509,121.882637,119.621368,120.299744,91.694344,2754800
2000-08-01,124.596169,127.309692,123.691658,126.631310,96.520409,3860700
2000-08-02,125.048424,134.771896,124.596169,132.510620,101.001717,5203200
2000-08-03,126.631310,131.379990,121.204254,130.023224,99.105782,6466000
2000-08-04,134.319641,134.319641,125.726807,128.214203,97.726944,3148800
2000-08-07,129.118713,130.927734,125.726807,130.249344,99.278122,1852500
2000-08-08,129.118713,129.797089,123.691658,127.083565,96.865112,2755800
2000-08-09,126.631310,127.988075,123.917786,125.274551,95.486290,2688500
2000-08-10,126.631310,126.631310,122.108765,123.013275,93.762665,2206400
2000-08-11,123.013275,123.465530,120.299744,123.013275,93.762665,2234000
2000-08-14,124.596169,131.153854,123.013275,129.344833,98.588707,1833600
2000-08-15,127.309692,131.832245,127.309692,129.797089,98.933403,2489500
2000-08-16,129.344833,134.545776,127.988075,131.832245,100.484650,2704100
2000-08-17,132.962875,134.771896,132.284500,132.736755,101.174080,2061100
2000-08-18,133.415131,133.641266,130.249344,131.153854,99.967575,2205900
2000-08-21,132.058365,132.058365,128.892593,130.249344,99.278122,1683000
2000-08-22,130.249344,132.510620,129.570969,132.058365,100.657013,3115600
2000-08-23,129.344833,133.415131,129.344833,132.058365,100.657013,2724500
2000-08-24,127.083565,130.701599,126.857437,127.309692,97.037476,3432300
2000-08-25,128.892593,130.249344,127.761948,130.249344,99.278122,2081200
2000-08-28,129.344833,129.797089,127.761948,128.440338,97.899277,1789000
2000-08-29,128.892593,130.701599,125.952934,129.344833,98.588707,5016800
2000-08-30,128.892593,129.344833,125.726807,127.535820,97.209824,2826300
2000-08-31,127.988075,131.832245,126.631310,131.153854,99.967575,3571300
2000-09-01,132.284500,133.867386,128.666458,128.892593,98.243996,2662900
2000-09-05,130.701599,131.153854,125.274551,127.535820,97.209824,2805700
2000-09-06,125.048424,127.083565,124.596169,125.500679,95.658630,2761700
2000-09-07,125.726807,129.344833,125.500679,128.440338,97.899277,3080000
2000-09-08,126.631310,129.344833,120.525871,123.013275,93.762665,3775800
2000-09-11,122.561020,125.048424,119.621368,120.751999,92.039101,2623500
2000-09-12,121.204254,121.430382,115.777199,117.586220,89.626091,3163100
2000-09-13,116.455582,120.751999,115.777199,120.525871,91.979912,2499500
2000-09-14,123.917786,127.309692,123.013275,124.596169,95.086212,3955500
2000-09-15,124.822296,127.083565,122.108765,126.631310,96.639351,3114300
2000-09-18,125.500679,125.952934,119.395241,119.395241,91.117104,1951400
2000-09-19,120.751999,128.892593,119.847488,128.666458,98.192459,3108200
2000-09-20,126.857437,127.083565,121.430382,124.370041,94.913635,2610600
2000-09-21,122.561020,124.370041,108.541122,113.968178,86.975426,2147000
2000-09-22,115.777199,117.360092,110.350143,117.133965,89.391396,5400800
2000-09-25,117.133965,119.395241,111.028526,114.872688,87.665703,3324100
2000-09-26,113.968178,113.968178,106.732109,108.767250,83.006302,5655900
2000-09-27,109.671761,109.897888,98.591522,105.149216,80.245171,7288400
2000-09-28,103.340195,106.279854,101.305054,101.531174,77.484055,5035900
2000-09-29,102.209557,106.732109,100.174416,104.696960,79.900047,3310800
2000-10-02,105.375343,105.827599,100.400543,101.757301,77.656616,3472900
2000-10-03,103.566322,104.470833,98.591522,98.591522,75.240654,3051900
2000-10-04,101.305054,107.862740,99.496033,107.636612,82.143448,3746200
2000-10-05,107.184364,107.184364,102.209557,103.114067,78.692047,3073300
2000-10-06,107.636612,107.636612,97.913139,100.400543,76.621193,4106400
2000-10-09,98.139267,99.043777,95.877991,97.687012,74.550346,4339200
2000-10-10,97.687012,100.400543,92.486084,94.973488,72.479492,5055600
2000-10-11,76.883293,85.250008,74.169769,77.561676,59.191574,19940000
2000-10-12,78.692314,80.501335,72.586876,73.039131,55.740208,9480100
2000-10-13,73.717514,80.275208,73.491386,80.049080,61.089890,7747400
2000-10-16,81.405846,85.023880,79.822952,80.953590,61.780144,4906600
2000-10-17,81.858101,82.762611,75.978790,78.013931,59.536743,4493000
2000-10-18,72.813004,79.370697,72.360748,75.074280,57.293331,6367600
2000-10-19,82.084229,84.797752,80.727463,83.214859,63.505871,6490000
2000-10-20,81.179718,85.702263,80.275208,84.571625,64.541260,4328800
2000-10-23,84.571625,88.641922,83.214859,85.928391,65.576706,3737600
2000-10-24,86.606773,86.832901,81.631973,82.536484,62.988163,2881100
2000-10-25,82.536484,82.988731,72.813004,76.883293,58.673901,4969800
2000-10-26,77.787804,79.370697,75.074280,78.918442,60.226997,3982200
2000-10-27,78.692314,80.275208,76.883293,79.144569,60.399605,2976100
2000-10-30,79.144569,81.858101,78.466187,81.405846,62.125317,2867600
2000-10-31,83.440987,90.224808,83.214859,90.224808,68.855553,4652700
2000-11-01,87.737411,89.546425,85.250008,87.963539,67.129822,2851600
2000-11-02,89.094177,92.259956,88.641922,88.868050,67.820099,3502600
2000-11-03,89.546425,92.259956,89.320297,92.259956,70.408669,2960100
2000-11-06,92.259956,94.973488,87.963539,89.320297,68.165245,2684500
2000-11-07,88.189667,88.868050,85.702263,87.285156,66.612152,2340900
2000-11-08,88.415794,88.415794,83.214859,84.119370,64.196152,2292000
2000-11-09,81.405846,84.119370,79.822952,82.988731,63.333271,2720600
2000-11-10,80.727463,81.179718,77.787804,78.692314,60.054447,2829400
2000-11-13,75.978790,83.667114,75.752663,82.536484,62.988163,4135600
2000-11-14,85.250008,89.772552,85.250008,86.832901,66.267006,3647600
2000-11-15,86.154518,89.094177,83.667114,85.928391,65.576706,2740100
2000-11-16,86.606773,86.606773,82.762611,83.214859,63.505871,1827600
2000-11-17,83.667114,84.345497,80.501335,81.179718,61.952732,2761100
2000-11-20,79.822952,84.797752,79.596825,82.536484,62.988163,2615100
2000-11-21,82.536484,83.893242,75.978790,80.953590,61.780144,3110300
2000-11-22,78.918442,82.310356,75.978790,75.978790,57.983608,3667300
2000-11-24,79.596825,80.501335,77.335548,79.822952,60.917301,1772000
2000-11-27,82.310356,82.762611,78.240059,78.466187,59.881882,2864700
2000-11-28,78.013931,78.240059,74.848152,75.074280,57.293331,3367400
2000-11-29,76.883293,76.883293,73.943642,75.074280,57.293331,3704400
2000-11-30,73.039131,74.395897,70.551735,72.586876,55.395061,5498700
2000-12-01,72.360748,75.300407,66.029182,67.159821,51.253372,7500000
2000-12-04,67.838203,69.421097,65.576927,66.481438,50.735649,4385100
2000-12-05,69.647224,73.265259,67.385948,68.742714,52.461361,6587000
2000-12-06,68.742714,69.647224,63.767910,64.446297,49.182518,5962600
2000-12-07,57.888599,64.220169,57.210217,64.220169,49.009964,12686900
2000-12-08,69.421097,73.039131,66.933693,69.647224,53.151653,6174500
2000-12-11,70.551735,79.596825,68.742714,78.240059,59.709335,6015300
2000-12-12,76.204918,77.335548,73.039131,75.300407,57.465881,4030300
2000-12-13,76.883293,78.240059,72.134621,72.813004,55.674648,3718200
2000-12-14,72.813004,75.526535,72.360748,73.039131,55.847534,2507100
2000-12-15,72.360748,73.039131,69.421097,70.325607,53.772694,3820000
2000-12-18,71.456238,73.717514,69.421097,69.647224,53.254005,3019100
2000-12-19,69.647224,75.752663,68.742714,70.325607,53.772694,4082800
2000-12-20,68.064331,69.873352,66.707565,66.707565,51.006252,4685500
2000-12-21,65.350800,67.838203,62.411148,63.315655,48.412720,4244500
2000-12-22,63.994038,68.516586,63.994038,67.838203,51.870762,3602400
2000-12-26,68.742714,72.813004,68.064331,72.360748,55.328804,3296500
2000-12-27,71.003983,77.335548,71.003983,76.657173,58.613964,4243300
2000-12-28,75.074280,78.466187,74.395897,75.300407,57.576550,3586200
2000-12-29,74.169769,75.300407,72.813004,73.265259,56.020443,3487100
2001-01-02,73.943642,75.300407,73.265259,73.265259,56.020443,2255100
2001-01-03,73.491386,88.415794,73.265259,87.285156,66.740410,7146500
2001-01-04,82.988731,86.380646,81.858101,83.440987,63.801037,6485700
2001-01-05,82.762611,83.214859,76.431046,76.657173,58.613964,4844600
2001-01-08,76.431046,79.370697,74.395897,78.692314,60.170067,2535000
2001-01-09,75.978790,77.561676,73.717514,74.848152,57.230713,4688600
2001-01-10,73.491386,77.335548,71.682365,76.657173,58.613964,5360600
2001-01-11,75.978790,81.858101,73.491386,80.049080,61.207520,7369800
2001-01-12,78.918442,80.953590,77.561676,80.049080,61.207520,3555800
2001-01-16,80.275208,80.727463,75.978790,76.883293,58.786869,2525600
2001-01-17,79.596825,83.440987,78.692314,81.179718,62.072018,4084800
2001-01-18,81.179718,86.832901,80.049080,86.606773,66.221664,4258300
2001-01-19,90.450935,90.903191,87.737411,89.320297,68.296509,7332700
2001-01-22,88.189667,88.641922,84.119370,85.023880,65.011375,3503500
2001-01-23,82.310356,85.702263,81.858101,85.023880,65.011375,2592500
2001-01-24,86.606773,87.285156,83.893242,84.797752,64.838455,2297900
2001-01-25,83.440987,84.119370,81.405846,81.405846,62.244930,2352900
2001-01-26,81.405846,82.762611,79.370697,81.631973,62.417805,2018500
2001-01-29,79.596825,84.083191,78.041069,83.576668,63.904789,3027300
2001-01-30,81.840012,84.119370,80.935501,83.251045,63.655804,2467800
2001-01-31,82.527435,85.566589,81.948547,82.527435,63.102528,3359600
2001-02-01,80.863136,84.083191,77.968712,79.813904,61.027695,2997500
2001-02-02,80.718414,80.790779,77.064201,77.172737,59.008186,1994300
2001-02-05,75.978790,76.304413,73.590881,73.844147,56.463062,3200100
2001-02-06,72.577835,77.028015,72.577835,75.436081,57.680305,2950100
2001-02-07,73.554703,74.169769,71.998947,72.179848,55.190498,3869200
2001-02-08,71.998947,73.952690,71.094437,71.709503,54.830875,2368200
2001-02-09,70.985893,71.637146,68.380905,68.380905,52.285755,3034800
2001-02-12,68.380905,71.709503,68.380905,70.081383,53.585953,2735600
2001-02-13,72.107491,73.409981,70.009026,71.456238,54.637211,3202500
2001-02-14,71.275337,71.275337,68.525627,69.104515,52.839027,2853600
2001-02-15,69.285416,71.239159,69.104515,69.213058,52.922020,3749400
2001-02-16,67.367859,67.838203,66.716614,67.331680,51.483486,2877000
2001-02-20,68.742714,68.742714,64.364883,66.210083,50.625866,2936500
2001-02-21,64.509605,66.173904,61.687538,62.700588,47.942429,3498300
2001-02-22,61.615177,65.052315,61.144833,62.555870,47.831776,3979600
2001-02-23,58.937832,61.506638,57.924782,58.793110,44.954681,8543800
2001-02-26,59.842339,59.987061,56.079582,57.490616,43.958744,5698800
2001-02-27,56.586105,56.984089,55.283611,55.319794,42.298878,4354700
2001-02-28,55.717777,56.007221,54.270561,54.885628,41.966911,4266400
2001-03-01,54.379105,57.707699,53.836399,57.635338,44.069416,4834700
2001-03-02,55.536877,61.542816,55.283611,60.746849,46.448544,5512200
2001-03-05,60.710670,61.868443,60.602127,60.602127,46.337898,2648600
2001-03-06,62.592049,66.318626,62.157883,64.039261,48.965996,3811500
2001-03-07,62.664410,64.220169,60.602127,63.351837,48.440380,2926800
2001-03-08,63.315655,64.220169,58.612209,58.793110,44.954681,3566800
2001-03-09,56.984089,58.069500,56.079582,56.260483,43.018139,4177600
2001-03-12,54.379105,57.128811,53.727856,54.270561,41.496613,5762400
2001-03-13,54.270561,55.753960,53.619316,54.994171,42.162350,4246600
2001-03-14,53.872578,55.536877,51.557034,52.425362,40.192913,4140100
2001-03-15,54.270561,54.885628,52.099739,52.135921,39.971024,3278000
2001-03-16,51.159050,52.027378,50.399261,50.652527,38.833736,3915600
2001-03-19,52.353004,54.668545,51.195232,54.270561,41.607567,2892300
2001-03-20,54.270561,54.596188,50.941967,51.086689,39.166595,2736800
2001-03-21,51.086689,54.053482,50.833427,51.231411,39.277550,2911200
2001-03-22,52.135921,57.164993,50.688705,56.730827,43.493782,3725100
2001-03-23,57.852421,59.335815,55.355972,57.852421,44.353661,3734600
2001-03-26,61.253376,61.253376,57.924782,58.937832,45.185844,3037600
2001-03-27,58.937832,60.421227,55.862499,57.743877,44.270432,2869000
2001-03-28,55.609238,56.441383,53.329872,54.198200,41.552086,2334000
2001-03-29,54.089661,54.849449,51.882656,52.533905,40.276127,2386400
2001-03-30,53.185150,53.293694,50.941967,51.593216,39.554932,2804900
2001-04-02,52.099739,53.546955,51.195232,53.185150,40.775425,2456700
2001-04-03,51.737938,51.991199,49.096767,49.567112,38.001564,4869900
2001-04-04,48.843506,52.533905,48.698784,50.833427,38.972420,4204500
2001-04-05,52.787167,54.089661,52.280643,54.089661,41.468876,3165200
2001-04-06,51.810295,51.810295,37.989395,41.607430,31.899132,17839800
2001-04-09,44.320961,45.225468,41.245628,41.607430,31.899132,10343100
2001-04-10,43.959156,47.034489,43.163189,47.034489,36.059891,10697700
2001-04-11,50.652527,51.014328,45.949078,46.672684,35.782509,8807500
2001-04-12,46.129978,48.734966,43.959156,47.975178,36.781090,5543900
2001-04-16,47.649555,49.856556,46.202339,49.748016,38.140274,3793500
2001-04-17,48.300800,51.376133,47.975178,50.652527,38.833736,3682200
2001-04-18,53.366055,57.092632,51.918839,54.994171,42.162350,7838200
2001-04-19,54.632366,59.335815,54.089661,58.214222,44.631050,5507500
2001-04-20,57.888599,59.335815,56.296665,57.924782,44.409145,5167800
2001-04-23,56.441383,57.671516,53.619316,55.681599,42.689365,2696700
2001-04-24,55.319794,56.803188,53.474594,53.727856,41.191505,2593200
2001-04-25,53.546955,54.270561,51.846478,54.270561,41.607567,3499400
2001-04-26,54.198200,56.079582,52.823349,52.823349,40.498024,2753000
2001-04-27,54.813267,56.043400,54.451466,56.043400,42.966755,2329300
2001-04-30,57.671516,57.997143,55.175072,56.260483,43.133160,2773200
2001-05-01,55.211254,57.707699,54.813267,57.490616,44.076279,2421400
2001-05-02,58.431305,61.144833,57.780060,59.625259,45.712845,4253300
2001-05-03,57.888599,58.793110,56.622288,57.382076,43.993080,2607800
2001-05-04,54.994171,59.697620,54.885628,59.516716,45.629631,2759300
2001-05-07,59.516716,60.457405,58.250404,59.335815,45.490936,2487700
2001-05-08,61.506638,61.506638,58.829288,59.010193,45.241302,3183900
2001-05-09,57.888599,59.516716,57.345894,57.997143,44.464634,2427400
2001-05-10,59.263454,59.299633,57.164993,57.164993,43.826645,1564000
2001-05-11,57.888599,58.178043,57.020271,57.888599,44.381409,1433800
2001-05-14,57.526794,57.816238,56.441383,56.947910,43.660210,1751700
2001-05-15,54.342922,55.355972,54.017300,54.125839,41.496601,3727600
2001-05-16,54.632366,56.803188,53.546955,56.622288,43.410568,3392100
2001-05-17,56.260483,57.562977,55.175072,56.296665,43.160923,2177800
2001-05-18,56.441383,57.056450,55.573055,56.441383,43.271873,1691300
2001-05-21,56.984089,60.927750,55.536877,59.842339,45.879280,2879600
2001-05-22,60.602127,61.144833,59.046371,60.059422,46.045712,2281000
2001-05-23,58.793110,60.602127,57.382076,58.431305,44.797478,2546300
2001-05-24,58.178043,59.335815,57.020271,58.720749,45.019382,1772200
2001-05-25,58.720749,59.118732,56.694649,56.839371,43.577000,1328600
2001-05-29,57.780060,57.816238,54.089661,54.270561,41.607567,2305000
2001-05-30,53.908760,53.908760,50.869606,51.014328,39.111099,2129300
2001-05-31,51.918839,54.270561,51.231411,53.185150,40.775425,2325100
2001-06-01,52.678627,53.185150,51.412312,51.665577,39.610397,2014600
2001-06-04,52.497723,52.823349,51.014328,51.593216,39.554932,1272800
2001-06-05,52.135921,55.536877,51.882656,55.138893,42.273296,1679900
2001-06-06,54.487644,54.921810,53.329872,53.546955,41.052803,2168000
2001-06-07,53.040428,57.743877,53.040428,56.260483,43.133160,2570900
2001-06-08,56.260483,56.260483,54.632366,54.994171,42.162350,1448700
2001-06-11,53.836399,54.234383,53.040428,53.764038,41.219246,1197900
2001-06-12,51.376133,51.557034,48.843506,50.652527,38.833736,4654000
2001-06-13,52.642445,53.836399,51.737938,53.836399,41.392971,2875900
2001-06-14,51.376133,52.606266,49.748016,50.399261,38.750267,3592800
2001-06-15,48.843506,51.737938,47.975178,51.557034,39.640438,4453200
2001-06-18,50.037460,51.014328,47.070667,47.287750,36.357944,3239100
2001-06-19,48.843506,49.748016,47.432472,47.613373,36.608299,3151400
2001-06-20,47.577194,49.386211,46.310879,48.771145,37.498478,3449000
2001-06-21,49.928917,52.063560,49.820377,50.833427,39.084099,3786300
2001-06-22,52.099739,55.138893,51.195232,52.642445,40.474991,3384000
2001-06-25,51.629395,53.257511,51.303772,52.642445,40.474991,2269900
2001-06-26,52.606266,53.908760,51.701756,53.004250,40.753159,4056200
2001-06-27,53.366055,56.441383,53.185150,54.560005,41.949337,2993500
2001-06-28,54.813267,57.671516,54.813267,55.971039,43.034218,2683300
2001-06-29,56.369022,60.602127,55.428333,59.914700,46.066376,4862400
2001-07-02,59.697620,61.651360,58.395126,60.674488,46.650547,3475000
2001-07-03,60.059422,61.325737,59.516716,61.144833,47.012161,1343800
2001-07-05,59.697620,59.769981,57.309715,57.924782,44.536400,2052700
2001-07-06,56.549927,56.803188,55.030350,55.609238,42.756042,1933800
2001-07-09,55.030350,57.128811,54.415283,55.609238,42.756042,2651000
2001-07-10,56.911732,57.237354,55.355972,56.079582,43.117676,3282100
2001-07-11,54.270561,57.309715,51.557034,56.694649,43.590576,4396100
2001-07-12,61.578999,67.367859,61.506638,65.667381,50.489414,11187900
2001-07-13,64.220169,64.762871,62.772949,63.641281,48.931618,3684700
2001-07-16,63.605099,65.016136,61.832260,62.049343,47.707634,2592800
2001-07-17,62.411148,65.595016,61.470459,65.522659,50.378132,2833200
2001-07-18,64.039261,64.979950,63.098576,63.605099,48.903793,2316300
2001-07-19,65.848282,69.285416,65.486481,69.249237,53.243389,5415500
2001-07-20,67.621124,69.213058,66.571892,66.933693,51.463051,3550200
2001-07-23,68.742714,68.742714,64.943771,65.305580,50.211239,2474600
2001-07-24,65.269394,65.305580,62.121704,62.953854,48.403076,2437900
2001-07-25,62.990032,64.039261,61.687538,62.519688,48.069263,2718600
2001-07-26,62.953854,68.344727,62.519688,67.114594,51.602135,4207200
2001-07-27,68.561813,69.502502,68.236191,68.742714,52.853939,4188500
2001-07-30,69.828125,70.370827,68.380905,68.851257,52.937397,3347600
2001-07-31,69.285416,69.285416,66.752792,67.621124,51.991581,4066200
2001-08-01,68.742714,70.153748,67.657303,69.249237,53.243389,3317400
2001-08-02,69.285416,70.515549,69.285416,70.189926,53.966656,3564100
2001-08-03,67.729660,68.272369,66.463348,67.404037,51.824669,2323700
2001-08-06,67.295494,68.634171,66.354805,67.295494,51.741207,1404700
2001-08-07,67.295494,67.729660,66.282448,67.295494,51.741207,1483400
2001-08-08,66.571892,69.032158,65.197037,66.282448,50.962330,2529400
2001-08-09,65.124672,66.210083,64.256348,65.088493,50.044327,1802000
2001-08-10,65.848282,65.848282,64.256348,65.124672,50.072136,2225600
2001-08-13,65.667381,67.295494,65.269394,66.933693,51.463051,1670200
2001-08-14,67.295494,68.163826,66.608070,66.608070,51.212666,1387500
2001-08-15,66.029182,66.825150,62.772949,62.953854,48.403076,2483100
2001-08-16,62.230244,65.124672,61.759899,65.124672,50.072136,2394100
2001-08-17,62.230244,63.677460,60.240326,61.506638,47.290359,2672500
2001-08-20,59.697620,61.253376,59.118732,59.878521,46.038563,2478600
2001-08-21,61.361916,62.338787,59.878521,60.059422,46.177650,1940800
2001-08-22,62.013165,65.052315,61.542816,64.581970,49.654877,2697200
2001-08-23,65.305580,65.920647,64.256348,65.486481,50.350315,2413000
2001-08-24,65.124672,68.163826,64.979950,67.838203,52.158485,2478400
2001-08-27,67.476402,68.561813,66.933693,68.091469,52.353226,1820700
2001-08-28,68.742714,69.828125,67.367859,67.476402,51.880325,2915900
2001-08-29,68.380905,69.032158,65.558838,66.246269,50.934517,2516300
2001-08-30,64.401070,65.848282,60.167965,62.230244,47.846718,4090800
2001-08-31,61.000111,63.858360,61.000111,62.953854,48.403076,1838800
2001-09-04,62.411148,65.486481,61.506638,63.279476,48.653423,2893600
2001-09-05,60.638309,61.289555,58.358944,59.335815,45.621284,4280700
2001-09-06,57.707699,58.576027,49.132950,50.435444,38.778103,7586800
2001-09-07,50.471622,53.185150,48.771145,51.701756,39.751717,4428300
2001-09-10,49.928917,54.813267,49.928917,54.415283,41.838066,3664200
2001-09-17,54.270561,56.260483,50.688705,53.474594,41.254765,4639400
2001-09-18,52.642445,56.296665,52.425362,55.898678,43.124901,3567600
2001-09-19,56.296665,57.164993,52.533905,56.007221,43.208637,4079600
2001-09-20,54.270561,55.681599,52.823349,52.823349,40.752327,3461100
2001-09-21,49.748016,54.415283,49.060589,53.981121,41.645527,4030600
2001-09-24,55.175072,56.730827,54.089661,55.573055,42.873684,3594000
2001-09-25,54.704727,57.164993,54.306744,55.898678,43.124901,2541800
2001-09-26,57.888599,57.888599,54.994171,55.971039,43.180721,2510000
2001-09-27,55.066532,56.079582,52.642445,56.079582,43.264465,2086200
2001-09-28,56.441383,57.490616,55.138893,56.441383,43.543598,2293500
2001-10-01,55.717777,56.369022,54.270561,55.355972,42.706211,1846200
2001-10-02,55.355972,56.369022,53.908760,55.102711,42.510818,3232500
2001-10-03,53.727856,56.658466,51.557034,55.536877,42.845772,5371200
2001-10-04,56.911732,60.059422,54.813267,57.490616,44.353050,4437800
2001-10-05,58.069500,61.325737,57.056450,61.144833,47.172215,3349800
2001-10-08,60.059422,64.762871,59.552898,62.917671,48.539932,3838600
2001-10-09,62.917671,62.917671,59.335815,60.493587,46.669792,3801200
2001-10-10,57.888599,61.651360,57.526794,61.181015,47.200134,4631300
2001-10-11,62.592049,64.111626,61.144833,62.772949,48.428288,4414700
2001-10-12,62.772949,63.822182,60.963932,63.822182,49.237759,2496100
2001-10-15,62.483509,64.256348,61.542816,63.605099,49.070286,1826300
2001-10-16,62.411148,64.220169,61.868443,63.315655,48.846973,3148000
2001-10-17,64.907593,65.124672,63.315655,64.075447,49.433151,4054600
2001-10-18,64.075447,64.943771,62.845310,64.762871,49.963486,2668400
2001-10-19,63.858360,64.003082,62.085522,63.315655,48.846973,2914800
2001-10-22,61.506638,65.124672,60.602127,64.943771,50.103043,3110600
2001-10-23,65.052315,65.088493,63.243294,63.315655,48.846973,2276200
2001-10-24,62.953854,64.075447,62.411148,63.858360,49.265659,2377400
2001-10-25,61.506638,63.170937,60.819210,62.519688,48.232899,5651900
2001-10-26,60.855392,62.736771,60.855392,62.049343,47.870029,5569200
2001-10-29,61.687538,62.592049,61.181015,61.325737,47.311764,2850500
2001-10-30,60.276505,60.855392,57.599155,58.395126,45.050877,3694800
2001-10-31,59.878521,61.723721,59.118732,59.227272,45.692852,3328300
2001-11-01,60.204144,62.411148,59.154915,62.411148,48.149170,2402300
2001-11-02,61.687538,63.279476,60.240326,60.783031,46.893085,2678900
2001-11-05,61.325737,62.772949,61.325737,61.868443,47.730476,3038100
2001-11-06,61.506638,63.388016,61.325737,63.315655,48.846973,2150200
2001-11-07,61.687538,64.907593,61.506638,63.062393,48.651585,2860300
2001-11-08,63.026215,65.956825,62.483509,63.315655,48.846973,3994700
2001-11-09,61.506638,63.315655,61.289555,62.374966,48.121246,2911500
2001-11-12,62.230244,64.003082,60.023243,63.605099,49.070286,3034000
2001-11-13,65.052315,66.680428,64.147804,65.739738,50.717110,4753100
2001-11-14,66.752792,68.019104,65.667381,67.295494,51.917351,3996600
2001-11-15,66.029182,68.127647,65.631203,66.933693,51.638229,3147800
2001-11-16,66.933693,67.078415,65.486481,66.933693,51.638229,2694900
2001-11-19,66.210083,67.476402,64.003082,64.871414,50.047222,3190700
2001-11-20,63.677460,64.364883,62.953854,63.170937,48.735321,2406600
2001-11-21,62.700588,63.677460,61.868443,62.990032,48.595760,1714100
2001-11-23,62.592049,64.183983,62.592049,63.930721,49.321495,709400
2001-11-26,63.677460,65.703560,63.496559,64.979950,50.130951,2747900
2001-11-27,63.568920,65.088493,62.592049,63.351837,48.874882,2761900
2001-11-28,62.953854,62.990032,61.361916,61.542816,47.479244,2827500
2001-11-29,61.361916,61.398098,57.888599,60.059422,46.334846,5129100
2001-11-30,60.059422,60.602127,58.865471,59.842339,46.167374,2901100
2001-12-03,59.154915,61.940804,59.154915,61.144833,47.172215,2354700
2001-12-04,61.687538,62.049343,60.348866,61.687538,47.590916,2738400
2001-12-05,63.677460,65.197037,63.098576,64.726692,49.935558,3772900
2001-12-06,64.726692,64.726692,61.506638,62.592049,48.288723,5607700
2001-12-07,61.687538,62.447327,59.371994,60.927750,47.004738,3972500
2001-12-10,59.842339,61.832260,59.408176,60.240326,46.474407,2282000
2001-12-11,61.144833,61.687538,60.023243,60.855392,46.948917,2795200
2001-12-12,60.421227,61.253376,59.227272,61.217194,47.340633,2341100
2001-12-13,59.516716,59.697620,58.214222,58.431305,45.186230,3142100
2001-12-14,58.286583,59.661438,57.309715,58.829288,45.494019,2715600
2001-12-17,57.997143,60.167965,57.888599,58.865471,45.521988,2359600
2001-12-18,60.059422,60.493587,59.444355,60.095604,46.473259,2594900
2001-12-19,57.526794,58.033321,56.079582,57.020271,44.095055,6718400
2001-12-20,55.283611,56.224304,54.306744,55.175072,42.668125,3461000
2001-12-21,55.175072,56.079582,53.800217,54.234383,41.940670,4982000
2001-12-24,54.234383,54.234383,53.474594,53.727856,41.548950,1231500
2001-12-26,53.583134,54.632366,53.185150,53.546955,41.409061,2349600
2001-12-27,53.908760,54.198200,53.185150,53.583134,41.437035,2730800
2001-12-28,53.583134,54.270561,53.185150,53.908760,41.688854,2547200
2001-12-31,53.583134,55.428333,53.257511,54.342922,42.024582,3544400
2002-01-02,54.596188,56.224304,53.981121,56.224304,43.479515,3668500
2002-01-03,56.622288,57.888599,56.079582,57.526794,44.486748,3719700
2002-01-04,58.069500,58.756927,55.573055,56.260483,43.507481,3132300
2002-01-07,56.549927,57.164993,54.270561,54.885628,42.444290,2565100
2002-01-08,54.270561,55.247433,53.438416,53.546955,41.409061,3010400
2002-01-09,54.089661,54.198200,52.172100,52.316822,40.457767,3554600
2002-01-10,52.135921,54.234383,50.724884,51.014328,39.450527,3840400
2002-01-11,51.557034,52.353004,50.652527,51.882656,40.122017,2209000
2002-01-14,51.737938,52.099739,50.471622,51.339951,39.702316,2178500
2002-01-15,52.099739,52.353004,49.928917,50.941967,39.394569,2757700
2002-01-16,49.024406,51.557034,48.807327,50.290722,38.890934,4147400
2002-01-17,51.484673,52.208282,50.833427,51.557034,39.870209,2772000
2002-01-18,50.290722,51.737938,49.748016,51.557034,39.870209,2736000
2002-01-22,51.014328,51.448494,48.952049,48.952049,37.855713,2922600
2002-01-23,49.639473,50.254539,47.468651,49.060589,37.939663,6333000
2002-01-24,48.988228,50.182178,48.481701,48.843506,37.771797,6779600
2002-01-25,48.300800,50.037460,47.938995,48.843506,37.771797,3537600
2002-01-28,49.132950,49.748016,48.879688,48.952049,37.855713,2358400
2002-01-29,48.988228,50.652527,48.119900,48.662605,37.631882,3745300
2002-01-30,48.807327,49.422394,46.238518,48.481701,37.491982,3811500
2002-01-31,48.156078,49.024406,47.468651,48.156078,37.240170,3773900
2002-02-01,48.047539,48.662605,47.577194,47.685734,36.876450,2216700
2002-02-04,47.396290,47.938995,44.899845,45.044567,34.833977,3380800
2002-02-05,45.080746,45.080746,43.018467,43.163189,33.379055,4378200
2002-02-06,44.863667,44.936028,43.235550,43.597351,33.714806,4577200
2002-02-07,43.778255,45.116928,43.633533,44.501862,34.414291,3975100
2002-02-08,44.863667,46.564144,44.248600,46.310879,35.813248,4235800
2002-02-11,47.034489,49.096767,46.853584,48.662605,37.631882,3345500
2002-02-12,47.251572,49.386211,47.034489,48.481701,37.491982,3271700
2002-02-13,49.386211,49.820377,48.083717,48.481701,37.491982,1812700
2002-02-14,48.300800,48.843506,47.468651,47.577194,36.792507,1652800
2002-02-15,48.047539,48.300800,45.587273,46.093800,35.645374,2960100
2002-02-19,45.225468,46.274700,43.959156,44.320961,34.274380,2811400
2002-02-20,44.863667,44.863667,43.488811,44.755123,34.610142,5209500
2002-02-21,44.320961,44.393322,42.837563,43.416451,33.574917,2922100
2002-02-22,42.511940,43.742073,37.989395,42.692844,33.015335,2672300
2002-02-25,43.163189,47.541012,43.127007,47.215389,36.512726,3954300
2002-02-26,47.215389,47.830456,45.731995,46.925945,36.288872,2604000
2002-02-27,47.396290,48.843506,46.347061,48.843506,37.771797,3104500
2002-02-28,48.662605,48.662605,46.419422,47.034489,36.372826,2091800
2002-03-01,48.228439,50.290722,47.034489,50.290722,38.890934,2435600
2002-03-04,50.290722,52.461544,49.350033,51.557034,39.870209,2847000
2002-03-05,51.376133,53.800217,50.399261,53.546955,41.409061,3626400
2002-03-06,52.461544,53.655495,51.303772,53.619316,41.465012,2816600
2002-03-07,53.004250,53.727856,51.629395,52.570084,40.653622,3020500
2002-03-08,53.185150,54.487644,53.040428,53.944939,41.716824,2846800
2002-03-11,52.461544,53.908760,52.099739,53.293694,41.213207,1989800
2002-03-12,51.376133,52.642445,50.833427,52.280643,40.429794,3010900
2002-03-13,51.955017,51.991199,50.218361,50.941967,39.503918,2216300
2002-03-14,50.616344,51.014328,49.132950,50.435444,39.111115,2498000
2002-03-15,49.675655,50.652527,49.205311,50.652527,39.279469,2646400
2002-03-18,50.652527,51.701756,49.530933,50.254539,38.970833,2610800
2002-03-19,49.205311,50.652527,49.205311,50.652527,39.279469,3575000
2002-03-20,49.784195,49.892738,47.830456,47.830456,37.091042,2448200
2002-03-21,48.952049,49.169128,47.794277,48.843506,37.876633,2949200
2002-03-22,49.386211,50.109818,48.192261,48.590244,37.680229,2724500
2002-03-25,48.300800,49.313850,48.119900,48.771145,37.820511,1615200
2002-03-26,47.287750,49.567112,47.251572,49.350033,38.269424,2432500
2002-03-27,48.843506,50.109818,48.843506,49.748016,38.578041,1976700
2002-03-28,49.748016,51.376133,49.603294,51.376133,39.840607,2758500
2002-04-01,50.869606,53.655495,50.037460,52.642445,40.822590,2503700
2002-04-02,52.642445,53.148972,52.135921,52.642445,40.822590,2988500
2002-04-03,52.461544,53.076611,51.412312,51.557034,39.980888,2375700
2002-04-04,51.376133,51.701756,50.290722,50.290722,38.998886,3254600
2002-04-05,50.543983,51.376133,48.517883,49.928917,38.718327,2762600
2002-04-08,48.300800,50.941967,47.794277,50.435444,39.111115,2814700
2002-04-09,50.109818,51.050510,48.590244,50.109818,38.858612,2470700
2002-04-10,50.290722,52.461544,49.748016,50.109818,38.858612,3667800
2002-04-11,48.843506,50.109818,48.445522,49.205311,38.157192,2048800
2002-04-12,47.938995,49.096767,47.577194,48.626423,37.708294,2743500
2002-04-15,50.471622,50.471622,49.060589,49.422394,38.325535,2400500
2002-04-16,52.461544,54.270561,51.557034,54.270561,42.085133,5172600
2002-04-17,57.164993,59.082554,55.898678,59.082554,45.816689,9052100
2002-04-18,57.526794,58.069500,55.717777,57.526794,44.610241,4701300
2002-04-19,58.250404,58.648388,56.441383,57.562977,44.638302,2866300
2002-04-22,54.342922,56.875549,54.306744,56.622288,43.908836,3009600
2002-04-23,56.079582,56.803188,53.004250,53.221333,41.271496,3283200
2002-04-24,53.546955,54.487644,52.280643,52.280643,40.542030,2471000
2002-04-25,52.280643,54.198200,51.701756,53.619316,41.580120,1812500
2002-04-26,54.198200,54.813267,52.895710,54.270561,42.085133,3442000
2002-04-29,54.342922,56.875549,53.727856,54.885628,42.562103,2986200
2002-04-30,54.885628,56.658466,54.813267,55.717777,43.207409,3421400
2002-05-01,56.151943,56.296665,53.872578,55.862499,43.319641,3007400
2002-05-02,55.247433,56.079582,54.885628,55.536877,43.067139,2088200
2002-05-03,54.813267,54.994171,53.221333,53.872578,41.776508,1864700
2002-05-06,53.908760,54.632366,52.244461,52.244461,40.513954,2477000
2002-05-07,52.823349,53.727856,52.027378,53.148972,41.215393,3048200
2002-05-08,54.451466,57.888599,54.270561,57.526794,44.610241,4389300
2002-05-09,57.526794,57.526794,55.211254,55.355972,42.926838,2202500
2002-05-10,56.043400,56.043400,53.402233,53.402233,41.411774,1819600
2002-05-13,53.438416,57.526794,53.438416,57.526794,44.610241,2037900
2002-05-14,58.178043,58.974010,57.924782,58.612209,45.451946,3203400
2002-05-15,57.888599,60.565948,57.164993,58.937832,45.704460,3651100
2002-05-16,59.842339,60.421227,59.046371,60.421227,46.854782,2163600
2002-05-17,60.783031,61.144833,59.227272,60.710670,47.079235,2273500
2002-05-20,60.710670,61.723721,59.697620,60.783031,47.135353,2368200
2002-05-21,61.506638,61.904621,59.191093,59.335815,46.013100,2640100
2002-05-22,59.516716,60.674488,59.118732,59.697620,46.293640,2102200
2002-05-23,61.072472,61.940804,60.348866,61.325737,47.556202,2565600
2002-05-24,60.457405,61.325737,59.914700,60.963932,47.275635,1558400
2002-05-28,60.963932,61.181015,58.974010,60.312687,46.770622,2081800
2002-05-29,59.227272,59.589077,57.599155,57.852421,44.862759,2528000
2002-05-30,56.441383,57.599155,55.066532,57.092632,44.273560,3083600
2002-05-31,56.549927,58.105682,56.513744,57.852421,44.862759,2652400
2002-06-03,56.947910,57.526794,54.740906,55.536877,43.067139,1819600
2002-06-04,55.175072,56.586105,54.451466,56.586105,43.880768,2023100
2002-06-05,55.898678,56.586105,54.740906,55.790138,43.263508,2065300
2002-06-06,55.247433,55.392155,52.497723,53.366055,41.383717,3376800
2002-06-07,50.652527,54.415283,49.820377,53.619316,41.580120,3259100
2002-06-10,53.366055,55.175072,52.606266,55.175072,42.786564,1737600
2002-06-11,55.283611,55.536877,52.099739,52.280643,40.542030,3202300
2002-06-12,51.448494,56.984089,51.448494,56.658466,44.058838,7260300
2002-06-13,56.658466,58.395126,56.260483,57.382076,44.621552,4067100
2002-06-14,54.379105,56.875549,53.908760,56.441383,43.890057,4189400
2002-06-17,56.441383,60.023243,56.441383,59.335815,46.140820,3382600
2002-06-18,58.069500,61.434277,58.033321,58.539848,45.521851,2419000
2002-06-19,57.888599,58.467487,55.934860,56.079582,43.608688,2965700
2002-06-20,56.947910,57.526794,53.329872,53.474594,41.582996,4103200
2002-06-21,52.461544,54.306744,52.425362,53.944939,41.948742,5327900
2002-06-24,53.185150,53.872578,51.918839,52.172100,40.570148,4013900
2002-06-25,53.727856,55.536877,51.050510,51.665577,40.176262,4090400
2002-06-26,48.915867,51.376133,48.662605,50.797245,39.501038,4869000
2002-06-27,52.787167,53.221333,51.014328,52.280643,40.654575,3689200
2002-06-28,51.918839,54.017300,51.629395,52.787167,41.048439,3938000
2002-07-01,53.366055,54.342922,51.195232,51.737938,40.232536,2620800
2002-07-02,51.701756,52.642445,49.350033,51.231411,39.838661,3053800
2002-07-03,49.748016,52.859528,49.748016,52.497723,40.823364,2834400
2002-07-05,57.888599,58.069500,52.606266,54.813267,42.623970,1850100
2002-07-08,54.813267,55.066532,52.968067,53.076611,41.273518,2485000
2002-07-09,52.823349,54.415283,52.642445,52.823349,41.076576,2698800
2002-07-10,52.642445,52.823349,50.109818,50.580166,39.332214,3496700
2002-07-11,48.156078,49.350033,45.261650,48.662605,37.841099,7537800
2002-07-12,48.662605,50.471622,48.083717,49.784195,38.713257,3541500
2002-07-15,48.373161,50.073639,47.721916,50.073639,38.938354,3173800
2002-07-16,49.928917,53.402233,49.313850,52.570084,40.879631,5234900
2002-07-17,55.175072,55.898678,53.546955,54.813267,42.623970,5488900
2002-07-18,54.270561,54.994171,53.366055,54.270561,42.201958,3876900
2002-07-19,54.270561,54.451466,52.027378,53.764038,41.808086,3423200
2002-07-22,53.040428,53.546955,50.037460,51.086689,39.726116,3526900
2002-07-23,48.481701,50.652527,47.938995,48.481701,37.700413,5144000
2002-07-24,46.274700,49.675655,45.731995,48.698784,37.869232,4882100
2002-07-25,47.504833,47.541012,42.294857,44.067696,34.268002,5758900
2002-07-26,40.702923,40.920006,37.953213,39.436607,30.666754,14542600
2002-07-29,43.416451,44.067696,40.196396,43.742073,34.014763,5539100
2002-07-30,42.584301,45.587273,42.331039,43.344090,33.705296,4622000
2002-07-31,43.959156,43.959156,41.462711,41.969234,32.636192,4832300
2002-08-01,41.969234,43.199368,40.522018,41.245628,32.073490,2669200
2002-08-02,41.245628,41.245628,39.436607,39.943134,31.060644,2742100
2002-08-05,39.870773,40.196396,37.084885,37.301968,29.006817,3029400
2002-08-06,38.713001,40.304939,38.170296,39.617512,30.807442,4741400
2002-08-07,40.775284,41.426529,38.785362,39.798412,30.948097,2576000
2002-08-08,39.979313,43.018467,39.653690,42.692844,33.198872,3812500
2002-08-09,40.956184,43.742073,40.341118,43.416451,33.761581,4225200
2002-08-12,42.331039,42.692844,40.775284,41.137085,31.989067,2629200
2002-08-13,40.883823,43.452629,40.702923,41.426529,32.214157,2093200
2002-08-14,40.883823,43.959156,40.015495,43.669712,33.958508,2592600
2002-08-15,43.416451,45.153107,42.873745,44.501862,34.605602,2406300
2002-08-16,44.320961,47.215389,43.561172,46.672684,36.293682,2687600
2002-08-19,46.672684,48.843506,45.985256,48.409340,37.644150,2810600
2002-08-20,47.143028,48.119900,45.659634,45.840534,35.646603,2908800
2002-08-21,46.202339,48.807327,45.985256,48.409340,37.644150,1948900
2002-08-22,47.938995,49.784195,47.613373,48.952049,38.066177,2094700
2002-08-23,47.758095,48.590244,46.564144,47.034489,36.575031,1830500
2002-08-26,47.070667,48.300800,46.202339,47.034489,36.575031,1859100
2002-08-27,47.685734,48.119900,46.129978,46.238518,35.956078,1864100
2002-08-28,45.297829,46.021439,43.597351,43.778255,34.042908,2163100
2002-08-29,43.380268,45.044567,42.367218,44.538040,34.633747,2099700
2002-08-30,43.416451,44.465679,43.127007,43.416451,33.761581,1520400
2002-09-03,41.788334,42.620483,41.643612,42.113956,32.748722,2393400
2002-09-04,42.150135,43.814434,42.150135,43.669712,33.958508,1860200
2002-09-05,42.150135,43.054646,41.571251,42.475761,33.030071,3114000
2002-09-06,44.320961,44.718945,43.561172,44.393322,34.521217,3089600
2002-09-09,44.357140,46.310879,43.778255,45.478733,35.365253,2742000
2002-09-10,45.514912,45.949078,43.742073,44.465679,34.577477,2104800
2002-09-11,45.840534,45.949078,44.176239,44.610401,34.803288,1580100
2002-09-12,43.742073,43.959156,42.258678,42.294857,32.996796,2121900
2002-09-13,41.933056,42.837563,41.028545,41.643612,32.488712,2423900
2002-09-16,39.798412,41.426529,39.798412,40.485840,31.585455,1739900
2002-09-17,40.485840,42.331039,38.315018,38.640640,30.145918,2821100
2002-09-18,38.351196,40.124035,37.157246,39.038624,30.456394,2195800
2002-09-19,37.301968,38.134117,36.180374,36.614540,28.565226,2969400
2002-09-20,38.387379,39.183346,37.338146,37.917034,29.581383,4022500
2002-09-23,36.542179,37.699951,36.433640,36.614540,28.565226,1947000
2002-09-24,36.361279,37.519051,35.890930,36.361279,28.367641,2890100
2002-09-25,38.134117,40.232578,36.940163,38.930084,30.371716,3900000
2002-09-26,39.870773,40.449657,38.061756,38.495918,30.033003,4030000
2002-09-27,37.265785,39.255707,37.121063,37.229607,29.045092,2689300
2002-09-30,36.180374,37.989395,35.492947,36.831623,28.734585,3318400
2002-10-01,37.301968,38.134117,36.469818,37.917034,29.581383,3320600
2002-10-02,37.627590,39.436607,36.542179,36.723080,28.649912,2703600
2002-10-03,38.604462,39.219528,37.265785,37.844673,29.524929,3707400
2002-10-04,38.170296,38.893902,36.180374,36.216557,28.254732,2949900
2002-10-07,35.529129,36.578358,34.371357,34.371357,26.815186,2854900
2002-10-08,35.094963,35.420586,31.296024,35.275867,27.520849,5414200
2002-10-09,32.743240,33.503029,29.197563,30.029711,23.428005,8248100
2002-10-10,30.463875,33.503029,30.391516,32.887962,25.657902,7068500
2002-10-11,35.022602,36.469818,34.552258,36.071835,28.141832,4441400
2002-10-14,35.818573,37.012524,34.986423,36.542179,28.508774,2672100
2002-10-15,38.351196,38.893902,35.710030,36.542179,28.508774,5945200
2002-10-16,28.980480,31.115122,26.556395,28.401594,22.157806,22490500
2002-10-17,28.944300,29.487005,26.411674,29.125202,22.722345,14191800
2002-10-18,28.039791,29.089022,27.497086,28.112152,21.932001,5859400
2002-10-21,28.112152,28.582497,27.135281,28.256872,22.044910,5317500
2002-10-22,27.424725,29.450825,27.243822,29.450825,22.976368,5232900
2002-10-23,29.269924,31.838730,28.980480,31.838730,24.839333,5287600
2002-10-24,32.562336,32.779419,31.476927,31.621647,24.669966,4423800
2002-10-25,30.825680,32.200535,30.825680,32.200535,25.121593,2467200
2002-10-28,32.562336,33.068863,32.309074,32.562336,25.403852,2440800
2002-10-29,32.562336,32.996502,30.065891,32.128174,25.065136,2694500
2002-10-30,31.983452,33.575390,31.115122,33.213585,25.911930,3045800
2002-10-31,33.213585,34.407536,32.924141,33.177402,25.883709,3244400
2002-11-01,32.526157,34.262814,31.766369,34.081913,26.589373,2986600
2002-11-04,35.275867,36.614540,34.914063,36.108013,28.170050,3932700
2002-11-05,36.144196,36.505997,34.986423,35.637669,27.803110,2845600
2002-11-06,35.492947,35.854752,34.479897,34.805519,27.153898,3077700
2002-11-07,33.503029,34.226635,32.562336,32.634697,25.460304,3112800
2002-11-08,32.634697,32.634697,31.368385,31.838730,24.839333,2762200
2002-11-11,31.151302,31.549288,30.210613,30.319155,23.653809,1788300
2002-11-12,31.115122,32.200535,31.115122,31.657827,24.698195,3768600
2002-11-13,31.621647,32.272896,30.825680,31.657827,24.698195,3473400
2002-11-14,32.562336,33.430668,32.309074,32.815601,25.601442,2719100
2002-11-15,32.598518,33.213585,32.272896,32.707058,25.516760,2635800
2002-11-18,33.358307,34.407536,33.213585,33.901012,26.448235,2851800
2002-11-19,34.190453,34.226635,32.055813,32.236713,25.149824,3124300
2002-11-20,31.874910,33.828651,31.838730,33.828651,26.391783,3227100
2002-11-21,34.371357,37.880852,34.154274,37.663769,29.383802,7595900
2002-11-22,36.723080,38.640640,36.288918,38.025574,29.666048,4515600
2002-11-25,38.351196,39.906952,37.699951,38.061756,29.694275,4470000
2002-11-26,38.061756,40.304939,37.301968,39.545151,30.851587,5200100
2002-11-27,39.798412,42.765202,39.653690,41.173267,32.121769,5127400
2002-11-29,42.331039,42.331039,40.666740,40.666740,31.726603,1429100
2002-12-02,43.054646,44.320961,41.354168,42.331039,33.025009,4950000
2002-12-03,39.798412,40.522018,37.844673,38.025574,29.666048,5697700
2002-12-04,36.433640,36.759262,34.914063,36.108013,28.170050,6393100
2002-12-05,37.482868,37.482868,35.637669,35.637669,27.803110,3234000
2002-12-06,34.733158,36.180374,34.407536,35.710030,27.859560,2957800
2002-12-09,33.466846,35.818573,33.394485,33.394485,26.053062,2721700
2002-12-10,32.924141,33.358307,32.091991,33.358307,26.024836,5402300
2002-12-11,32.562336,34.877880,32.526157,34.696980,27.069223,3087600
2002-12-12,34.914063,36.216557,34.190453,34.479897,27.012535,2931000
2002-12-13,34.045734,34.986423,33.611568,34.443718,26.984184,2225700
2002-12-16,34.914063,35.963291,34.552258,35.348225,27.692808,2547700
2002-12-17,34.443718,35.999474,34.190453,34.371357,26.927496,2666600
2002-12-18,33.973373,34.009552,33.032681,33.358307,26.133850,2466700
2002-12-19,32.743240,33.901012,32.164352,32.164352,25.198462,3333700
2002-12-20,32.200535,33.068863,31.585468,32.417618,25.396881,4753000
2002-12-23,31.513107,32.670879,31.513107,32.309074,25.311844,2405200
2002-12-24,32.200535,32.489975,31.332205,31.621647,24.773300,993200
2002-12-26,32.381435,33.068863,31.874910,32.381435,25.368532,1964500
2002-12-27,31.802549,32.670879,31.766369,32.562336,25.510256,2056400
2002-12-30,32.562336,32.815601,30.717138,31.404566,24.603224,3691300
2002-12-31,31.440746,31.657827,30.608597,31.296024,24.518196,2554000
2003-01-02,32.272896,33.539207,31.296024,33.285946,26.077150,2730900
2003-01-03,32.996502,34.154274,32.779419,33.177402,25.992121,2393700
2003-01-06,33.864830,36.071835,33.720108,35.094963,27.494398,4724400
2003-01-07,35.456768,36.252735,34.769341,35.058784,27.466049,2972500
2003-01-08,35.456768,35.529129,34.190453,34.950241,27.381016,3321600
2003-01-09,35.275867,36.288918,35.167324,35.818573,28.061289,3627200
2003-01-10,35.312046,36.469818,35.022602,35.927113,28.146322,2777500
2003-01-13,35.167324,35.637669,33.503029,34.190453,26.785776,5019700
2003-01-14,34.190453,34.769341,33.647747,34.226635,26.814119,2828500
2003-01-15,34.226635,34.660801,33.466846,33.466846,26.218874,2225900
2003-01-16,33.466846,33.792469,32.562336,33.032681,25.878742,2933700
2003-01-17,32.381435,32.562336,31.296024,31.730188,24.858334,3521800
2003-01-21,31.476927,32.055813,30.789499,31.657827,24.801641,3718100
2003-01-22,32.381435,32.562336,30.717138,30.861860,24.178055,4941400
2003-01-23,31.657827,31.657827,30.282974,31.368385,24.574883,5760000
2003-01-24,31.440746,31.585468,30.789499,31.368385,24.574883,3587800
2003-01-27,30.572416,31.042761,29.776449,30.319155,23.752884,2990500
2003-01-28,30.536236,30.753319,29.776449,30.029711,23.526131,2974100
2003-01-29,29.812630,30.463875,29.233744,30.029711,23.526131,3294800
2003-01-30,30.210613,30.282974,29.233744,29.306105,22.959234,2361100
2003-01-31,29.269924,29.595547,28.691038,28.871939,22.619095,3559900
2003-02-03,29.269924,29.740269,28.944300,28.944300,22.675781,2254600
2003-02-04,28.871939,29.089022,27.931250,28.618677,22.420677,2733000
2003-02-05,28.256872,28.691038,28.039791,28.293053,22.165579,3157600
2003-02-06,28.293053,28.546316,27.786528,27.967430,21.910480,2115500
2003-02-07,28.582497,28.799578,27.895069,27.895069,21.853788,2497800
2003-02-10,27.895069,29.125202,27.895069,29.052841,22.760820,2467200
2003-02-11,29.052841,29.884991,28.980480,29.487005,23.100954,3026900
2003-02-12,29.052841,29.740269,28.944300,28.944300,22.675781,3311800
2003-02-13,28.980480,29.233744,28.582497,28.871939,22.619095,3147200
2003-02-14,29.487005,30.391516,28.582497,30.391516,23.809580,2077000
2003-02-18,30.391516,30.536236,29.740269,29.884991,23.412748,2182000
2003-02-19,29.487005,30.065891,29.016661,29.993530,23.497782,2323500
2003-02-20,29.848810,30.029711,29.414644,29.740269,23.299366,1937400
2003-02-21,30.355335,30.355335,29.487005,29.848810,23.384405,2091600
2003-02-24,29.378464,30.138252,29.342283,29.342283,22.987581,2167700
2003-02-25,28.582497,29.921169,28.510136,29.487005,23.100954,2945800
2003-02-26,29.016661,29.921169,29.016661,29.523186,23.129295,2394400
2003-02-27,29.595547,29.957350,29.487005,29.957350,23.469446,1734300
2003-02-28,29.740269,31.042761,29.667908,30.463875,23.866264,2733000
2003-03-03,30.753319,31.006582,30.282974,30.463875,23.866264,2295200
2003-03-04,30.572416,30.644777,29.450825,29.487005,23.100954,2326100
2003-03-05,29.487005,30.029711,29.487005,29.884991,23.412748,2186700
2003-03-06,29.559366,29.667908,28.980480,29.125202,22.817511,2162300
2003-03-07,28.727219,29.125202,28.401594,28.980480,22.704128,3007300
2003-03-10,28.980480,29.197563,28.510136,28.582497,22.392336,2436000
2003-03-11,28.763397,29.052841,28.582497,28.871939,22.619095,2920200
2003-03-12,28.256872,29.089022,28.256872,29.089022,22.903971,3784100
2003-03-13,29.487005,29.667908,28.799578,28.980480,22.818508,4133900
2003-03-14,29.269924,30.391516,29.052841,29.631727,23.331284,2528200
2003-03-17,29.269924,30.970402,29.052841,30.861860,24.299862,3355300
2003-03-18,30.753319,31.440746,30.463875,31.440746,24.755663,2468700
2003-03-19,30.898041,31.404566,29.631727,29.848810,23.502209,4019900
2003-03-20,29.848810,30.282974,29.487005,29.884991,23.530689,2629500
2003-03-21,30.753319,30.753319,29.667908,30.753319,24.214401,3277200
2003-03-24,30.029711,30.753319,29.812630,29.957350,23.587673,2333000
2003-03-25,30.319155,31.296024,29.921169,31.115122,24.499269,2703800
2003-03-26,31.115122,31.115122,29.921169,30.789499,24.242884,3702100
2003-03-27,30.246794,30.572416,29.848810,30.572416,24.071949,2506200
2003-03-28,29.776449,30.355335,29.776449,30.029711,23.644646,2253800
2003-03-31,29.559366,30.282974,29.233744,29.884991,23.530689,2825300
2003-04-01,29.884991,30.536236,29.704088,30.210613,23.787079,2032300
2003-04-02,30.825680,31.332205,30.825680,31.151302,24.527756,3616400
2003-04-03,30.463875,31.259844,30.391516,30.572416,24.071949,2623600
2003-04-04,30.246794,30.898041,30.174433,30.753319,24.214401,2195300
2003-04-07,31.549288,31.730188,30.644777,30.861860,24.299862,3233700
2003-04-08,30.861860,30.861860,29.704088,30.102072,23.701620,3431300
2003-04-09,29.704088,29.812630,28.727219,28.763397,22.647583,4384000
2003-04-10,28.944300,29.233744,28.691038,28.944300,22.790014,2479900
2003-04-11,29.667908,29.740269,28.799578,28.944300,22.790014,2907600
2003-04-14,28.546316,28.871939,28.510136,28.871939,22.733042,2385200
2003-04-15,28.727219,29.125202,28.510136,28.727219,22.619101,3842100
2003-04-16,29.667908,29.704088,27.424725,28.329233,22.305731,12948000
2003-04-17,28.329233,28.835758,28.039791,28.582497,22.505146,5456600
2003-04-21,28.618677,28.763397,28.293053,28.473955,22.419682,3482900
2003-04-22,28.473955,29.306105,28.293053,29.233744,23.017923,4451700
2003-04-23,29.414644,30.753319,29.306105,30.319155,23.872541,4542000
2003-04-24,29.740269,29.921169,29.306105,29.450825,23.188843,3009700
2003-04-25,29.450825,29.595547,28.075972,28.582497,22.505146,5221500
2003-04-28,28.401594,29.197563,28.365414,28.980480,22.818508,2925000
2003-04-29,29.378464,29.848810,28.908119,29.052841,22.875481,2777500
2003-04-30,28.691038,28.980480,28.618677,28.618677,22.533630,5411300
2003-05-01,28.654858,28.980480,28.473955,28.727219,22.619101,2104500
2003-05-02,28.654858,29.125202,28.618677,29.125202,22.932457,3693800
2003-05-05,29.450825,29.812630,29.161383,29.414644,23.160360,3349600
2003-05-06,28.944300,29.740269,28.944300,29.487005,23.217331,4125800
2003-05-07,29.052841,29.523186,28.980480,29.016661,22.846992,3624400
2003-05-08,28.908119,29.161383,28.763397,28.980480,22.818508,2911300
2003-05-09,29.161383,29.233744,28.618677,28.835758,22.704559,3367800
2003-05-12,28.763397,29.269924,28.546316,29.233744,23.017923,3694900
2003-05-13,29.233744,29.233744,28.582497,29.125202,22.932457,7631900
2003-05-14,29.016661,32.381435,29.016661,32.272896,25.410881,16425100
2003-05-15,32.707058,33.575390,31.838730,32.924141,25.923651,9242600
2003-05-16,32.924141,33.032681,32.128174,32.200535,25.353901,3765300
2003-05-19,31.730188,32.055813,30.934221,30.934221,24.356840,3240000
2003-05-20,31.368385,31.657827,30.391516,30.680958,24.157419,4847900
2003-05-21,30.898041,31.078941,30.029711,30.029711,23.644646,4912600
2003-05-22,30.391516,30.753319,30.246794,30.536236,24.043474,4164700
2003-05-23,30.717138,31.223663,30.391516,30.717138,24.185907,3013200
2003-05-27,30.536236,31.694008,30.500055,31.657827,24.926584,3660900
2003-05-28,31.874910,32.200535,30.898041,31.115122,24.499269,3854800
2003-05-29,31.115122,31.621647,30.789499,31.476927,24.784155,3426800
2003-05-30,31.476927,31.766369,30.825680,30.825680,24.271372,4107300
2003-06-02,31.621647,32.200535,31.151302,31.585468,24.869608,4869900
2003-06-03,31.115122,31.259844,30.644777,30.717138,24.185907,5090300
2003-06-04,30.753319,32.526157,30.753319,32.417618,25.524820,4822700
2003-06-05,32.200535,33.466846,32.019630,33.177402,26.123060,6383300
2003-06-06,34.190453,34.226635,32.164352,32.164352,25.325407,6030600
2003-06-09,30.355335,31.476927,30.174433,31.404566,24.727171,8149600
2003-06-10,31.404566,32.128174,30.391516,31.115122,24.499269,3674900
2003-06-11,30.753319,32.091991,30.246794,32.019630,25.329277,5523100
2003-06-12,32.381435,32.924141,31.730188,32.743240,25.901684,4758500
2003-06-13,32.562336,32.924141,31.151302,31.332205,24.785480,3314200
2003-06-16,31.621647,32.128174,30.572416,31.730188,25.100309,3073000
2003-06-17,31.911091,32.417618,31.476927,32.309074,25.558235,3043700
2003-06-18,32.164352,33.756290,31.947271,33.575390,26.559952,5141800
2003-06-19,34.009552,35.818573,32.743240,34.805519,27.533060,9024400
2003-06-20,34.986423,35.275867,34.154274,35.203506,27.847878,6379000
2003-06-23,34.914063,35.239685,33.683929,33.901012,26.817545,4505500
2003-06-24,33.647747,34.190453,33.322124,33.973373,26.874790,4286700
2003-06-25,34.009552,34.733158,33.864830,34.190453,27.046511,3806700
2003-06-26,34.045734,34.552258,33.828651,34.479897,27.275471,2415100
2003-06-27,34.371357,34.516079,33.575390,33.937191,26.846165,2704800
2003-06-30,33.756290,34.624619,33.683929,34.118095,26.989273,3359800
2003-07-01,33.466846,33.683929,32.924141,33.430668,26.445475,4207200
2003-07-02,33.539207,34.950241,33.503029,34.877880,27.590302,3575000
2003-07-03,34.769341,35.203506,34.298996,34.624619,27.389950,2392800
2003-07-07,35.601490,36.361279,35.275867,36.288918,28.706497,5358800
2003-07-08,35.999474,36.759262,35.456768,35.710030,28.248577,3791500
2003-07-09,36.361279,37.736130,35.384407,37.084885,29.336170,5254200
2003-07-10,32.924141,36.180374,32.779419,34.262814,27.103750,6363900
2003-07-11,34.588440,35.384407,34.371357,34.407536,27.218229,3327200
2003-07-14,35.275867,35.529129,34.371357,34.371357,27.189608,4064000
2003-07-15,34.479897,35.818573,34.479897,35.384407,27.990984,5018400
2003-07-16,34.696980,34.696980,32.960323,33.756290,26.703060,5155300
2003-07-17,32.851780,32.996502,31.766369,32.345257,25.586863,4300000
2003-07-18,32.887962,33.068863,32.200535,32.743240,25.901684,2295200
2003-07-21,31.657827,31.983452,31.404566,31.549288,24.957207,3027000
2003-07-22,31.657827,32.453796,31.585468,32.272896,25.529623,3996000
2003-07-23,32.091991,33.322124,31.874910,33.068863,26.159264,2629900
2003-07-24,33.285946,33.828651,32.707058,32.779419,25.930300,2526100
2003-07-25,32.815601,33.249763,32.019630,33.177402,26.245129,2069400
2003-07-28,32.996502,39.798412,32.996502,33.864830,26.788923,2340800
2003-07-29,33.864830,33.864830,32.887962,33.249763,26.302372,2331200
2003-07-30,33.213585,33.358307,32.743240,32.924141,26.044788,2400500
2003-07-31,33.539207,36.542179,32.670879,32.707058,25.873066,3004500
2003-08-01,32.779419,33.539207,32.743240,33.394485,26.416851,2089900
2003-08-04,33.177402,34.009552,32.815601,33.973373,26.874790,2834100
2003-08-05,33.792469,33.973373,33.285946,33.394485,26.416851,2868400
2003-08-06,32.887962,33.937191,32.887962,33.611568,26.588572,2814100
2003-08-07,33.177402,33.611568,32.924141,33.539207,26.531338,2170100
2003-08-08,33.539207,33.973373,33.032681,33.213585,26.273745,1658600
2003-08-11,33.105042,33.539207,33.032681,33.539207,26.531338,1139100
2003-08-12,33.430668,33.756290,32.924141,33.756290,26.703060,2227200
2003-08-13,33.756290,33.828651,33.358307,33.539207,26.531338,1651500
2003-08-14,33.539207,34.805519,33.285946,34.805519,27.533060,2729000
2003-08-15,34.914063,35.275867,34.443718,35.275867,27.905123,2488200
2003-08-18,35.312046,35.746212,34.950241,35.601490,28.162704,2692100
2003-08-19,35.818573,36.976345,35.637669,36.903984,29.193056,5064000
2003-08-20,36.144196,37.084885,36.035652,36.325096,28.735136,4455200
2003-08-21,36.578358,37.446690,36.542179,37.084885,29.336170,3455500
2003-08-22,37.519051,37.663769,36.903984,37.301968,29.507887,4232900
2003-08-25,37.084885,37.374329,36.723080,37.229607,29.450649,3182400
2003-08-26,37.265785,38.930084,36.976345,38.821541,30.709955,5856500
2003-08-27,37.301968,38.857723,37.301968,38.821541,30.709955,4946300
2003-08-28,38.459740,38.857723,37.736130,38.821541,30.709955,3332500
2003-08-29,38.821541,39.291885,38.315018,38.821541,30.709955,3030600
2003-09-02,39.255707,39.255707,38.061756,38.495918,30.452362,4340500
2003-09-03,38.821541,39.219528,38.206474,38.278835,30.280643,4456500
2003-09-04,37.989395,39.291885,37.953213,39.219528,31.024782,4080500
2003-09-05,39.219528,40.702923,38.532101,38.893902,30.767187,6048600
2003-09-08,39.074806,41.354168,38.930084,40.811462,32.284081,4518800
2003-09-09,41.607430,42.150135,40.413479,40.522018,32.055115,7097500
2003-09-10,40.558201,40.558201,38.459740,38.676823,30.595474,4617700
2003-09-11,39.074806,40.160217,38.893902,39.653690,31.486050,3554300
2003-09-12,39.508968,39.979313,39.038624,39.219528,31.141300,3230200
2003-09-15,38.893902,39.074806,38.097935,38.713001,30.739115,3338800
2003-09-16,38.713001,39.798412,38.640640,39.545151,31.399870,2903700
2003-09-17,39.364246,39.436607,38.459740,38.495918,30.566734,3272500
2003-09-18,39.617512,40.522018,39.183346,40.268757,31.974407,4243300
2003-09-19,39.979313,40.702923,39.617512,40.124035,31.859507,3739300
2003-09-22,44.646584,44.863667,43.452629,43.633533,34.646145,18275300
2003-09-23,43.778255,44.501862,43.054646,44.501862,35.335609,8504700
2003-09-24,44.501862,45.442551,43.778255,44.357140,35.220688,7777400
2003-09-25,44.357140,45.949078,43.995335,45.334011,35.996365,6896100
2003-09-26,43.633533,45.370190,42.656662,45.334011,35.996365,11128900
2003-09-29,45.840534,46.129978,44.429501,44.501862,35.335609,6680500
2003-09-30,43.959156,44.284779,42.729023,43.235550,34.330132,4793700
2003-10-01,43.307907,44.067696,42.801384,43.886795,34.847229,4504400
2003-10-02,43.886795,44.646584,43.633533,44.140057,35.048328,2689300
2003-10-03,45.406372,45.478733,44.140057,44.429501,35.278152,4003300
2003-10-06,47.830456,49.205311,47.034489,48.843506,38.782993,9704700
2003-10-07,48.481701,50.941967,48.300800,50.869606,40.391762,8791300
2003-10-08,51.231411,51.737938,49.241489,49.458572,39.271370,6067300
2003-10-09,50.146000,50.797245,49.024406,49.675655,39.443737,3969100
2003-10-10,50.290722,50.580166,49.675655,49.892738,39.616108,2966500
2003-10-13,50.652527,52.099739,49.784195,50.182178,39.845921,7049900
2003-10-14,49.205311,49.567112,48.734966,49.096767,38.984081,5355000
2003-10-15,49.675655,50.109818,48.734966,49.856556,39.587376,5404800
2003-10-16,49.386211,50.037460,49.241489,49.567112,39.357552,2723000
2003-10-17,49.567112,50.001278,48.554062,48.771145,38.725529,2399300
2003-10-20,47.396290,48.590244,47.034489,47.758095,37.921150,4164800
2003-10-21,47.758095,49.205311,47.721916,48.554062,38.553165,2722500
2003-10-22,45.514912,48.662605,45.514912,47.830456,37.978600,2415600
2003-10-23,46.853584,48.879688,46.853584,48.771145,38.725529,4200500
2003-10-24,48.481701,48.481701,47.143028,47.938995,38.064789,2921700
2003-10-27,47.938995,48.626423,47.106850,47.287750,37.547691,4188800
2003-10-28,47.541012,48.445522,47.034489,48.445522,38.466980,5675000
2003-10-29,48.228439,50.363083,48.011356,50.182178,39.845921,4277300
2003-10-30,50.652527,50.652527,49.205311,49.748016,39.501186,3359600
2003-10-31,49.748016,49.820377,48.915867,48.952049,38.869183,1944300
2003-11-03,49.132950,50.290722,49.132950,50.073639,39.759747,3911000
2003-11-04,50.073639,50.797245,48.879688,50.471622,40.075745,3038900
2003-11-05,49.856556,50.399261,49.205311,50.290722,39.932110,2088200
2003-11-06,50.290722,50.833427,49.711834,50.471622,40.075745,3385700
2003-11-07,51.086689,51.593216,50.652527,51.339951,40.765224,4404200
2003-11-10,51.014328,51.303772,47.938995,48.771145,38.725529,5446600
2003-11-11,48.409340,48.843506,47.794277,48.192261,38.265877,3912300
2003-11-12,48.843506,49.748016,48.843506,49.386211,39.213913,4392500
2003-11-13,49.350033,49.494755,47.685734,48.156078,38.237164,3040500
2003-11-14,48.264622,49.132950,47.613373,47.830456,37.978600,2888400
2003-11-17,45.225468,47.758095,45.225468,47.034489,37.346581,3240500
2003-11-18,47.215389,48.011356,46.202339,46.202339,36.685829,2460000
2003-11-19,46.491783,47.866634,45.225468,47.866634,38.007328,3221400
2003-11-20,47.215389,48.734966,47.070667,48.083717,38.179691,3874500
2003-11-21,48.119900,48.554062,47.975178,48.481701,38.495705,3035600
2003-11-24,48.952049,49.313850,48.481701,49.060589,38.955357,2950200
2003-11-25,49.241489,49.277672,48.626423,48.662605,38.639359,3030000
2003-11-26,49.386211,50.580166,49.241489,50.218361,39.874653,3769500
2003-11-28,50.652527,51.014328,50.037460,50.797245,40.334305,1959700
2003-12-01,51.159050,51.339951,50.616344,51.122871,40.592861,2755500
2003-12-02,50.941967,51.339951,50.761066,50.833427,40.363029,3328700
2003-12-03,51.014328,51.159050,49.205311,49.458572,39.271370,8470900
2003-12-04,49.277672,49.458572,48.192261,48.373161,38.409523,5231300
2003-12-05,47.794277,48.734966,47.396290,48.300800,38.352066,3937300
2003-12-08,47.613373,48.119900,47.251572,47.649555,37.834957,4128900
2003-12-09,47.685734,47.975178,45.985256,46.274700,36.743271,4398200
2003-12-10,46.310879,46.491783,44.827484,45.406372,36.053818,4074400
2003-12-11,45.623451,47.215389,45.406372,47.106850,37.523632,3676500
2003-12-12,47.106850,47.396290,46.383240,47.323929,37.696552,2680000
2003-12-15,47.577194,48.481701,46.166157,46.274700,36.860775,4134600
2003-12-16,46.962128,48.228439,46.600323,48.228439,38.417061,9478500
2003-12-17,47.758095,48.373161,47.323929,47.649555,37.955929,5365500
2003-12-18,47.649555,48.662605,47.577194,48.481701,38.618782,4853000
2003-12-19,48.698784,48.771145,47.396290,47.830456,38.100025,3108800
2003-12-22,47.577194,48.843506,47.323929,48.807327,38.878185,2971700
2003-12-23,48.952049,49.422394,48.698784,49.277672,39.252834,2979200
2003-12-24,48.843506,49.567112,48.807327,49.530933,39.454578,1003800
2003-12-26,49.313850,49.928917,49.313850,49.784195,39.656311,802100
2003-12-29,50.073639,51.014328,49.784195,50.797245,40.463276,4171500
2003-12-30,50.797245,50.905788,50.001278,50.326900,40.088604,2737500
2003-12-31,50.399261,50.978149,50.326900,50.652527,40.348000,2580300
2004-01-02,51.557034,52.642445,51.339951,52.461544,41.788990,6585200
2004-01-05,53.546955,54.849449,53.221333,54.451466,43.374100,5038100
2004-01-06,54.270561,54.632366,53.583134,54.342922,43.287636,3697000
2004-01-07,54.306744,55.609238,54.053482,54.487644,43.402912,5523900
2004-01-08,56.007221,56.984089,55.717777,56.911732,45.333843,5217100
2004-01-09,56.188122,57.526794,55.862499,56.839371,45.276218,3722200
2004-01-12,57.454437,58.829288,57.345894,58.612209,46.688381,5433300
2004-01-13,60.855392,60.963932,58.612209,59.046371,47.034222,8314800
2004-01-14,59.335815,59.552898,58.286583,59.154915,47.120682,5042200
2004-01-15,58.974010,59.154915,57.526794,59.010193,47.005402,3352500
2004-01-16,59.010193,61.687538,59.010193,61.325737,48.849892,5654700
2004-01-20,61.506638,62.953854,61.144833,61.687538,49.138088,7605000
2004-01-21,61.434277,61.687538,59.408176,60.819210,48.446411,7590800
2004-01-22,61.832260,61.832260,60.385044,60.457405,48.158211,4540800
2004-01-23,60.457405,61.506638,60.421227,60.674488,48.331123,3796300
2004-01-26,60.421227,62.592049,59.552898,62.338787,49.656857,3841400
2004-01-27,61.940804,63.315655,61.651360,62.194065,49.541576,3604700
2004-01-28,62.953854,63.207115,61.000111,61.144833,48.705799,4056600
2004-01-29,61.687538,61.687538,60.059422,60.565948,48.244663,4273000
2004-01-30,60.565948,61.144833,59.987061,59.987061,47.783562,3903000
2004-02-02,60.167965,60.457405,59.371994,59.516716,47.408901,3196400
2004-02-03,58.974010,60.023243,58.431305,59.625259,47.495358,3195500
2004-02-04,59.046371,59.408176,57.635338,57.960960,46.169643,3519000
2004-02-05,58.250404,59.371994,58.178043,58.793110,46.832500,2394700
2004-02-06,59.010193,61.723721,59.010193,61.289555,48.821056,3609100
2004-02-09,61.506638,61.578999,60.276505,60.783031,48.417606,1903300
2004-02-10,60.529766,61.796082,60.421227,61.253376,48.792244,1970100
2004-02-11,63.315655,64.943771,62.555870,64.545792,51.414875,4793700
2004-02-12,63.858360,64.220169,61.542816,63.388016,50.492638,2732400
2004-02-13,63.351837,64.003082,61.506638,62.302605,49.628021,2532300
2004-02-17,63.460377,63.460377,61.723721,62.049343,49.426292,4044200
2004-02-18,62.049343,62.411148,61.398098,61.687538,49.138088,2551100
2004-02-19,62.953854,63.785999,62.447327,62.990032,50.175613,5975900
2004-02-20,62.809132,64.437248,62.592049,63.930721,50.924938,5649800
2004-02-23,64.835236,65.341759,61.325737,61.796082,49.224545,5802100
2004-02-24,60.529766,62.157883,60.023243,61.144833,48.705799,4342900
2004-02-25,61.796082,63.677460,61.687538,63.315655,50.434990,4877400
2004-02-26,63.279476,65.775925,62.809132,65.450302,52.135365,4829400
2004-02-27,65.124672,67.657303,64.581970,66.752792,53.172882,5562400
2004-03-01,66.644249,68.380905,66.318626,68.236191,54.354519,3932200
2004-03-02,67.657303,68.019104,66.282448,66.427170,52.913525,4338100
2004-03-03,66.427170,66.933693,65.558838,66.354805,52.855869,2827700
2004-03-04,66.390991,66.933693,65.848282,66.427170,52.913525,2695400
2004-03-05,65.595016,66.897514,65.305580,65.414116,52.106552,3260500
2004-03-08,65.414116,65.775925,63.713642,63.894543,50.896107,3511000
2004-03-09,66.788971,66.788971,62.772949,63.279476,50.406181,3556300
2004-03-10,63.677460,63.822182,60.819210,61.289555,48.821056,3982700
2004-03-11,59.878521,61.615177,59.697620,60.240326,48.098854,4668000
2004-03-12,60.783031,62.085522,60.565948,61.832260,49.369946,3491800
2004-03-15,61.144833,61.651360,56.441383,59.082554,47.174438,3276500
2004-03-16,59.516716,60.638309,59.154915,60.095604,47.983303,3484300
2004-03-17,60.783031,63.026215,60.565948,62.302605,49.745480,4396400
2004-03-18,61.868443,62.302605,60.204144,61.651360,49.225513,2565800
2004-03-19,61.651360,61.832260,60.674488,61.289555,48.936623,3016000
2004-03-22,60.602127,60.602127,57.418255,58.539848,46.741116,5375800
2004-03-23,59.733799,60.457405,59.227272,59.516716,47.521099,3709900
2004-03-24,59.806160,61.687538,59.697620,61.144833,48.821056,3942300
2004-03-25,61.506638,62.592049,60.131783,62.411148,49.832157,4097400
2004-03-26,61.144833,62.157883,60.963932,61.434277,49.052181,3557700
2004-03-29,61.759899,63.713642,61.759899,63.605099,50.785469,2942300
2004-03-30,63.026215,64.003082,62.447327,63.424198,50.641026,2622800
2004-03-31,63.424198,63.894543,62.809132,63.677460,50.843246,2658700
2004-04-01,64.943771,65.558838,64.292526,65.233215,52.085430,6044200
2004-04-02,66.752792,67.910561,65.993004,67.838203,54.165398,4775900
2004-04-05,67.584938,67.838203,66.535713,67.404037,53.818737,3301400
2004-04-06,65.124672,67.476402,65.124672,66.029182,52.720970,5683300
2004-04-07,65.703560,66.029182,64.762871,65.305580,52.143223,3482400
2004-04-08,66.210083,66.499527,64.581970,65.667381,52.432083,2752400
2004-04-12,65.450302,65.812103,64.943771,65.124672,51.998768,3112300
2004-04-13,65.233215,65.341759,63.170937,63.496559,50.698807,2860900
2004-04-14,63.315655,64.437248,62.809132,63.460377,50.669922,2188500
2004-04-15,63.460377,64.111626,62.013165,62.194065,49.658825,2666400
2004-04-16,63.858360,63.858360,59.697620,59.987061,47.896652,6877600
2004-04-19,60.276505,60.602127,59.335815,60.421227,48.243305,4002600
2004-04-20,61.144833,61.325737,58.539848,58.684566,46.856670,7764800
2004-04-21,70.732635,70.985893,69.104515,69.828125,55.754246,23186100
2004-04-22,68.923615,75.146637,68.200005,74.965736,59.856380,14290800
2004-04-23,73.807968,75.580803,73.192902,73.916504,59.018612,7127800
2004-04-26,72.360748,73.627060,71.818047,73.337624,58.556400,4969700
2004-04-27,72.903458,75.508446,72.794914,73.518524,58.700832,7348100
2004-04-28,73.265259,73.265259,70.298470,70.913536,56.620892,5525300
2004-04-29,70.045204,70.298470,66.571892,67.259315,53.703182,7410600
2004-04-30,68.308548,68.417091,65.595016,66.029182,52.720970,4093400
2004-05-03,66.861336,66.897514,65.052315,65.920647,52.634312,4008000
2004-05-04,66.029182,68.670349,65.703560,67.476402,53.876507,3369500
2004-05-05,68.019104,69.719582,67.150780,68.742714,54.887596,4634900
2004-05-06,69.104515,69.104515,67.331680,68.019104,54.309845,2872900
2004-05-07,67.295494,69.538681,67.186958,67.765839,54.107620,3021500
2004-05-10,67.223137,68.272369,66.716614,67.693481,54.049816,4309900
2004-05-11,69.285416,69.285416,67.295494,67.657303,54.020947,4403400
2004-05-12,68.561813,68.706535,66.210083,68.200005,54.454269,3983500
2004-05-13,68.200005,70.551735,67.838203,70.117569,55.985359,4511400
2004-05-14,70.298470,70.877357,67.295494,68.344727,54.569828,3913300
2004-05-17,66.390991,68.236191,66.318626,67.476402,53.876507,2693200
2004-05-18,68.019104,69.466316,67.910561,68.742714,54.887596,2372400
2004-05-19,70.479370,71.564781,69.538681,70.045204,55.927570,3343800
2004-05-20,70.045204,71.347702,69.502502,69.647224,55.609825,2890400
2004-05-21,70.551735,71.275337,70.334648,70.877357,56.592003,3201800
2004-05-24,71.890404,72.541649,70.370827,70.551735,56.332016,3139100
2004-05-25,70.732635,72.071304,69.647224,72.071304,57.545311,2938000
2004-05-26,70.732635,71.637146,70.189926,70.624092,56.389786,3648200
2004-05-27,71.094437,71.890404,70.660271,71.637146,57.198650,2704000
2004-05-28,71.130615,71.818047,70.877357,71.528603,57.112003,2649900
2004-06-01,70.985893,72.252213,70.913536,71.962769,57.458649,3098200
2004-06-02,71.998947,73.048180,71.456238,72.469292,57.863083,4300300
2004-06-03,72.324570,72.324570,69.828125,69.828125,55.754246,4136400
2004-06-04,71.202980,72.650192,70.768814,71.528603,57.112003,3614700
2004-06-07,72.722557,74.061226,72.252213,73.844147,58.960831,4134200
2004-06-08,73.446159,73.988869,72.794914,73.735603,58.874157,4293200
2004-06-09,73.337624,73.916504,71.926582,71.962769,57.458649,3489000
2004-06-10,72.469292,73.265259,71.637146,71.998947,57.487534,2913600
2004-06-14,71.998947,72.179848,68.561813,68.561813,54.853394,5880100
2004-06-15,69.285416,69.647224,66.571892,66.752792,53.406094,8016600
2004-06-16,67.114594,67.584938,65.703560,67.367859,53.898182,6061400
2004-06-17,67.367859,67.367859,65.414116,65.450302,52.364014,3649200
2004-06-18,64.401070,64.762871,62.411148,62.736771,50.193039,7378200
2004-06-21,63.858360,64.762871,62.555870,63.460377,50.771957,4720400
2004-06-22,63.858360,65.450302,63.677460,64.762871,51.814034,4450000
2004-06-23,65.088493,66.861336,64.581970,66.463348,53.174534,3539500
2004-06-24,66.535713,67.295494,66.065361,66.137726,52.914001,3398200
2004-06-25,66.137726,66.390991,64.545792,66.137726,52.914001,6314800
2004-06-28,66.354805,66.571892,64.581970,65.016136,52.016651,3882800
2004-06-29,64.943771,65.486481,64.473427,65.124672,52.103500,5507000
2004-06-30,65.956825,66.752792,65.160858,66.029182,52.827164,3118600
2004-07-01,66.499527,66.535713,64.799049,65.775925,52.624531,3856800
2004-07-02,65.486481,65.920647,64.183983,64.292526,51.437733,2318800
2004-07-06,63.388016,63.858360,60.602127,60.963932,48.774673,5228900
2004-07-07,61.687538,63.966904,61.325737,62.845310,50.279888,4850600
2004-07-08,63.026215,65.269394,62.845310,63.026215,50.424603,4360800
2004-07-09,64.401070,64.654327,63.026215,63.315655,50.656178,2386400
2004-07-12,63.315655,63.424198,61.434277,61.759899,49.411491,2033800
2004-07-13,61.940804,62.809132,61.796082,62.664410,50.135151,1933600
2004-07-14,62.049343,62.121704,60.131783,60.602127,48.485207,4043700
2004-07-15,59.299633,60.602127,59.010193,59.987061,47.993114,4548100
2004-07-16,59.878521,59.878521,55.355972,57.164993,45.735302,9682000
2004-07-19,56.441383,57.164993,55.753960,55.862499,44.693230,6681700
2004-07-20,57.816238,58.286583,56.151943,58.214222,46.574745,7804100
2004-07-21,60.385044,60.385044,53.510777,53.800217,43.043282,11291000
2004-07-22,54.523827,56.984089,54.270561,56.477566,45.185326,5894100
2004-07-23,55.898678,56.188122,55.066532,55.283611,44.230080,2742400
2004-07-26,56.441383,56.622288,54.451466,55.790138,44.635349,3362600
2004-07-27,57.056450,57.092632,55.247433,56.007221,44.809013,4089900
2004-07-28,56.260483,59.516716,55.790138,58.576027,46.864201,6814400
2004-07-29,58.974010,59.263454,57.743877,57.924782,46.343163,2894100
2004-07-30,57.671516,58.069500,56.658466,57.635338,46.111607,3055700
2004-08-02,57.237354,58.901649,56.803188,58.720749,46.979996,2330500
2004-08-03,58.178043,58.467487,56.369022,56.477566,45.185326,3021600
2004-08-04,55.898678,56.947910,55.283611,56.079582,44.866905,2971900
2004-08-05,56.079582,57.345894,55.102711,55.319794,44.259037,2536400
2004-08-06,54.668545,54.994171,52.895710,53.329872,42.666981,2830700
2004-08-09,53.366055,53.836399,52.099739,53.257511,42.609081,2009700
2004-08-10,53.185150,54.777088,53.185150,54.777088,43.824852,2465500
2004-08-11,53.004250,53.112789,51.484673,51.846478,41.480183,4081100
2004-08-12,50.833427,51.520855,50.471622,51.086689,40.872307,3201800
2004-08-13,51.701756,52.172100,50.037460,51.412312,41.132813,2649700
2004-08-16,51.195232,52.461544,51.050510,52.172100,41.740688,2272600
2004-08-17,54.560005,55.753960,53.981121,54.560005,43.651154,4262300
2004-08-18,54.560005,56.767010,53.908760,56.513744,45.214252,3321900
2004-08-19,56.441383,57.164993,55.753960,56.513744,45.214252,2770400
2004-08-20,56.730827,58.720749,56.730827,58.069500,46.458942,3188800
2004-08-23,58.503666,59.299633,58.286583,58.467487,46.777367,2467600
2004-08-24,58.503666,58.974010,57.454437,57.924782,46.343163,2182400
2004-08-25,58.431305,59.733799,57.635338,59.335815,47.472073,2415100
2004-08-26,59.082554,60.204144,58.684566,59.263454,47.414188,2079000
2004-08-27,59.480537,60.385044,59.299633,60.023243,48.022064,1625200
2004-08-30,59.371994,59.806160,58.250404,58.612209,46.893150,1620200
2004-08-31,58.503666,58.937832,57.454437,58.431305,46.748428,2106400
2004-09-01,57.599155,59.154915,57.562977,58.829288,47.066830,2257600
2004-09-02,58.539848,59.878521,58.286583,59.480537,47.587872,2404800
2004-09-03,58.576027,59.444355,58.395126,58.395126,46.719471,2265000
2004-09-07,58.974010,59.335815,56.513744,56.730827,45.387936,4475400
2004-09-08,55.355972,55.355972,54.089661,54.632366,43.709049,7516000
2004-09-09,56.079582,58.250404,56.043400,58.105682,46.487900,5965000
2004-09-10,58.503666,60.855392,57.924782,60.385044,48.311535,3899600
2004-09-13,60.421227,62.121704,59.950882,60.204144,48.282501,4083400
2004-09-14,60.963932,61.181015,60.276505,61.036293,48.949871,2182500
2004-09-15,61.072472,61.072472,58.539848,59.154915,47.441036,2967800
2004-09-16,59.480537,61.000111,59.263454,60.746849,48.717751,3368600
2004-09-17,61.144833,61.868443,60.819210,61.542816,49.356106,3861400
2004-09-20,61.470459,63.677460,61.000111,62.845310,50.400677,4252500
2004-09-21,64.039261,65.052315,63.568920,64.509605,51.735401,4932200
2004-09-22,63.749821,65.377937,63.532738,64.907593,52.054577,6491800
2004-09-23,64.690514,65.414116,63.749821,64.726692,51.909492,3121800
2004-09-24,65.052315,65.667381,64.401070,64.509605,51.735401,3646300
2004-09-27,63.785999,65.016136,63.315655,63.315655,50.777885,3505600
2004-09-28,64.039261,64.220169,62.338787,63.351837,50.806881,2975200
2004-09-29,63.315655,64.545792,63.098576,63.641281,51.039032,2204200
2004-09-30,63.677460,65.486481,63.605099,65.269394,52.344742,3814100
2004-10-01,65.848282,67.910561,65.848282,67.910561,54.462894,4229600
2004-10-04,67.910561,69.466316,67.910561,68.778893,55.159283,4629400
2004-10-05,68.019104,68.887436,67.621124,68.706535,55.101254,2746500
2004-10-06,68.200005,68.380905,67.548759,67.838203,54.404858,2600900
2004-10-07,67.838203,68.417091,67.114594,68.019104,54.549950,2121800
2004-10-08,67.729660,67.838203,66.354805,66.608070,53.418331,1975000
2004-10-11,66.571892,67.331680,66.318626,66.933693,53.679455,1193900
2004-10-12,66.137726,67.078415,65.812103,66.463348,53.302273,2627300
2004-10-13,67.657303,68.163826,66.354805,66.571892,53.389313,2532000
2004-10-14,66.499527,67.367859,65.993004,66.318626,53.186199,2356500
2004-10-15,66.318626,67.621124,66.210083,66.752792,53.534382,2835000
2004-10-18,66.752792,68.272369,66.318626,67.729660,54.317822,2057200
2004-10-19,68.561813,70.443192,66.933693,66.933693,53.679455,7551800
2004-10-20,63.568920,64.147804,61.506638,61.832260,49.588219,10643200
2004-10-21,62.592049,62.736771,61.289555,61.470459,49.298065,7604900
2004-10-22,61.651360,62.374966,59.878521,59.914700,48.050377,4670900
2004-10-25,59.697620,61.181015,59.552898,61.000111,48.920845,3110200
2004-10-26,61.398098,62.338787,61.108654,61.542816,49.356106,3244400
2004-10-27,61.687538,64.039261,61.615177,63.822182,51.184090,3544700
2004-10-28,63.315655,64.147804,62.917671,62.917671,50.458698,2320100
2004-10-29,62.628227,63.062393,61.904621,62.447327,50.081493,4144100
2004-11-01,62.447327,62.519688,61.615177,62.085522,49.791348,2820100
2004-11-02,62.121704,62.809132,61.506638,61.796082,49.559212,2568400
2004-11-03,62.772949,63.243294,60.131783,60.421227,48.456604,5717000
2004-11-04,60.059422,61.759899,59.118732,61.687538,49.472164,7351300
2004-11-05,62.411148,63.351837,61.759899,61.759899,49.530197,4159600
2004-11-08,61.868443,62.338787,61.217194,61.253376,49.123981,3726900
2004-11-09,61.615177,61.759899,60.059422,60.312687,48.369560,8244700
2004-11-10,60.312687,63.207115,60.240326,62.157883,49.849365,7818200
2004-11-11,62.772949,64.220169,62.592049,63.605099,51.010010,5287100
2004-11-12,64.039261,65.558838,64.039261,65.486481,52.518845,4369600
2004-11-15,65.341759,66.390991,64.871414,65.269394,52.344742,3002100
2004-11-16,64.943771,65.486481,64.545792,64.654327,51.851460,2233400
2004-11-17,66.390991,66.897514,65.486481,65.595016,52.605869,4829400
2004-11-18,66.318626,66.390991,64.907593,66.210083,53.099152,3860600
2004-11-19,66.210083,66.571892,64.762871,64.907593,52.054577,4128300
2004-11-22,64.907593,67.006058,64.726692,66.752792,53.534382,3974700
2004-11-23,67.657303,68.778893,67.114594,68.272369,54.753067,5830900
2004-11-24,68.200005,69.393959,68.200005,68.778893,55.159283,3262200
2004-11-26,68.489449,69.213058,68.489449,68.742714,55.130276,930700
2004-11-29,68.742714,70.443192,68.742714,70.334648,56.406982,3699900
2004-11-30,70.334648,70.877357,69.466316,69.683403,55.884674,4073800
2004-12-01,70.009026,71.637146,69.828125,71.456238,57.306458,4651000
2004-12-02,71.166794,72.469292,70.407013,71.130615,57.045322,3306200
2004-12-03,73.492653,74.907524,71.794800,72.158623,57.869747,4651800
2004-12-06,72.764999,74.786247,72.522453,73.977753,59.328674,5059300
2004-12-07,74.988373,75.392624,72.724571,72.764999,58.356064,4311800
2004-12-08,73.250099,73.371376,71.228851,71.916077,57.675247,2894700
2004-12-09,71.875648,71.875648,68.924622,71.633102,57.448299,6450100
2004-12-10,69.490578,69.935249,65.488503,66.054451,52.974331,11466500
2004-12-13,67.509750,69.854401,66.701248,69.328873,55.736805,8559000
2004-12-14,69.652275,69.733124,67.833153,68.116127,54.761810,5138900
2004-12-15,67.509750,70.420349,67.226776,68.560799,55.119308,6369200
2004-12-16,68.601227,70.865028,68.601227,69.328873,55.736805,4916800
2004-12-17,68.722504,69.611847,68.641647,68.722504,55.249294,4826800
2004-12-20,69.207603,69.409721,67.914001,68.520378,55.086815,2826300
2004-12-21,68.520378,70.339500,68.277824,69.975677,56.256783,3480500
2004-12-22,70.339500,70.703323,69.894829,70.501198,56.679295,3496200
2004-12-23,70.339500,70.662903,69.733124,69.773552,56.094326,1658300
2004-12-27,70.541626,70.541626,69.611847,69.813972,56.126812,1578800
2004-12-28,69.530998,69.935249,69.167175,69.490578,55.866787,1773800
2004-12-29,69.328873,69.894829,69.126747,69.369301,55.769299,1499100
2004-12-30,69.207603,69.571426,69.126747,69.409721,55.801792,1569700
2004-12-31,69.126747,69.894829,69.126747,69.530998,55.899300,1448100
2005-01-03,69.773552,70.177803,68.439522,68.965050,55.444313,2746400
2005-01-04,69.126747,69.450150,66.943802,67.590599,54.339310,3543500
2005-01-05,67.105499,67.914001,66.660828,66.782097,53.689323,2619300
2005-01-06,67.509750,68.156548,66.620399,67.550179,54.306820,3533600
2005-01-07,68.196976,68.318253,67.105499,67.469322,54.241802,3274600
2005-01-10,67.550179,69.005478,67.307625,68.641647,55.184311,4709100
2005-01-11,68.237396,68.237396,66.862953,67.267197,54.079315,3479000
2005-01-12,67.509750,67.914001,66.054451,66.579971,53.526829,4272400
2005-01-13,66.539551,70.096947,66.539551,68.520378,55.086815,5989600
2005-01-14,69.126747,69.733124,68.520378,68.843773,55.346806,2767400
2005-01-18,69.167175,70.824600,69.167175,70.460777,56.646790,6115600
2005-01-19,67.711876,67.711876,64.477875,65.488503,52.649326,12408500
2005-01-20,65.043823,65.286377,61.688549,63.750225,51.251858,9691900
2005-01-21,64.114052,64.639572,63.022575,63.184277,50.796871,4493500
2005-01-24,63.305550,63.548100,61.526852,61.809826,49.691879,4248500
2005-01-25,62.214073,62.982151,61.243874,62.052376,49.886868,3715200
2005-01-26,62.658749,63.467251,62.497051,63.265125,50.861874,4388300
2005-01-27,64.680000,64.680000,63.143848,63.467251,51.024353,2932200
2005-01-28,63.588524,63.669376,62.254501,62.658749,50.374363,3633500
2005-01-31,63.709801,63.992775,63.305550,63.628948,51.154354,2532900
2005-02-01,63.669376,64.882126,63.224701,64.639572,51.966846,3513100
2005-02-02,64.720428,65.973602,64.397026,65.771477,52.876835,3359900
2005-02-03,65.690628,65.731049,64.437447,64.639572,51.966846,2232300
2005-02-04,64.801277,66.296997,64.680000,65.731049,52.844326,1988600
2005-02-07,65.367226,66.458702,65.367226,66.094872,53.136826,1705700
2005-02-08,65.771477,66.903374,65.690628,65.973602,53.039341,1980900
2005-02-09,65.771477,67.711876,63.467251,63.467251,51.024353,3666700
2005-02-10,63.467251,64.397026,63.386398,64.194901,51.609344,1866400
2005-02-11,64.194901,64.680000,63.790649,64.316177,51.706852,2272200
2005-02-14,64.477875,65.771477,64.114052,65.488503,52.649326,2847500
2005-02-15,64.680000,65.245949,64.275749,64.680000,51.999352,3453100
2005-02-16,64.194901,64.356598,63.386398,63.588524,51.121849,4041300
2005-02-17,63.467251,64.437447,62.456627,62.901299,50.569355,4299900
2005-02-18,63.063000,63.588524,62.658749,62.658749,50.374363,1934300
2005-02-22,62.011951,63.507675,61.486423,61.809826,49.691879,3183700
2005-02-23,61.769402,62.618324,61.041752,62.335350,50.114372,2885300
2005-02-24,61.850250,63.265125,61.405575,63.063000,50.699364,2379300
2005-02-25,62.739601,63.386398,62.497051,63.022575,50.666862,2003900
2005-02-28,62.658749,63.628948,62.658749,63.305550,50.894356,3066900
2005-03-01,63.224701,63.467251,62.133224,63.184277,50.796871,3677100
2005-03-02,62.052376,63.143848,61.769402,62.982151,50.634377,3074100
2005-03-03,62.982151,63.265125,61.163025,61.445999,49.399387,4309700
2005-03-04,61.971523,62.011951,59.626877,61.082176,49.106892,6830600
2005-03-07,61.082176,62.618324,60.556648,62.254501,50.049374,5399100
2005-03-08,61.526852,65.609772,60.677925,62.092800,49.919369,8805100
2005-03-09,62.214073,62.739601,61.567276,61.809826,49.691879,3121300
2005-03-10,62.658749,62.901299,61.648125,62.335350,50.114372,2828200
2005-03-11,63.628948,63.669376,61.607700,61.728973,49.755955,2656800
2005-03-14,62.254501,62.618324,61.931099,62.618324,50.472794,2124500
2005-03-15,62.658749,62.820450,61.688549,61.971523,49.951447,2919800
2005-03-16,62.416199,63.628948,61.486423,61.648125,49.690784,4778400
2005-03-17,62.092800,62.254501,61.203449,61.284302,49.397530,2413600
2005-03-18,60.718349,61.001324,60.273674,60.677925,48.908768,5653000
2005-03-21,61.365150,61.486423,59.990700,60.273674,48.582916,2949000
2005-03-22,61.041752,61.607700,60.556648,60.597076,48.843609,5026000
2005-03-23,61.122601,61.243874,60.031124,60.435375,48.713257,3197500
2005-03-24,60.637501,60.920475,60.071548,60.394951,48.680679,1954700
2005-03-28,60.556648,61.163025,60.111977,60.233250,48.550346,2527100
2005-03-29,60.192825,60.516224,59.384323,59.505600,47.963829,2839200
2005-03-30,59.424751,60.475800,59.424751,60.435375,48.713257,2962700
2005-03-31,60.152401,60.880051,60.031124,60.516224,48.778423,3659800
2005-04-01,61.122601,61.445999,60.071548,60.192825,48.517746,3715900
2005-04-04,60.192825,60.273674,59.667301,60.111977,48.452583,2459100
2005-04-05,59.869427,60.880051,59.869427,60.758774,48.973923,3045700
2005-04-06,60.273674,61.122601,59.990700,60.394951,48.680679,2428400
2005-04-07,60.637501,62.052376,60.475800,61.850250,49.853703,3247200
2005-04-08,61.850250,61.850250,61.203449,61.445999,49.527863,2755700
2005-04-11,61.243874,61.324726,60.597076,61.082176,49.234612,1546400
2005-04-12,60.637501,62.294926,60.394951,61.769402,49.788540,2555900
2005-04-13,61.405575,63.063000,61.365150,61.769402,49.788540,3923200
2005-04-14,61.769402,63.063000,60.799198,60.920475,49.104259,2683200
2005-04-15,60.677925,60.718349,59.626877,59.626877,48.061569,3775900
2005-04-18,59.222626,59.505600,58.535400,59.060925,47.605392,3248700
2005-04-19,59.586449,59.950275,58.939651,59.505600,47.963829,2136700
2005-04-20,60.031124,60.637501,59.546024,60.354527,48.648090,4085400
2005-04-21,64.033203,64.599152,63.184277,64.397026,51.906494,9518100
2005-04-22,64.397026,64.599152,63.305550,63.790649,51.417732,2915300
2005-04-25,64.114052,64.275749,63.143848,63.750225,51.385147,2322900
2005-04-26,63.265125,64.477875,63.265125,64.275749,51.808743,2992900
2005-04-27,63.871498,64.033203,63.345974,63.467251,51.157070,2815400
2005-04-28,62.982151,63.305550,62.052376,62.133224,50.081787,2738900
2005-04-29,62.294926,62.497051,61.041752,62.011951,49.984024,2454300
2005-05-02,62.011951,62.901299,61.607700,62.537476,50.407635,1661200
2005-05-03,62.699177,63.063000,62.052376,62.941727,50.733479,2050900
2005-05-04,62.901299,63.952351,62.537476,63.467251,51.157070,2554500
2005-05-05,63.063000,64.073624,62.941727,63.507675,51.189644,2610000
2005-05-06,64.477875,64.558723,63.184277,63.426826,51.124481,2766400
2005-05-09,63.022575,63.871498,63.022575,63.750225,51.385147,2501800
2005-05-10,64.356598,64.599152,63.305550,63.831074,51.450317,3974100
2005-05-11,63.952351,64.235329,62.658749,63.871498,51.482910,2213400
2005-05-12,64.154472,64.558723,63.588524,63.952351,51.548069,2645000
2005-05-13,64.599152,66.256577,64.073624,65.528923,52.818863,6830700
2005-05-16,65.650200,66.014023,65.165100,65.650200,52.916595,3079900
2005-05-17,65.488503,66.499123,64.962975,66.377853,53.503132,3626200
2005-05-18,66.620399,68.479950,66.539551,68.318253,55.067173,6797000
2005-05-19,69.652275,71.228851,69.450150,69.975677,56.403111,8951800
2005-05-20,70.258652,70.460777,69.328873,69.733124,56.207596,3230300
2005-05-23,69.773552,70.824600,69.733124,70.420349,56.761532,3205300
2005-05-24,69.935249,70.460777,69.813972,70.218224,56.598610,2458500
2005-05-25,70.137375,70.137375,68.843773,69.409721,55.946945,2419600
2005-05-26,69.975677,70.986298,69.733124,70.582047,56.891869,2847100
2005-05-27,70.622475,70.662903,69.935249,70.096947,56.500843,1908900
2005-05-31,69.813972,70.582047,69.409721,70.218224,56.598610,2635500
2005-06-01,69.935249,71.067146,69.733124,70.703323,56.989624,2144800
2005-06-02,70.743752,71.875648,70.703323,71.875648,57.934566,2658400
2005-06-03,71.713951,71.996925,71.228851,71.713951,57.804222,2876200
2005-06-06,71.592674,72.441597,71.592674,72.441597,58.390732,2813000
2005-06-07,72.764999,74.786247,72.764999,73.290527,59.075005,6343300
2005-06-08,74.382004,74.745827,72.967125,73.128822,58.944675,4665300
2005-06-09,73.290527,73.977753,72.886276,73.694778,59.400829,3528200
2005-06-10,73.452225,73.816048,72.320328,73.007553,58.846916,2068800
2005-06-13,72.522453,73.613922,72.239471,73.371376,59.271458,2479600
2005-06-14,72.886276,74.058601,72.886276,73.573502,59.434731,2436000
2005-06-15,73.937325,74.543701,72.805428,73.169250,59.108166,2156300
2005-06-16,73.169250,73.856476,72.967125,73.330948,59.238792,2362100
2005-06-17,73.856476,73.856476,72.805428,73.613922,59.467381,3184200
2005-06-20,73.007553,73.856476,73.007553,73.411797,59.304108,1807000
2005-06-21,73.088402,73.937325,73.088402,73.654350,59.500038,1546200
2005-06-22,74.099022,76.201126,73.896896,75.999001,61.394135,5138800
2005-06-23,76.403252,77.818123,76.120277,76.281975,61.622707,6777400
2005-06-24,76.403252,76.564949,74.705399,74.988373,60.577709,3354200
2005-06-27,74.018173,74.503273,73.169250,73.533073,59.402073,3365600
2005-06-28,74.058601,74.664978,73.735199,74.179878,59.924576,3750500
2005-06-29,75.796875,76.079849,74.624550,74.907524,60.512398,3690500
2005-06-30,75.513901,76.201126,73.694778,73.816048,59.630672,3849800
2005-07-01,74.018173,74.220299,73.330948,73.856476,59.663322,2105800
2005-07-05,73.371376,74.867104,72.967125,74.826675,60.447086,3355700
2005-07-06,75.190498,76.403252,74.705399,74.786247,60.414413,3625900
2005-07-07,73.654350,75.635178,73.209679,75.271347,60.806301,3300200
2005-07-08,75.635178,75.675598,74.624550,74.947952,60.545044,4048600
2005-07-11,75.513901,76.564949,75.352203,76.443672,61.753319,5219600
2005-07-12,76.807503,78.747902,76.443672,77.898972,62.928951,7135000
2005-07-13,78.303223,78.667053,77.939400,78.626625,63.516758,3762900
2005-07-14,78.828751,79.798950,77.737274,77.979828,62.994278,6584500
2005-07-15,77.818123,79.354279,77.535149,78.828751,63.680069,4939000
2005-07-18,78.222374,79.030876,78.101097,78.667053,63.549450,3365900
2005-07-19,79.758522,80.607452,79.071297,80.243622,64.823074,6931000
2005-07-20,80.001076,81.415947,79.233002,80.567024,65.084297,10204700
2005-07-21,80.567024,81.052124,79.273422,79.556396,64.267853,6491200
2005-07-22,78.828751,80.849998,78.020248,80.849998,65.312881,5278500
2005-07-25,83.558472,84.003151,82.871246,83.032951,67.076332,10121400
2005-07-26,83.679749,84.771225,81.860626,83.639328,67.566170,10602300
2005-07-27,83.801025,84.852074,83.477623,84.690376,68.415253,6606100
2005-07-28,84.811653,86.873322,84.730797,86.145676,69.590904,6044100
2005-07-29,85.215897,85.741425,84.447823,85.620148,69.166374,6446000
2005-08-01,85.296753,87.115875,84.973351,86.954178,70.244011,5171500
2005-08-02,86.590347,88.207352,86.428650,88.166924,71.223701,6062000
2005-08-03,88.086075,89.379677,87.520126,89.096703,71.974800,4817800
2005-08-04,87.924377,89.339249,87.560547,88.934998,71.844170,4422900
2005-08-05,88.086075,89.096703,86.549927,87.196724,70.439941,4155800
2005-08-08,87.196724,87.520126,86.428650,87.520126,70.701233,2919800
2005-08-09,87.681824,88.773300,86.671204,87.398849,70.603233,3525700
2005-08-10,88.005226,88.652023,86.064827,86.469078,69.852158,3130100
2005-08-11,86.549927,87.924377,86.509499,87.803101,70.929810,2631500
2005-08-12,87.115875,87.237152,85.660576,86.671204,70.015427,3368500
2005-08-15,85.781853,86.226524,84.649948,85.539299,69.101059,3840500
2005-08-16,84.932922,85.660576,83.518051,83.598900,67.533531,4145400
2005-08-17,83.518051,84.205276,82.709549,83.598900,67.533531,3577700
2005-08-18,83.194649,83.558472,82.467003,83.194649,67.206917,3066000
2005-08-19,83.315926,83.477623,82.547852,82.669128,66.782417,2608200
2005-08-22,83.881874,84.730797,83.315926,84.528671,68.284599,2951300
2005-08-23,84.852074,86.469078,84.488251,85.943550,69.427589,3449400
2005-08-24,85.458450,86.954178,84.569099,84.730797,68.447906,3880800
2005-08-25,85.175476,85.620148,84.286125,85.054199,68.709175,3617300
2005-08-26,85.215897,85.822273,84.609528,85.377602,68.970406,2562800
2005-08-29,84.811653,86.145676,84.286125,85.903122,69.394951,2406800
2005-08-30,85.943550,88.692451,85.539299,88.611603,71.582924,4965000
2005-08-31,88.571175,90.147751,87.237152,88.449898,71.452301,6005100
2005-09-01,87.964798,89.986053,87.641403,89.743500,72.497314,4986700
2005-09-02,89.783928,90.754128,88.692451,88.934998,71.844170,2902800
2005-09-06,89.743500,90.754128,89.743500,90.592422,73.183075,4576300
2005-09-07,90.794548,91.441353,90.026474,90.390297,73.019791,5209600
2005-09-08,90.390297,91.886024,89.703072,91.603050,73.999504,4312800
2005-09-09,91.966873,93.300903,91.805176,92.492401,74.717964,5260500
2005-09-12,92.573250,93.098778,92.128578,92.492401,74.717964,3224300
2005-09-13,92.977501,94.958328,92.290276,94.796623,76.713478,6064800
2005-09-14,94.190247,96.615753,94.190247,96.494476,78.087433,6723600
2005-09-15,96.575325,96.979576,94.756203,95.685974,77.433197,7044200
2005-09-16,95.807251,96.130653,94.796623,95.726402,77.465881,4637000
2005-09-19,95.079597,95.524277,92.734947,94.028549,76.091919,4027100
2005-09-20,93.786003,94.473228,91.441353,91.603050,74.129112,4794800
2005-09-21,90.147751,91.158379,89.500954,89.986053,72.820564,5078000
2005-09-22,89.137123,90.430725,88.086075,89.541374,72.460709,5645200
2005-09-23,89.541374,92.290276,89.541374,92.128578,74.554382,3764400
2005-09-26,92.896652,93.664726,90.754128,91.562622,74.096359,3884400
2005-09-27,91.764748,91.926453,89.824348,90.430725,73.180397,3609200
2005-09-28,90.915825,91.320076,89.177551,89.541374,72.460709,3460800
2005-09-29,89.500954,90.875397,88.530746,89.783928,72.656998,3607600
2005-09-30,90.228600,90.349876,88.732872,89.056274,72.068130,4424100
2005-10-03,89.783928,91.522202,89.783928,90.713699,73.409401,4483600
2005-10-04,91.279648,92.007301,89.945625,90.228600,73.016823,4892900
2005-10-05,89.217972,90.026474,86.954178,88.934998,71.970016,5762600
2005-10-06,88.611603,88.934998,85.296753,86.347801,69.876343,5311000
2005-10-07,86.832901,87.762672,86.145676,87.318001,70.661484,2956500
2005-10-10,87.156303,87.156303,83.598900,84.164848,68.109810,4103900
2005-10-11,84.488251,86.630775,82.264877,83.073372,67.226517,5418700
2005-10-12,82.264877,83.315926,79.030876,79.920227,64.674850,8230400
2005-10-13,80.001076,81.173401,78.626625,80.486176,65.132866,6089400
2005-10-14,84.892502,84.892502,80.445747,81.496803,65.950714,7145800
2005-10-17,82.547852,82.871246,80.081924,80.607452,65.231003,4902400
2005-10-18,81.618073,82.952103,80.486176,81.537224,65.983391,7933000
2005-10-19,84.892502,85.498878,82.467003,84.973351,68.764053,9852800
2005-10-20,85.620148,86.064827,84.245697,84.447823,68.338783,5430600
2005-10-21,84.407402,84.892502,82.992523,83.679749,67.717239,4310700
2005-10-24,84.084000,84.932922,83.922302,84.852074,68.665939,3395500
2005-10-25,84.488251,84.852074,83.679749,84.649948,68.502373,3420300
2005-10-26,84.649948,86.388222,84.326553,85.620148,69.287498,4245200
2005-10-27,85.418022,86.307373,84.205276,84.488251,68.371498,3009500
2005-10-28,85.013779,85.903122,83.679749,85.256325,68.993073,3050900
2005-10-31,85.498878,90.349876,85.458450,89.581802,72.493431,6965400
2005-11-01,89.339249,90.147751,88.247772,89.743500,72.624283,4063700
2005-11-02,89.056274,93.583878,88.975426,93.139198,75.372215,7895200
2005-11-03,93.381752,93.988129,92.532822,92.977501,75.241364,5104800
2005-11-04,92.411552,94.109398,92.168999,93.300903,75.503098,3122500
2005-11-07,92.977501,93.907272,92.532822,93.098778,75.339500,2863900
2005-11-08,92.694527,93.947701,92.249847,93.745575,75.862938,3475900
2005-11-09,93.220047,95.726402,93.220047,95.362572,77.171463,4723200
2005-11-10,95.403000,95.807251,94.230675,95.766823,77.498604,4072400
2005-11-11,95.605125,96.373199,94.877472,95.241302,77.073334,2359600
2005-11-14,94.958328,94.958328,91.845596,92.411552,74.783363,7045600
2005-11-15,92.371124,92.371124,90.552002,91.117950,73.736549,6544200
2005-11-16,91.198799,92.168999,90.794548,92.088150,74.521675,3616000
2005-11-17,92.977501,95.403000,92.451973,95.200874,77.040634,5678100
2005-11-18,96.292351,96.858299,95.039177,96.454048,78.054733,5422400
2005-11-21,96.251923,97.019997,95.605125,96.615753,78.185570,2879600
2005-11-22,96.251923,97.019997,95.888100,97.019997,78.512711,2673000
2005-11-23,96.939148,101.022072,96.817879,99.526352,80.540955,7190400
2005-11-25,99.526352,100.253998,98.434875,100.132729,81.031700,1774300
2005-11-28,100.739098,100.779526,97.222122,97.343399,78.774414,4698300
2005-11-29,98.273178,98.677422,96.979576,97.626373,79.003410,4396300
2005-11-30,98.111473,98.839127,97.262550,97.383827,78.807167,3606000
2005-12-01,97.990196,98.475304,97.141273,97.828499,79.167000,4397400
2005-12-02,97.828499,99.728477,95.281723,95.362572,77.171463,6487200
2005-12-05,95.524277,95.807251,94.068977,94.149826,76.190048,4131000
2005-12-06,94.877472,96.130653,94.068977,94.796623,76.713478,4514400
2005-12-07,95.160454,95.524277,92.573250,93.220047,75.437645,3835100
2005-12-08,94.149826,95.807251,93.583878,94.351952,76.353622,3780700
2005-12-09,94.837051,95.281723,94.109398,94.634926,76.582619,2744100
2005-12-12,94.675346,95.605125,93.381752,93.664726,75.797501,3052000
2005-12-13,93.664726,94.432800,92.532822,92.613678,75.076561,4017500
2005-12-14,92.532822,93.017921,90.956253,91.845596,74.453926,4087100
2005-12-15,93.300903,94.351952,92.128578,92.249847,74.781616,5301600
2005-12-16,92.249847,92.249847,90.552002,90.592422,73.438049,5902200
2005-12-19,90.875397,91.764748,89.986053,90.269028,73.175880,3498100
2005-12-20,90.269028,91.764748,89.783928,90.915825,73.700226,4195200
2005-12-21,91.360497,92.775375,90.996674,92.573250,75.043777,3907600
2005-12-22,92.896652,94.109398,92.896652,94.028549,76.223511,4031800
2005-12-23,94.675346,95.564697,94.634926,94.958328,76.977242,2994700
2005-12-27,94.796623,95.524277,92.694527,92.775375,75.207672,2528700
2005-12-28,93.179626,93.826424,92.088150,92.573250,75.043777,2592600
2005-12-29,92.654099,93.988129,91.966873,92.168999,74.716049,3045800
2005-12-30,91.562622,91.926453,90.754128,91.320076,74.027916,2511200
2006-01-03,92.532822,94.998749,91.481773,93.503021,75.797493,5251200
2006-01-04,93.786003,95.120026,93.786003,94.594498,76.682297,3634300
2006-01-05,95.079597,95.483849,94.190247,95.079597,77.075554,4473900
2006-01-06,96.777451,98.919975,96.251923,98.394447,79.762688,6517300
2006-01-09,98.394447,99.728477,97.222122,99.162521,80.385345,4336500
2006-01-10,98.232750,98.394447,96.737022,96.939148,78.582962,4277100
2006-01-11,97.626373,97.626373,96.009377,96.696602,78.386345,4835500
2006-01-12,97.545525,97.747650,96.049797,96.454048,78.189720,3893400
2006-01-13,96.979576,97.262550,96.171074,97.141273,78.746788,3042200
2006-01-17,96.211502,97.100853,94.837051,95.079597,77.075554,4096200
2006-01-18,93.583878,95.564697,93.583878,95.443428,77.370453,2993500
2006-01-19,96.494476,98.677422,96.130653,98.434875,79.795464,9021800
2006-01-20,94.554077,94.675346,90.794548,90.875397,73.667450,15938700
2006-01-23,91.522202,91.643478,89.460526,89.662651,72.684326,7087400
2006-01-24,90.188171,92.088150,90.107323,91.158379,73.896835,4242300
2006-01-25,91.683899,92.330704,91.158379,91.724327,74.355598,3475300
2006-01-26,92.371124,93.341324,91.158379,92.775375,75.207672,4972500
2006-01-27,93.017921,93.705147,90.632851,90.956253,73.732994,5400300
2006-01-30,90.956253,91.724327,89.743500,91.400925,74.093445,4051700
2006-01-31,90.875397,92.694527,90.349876,91.805176,74.421158,4366200
2006-02-01,91.077522,92.492401,90.996674,92.168999,74.716049,2526100
2006-02-02,91.603050,91.643478,87.924377,88.207352,71.504601,5223900
2006-02-03,88.247772,88.288200,85.256325,85.579727,69.374565,7786200
2006-02-06,85.903122,86.266953,82.547852,82.992523,67.277252,9666300
2006-02-07,83.679749,86.630775,83.477623,84.892502,68.817467,6848200
2006-02-08,86.590347,87.762672,86.186096,87.681824,71.078583,5095500
2006-02-09,88.086075,88.732872,86.630775,87.358421,70.816406,3798300
2006-02-10,87.035027,87.762672,85.175476,87.318001,70.783646,3852200
2006-02-13,86.630775,87.924377,85.781853,87.479698,70.914734,3480500
2006-02-14,87.520126,90.026474,87.479698,89.824348,72.815407,5728000
2006-02-15,90.147751,90.794548,88.975426,90.713699,73.536316,2856200
2006-02-16,90.269028,90.915825,89.339249,89.743500,72.749863,3637000
2006-02-17,88.773300,88.934998,86.711624,86.873322,70.423172,4895200
2006-02-21,86.873322,87.803101,86.064827,87.196724,70.685349,2959700
2006-02-22,87.924377,88.530746,87.115875,88.005226,71.340759,2915200
2006-02-23,88.045647,88.732872,87.439278,88.207352,71.504601,2601100
2006-02-24,87.600975,88.207352,87.196724,87.681824,71.078583,2295100
2006-02-27,87.520126,89.096703,87.520126,87.924377,71.275208,2667700
2006-02-28,86.994598,87.924377,85.862701,86.509499,70.128265,3869000
2006-03-01,86.469078,90.592422,86.469078,89.298828,72.389404,5864800
2006-03-02,88.975426,90.754128,88.652023,89.703072,72.717117,3816200
2006-03-03,88.894577,89.662651,88.571175,88.854149,72.028923,2417400
2006-03-06,89.945625,90.834976,88.854149,88.854149,72.028923,4053800
2006-03-07,88.894577,89.339249,86.913750,87.681824,71.078583,3192600
2006-03-08,87.196724,87.237152,85.296753,86.024399,69.735001,5281300
2006-03-09,86.226524,88.328629,86.024399,86.024399,69.735001,3370000
2006-03-10,86.711624,86.711624,83.396774,84.407402,68.424232,8739700
2006-03-13,84.164848,84.649948,81.739349,84.488251,68.621223,7452000
2006-03-14,84.488251,87.843529,84.407402,86.186096,70.000198,6501200
2006-03-15,86.469078,88.934998,86.347801,88.692451,72.035843,4808900
2006-03-16,88.934998,91.077522,88.934998,89.581802,72.758179,6390100
2006-03-17,90.269028,90.754128,89.217972,89.945625,73.053650,4744200
2006-03-20,89.662651,90.107323,88.369049,88.854149,72.167175,2837900
2006-03-21,88.773300,90.026474,87.358421,87.641403,71.182190,3868600
2006-03-22,86.913750,88.854149,86.913750,88.166924,71.609001,3837500
2006-03-23,88.086075,89.420097,87.681824,89.056274,72.331322,3781500
2006-03-24,88.975426,90.713699,88.934998,90.269028,73.316315,3796400
2006-03-27,90.026474,90.875397,89.581802,89.622223,72.791008,4141300
2006-03-28,89.703072,90.834976,88.449898,88.692451,72.035843,2978900
2006-03-29,89.420097,92.128578,89.177551,92.047722,74.761002,6791600
2006-03-30,93.624298,94.149826,92.573250,92.815804,75.384811,5619800
2006-03-31,93.220047,93.947701,92.290276,92.613678,75.220680,3130900
2006-04-03,93.664726,95.645554,93.058350,94.271103,76.566811,4878600
2006-04-04,95.039177,95.160454,93.786003,94.473228,76.730980,2699000
2006-04-05,94.311523,94.473228,92.815804,94.149826,76.468338,3981400
2006-04-06,94.149826,96.656174,93.786003,96.090225,78.044296,5673300
2006-04-07,95.928528,96.251923,94.028549,95.079597,77.223495,3641400
2006-04-10,95.039177,95.322151,92.694527,93.907272,76.271324,2986700
2006-04-11,95.281723,95.605125,93.058350,95.281723,77.387634,4423900
2006-04-12,96.090225,96.979576,95.807251,96.939148,78.733803,5142300
2006-04-13,96.898727,97.990196,96.615753,97.100853,78.865143,3635300
2006-04-17,97.100853,97.990196,94.554077,95.322151,77.420441,4411600
2006-04-18,95.928528,97.545525,94.998749,97.343399,79.062126,6555900
2006-04-19,91.360497,92.168999,89.864777,90.915825,73.841675,13126300
2006-04-20,90.956253,92.856224,90.875397,91.239227,74.104340,5373400
2006-04-21,91.239227,91.441353,88.732872,89.217972,72.462662,4479100
2006-04-24,88.934998,90.673279,88.611603,90.309448,73.349159,4005900
2006-04-25,89.986053,90.592422,88.732872,88.934998,72.232841,3062700
2006-04-26,89.056274,89.945625,88.975426,89.339249,72.561172,3185900
2006-04-27,89.217972,89.500954,88.449898,88.813728,72.134338,3035300
2006-04-28,88.207352,88.247772,85.943550,86.307373,70.098701,5131500
2006-05-01,85.620148,86.913750,84.488251,85.539299,69.474884,6257000
2006-05-02,86.024399,87.722252,85.741425,85.903122,69.770378,3859700
2006-05-03,87.924377,88.894577,87.924377,88.530746,71.904526,5285600
2006-05-04,88.530746,89.662651,88.288200,88.732872,72.068680,3880300
2006-05-05,89.420097,90.269028,89.015846,90.147751,73.217834,4208800
2006-05-08,89.662651,91.562622,88.975426,91.117950,74.005836,4178800
2006-05-09,90.349876,93.017921,90.107323,92.411552,75.056488,6370200
2006-05-10,92.007301,92.168999,89.905197,90.147751,73.217834,6629500
2006-05-11,90.471153,90.511574,85.903122,86.752052,70.459854,10197700
2006-05-12,86.105247,88.328629,85.620148,87.479698,71.050835,7137200
2006-05-15,86.671204,87.196724,85.458450,87.035027,70.689682,3962200
2006-05-16,86.913750,88.854149,86.186096,86.873322,70.558357,4223400
2006-05-17,85.822273,86.469078,83.720177,84.852074,68.916718,4992600
2006-05-18,84.609528,85.539299,82.467003,82.709549,67.176544,4073000
2006-05-19,83.841454,84.488251,81.698921,82.547852,67.045227,6511500
2006-05-22,82.467003,84.730797,82.103172,83.841454,68.095894,4837800
2006-05-23,85.094627,86.388222,83.437202,83.558472,67.866051,3921200
2006-05-24,84.084000,84.286125,81.496803,82.669128,67.143700,4919800
2006-05-25,83.598900,85.296753,83.558472,85.094627,69.113716,4771200
2006-05-26,85.296753,86.226524,85.135048,86.024399,69.868858,2065900
2006-05-30,85.337173,85.539299,84.932922,85.094627,69.113716,2368600
2006-05-31,85.215897,85.781853,85.013779,85.256325,69.245003,3151900
2006-06-01,85.135048,87.520126,85.094627,87.358421,70.952324,3278800
2006-06-02,88.530746,89.137123,87.318001,87.964798,71.444847,4550600
2006-06-05,87.439278,87.722252,85.983978,87.358421,70.952324,3504000
2006-06-06,87.358421,87.681824,86.630775,87.115875,70.755356,5048600
2006-06-07,87.115875,87.115875,85.256325,85.620148,69.540535,3408700
2006-06-08,84.003151,85.175476,81.496803,84.447823,68.588379,6047700
2006-06-09,85.054199,85.700996,82.022324,83.235077,67.603371,4576100
2006-06-12,84.003151,85.215897,79.637253,79.758522,64.779732,6648600
2006-06-13,79.839378,81.052124,78.101097,79.839378,65.010162,5225900
2006-06-14,80.445747,81.658501,80.203201,81.415947,66.293892,4644300
2006-06-15,81.658501,82.871246,81.618073,82.184029,66.919304,4902500
2006-06-16,81.335098,81.698921,79.677673,81.173401,66.096397,6335100
2006-06-19,81.658501,81.658501,80.486176,80.930847,65.898888,2726100
2006-06-20,80.930847,82.264877,79.718102,80.162773,65.273483,6041300
2006-06-21,80.849998,81.698921,80.688301,80.849998,65.833069,5217400
2006-06-22,81.011703,81.294678,79.313850,79.556396,64.779732,3580100
2006-06-23,79.556396,80.890427,78.586197,80.364899,65.438049,3706600
2006-06-26,80.041496,81.132973,79.879799,80.647873,65.668503,2643000
2006-06-27,80.122353,81.375526,79.030876,79.556396,64.779732,3980700
2006-06-28,79.596825,80.001076,76.847923,78.060677,63.561832,6031500
2006-06-29,78.626625,81.132973,77.737274,80.809578,65.800140,4640400
2006-06-30,81.052124,82.062752,80.284050,81.456375,66.326805,3348200
2006-07-03,81.496803,82.224449,81.456375,81.941475,66.721825,1981000
2006-07-05,80.526604,81.092552,79.718102,80.607452,65.635582,2938500
2006-07-06,81.132973,82.467003,80.849998,81.254250,66.162231,3295500
2006-07-07,80.445747,80.890427,79.111725,80.081924,65.207642,4757600
2006-07-10,80.445747,81.052124,77.656425,78.262802,63.726376,3199800
2006-07-11,77.615997,78.222374,75.999001,78.101097,63.594749,6640200
2006-07-12,78.303223,79.111725,76.767075,76.807503,62.541424,4115100
2006-07-13,76.201126,78.181953,75.433052,77.009628,62.705990,4578100
2006-07-14,77.009628,78.141525,75.513901,75.554321,61.521008,3951700
2006-07-17,75.675598,78.020248,75.675598,77.130898,62.804756,4888400
2006-07-18,77.454300,78.788322,75.594749,76.322403,62.146427,5616900
2006-07-19,76.726646,78.828751,76.645798,77.818123,63.364338,7632000
2006-07-20,85.700996,87.924377,83.032951,83.275497,67.808052,15439500
2006-07-21,83.275497,83.679749,80.930847,82.467003,67.149734,5780300
2006-07-24,83.962723,86.711624,83.962723,85.377602,69.519714,6420500
2006-07-25,85.458450,87.722252,85.458450,87.318001,71.099709,6342700
2006-07-26,88.045647,89.541374,87.115875,88.328629,71.922630,6361400
2006-07-27,88.934998,89.905197,88.652023,89.379677,72.778427,5239500
2006-07-28,89.581802,91.724327,89.500954,90.915825,74.029297,6229500
2006-07-31,90.794548,92.654099,90.430725,92.007301,74.918015,4561000
2006-08-01,91.239227,91.279648,89.743500,90.875397,73.996338,4022800
2006-08-02,91.158379,94.271103,90.834976,93.786003,76.366348,6799800
2006-08-03,93.058350,94.917900,92.654099,94.351952,76.827194,5017600
2006-08-04,92.977501,94.271103,91.845596,93.381752,76.037209,5521500
2006-08-07,92.168999,93.947701,90.794548,93.381752,76.037209,4685800
2006-08-08,93.624298,94.109398,91.522202,92.209427,75.082619,4424500
2006-08-09,92.734947,94.190247,91.966873,92.330704,75.181366,4042200
2006-08-10,92.047722,93.341324,90.956253,93.179626,75.872604,2860500
2006-08-11,92.532822,92.775375,90.430725,91.724327,74.687614,3647300
2006-08-14,92.654099,93.947701,91.562622,93.058350,75.773865,3677700
2006-08-15,93.583878,95.200874,92.856224,95.160454,77.485550,4703200
2006-08-16,94.998749,96.615753,93.947701,96.251923,78.374229,4125300
2006-08-17,95.483849,97.019997,94.796623,95.888100,78.078011,5752800
2006-08-18,95.888100,96.817879,95.160454,96.211502,78.341354,3245600
2006-08-21,95.362572,95.847672,94.230675,95.524277,77.781754,2595400
2006-08-22,94.998749,96.049797,93.786003,94.271103,76.761337,3071500
2006-08-23,93.907272,94.796623,90.754128,91.724327,74.687614,5225400
2006-08-24,92.047722,92.249847,91.158379,92.168999,75.049683,2486500
2006-08-25,91.926453,92.775375,91.360497,91.926453,74.852180,2039700
2006-08-28,91.481773,94.028549,91.077522,93.624298,76.234680,2863600
2006-08-29,93.624298,94.998749,92.775375,94.756203,77.156349,3716000
2006-08-30,95.403000,97.666801,94.998749,96.454048,78.538818,6019800
2006-08-31,96.454048,96.534897,93.583878,94.513649,76.958847,3261800
2006-09-01,94.917900,95.120026,93.220047,94.634926,77.057587,2456500
2006-09-05,93.947701,95.079597,93.017921,94.998749,77.353851,2260400
2006-09-06,93.664726,94.473228,91.764748,91.805176,74.753433,3431300
2006-09-07,91.077522,93.220047,90.066902,93.139198,75.839684,4984000
2006-09-08,93.139198,96.009377,92.815804,95.807251,78.012184,5204800
2006-09-11,95.605125,97.788078,95.322151,96.898727,78.900917,4970900
2006-09-12,97.545525,99.890175,97.343399,98.596573,80.283401,6583300
2006-09-13,98.434875,98.434875,96.251923,97.060425,79.194931,5197600
2006-09-14,97.100853,99.364647,96.939148,99.041252,80.811165,3717900
2006-09-15,100.173149,100.981651,99.445503,100.456123,81.965591,6032500
2006-09-18,100.779526,103.285873,100.092300,100.860374,82.295464,8466700
2006-09-19,100.294426,101.466751,98.434875,100.779526,82.229469,4063700
2006-09-20,101.264626,102.760353,101.022072,102.073128,83.284981,4516800
2006-09-21,101.749725,103.083748,101.062500,101.588028,82.889160,4144000
2006-09-22,101.668877,101.830574,99.122101,100.253998,81.800682,3914600
2006-09-25,100.779526,102.194397,99.607201,102.153976,83.350922,3279500
2006-09-26,102.073128,102.436951,100.577400,100.981651,82.394402,3747700
2006-09-27,100.981651,101.264626,98.798698,99.324226,81.042053,4703500
2006-09-28,99.243378,100.860374,99.243378,100.617828,82.097557,2810900
2006-09-29,100.051872,101.749725,99.849747,101.062500,82.460358,3075100
2006-10-02,99.728477,101.830574,99.728477,101.062500,82.460358,2987500
2006-10-03,100.658249,102.073128,100.294426,101.547600,82.856194,3048100
2006-10-04,101.547600,102.719925,100.860374,102.558228,83.680801,4055700
2006-10-05,102.396523,104.094376,101.830574,104.013527,84.868217,3209000
2006-10-06,102.760353,103.811401,102.679497,103.649696,84.571350,3055100
2006-10-09,103.245453,103.649696,102.598648,102.719925,83.812721,1898300
2006-10-10,102.881622,102.922050,101.668877,101.992271,83.218994,3226900
2006-10-11,101.426323,102.032700,99.768898,101.183777,82.559326,4132300
2006-10-12,101.466751,103.770973,100.860374,103.407150,84.373436,4268200
2006-10-13,104.053947,106.317749,103.690125,105.913498,86.418472,5848600
2006-10-16,105.913498,106.196472,102.800774,103.043327,84.076614,5001100
2006-10-17,103.043327,103.043327,98.839127,100.456123,81.965591,13106000
2006-10-18,94.634926,97.990196,94.392372,95.564697,77.974510,17046900
2006-10-19,93.988129,95.120026,93.260475,94.837051,77.380814,5777900
2006-10-20,94.837051,96.009377,93.786003,95.443428,77.875610,4461000
2006-10-23,95.241302,96.373199,93.826424,94.271103,76.919029,4681300
2006-10-24,93.664726,95.160454,93.543449,94.432800,77.050980,4054400
2006-10-25,93.866852,95.888100,93.583878,95.241302,77.710663,4668200
2006-10-26,96.009377,96.615753,95.160454,95.362572,77.809608,4421300
2006-10-27,94.634926,94.917900,93.179626,93.664726,76.424286,4540700
2006-10-30,93.341324,94.230675,92.330704,93.422173,76.226387,4258200
2006-10-31,94.028549,94.311523,92.532822,93.220047,76.061447,3523900
2006-11-01,93.786003,94.715775,91.926453,92.047722,75.104889,4081600
2006-11-02,91.966873,92.007301,90.228600,91.360497,74.544182,5846800
2006-11-03,91.562622,92.451973,89.864777,90.794548,74.082405,4196600
2006-11-06,90.834976,92.573250,90.552002,92.290276,75.302826,5158800
2006-11-07,91.764748,91.805176,88.045647,88.611603,72.301262,10995600
2006-11-08,88.126503,89.177551,86.590347,86.792473,70.816971,10832300
2006-11-09,86.873322,87.277573,85.013779,85.700996,69.926399,8560500
2006-11-10,85.700996,86.954178,85.135048,86.428650,70.520126,8329200
2006-11-13,86.752052,87.641403,85.256325,85.579727,69.827438,9079900
2006-11-14,86.630775,88.126503,85.579727,87.641403,71.509636,9512300
2006-11-15,87.883949,90.956253,87.722252,89.986053,73.422722,12840200
2006-11-16,90.673279,91.845596,89.864777,91.400925,74.577164,8380000
2006-11-17,90.875397,91.360497,90.228600,90.471153,73.818535,5556900
2006-11-20,90.147751,91.320076,89.500954,91.037102,74.280296,4947400
2006-11-21,90.875397,91.279648,88.894577,89.056274,72.664101,5607000
2006-11-22,90.188171,91.158379,89.662651,90.349876,73.719597,3549000
2006-11-24,89.500954,91.158379,89.500954,90.794548,74.082405,1107700
2006-11-27,90.471153,90.471153,87.681824,88.288200,72.037376,5432500
2006-11-28,87.681824,88.126503,86.064827,87.803101,71.641571,6660200
2006-11-29,89.015846,89.298828,88.409477,88.732872,72.400223,4823400
2006-11-30,88.490326,90.026474,88.328629,89.622223,73.125862,3964200
2006-12-01,89.379677,89.379677,87.479698,88.369049,72.103355,5666500
2006-12-04,87.762672,89.460526,87.762672,88.813728,72.466171,4265200
2006-12-05,89.217972,89.824348,88.611603,89.015846,72.631104,5292300
2006-12-06,88.934998,91.158379,88.369049,88.854149,72.499153,9721900
2006-12-07,88.934998,89.217972,86.469078,86.671204,70.718033,10028600
2006-12-08,86.913750,86.913750,84.973351,85.256325,69.563576,9315000
2006-12-11,85.498878,86.266953,85.094627,85.822273,70.025352,6277600
2006-12-12,85.418022,85.822273,83.720177,84.124428,68.640030,6942800
2006-12-13,83.962723,84.690376,83.235077,83.477623,68.276291,4575100
2006-12-14,83.679749,84.286125,82.992523,83.639328,68.408562,7901100
2006-12-15,84.245697,85.256325,83.558472,83.720177,68.474701,6451200
2006-12-18,83.922302,85.418022,83.437202,83.922302,68.640015,6421300
2006-12-19,82.345726,83.679749,82.305298,82.830826,67.747299,5067600
2006-12-20,82.345726,84.245697,82.184029,82.507423,67.482788,4543000
2006-12-21,82.507423,83.315926,81.537224,82.143600,67.185234,4909000
2006-12-22,82.264877,82.628700,81.577652,81.901047,66.986847,3831600
2006-12-26,81.860626,83.396774,81.860626,82.790398,67.714226,3081800
2006-12-27,83.275497,84.366974,82.992523,83.073372,67.945694,4728100
2006-12-28,83.315926,83.558472,82.749977,83.073372,67.945694,2422100
2006-12-29,82.952103,84.084000,82.871246,83.113800,67.978722,2652900
2007-01-03,83.679749,84.528671,82.790398,83.154228,68.011810,7143800
2007-01-04,82.830826,83.477623,82.103172,83.073372,67.945694,6934700
2007-01-05,73.007553,77.818123,72.764999,76.564949,62.622429,43490900
2007-01-08,76.847923,76.888351,74.624550,75.190498,61.498287,15018500
2007-01-09,75.028801,75.473473,73.775627,73.816048,60.374115,13672400
2007-01-10,73.371376,73.613922,72.967125,73.411797,60.043488,10305200
2007-01-11,73.694778,74.947952,73.209679,73.573502,60.175728,8497500
2007-01-12,73.816048,74.018173,72.360748,72.805428,59.547523,10889700
2007-01-16,73.169250,73.492653,72.805428,73.371376,60.010426,7876100
2007-01-17,73.573502,75.554321,73.209679,74.664978,61.068459,12877600
2007-01-18,75.190498,75.999001,74.705399,75.635178,61.861950,12194500
2007-01-19,75.594749,78.626625,75.150078,77.898972,63.713551,18509900
2007-01-22,78.343651,78.384071,74.664978,75.675598,61.895035,10647900
2007-01-23,75.190498,75.716026,74.382004,74.907524,61.266838,7586000
2007-01-24,74.826675,75.877724,74.584122,75.069221,61.399082,6992700
2007-01-25,75.635178,76.443672,74.867104,75.150078,61.465240,9362600
2007-01-26,74.826675,75.190498,73.613922,74.301147,60.770863,6950800
2007-01-29,74.422424,74.422424,73.250099,74.018173,60.539452,9873700
2007-01-30,78.828751,79.354279,77.696854,79.152153,64.738510,21088500
2007-01-31,79.152153,80.405327,78.343651,80.243622,65.631210,8355700
2007-02-01,80.567024,80.769150,79.152153,80.647873,65.961876,8378300
2007-02-02,80.445747,80.567024,79.879799,80.243622,65.631210,5359100
2007-02-05,79.879799,80.445747,79.475548,80.324478,65.697365,4645600
2007-02-06,80.324478,80.567024,78.788322,79.758522,65.234474,9557700
2007-02-07,80.445747,80.486176,79.839378,80.486176,65.829605,5922600
2007-02-08,79.758522,80.567024,79.233002,80.284050,65.664299,5866800
2007-02-09,80.405327,80.445747,78.667053,79.111725,64.705452,5654900
2007-02-12,78.869179,79.273422,76.969200,77.373451,63.283714,6584300
2007-02-13,77.252174,78.303223,77.211746,78.181953,63.944996,4781600
2007-02-14,78.424500,78.545776,77.535149,77.656425,63.515156,6002500
2007-02-15,77.818123,78.343651,77.009628,77.777702,63.614338,9736000
2007-02-16,77.696854,78.626625,77.333023,77.858551,63.680481,5853600
2007-02-20,77.413872,77.494728,76.767075,77.494728,63.382923,4199600
2007-02-21,76.605377,76.847923,75.796875,76.403252,62.490181,5181100
2007-02-22,76.484100,77.211746,76.362823,76.645798,62.688572,4175700
2007-02-23,76.605377,77.575577,76.281975,77.413872,63.316753,4782800
2007-02-26,77.858551,78.060677,77.171326,77.818123,63.647408,4711000
2007-02-27,76.645798,76.888351,73.775627,75.190498,61.498287,8525400
2007-02-28,75.230927,75.675598,74.301147,74.867104,61.233765,5273100
2007-03-01,75.150078,77.494728,74.179878,76.120277,62.258751,10737300
2007-03-02,75.837303,77.090477,75.028801,75.352203,61.630550,6077200
2007-03-05,74.503273,75.554321,73.896896,74.786247,61.167641,5336100
2007-03-06,75.918152,76.726646,75.392624,76.160698,62.291817,4642100
2007-03-07,75.554321,77.171326,75.069221,76.847923,62.853886,11476200
2007-03-08,77.333023,77.575577,74.988373,75.311775,61.597458,9108200
2007-03-09,75.756447,75.796875,73.937325,74.664978,61.068459,6802300
2007-03-12,74.624550,76.241547,74.179878,74.947952,61.299908,12056100
2007-03-13,74.462852,74.947952,73.573502,73.735199,60.471085,8458800
2007-03-14,73.816048,74.503273,73.411797,74.382004,61.001549,7089100
2007-03-15,73.937325,74.543701,73.694778,74.058601,60.736294,3819400
2007-03-16,74.139450,74.179878,73.452225,73.533073,60.305325,7534900
2007-03-19,73.735199,74.301147,73.573502,73.937325,60.636852,6234500
2007-03-20,73.613922,76.524529,73.492653,76.079849,62.393963,10541500
2007-03-21,75.756447,76.403252,74.018173,75.756447,62.128727,10142800
2007-03-22,71.835228,72.401176,70.541626,70.743752,58.017742,47171600
2007-03-23,71.430977,72.401176,71.026726,71.754372,58.846600,14273200
2007-03-26,71.552254,72.643723,71.471397,72.401176,59.377033,8205100
2007-03-27,72.684151,72.684151,71.713951,71.835228,58.912880,9186900
2007-03-28,71.552254,72.482025,71.430977,71.673523,58.780270,8135800
2007-03-29,71.713951,72.118202,71.309700,71.592674,58.713970,10400600
2007-03-30,71.511826,71.875648,71.228851,71.430977,58.581360,9538900
2007-04-02,71.148003,71.713951,70.662903,70.986298,58.216660,9110000
2007-04-03,71.148003,71.633102,70.824600,71.430977,58.581360,6627700
2007-04-04,71.835228,72.320328,71.471397,71.633102,58.747105,5512500
2007-04-05,71.633102,72.037354,70.945877,71.107574,58.316113,4503600
2007-04-09,71.269272,71.754372,70.743752,71.350128,58.515053,3924700
2007-04-10,71.633102,71.713951,70.784172,71.471397,58.614513,4062300
2007-04-11,71.552254,71.633102,70.582047,70.703323,57.984608,5167400
2007-04-12,70.541626,70.865028,70.056526,70.824600,58.084064,6017800
2007-04-13,71.511826,71.835228,70.460777,71.713951,58.813412,4624100
2007-04-16,71.754372,72.118202,71.350128,72.037354,59.078671,4652200
2007-04-17,71.916077,73.088402,71.713951,72.562874,59.509647,7465900
2007-04-18,73.371376,74.543701,72.805428,73.654350,60.404751,10094100
2007-04-19,73.452225,74.301147,72.886276,73.088402,59.940632,9652800
2007-04-20,73.613922,73.775627,72.926697,73.613922,60.371609,6244700
2007-04-23,73.654350,73.896896,72.239471,72.320328,59.310722,5647700
2007-04-24,72.482025,72.926697,71.148003,71.309700,58.481899,8844500
2007-04-25,72.603302,73.250099,72.037354,72.401176,59.377033,11455200
2007-04-26,72.401176,72.643723,71.471397,72.360748,59.343876,6509700
2007-04-27,72.360748,72.522453,70.824600,71.026726,58.249828,8145200
2007-04-30,70.945877,71.269272,70.016098,70.056526,57.454155,5693300
2007-05-01,70.339500,71.511826,70.177803,70.582047,57.885136,10539800
2007-05-02,70.824600,71.592674,70.743752,70.986298,58.216660,8811800
2007-05-03,71.026726,72.158623,70.824600,71.673523,58.780270,11319900
2007-05-04,72.279900,73.735199,72.158623,73.088402,59.940632,10010800
2007-05-07,73.573502,73.573502,71.875648,73.088402,59.940632,11066900
2007-05-08,71.309700,72.320328,71.269272,71.552254,58.680859,11341700
2007-05-09,71.552254,72.724571,71.552254,72.360748,59.343876,7104500
2007-05-10,72.320328,73.573502,72.199051,72.562874,59.509647,7819300
2007-05-11,72.643723,74.220299,72.643723,74.058601,60.736294,6180900
2007-05-14,74.584122,74.907524,72.643723,73.411797,60.205837,10387400
2007-05-15,73.371376,73.735199,71.956497,72.441597,59.410183,8904700
2007-05-16,73.088402,73.654350,72.684151,73.654350,60.404751,5865500
2007-05-17,73.856476,75.796875,73.533073,75.190498,61.664589,10382600
2007-05-18,75.877724,75.958572,74.624550,75.958572,62.294498,7364100
2007-05-21,75.958572,77.535149,75.635178,76.403252,62.659180,11905300
2007-05-22,76.847923,76.847923,75.433052,76.484100,62.725483,4611800
2007-05-23,76.281975,76.403252,75.311775,75.513901,61.929810,4876000
2007-05-24,75.594749,75.675598,73.492653,73.816048,60.537369,8979300
2007-05-25,74.058601,75.028801,73.775627,74.341576,60.968369,5583600
2007-05-29,74.947952,75.190498,73.371376,73.977753,60.669998,4625400
2007-05-30,73.573502,74.260727,73.250099,73.896896,60.603683,5927200
2007-05-31,74.584122,74.584122,72.684151,73.533073,60.305325,10395900
2007-06-01,73.977753,74.543701,73.654350,74.220299,60.868908,5481800
2007-06-04,74.543701,75.069221,73.816048,73.977753,60.669998,5627700
2007-06-05,73.775627,74.543701,73.775627,74.018173,60.703148,6391900
2007-06-06,73.694778,73.856476,73.209679,73.290527,60.106407,4164000
2007-06-07,73.209679,73.492653,71.471397,71.511826,58.647667,7227600
2007-06-08,71.713951,72.684151,71.067146,72.320328,59.310722,8758200
2007-06-11,72.077774,72.562874,71.350128,71.996925,59.045502,4329700
2007-06-12,71.430977,72.482025,71.188423,71.835228,58.912880,6961400
2007-06-13,71.956497,73.169250,71.916077,73.047974,60.076534,7061600
2007-06-14,72.926697,74.179878,72.805428,73.856476,60.741447,6370400
2007-06-15,74.382004,74.382004,73.654350,74.179878,61.007439,9526700
2007-06-18,74.179878,74.422424,73.088402,73.290527,60.275993,5078600
2007-06-19,72.805428,73.209679,72.522453,73.088402,60.109756,5848000
2007-06-20,73.250099,73.654350,72.320328,72.401176,59.544571,6764100
2007-06-21,72.401176,73.613922,72.158623,73.371376,60.342495,7117700
2007-06-22,72.886276,73.452225,72.320328,72.320328,59.478085,5569900
2007-06-25,72.401176,72.926697,71.633102,72.037354,59.245361,5889500
2007-06-26,72.199051,72.926697,71.633102,71.916077,59.145634,6698700
2007-06-27,71.875648,72.401176,71.633102,72.037354,59.245361,4371600
2007-06-28,71.956497,72.482025,71.633102,72.077774,59.278599,3774500
2007-06-29,72.239471,72.279900,71.188423,71.552254,58.846420,6041900
2007-07-02,71.350128,72.199051,71.269272,72.118202,59.311836,5034000
2007-07-03,72.158623,72.401176,71.956497,72.279900,59.444855,2825400
2007-07-05,72.118202,72.239471,71.350128,71.956497,59.178848,4311000
2007-07-06,71.592674,72.764999,71.552254,72.118202,59.311836,4837900
2007-07-09,72.482025,72.482025,71.875648,71.956497,59.178848,4691700
2007-07-10,71.754372,71.956497,70.986298,71.228851,58.580421,5350200
2007-07-11,71.148003,73.169250,70.986298,72.562874,59.677582,10279800
2007-07-12,72.320328,73.088402,71.511826,73.088402,60.109756,13363300
2007-07-13,72.643723,72.764999,71.916077,72.360748,59.511330,7564900
2007-07-16,72.926697,73.977753,72.764999,73.411797,60.375732,8306600
2007-07-17,73.209679,73.775627,72.522453,72.522453,59.644325,5586200
2007-07-18,72.118202,73.007553,71.916077,72.764999,59.843796,5522900
2007-07-19,73.775627,74.099022,73.209679,73.654350,60.575207,6731400
2007-07-20,73.169250,73.573502,71.956497,72.562874,59.677582,6555000
2007-07-23,72.764999,73.088402,71.996925,72.077774,59.278599,5615400
2007-07-24,71.713951,72.360748,71.269272,71.592674,58.879646,7378500
2007-07-25,71.754372,71.875648,71.107574,71.471397,58.779911,4935100
2007-07-26,70.986298,71.309700,68.924622,70.137375,57.682755,12199900
2007-07-27,69.854401,70.056526,68.520378,68.520378,56.352909,11629800
2007-07-30,69.126747,69.328873,68.196976,68.601227,56.419399,8455200
2007-07-31,68.884201,69.167175,67.792725,68.682076,56.485897,8255100
2007-08-01,67.994850,68.682076,66.216148,67.469322,55.488495,11173200
2007-08-02,67.873573,68.601227,67.509750,68.277824,56.153442,7111500
2007-08-03,67.994850,68.399101,66.094872,66.094872,54.358116,5436100
2007-08-06,66.296997,66.984222,64.720428,66.822525,54.956562,9904500
2007-08-07,66.135300,67.145927,65.488503,66.539551,54.723820,6133300
2007-08-08,66.701248,69.126747,66.216148,69.126747,56.851597,8789600
2007-08-09,67.914001,69.652275,67.711876,67.954422,55.887444,9932900
2007-08-10,66.984222,67.752296,65.892754,67.145927,55.222519,6420700
2007-08-13,67.914001,68.682076,66.903374,68.116127,56.020443,5485100
2007-08-14,68.479950,69.005478,66.741676,66.741676,54.890064,5301700
2007-08-15,66.377853,66.822525,65.003403,65.528923,53.892651,7624500
2007-08-16,65.043823,65.528923,63.103424,64.922546,53.393955,9607500
2007-08-17,66.660828,66.701248,64.720428,65.933174,54.225124,6282700
2007-08-20,65.771477,66.984222,65.528923,65.973602,54.258389,4418900
2007-08-21,65.933174,66.822525,65.488503,66.458702,54.657349,5305500
2007-08-22,67.105499,67.469322,66.337425,66.862953,54.989807,4033800
2007-08-23,67.024651,67.348053,66.620399,67.105499,55.189266,3733400
2007-08-24,66.862953,67.671448,66.741676,67.671448,55.654728,4995200
2007-08-27,67.671448,68.035278,67.226776,67.388474,55.421993,3936400
2007-08-28,67.226776,67.226776,65.124672,65.367226,53.759701,4410800
2007-08-29,65.609772,66.579971,65.326797,66.579971,54.757084,3689000
2007-08-30,67.631027,68.843773,67.388474,67.711876,55.687973,5782200
2007-08-31,68.399101,69.045898,68.156548,68.520378,56.352909,3914600
2007-09-04,69.005478,70.299072,68.237396,69.530998,57.184086,5360200
2007-09-05,69.207603,70.339500,69.126747,69.490578,57.150818,4553600
2007-09-06,69.490578,70.743752,69.167175,70.420349,57.915497,4953900
2007-09-07,69.450150,71.713951,68.762924,69.248024,56.951351,7419000
2007-09-10,69.935249,70.137375,68.399101,68.803352,56.585625,5255200
2007-09-11,69.005478,70.541626,68.843773,69.975677,57.549774,4753900
2007-09-12,69.409721,70.339500,69.248024,69.692703,57.483097,5506300
2007-09-13,69.652275,69.935249,68.560799,69.490578,57.316383,4905000
2007-09-14,68.803352,69.207603,68.156548,68.601227,56.582851,4189000
2007-09-17,68.399101,68.601227,67.550179,68.035278,56.116047,3844800
2007-09-18,68.439522,69.733124,67.428902,69.652275,57.449745,4816700
2007-09-19,69.935249,70.905449,69.773552,70.137375,57.849869,5108500
2007-09-20,70.945877,72.562874,70.945877,72.037354,59.416985,7276300
2007-09-21,72.441597,72.764999,71.511826,72.320328,59.650391,4825900
2007-09-24,72.764999,73.775627,72.684151,72.967125,60.183887,5460400
2007-09-25,72.886276,75.796875,72.764999,75.271347,62.084400,10471400
2007-09-26,75.877724,76.201126,74.786247,75.675598,62.417839,6617500
2007-09-27,75.796875,76.322403,74.947952,75.554321,62.317806,3802800
2007-09-28,75.190498,75.392624,73.169250,74.907524,61.784309,5066200
2007-10-01,74.786247,76.201126,74.584122,75.918152,62.617889,4295200
2007-10-02,75.756447,75.999001,74.947952,75.675598,62.417839,3273200
2007-10-03,75.190498,76.524529,75.109650,75.918152,62.617889,5038900
2007-10-04,75.675598,76.322403,75.352203,75.918152,62.617889,3593400
2007-10-05,76.362823,76.484100,75.756447,76.039429,62.717930,3487900
2007-10-08,75.999001,75.999001,75.230927,75.716026,62.451206,1959200
2007-10-09,75.837303,75.837303,73.775627,75.716026,62.451206,4446600
2007-10-10,75.433052,75.756447,74.705399,75.594749,62.351173,3081500
2007-10-11,75.918152,77.373451,75.716026,76.362823,62.984688,5458100
2007-10-12,76.524529,77.777702,76.201126,77.333023,63.784893,3545700
2007-10-15,78.222374,78.586197,77.413872,78.181953,64.485100,5260100
2007-10-16,77.090477,78.141525,77.009628,77.454300,63.884953,5965600
2007-10-17,78.262802,78.303223,77.050049,78.020248,64.351707,4479500
2007-10-18,77.777702,78.424500,77.454300,78.060677,64.385071,2546300
2007-10-19,77.696854,77.818123,75.150078,75.594749,62.351173,5983400
2007-10-22,74.867104,75.918152,74.422424,75.877724,62.584564,4689900
2007-10-23,75.999001,76.807503,75.473473,76.605377,63.184746,3102600
2007-10-24,76.443672,76.686226,73.209679,74.988373,61.851021,7125600
2007-10-25,77.696854,79.556396,77.130898,78.020248,64.351707,9945800
2007-10-26,78.707474,79.152153,76.807503,77.777702,64.151665,5068100
2007-10-29,77.413872,77.413872,75.877724,76.605377,63.184746,5449800
2007-10-30,76.524529,77.130898,75.230927,75.594749,62.351173,3570900
2007-10-31,75.877724,76.322403,74.988373,75.958572,62.651245,3509400
2007-11-01,75.150078,75.837303,72.845848,72.967125,60.183887,5971500
2007-11-02,73.209679,73.330948,71.875648,72.562874,59.850452,4420100
2007-11-05,71.754372,72.764999,70.501198,71.592674,59.050213,4708400
2007-11-06,71.754372,72.401176,70.743752,71.713951,59.150238,3803900
2007-11-07,70.299072,71.430977,68.762924,68.803352,56.749561,6397800
2007-11-08,69.935249,69.935249,66.539551,68.722504,56.682884,6842900
2007-11-09,67.994850,67.994850,65.933174,66.620399,54.949047,5259900
2007-11-12,65.690628,67.469322,65.690628,66.256577,54.648952,4197700
2007-11-13,66.660828,68.399101,66.458702,68.277824,56.316113,4177700
2007-11-14,68.843773,68.924622,66.782097,67.267197,55.482548,4024200
2007-11-15,66.943802,68.035278,66.094872,66.539551,54.882359,3560600
2007-11-16,66.862953,67.307625,66.054451,67.145927,55.382492,3569500
2007-11-19,66.741676,66.741676,64.356598,64.841698,53.481956,6208600
2007-11-20,64.922546,65.609772,62.092800,63.790649,52.615044,6238500
2007-11-21,62.497051,63.063000,61.243874,61.971523,51.114620,5159100
2007-11-23,62.254501,63.588524,61.082176,63.507675,52.381634,2192100
2007-11-26,63.386398,63.871498,61.567276,61.607700,50.814529,5088500
2007-11-27,61.809826,62.335350,60.111977,61.971523,51.114620,6305900
2007-11-28,62.294926,64.033203,60.880051,62.901299,51.881504,8886700
2007-11-29,62.577900,63.750225,62.456627,63.265125,52.181591,4985300
2007-11-30,65.852325,65.892754,63.305550,64.558723,53.248554,8283000
2007-12-03,63.750225,64.275749,61.890675,62.375774,51.448048,6571800
2007-12-04,61.890675,63.507675,61.526852,63.345974,52.248264,6062300
2007-12-05,63.992775,64.477875,63.265125,63.669376,52.515022,5445600
2007-12-06,63.709801,66.014023,63.224701,65.933174,54.382214,6289400
2007-12-07,66.175728,66.175728,64.720428,65.892754,54.348877,3701600
2007-12-10,65.933174,66.620399,65.367226,66.620399,54.949047,4110500
2007-12-11,66.418274,67.509750,65.165100,65.407654,53.948761,4789200
2007-12-12,65.892754,66.984222,64.518303,65.448074,54.149445,4845500
2007-12-13,65.003403,66.135300,64.599152,65.569351,54.249779,4328600
2007-12-14,65.124672,65.569351,64.599152,64.680000,53.513969,4294200
2007-12-17,64.275749,64.760849,63.911926,64.275749,53.179504,4328500
2007-12-18,64.599152,65.690628,64.114052,64.801277,53.614296,5091800
2007-12-19,64.760849,65.367226,64.275749,64.680000,53.513969,3258700
2007-12-20,65.003403,65.286377,64.599152,65.205528,53.948761,2875300
2007-12-21,65.811897,66.337425,65.326797,65.892754,54.517353,5165100
2007-12-24,65.771477,66.337425,65.488503,66.094872,54.684570,1181900
2007-12-26,65.569351,67.226776,65.367226,66.943802,55.386959,2879300
2007-12-27,66.135300,66.903374,65.892754,66.054451,54.651146,2412200
2007-12-28,66.296997,66.337425,65.245949,65.811897,54.450455,2993900
2007-12-31,65.488503,65.528923,64.680000,64.841698,53.647728,3628600
2008-01-02,64.720428,65.286377,63.992775,64.962975,53.748093,5595000
2008-01-03,65.084251,65.488503,64.558723,64.882126,53.681190,6970200
2008-01-04,63.426826,63.467251,60.192825,60.920475,50.403461,9988100
2008-01-07,61.163025,61.163025,59.667301,60.556648,50.102432,7394200
2008-01-08,60.718349,61.648125,59.788574,60.031124,49.667652,5860300
2008-01-09,60.273674,60.435375,58.009876,59.788574,49.466976,6134100
2008-01-10,59.222626,60.718349,58.818375,60.354527,49.935219,5548200
2008-01-11,59.667301,60.071548,58.777950,59.182201,48.965267,3690400
2008-01-14,59.546024,60.475800,58.656673,59.060925,48.864944,5028400
2008-01-15,58.454552,58.697102,57.443924,57.848175,47.861546,4858300
2008-01-16,56.756699,58.009876,56.433300,56.635426,46.858170,7722500
2008-01-17,56.675850,57.039677,54.048225,54.209927,44.851391,7622700
2008-01-18,54.978001,55.341824,52.997173,53.886524,44.583824,6936700
2008-01-22,49.358925,49.924873,46.690876,49.803600,41.205746,21844500
2008-01-23,41.273926,43.133476,38.120773,40.465424,33.479671,41402300
2008-01-24,40.990952,42.042000,40.101601,40.950523,33.881027,21714100
2008-01-25,41.759026,43.861126,41.435623,43.376026,35.887810,11921800
2008-01-28,43.537724,45.558975,43.335602,45.437698,37.593555,11389300
2008-01-29,45.639824,47.014275,45.235577,45.720676,37.827694,7063600
2008-01-30,45.437698,47.378101,45.316425,45.639824,37.760784,6983800
2008-01-31,45.073875,47.095123,44.790901,46.488750,38.463158,7419800
2008-02-01,52.148251,52.431225,50.409973,51.299324,42.443253,15810000
2008-02-04,50.571674,50.895077,48.995098,49.399349,40.871288,7458500
2008-02-05,48.631275,48.631275,46.488750,46.529175,38.496609,7802400
2008-02-06,46.973850,47.054699,45.195148,46.367474,38.362820,7583000
2008-02-07,46.003651,46.893002,45.599400,46.165352,38.195602,6181800
2008-02-08,45.882374,46.488750,45.316425,45.518551,37.660450,8445600
2008-02-11,46.084499,47.418526,45.841949,46.771725,38.697281,6801100
2008-02-12,46.973850,47.539799,46.286625,46.731300,38.663830,6478100
2008-02-13,47.135551,47.701500,46.569599,47.418526,39.232426,5110900
2008-02-14,47.539799,48.186600,46.488750,46.529175,38.496609,5294700
2008-02-15,46.084499,46.407902,45.356850,45.599400,37.727337,8367400
2008-02-19,46.084499,46.246201,45.316425,45.639824,37.760784,6389400
2008-02-20,45.195148,46.327049,44.993027,46.327049,38.329391,4420800
2008-02-21,46.407902,46.731300,45.478127,45.599400,37.727337,3517300
2008-02-22,45.680248,46.124924,44.871750,45.922798,37.994923,9267400
2008-02-25,44.993027,45.356850,43.941975,45.114300,37.325996,7265800
2008-02-26,44.831326,45.114300,44.184525,44.507923,36.824299,7449400
2008-02-27,44.386650,44.467499,43.861126,43.982399,36.389492,4909600
2008-02-28,43.739849,43.941975,41.799450,42.042000,34.784065,10338500
2008-02-29,41.678177,41.839874,39.737774,40.303726,33.345890,12987500
2008-03-03,40.627125,40.627125,39.252674,39.656925,32.810741,9870100
2008-03-04,39.212250,40.263302,38.363323,40.142025,33.212101,13060600
2008-03-05,40.748402,40.829250,39.859051,40.505852,33.513130,7308300
2008-03-06,40.829250,40.829250,40.142025,40.182449,33.245552,6192100
2008-03-07,39.939899,40.505852,38.929276,39.697350,32.844200,6634800
2008-03-10,39.818626,40.384575,38.484600,38.565449,31.907713,5191600
2008-03-11,39.050549,40.465424,38.929276,40.465424,33.479671,5919300
2008-03-12,40.344151,42.001575,40.222874,40.465424,33.647736,5780300
2008-03-13,39.778198,40.303726,38.686726,39.859051,33.143532,4413900
2008-03-14,40.546276,40.586700,38.403751,38.605873,32.101501,5673700
2008-03-17,37.635674,38.525024,36.867599,37.393124,31.093079,8181700
2008-03-18,38.039925,39.535648,37.797375,39.373951,32.740170,7051100
2008-03-19,39.495224,39.616501,37.716526,37.716526,31.362000,5827400
2008-03-20,37.756950,38.161201,36.301651,37.393124,31.093079,8711200
2008-03-24,37.918652,39.656925,37.595249,39.171825,32.572090,5009000
2008-03-25,39.495224,39.899475,38.282475,39.454800,32.807396,4845800
2008-03-26,41.637749,41.839874,39.616501,40.505852,33.681358,14728300
2008-03-27,40.020748,40.061176,37.999500,38.403751,31.933428,8300600
2008-03-28,38.686726,38.807999,37.110149,37.231426,30.958618,5757100
2008-03-31,37.231426,37.918652,36.786751,37.595249,31.261145,4971700
2008-04-01,38.403751,38.969700,37.837799,38.282475,31.832575,8656500
2008-04-02,38.282475,38.929276,37.797375,38.848427,32.303181,5635000
2008-04-03,38.282475,39.656925,37.797375,39.495224,32.841011,5620800
2008-04-04,39.495224,39.495224,38.403751,39.090977,32.504868,4419300
2008-04-07,40.303726,40.344151,39.454800,39.778198,33.076305,4229600
2008-04-08,39.576077,39.576077,38.201626,38.363323,31.899805,5437700
2008-04-09,38.484600,38.565449,37.473976,37.635674,31.294756,4457300
2008-04-10,37.595249,37.676102,36.220798,36.827175,30.622473,11934100
2008-04-11,36.342075,37.676102,35.978249,36.544201,30.387175,6407000
2008-04-14,36.584625,36.746326,36.059101,36.220798,30.118254,3736800
2008-04-15,36.544201,36.544201,35.776127,36.301651,30.185482,3428700
2008-04-16,36.746326,37.271851,36.180374,37.191002,30.925009,4168300
2008-04-17,36.301651,36.988876,35.978249,36.584625,30.420788,4108200
2008-04-18,37.595249,38.080349,36.988876,37.393124,31.093079,5460100
2008-04-21,37.191002,37.716526,36.705898,37.635674,31.294756,4280900
2008-04-22,37.514400,37.918652,36.665474,36.988876,30.756933,4155800
2008-04-23,37.110149,38.888851,36.422924,38.605873,32.101501,8546400
2008-04-24,36.908024,38.161201,36.625050,37.393124,31.093079,6056000
2008-04-25,37.514400,37.595249,36.301651,37.352699,31.059454,6260200
2008-04-28,37.191002,38.403751,36.746326,38.242050,31.798964,6806700
2008-04-29,38.282475,40.586700,38.242050,40.424999,33.614120,10861800
2008-04-30,40.667549,40.788826,39.859051,40.263302,33.479675,5673100
2008-05-01,40.263302,40.788826,39.818626,40.707973,33.849434,5028600
2008-05-02,40.667549,41.031376,40.061176,40.546276,33.714977,5053800
2008-05-05,40.384575,40.627125,39.859051,40.020748,33.277988,3801800
2008-05-06,39.939899,41.516476,39.333527,41.476051,34.488102,5347000
2008-05-07,41.839874,41.920727,39.818626,39.980324,33.244373,4788500
2008-05-08,40.546276,40.546276,39.980324,40.101601,33.345219,3117800
2008-05-09,39.212250,40.142025,39.212250,39.454800,32.807396,2785100
2008-05-12,39.616501,40.020748,39.293098,40.020748,33.277988,3248100
2008-05-13,40.101601,40.263302,39.252674,39.495224,32.841011,3520900
2008-05-14,39.939899,40.424999,39.495224,40.020748,33.277988,3787900
2008-05-15,39.818626,41.071800,39.616501,40.950523,34.051109,3927600
2008-05-16,40.546276,41.152649,40.020748,40.707973,33.849434,4104000
2008-05-19,40.627125,41.961151,40.142025,41.233501,34.286407,5119900
2008-05-20,41.031376,41.031376,39.535648,39.697350,33.009083,4591200
2008-05-21,39.697350,39.697350,37.756950,37.918652,31.530058,6895100
2008-05-22,38.322899,38.403751,37.271851,37.716526,31.362000,5283600
2008-05-23,37.473976,37.918652,36.786751,36.786751,30.588869,3822100
2008-05-27,37.029301,37.514400,36.463348,37.029301,30.790550,4730100
2008-05-28,37.473976,37.554825,36.705898,37.312275,31.025841,4800000
2008-05-29,37.312275,38.282475,37.150574,37.797375,31.429220,3830400
2008-05-30,37.918652,38.161201,37.595249,37.716526,31.362000,3055700
2008-06-02,37.595249,38.080349,36.463348,36.908024,30.689693,4083700
2008-06-03,37.069725,37.271851,36.382500,36.786751,30.588869,3680100
2008-06-04,36.948448,37.797375,36.463348,37.110149,30.857780,5423500
2008-06-05,36.827175,37.595249,36.584625,37.393124,31.093079,6546000
2008-06-06,36.988876,37.069725,36.018677,36.099525,30.017412,9153500
2008-06-09,36.382500,36.463348,35.654850,36.059101,29.983793,5417800
2008-06-10,36.382500,37.191002,36.180374,36.422924,30.286335,5688200
2008-06-11,36.463348,36.705898,35.937824,35.978249,29.916574,6616100
2008-06-12,36.220798,36.584625,36.018677,36.220798,30.288418,8687300
2008-06-13,36.625050,37.271851,36.422924,36.908024,30.863085,3685500
2008-06-16,36.746326,37.231426,36.463348,36.867599,30.829300,3331000
2008-06-17,36.988876,37.231426,36.180374,36.342075,30.389830,10252500
2008-06-18,36.180374,36.301651,34.401676,34.765499,29.071482,11748800
2008-06-19,34.563374,34.684650,30.763426,32.703827,27.347473,19465600
2008-06-20,32.703827,32.703827,31.652775,32.097450,26.840412,8976500
2008-06-23,30.723000,30.844275,29.510250,30.076200,25.150213,12582500
2008-06-24,29.995350,30.561300,29.510250,29.712376,24.845972,7977500
2008-06-25,29.914499,30.803850,29.793224,30.399599,25.420643,5809300
2008-06-26,30.035774,30.035774,29.348551,29.510250,24.676952,6692800
2008-06-27,29.429399,29.874075,29.106001,29.712376,24.845972,8241100
2008-06-30,29.550674,30.318750,29.308125,29.671949,24.812168,6145800
2008-07-01,29.308125,30.601725,29.146425,29.793224,24.913578,9682600
2008-07-02,30.197475,30.197475,28.903875,28.903875,24.169893,7262200
2008-07-03,29.186850,29.227276,28.540051,28.540051,23.865658,4768700
2008-07-07,28.701750,29.186850,28.418776,28.701750,24.000866,6061100
2008-07-08,28.742174,29.712376,28.459200,29.631525,24.778364,4932000
2008-07-09,29.712376,29.833651,28.782600,28.903875,24.169893,4555800
2008-07-10,28.863449,29.267700,27.529425,28.095375,23.493814,8672500
2008-07-11,27.489000,28.863449,27.367725,28.257074,23.629028,8156500
2008-07-14,29.227276,29.227276,27.448574,27.489000,22.986748,4607000
2008-07-15,26.963474,27.812401,26.761351,27.327299,22.851534,8271200
2008-07-16,27.286875,28.620899,26.923050,28.378349,23.730442,5832700
2008-07-17,28.782600,30.035774,28.135799,29.833651,24.947388,5742100
2008-07-18,29.793224,30.440025,29.308125,30.157049,25.217819,4824200
2008-07-21,30.237900,30.237900,28.742174,29.025150,24.271307,4183300
2008-07-22,28.378349,29.954926,28.257074,29.954926,25.048798,4338100
2008-07-23,29.914499,30.803850,29.631525,30.197475,25.251623,4495700
2008-07-24,30.157049,30.197475,28.701750,28.903875,24.169893,4160700
2008-07-25,29.106001,29.591101,28.903875,29.308125,24.507933,5390600
2008-07-28,29.793224,29.793224,28.337925,28.620899,23.933264,5533200
2008-07-29,28.661325,30.359175,28.499624,30.359175,25.386841,6066300
2008-07-30,30.359175,31.167675,29.631525,31.046400,25.961506,6659400
2008-07-31,34.078274,35.735699,32.380424,34.927200,29.206694,23899300
2008-08-01,35.574001,35.816551,34.603802,35.614426,29.781370,7361200
2008-08-04,38.646301,40.424999,38.080349,39.697350,33.195583,20837200
2008-08-05,39.939899,40.586700,38.322899,38.605873,32.282871,13797400
2008-08-06,38.525024,38.565449,37.352699,38.403751,32.113846,8424700
2008-08-07,38.201626,38.282475,36.786751,37.069725,30.998308,8848700
2008-08-08,37.150574,39.131401,36.705898,38.929276,32.553303,7498500
2008-08-11,38.807999,41.071800,38.565449,40.627125,33.973064,6751100
2008-08-12,40.344151,41.799450,40.101601,40.505852,33.871651,7559500
2008-08-13,40.424999,41.395199,39.616501,39.980324,33.432198,5313500
2008-08-14,40.263302,41.273926,39.656925,40.505852,33.871651,6723100
2008-08-15,40.627125,42.446251,40.505852,41.759026,34.919579,6356500
2008-08-18,41.839874,41.839874,39.818626,40.020748,33.466003,4975600
2008-08-19,39.697350,39.778198,38.848427,39.293098,32.857540,4641600
2008-08-20,39.818626,39.818626,38.403751,39.131401,32.722309,5004700
2008-08-21,38.767574,40.344151,38.322899,40.222874,33.635025,4480000
2008-08-22,40.384575,40.505852,39.414375,40.384575,33.770233,3788100
2008-08-25,39.859051,39.939899,38.484600,38.646301,32.316666,3644300
2008-08-26,38.686726,39.090977,38.120773,38.646301,32.316666,3771300
2008-08-27,38.363323,39.010124,37.676102,38.807999,32.451889,3412200
2008-08-28,38.969700,39.090977,38.282475,38.686726,32.350479,4765200
2008-08-29,38.525024,38.525024,37.878223,38.080349,31.843412,4224400
2008-09-02,38.646301,39.373951,37.918652,38.444176,32.147640,5531400
2008-09-03,37.999500,38.363323,37.312275,38.039925,31.809610,4424300
2008-09-04,37.756950,38.322899,36.867599,36.948448,30.896891,5623200
2008-09-05,35.735699,36.908024,35.129326,36.625050,30.626471,5548100
2008-09-08,37.231426,37.797375,36.422924,37.635674,31.471565,4851500
2008-09-09,37.393124,38.403751,35.331451,35.331451,29.544741,6663400
2008-09-10,35.493149,36.139950,33.269775,33.593174,28.091158,9915700
2008-09-11,33.229351,33.350624,31.693199,32.744251,27.547028,9060800
2008-09-12,32.137875,33.754875,32.137875,32.865524,27.649046,5267500
2008-09-15,32.542126,32.703827,30.925125,30.925125,26.016636,4828700
2008-09-16,30.682575,30.925125,28.903875,29.267700,24.622286,8752000
2008-09-17,29.267700,29.267700,27.569851,27.569851,23.193918,7769600
2008-09-18,28.176226,28.742174,26.357100,28.701750,24.146156,7671000
2008-09-19,31.531500,31.571924,28.984726,30.440025,25.608532,9843500
2008-09-22,30.359175,31.369801,29.914499,30.642151,25.778568,7197400
2008-09-23,30.682575,32.663399,29.671949,29.833651,25.098402,6844200
2008-09-24,29.874075,30.925125,29.591101,30.318750,25.506508,4927400
2008-09-25,30.682575,32.259151,30.440025,31.814474,26.764826,4988100
2008-09-26,30.318750,30.925125,29.308125,30.844275,25.948614,6033000
2008-09-29,30.035774,30.399599,26.801775,27.003901,22.717802,8565000
2008-09-30,28.014524,28.944300,27.691126,28.863449,24.282196,5628800
2008-10-01,28.661325,30.157049,28.095375,30.076200,25.302454,4832200
2008-10-02,29.510250,29.510250,27.206024,27.408150,23.057875,6896300
2008-10-03,28.216650,29.186850,27.084749,27.165600,22.853825,5427300
2008-10-06,26.154976,26.397526,23.567776,24.820950,20.881323,10399100
2008-10-07,25.589025,25.791149,22.759275,22.840124,19.214897,7450300
2008-10-08,21.748650,23.689051,21.021000,21.101851,17.752531,9413800
2008-10-09,21.829500,22.072050,18.433800,18.433800,15.507959,9448200
2008-10-10,17.221050,20.131651,16.170000,18.918900,15.916057,12751800
2008-10-13,21.384825,22.638000,20.212500,22.516726,18.942833,8171200
2008-10-14,24.416700,24.416700,21.748650,22.193325,18.670761,8961600
2008-10-15,21.829500,22.152901,20.899725,20.980576,17.650501,8313600
2008-10-16,21.991199,22.759275,20.091225,22.678425,19.078867,9501300
2008-10-17,22.152901,24.052876,21.506100,22.718849,19.112873,6663500
2008-10-20,23.082676,24.861376,22.840124,24.537975,20.643270,5401600
2008-10-21,24.093300,24.537975,22.880550,22.961399,19.316931,4536300
2008-10-22,22.435875,22.638000,19.848675,20.374201,17.140368,6235300
2008-10-23,20.252926,21.223125,19.201876,20.576324,17.310417,7555700
2008-10-24,18.757200,20.818874,18.433800,20.252926,17.038347,5934200
2008-10-27,19.808250,22.072050,18.797625,20.414625,17.174379,6610000
2008-10-28,21.708225,23.608200,20.535900,23.608200,19.861071,6496400
2008-10-29,23.082676,23.567776,21.829500,22.072050,18.568735,7681100
2008-10-30,22.638000,23.244375,20.172075,20.899725,17.582487,8498400
2008-10-31,20.657175,22.355024,20.455050,21.708225,18.262661,5798600
2008-11-03,21.586950,21.627375,20.010374,20.374201,17.140368,5461700
2008-11-04,21.223125,21.223125,20.576324,21.182699,17.820545,4937900
2008-11-05,20.697599,21.182699,19.201876,19.403999,16.324167,14118700
2008-11-06,19.201876,19.484850,18.191250,18.272100,15.371924,7701500
2008-11-07,18.514650,19.363575,18.029551,19.363575,16.290154,7034600
2008-11-10,20.010374,20.010374,17.908276,18.191250,15.303903,4720800
2008-11-11,17.908276,18.110399,17.059349,17.544451,14.759763,4528500
2008-11-12,17.221050,17.746574,15.765750,15.967875,13.433424,6745500
2008-11-13,15.765750,18.514650,15.765750,18.514650,15.575974,7835100
2008-11-14,17.908276,18.110399,16.452974,16.493401,13.875541,6980500
2008-11-17,16.250851,16.533825,15.684900,16.089149,13.535455,5948600
2008-11-18,16.210424,16.291275,14.835975,15.765750,13.263382,7126900
2008-11-19,15.280650,15.967875,13.906200,13.906200,11.698983,8096400
2008-11-20,13.704075,14.633850,12.693450,12.733875,10.712731,7892500
2008-11-21,13.744500,13.744500,12.127500,13.259400,11.154843,12187800
2008-11-24,13.501950,14.553000,13.259400,14.350875,12.073078,10728200
2008-11-25,14.755125,16.533825,14.270025,16.129576,13.569464,10732000
2008-11-26,16.008301,17.099775,15.118950,16.776375,14.113598,6169700
2008-11-28,16.695524,17.908276,16.493401,17.423176,14.657741,3150800
2008-12-01,17.140200,17.665726,16.210424,16.614676,13.977566,7160000
2008-12-02,18.069975,18.150826,16.452974,17.261475,14.521707,5700300
2008-12-03,16.452974,17.787001,16.291275,17.665726,14.861793,6700900
2008-12-04,17.180626,18.069975,16.857225,17.463600,14.691748,6034900
2008-12-05,16.735950,17.746574,16.372126,17.625299,14.827782,5646000
2008-12-08,17.423176,18.110399,16.655100,17.787001,14.963821,5484800
2008-12-09,17.059349,17.584875,16.695524,16.776375,14.113598,3706700
2008-12-10,16.655100,17.261475,16.655100,17.059349,14.351661,3142500
2008-12-11,16.816799,17.463600,16.372126,16.574249,14.110750,4736000
2008-12-12,15.765750,17.059349,15.563625,16.938074,14.420495,5125200
2008-12-15,16.938074,17.382750,16.493401,16.857225,14.351667,4240200
2008-12-16,17.018925,17.827425,16.938074,17.827425,15.177665,6140900
2008-12-17,17.059349,18.231674,16.695524,17.827425,15.177665,8554100
2008-12-18,17.625299,18.029551,16.978500,17.099775,14.558167,3775200
2008-12-19,17.099775,18.150826,17.059349,17.989124,15.315326,5741300
2008-12-22,17.948700,17.948700,16.493401,16.614676,14.145166,5376200
2008-12-23,17.099775,17.099775,16.129576,16.291275,13.869837,3734300
2008-12-24,16.291275,16.574249,15.927450,15.927450,13.560088,1490100
2008-12-26,16.008301,16.412550,15.887025,16.372126,13.938668,1723800
2008-12-29,16.331699,16.452974,15.846600,16.372126,13.938668,2917900
2008-12-30,16.372126,16.897650,16.089149,16.816799,14.317249,4993100
2008-12-31,16.452974,18.110399,16.412550,17.908276,15.246494,5782600
2009-01-02,17.989124,19.121025,17.584875,18.878475,16.072491,3669500
2009-01-05,18.676350,18.838051,17.787001,18.110399,15.418572,4884000
2009-01-06,18.635925,19.201876,18.110399,18.757200,15.969240,5692400
2009-01-07,18.393375,18.595501,17.746574,17.908276,15.246494,4797200
2009-01-08,17.504025,18.352949,17.463600,18.312525,15.590658,3318800
2009-01-09,18.272100,18.716776,17.584875,18.029551,15.349738,2959700
2009-01-12,18.069975,18.474224,17.827425,18.191250,15.487411,4282200
2009-01-13,18.231674,18.312525,17.423176,17.463600,14.867913,4607700
2009-01-14,16.978500,17.221050,16.291275,16.614676,14.145166,4915200
2009-01-15,16.978500,18.029551,16.331699,17.908276,15.246494,9008400
2009-01-16,18.150826,19.201876,17.665726,18.352949,15.625076,5987100
2009-01-20,19.444426,19.606125,17.261475,17.423176,14.833496,6779300
2009-01-21,17.746574,18.231674,16.978500,18.231674,15.521822,4703500
2009-01-22,17.463600,18.231674,17.140200,17.908276,15.246494,3822900
2009-01-23,17.544451,18.797625,17.059349,18.595501,15.831575,4053700
2009-01-26,18.595501,19.040174,17.787001,18.231674,15.521822,2999000
2009-01-27,18.069975,19.282724,17.989124,19.040174,16.210154,3388900
2009-01-28,19.323151,20.010374,19.040174,19.929525,16.967316,3347300
2009-01-29,19.606125,19.767824,18.474224,18.838051,16.038073,2799300
2009-01-30,18.918900,18.999750,17.827425,17.908276,15.246494,3955300
2009-02-02,17.625299,18.757200,17.463600,18.352949,15.625076,4783200
2009-02-03,16.655100,17.059349,15.644475,16.331699,13.904251,10722000
2009-02-04,16.170000,16.170000,14.997675,15.159375,12.906173,10268300
2009-02-05,14.876400,15.401925,13.906200,14.876400,12.665258,11556200
2009-02-06,15.159375,15.967875,14.795550,15.684900,13.353588,7667200
2009-02-09,16.291275,17.018925,16.170000,16.776375,14.282831,7687100
2009-02-10,16.897650,16.897650,15.644475,15.765750,13.422419,8888300
2009-02-11,15.927450,16.089149,15.563625,15.765750,13.422419,6524400
2009-02-12,15.765750,15.765750,14.795550,15.684900,13.353588,4952400
2009-02-13,15.563625,16.170000,15.361500,15.644475,13.319171,4623500
2009-02-17,14.916825,15.321075,14.633850,14.957250,12.734092,5828000
2009-02-18,15.118950,15.240225,14.350875,14.674275,12.493176,4797200
2009-02-19,14.997675,15.442350,14.270025,14.674275,12.493176,6868600
2009-02-20,14.391300,14.876400,14.148750,14.593425,12.424341,4815100
2009-02-23,14.835975,15.563625,14.593425,14.674275,12.493176,5025300
2009-02-24,14.835975,15.887025,13.906200,15.604050,13.284756,5890100
2009-02-25,15.442350,15.604050,14.633850,14.997675,12.768509,5062400
2009-02-26,15.199800,15.563625,14.472150,14.633850,12.458760,3764000
2009-02-27,14.310450,14.553000,13.744500,14.229600,12.114596,4637400
2009-03-02,13.906200,14.633850,13.663650,13.663650,11.632764,5899000
2009-03-03,13.906200,14.431725,13.299825,13.340250,11.357432,6616700
2009-03-04,13.582800,14.229600,13.461525,13.946625,11.873681,4862600
2009-03-05,13.784925,13.784925,12.612600,12.814725,10.910019,5758300
2009-03-06,13.016850,13.138125,12.046650,12.531750,10.669102,4883600
2009-03-09,12.370050,13.138125,12.208350,12.612600,10.737938,3982800
2009-03-10,12.976425,13.704075,12.733875,13.704075,11.667180,5055700
2009-03-11,14.553000,14.674275,13.987050,14.108325,12.011347,6983300
2009-03-12,14.108325,15.038100,13.946625,14.957250,12.734092,6618800
2009-03-13,15.482775,15.563625,14.270025,15.159375,12.906173,6371600
2009-03-16,15.321075,15.806175,14.755125,14.755125,12.562008,3997500
2009-03-17,14.755125,15.725325,14.593425,15.725325,13.388005,4144200
2009-03-18,15.240225,16.938074,15.199800,16.776375,14.282831,5070000
2009-03-19,16.655100,16.978500,16.170000,16.452974,14.007500,3533300
2009-03-20,16.574249,16.695524,15.765750,16.008301,13.628920,5172500
2009-03-23,16.452974,17.423176,16.210424,17.423176,14.833496,3802500
2009-03-24,16.978500,17.584875,16.574249,17.099775,14.558167,4117400
2009-03-25,17.261475,17.463600,16.412550,16.978500,14.454916,3978600
2009-03-26,17.180626,18.393375,17.099775,18.393375,15.659495,4763600
2009-03-27,18.110399,18.272100,17.018925,17.665726,15.039994,4901900
2009-03-30,17.221050,17.423176,16.574249,16.978500,14.454916,4288800
2009-03-31,17.423176,17.504025,16.776375,17.099775,14.558167,4807500
2009-04-01,16.574249,17.584875,16.412550,17.504025,14.902329,3627800
2009-04-02,17.706150,18.838051,17.665726,18.716776,15.934821,4808800
2009-04-03,18.110399,18.514650,16.695524,18.433800,15.693908,6769200
2009-04-06,18.029551,18.999750,17.180626,18.959326,16.141323,4563100
2009-04-07,17.948700,18.635925,17.787001,18.352949,15.625076,3259200
2009-04-08,18.272100,18.716776,18.110399,18.352949,15.625076,3367100
2009-04-09,18.797625,19.808250,18.676350,19.808250,16.864063,4009800
2009-04-13,18.999750,19.646549,18.878475,19.444426,16.554323,3317000
2009-04-14,19.282724,19.323151,18.555075,18.918900,16.106901,4288400
2009-04-15,18.595501,20.212500,18.595501,19.686975,16.760820,5275600
2009-04-16,20.050800,20.899725,19.565701,20.616751,17.552395,5145500
2009-04-17,20.899725,22.799700,20.414625,22.476299,19.135551,9919900
2009-04-20,22.031626,22.233749,20.899725,21.182699,18.034225,6576300
2009-04-21,20.940149,22.718849,20.818874,22.516726,19.169970,6498600
2009-04-22,22.678425,23.567776,21.829500,22.880550,19.479719,6011800
2009-04-23,22.799700,22.799700,21.263550,22.274176,18.963467,5429600
2009-04-24,22.476299,24.012449,21.869925,23.486925,19.995968,6954200
2009-04-27,23.123100,23.486925,22.638000,23.082676,19.651802,4459200
2009-04-28,22.880550,23.810326,22.233749,23.486925,19.995968,4359900
2009-04-29,23.244375,24.295425,23.203951,24.093300,20.512211,4725500
2009-04-30,24.052876,24.254999,21.829500,22.355024,19.032307,8974500
2009-05-01,22.233749,22.476299,20.697599,22.395451,19.066721,7529000
2009-05-04,22.557150,23.203951,22.274176,23.082676,19.651802,5689600
2009-05-05,22.597574,23.850750,22.597574,23.729475,20.202467,4211700
2009-05-06,23.648624,25.669874,23.648624,25.508175,21.716785,9207400
2009-05-07,25.669874,26.195400,24.699675,25.144350,21.407040,8290700
2009-05-08,25.103926,26.276251,24.537975,26.276251,22.370697,5555500
2009-05-11,25.346476,25.831575,24.901800,25.346476,21.579123,4292400
2009-05-12,25.831575,25.831575,23.972025,24.537975,20.890797,6101200
2009-05-13,24.254999,24.457125,22.638000,22.880550,19.479719,6868400
2009-05-14,22.961399,23.567776,22.678425,23.365650,19.892714,3735300
2009-05-15,23.446501,24.335850,23.244375,23.891174,20.340130,4719500
2009-05-18,24.052876,25.023075,24.012449,24.861376,21.166130,5884800
2009-05-19,25.225201,25.508175,24.295425,25.225201,21.475876,4748400
2009-05-20,25.467751,25.629450,24.497549,24.618826,20.959625,4668400
2009-05-21,24.174150,24.578400,23.406075,23.810326,20.271297,4229400
2009-05-22,23.972025,24.497549,23.608200,23.850750,20.305712,3275600
2009-05-26,24.012449,24.335850,23.123100,24.214575,20.615458,3284500
2009-05-27,24.416700,24.861376,23.850750,23.931601,20.374552,3461400
2009-05-28,24.659250,24.820950,23.850750,24.295425,20.684290,6030900
2009-05-29,24.780525,24.780525,24.093300,24.497549,20.856375,3970800
2009-06-01,24.861376,25.831575,24.699675,25.589025,21.785624,4285300
2009-06-02,25.669874,26.276251,25.063499,25.912424,22.060951,5278400
2009-06-03,26.033701,26.033701,24.537975,25.063499,21.338203,3552400
2009-06-04,25.144350,25.952850,25.023075,25.791149,21.957701,3511500
2009-06-05,25.791149,26.074125,24.942225,25.225201,21.475876,3132900
2009-06-08,24.820950,26.316675,24.618826,26.033701,22.164207,4345300
2009-06-09,26.316675,27.852825,26.074125,27.125175,23.093452,4904600
2009-06-10,27.286875,27.489000,25.912424,26.559225,22.611618,3507700
2009-06-11,26.195400,28.054951,26.195400,27.771975,23.644112,5170600
2009-06-12,27.206024,27.529425,26.478374,27.206024,23.162279,3477800
2009-06-15,26.680500,26.882626,26.074125,26.195400,22.301868,3694400
2009-06-16,26.033701,26.640076,25.346476,25.346476,21.579123,3925900
2009-06-17,25.225201,25.750725,24.618826,25.306049,21.544710,7469700
2009-06-18,25.306049,25.467751,24.901800,25.386900,21.613539,6427500
2009-06-19,25.791149,25.952850,24.578400,24.699675,21.028461,5881800
2009-06-22,24.537975,24.942225,23.931601,24.376274,20.753128,6126400
2009-06-23,25.265625,25.427324,24.820950,25.346476,21.579123,8541300
2009-06-24,25.669874,25.791149,25.184774,25.589025,21.785624,15726400
2009-06-25,25.386900,26.316675,25.103926,26.154976,22.267448,15152800
2009-06-26,26.276251,26.963474,25.750725,26.761351,22.783697,8718400
2009-06-29,27.125175,27.125175,26.114550,26.720924,22.749283,5998100
2009-06-30,27.691126,28.095375,26.397526,26.801775,22.818117,6763300
2009-07-01,26.842199,27.489000,26.033701,26.114550,22.233036,5400700
2009-07-02,25.791149,26.033701,24.942225,25.023075,21.303795,5125300
2009-07-06,24.780525,25.184774,24.457125,24.780525,21.097292,4773700
2009-07-07,24.780525,25.750725,24.699675,24.861376,21.166130,7849600
2009-07-08,24.780525,25.063499,24.214575,24.618826,20.959625,5326100
2009-07-09,24.942225,25.023075,24.416700,24.537975,20.890797,3587100
2009-07-10,24.295425,24.820950,24.214575,24.457125,20.821957,3030000
2009-07-13,24.335850,24.497549,23.891174,24.416700,20.787546,5317800
2009-07-14,24.537975,25.144350,24.254999,24.942225,21.234955,3756400
2009-07-15,25.427324,26.761351,25.225201,26.720924,22.749283,5367200
2009-07-16,25.306049,25.952850,24.780525,25.589025,21.785624,6005000
2009-07-17,25.225201,25.508175,24.780525,25.467751,21.682373,4115900
2009-07-20,25.467751,25.831575,25.184774,25.629450,21.820038,2864400
2009-07-21,25.791149,25.831575,25.103926,25.629450,21.820038,2862100
2009-07-22,25.265625,26.276251,25.265625,25.872000,22.026537,2858400
2009-07-23,25.669874,27.003901,25.669874,26.640076,22.680452,4672800
2009-07-24,26.680500,26.720924,26.114550,26.599649,22.646034,3145600
2009-07-27,26.357100,27.327299,26.357100,27.246450,23.196699,3643100
2009-07-28,26.720924,27.731550,26.680500,27.569851,23.472029,4900000
2009-07-29,27.286875,27.367725,25.872000,26.559225,22.611618,9132500
2009-07-30,28.944300,31.046400,28.216650,29.065575,24.745436,15460600
2009-07-31,29.469826,29.510250,28.540051,28.944300,24.642191,10054100
2009-08-03,29.308125,29.510250,28.580475,29.308125,24.951939,5872100
2009-08-04,29.146425,30.035774,28.944300,29.267700,24.917521,5997300
2009-08-05,29.308125,29.591101,28.499624,28.823025,24.538937,5972200
2009-08-06,29.186850,29.186850,28.580475,28.742174,24.470102,3055200
2009-08-07,29.065575,29.469826,28.620899,28.823025,24.538937,5393800
2009-08-10,28.337925,29.429399,28.337925,28.984726,24.676601,4333600
2009-08-11,28.903875,29.186850,28.297501,28.418776,24.194775,3336300
2009-08-12,28.216650,28.903875,28.176226,28.580475,24.332439,3136300
2009-08-13,28.823025,29.752800,28.540051,29.429399,25.055183,4743600
2009-08-14,29.348551,29.469826,28.337925,29.348551,24.986351,4558900
2009-08-17,28.297501,28.823025,28.297501,28.540051,24.298027,4781100
2009-08-18,28.661325,29.469826,28.540051,29.146425,24.814272,4739100
2009-08-19,28.540051,29.631525,28.540051,29.469826,25.089609,7765500
2009-08-20,29.186850,29.914499,29.186850,29.793224,25.364929,5181700
2009-08-21,30.399599,30.723000,29.874075,30.642151,26.087677,5708900
2009-08-24,30.440025,30.844275,29.954926,30.237900,25.743515,5359200
2009-08-25,30.116625,30.723000,30.116625,30.440025,25.915594,3493000
2009-08-26,30.440025,30.601725,30.076200,30.237900,25.743515,4444800
2009-08-27,30.076200,30.237900,29.469826,29.671949,25.261686,5722100
2009-08-28,29.914499,30.318750,28.863449,29.146425,24.814272,6784100
2009-08-31,28.701750,29.227276,28.297501,29.025150,24.711021,6001800
2009-09-01,29.752800,30.157049,28.297501,28.378349,24.160358,10040900
2009-09-02,28.661325,31.652775,28.297501,31.612350,26.913673,16476900
2009-09-03,31.046400,31.571924,30.480450,31.127251,26.500677,12150500
2009-09-04,30.076200,32.137875,30.076200,31.248526,26.603930,8520500
2009-09-08,31.895325,32.420849,31.329374,31.935749,27.189001,8131400
2009-09-09,32.622974,32.703827,31.652775,31.733625,27.016924,6938000
2009-09-10,31.854900,32.946377,31.167675,32.218723,27.429922,9386000
2009-09-11,33.188927,35.210175,33.027225,35.088902,29.873486,15014600
2009-09-14,35.776127,36.463348,34.927200,35.533573,30.252075,13580200
2009-09-15,36.018677,37.312275,35.978249,37.191002,31.663151,11100900
2009-09-16,37.756950,38.201626,36.705898,37.029301,31.525480,11757200
2009-09-17,37.110149,37.191002,35.776127,36.018677,30.665073,10710600
2009-09-18,36.301651,36.382500,34.886776,36.220798,30.837145,8603900
2009-09-21,35.856976,36.059101,35.129326,35.776127,30.458576,4700100
2009-09-22,36.261227,36.342075,35.008049,35.250599,30.011152,4442400
2009-09-23,35.654850,35.654850,34.199551,34.320824,29.219576,5061100
2009-09-24,34.442101,34.563374,33.188927,33.674026,28.668907,6225900
2009-09-25,33.067650,33.471901,32.340000,32.784676,27.911755,8547500
2009-09-28,33.108074,34.280399,32.784676,33.835724,28.806576,4958200
2009-09-29,33.674026,34.522949,33.512325,33.997425,28.944252,9256300
2009-09-30,34.037849,35.129326,33.027225,34.725075,29.563744,13540800
2009-10-01,34.401676,34.927200,33.754875,33.835724,28.806576,9896100
2009-10-02,32.946377,33.714451,32.137875,32.299576,27.498758,8285200
2009-10-05,31.693199,33.391048,31.450649,33.188927,28.255915,9761200
2009-10-06,33.188927,34.805923,33.027225,34.320824,29.219576,8640100
2009-10-07,34.482525,35.493149,34.280399,34.805923,29.632580,9410100
2009-10-08,35.169750,35.250599,33.674026,33.876148,28.840990,5409800
2009-10-09,33.714451,34.603802,33.310200,34.280399,29.185154,5733300
2009-10-12,33.876148,34.280399,33.431477,33.633598,28.634499,4292600
2009-10-13,33.512325,33.714451,33.067650,33.269775,28.324751,4186600
2009-10-14,34.118698,34.199551,32.905949,33.997425,28.944252,6224500
2009-10-15,33.633598,33.714451,31.935749,32.865524,27.980577,11769200
2009-10-16,32.865524,32.905949,31.167675,31.733625,27.016924,8468100
2009-10-19,32.218723,34.563374,32.097450,34.239975,29.150747,10939600
2009-10-20,34.401676,34.442101,33.350624,33.633598,28.634499,6960100
2009-10-21,33.391048,34.078274,33.027225,33.148499,28.221500,7140100
2009-10-22,33.674026,33.957001,33.188927,33.674026,28.668907,5393700
2009-10-23,33.997425,33.997425,33.067650,33.310200,28.359171,6148900
2009-10-26,33.310200,33.957001,32.380424,32.501701,27.670841,7241600
2009-10-27,32.501701,33.229351,31.450649,31.935749,27.189001,11502400
2009-10-28,32.420849,33.350624,31.612350,32.178299,27.395508,13637600
2009-10-29,34.725075,36.261227,34.199551,35.331451,30.079988,20937600
2009-10-30,35.937824,36.139950,34.361252,34.644226,29.494913,16144800
2009-11-02,36.261227,36.503777,35.695274,36.503777,31.078070,17478400
2009-11-03,36.301651,37.029301,35.978249,36.705898,31.250153,14440800
2009-11-04,36.988876,36.988876,36.261227,36.382500,30.974823,9827900
2009-11-05,36.786751,37.837799,36.705898,37.635674,32.041721,13217300
2009-11-06,37.433552,37.837799,35.695274,35.937824,30.596239,16701600
2009-11-09,36.382500,36.584625,35.654850,36.301651,30.905979,10195000
2009-11-10,36.908024,36.948448,35.210175,35.776127,30.458576,11760100
2009-11-11,36.018677,36.099525,34.037849,35.452724,30.183235,21684500
2009-11-12,35.331451,35.493149,34.886776,35.250599,30.011152,7821600
2009-11-13,35.331451,35.735699,35.169750,35.493149,30.217653,4900100
2009-11-16,35.897400,35.897400,34.967625,35.169750,29.942324,8627700
2009-11-17,34.967625,36.139950,34.967625,35.776127,30.458576,14121700
2009-11-18,35.978249,35.978249,34.846352,35.048473,29.839067,7903000
2009-11-19,34.563374,34.684650,33.229351,34.280399,29.185154,7143700
2009-11-20,33.957001,34.078274,33.269775,33.471901,28.496838,5624300
2009-11-23,33.957001,34.603802,33.431477,33.552750,28.565662,7534700
2009-11-24,33.714451,33.835724,32.865524,33.108074,28.187084,5534000
2009-11-25,33.148499,33.714451,33.108074,33.471901,28.496838,3847900
2009-11-27,32.461273,33.552750,32.137875,33.148499,28.221500,4095200
2009-11-30,32.744251,32.865524,31.814474,32.380424,27.567589,9641100
2009-12-01,32.622974,33.552750,32.461273,33.229351,28.290333,9768700
2009-12-02,33.229351,33.754875,32.825100,33.310200,28.359171,6722800
2009-12-03,33.148499,33.552750,32.461273,32.461273,27.636419,7440100
2009-12-04,32.986801,33.310200,32.501701,33.067650,28.152664,7447600
2009-12-07,32.865524,33.350624,32.784676,32.865524,27.980577,4251500
2009-12-08,33.512325,35.048473,33.269775,34.846352,29.666992,13735700
2009-12-09,34.846352,34.846352,33.633598,34.320824,29.219576,6157100
2009-12-10,34.442101,34.603802,33.957001,34.199551,29.116335,5175300
2009-12-11,34.118698,34.603802,34.118698,34.563374,29.426071,5339900
2009-12-14,34.159126,34.280399,33.229351,33.552750,28.565662,11762300
2009-12-15,33.391048,34.118698,33.148499,33.552750,28.565662,6940000
2009-12-16,33.754875,33.997425,33.431477,33.431477,28.462416,3673600
2009-12-17,33.067650,33.512325,32.744251,32.784676,27.911755,4770100
2009-12-18,33.148499,35.008049,33.027225,34.482525,29.357246,18175300
2009-12-21,34.725075,34.886776,33.674026,33.916576,28.875410,7264800
2009-12-22,33.876148,33.997425,32.420849,32.744251,27.877337,9707600
2009-12-23,32.905949,33.108074,32.016602,32.057026,27.292255,9174300
2009-12-24,32.420849,32.744251,32.137875,32.259151,27.464342,3781700
2009-12-28,32.340000,32.663399,31.005976,31.693199,26.982512,8326400
2009-12-29,31.733625,31.935749,31.086824,31.531500,26.844837,4424800
2009-12-30,31.571924,31.571924,31.046400,31.329374,26.672754,5604400
2009-12-31,31.248526,31.774050,31.005976,31.369801,26.707176,4787700
2010-01-04,31.854900,32.420849,31.814474,32.218723,27.429922,7511700
2010-01-05,32.137875,33.391048,31.208099,31.774050,27.051338,18863900
2010-01-06,32.340000,32.501701,31.854900,32.218723,27.429922,12137000
2010-01-07,32.380424,33.108074,32.218723,32.865524,27.980577,13517500
2010-01-08,32.703827,32.825100,31.248526,31.369801,26.707176,18596000
2010-01-11,31.854900,31.854900,31.005976,31.046400,26.431843,10368800
2010-01-12,30.884701,30.925125,29.671949,29.914499,25.468184,10715400
2010-01-13,29.954926,30.925125,29.954926,30.723000,26.156511,8125600
2010-01-14,30.561300,31.612350,30.520876,31.167675,26.535095,11342500
2010-01-15,31.127251,31.248526,30.440025,30.642151,26.087677,9741100
2010-01-19,30.642151,31.086824,30.116625,30.884701,26.294176,6744100
2010-01-20,30.561300,30.561300,29.874075,30.237900,25.743515,7053500
2010-01-21,30.440025,30.642151,29.591101,29.793224,25.364929,9960900
2010-01-22,29.510250,30.076200,28.944300,29.146425,24.814272,10517400
2010-01-25,29.712376,30.076200,28.984726,29.025150,24.711021,8891900
2010-01-26,29.146425,29.550674,28.863449,29.065575,24.745436,7430000
2010-01-27,29.106001,30.076200,28.984726,29.914499,25.468184,11567600
2010-01-28,26.882626,27.569851,25.589025,26.195400,22.301868,32895700
2010-01-29,25.993275,26.033701,24.416700,24.861376,21.166130,25815600
2010-02-01,25.184774,25.669874,24.901800,25.589025,21.785624,16983700
2010-02-02,25.750725,26.680500,25.306049,26.478374,22.542786,15761700
2010-02-03,26.437950,27.569851,26.276251,27.044325,23.024614,18683300
2010-02-04,26.640076,26.680500,25.427324,25.548599,21.751205,17730100
2010-02-05,26.235825,26.276251,25.589025,25.872000,22.026537,15581200
2010-02-08,26.761351,27.084749,26.316675,26.559225,22.611618,11028400
2010-02-09,26.882626,27.165600,26.235825,26.437950,22.508368,8672100
2010-02-10,26.478374,27.044325,26.397526,26.801775,22.818117,8172800
2010-02-11,26.680500,26.963474,26.559225,26.882626,22.886948,7431200
2010-02-12,27.529425,29.469826,27.286875,28.903875,24.607771,22203600
2010-02-16,29.469826,29.671949,28.903875,29.348551,24.986351,9826300
2010-02-17,29.429399,29.510250,28.257074,28.742174,24.470102,9358100
2010-02-18,28.661325,28.742174,28.216650,28.337925,24.125942,6442000
2010-02-19,28.257074,28.580475,28.095375,28.337925,24.125942,4358200
2010-02-22,28.418776,28.499624,27.650700,27.771975,23.644112,7112300
2010-02-23,27.731550,27.771975,27.286875,27.408150,23.334360,5608900
2010-02-24,27.529425,27.650700,27.246450,27.448574,23.368776,5046400
2010-02-25,27.044325,27.771975,26.720924,27.691126,23.575279,6598400
2010-02-26,27.286875,27.691126,27.084749,27.327299,23.265528,6343000
2010-03-01,27.408150,27.529425,26.720924,27.246450,23.196699,4802000
2010-03-02,27.367725,27.569851,26.923050,27.529425,23.437614,6342200
2010-03-03,27.569851,28.297501,27.569851,27.771975,23.644112,5289800
2010-03-04,27.893250,27.893250,27.206024,27.489000,23.403198,4526400
2010-03-05,27.691126,28.297501,27.529425,28.095375,23.919447,5401600
2010-03-08,28.216650,28.216650,27.731550,27.933676,23.781776,4038300
2010-03-09,27.610275,28.418776,27.529425,28.176226,23.988281,6739700
2010-03-10,28.054951,29.065575,28.054951,28.742174,24.470102,5265100
2010-03-11,28.620899,28.944300,28.337925,28.418776,24.194775,4799300
2010-03-12,28.378349,28.701750,28.095375,28.337925,24.125942,3679800
2010-03-15,28.216650,28.499624,27.731550,28.418776,24.194775,5430800
2010-03-16,28.378349,29.954926,28.378349,29.833651,25.399353,9864400
2010-03-17,29.954926,29.995350,29.146425,29.388975,25.020765,5569800
2010-03-18,29.308125,29.914499,29.186850,29.712376,25.296101,3944400
2010-03-19,29.025150,29.995350,28.701750,29.025150,24.711021,5803500
2010-03-22,28.782600,29.631525,28.742174,29.348551,24.986351,3685300
2010-03-23,29.550674,29.954926,29.388975,29.712376,25.296101,4263000
2010-03-24,29.631525,29.752800,29.267700,29.308125,24.951939,3234800
2010-03-25,29.712376,30.359175,29.227276,29.267700,24.917521,7510900
2010-03-26,29.146425,29.712376,28.903875,28.984726,24.676601,6480100
2010-03-29,29.186850,29.469826,29.025150,29.227276,24.883102,3114100
2010-03-30,29.227276,29.510250,28.823025,29.106001,24.779856,3279100
2010-03-31,28.863449,29.146425,28.337925,28.378349,24.160358,4562500
2010-04-01,28.701750,29.065575,28.297501,28.540051,24.298027,6154500
2010-04-05,28.580475,29.025150,28.216650,28.944300,24.642191,5553300
2010-04-06,28.661325,29.793224,28.620899,29.429399,25.055183,6600200
2010-04-07,29.267700,29.510250,29.106001,29.227276,24.883102,3832000
2010-04-08,29.106001,30.116625,28.903875,30.035774,25.571432,6909600
2010-04-09,29.995350,30.035774,29.671949,29.874075,25.433765,3692100
2010-04-12,29.793224,30.359175,29.671949,29.995350,25.537018,7050800
2010-04-13,29.914499,30.318750,29.631525,29.954926,25.502598,5797300
2010-04-14,30.237900,31.329374,30.157049,31.005976,26.397432,7744200
2010-04-15,30.763426,31.329374,30.601725,30.682575,26.122095,6791200
2010-04-16,30.440025,30.480450,29.025150,29.550674,25.158436,10536900
2010-04-19,29.388975,30.076200,29.308125,29.874075,25.433765,4394200
2010-04-20,29.954926,30.157049,29.510250,29.995350,25.537018,4943900
2010-04-21,29.874075,29.914499,29.388975,29.671949,25.261686,4268100
2010-04-22,29.065575,29.106001,28.216650,28.620899,24.366854,12277500
2010-04-23,28.701750,29.469826,28.540051,28.661325,24.401274,8342700
2010-04-26,28.863449,29.106001,28.418776,28.944300,24.642191,5204700
2010-04-27,28.661325,28.863449,27.812401,27.933676,23.781776,7524900
2010-04-28,27.610275,28.135799,27.246450,27.974100,23.816193,12738700
2010-04-29,30.035774,30.359175,28.661325,28.944300,24.642191,14307700
2010-04-30,28.944300,29.186850,28.216650,28.580475,24.332439,8985800
2010-05-03,28.984726,29.065575,28.135799,28.701750,24.435692,6539100
2010-05-04,28.499624,28.742174,27.933676,28.135799,23.953861,7679500
2010-05-05,28.054951,28.337925,27.489000,27.771975,23.644112,7926500
2010-05-06,27.691126,28.257074,25.265625,27.003901,22.990204,11433700
2010-05-07,26.842199,27.327299,26.195400,26.680500,22.714865,11715200
2010-05-10,27.771975,28.176226,27.529425,28.054951,23.885025,6915400
2010-05-11,27.852825,28.782600,27.771975,28.257074,24.057106,9079600
2010-05-12,28.257074,28.701750,28.135799,28.216650,24.022694,6863300
2010-05-13,28.014524,28.135799,27.529425,27.650700,23.540867,7832000
2010-05-14,27.569851,27.610275,27.044325,27.448574,23.368776,8622200
2010-05-17,27.286875,27.771975,27.206024,27.691126,23.575279,5734400
2010-05-18,28.014524,28.176226,27.286875,27.408150,23.334360,6882800
2010-05-19,27.367725,27.893250,27.125175,27.529425,23.437614,7682600
2010-05-20,26.963474,27.771975,26.720924,27.084749,23.059027,10468600
2010-05-21,26.720924,27.893250,26.559225,27.650700,23.540867,8051500
2010-05-24,27.246450,27.691126,27.125175,27.206024,23.162279,4170900
2010-05-25,26.720924,27.327299,26.316675,27.286875,23.231112,6381900
2010-05-26,27.165600,28.135799,27.084749,27.327299,23.265528,7150900
2010-05-27,27.852825,28.014524,27.650700,27.974100,23.816193,4696300
2010-05-28,27.933676,28.054951,27.448574,27.691126,23.575279,4255400
2010-06-01,27.367725,27.933676,27.044325,27.084749,23.059027,3796800
2010-06-02,27.327299,27.771975,27.206024,27.691126,23.575279,3990100
2010-06-03,27.610275,27.812401,27.286875,27.771975,23.644112,4220700
2010-06-04,27.408150,27.569851,26.842199,27.084749,23.059027,7165800
2010-06-07,27.084749,27.246450,26.437950,26.559225,22.611618,6482500
2010-06-08,26.397526,27.003901,26.357100,26.923050,22.921364,5775700
2010-06-09,26.963474,27.529425,26.842199,27.003901,22.990204,5935500
2010-06-10,27.408150,28.418776,27.165600,27.650700,23.540867,5256900
2010-06-11,27.650700,29.065575,27.327299,28.742174,24.470102,7615500
2010-06-14,28.984726,29.065575,28.095375,28.135799,23.953861,4639000
2010-06-15,28.337925,28.984726,28.257074,28.540051,24.298027,7605700
2010-06-16,28.054951,28.984726,28.054951,28.742174,24.470102,5671200
2010-06-17,28.701750,29.065575,28.257074,29.065575,24.745436,5730900
2010-06-18,28.984726,29.348551,28.782600,29.348551,24.986351,6651400
2010-06-21,29.550674,29.833651,28.823025,28.984726,24.676601,3765700
2010-06-22,28.903875,29.591101,28.823025,29.106001,24.779856,5287000
2010-06-23,29.025150,29.752800,28.540051,29.510250,25.124016,6645600
2010-06-24,29.227276,29.267700,28.135799,28.257074,24.057106,5186800
2010-06-25,28.378349,28.984726,28.095375,28.580475,24.332439,6232000
2010-06-28,28.823025,29.065575,28.499624,28.580475,24.332439,4539600
2010-06-29,28.337925,28.337925,27.206024,27.489000,23.403198,7313200
2010-06-30,27.448574,27.771975,26.276251,26.357100,22.439537,11106000
2010-07-01,26.437950,26.599649,25.710300,26.357100,22.439537,8795600
2010-07-02,26.397526,26.478374,25.872000,26.195400,22.301868,7831600
2010-07-06,26.640076,27.003901,26.235825,26.437950,22.508368,6148900
2010-07-07,26.478374,27.569851,26.478374,27.448574,23.368776,4546900
2010-07-08,27.650700,27.852825,27.286875,27.691126,23.575279,3544100
2010-07-09,27.650700,27.691126,27.084749,27.327299,23.265528,5123400
2010-07-12,27.206024,28.499624,27.206024,28.257074,24.057106,7078300
2010-07-13,28.620899,29.429399,28.337925,29.146425,24.814272,8291200
2010-07-14,29.388975,30.561300,29.348551,30.157049,25.674685,11791600
2010-07-15,30.723000,31.329374,30.157049,31.208099,26.569511,12742500
2010-07-16,31.046400,31.531500,30.035774,30.318750,25.812346,8618600
2010-07-19,30.884701,32.461273,30.359175,32.016602,27.257839,12691000
2010-07-20,31.652775,32.744251,30.884701,32.340000,27.533173,15248600
2010-07-21,32.259151,32.380424,31.450649,31.976175,27.223427,10062200
2010-07-22,32.218723,32.340000,31.127251,31.491076,26.810423,9530600
2010-07-23,31.329374,31.854900,30.682575,31.329374,26.672754,10177500
2010-07-26,31.329374,31.976175,31.046400,31.774050,27.051338,9148700
2010-07-27,32.016602,32.259151,31.208099,31.288950,26.638342,7668300
2010-07-28,31.208099,31.369801,30.803850,31.046400,26.431843,8641700
2010-07-29,31.086824,32.461273,30.763426,30.763426,26.190928,19276600
2010-07-30,30.723000,30.884701,30.116625,30.278324,25.777929,13104900
2010-08-02,30.723000,31.086824,30.399599,30.803850,26.225348,7615000
2010-08-03,30.520876,31.046400,30.237900,30.803850,26.225348,8459300
2010-08-04,31.733625,33.067650,31.410225,32.582550,27.739674,18302800
2010-08-05,32.461273,33.067650,31.733625,32.420849,27.601997,8626700
2010-08-06,32.137875,32.420849,31.652775,32.340000,27.533173,5263800
2010-08-09,32.542126,32.825100,32.178299,32.259151,27.464342,4165000
2010-08-10,31.976175,32.663399,31.693199,32.501701,27.670841,7271200
2010-08-11,31.895325,31.895325,30.965549,31.127251,26.500677,6052000
2010-08-12,30.763426,32.744251,30.642151,32.420849,27.601997,13283800
2010-08-13,32.259151,32.420849,30.803850,30.884701,26.294176,10691800
2010-08-16,30.763426,31.774050,30.642151,31.571924,26.879259,6415400
2010-08-17,31.774050,31.935749,31.329374,31.531500,26.844837,4127200
2010-08-18,31.491076,31.854900,31.369801,31.491076,26.810423,4000300
2010-08-19,31.571924,31.571924,30.197475,30.480450,25.950016,8259400
2010-08-20,30.359175,30.844275,30.035774,30.237900,25.743515,8723900
2010-08-23,30.399599,30.723000,29.954926,30.076200,25.605850,7037400
2010-08-24,29.631525,30.561300,29.469826,30.157049,25.674685,5294800
2010-08-25,29.833651,30.480450,29.833651,30.318750,25.812346,4696900
2010-08-26,30.399599,30.561300,30.116625,30.318750,25.812346,5950000
2010-08-27,30.803850,31.329374,30.237900,31.046400,26.431843,6947000
2010-08-30,30.884701,31.005976,30.318750,30.399599,25.881180,5115300
2010-08-31,30.399599,30.723000,30.278324,30.399599,25.881180,6467600
2010-09-01,30.925125,31.693199,30.925125,31.248526,26.603930,6712700
2010-09-02,31.248526,31.935749,30.965549,31.774050,27.051338,5043900
2010-09-03,32.097450,32.380424,31.733625,32.097450,27.326670,4501600
2010-09-07,32.057026,32.057026,31.288950,31.652775,26.948092,3877000
2010-09-08,31.693199,32.461273,31.491076,32.259151,27.464342,5852600
2010-09-09,32.461273,32.905949,32.016602,32.259151,27.464342,4212500
2010-09-10,32.097450,32.663399,31.814474,32.016602,27.257839,5931000
2010-09-13,32.340000,33.552750,32.218723,33.471901,28.496838,7679200
2010-09-14,33.269775,33.633598,32.825100,33.350624,28.393581,4696600
2010-09-15,33.350624,33.876148,32.825100,33.795300,28.772161,6709900
2010-09-16,33.795300,34.037849,33.310200,33.997425,28.944252,5165600
2010-09-17,34.159126,34.320824,33.350624,33.876148,28.840990,6438100
2010-09-20,33.957001,34.159126,33.552750,34.159126,29.081913,5069300
2010-09-21,33.957001,34.199551,33.512325,33.674026,28.668907,4657100
2010-09-22,33.552750,33.835724,33.229351,33.512325,28.531242,3558100
2010-09-23,33.108074,33.997425,32.986801,33.876148,28.840990,5192100
2010-09-24,34.159126,35.331451,33.997425,35.088902,29.873486,8178200
2010-09-27,34.886776,35.048473,34.522949,34.684650,29.529322,4403900
2010-09-28,34.644226,34.765499,33.957001,34.684650,29.529322,5338900
2010-09-29,34.361252,34.725075,34.159126,34.603802,29.460497,3678400
2010-09-30,34.603802,35.088902,33.876148,34.482525,29.357246,4195100
2010-10-01,34.603802,34.967625,34.320824,34.603802,29.460497,3941600
2010-10-04,34.442101,34.846352,33.714451,34.199551,29.116335,5255200
2010-10-05,34.037849,34.967625,34.037849,34.927200,29.735826,5759200
2010-10-06,34.482525,35.250599,34.118698,34.603802,29.460497,6823400
2010-10-07,34.765499,35.008049,34.078274,34.725075,29.563744,5041400
2010-10-08,34.199551,34.199551,33.229351,33.552750,28.565662,10637600
2010-10-11,33.471901,33.876148,33.310200,33.512325,28.531242,6051900
2010-10-12,33.350624,33.552750,32.501701,32.865524,27.980577,11937900
2010-10-13,32.986801,33.188927,32.663399,32.825100,27.946175,8477400
2010-10-14,32.703827,32.905949,31.854900,32.178299,27.395508,8487600
2010-10-15,32.542126,32.663399,31.935749,32.137875,27.361088,8254100
2010-10-18,31.814474,32.057026,31.248526,31.895325,27.154591,8935000
2010-10-19,31.571924,32.380424,31.329374,31.895325,27.154591,8517200
2010-10-20,32.137875,32.420849,31.976175,32.178299,27.395508,5196700
2010-10-21,32.218723,32.340000,31.127251,31.369801,26.707176,7995700
2010-10-22,31.329374,32.016602,31.288950,31.652775,26.948092,4804700
2010-10-25,31.774050,32.340000,31.693199,32.057026,27.292255,3911800
2010-10-26,31.854900,32.461273,31.774050,31.774050,27.051338,5380400
2010-10-27,32.097450,32.865524,31.895325,32.703827,27.842924,12323400
2010-10-28,34.442101,35.210175,32.703827,32.865524,27.980577,22604000
2010-10-29,32.703827,33.229351,32.461273,32.986801,28.083838,6123800
2010-11-01,32.905949,33.350624,32.218723,32.420849,27.601997,6076000
2010-11-02,32.622974,32.703827,31.814474,32.340000,27.533173,14025800
2010-11-03,32.784676,32.784676,31.935749,32.542126,27.705250,7236700
2010-11-04,32.784676,32.865524,32.420849,32.744251,27.877337,5803200
2010-11-05,32.703827,33.188927,32.542126,33.148499,28.221500,4015000
2010-11-08,32.986801,33.471901,32.622974,32.946377,28.049421,4395900
2010-11-09,32.986801,33.471901,32.744251,33.188927,28.255915,6265600
2010-11-10,33.027225,33.188927,32.582550,33.148499,28.221500,4376200
2010-11-11,32.501701,32.946377,31.652775,32.744251,27.877337,10772600
2010-11-12,32.542126,32.703827,32.016602,32.299576,27.498758,4734000
2010-11-15,32.986801,33.148499,32.057026,32.097450,27.326670,5972500
2010-11-16,32.461273,32.501701,31.491076,31.571924,26.879259,6135500
2010-11-17,31.652775,32.259151,31.571924,31.976175,27.223427,5391000
2010-11-18,32.420849,32.986801,32.259151,32.905949,28.014999,5482300
2010-11-19,32.703827,33.108074,32.461273,32.825100,27.946175,5695500
2010-11-22,32.542126,32.905949,32.137875,32.703827,27.842924,4738800
2010-11-23,32.259151,32.380424,31.571924,31.774050,27.051338,7189900
2010-11-24,31.935749,32.340000,31.693199,32.057026,27.292255,5388000
2010-11-26,31.652775,31.854900,31.571924,31.612350,26.913673,1834200
2010-11-29,31.491076,31.733625,31.127251,31.410225,26.741594,5486400
2010-11-30,31.167675,31.531500,30.925125,30.965549,26.363008,7474200
2010-12-01,31.814474,33.148499,31.612350,32.380424,27.567589,14118900
2010-12-02,31.895325,32.380424,31.814474,32.218723,27.429922,12972400
2010-12-03,32.057026,33.391048,31.733625,33.310200,28.359171,15729800
2010-12-06,32.946377,33.512325,32.946377,33.108074,28.187084,8428400
2010-12-07,33.148499,33.350624,32.663399,32.703827,27.842924,5884300
2010-12-08,32.703827,33.431477,32.622974,33.269775,28.324751,6480000
2010-12-09,33.148499,33.957001,32.905949,33.714451,28.703335,6174000
2010-12-10,33.674026,35.129326,33.633598,34.927200,29.735826,16579400
2010-12-13,34.967625,35.331451,34.078274,34.199551,29.116335,9971800
2010-12-14,33.916576,34.482525,33.876148,34.199551,29.116335,5425300
2010-12-15,33.916576,34.522949,33.754875,34.239975,29.150747,7405900
2010-12-16,34.280399,36.180374,34.280399,35.897400,30.561819,21320500
2010-12-17,35.816551,36.018677,35.371876,35.897400,30.561819,9365500
2010-12-20,35.897400,36.180374,35.210175,35.897400,30.561819,7319000
2010-12-21,35.978249,37.029301,35.695274,36.382500,30.974823,7528700
2010-12-22,36.220798,37.110149,36.139950,36.746326,31.284565,7314400
2010-12-23,36.746326,37.029301,36.382500,36.584625,31.146906,5411700
2010-12-27,36.705898,36.746326,35.897400,36.342075,30.940399,3100500
2010-12-28,36.220798,36.584625,36.099525,36.220798,30.837145,2419000
2010-12-29,36.180374,36.463348,36.099525,36.261227,30.871572,1933400
2010-12-30,36.220798,36.463348,36.059101,36.059101,30.699476,2779700
2010-12-31,36.018677,36.746326,35.978249,36.665474,31.215734,3136500
2011-01-03,36.786751,37.312275,36.705898,36.827175,31.353395,1119000
2011-01-04,37.299999,39.990002,37.119999,39.770000,33.858810,12818600
2011-01-05,39.090000,40.369999,39.000000,39.830002,33.909912,7825500
2011-01-06,39.919998,40.090000,39.020000,39.680000,33.782192,6588800
2011-01-07,39.540001,39.650002,38.529999,38.900002,33.118137,5385000
2011-01-10,38.630001,39.310001,38.349998,38.529999,32.803123,5551900
2011-01-11,38.610001,38.950001,38.169998,38.380001,32.675407,4992700
2011-01-12,38.320000,38.599998,37.840000,37.959999,32.317848,5618700
2011-01-13,37.770000,38.169998,37.770000,37.849998,32.224194,4711100
2011-01-14,37.680000,38.290001,37.560001,38.279999,32.590290,4145000
2011-01-18,37.930000,38.189999,37.599998,37.709999,32.105003,2717200
2011-01-19,37.549999,37.619999,37.119999,37.340000,31.790003,3626900
2011-01-20,37.189999,37.340000,36.520000,37.040001,31.534599,3609700
2011-01-21,37.259998,37.660000,37.070000,37.150002,31.628252,3233400
2011-01-24,37.130001,38.680000,37.130001,38.660000,32.913803,7372400
2011-01-25,37.950001,38.740002,37.730000,38.700001,32.947853,5569600
2011-01-26,38.619999,39.400002,38.599998,39.240002,33.407597,5959000
2011-01-27,38.389999,39.220001,38.299999,38.580002,32.845688,4044100
2011-01-28,38.790001,39.040001,37.869999,37.959999,32.317848,2917500
2011-01-31,37.990002,38.919998,37.860001,38.770000,33.007450,3561000
2011-02-01,38.910000,39.230000,38.830002,39.020000,33.220303,4397000
2011-02-02,38.669998,39.110001,38.349998,38.610001,32.871231,4227700
2011-02-03,38.509998,39.029999,38.380001,38.790001,33.024479,3450500
2011-02-04,38.660000,39.330002,38.430000,39.310001,33.467197,4723700
2011-02-07,39.400002,40.509998,39.349998,40.410000,34.403690,5092200
2011-02-08,40.389999,40.450001,39.840000,39.860001,33.935444,3618700
2011-02-09,39.790001,39.980000,39.470001,39.549999,33.671516,2107900
2011-02-10,39.279999,39.700001,38.930000,39.380001,33.526775,3197800
2011-02-11,39.209999,39.830002,39.130001,39.340000,33.492733,3523600
2011-02-14,39.340000,39.470001,38.830002,39.029999,33.228806,3231900
2011-02-15,38.820000,39.290001,38.549999,38.799999,33.032993,2428200
2011-02-16,38.970001,39.119999,38.669998,38.770000,33.007450,1835600
2011-02-17,38.660000,38.970001,38.500000,38.919998,33.135151,2130100
2011-02-18,39.000000,39.459999,38.770000,39.009998,33.211777,2477000
2011-02-22,38.580002,38.799999,37.959999,38.040001,32.385960,3728700
2011-02-23,37.900002,38.099998,37.060001,37.389999,31.832563,5875200
2011-02-24,37.459999,37.700001,37.189999,37.529999,31.951752,3264400
2011-02-25,37.770000,38.139999,37.490002,38.139999,32.471081,2741000
2011-02-28,38.310001,38.709999,38.169998,38.639999,32.896786,3977400
2011-03-01,38.680000,38.860001,38.020000,38.189999,32.513660,3846900
2011-03-02,37.930000,39.380001,37.930000,39.290001,33.450150,5178600
2011-03-03,39.410000,40.560001,39.360001,40.270000,34.284504,4480800
2011-03-04,40.150002,40.230000,39.900002,40.150002,34.182331,5786800
2011-03-07,40.060001,40.500000,39.869999,40.220001,34.241936,5009800
2011-03-08,40.610001,41.820000,40.090000,41.590000,35.408306,5186000
2011-03-09,41.320000,41.529999,41.009998,41.270000,35.135860,2355300
2011-03-10,40.759998,40.869999,40.240002,40.299999,34.310043,3016900
2011-03-11,40.009998,41.360001,39.709999,41.240002,35.110332,4013800
2011-03-14,40.730000,41.299999,40.450001,40.990002,34.897480,4110100
2011-03-15,39.840000,40.820000,39.590000,40.509998,34.488831,2775900
2011-03-16,40.299999,41.450001,40.150002,40.639999,34.599514,5598600
2011-03-17,41.160000,41.450001,40.889999,41.189999,35.067757,2726500
2011-03-18,41.660000,41.750000,41.150002,41.630001,35.442356,2526000
2011-03-21,41.910000,42.119999,41.669998,42.040001,35.791420,3296600
2011-03-22,42.130001,42.709999,41.970001,42.660000,36.319267,4792200
2011-03-23,42.599998,43.290001,42.340000,43.160000,36.744946,3776700
2011-03-24,43.480000,44.500000,43.270000,44.459999,37.851723,4330600
2011-03-25,44.509998,44.880001,43.930000,43.950001,37.417530,4813300
2011-03-28,44.070000,44.240002,43.869999,43.970001,37.434547,3600400
2011-03-29,44.160000,44.230000,43.709999,44.119999,37.562260,4904800
2011-03-30,44.299999,44.700001,44.139999,44.560001,37.936863,2984800
2011-03-31,44.549999,44.939999,44.349998,44.689999,38.047539,2221900
2011-04-01,44.740002,44.869999,44.150002,44.400002,37.800640,2446000
2011-04-04,44.500000,44.500000,43.849998,44.299999,37.715504,1833900
2011-04-05,43.980000,44.759998,43.980000,44.169998,37.604824,2717600
2011-04-06,43.779999,44.490002,43.320000,44.270000,37.689968,2353900
2011-04-07,44.110001,44.680000,43.970001,44.240002,37.664429,2879700
2011-04-08,44.290001,44.470001,43.740002,43.860001,37.340908,2031500
2011-04-11,43.840000,44.270000,43.840000,44.189999,37.621853,2932800
2011-04-12,43.689999,44.029999,43.419998,43.849998,37.332401,3179000
2011-04-13,44.000000,44.540001,43.900002,44.180000,37.613338,3507000
2011-04-14,43.740002,44.070000,43.520000,43.950001,37.417530,3053500
2011-04-15,44.040001,44.060001,43.740002,43.810001,37.298328,2706600
2011-04-18,43.119999,43.540001,42.889999,43.450001,36.991844,2471900
2011-04-19,43.610001,43.970001,43.400002,43.869999,37.349422,1746900
2011-04-20,44.270000,44.369999,43.750000,44.000000,37.460098,3641300
2011-04-21,44.160000,44.349998,43.810001,44.200001,37.630367,3265500
2011-04-25,44.230000,44.500000,43.860001,44.099998,37.545231,2624600
2011-04-26,44.259998,44.470001,42.500000,43.480000,37.017384,7000000
2011-04-27,43.529999,43.680000,43.009998,43.419998,36.966301,4934800
2011-04-28,44.889999,47.639999,44.509998,46.660000,39.724724,8152300
2011-04-29,46.560001,46.599998,45.450001,45.880001,39.060673,4032400
2011-05-02,45.980000,46.490002,45.580002,45.590000,38.813763,4873400
2011-05-03,45.590000,45.779999,44.939999,45.189999,38.473217,3221100
2011-05-04,45.119999,45.369999,44.570000,44.720001,38.073090,4338900
2011-05-05,44.610001,45.689999,44.590000,45.320000,38.583893,3687200
2011-05-06,45.650002,46.529999,45.299999,46.020000,39.179859,3915900
2011-05-09,45.860001,46.639999,45.689999,46.560001,39.639591,2954300
2011-05-10,46.480000,47.209999,46.389999,47.209999,40.192974,3170700
2011-05-11,46.900002,47.389999,46.900002,47.099998,40.099335,3359900
2011-05-12,46.880001,47.500000,46.700001,47.240002,40.218521,3000000
2011-05-13,47.299999,47.450001,46.480000,46.650002,39.716217,1689900
2011-05-16,46.470001,46.939999,46.099998,46.290001,39.409721,2260800
2011-05-17,46.279999,46.660000,45.950001,46.520000,39.605541,4116200
2011-05-18,46.450001,47.139999,46.389999,47.080002,40.082310,2698600
2011-05-19,47.139999,47.259998,46.750000,47.099998,40.099335,1506900
2011-05-20,47.060001,47.200001,46.549999,46.779999,39.826893,1661400
2011-05-23,45.880001,46.410000,45.490002,46.150002,39.290535,2490100
2011-05-24,46.470001,46.880001,46.290001,46.349998,39.460796,3092700
2011-05-25,46.130001,46.939999,46.029999,46.490002,39.579998,2277500
2011-05-26,46.290001,47.000000,46.279999,46.880001,39.912029,1652400
2011-05-27,47.000000,47.619999,46.970001,47.580002,40.507996,2123500
2011-05-31,47.740002,47.900002,47.369999,47.869999,40.754887,2581000
2011-06-01,47.619999,47.910000,46.880001,46.880001,39.912029,1871500
2011-06-02,46.889999,47.389999,46.660000,47.299999,40.269596,1622300
2011-06-03,46.750000,46.889999,46.259998,46.470001,39.562965,3768100
2011-06-06,46.430000,46.830002,46.230000,46.450001,39.545944,2675500
2011-06-07,46.540001,47.000000,46.520000,46.650002,39.716217,2392000
2011-06-08,46.439999,46.470001,45.599998,45.650002,38.864849,3919800
2011-06-09,45.770000,46.029999,45.520000,45.560001,38.788227,4927400
2011-06-10,45.599998,45.639999,44.730000,45.299999,38.566875,3372500
2011-06-13,45.200001,45.709999,45.200001,45.430000,38.677551,2919300
2011-06-14,45.650002,46.180000,45.590000,45.799999,38.992558,3975400
2011-06-15,45.480000,45.689999,45.020000,45.080002,38.379566,2820800
2011-06-16,45.189999,45.610001,44.779999,45.240002,38.515789,2653700
2011-06-17,45.820000,46.080002,45.349998,45.480000,38.720116,3728900
2011-06-20,45.410000,45.720001,45.240002,45.570000,38.796741,2235600
2011-06-21,46.000000,46.580002,45.650002,46.549999,39.631081,5336700
2011-06-22,46.290001,46.509998,46.040001,46.060001,39.213913,2276500
2011-06-23,45.509998,45.779999,45.279999,45.639999,38.856335,3647200
2011-06-24,45.560001,45.700001,45.220001,45.400002,38.652008,3787000
2011-06-27,45.360001,45.990002,45.189999,45.759998,38.958492,2347700
2011-06-28,45.869999,46.200001,45.700001,45.900002,39.077694,2919300
2011-06-29,46.189999,46.200001,45.779999,45.970001,39.137283,2793000
2011-06-30,45.980000,46.340000,45.450001,46.040001,39.196888,3554300
2011-07-01,46.130001,46.509998,45.959999,46.500000,39.588501,5539000
2011-07-05,46.340000,46.419998,45.560001,45.639999,38.856335,3544100
2011-07-06,45.689999,45.799999,45.180000,45.290001,38.558357,3271900
2011-07-07,45.580002,45.849998,45.540001,45.720001,38.924461,4324900
2011-07-08,45.279999,45.490002,44.880001,45.080002,38.379566,8572400
2011-07-11,44.650002,44.720001,44.060001,44.139999,37.579288,3760400
2011-07-12,43.599998,43.720001,43.230000,43.500000,37.034412,5376200
2011-07-13,43.650002,44.509998,43.590000,44.230000,37.655903,6255300
2011-07-14,44.209999,44.549999,43.820000,43.919998,37.391994,3341400
2011-07-15,44.209999,44.209999,43.619999,43.959999,37.426048,3372800
2011-07-18,43.720001,43.889999,43.310001,43.740002,37.238743,3138100
2011-07-19,43.959999,44.250000,43.750000,44.099998,37.545231,2816400
2011-07-20,44.189999,44.259998,43.849998,44.009998,37.468609,2286200
2011-07-21,44.150002,44.509998,43.990002,44.310001,37.724030,3156700
2011-07-22,44.270000,44.810001,44.119999,44.770000,38.115650,3858700
2011-07-25,44.619999,45.680000,44.619999,45.360001,38.617958,5256000
2011-07-26,45.270000,45.939999,44.900002,45.639999,38.856335,3578900
2011-07-27,45.180000,45.619999,44.279999,44.320000,37.732536,5674500
2011-07-28,44.490002,47.490002,44.490002,46.369999,39.477829,6683200
2011-07-29,45.869999,45.970001,44.849998,44.889999,38.217808,4976600
2011-08-01,45.139999,45.200001,43.750000,43.939999,37.409019,5029600
2011-08-02,43.549999,44.040001,42.889999,42.889999,36.515079,5343800
2011-08-03,42.849998,43.310001,42.320000,43.020000,36.625755,5284100
2011-08-04,42.299999,42.570000,41.189999,41.259998,35.127354,5641500
2011-08-05,41.720001,42.349998,40.090000,42.130001,35.868042,7631500
2011-08-08,40.720001,41.189999,39.410000,39.439999,33.577858,8061800
2011-08-09,40.180000,40.540001,38.380001,40.470001,34.454781,9125800
2011-08-10,39.750000,40.330002,39.130001,39.270000,33.433132,7530500
2011-08-11,39.389999,40.279999,39.279999,39.830002,33.909912,7951900
2011-08-12,40.360001,40.360001,39.490002,40.000000,34.054634,7508300
2011-08-15,40.310001,40.619999,40.000000,40.580002,34.548424,6248700
2011-08-16,40.259998,40.660000,40.080002,40.529999,34.505856,6050700
2011-08-17,40.560001,40.869999,40.150002,40.630001,34.590992,4208800
2011-08-18,39.279999,39.619999,38.360001,38.709999,32.956379,5023700
2011-08-19,38.430000,39.459999,38.410000,38.720001,32.964886,5076000
2011-08-22,39.299999,39.430000,38.680000,38.900002,33.118137,4145700
2011-08-23,38.990002,40.000000,38.900002,40.000000,34.054634,3989700
2011-08-24,39.840000,40.480000,39.650002,40.419998,34.412205,3733200
2011-08-25,40.500000,40.830002,39.910000,40.169998,34.199364,4048300
2011-08-26,39.930000,40.680000,39.419998,40.430000,34.420719,3903400
2011-08-29,40.820000,41.180000,40.610001,41.139999,35.025188,3006800
2011-08-30,41.060001,42.119999,40.919998,41.860001,35.638180,3670500
2011-08-31,42.200001,42.660000,41.770000,42.090000,35.833984,2263000
2011-09-01,42.169998,42.770000,41.490002,41.590000,35.408306,2304300
2011-09-02,40.939999,41.189999,40.209999,40.400002,34.395176,2432300
2011-09-06,39.240002,39.980000,38.639999,39.930000,33.995033,4027200
2011-09-07,40.509998,41.840000,40.509998,41.689999,35.493450,4350500
2011-09-08,41.450001,41.939999,41.130001,41.459999,35.297623,3071300
2011-09-09,41.099998,41.470001,39.980000,40.340000,34.344093,4982300
2011-09-12,39.860001,40.860001,39.680000,40.820000,34.752747,4222800
2011-09-13,40.820000,41.470001,40.730000,41.360001,35.403297,3766800
2011-09-14,41.419998,43.040001,41.349998,42.790001,36.627335,5441500
2011-09-15,43.349998,43.880001,42.869999,43.860001,37.543247,4494600
2011-09-16,43.869999,44.900002,43.610001,44.810001,38.356426,10124800
2011-09-19,44.060001,44.790001,43.939999,44.490002,38.082520,4056300
2011-09-20,44.759998,45.000000,44.189999,44.340000,37.954105,2560800
2011-09-21,44.290001,44.590000,43.080002,43.110001,36.901257,2922600
2011-09-22,41.799999,42.310001,40.990002,41.540001,35.557373,3911700
2011-09-23,41.459999,42.180000,41.270000,41.689999,35.685776,2720800
2011-09-26,42.099998,42.189999,40.869999,41.799999,35.779922,3403300
2011-09-27,42.639999,43.340000,41.970001,42.610001,36.473263,3959500
2011-09-28,42.849998,43.259998,41.810001,41.889999,35.856968,2387200
2011-09-29,42.599998,43.299999,41.599998,42.439999,36.327751,2866500
2011-09-30,41.860001,42.500000,41.450001,41.900002,35.865536,3863800
2011-10-03,41.880001,42.490002,40.509998,40.619999,34.769871,4377100
2011-10-04,40.369999,42.209999,39.619999,42.189999,36.113762,3700000
2011-10-05,41.770000,43.130001,41.650002,42.939999,36.755749,3152200
2011-10-06,42.810001,44.290001,42.450001,44.279999,37.902756,2753300
2011-10-07,44.220001,44.380001,43.310001,43.639999,37.354927,2484600
2011-10-10,44.189999,44.720001,44.060001,44.500000,38.091076,2067300
2011-10-11,44.090000,44.799999,44.070000,44.509998,38.099632,1845400
2011-10-12,44.810001,45.410000,44.459999,44.959999,38.484825,2608300
2011-10-13,44.669998,44.840000,43.959999,44.480000,38.073959,1728300
2011-10-14,44.950001,45.049999,44.520000,45.020000,38.536175,1614000
2011-10-17,44.930000,45.240002,44.410000,44.520000,38.108200,1550300
2011-10-18,44.369999,45.490002,43.799999,45.230000,38.715939,1620800
2011-10-19,45.000000,45.189999,44.349998,44.610001,38.185230,2132500
2011-10-20,44.709999,44.970001,44.040001,44.560001,38.142433,1579400
2011-10-21,44.910000,46.000000,44.840000,45.990002,39.366482,2336400
2011-10-24,45.889999,46.799999,45.720001,46.400002,39.717434,3535300
2011-10-25,46.000000,46.290001,45.180000,45.270000,38.750172,1842300
2011-10-26,45.889999,46.110001,45.099998,45.779999,39.186729,2388500
2011-10-27,47.230000,47.240002,46.160000,46.509998,39.811604,3991500
2011-10-28,46.549999,47.750000,46.520000,47.410000,40.581974,3377600
2011-10-31,46.630001,47.560001,46.630001,46.910000,40.153976,2198300
2011-11-01,45.490002,45.660000,44.849998,44.990002,38.510498,2166000
2011-11-02,45.750000,45.970001,45.310001,45.540001,38.981293,1924000
2011-11-03,46.240002,46.630001,45.790001,46.560001,39.854385,2422500
2011-11-04,46.090000,46.220001,45.680000,45.950001,39.332253,2440600
2011-11-07,45.799999,46.000000,45.049999,45.779999,39.186729,3778500
2011-11-08,45.950001,45.980000,45.279999,45.770000,39.178173,2508100
2011-11-09,44.730000,44.980000,44.150002,44.549999,38.133873,5445700
2011-11-10,45.330002,45.330002,44.730000,45.029999,38.544735,3647900
2011-11-11,45.630001,46.279999,45.570000,46.240002,39.580471,2925400
2011-11-14,45.919998,46.750000,45.910000,45.990002,39.366482,1453900
2011-11-15,45.770000,46.639999,45.660000,46.349998,39.674625,1574900
2011-11-16,45.950001,46.520000,45.450001,45.590000,39.024078,1964500
2011-11-17,45.529999,46.099998,45.290001,46.070000,39.434963,3145100
2011-11-18,46.349998,46.430000,45.549999,45.570000,39.006966,2333200
2011-11-21,44.970001,45.369999,44.419998,44.810001,38.356426,2219500
2011-11-22,44.590000,44.820000,44.029999,44.549999,38.133873,2320200
2011-11-23,44.139999,44.150002,43.529999,43.619999,37.337811,2100400
2011-11-25,43.500000,44.060001,43.360001,43.700001,37.406277,1084300
2011-11-28,44.700001,45.410000,44.700001,45.200001,38.690262,2297200
2011-11-29,45.189999,45.500000,44.779999,45.250000,38.733055,3024100
2011-11-30,46.520000,46.990002,46.360001,46.669998,39.948540,3281200
2011-12-01,46.490002,46.790001,46.110001,46.410000,39.725986,2064700
2011-12-02,46.790001,47.000000,46.700001,46.799999,40.059822,2394800
2011-12-05,47.220001,47.220001,46.439999,46.830002,40.085503,2141900
2011-12-06,46.939999,47.029999,46.669998,46.820000,40.076939,1826200
2011-12-07,46.619999,47.090000,46.250000,46.770000,40.034149,2781700
2011-12-08,46.630001,47.150002,46.430000,46.779999,40.042706,3344200
2011-12-09,46.830002,47.180000,46.230000,47.020000,40.248127,2782400
2011-12-12,46.410000,46.730000,46.020000,46.680000,39.957108,1792700
2011-12-13,46.580002,46.860001,45.810001,46.029999,39.587299,2316100
2011-12-14,46.000000,46.209999,45.279999,45.689999,39.294884,1854200
2011-12-15,46.009998,46.110001,45.599998,46.009998,39.570099,1768800
2011-12-16,46.310001,46.689999,45.849998,46.160000,39.699100,2929800
2011-12-19,46.189999,46.639999,45.950001,46.160000,39.699100,2871200
2011-12-20,46.750000,47.060001,46.099998,46.459999,39.957104,3107400
2011-12-21,46.450001,46.660000,46.150002,46.400002,39.905506,2113400
2011-12-22,46.509998,46.930000,46.270000,46.400002,39.905506,2093800
2011-12-23,46.610001,47.180000,46.419998,47.119999,40.524723,2698200
2011-12-27,47.130001,47.410000,46.880001,47.310001,40.688137,816600
2011-12-28,47.439999,47.439999,46.540001,46.680000,40.146317,1271500
2011-12-29,46.750000,46.939999,46.410000,46.580002,40.060310,1042600
2011-12-30,46.570000,46.700001,46.250000,46.290001,39.810902,1147200
2012-01-03,46.889999,47.410000,46.480000,46.619999,40.094715,1697400
2012-01-04,46.389999,46.540001,46.029999,46.360001,39.871101,1797600
2012-01-05,46.340000,46.779999,46.139999,46.669998,40.137707,1598200
2012-01-06,46.560001,46.919998,46.480000,46.549999,40.034508,1188100
2012-01-09,46.419998,46.549999,46.049999,46.180000,39.716309,1960300
2012-01-10,46.580002,46.779999,46.200001,46.290001,39.810902,2117700
2012-01-11,45.980000,46.490002,45.970001,46.099998,39.647495,2220100
2012-01-12,46.279999,46.560001,46.139999,46.169998,39.707703,1778900
2012-01-13,45.930000,46.570000,45.790001,46.480000,39.974300,1581800
2012-01-17,46.660000,47.240002,46.660000,46.939999,40.369907,1047500
2012-01-18,46.939999,47.500000,46.889999,47.430000,40.791344,1817100
2012-01-19,47.459999,48.049999,47.380001,48.040001,41.315960,1828200
2012-01-20,47.980000,47.980000,47.430000,47.590000,40.928944,1811300
2012-01-23,47.570000,47.990002,47.330002,47.480000,40.834339,1151700
2012-01-24,47.459999,47.860001,46.950001,47.860001,41.161152,1752900
2012-01-25,47.860001,47.860001,44.520000,44.939999,38.649853,5530200
2012-01-26,44.880001,45.369999,44.180000,45.330002,38.985271,3874000
2012-01-27,45.040001,45.950001,44.910000,45.799999,39.389488,2474500
2012-01-30,45.919998,46.450001,45.639999,45.959999,39.527088,2617100
2012-01-31,46.180000,46.520000,45.910000,46.410000,39.914101,2365300
2012-02-01,46.259998,47.009998,46.209999,46.500000,39.991493,2505800
2012-02-02,46.400002,46.509998,45.680000,45.799999,39.389488,2163000
2012-02-03,46.029999,47.259998,46.029999,47.130001,40.533337,2401400
2012-02-06,46.799999,46.939999,45.700001,46.700001,40.163513,2138800
2012-02-07,46.570000,47.220001,46.560001,47.189999,40.584919,1724100
2012-02-08,47.119999,47.200001,46.820000,47.110001,40.516125,4113600
2012-02-09,47.279999,47.970001,46.919998,47.880001,41.178349,2781800
2012-02-10,47.389999,47.570000,47.000000,47.400002,40.765545,1977400
2012-02-13,47.610001,48.060001,47.459999,48.000000,41.281559,1472900
2012-02-14,47.950001,48.220001,47.270000,47.700001,41.023533,1682400
2012-02-15,47.790001,48.680000,47.680000,48.209999,41.462166,2567000
2012-02-16,48.220001,49.310001,47.779999,49.130001,42.253387,2879300
2012-02-17,49.349998,51.060001,49.340000,50.630001,43.543434,4516000
2012-02-21,50.529999,50.680000,49.730000,49.889999,42.907024,3186400
2012-02-22,49.910000,50.250000,49.759998,49.820000,42.846813,2248700
2012-02-23,49.660000,49.759998,49.380001,49.529999,42.597408,3081200
2012-02-24,49.619999,49.750000,49.270000,49.430000,42.511398,2032500
2012-02-27,48.820000,50.330002,48.810001,50.150002,43.130634,2577300
2012-02-28,50.130001,50.250000,49.950001,50.110001,43.096230,1648100
2012-02-29,50.070000,50.209999,49.549999,49.799999,42.829617,4231200
2012-03-01,49.830002,50.250000,49.580002,49.990002,42.993027,1461800
2012-03-02,50.549999,51.000000,50.430000,50.840000,43.724045,1826900
2012-03-05,50.639999,50.730000,50.110001,50.669998,43.577843,2317100
2012-03-06,50.290001,51.880001,50.290001,51.480000,44.274460,3375800
2012-03-07,51.419998,51.730000,51.209999,51.619999,44.394875,2332700
2012-03-08,51.869999,52.779999,51.630001,51.759998,44.515274,3563700
2012-03-09,52.090000,52.090000,50.570000,50.740002,43.638039,3954400
2012-03-12,50.290001,50.860001,50.130001,50.180000,43.156429,3850500
2012-03-13,50.240002,51.110001,50.110001,50.490002,43.614246,4077000
2012-03-14,50.500000,50.669998,50.299999,50.500000,43.622894,2625100
2012-03-15,50.450001,50.590000,50.320000,50.520000,43.640167,2035200
2012-03-16,50.779999,50.840000,50.400002,50.529999,43.648800,2948100
2012-03-19,50.270000,50.740002,50.259998,50.419998,43.553783,2251700
2012-03-20,50.189999,50.480000,50.049999,50.349998,43.493328,1166700
2012-03-21,50.310001,50.599998,50.090000,50.250000,43.406940,2401300
2012-03-22,49.980000,50.360001,49.970001,50.320000,43.467403,2000700
2012-03-23,50.270000,50.750000,49.980000,50.669998,43.769741,1943500
2012-03-26,50.750000,51.590000,50.650002,50.880001,43.951134,2704600
2012-03-27,50.939999,51.650002,50.939999,51.250000,44.270752,1614300
2012-03-28,51.110001,51.180000,50.340000,50.450001,43.579697,2211400
2012-03-29,50.270000,50.689999,49.939999,50.650002,43.752468,1434500
2012-03-30,50.889999,50.970001,50.299999,50.830002,43.907944,2162200
2012-04-02,50.740002,51.009998,50.189999,50.820000,43.899319,1606700
2012-04-03,50.799999,51.220001,50.360001,50.790001,43.873394,1959700
2012-04-04,50.459999,50.570000,49.950001,50.169998,43.337826,1438800
2012-04-05,49.950001,50.150002,49.799999,50.000000,43.190975,1554600
2012-04-09,49.410000,49.410000,48.830002,49.040001,42.361706,1758800
2012-04-10,48.869999,49.009998,48.380001,48.400002,41.808868,2298000
2012-04-11,48.630001,48.840000,48.389999,48.590000,41.972996,2029900
2012-04-12,48.720001,49.070000,48.389999,49.029999,42.353065,1485100
2012-04-13,49.029999,49.119999,48.400002,48.400002,41.808868,1331300
2012-04-16,48.480000,48.599998,47.959999,48.189999,41.627464,1857600
2012-04-17,48.540001,49.730000,48.540001,49.529999,42.784985,2313500
2012-04-18,49.250000,49.490002,48.820000,49.110001,42.422173,2156600
2012-04-19,49.060001,49.580002,48.619999,48.910000,42.249420,1755200
2012-04-20,49.000000,49.410000,48.660000,49.009998,42.335796,1286000
2012-04-23,48.639999,48.849998,48.459999,48.590000,41.972996,1684800
2012-04-24,48.689999,48.930000,48.340000,48.660000,42.033459,2106300
2012-04-25,49.320000,51.849998,49.320000,51.320000,44.331226,6265600
2012-04-26,51.250000,51.290001,50.770000,51.020000,44.072079,4175400
2012-04-27,51.150002,51.279999,50.610001,50.750000,43.838848,2370900
2012-04-30,50.610001,51.029999,50.520000,51.029999,44.080704,4708800
2012-05-01,51.139999,52.060001,51.040001,51.459999,44.452152,1774600
2012-05-02,51.200001,51.599998,51.000000,51.330002,44.339855,1900100
2012-05-03,51.240002,51.290001,50.779999,50.799999,43.882038,1609000
2012-05-04,50.580002,50.759998,50.270000,50.610001,43.717918,1627600
2012-05-07,50.299999,50.990002,50.230000,50.880001,43.951134,1676900
2012-05-08,50.279999,51.049999,49.810001,50.919998,43.985691,1991400
2012-05-09,50.070000,50.450001,49.630001,49.709999,42.940464,2946500
2012-05-10,49.849998,49.959999,49.480000,49.540001,42.793621,2690700
2012-05-11,49.459999,50.110001,49.450001,49.830002,43.044132,2658500
2012-05-14,49.520000,49.580002,48.830002,48.849998,42.197590,3179500
2012-05-15,48.740002,49.470001,48.279999,49.099998,42.413540,1631000
2012-05-16,49.200001,49.430000,48.759998,48.759998,42.119850,1693200
2012-05-17,48.869999,48.869999,47.869999,47.869999,41.351044,2185700
2012-05-18,47.950001,48.130001,46.869999,46.970001,40.573616,2928700
2012-05-21,47.000000,48.060001,46.950001,47.930000,41.402870,1891800
2012-05-22,47.970001,48.200001,47.590000,47.880001,41.359680,2240200
2012-05-23,47.509998,48.320000,47.090000,48.240002,41.670666,1900000
2012-05-24,48.230000,48.250000,47.389999,47.720001,41.221470,3463400
2012-05-25,47.830002,48.119999,47.740002,48.020000,41.480618,1343700
2012-05-29,48.169998,48.860001,48.020000,48.830002,42.180313,1790800
2012-05-30,48.290001,48.419998,47.599998,47.810001,41.299217,2043300
2012-05-31,47.689999,48.450001,47.340000,48.080002,41.532440,3229600
2012-06-01,47.240002,47.450001,46.939999,46.959999,40.564964,2152700
2012-06-04,46.930000,47.240002,46.480000,46.840000,40.461311,1682400
2012-06-05,46.820000,48.119999,46.619999,47.980000,41.446064,1912300
2012-06-06,48.160000,49.189999,48.160000,49.189999,42.491291,1785400
2012-06-07,49.439999,49.590000,48.180000,48.230000,41.662014,1962500
2012-06-08,48.110001,48.720001,48.090000,48.599998,41.981632,2263400
2012-06-11,48.880001,49.000000,47.369999,47.430000,40.970963,2675200
2012-06-12,47.860001,48.169998,47.290001,48.029999,41.489254,2593600
2012-06-13,47.580002,48.040001,47.049999,47.400002,41.133465,2288900
2012-06-14,47.380001,47.610001,46.750000,47.349998,41.090069,2498100
2012-06-15,47.599998,48.880001,47.439999,48.700001,42.261597,3226500
2012-06-18,48.380001,49.200001,48.340000,49.029999,42.547962,2248300
2012-06-19,49.250000,49.490002,48.349998,48.439999,42.035957,2019100
2012-06-20,48.439999,48.860001,47.720001,47.990002,41.645451,2978700
2012-06-21,48.180000,48.189999,47.400002,47.490002,41.211555,2777600
2012-06-22,47.520000,48.119999,47.310001,47.880001,41.550003,5132600
2012-06-25,47.709999,47.709999,46.570000,46.730000,40.552032,2352200
2012-06-26,46.810001,47.470001,46.660000,47.259998,41.011967,1409600
2012-06-27,47.270000,47.779999,47.160000,47.349998,41.090069,1000400
2012-06-28,47.020000,47.099998,46.380001,46.930000,40.725597,2324500
2012-06-29,47.549999,48.110001,47.400002,48.110001,41.749599,1834200
2012-07-02,47.889999,48.240002,47.200001,47.349998,41.090069,2090700
2012-07-03,47.470001,48.389999,47.279999,48.340000,41.949188,1107200
2012-07-05,48.150002,48.389999,47.930000,48.020000,41.671497,1395100
2012-07-06,47.570000,47.779999,46.639999,46.970001,40.760319,1504700
2012-07-09,46.950001,47.130001,46.570000,46.709999,40.534687,2217700
2012-07-10,46.610001,47.180000,45.750000,45.939999,39.866486,2626700
2012-07-11,45.849998,45.950001,45.009998,45.459999,39.449932,2613700
2012-07-12,45.090000,45.459999,44.490002,45.180000,39.206951,1476900
2012-07-13,45.169998,45.990002,45.080002,45.950001,39.875168,1041700
2012-07-16,45.750000,45.770000,45.000000,45.169998,39.198277,1427700
2012-07-17,45.430000,45.689999,44.779999,45.660000,39.623508,1785900
2012-07-18,45.410000,46.720001,45.380001,46.660000,40.491291,1895900
2012-07-19,46.810001,47.790001,46.759998,47.509998,41.228916,2351700
2012-07-20,47.250000,47.290001,46.349998,46.500000,40.352444,2977200
2012-07-23,45.709999,45.959999,45.169998,45.889999,39.823090,1567600
2012-07-24,46.119999,46.750000,44.980000,45.290001,39.302410,2429700
2012-07-25,45.500000,48.509998,45.500000,47.810001,41.489254,4096400
2012-07-26,48.200001,48.200001,46.590000,47.480000,41.202885,3859400
2012-07-27,47.500000,47.939999,47.310001,47.759998,41.445862,2850200
2012-07-30,47.610001,47.990002,47.209999,47.720001,41.411144,1663500
2012-07-31,47.759998,48.599998,47.630001,48.340000,41.949188,2473700
2012-08-01,48.490002,48.570000,47.790001,47.939999,41.602058,1357200
2012-08-02,47.540001,47.880001,47.240002,47.810001,41.489254,1351100
2012-08-03,47.709999,47.900002,45.610001,47.060001,40.838409,4480200
2012-08-06,47.070000,47.580002,47.000000,47.270000,41.020649,1600300
2012-08-07,47.599998,48.419998,47.599998,48.259998,41.879768,1497000
2012-08-08,47.980000,48.389999,47.880001,48.020000,41.671497,1358100
2012-08-09,47.889999,48.220001,47.590000,47.730000,41.419830,1816800
2012-08-10,47.639999,48.139999,47.500000,48.099998,41.740910,1658200
2012-08-13,48.009998,48.070000,47.169998,47.360001,41.098747,3998900
2012-08-14,47.480000,47.919998,47.049999,47.630001,41.333050,2256400
2012-08-15,47.680000,47.880001,47.040001,47.500000,41.220238,1512800
2012-08-16,47.529999,48.279999,47.529999,48.169998,41.801659,1734900
2012-08-17,48.049999,48.209999,47.779999,47.849998,41.523975,2366700
2012-08-20,47.680000,48.080002,47.520000,47.950001,41.610744,2076200
2012-08-21,47.950001,48.299999,47.840000,47.950001,41.610744,3082500
2012-08-22,47.910000,47.950001,47.630001,47.759998,41.445862,1618400
2012-08-23,47.630001,47.669998,47.349998,47.580002,41.289669,1416100
2012-08-24,47.380001,47.709999,46.970001,47.630001,41.333050,1666900
2012-08-27,47.669998,48.040001,46.990002,47.709999,41.402477,1068500
2012-08-28,47.509998,47.990002,47.000000,47.590000,41.298340,1087000
2012-08-29,47.720001,48.189999,47.560001,48.130001,41.766953,1041500
2012-08-30,47.830002,47.919998,47.169998,47.560001,41.272316,1563600
2012-08-31,47.799999,47.930000,47.119999,47.660000,41.359085,1540800
2012-09-04,47.580002,47.849998,47.110001,47.619999,41.324383,1216500
2012-09-05,47.660000,48.020000,47.250000,47.700001,41.393795,1176600
2012-09-06,47.880001,49.119999,47.880001,49.119999,42.626053,1846800
2012-09-07,49.090000,49.400002,48.900002,49.299999,42.782265,1800400
2012-09-10,49.270000,49.299999,48.840000,48.840000,42.383091,943200
2012-09-11,49.000000,49.299999,48.669998,49.189999,42.686810,1591700
2012-09-12,49.110001,49.389999,48.939999,49.389999,43.088127,1794500
2012-09-13,49.139999,50.299999,49.139999,50.119999,43.724972,2169700
2012-09-14,50.000000,50.540001,49.790001,50.540001,44.091385,2175600
2012-09-17,50.349998,50.380001,49.889999,50.169998,43.768593,1106700
2012-09-18,50.009998,50.290001,49.689999,49.810001,43.454529,1555000
2012-09-19,49.759998,50.500000,49.680000,50.340000,43.916908,1437100
2012-09-20,50.200001,50.200001,49.520000,49.810001,43.454529,1171200
2012-09-21,50.310001,51.919998,50.310001,51.790001,45.181889,3219000
2012-09-24,51.340000,51.470001,50.779999,51.110001,44.588642,1545600
2012-09-25,51.320000,51.450001,50.830002,50.830002,44.344383,2398200
2012-09-26,50.889999,50.950001,50.080002,50.169998,43.768593,1915300
2012-09-27,50.310001,50.820000,50.130001,50.750000,44.274593,1373400
2012-09-28,50.590000,50.869999,50.150002,50.549999,44.100113,1454700
2012-10-01,50.849998,50.939999,50.320000,50.619999,44.161179,1104600
2012-10-02,50.709999,50.810001,50.110001,50.290001,43.873287,1436700
2012-10-03,50.299999,50.939999,49.959999,50.900002,44.405449,2681300
2012-10-04,50.950001,51.139999,50.610001,51.080002,44.562489,2313300
2012-10-05,51.200001,51.660000,51.000000,51.320000,44.771854,1625000
2012-10-08,51.160000,51.240002,50.689999,50.799999,44.318211,771400
2012-10-09,50.740002,50.790001,50.160000,50.189999,43.786041,1214400
2012-10-10,50.290001,50.290001,49.580002,49.950001,43.576664,1274200
2012-10-11,50.270000,50.950001,50.080002,50.080002,43.690079,748600
2012-10-12,50.230000,50.500000,49.970001,50.090000,43.698807,852300
2012-10-15,50.099998,50.369999,49.939999,50.349998,43.925625,991000
2012-10-16,50.500000,51.000000,50.380001,50.970001,44.466515,1206100
2012-10-17,51.000000,51.299999,50.740002,51.110001,44.588642,806500
2012-10-18,51.110001,51.110001,50.639999,50.759998,44.283310,767200
2012-10-19,50.810001,50.950001,50.049999,50.230000,43.820938,1656800
2012-10-22,49.990002,50.459999,49.750000,50.419998,43.986694,1612100
2012-10-23,49.950001,50.070000,49.490002,49.770000,43.419640,2185300
2012-10-24,50.500000,51.849998,50.340000,51.580002,44.998695,2675600
2012-10-25,51.250000,51.570000,49.810001,50.000000,43.620285,2578600
2012-10-26,49.930000,51.709999,49.900002,51.619999,45.033585,1972300
2012-10-31,51.500000,51.830002,50.419998,51.680000,45.085926,2452900
2012-11-01,51.779999,53.930000,51.000000,53.320000,46.516674,3788700
2012-11-02,53.650002,53.650002,52.709999,52.900002,46.150265,2759000
2012-11-05,52.720001,53.529999,52.650002,53.330002,46.525387,1523000
2012-11-06,53.200001,53.990002,53.200001,53.889999,47.013939,2013700
2012-11-07,53.450001,53.810001,52.820000,53.650002,46.804565,2374700
2012-11-08,53.599998,53.959999,53.110001,53.110001,46.333469,2644100
2012-11-09,53.259998,53.730000,53.060001,53.110001,46.333469,2969800
2012-11-12,53.110001,53.590000,52.759998,53.410000,46.595184,1153000
2012-11-13,53.029999,53.750000,52.990002,53.259998,46.464336,1101100
2012-11-14,53.310001,53.490002,52.709999,52.799999,46.063023,1439800
2012-11-15,52.900002,53.349998,52.700001,52.840000,46.097908,1998600
2012-11-16,52.730000,53.049999,52.189999,52.889999,46.141544,1900500
2012-11-19,53.320000,53.700001,53.240002,53.400002,46.586464,1355200
2012-11-20,53.240002,53.860001,53.040001,53.860001,46.987770,2157300
2012-11-21,53.779999,54.150002,53.630001,53.869999,46.996494,1018000
2012-11-23,54.070000,54.790001,53.880001,54.759998,47.772923,659400
2012-11-26,54.110001,54.650002,54.029999,54.599998,47.633358,1477200
2012-11-27,54.349998,54.770000,54.020000,54.029999,47.136086,1760700
2012-11-28,53.799999,54.540001,53.619999,54.430000,47.485031,1480800
2012-11-29,54.619999,54.759998,54.279999,54.430000,47.485031,1462500
2012-11-30,54.520000,54.860001,54.310001,54.450001,47.502495,3316100
2012-12-03,54.630001,54.740002,54.200001,54.209999,47.293118,1518500
2012-12-04,54.270000,54.680000,54.139999,54.220001,47.301842,1905500
2012-12-05,54.220001,55.470001,54.090000,55.180000,48.139339,2698300
2012-12-06,54.959999,55.130001,54.650002,54.740002,47.755493,2434300
2012-12-07,54.840000,54.910000,54.369999,54.599998,47.633358,1248300
2012-12-10,54.419998,54.759998,54.419998,54.650002,47.676975,1696700
2012-12-11,54.959999,55.169998,54.380001,54.750000,47.764221,1860500
2012-12-12,54.779999,55.139999,54.450001,54.520000,47.790512,1132400
2012-12-13,54.419998,54.779999,54.130001,54.250000,47.553833,937900
2012-12-14,54.000000,54.349998,53.779999,54.049999,47.378521,1049400
2012-12-17,54.060001,54.680000,53.900002,54.279999,47.580135,1927500
2012-12-18,54.290001,54.950001,54.259998,54.869999,48.097309,1089000
2012-12-19,54.779999,54.820000,54.310001,54.330002,47.623978,1111200
2012-12-20,54.340000,54.939999,54.150002,54.869999,48.097309,1146400
2012-12-21,54.680000,54.709999,54.020000,54.580002,47.843109,2525400
2012-12-24,54.080002,54.779999,54.080002,54.779999,48.018421,604900
2012-12-26,54.720001,54.869999,54.009998,54.340000,47.632736,777000
2012-12-27,54.220001,55.000000,54.139999,54.880001,48.106071,1478800
2012-12-28,54.380001,54.669998,54.060001,54.080002,47.404827,1207300
2012-12-31,53.930000,55.770000,53.849998,55.680000,48.807343,2133800
2013-01-02,56.139999,56.650002,55.630001,56.200001,49.263145,2246200
2013-01-03,56.240002,56.849998,55.830002,56.009998,49.096596,1206600
2013-01-04,56.009998,56.490002,55.950001,56.279999,49.333263,1140000
2013-01-07,56.029999,56.709999,55.900002,56.580002,49.596237,1981600
2013-01-08,56.490002,56.500000,55.669998,55.939999,49.035248,1167800
2013-01-09,56.060001,56.270000,55.980000,56.250000,49.306961,691600
2013-01-10,56.450001,56.810001,56.250000,56.779999,49.771557,1260500
2013-01-11,57.020000,57.630001,56.750000,57.500000,50.402683,1307100
2013-01-14,57.380001,57.750000,57.360001,57.669998,50.551701,1198400
2013-01-15,57.439999,57.720001,57.110001,57.529999,50.428982,985000
2013-01-16,57.349998,58.020000,57.099998,57.950001,50.797134,2037300
2013-01-17,58.110001,58.160000,57.700001,58.040001,50.876038,1295000
2013-01-18,58.279999,59.250000,58.279999,59.009998,51.726307,3151200
2013-01-22,58.900002,59.000000,57.810001,58.290001,51.095181,2416000
2013-01-23,58.110001,58.750000,55.970001,58.540001,51.314320,6798900
2013-01-24,58.419998,59.480000,58.419998,58.799999,51.542233,2434500
2013-01-25,58.810001,58.900002,58.369999,58.599998,51.366913,1714900
2013-01-28,58.709999,59.240002,58.689999,59.009998,51.726307,1181900
2013-01-29,59.029999,59.029999,58.389999,58.939999,51.664948,994300
2013-01-30,58.930000,59.090000,58.630001,58.689999,51.445805,995000
2013-01-31,58.619999,58.939999,58.360001,58.389999,51.182838,1633300
2013-02-01,58.900002,59.200001,58.500000,58.869999,51.603577,1324200
2013-02-04,58.500000,59.139999,58.500000,58.689999,51.445805,1808600
2013-02-05,59.000000,60.119999,59.000000,59.919998,52.523975,2260900
2013-02-06,58.970001,59.669998,58.689999,59.389999,52.059399,1454500
2013-02-07,59.380001,60.119999,59.279999,60.020000,52.611641,1419000
2013-02-08,60.200001,60.480000,59.189999,60.299999,52.857075,1227000
2013-02-11,60.360001,61.040001,60.209999,60.900002,53.383018,1080400
2013-02-12,60.790001,61.060001,60.470001,60.830002,53.321659,941300
2013-02-13,61.000000,61.400002,60.790001,60.810001,53.304134,1489400
2013-02-14,60.520000,61.279999,60.200001,61.119999,53.575859,1765500
2013-02-15,61.320000,61.830002,61.150002,61.430000,53.847603,1851700
2013-02-19,61.349998,62.049999,61.270000,62.029999,54.373535,1519700
2013-02-20,61.980000,61.990002,61.250000,61.259998,53.698586,1423600
2013-02-21,61.220001,61.220001,60.520000,60.880001,53.365479,1384100
2013-02-22,61.169998,61.950001,61.029999,61.900002,54.259586,1297300
2013-02-25,62.000000,62.080002,60.270000,60.279999,52.839539,1851700
2013-02-26,60.400002,60.840000,60.119999,60.630001,53.146347,2619500
2013-02-27,60.830002,62.299999,60.630001,62.090000,54.426128,1901600
2013-02-28,61.950001,62.509998,61.860001,62.209999,54.531322,1890600
2013-03-01,61.939999,62.279999,61.509998,62.029999,54.373535,1247500
2013-03-04,61.759998,62.500000,61.630001,62.500000,54.785530,1325200
2013-03-05,62.689999,63.139999,62.500000,62.970001,55.197514,1773400
2013-03-06,63.250000,63.580002,63.029999,63.110001,55.320236,1863900
2013-03-07,63.299999,63.439999,62.610001,62.639999,54.908249,1397100
2013-03-08,62.869999,63.320000,62.529999,62.750000,55.004677,2082000
2013-03-11,62.610001,62.840000,62.520000,62.560001,54.838120,1715300
2013-03-12,62.509998,62.619999,61.470001,62.130001,54.461197,2105900
2013-03-13,62.000000,62.299999,61.669998,62.220001,54.769287,1264000
2013-03-14,62.490002,62.570000,62.020000,62.340000,54.874912,1499800
2013-03-15,62.209999,62.500000,62.029999,62.070000,54.637249,2211800
2013-03-18,61.439999,62.099998,61.259998,61.639999,54.258739,768700
2013-03-19,61.759998,61.980000,61.240002,61.669998,54.285152,879600
2013-03-20,61.950001,62.520000,61.910000,62.400002,54.927723,1399600
2013-03-21,62.130001,62.630001,61.980000,62.430000,54.954147,1173100
2013-03-22,62.490002,63.779999,62.470001,63.610001,55.992832,1752300
2013-03-25,63.709999,63.720001,62.869999,63.290001,55.711159,1186700
2013-03-26,63.580002,63.750000,63.340000,63.459999,55.860794,916200
2013-03-27,63.180000,63.770000,63.009998,63.560001,55.948818,900500
2013-03-28,63.459999,64.099998,63.310001,64.029999,56.362537,1352000
2013-04-01,63.970001,64.230003,63.560001,63.700001,56.072056,748000
2013-04-02,64.000000,64.199997,63.470001,63.700001,56.072056,650400
2013-04-03,63.580002,63.630001,62.619999,62.799999,55.279835,1611300
2013-04-04,62.680000,63.189999,62.560001,62.990002,55.447083,1246200
2013-04-05,62.360001,62.830002,62.070000,62.669998,55.165386,1056800
2013-04-08,62.590000,63.200001,62.340000,63.169998,55.605526,1155200
2013-04-09,63.299999,63.930000,63.080002,63.639999,56.019241,991000
2013-04-10,63.730000,64.720001,63.439999,64.690002,56.943504,1012400
2013-04-11,64.559998,64.720001,64.150002,64.629997,56.890697,1109400
2013-04-12,64.220001,64.580002,63.310001,63.869999,56.221699,1181600
2013-04-15,63.380001,63.439999,61.820000,61.830002,54.425987,1611600
2013-04-16,62.310001,63.110001,62.020000,62.959999,55.420666,1218200
2013-04-17,62.669998,62.759998,61.970001,62.130001,54.690063,1361100
2013-04-18,62.389999,62.400002,61.060001,61.150002,53.827415,1727900
2013-04-19,61.549999,62.250000,61.020000,61.720001,54.329166,1486100
2013-04-22,61.840000,62.060001,61.310001,61.779999,54.381977,839700
2013-04-23,61.880001,62.000000,60.740002,61.750000,54.355579,2326400
2013-04-24,54.740002,57.099998,53.279999,56.020000,49.311722,8367400
2013-04-25,56.060001,56.759998,55.330002,56.389999,49.637417,3657400
2013-04-26,56.310001,57.189999,56.310001,56.799999,49.998318,3534600
2013-04-29,57.009998,57.790001,56.849998,57.439999,50.561672,2360100
2013-04-30,57.400002,57.410000,56.549999,57.200001,50.350418,2716800
2013-05-01,57.000000,57.480000,56.360001,56.369999,49.619812,2176100
2013-05-02,56.419998,57.020000,56.250000,56.889999,50.077541,1842300
2013-05-03,57.230000,57.700001,57.160000,57.290001,50.429646,1766000
2013-05-06,57.029999,57.599998,56.910000,56.950001,50.130356,1940300
2013-05-07,56.900002,57.060001,56.599998,56.790001,49.989529,2605400
2013-05-08,56.810001,57.360001,56.430000,57.000000,50.174366,2639500
2013-05-09,56.799999,57.080002,56.130001,56.779999,49.980717,2676700
2013-05-10,56.439999,56.779999,56.090000,56.480000,49.716637,2332000
2013-05-13,56.230000,56.529999,56.070000,56.169998,49.443760,2247400
2013-05-14,56.009998,56.939999,56.009998,56.889999,50.077541,2239000
2013-05-15,56.680000,57.230000,56.630001,57.099998,50.262402,2239900
2013-05-16,57.099998,57.880001,56.889999,57.529999,50.640903,3030500
2013-05-17,57.509998,57.919998,57.340000,57.840000,50.913788,2294000
2013-05-20,57.619999,58.830002,57.619999,58.250000,51.274685,3507500
2013-05-21,58.680000,59.070000,57.660000,57.770000,50.852161,2686500
2013-05-22,57.709999,58.209999,57.189999,57.299999,50.438446,2517200
2013-05-23,57.049999,57.849998,57.000000,57.480000,50.596893,3855300
2013-05-24,57.299999,58.029999,56.860001,57.810001,50.887375,3077400
2013-05-28,58.060001,59.029999,58.040001,58.529999,51.521156,2529300
2013-05-29,58.290001,58.529999,58.000000,58.320000,51.336304,1739000
2013-05-30,58.459999,58.930000,58.259998,58.540001,51.529961,1414000
2013-05-31,58.310001,59.040001,57.950001,57.959999,51.019413,2196900
2013-06-03,58.119999,58.580002,57.430000,57.830002,50.904984,2204900
2013-06-04,57.700001,58.049999,57.380001,57.410000,50.535278,2068800
2013-06-05,57.180000,57.310001,56.250000,56.270000,49.531788,2017400
2013-06-06,56.290001,56.919998,56.150002,56.919998,50.103947,2383600
2013-06-07,57.119999,57.419998,56.740002,56.939999,50.121552,1581700
2013-06-10,57.000000,57.099998,56.340000,56.610001,49.831070,2161200
2013-06-11,56.279999,57.080002,55.970001,56.380001,49.628613,1547800
2013-06-12,56.590000,56.680000,56.029999,56.259998,49.752419,1499900
2013-06-13,56.250000,57.290001,56.040001,57.189999,50.574841,1659600
2013-06-14,57.110001,57.529999,56.919998,56.930000,50.344925,1518500
2013-06-17,57.169998,57.500000,57.080002,57.330002,50.698643,1618200
2013-06-18,57.439999,57.630001,57.169998,57.349998,50.716339,1119000
2013-06-19,57.330002,57.419998,56.750000,56.779999,50.212273,2196700
2013-06-20,56.529999,56.840000,55.360001,55.500000,49.080330,2725500
2013-06-21,55.970001,56.029999,55.169998,55.820000,49.363312,4309300
2013-06-24,55.330002,55.799999,54.639999,55.590000,49.159920,2335500
2013-06-25,55.980000,56.419998,55.549999,56.349998,49.832012,2740900
2013-06-26,56.660000,57.680000,56.540001,57.490002,50.840141,2791700
2013-06-27,57.680000,58.200001,57.419998,57.840000,51.149666,1510500
2013-06-28,57.720001,58.330002,57.459999,57.730000,51.052387,4738700
2013-07-01,57.810001,58.430000,57.810001,57.980000,51.273457,1227500
2013-07-02,57.750000,57.880001,57.220001,57.490002,50.840141,1890000
2013-07-03,57.119999,57.630001,57.020000,57.259998,50.636753,894900
2013-07-05,57.580002,57.970001,57.330002,57.930000,51.229256,1097400
2013-07-08,58.040001,58.590000,57.849998,57.860001,51.167347,1180100
2013-07-09,58.080002,58.459999,57.709999,58.029999,51.317677,1134800
2013-07-10,58.029999,58.529999,57.939999,58.430000,51.671410,2120700
2013-07-11,58.910000,59.430000,58.849998,59.049999,52.219700,1836100
2013-07-12,59.049999,59.750000,58.860001,59.540001,52.653015,1353300
2013-07-15,59.490002,59.619999,59.130001,59.169998,52.325817,1353600
2013-07-16,59.099998,59.580002,59.029999,59.320000,52.458462,1448700
2013-07-17,59.330002,59.590000,59.099998,59.419998,52.546902,894100
2013-07-18,59.369999,59.500000,59.000000,59.360001,52.493843,1222700
2013-07-19,59.459999,60.080002,59.240002,59.849998,52.927170,2248800
2013-07-22,59.730000,59.950001,59.419998,59.869999,52.944851,2566900
2013-07-23,59.750000,60.689999,59.750000,59.980000,53.042130,2138100
2013-07-24,56.410000,56.880001,53.880001,56.040001,49.557865,7396700
2013-07-25,55.950001,55.980000,54.189999,54.250000,47.974911,5029600
2013-07-26,53.919998,54.340000,53.619999,54.259998,47.983757,3245000
2013-07-29,54.020000,54.459999,53.740002,54.009998,47.762676,2143500
2013-07-30,54.230000,54.630001,53.900002,54.349998,48.063347,2568400
2013-07-31,54.560001,55.259998,54.130001,54.830002,48.487827,2434000
2013-08-01,55.070000,55.400002,54.919998,55.320000,48.921143,1417200
2013-08-02,55.320000,56.130001,55.150002,56.020000,49.540180,1742500
2013-08-05,55.799999,56.119999,55.639999,56.099998,49.610924,1190600
2013-08-06,55.919998,56.520000,55.840000,56.400002,49.876232,1656500
2013-08-07,56.189999,56.520000,56.049999,56.480000,49.946968,1679100
2013-08-08,56.599998,57.160000,56.259998,57.130001,50.521793,1721100
2013-08-09,56.840000,57.540001,56.840000,57.360001,50.725185,1534500
2013-08-12,57.049999,57.560001,56.799999,57.439999,50.795921,1898100
2013-08-13,57.389999,57.939999,57.320000,57.840000,51.149666,1406500
2013-08-14,57.680000,57.959999,57.619999,57.709999,51.034698,1392900
2013-08-15,57.099998,57.099998,56.520000,56.959999,50.371456,3299600
2013-08-16,57.310001,57.459999,56.900002,57.150002,50.539478,2011800
2013-08-19,56.970001,57.520000,56.939999,57.090000,50.486408,1518600
2013-08-20,56.959999,57.139999,56.849998,57.049999,50.451046,1913300
2013-08-21,56.860001,57.000000,55.779999,56.060001,49.575562,3258900
2013-08-22,56.049999,56.450001,55.939999,56.330002,49.814327,1435500
2013-08-23,56.490002,56.840000,56.310001,56.740002,50.176907,1100300
2013-08-26,56.590000,57.060001,56.529999,56.549999,50.008873,1001500
2013-08-27,56.029999,56.349998,55.700001,56.119999,49.628620,1720600
2013-08-28,56.119999,56.599998,56.119999,56.389999,49.867382,1308900
2013-08-29,56.259998,56.430000,55.970001,56.189999,49.690510,1372400
2013-08-30,56.160000,56.209999,55.849998,56.009998,49.531334,1408800
2013-09-03,56.380001,57.000000,56.040001,56.279999,49.770100,1749400
2013-09-04,56.220001,56.380001,55.959999,56.080002,49.593235,2384900
2013-09-05,55.930000,56.590000,55.930000,56.169998,49.672829,1457900
2013-09-06,56.169998,56.810001,55.799999,56.470001,49.938133,1894600
2013-09-09,56.630001,58.000000,56.630001,57.590000,50.928570,2370800
2013-09-10,57.759998,58.000000,57.139999,57.369999,50.734028,1794000
2013-09-11,56.990002,57.320000,56.639999,57.250000,50.902966,1096500
2013-09-12,57.349998,58.000000,57.290001,57.500000,51.125240,2043800
2013-09-13,57.439999,57.529999,57.150002,57.459999,51.089687,1042300
2013-09-16,58.060001,58.160000,57.770000,57.810001,51.400875,2050300
2013-09-17,57.759998,58.290001,57.759998,58.279999,51.818771,1547200
2013-09-18,58.250000,59.380001,58.099998,59.259998,52.690117,2663700
2013-09-19,59.220001,59.919998,59.200001,59.689999,53.072449,2588000
2013-09-20,59.930000,60.770000,59.880001,60.389999,53.694839,8420000
2013-09-23,60.160000,60.389999,60.049999,60.369999,53.677067,1655200
2013-09-24,60.230000,60.230000,59.919998,59.990002,53.339195,2714000
2013-09-25,59.799999,60.119999,59.529999,59.849998,53.214710,1617800
2013-09-26,59.869999,60.099998,59.709999,59.869999,53.232498,990700
2013-09-27,59.740002,59.919998,59.549999,59.750000,53.125793,838700
2013-09-30,59.290001,59.610001,59.150002,59.380001,52.796825,1420600
2013-10-01,59.419998,60.889999,59.240002,60.889999,54.139412,2788000
2013-10-02,60.520000,60.720001,60.150002,60.700001,53.970482,2405500
2013-10-03,60.480000,60.790001,60.340000,60.560001,53.845989,1954300
2013-10-04,60.369999,61.240002,60.160000,61.139999,54.361694,1978700
2013-10-07,60.660000,61.570000,60.529999,60.889999,54.139412,1531300
2013-10-08,60.869999,60.910000,59.570000,59.619999,53.010204,1569900
2013-10-09,59.820000,59.889999,58.930000,59.389999,52.805717,1362400
2013-10-10,59.950001,60.610001,59.849998,60.610001,53.890457,1133300
2013-10-11,60.380001,60.840000,60.310001,60.520000,53.810425,1046200
2013-10-14,60.259998,61.130001,59.950001,61.029999,54.263885,1405400
2013-10-15,60.709999,61.000000,60.459999,60.490002,53.783749,1677900
2013-10-16,60.730000,61.000000,60.430000,60.709999,53.979362,2014900
2013-10-17,60.400002,60.970001,60.250000,60.919998,54.166088,1988900
2013-10-18,60.990002,61.090000,60.650002,60.810001,54.068279,2562300
2013-10-21,60.880001,61.200001,60.820000,61.180000,54.397259,1885700
2013-10-22,61.000000,61.189999,60.209999,60.430000,53.730408,3228100
2013-10-23,61.680000,66.389999,60.680000,62.400002,55.482002,8847300
2013-10-24,62.299999,62.799999,62.080002,62.509998,55.579815,1802000
2013-10-25,62.650002,63.060001,62.419998,62.990002,56.006596,1523800
2013-10-28,63.000000,63.110001,62.330002,62.439999,55.517567,1261600
2013-10-29,62.790001,63.060001,62.520000,62.730000,55.775425,930000
2013-10-30,62.689999,62.790001,61.950001,62.250000,55.348633,1121200
2013-10-31,62.310001,62.980000,62.080002,62.520000,55.588699,1167700
2013-11-01,62.680000,62.849998,61.990002,62.389999,55.473114,1199100
2013-11-04,62.400002,62.880001,62.400002,62.709999,55.757633,1125300
2013-11-05,62.580002,63.000000,62.520000,62.680000,55.730965,807400
2013-11-06,62.889999,63.200001,62.610001,62.650002,55.704300,1144500
2013-11-07,62.849998,63.419998,62.439999,62.490002,55.562027,1602100
2013-11-08,62.599998,63.169998,62.599998,63.119999,56.122173,1172000
2013-11-11,63.000000,63.689999,62.939999,63.509998,56.468937,1031900
2013-11-12,63.509998,64.250000,63.419998,64.239998,57.118008,1192000
2013-11-13,64.000000,64.480003,63.799999,64.449997,57.304733,1213200
2013-11-14,64.410004,64.970001,64.269997,64.580002,57.420319,1086500
2013-11-15,64.809998,65.790001,64.730003,65.570000,58.300552,1500800
2013-11-18,65.489998,65.790001,65.190002,65.419998,58.167187,1208600
2013-11-19,65.300003,65.500000,64.550003,64.610001,57.446999,1120000
2013-11-20,64.790001,65.070000,64.510002,64.580002,57.420319,1300300
2013-11-21,64.849998,65.459999,64.690002,65.410004,58.158306,1468500
2013-11-22,65.389999,65.949997,65.160004,65.879997,58.576199,743900
2013-11-25,65.830002,66.139999,65.599998,65.790001,58.496178,721200
2013-11-26,65.849998,65.989998,65.220001,65.570000,58.300552,1914700
2013-11-27,65.650002,65.959999,65.339996,65.500000,58.238312,1204600
2013-11-29,65.589996,66.290001,65.330002,65.879997,58.576199,764600
2013-12-02,65.750000,66.129997,65.430000,65.660004,58.380592,928600
2013-12-03,65.379997,65.839996,65.000000,65.790001,58.496178,927600
2013-12-04,65.370003,65.699997,64.629997,64.930000,57.731510,1357400
2013-12-05,64.750000,65.570000,64.699997,65.230003,57.998257,1084800
2013-12-06,65.589996,66.330002,65.410004,66.180000,58.842934,1131900
2013-12-09,66.019997,66.260002,65.650002,65.790001,58.496178,923100
2013-12-10,65.510002,66.089996,65.129997,65.410004,58.158306,1431100
2013-12-11,64.830002,65.419998,64.550003,64.599998,57.711620,1150900
2013-12-12,64.400002,65.099998,64.209999,64.860001,57.943893,1334700
2013-12-13,64.849998,65.230003,64.610001,65.050003,58.113644,1233600
2013-12-16,65.050003,65.500000,64.839996,65.360001,58.390579,1154900
2013-12-17,65.089996,65.790001,64.839996,65.519997,58.533512,1175100
2013-12-18,65.440002,66.169998,64.989998,66.160004,59.105274,1015300
2013-12-19,66.059998,66.349998,65.820000,65.849998,58.828312,2152300
2013-12-20,65.650002,66.080002,65.589996,65.610001,58.613922,3196500
2013-12-23,66.000000,66.879997,65.660004,66.779999,59.659161,1744500
2013-12-24,66.529999,67.279999,66.500000,67.099998,59.945026,538500
2013-12-26,67.089996,67.489998,66.940002,67.180000,60.016521,861100
2013-12-27,67.120003,67.610001,67.029999,67.330002,60.150509,599800
2013-12-30,67.110001,67.669998,67.110001,67.250000,60.079041,590900
2013-12-31,67.180000,67.639999,67.150002,67.500000,60.302395,647800
2014-01-02,67.370003,67.489998,65.839996,66.330002,59.257145,1101600
2014-01-03,66.489998,66.639999,66.160004,66.199997,59.141006,801600
2014-01-06,66.470001,66.669998,65.910004,65.919998,58.890850,1033000
2014-01-07,65.919998,66.480003,65.739998,66.190002,59.132080,1010300
2014-01-08,66.239998,66.339996,65.800003,65.989998,58.953400,900700
2014-01-09,66.160004,66.660004,66.080002,66.500000,59.409027,954600
2014-01-10,66.680000,66.690002,65.889999,66.150002,59.096344,2491200
2014-01-13,66.160004,66.739998,65.320000,65.489998,58.506702,1224100
2014-01-14,65.820000,66.440002,65.760002,66.349998,59.275009,836400
2014-01-15,66.389999,66.480003,65.540001,65.620003,58.622856,1992000
2014-01-16,65.699997,65.980003,65.529999,65.809998,58.792583,1012100
2014-01-17,66.169998,66.669998,65.910004,66.099998,59.051659,1907000
2014-01-21,66.889999,67.690002,66.769997,67.110001,59.953983,2300600
2014-01-22,63.840000,65.669998,62.680000,64.510002,57.631214,4388000
2014-01-23,64.680000,65.419998,64.559998,65.339996,58.372707,2821300
2014-01-24,65.160004,65.160004,64.419998,64.419998,57.550812,1698800
2014-01-27,64.540001,64.879997,64.129997,64.430000,57.559750,987800
2014-01-28,64.440002,64.730003,64.110001,64.339996,57.479336,1431500
2014-01-29,63.990002,64.639999,63.770000,63.980000,57.157734,1474300
2014-01-30,64.730003,65.199997,64.550003,64.910004,57.988571,1178200
2014-01-31,64.120003,64.330002,63.740002,63.799999,56.996914,2110700
2014-02-03,63.900002,63.980000,62.669998,62.720001,56.032085,1394300
2014-02-04,63.000000,63.310001,62.619999,62.990002,56.273289,916500
2014-02-05,62.910000,63.110001,62.500000,62.889999,56.183956,1118000
2014-02-06,63.099998,63.470001,63.009998,63.400002,56.639568,862700
2014-02-07,63.599998,64.620003,63.430000,64.599998,57.711620,1290100
2014-02-10,64.589996,65.129997,64.320000,65.080002,58.140434,1096100
2014-02-11,65.190002,65.400002,64.779999,65.029999,58.095783,1200700
2014-02-12,65.070000,65.849998,65.070000,65.779999,58.765793,1086600
2014-02-13,65.309998,65.809998,65.309998,65.669998,58.667519,639200
2014-02-14,65.680000,65.809998,65.529999,65.610001,58.613922,592200
2014-02-18,65.790001,65.989998,65.559998,65.779999,58.765793,690000
2014-02-19,65.589996,65.760002,64.919998,64.930000,58.006428,826100
2014-02-20,64.989998,65.279999,64.589996,65.220001,58.265499,994900
2014-02-21,65.550003,65.820000,65.000000,65.019997,58.086830,797900
2014-02-24,64.949997,65.550003,64.839996,64.959999,58.033230,766000
2014-02-25,65.010002,65.529999,64.889999,65.099998,58.158295,795700
2014-02-26,65.139999,65.540001,64.669998,65.449997,58.470978,957000
2014-02-27,65.190002,65.910004,65.019997,65.900002,58.873009,853400
2014-02-28,65.930000,66.339996,65.769997,66.199997,59.141006,2038200
2014-03-03,65.800003,66.120003,65.389999,65.980003,58.944473,896700
2014-03-04,66.320000,67.500000,66.290001,66.760002,59.641304,1632000
2014-03-05,66.589996,66.739998,66.180000,66.330002,59.257145,821800
2014-03-06,66.400002,66.790001,66.320000,66.570000,59.471558,687200
2014-03-07,66.699997,66.949997,66.440002,66.639999,59.534084,628800
2014-03-10,66.540001,66.660004,66.129997,66.430000,59.346474,724600
2014-03-11,66.500000,66.570000,65.970001,66.080002,59.033810,843200
2014-03-12,62.790001,65.389999,62.470001,65.019997,58.360611,1469000
2014-03-13,65.059998,65.169998,64.110001,64.209999,57.633583,1242900
2014-03-14,63.840000,64.139999,63.490002,63.669998,57.148880,1142300
2014-03-17,64.059998,65.139999,63.889999,65.080002,58.414482,1278600
2014-03-18,65.120003,66.089996,65.099998,65.720001,58.988926,1053200
2014-03-19,65.739998,66.370003,65.309998,65.699997,58.970970,912900
2014-03-20,65.459999,66.949997,65.260002,66.660004,59.832653,1051800
2014-03-21,67.209999,67.339996,66.470001,66.809998,59.967281,2518200
2014-03-24,66.800003,66.870003,65.830002,66.050003,59.285122,1021700
2014-03-25,66.269997,66.680000,65.769997,66.180000,59.401817,834900
2014-03-26,66.449997,66.769997,65.139999,65.160004,58.486290,1121700
2014-03-27,64.790001,65.139999,63.980000,64.360001,57.768211,1151600
2014-03-28,64.540001,64.820000,64.150002,64.300003,57.714363,752800
2014-03-31,64.519997,64.970001,64.209999,64.290001,57.705383,1063400
2014-04-01,64.400002,64.980003,64.169998,64.910004,58.261883,1067900
2014-04-02,64.959999,65.519997,64.779999,65.099998,58.432426,844500
2014-04-03,64.830002,65.599998,64.750000,65.089996,58.423454,1072500
2014-04-04,65.279999,65.599998,64.220001,64.260002,57.678463,1281600
2014-04-07,64.080002,64.690002,64.080002,64.430000,57.831066,1215900
2014-04-08,64.320000,65.290001,64.209999,64.949997,58.297775,1511400
2014-04-09,65.000000,65.449997,64.849998,65.260002,58.576038,1019500
2014-04-10,65.260002,65.360001,63.900002,63.990002,57.436119,920500
2014-04-11,63.700001,64.430000,63.320000,63.389999,56.897556,905300
2014-04-14,63.730000,63.970001,63.259998,63.779999,57.247616,843400
2014-04-15,65.099998,65.099998,62.840000,63.369999,56.879601,6307100
2014-04-16,63.520000,63.520000,62.200001,63.230000,56.753956,2453100
2014-04-17,63.070000,63.270000,62.070000,63.150002,56.682148,2666500
2014-04-21,62.910000,62.910000,62.080002,62.509998,56.107689,1428300
2014-04-22,62.500000,63.520000,62.250000,63.270000,56.789852,2119800
2014-04-23,63.380001,63.630001,62.639999,63.290001,56.807804,1530400
2014-04-24,63.610001,63.770000,62.919998,63.000000,56.547501,1280800
2014-04-25,62.869999,62.950001,62.200001,62.500000,56.098713,1083800
2014-04-28,63.070000,63.480000,62.230000,62.639999,56.224388,2031600
2014-04-29,63.000000,63.669998,62.709999,63.430000,56.933468,1152700
2014-04-30,63.430000,63.779999,63.060001,63.580002,57.068096,1574500
2014-05-01,60.180000,62.740002,59.919998,62.650002,56.233360,4819100
2014-05-02,62.540001,65.879997,62.369999,65.510002,58.800423,5733900
2014-05-05,65.059998,67.389999,65.019997,66.150002,59.374878,7600300
2014-05-06,65.790001,66.919998,65.589996,66.400002,59.599277,5453100
2014-05-07,66.260002,67.260002,66.120003,67.139999,60.263489,2506600
2014-05-08,66.930000,67.879997,66.830002,67.379997,60.478905,1968900
2014-05-09,67.360001,67.669998,66.820000,67.260002,60.371185,1928600
2014-05-12,67.370003,68.099998,67.370003,67.800003,60.855888,1274400
2014-05-13,67.730003,68.330002,67.510002,67.750000,60.811012,1453800
2014-05-14,67.629997,67.940002,67.160004,67.199997,60.317333,1159300
2014-05-15,67.330002,67.449997,66.199997,66.339996,59.545422,1859300
2014-05-16,66.419998,66.500000,65.839996,66.300003,59.509533,4270700
2014-05-19,66.239998,67.070000,66.080002,66.879997,60.030098,1604600
2014-05-20,66.889999,66.989998,66.150002,66.519997,59.706989,3607900
2014-05-21,66.779999,67.180000,66.690002,66.889999,60.039104,944200
2014-05-22,66.279999,66.949997,66.040001,66.629997,59.805721,1613800
2014-05-23,66.680000,67.180000,66.510002,67.000000,60.137810,2423600
2014-05-27,67.190002,67.290001,66.980003,67.019997,60.155777,1699600
2014-05-28,67.120003,67.180000,66.910004,66.930000,60.074989,1766500
2014-05-29,67.050003,67.099998,66.900002,66.910004,60.057053,1259000
2014-05-30,67.059998,67.779999,66.870003,67.419998,60.514816,3006400
2014-06-02,67.379997,67.750000,67.209999,67.400002,60.496845,1296400
2014-06-03,66.940002,67.470001,66.820000,66.860001,60.012157,1481900
2014-06-04,66.629997,67.250000,66.610001,67.230003,60.344288,1232700
2014-06-05,67.230003,67.709999,67.089996,67.169998,60.290417,1651800
2014-06-06,67.309998,67.730003,67.239998,67.660004,60.730228,1282400
2014-06-09,67.529999,67.970001,67.529999,67.669998,60.739208,1130300
2014-06-10,67.739998,67.959999,67.500000,67.699997,60.766117,1305000
2014-06-11,67.339996,67.500000,66.849998,66.930000,60.351345,1017800
2014-06-12,66.839996,67.029999,66.290001,66.459999,59.927544,1310000
2014-06-13,66.699997,67.089996,66.629997,66.779999,60.216084,695400
2014-06-16,66.709999,67.129997,66.660004,66.720001,60.161995,962000
2014-06-17,66.610001,66.910004,66.529999,66.639999,60.089844,712700
2014-06-18,66.750000,66.889999,66.519997,66.620003,60.071815,1191100
2014-06-19,66.610001,67.070000,66.610001,67.059998,60.468567,1285100
2014-06-20,67.239998,67.500000,66.949997,67.070000,60.477589,2179700
2014-06-23,67.040001,67.320000,66.910004,67.099998,60.504623,817200
2014-06-24,66.940002,67.190002,66.699997,66.730003,60.171013,987400
2014-06-25,66.610001,66.610001,66.269997,66.550003,60.008698,905100
2014-06-26,66.680000,66.680000,66.160004,66.559998,60.017719,575100
2014-06-27,66.330002,66.849998,66.050003,66.779999,60.216084,3307400
2014-06-30,66.889999,66.970001,66.510002,66.570000,60.026730,2656500
2014-07-01,66.900002,67.269997,66.839996,66.959999,60.378387,2449700
2014-07-02,66.760002,67.080002,66.680000,67.019997,60.432499,942500
2014-07-03,67.220001,67.480003,67.059998,67.410004,60.784168,553500
2014-07-07,67.180000,67.559998,67.180000,67.239998,60.630859,939700
2014-07-08,66.970001,67.209999,65.980003,66.269997,59.756214,2590300
2014-07-09,66.370003,66.680000,66.239998,66.580002,60.035751,1173800
2014-07-10,66.099998,66.599998,65.949997,66.449997,59.918522,935800
2014-07-11,66.320000,66.370003,65.900002,66.000000,59.512756,978800
2014-07-14,66.029999,66.519997,66.010002,66.080002,59.584900,1079600
2014-07-15,66.220001,66.440002,65.019997,65.489998,59.052879,2549600
2014-07-16,65.709999,65.980003,65.570000,65.669998,59.215187,1612600
2014-07-17,65.480003,65.650002,64.910004,64.940002,58.556953,1475700
2014-07-18,65.260002,65.680000,65.070000,65.489998,59.052879,1842900
2014-07-21,65.449997,65.879997,65.300003,65.739998,59.278309,1259800
2014-07-22,65.940002,66.419998,65.800003,66.050003,59.557842,1104400
2014-07-23,66.080002,66.089996,65.669998,65.769997,59.305359,914100
2014-07-24,66.000000,66.029999,65.529999,65.610001,59.161083,1192700
2014-07-25,65.440002,65.449997,64.919998,65.000000,58.611042,792100
2014-07-28,64.959999,65.360001,64.779999,65.209999,58.800400,757900
2014-07-29,65.320000,65.489998,64.720001,64.739998,58.376602,1141900
2014-07-30,64.989998,65.070000,64.580002,64.830002,58.457756,1015100
2014-07-31,64.519997,64.610001,63.590000,63.680000,57.420792,1617700
2014-08-01,63.799999,64.190002,63.549999,63.820000,57.547035,1130100
2014-08-04,63.799999,64.349998,63.599998,64.110001,57.808533,2604200
2014-08-05,61.520000,62.759998,60.540001,61.389999,55.355881,3399900
2014-08-06,61.020000,61.439999,60.570000,61.209999,55.193569,3200700
2014-08-07,61.250000,62.299999,61.189999,61.250000,55.229637,2258100
2014-08-08,61.380001,62.209999,61.209999,62.189999,56.077236,1499600
2014-08-11,62.240002,62.299999,61.709999,61.730000,55.662460,948800
2014-08-12,61.730000,61.840000,61.250000,61.639999,55.581310,1229200
2014-08-13,61.830002,62.310001,61.709999,62.029999,55.932980,1658500
2014-08-14,62.119999,62.169998,61.450001,61.520000,55.473106,1451000
2014-08-15,61.830002,61.869999,60.689999,61.000000,55.004211,2979600
2014-08-18,61.310001,61.619999,60.790001,60.810001,54.832890,4838800
2014-08-19,60.880001,61.619999,60.880001,61.369999,55.337845,2702000
2014-08-20,61.320000,61.799999,61.259998,61.639999,55.581310,1419200
2014-08-21,61.540001,61.759998,61.360001,61.700001,55.635418,1578800
2014-08-22,61.680000,61.689999,61.209999,61.230000,55.211601,1482100
2014-08-25,61.520000,61.599998,60.990002,61.020000,55.022247,1194300
2014-08-26,61.139999,61.180000,60.220001,60.299999,54.373016,2413500
2014-08-27,60.299999,60.540001,59.459999,59.680000,53.813953,2108100
2014-08-28,59.410000,59.599998,59.220001,59.369999,53.534428,1992900
2014-08-29,59.540001,59.630001,59.029999,59.400002,53.561485,2113700
2014-09-02,59.310001,59.439999,58.860001,59.009998,53.209824,2270900
2014-09-03,58.970001,59.180000,58.740002,58.939999,53.146694,2255600
2014-09-04,58.970001,59.150002,58.860001,58.980000,53.182755,2950500
2014-09-05,58.910000,59.110001,58.610001,58.889999,53.101608,2447700
2014-09-08,58.880001,61.130001,58.730000,61.020000,55.022247,11481100
2014-09-09,60.880001,61.189999,60.450001,61.080002,55.076351,2577800
2014-09-10,61.099998,61.410000,61.009998,61.220001,55.202591,1766900
2014-09-11,60.740002,61.240002,60.680000,61.220001,55.510887,1117300
2014-09-12,61.110001,61.730000,60.880001,61.540001,55.801044,2069600
2014-09-15,61.599998,61.599998,61.189999,61.419998,55.692230,1838200
2014-09-16,61.270000,61.860001,61.270000,61.689999,55.937050,1476400
2014-09-17,61.720001,62.099998,61.650002,61.910000,56.136539,2275200
2014-09-18,61.959999,62.150002,61.630001,62.040001,56.254414,1952400
2014-09-19,62.240002,62.430000,61.549999,61.880001,56.109333,2332500
2014-09-22,61.689999,61.930000,61.150002,61.680000,55.927982,1479200
2014-09-23,61.529999,61.770000,61.369999,61.570000,55.828239,1491900
2014-09-24,61.459999,61.869999,61.220001,61.799999,56.036793,1765300
2014-09-25,61.730000,62.419998,61.459999,62.240002,56.435760,2384200
2014-09-26,62.270000,63.450001,62.259998,63.419998,57.505718,3410400
2014-09-29,62.959999,63.320000,62.520000,63.180000,57.288101,2216600
2014-09-30,63.180000,63.419998,63.000000,63.279999,57.378788,1635500
2014-10-01,63.380001,63.380001,62.270000,62.340000,56.526432,3382100
2014-10-02,62.060001,62.200001,60.860001,61.029999,55.338596,2723200
2014-10-03,61.080002,61.480000,60.639999,61.299999,55.583416,1798400
2014-10-06,61.299999,61.709999,61.139999,61.500000,55.764767,1399500
2014-10-07,61.230000,61.540001,60.470001,60.470001,54.830822,1467300
2014-10-08,60.410000,61.639999,60.130001,61.580002,55.837315,1810200
2014-10-09,61.349998,61.700001,60.380001,60.459999,54.821758,1427200
2014-10-10,60.340000,60.560001,59.029999,59.049999,53.543247,2057400
2014-10-13,59.070000,59.230000,58.330002,58.500000,53.044537,2072000
2014-10-14,58.880001,59.430000,58.509998,58.730000,53.253086,1719200
2014-10-15,58.259998,59.459999,57.790001,59.320000,53.788063,2551700
2014-10-16,58.349998,59.500000,58.349998,59.180000,53.661125,1579500
2014-10-17,59.599998,60.930000,59.599998,60.790001,55.120983,2226800
2014-10-20,60.560001,61.259998,60.330002,61.250000,55.538086,1428800
2014-10-21,61.750000,62.459999,61.419998,62.389999,56.571774,1351200
2014-10-22,62.369999,62.610001,61.560001,61.630001,55.882648,1451300
2014-10-23,62.310001,62.500000,62.119999,62.250000,56.444832,2149800
2014-10-24,62.250000,62.660000,62.119999,62.570000,56.734989,1600400
2014-10-27,62.560001,62.970001,62.130001,62.799999,56.943539,1788000
2014-10-28,62.840000,64.059998,62.480000,64.059998,58.086025,2645600
2014-10-29,64.000000,64.510002,63.740002,63.939999,57.977226,2370400
2014-10-30,63.919998,64.320000,62.380001,64.080002,58.104168,2456700
2014-10-31,64.410004,65.150002,64.410004,64.500000,58.485004,3633700
2014-11-03,64.510002,64.970001,64.099998,64.680000,58.648220,2593200
2014-11-04,64.690002,66.989998,64.610001,66.760002,60.534252,4057100
2014-11-05,66.500000,66.699997,63.570000,64.459999,58.448727,4288400
2014-11-06,64.459999,64.459999,63.299999,63.419998,57.505718,2683600
2014-11-07,63.439999,64.160004,62.610001,64.139999,58.158577,3142700
2014-11-10,64.129997,64.400002,63.709999,63.939999,57.977226,2450000
2014-11-11,63.970001,64.000000,63.430000,63.549999,57.623600,1929200
2014-11-12,63.419998,63.939999,63.349998,63.700001,57.759609,1569400
2014-11-13,63.860001,64.510002,63.860001,64.430000,58.421543,1655800
2014-11-14,64.379997,65.269997,64.110001,65.250000,59.165066,1314900
2014-11-17,65.000000,65.400002,64.900002,65.400002,59.301067,1921300
2014-11-18,65.400002,66.230003,65.269997,66.000000,59.845116,1394300
2014-11-19,65.989998,66.139999,65.610001,65.940002,59.790722,1175200
2014-11-20,65.860001,66.110001,65.580002,65.660004,59.536827,1958800
2014-11-21,66.260002,66.470001,65.220001,65.269997,59.183201,2656600
2014-11-24,65.379997,65.970001,65.239998,65.809998,59.672832,1601000
2014-11-25,65.800003,65.870003,65.559998,65.599998,59.482430,1043000
2014-11-26,65.589996,65.879997,65.529999,65.559998,59.446148,842600
2014-11-28,65.199997,66.080002,65.199997,65.720001,59.591232,728900
2014-12-01,65.589996,65.760002,65.419998,65.440002,59.337341,1250300
2014-12-02,65.440002,65.690002,65.269997,65.510002,59.400818,1129200
2014-12-03,65.510002,65.760002,65.239998,65.320000,59.228531,1865200
2014-12-04,65.400002,65.669998,65.089996,65.199997,59.119724,1407200
2014-12-05,65.290001,65.339996,64.730003,65.000000,58.938366,1495300
2014-12-08,65.110001,65.790001,65.040001,65.269997,59.183201,1168600
2014-12-09,64.839996,65.309998,64.410004,65.290001,59.201336,767200
2014-12-10,65.320000,65.320000,63.480000,63.520000,57.596397,1191900
2014-12-11,63.290001,64.339996,63.200001,63.290001,57.696671,1506600
2014-12-12,62.950001,63.279999,62.310001,62.310001,56.803272,2087100
2014-12-15,62.700001,62.980000,61.639999,61.910000,56.438633,1520200
2014-12-16,61.820000,63.029999,61.630001,61.730000,56.274536,1843000
2014-12-17,62.439999,64.120003,62.419998,63.990002,58.334808,1913600
2014-12-18,64.739998,65.120003,64.400002,65.110001,59.355835,1844700
2014-12-19,65.430000,65.830002,64.980003,65.500000,59.711365,3263600
2014-12-22,65.470001,66.529999,65.470001,66.529999,60.650330,1354600
2014-12-23,66.639999,67.110001,66.540001,66.930000,61.014980,1210600
2014-12-24,66.940002,67.699997,66.940002,67.339996,61.388744,705800
2014-12-26,67.430000,67.750000,67.330002,67.489998,61.525494,733700
2014-12-29,67.239998,67.870003,67.139999,67.870003,61.871899,949900
2014-12-30,67.610001,67.980003,67.510002,67.529999,61.561958,980800
2014-12-31,67.540001,67.750000,67.029999,67.080002,61.151730,972800
2015-01-02,67.540001,67.730003,66.360001,66.510002,60.632099,1077900
2015-01-05,66.239998,66.470001,64.959999,65.059998,59.310234,1628800
2015-01-06,65.000000,65.220001,64.110001,64.510002,58.808853,1738500
2015-01-07,65.000000,65.000000,63.930000,64.430000,58.735931,1567600
2015-01-08,64.910004,65.629997,64.879997,65.430000,59.647545,1234800
2015-01-09,65.669998,65.870003,65.099998,65.110001,59.355835,908500
2015-01-12,65.110001,65.250000,62.820000,64.349998,58.662991,5705400
2015-01-13,65.010002,65.680000,63.799999,64.110001,58.444202,3212900
2015-01-14,63.709999,64.070000,63.169998,63.759998,58.125126,1554500
2015-01-15,63.980000,64.339996,63.349998,63.410000,57.806065,1471100
2015-01-16,63.160000,64.080002,63.080002,64.050003,58.389511,1668100
2015-01-20,64.419998,64.639999,63.660000,64.019997,58.362152,1635400
2015-01-21,63.759998,64.419998,63.580002,64.309998,58.626526,1171600
2015-01-22,64.559998,65.559998,64.190002,65.360001,59.583733,970400
2015-01-23,65.400002,66.089996,65.400002,65.480003,59.693123,771200
2015-01-26,65.320000,65.940002,65.129997,65.709999,59.902802,815900
2015-01-27,65.010002,65.379997,64.489998,64.940002,59.200855,974600
2015-01-28,65.459999,65.580002,63.830002,63.840000,58.198063,1003500
2015-01-29,63.750000,63.990002,62.939999,63.830002,58.188942,1459600
2015-01-30,63.529999,63.680000,62.320000,62.410000,56.894436,2298600
2015-02-02,62.740002,62.810001,61.889999,62.810001,57.259098,2801000
2015-02-03,63.139999,64.070000,63.139999,64.010002,58.353039,2474600
2015-02-04,64.150002,65.690002,62.910000,63.939999,58.289227,3794200
2015-02-05,63.849998,64.099998,63.160000,64.000000,58.343925,2375800
2015-02-06,64.010002,65.089996,63.869999,64.660004,58.945595,1587100
2015-02-09,70.110001,70.260002,67.010002,67.779999,61.789856,7313900
2015-02-10,67.620003,68.379997,67.220001,68.220001,62.190979,2444300
2015-02-11,68.180000,68.779999,68.180000,68.570000,62.510048,1592100
2015-02-12,68.870003,70.019997,68.870003,70.000000,63.813656,2193800
2015-02-13,69.989998,70.059998,69.559998,69.910004,63.731617,2294000
2015-02-17,69.669998,70.150002,69.300003,69.790001,63.622231,1880400
2015-02-18,69.639999,69.779999,69.010002,69.120003,63.011436,1587600
2015-02-19,69.379997,69.660004,68.949997,69.029999,62.929379,1893800
2015-02-20,68.940002,69.870003,68.790001,69.830002,63.658684,2353900
2015-02-23,69.849998,69.849998,68.480003,68.629997,62.564739,1415400
2015-02-24,68.540001,68.800003,68.209999,68.529999,62.473591,1138300
2015-02-25,68.480003,68.480003,67.930000,68.019997,62.008644,1416100
2015-02-26,68.110001,68.570000,67.750000,68.470001,62.418873,1554700
2015-02-27,68.290001,68.500000,67.610001,67.940002,61.935715,5007200
2015-03-02,68.000000,69.160004,68.000000,68.889999,62.801758,1490900
2015-03-03,68.660004,69.000000,68.099998,68.139999,62.118053,1197500
2015-03-04,67.790001,67.910004,66.970001,67.639999,61.662243,1351400
2015-03-05,67.910004,68.139999,67.720001,67.930000,61.926617,1053200
2015-03-06,67.570000,67.800003,66.650002,66.820000,60.914711,1313400
2015-03-09,66.820000,67.059998,66.449997,66.570000,60.686794,1295800
2015-03-10,66.239998,66.349998,65.019997,65.330002,59.556381,1971400
2015-03-11,65.330002,65.800003,65.209999,65.309998,59.849636,1330300
2015-03-12,64.720001,65.339996,64.669998,64.959999,59.528881,1657400
2015-03-13,65.010002,65.379997,64.180000,64.800003,59.382267,1557700
2015-03-16,64.959999,66.000000,64.889999,65.860001,60.353649,1032900
2015-03-17,65.449997,65.519997,64.900002,65.320000,59.858784,1226700
2015-03-18,65.080002,67.070000,65.070000,66.650002,61.077587,1437500
2015-03-19,66.449997,67.010002,66.050003,66.339996,60.793522,1383500
2015-03-20,66.540001,67.290001,66.449997,66.830002,61.242550,2748700
2015-03-23,66.760002,67.000000,66.519997,66.519997,60.958454,904800
2015-03-24,66.610001,66.879997,66.220001,66.230003,60.692719,843500
2015-03-25,66.209999,66.220001,65.250000,65.349998,59.886295,1219000
2015-03-26,64.930000,65.559998,64.529999,65.419998,59.950424,957100
2015-03-27,65.389999,65.629997,64.580002,65.379997,59.913780,1213000
2015-03-30,65.849998,66.459999,65.720001,66.389999,60.839336,969000
2015-03-31,66.250000,66.900002,66.139999,66.669998,61.095913,1722900
2015-04-01,66.660004,66.750000,66.070000,66.669998,61.095913,1109400
2015-04-02,66.669998,67.459999,61.150002,62.509998,57.283730,8069900
2015-04-06,62.090000,62.240002,61.459999,61.480000,56.339840,3462600
2015-04-07,61.480000,62.389999,61.279999,61.990002,56.807198,1358000
2015-04-08,61.900002,62.459999,61.500000,62.419998,57.201248,1488300
2015-04-09,62.270000,62.439999,61.799999,62.320000,57.109615,923900
2015-04-10,62.250000,62.590000,62.110001,62.529999,57.302052,900400
2015-04-13,62.529999,62.990002,61.900002,61.970001,56.788876,1257000
2015-04-14,62.009998,62.139999,61.650002,61.910000,56.733894,1286100
2015-04-15,61.959999,62.330002,61.759998,61.820000,56.651409,1273300
2015-04-16,61.709999,62.130001,61.709999,61.860001,56.688080,1936400
2015-04-17,61.509998,61.610001,60.470001,60.680000,55.606724,2097700
2015-04-20,61.020000,61.459999,61.009998,61.160000,56.046593,1424600
2015-04-21,61.340000,61.709999,61.259998,61.430000,56.294022,1273200
2015-04-22,61.610001,61.810001,61.410000,61.590000,56.440647,993900
2015-04-23,61.180000,61.459999,60.840000,60.840000,55.753349,1380600
2015-04-24,61.110001,61.110001,60.180000,60.570000,55.505928,1823400
2015-04-27,60.849998,61.160000,60.470001,60.980000,55.881649,1456300
2015-04-28,60.970001,61.139999,60.380001,60.689999,55.615887,993200
2015-04-29,60.500000,60.689999,59.720001,59.740002,54.745319,1366800
2015-04-30,59.450001,59.840000,59.320000,59.750000,54.754482,1890000
2015-05-01,60.119999,60.369999,60.040001,60.279999,55.240173,1526400
2015-05-04,60.369999,60.770000,60.340000,60.680000,55.606724,993700
2015-05-05,59.619999,60.150002,58.200001,58.590000,53.691471,2343800
2015-05-06,60.340000,60.490002,58.200001,58.750000,53.838085,2316200
2015-05-07,59.290001,60.400002,59.119999,60.009998,54.992744,1862800
2015-05-08,60.560001,61.000000,60.410000,60.590000,55.524258,1040200
2015-05-11,60.470001,60.619999,59.759998,59.799999,54.800304,1216100
2015-05-12,59.430000,59.689999,59.099998,59.419998,54.452072,769100
2015-05-13,59.450001,59.720001,59.220001,59.250000,54.296284,825400
2015-05-14,59.619999,59.900002,59.419998,59.790001,54.791138,906800
2015-05-15,59.790001,59.930000,59.240002,59.299999,54.342098,1300000
2015-05-18,59.220001,60.169998,59.220001,60.119999,55.093548,1630000
2015-05-19,60.349998,60.349998,59.730000,59.799999,54.800304,760500
2015-05-20,59.900002,60.029999,59.610001,59.799999,54.800304,563600
2015-05-21,59.650002,59.939999,59.590000,59.790001,54.791138,650100
2015-05-22,59.490002,59.740002,59.279999,59.660000,54.672005,1049900
2015-05-26,59.400002,59.400002,58.709999,59.110001,54.167984,1095400
2015-05-27,59.349998,59.349998,58.700001,59.060001,54.122162,1571100
2015-05-28,58.959999,59.869999,58.849998,59.630001,54.644520,854600
2015-05-29,59.570000,59.730000,59.000000,59.000000,54.067188,1769300
2015-06-01,59.090000,59.990002,58.860001,59.650002,54.662842,1196000
2015-06-02,59.419998,59.740002,58.950001,59.189999,54.241306,1159000
2015-06-03,59.439999,59.639999,59.119999,59.480000,54.507053,815600
2015-06-04,59.240002,59.580002,58.740002,58.799999,53.883907,677500
2015-06-05,58.869999,58.869999,58.389999,58.610001,53.709797,533400
2015-06-08,58.540001,58.549999,57.889999,58.080002,53.224102,887900
2015-06-09,58.169998,58.290001,57.759998,57.900002,53.059155,852600
2015-06-10,58.060001,58.700001,57.880001,58.490002,53.599827,830700
2015-06-11,58.459999,58.740002,58.230000,58.549999,53.968533,896500
2015-06-12,58.130001,58.189999,57.369999,57.650002,53.138947,1131400
2015-06-15,57.160000,58.060001,56.830002,57.950001,53.415470,1186800
2015-06-16,57.970001,58.349998,57.720001,58.180000,53.627480,947800
2015-06-17,58.369999,58.500000,57.490002,57.970001,53.433918,1060100
2015-06-18,58.000000,58.590000,57.980000,58.389999,53.821049,1212500
2015-06-19,58.220001,58.340000,57.779999,58.049999,53.507656,2303000
2015-06-22,58.240002,59.279999,58.049999,59.220001,54.586094,1238700
2015-06-23,59.509998,59.730000,58.900002,59.119999,54.493919,1085900
2015-06-24,58.930000,59.060001,58.279999,58.290001,53.728874,741600
2015-06-25,58.500000,58.560001,58.049999,58.349998,53.784180,845600
2015-06-26,58.290001,58.459999,57.939999,58.380001,53.811825,4395100
2015-06-29,57.709999,58.090000,57.040001,57.139999,52.668858,1067600
2015-06-30,57.810001,57.810001,57.099998,57.340000,52.853214,1520900
2015-07-01,57.869999,57.869999,57.220001,57.599998,53.092869,827800
2015-07-02,57.730000,57.730000,57.400002,57.509998,53.009907,765200
2015-07-06,56.889999,57.279999,56.779999,57.220001,52.742603,892700
2015-07-07,57.130001,57.639999,56.400002,57.490002,52.991478,1375900
2015-07-08,57.369999,57.580002,56.740002,56.790001,52.346241,1455900
2015-07-09,57.439999,57.529999,56.900002,56.939999,52.484505,1262900
2015-07-10,57.470001,57.660000,57.070000,57.480000,52.982246,914000
2015-07-13,57.900002,58.459999,57.790001,58.430000,53.857918,692300
2015-07-14,58.490002,58.820000,58.389999,58.599998,54.014614,809200
2015-07-15,58.509998,58.980000,58.419998,58.889999,54.281921,1133700
2015-07-16,59.130001,59.340000,59.020000,59.290001,54.650623,846800
2015-07-17,59.310001,59.480000,58.590000,58.849998,54.245052,735500
2015-07-20,59.500000,59.580002,59.000000,59.400002,54.752018,1142600
2015-07-21,59.310001,59.580002,59.090000,59.570000,54.908710,1378300
2015-07-22,59.279999,59.709999,59.209999,59.349998,54.705921,970800
2015-07-23,59.470001,59.500000,58.730000,58.849998,54.245052,818100
2015-07-24,58.799999,59.799999,58.700001,59.500000,54.844193,1315300
2015-07-27,59.330002,59.330002,58.610001,58.709999,54.116009,880200
2015-07-28,58.880001,59.130001,58.340000,59.110001,54.484707,734800
2015-07-29,59.150002,59.730000,58.860001,59.580002,54.917934,680500
2015-07-30,59.500000,59.900002,59.340000,59.860001,55.176014,488200
2015-07-31,59.950001,60.360001,59.759998,60.160000,55.452541,894900
2015-08-03,60.080002,60.080002,59.169998,59.759998,55.083847,948500
2015-08-04,59.689999,60.450001,59.580002,60.220001,55.507851,1457100
2015-08-05,63.419998,65.000000,63.200001,64.040001,59.028938,4174500
2015-08-06,63.910000,64.000000,62.810001,63.799999,58.807724,2489300
2015-08-07,63.650002,64.190002,62.950001,64.190002,59.167210,2231200
2015-08-10,64.470001,64.500000,63.500000,63.990002,58.982853,1527200
2015-08-11,63.689999,63.790001,63.150002,63.349998,58.392933,1228800
2015-08-12,63.099998,64.769997,62.799999,64.599998,59.545124,1810100
2015-08-13,64.519997,64.870003,64.120003,64.339996,59.305458,1058400
2015-08-14,64.250000,65.099998,64.139999,64.980003,59.895386,698400
2015-08-17,64.680000,65.279999,64.300003,65.269997,60.162701,782300
2015-08-18,65.110001,67.169998,65.070000,65.769997,60.623562,2132300
2015-08-19,65.529999,65.930000,65.290001,65.349998,60.236443,1280500
2015-08-20,65.050003,65.089996,63.889999,63.889999,58.890682,1615000
2015-08-21,63.529999,64.139999,62.439999,62.450001,57.563358,2238500
2015-08-24,60.270000,60.910000,59.520000,60.790001,56.033249,3061800
2015-08-25,62.119999,62.169998,60.419998,60.439999,55.710636,2189100
2015-08-26,61.509998,63.240002,60.700001,63.139999,58.199368,3538500
2015-08-27,63.480000,64.559998,63.279999,64.290001,59.259380,2227900
2015-08-28,64.290001,65.190002,64.190002,64.550003,59.499035,2683900
2015-08-31,64.389999,64.889999,64.110001,64.820000,59.747902,2499900
2015-09-01,63.599998,64.480003,63.500000,63.849998,58.853806,4293500
2015-09-02,64.510002,64.750000,64.080002,64.720001,59.655731,6513500
2015-09-03,65.000000,65.470001,64.610001,65.110001,60.015221,6171000
2015-09-04,66.010002,66.360001,65.059998,66.309998,61.121311,11244800
2015-09-08,66.720001,69.709999,66.410004,69.610001,64.163094,4535300
2015-09-09,70.000000,70.260002,68.300003,68.300003,62.955605,4486100
2015-09-10,68.269997,69.629997,68.010002,69.089996,63.683788,3367300
2015-09-11,67.760002,67.930000,66.889999,67.080002,62.136841,4585700
2015-09-14,67.099998,67.379997,66.589996,66.839996,61.914539,2565300
2015-09-15,66.779999,67.699997,66.760002,67.150002,62.201687,3519800
2015-09-16,67.089996,67.730003,67.050003,67.470001,62.498112,1798400
2015-09-17,67.470001,67.760002,66.800003,67.029999,62.090530,2245400
2015-09-18,66.389999,67.699997,66.180000,67.089996,62.146111,2992300
2015-09-21,67.269997,67.940002,66.889999,67.050003,62.109062,1399300
2015-09-22,66.279999,66.660004,66.000000,66.580002,61.673683,1300500
2015-09-23,66.830002,68.059998,66.809998,67.800003,62.803795,1546000
2015-09-24,67.320000,68.010002,66.940002,67.910004,62.905682,2083200
2015-09-25,68.379997,69.389999,68.019997,69.199997,64.100624,2246200
2015-09-28,68.669998,68.989998,67.860001,67.930000,62.924210,2728700
2015-09-29,67.849998,68.050003,67.080002,67.449997,62.479580,2165100
2015-09-30,68.199997,68.970001,68.029999,68.379997,63.341042,4517900
2015-10-01,68.349998,68.599998,67.290001,67.760002,62.766731,2099500
2015-10-02,67.019997,68.410004,66.730003,68.400002,63.359581,1495600
2015-10-05,68.519997,69.820000,68.500000,69.750000,64.610085,2004900
2015-10-06,69.440002,69.769997,68.839996,69.190002,64.091362,1006300
2015-10-07,69.459999,69.879997,69.059998,69.790001,64.647141,1369400
2015-10-08,69.730003,69.910004,69.000000,69.500000,64.378517,1375300
2015-10-09,69.400002,69.739998,68.610001,68.779999,63.711578,1619600
2015-10-12,68.750000,69.650002,68.099998,69.430000,64.313667,1093300
2015-10-13,69.160004,69.610001,68.919998,69.040001,63.952419,869800
2015-10-14,68.930000,69.199997,68.610001,68.699997,63.637478,802600
2015-10-15,69.000000,69.440002,68.940002,69.269997,64.165451,1252100
2015-10-16,69.459999,69.690002,69.099998,69.260002,64.156197,1125000
2015-10-19,68.980003,69.290001,68.760002,69.029999,63.943142,682200
2015-10-20,69.000000,69.830002,68.940002,69.480003,64.359993,1752600
2015-10-21,69.580002,69.849998,69.059998,69.470001,64.350739,1432600
2015-10-22,69.209999,70.980003,69.160004,70.480003,65.286308,1552800
2015-10-23,70.709999,70.769997,70.000000,70.480003,65.286308,1203500
2015-10-26,70.480003,70.559998,69.839996,70.050003,64.887985,1309400
2015-10-27,69.650002,70.180000,69.470001,69.959999,64.804626,993500
2015-10-28,70.199997,70.830002,69.790001,70.370003,65.184395,1023700
2015-10-29,70.169998,70.620003,70.000000,70.129997,64.962082,1095900
2015-10-30,70.169998,70.540001,69.800003,69.970001,64.813873,1614200
2015-11-02,70.050003,70.820000,69.570000,70.730003,65.517876,1411900
2015-11-03,70.629997,71.570000,70.320000,71.360001,66.101456,1337200
2015-11-04,68.099998,69.230003,63.950001,65.239998,60.432438,7152700
2015-11-05,64.900002,67.720001,64.900002,67.400002,62.433266,3080900
2015-11-06,67.529999,68.050003,67.040001,68.010002,62.998318,1209200
2015-11-09,67.919998,68.320000,67.180000,68.199997,63.174309,1734600
2015-11-10,68.089996,68.550003,67.779999,68.339996,63.304008,1481900
2015-11-11,68.559998,70.489998,68.349998,70.019997,64.860184,1312800
2015-11-12,69.739998,69.980003,69.309998,69.440002,64.322960,978500
2015-11-13,69.070000,69.570000,68.370003,69.029999,63.943142,1896100
2015-11-16,68.919998,70.110001,68.650002,70.019997,64.860184,832200
2015-11-17,70.139999,71.190002,69.839996,71.050003,65.814308,1073400
2015-11-18,71.120003,72.000000,70.980003,71.980003,66.675758,1255300
2015-11-19,72.000000,72.970001,71.669998,72.449997,67.111130,1389100
2015-11-20,72.760002,72.809998,72.180000,72.190002,66.870293,1380400
2015-11-23,72.239998,72.519997,71.820000,72.239998,66.916626,988300
2015-11-24,71.559998,72.449997,71.500000,71.959999,66.657249,1038600
2015-11-25,72.160004,72.160004,71.650002,71.830002,66.536819,882000
2015-11-27,71.980003,72.150002,70.980003,72.019997,66.712814,343900
2015-11-30,72.220001,72.220001,71.599998,71.779999,66.490494,1543100
2015-12-01,72.099998,72.320000,71.669998,72.050003,66.740616,1251500
2015-12-02,72.269997,72.440002,71.800003,71.889999,66.592400,760400
2015-12-03,72.129997,72.220001,70.860001,71.080002,65.842079,816600
2015-12-04,71.300003,72.389999,71.300003,72.110001,66.796173,1596500
2015-12-07,71.730003,71.980003,70.279999,70.379997,65.193665,1635100
2015-12-08,69.779999,70.300003,69.260002,69.750000,64.610085,1115300
2015-12-09,69.440002,69.809998,68.730003,69.309998,64.202522,1077500
2015-12-10,69.160004,70.080002,69.089996,69.370003,64.258095,1099700
2015-12-11,68.550003,68.809998,67.849998,68.610001,63.931953,1313600
2015-12-14,68.510002,69.029999,67.889999,68.139999,63.493996,1113400
2015-12-15,68.589996,69.790001,68.430000,69.129997,64.416512,831500
2015-12-16,69.519997,69.889999,68.989998,69.519997,64.779922,947600
2015-12-17,69.800003,70.489998,68.559998,68.559998,63.885361,1079100
2015-12-18,68.260002,68.550003,67.550003,67.580002,62.972191,2089800
2015-12-21,67.760002,68.139999,67.620003,68.029999,63.391510,592300
2015-12-22,68.349998,69.160004,67.900002,68.870003,64.174225,914900
2015-12-23,69.290001,69.419998,68.870003,69.209999,64.491035,373100
2015-12-24,69.239998,69.389999,68.870003,69.059998,64.351280,249500
2015-12-28,68.860001,69.320000,68.680000,69.180000,64.463097,335100
2015-12-29,69.510002,69.779999,69.440002,69.639999,64.891731,416700
2015-12-30,69.559998,69.889999,69.199997,69.300003,64.574921,426400
2015-12-31,69.000000,69.239998,68.449997,68.449997,63.782867,327100
2016-01-04,67.669998,67.669998,66.620003,67.129997,62.552872,910800
2016-01-05,66.500000,67.110001,65.820000,66.389999,61.863327,1242100
2016-01-06,65.570000,66.580002,65.250000,65.430000,60.968781,956400
2016-01-07,64.629997,65.290001,63.540001,64.110001,59.738777,1197200
2016-01-08,64.330002,64.949997,64.000000,64.250000,59.869244,1288500
2016-01-11,64.660004,64.970001,63.860001,64.370003,59.981060,884500
2016-01-12,64.930000,65.050003,63.849998,64.910004,60.484234,1125100
2016-01-13,65.070000,65.150002,63.200001,63.369999,59.049240,877900
2016-01-14,63.660000,63.910000,62.980000,63.110001,58.806969,1204600
2016-01-15,61.799999,62.279999,61.209999,61.590000,57.390606,1290900
2016-01-19,62.299999,62.360001,60.660000,61.130001,56.961975,1444700
2016-01-20,60.380001,60.759998,59.130001,60.360001,56.244476,1247600
2016-01-21,60.400002,61.270000,60.029999,60.820000,56.673107,839000
2016-01-22,61.560001,62.119999,61.410000,62.040001,57.809925,741200
2016-01-25,61.930000,62.869999,61.590000,62.419998,58.164009,881500
2016-01-26,62.509998,63.430000,62.400002,63.160000,58.853554,762400
2016-01-27,63.889999,65.989998,63.470001,64.800003,60.381744,1642400
2016-01-28,64.959999,65.449997,64.379997,64.739998,60.325821,1126400
2016-01-29,65.050003,66.790001,64.730003,66.769997,62.217426,1224600
2016-02-01,66.580002,67.199997,66.220001,66.849998,62.291965,1108300
2016-02-02,66.089996,66.430000,64.010002,64.320000,59.934467,2121200
2016-02-03,64.650002,65.599998,63.849998,64.879997,60.456284,761300
2016-02-04,64.699997,64.910004,63.810001,64.250000,59.869244,930300
2016-02-05,63.990002,64.260002,62.520000,62.820000,58.536747,1082900
2016-02-08,62.220001,62.480000,61.250000,62.090000,57.856514,1105500
2016-02-09,61.490002,63.400002,61.480000,62.240002,57.996284,1223600
2016-02-10,62.720001,63.169998,60.900002,60.970001,56.812881,1081100
2016-02-11,60.189999,60.830002,59.779999,60.520000,56.393555,832800
2016-02-12,61.000000,61.959999,60.680000,61.779999,57.567654,567600
2016-02-16,62.470001,63.459999,62.360001,63.419998,59.095825,771200
2016-02-17,63.930000,65.190002,63.740002,65.050003,60.614697,935500
2016-02-18,65.169998,65.410004,64.669998,64.779999,60.363098,948900
2016-02-19,64.779999,66.059998,64.330002,66.000000,61.499924,1513600
2016-02-22,66.459999,67.129997,66.220001,66.750000,62.198784,1833400
2016-02-23,70.040001,72.709999,69.309998,70.779999,65.954018,4942200
2016-02-24,70.889999,73.000000,70.750000,72.839996,67.873550,3605900
2016-02-25,72.989998,74.180000,72.669998,74.059998,69.010361,2073300
2016-02-26,74.300003,75.809998,74.059998,74.860001,69.755821,2096500
2016-02-29,75.000000,75.269997,72.949997,73.489998,68.479218,4345100
2016-03-01,70.940002,71.680000,69.309998,71.190002,66.336052,7223300
2016-03-02,71.199997,71.339996,70.389999,71.279999,66.419907,2762700
2016-03-03,71.199997,71.580002,70.750000,71.250000,66.391960,4281000
2016-03-04,71.660004,71.750000,70.779999,70.949997,66.112404,2543500
2016-03-07,70.669998,71.190002,70.470001,71.010002,66.168320,2181900
2016-03-08,70.709999,71.449997,70.639999,71.099998,66.252190,1652100
2016-03-09,71.339996,71.830002,71.169998,71.480003,66.606293,1636300
2016-03-10,71.830002,72.629997,70.680000,71.220001,66.364006,2886000
2016-03-11,71.459999,71.750000,70.900002,71.199997,66.729507,2452900
2016-03-14,71.000000,72.000000,70.589996,71.830002,67.319954,2548400
2016-03-15,71.510002,72.639999,71.510002,71.970001,67.451164,2318700
2016-03-16,71.959999,72.410004,71.339996,72.239998,67.704224,1914400
2016-03-17,72.529999,73.769997,72.250000,72.830002,68.257172,2172700
2016-03-18,72.989998,73.029999,72.510002,72.589996,68.032219,1456500
2016-03-21,72.410004,73.309998,71.959999,73.120003,68.528961,2387200
2016-03-22,73.019997,74.040001,72.720001,73.709999,69.081932,2463700
2016-03-23,73.709999,73.709999,72.849998,73.150002,68.557068,1358200
2016-03-24,73.040001,73.040001,72.400002,72.589996,68.032219,1135100
2016-03-28,72.750000,73.910004,72.750000,73.370003,68.763268,1374100
2016-03-29,73.500000,74.389999,73.260002,74.089996,69.438057,783600
2016-03-30,74.500000,75.379997,74.290001,74.889999,70.187820,1490200
2016-03-31,74.779999,75.830002,74.779999,75.699997,70.946968,1480500
2016-04-01,75.300003,76.589996,75.019997,76.110001,71.331230,2105200
2016-04-04,75.400002,76.830002,75.129997,76.320000,71.528061,1951400
2016-04-05,75.970001,76.220001,75.089996,75.709999,70.956345,1647500
2016-04-06,75.930000,76.150002,75.169998,76.089996,71.312485,1422600
2016-04-07,75.769997,75.919998,74.860001,74.989998,70.281540,1045200
2016-04-08,75.519997,75.599998,75.070000,75.239998,70.515854,867300
2016-04-11,75.370003,75.580002,74.760002,74.879997,70.178452,1122300
2016-04-12,75.019997,75.139999,74.599998,75.040001,70.328415,924400
2016-04-13,75.540001,75.580002,75.010002,75.370003,70.637688,1208600
2016-04-14,75.449997,75.669998,74.900002,75.309998,70.581459,791100
2016-04-15,75.180000,75.769997,74.879997,75.639999,70.890739,1136400
2016-04-18,75.360001,75.699997,75.000000,75.690002,70.937614,798700
2016-04-19,75.989998,76.000000,75.529999,75.970001,71.200020,691900
2016-04-20,75.900002,75.900002,74.910004,75.550003,70.806412,993600
2016-04-21,75.400002,75.550003,74.849998,74.989998,70.281540,656200
2016-04-22,74.629997,75.930000,74.629997,75.559998,70.815758,634800
2016-04-25,75.230003,75.750000,75.230003,75.510002,70.768890,599400
2016-04-26,75.500000,76.120003,75.150002,75.900002,71.134407,755100
2016-04-27,75.550003,76.480003,75.239998,76.040001,71.265633,1313300
2016-04-28,75.699997,76.150002,75.169998,75.339996,70.609573,674000
2016-04-29,75.070000,75.300003,74.220001,75.190002,70.468994,986800
2016-05-02,75.470001,76.029999,74.940002,76.000000,71.228142,1022400
2016-05-03,75.629997,75.629997,74.629997,74.959999,70.253433,1234000
2016-05-04,74.220001,74.709999,73.739998,74.220001,69.559906,928700
2016-05-05,74.209999,75.269997,74.070000,74.250000,69.588005,1356100
2016-05-06,71.889999,74.250000,66.510002,70.540001,66.110954,5561100
2016-05-09,70.419998,71.260002,70.000000,70.820000,66.373375,2846000
2016-05-10,70.870003,71.690002,70.620003,71.050003,66.588943,1539700
2016-05-11,71.050003,71.330002,69.970001,70.070000,65.670479,1972800
2016-05-12,70.209999,71.540001,69.660004,71.110001,66.645164,1853500
2016-05-13,70.980003,71.300003,70.379997,70.620003,66.185928,1897500
2016-05-16,70.400002,71.269997,70.070000,70.830002,66.382751,1745600
2016-05-17,70.660004,70.800003,69.860001,69.889999,65.501770,2012700
2016-05-18,69.820000,70.199997,69.050003,69.459999,65.098770,1208900
2016-05-19,69.360001,69.760002,68.290001,68.720001,64.405220,1240600
2016-05-20,69.139999,69.139999,68.610001,68.750000,64.433350,1624000
2016-05-23,68.580002,69.000000,68.489998,68.779999,64.461464,1743600
2016-05-24,68.870003,69.790001,68.870003,69.680000,65.304970,1414300
2016-05-25,69.750000,69.970001,69.330002,69.349998,64.995667,1155400
2016-05-26,69.320000,69.839996,68.959999,69.400002,65.042542,832100
2016-05-27,69.129997,69.510002,68.540001,69.500000,65.136253,1187500
2016-05-31,69.599998,69.720001,68.739998,69.269997,64.920685,3524600
2016-06-01,69.010002,69.449997,68.650002,69.059998,64.723885,1556800
2016-06-02,69.059998,69.160004,68.620003,68.800003,64.480209,2347600
2016-06-03,68.650002,68.779999,67.690002,68.470001,64.170914,4249100
2016-06-06,68.519997,69.050003,68.199997,68.769997,64.452087,2766300
2016-06-07,68.480003,68.650002,67.930000,68.160004,63.880386,3355800
2016-06-08,68.400002,69.320000,68.180000,69.050003,64.714516,2742200
2016-06-09,68.919998,69.250000,68.349998,68.559998,64.255264,1516300
2016-06-10,67.919998,68.050003,67.230003,67.440002,63.205585,2048900
2016-06-13,66.900002,67.910004,66.769997,66.820000,63.007568,2520100
2016-06-14,66.550003,67.459999,66.500000,67.239998,63.403610,1687700
2016-06-15,67.309998,67.900002,67.209999,67.540001,63.686501,4527200
2016-06-16,67.120003,67.870003,67.029999,67.800003,63.931656,2178600
2016-06-17,67.820000,67.919998,67.300003,67.330002,63.488491,3816900
2016-06-20,67.930000,68.589996,67.849998,68.349998,64.450279,3958000
2016-06-21,68.309998,68.419998,67.800003,67.809998,63.941097,1259700
2016-06-22,67.720001,67.930000,67.379997,67.430000,63.582783,1079900
2016-06-23,67.830002,68.160004,67.699997,68.010002,64.129700,1001800
2016-06-24,66.050003,66.449997,64.599998,64.730003,61.036823,4735100
2016-06-27,64.169998,64.169998,62.759998,63.080002,59.480965,2327600
2016-06-28,63.610001,63.810001,62.820000,63.689999,60.056164,2158000
2016-06-29,64.230003,64.650002,63.730000,64.550003,60.867104,1169300
2016-06-30,65.370003,65.980003,64.879997,65.970001,62.206066,1926500
2016-07-01,65.860001,66.459999,65.559998,66.010002,62.243793,1171900
2016-07-05,65.470001,65.470001,64.730003,64.769997,61.074539,939900
2016-07-06,64.419998,65.349998,64.050003,65.300003,61.574295,2213000
2016-07-07,65.190002,65.430000,64.760002,65.050003,61.338570,930200
2016-07-08,65.669998,66.540001,65.500000,66.379997,62.592686,923500
2016-07-11,66.570000,66.739998,66.209999,66.620003,62.819008,983500
2016-07-12,67.260002,67.510002,66.879997,67.400002,63.554485,1181500
2016-07-13,67.669998,67.730003,67.320000,67.459999,63.611069,951400
2016-07-14,67.870003,68.160004,67.470001,67.580002,63.724220,958900
2016-07-15,67.790001,67.790001,67.080002,67.400002,63.554485,928200
2016-07-18,67.400002,68.000000,67.400002,67.550003,63.695923,695900
2016-07-19,67.599998,67.760002,67.099998,67.500000,63.648769,765600
2016-07-20,67.570000,68.019997,67.529999,67.930000,64.054245,979900
2016-07-21,67.830002,68.129997,67.309998,67.550003,63.695923,714700
2016-07-22,67.510002,68.360001,67.470001,68.250000,64.355995,816100
2016-07-25,68.029999,68.339996,67.860001,68.089996,64.205124,566900
2016-07-26,68.150002,68.489998,68.099998,68.419998,64.516296,564500
2016-07-27,68.449997,69.290001,68.209999,69.260002,65.308365,1342700
2016-07-28,69.019997,69.730003,69.010002,69.580002,65.610100,1215400
2016-07-29,69.459999,69.570000,68.989998,69.379997,65.421509,936300
2016-08-01,69.400002,69.699997,69.029999,69.629997,65.657242,871600
2016-08-02,69.419998,69.500000,68.360001,68.839996,64.912323,809200
2016-08-03,68.800003,69.290001,68.559998,69.290001,65.336662,1032100
2016-08-04,69.389999,70.760002,69.339996,70.239998,66.232445,1759200
2016-08-05,70.370003,73.639999,69.809998,73.500000,69.306450,2783800
2016-08-08,73.660004,74.830002,73.500000,73.930000,69.711922,2120100
2016-08-09,74.019997,74.519997,73.800003,74.279999,70.041931,1575000
2016-08-10,74.209999,74.370003,73.889999,74.279999,70.041931,1464000
2016-08-11,74.599998,75.860001,74.480003,75.519997,71.211182,1616300
2016-08-12,75.389999,75.949997,74.510002,74.540001,70.287117,1946100
2016-08-15,74.550003,75.620003,74.309998,75.440002,71.135750,1721000
2016-08-16,75.320000,75.690002,74.790001,75.580002,71.267784,1319800
2016-08-17,75.410004,75.809998,75.080002,75.680000,71.362076,2159200
2016-08-18,75.690002,76.010002,75.540001,75.989998,71.654373,658800
2016-08-19,75.739998,76.480003,75.639999,76.339996,71.984406,795600
2016-08-22,76.070000,76.510002,75.839996,76.489998,72.125862,833400
2016-08-23,76.800003,77.430000,76.629997,76.989998,72.597321,1113100
2016-08-24,76.720001,77.220001,76.500000,77.120003,72.719910,1078300
2016-08-25,76.820000,77.379997,76.779999,77.180000,72.776489,956500
2016-08-26,77.110001,77.860001,76.589996,77.199997,72.795349,776500
2016-08-29,77.199997,77.639999,76.930000,77.290001,72.880211,834500
2016-08-30,77.349998,77.660004,77.150002,77.510002,73.087654,1139600
2016-08-31,77.190002,77.190002,76.680000,76.989998,72.597321,1410300
2016-09-01,76.959999,77.019997,76.050003,76.800003,72.418175,1562700
2016-09-02,77.180000,77.989998,77.059998,77.949997,73.502556,1084700
2016-09-06,77.919998,78.989998,77.510002,78.320000,73.851456,1398100
2016-09-07,78.150002,78.419998,77.860001,78.080002,73.625153,1220100
2016-09-08,77.830002,77.989998,77.360001,77.370003,72.955650,1478700
2016-09-09,77.019997,77.580002,76.559998,76.650002,72.276749,1588100
2016-09-12,76.769997,77.279999,75.900002,77.230003,72.823624,1516400
2016-09-13,76.570000,77.989998,76.029999,76.089996,72.131599,1336000
2016-09-14,75.910004,75.989998,75.250000,75.470001,71.543854,1008000
2016-09-15,75.559998,76.110001,75.529999,76.040001,72.084221,1535400
2016-09-16,75.730003,75.910004,75.370003,75.629997,71.695526,3574200
2016-09-19,75.650002,76.400002,75.480003,75.760002,71.818779,772700
2016-09-20,76.139999,76.239998,75.040001,75.209999,71.297394,715000
2016-09-21,75.209999,75.779999,75.080002,75.730003,71.790344,1268900
2016-09-22,76.250000,76.449997,76.059998,76.190002,72.226418,619700
2016-09-23,76.040001,76.470001,75.970001,76.110001,72.150581,1275800
2016-09-26,75.720001,76.160004,75.610001,75.949997,71.998894,611600
2016-09-27,75.949997,76.440002,75.730003,76.320000,72.349648,1134900
2016-09-28,76.290001,76.959999,76.160004,76.790001,72.795197,1100100
2016-09-29,76.459999,77.370003,76.160004,77.209999,73.193329,1839400
2016-09-30,77.489998,77.500000,76.050003,76.279999,72.311737,1806300
2016-10-03,75.980003,76.389999,75.169998,75.250000,71.335312,1055400
2016-10-04,75.129997,75.599998,74.010002,74.419998,70.548492,978100
2016-10-05,74.699997,74.940002,74.120003,74.349998,70.482124,1084400
2016-10-06,74.339996,74.779999,74.050003,74.639999,70.757042,627000
2016-10-07,74.790001,74.790001,73.739998,74.480003,70.605362,683000
2016-10-10,74.889999,74.989998,74.400002,74.669998,70.785477,501100
2016-10-11,74.660004,74.699997,73.089996,73.500000,69.676346,874200
2016-10-12,74.209999,74.970001,73.550003,73.760002,69.922821,1578500
2016-10-13,73.550003,73.550003,72.300003,73.059998,69.259239,1231400
2016-10-14,73.529999,74.050003,73.339996,73.580002,69.752190,766100
2016-10-17,73.660004,73.980003,73.089996,73.129997,69.325592,792700
2016-10-18,73.790001,74.199997,73.680000,73.800003,69.960754,477700
2016-10-19,74.029999,74.199997,73.430000,73.800003,69.960754,671000
2016-10-20,73.750000,73.940002,73.400002,73.570000,69.742706,510200
2016-10-21,73.110001,73.690002,72.980003,73.620003,69.790115,585800
2016-10-24,74.110001,74.910004,73.870003,74.489998,70.614838,591600
2016-10-25,74.489998,74.529999,73.739998,74.160004,70.302032,946300
2016-10-26,74.070000,74.410004,73.550003,73.580002,69.752190,651700
2016-10-27,73.669998,73.930000,73.220001,73.480003,69.657394,1016100
2016-10-28,73.559998,74.230003,72.750000,72.830002,69.041206,1036800
2016-10-31,72.709999,73.040001,72.050003,72.580002,68.804214,1020100
2016-11-01,72.900002,72.970001,71.820000,72.320000,68.557739,648400
2016-11-02,72.290001,72.750000,71.510002,71.570000,67.846756,1075900
2016-11-03,71.709999,72.300003,71.239998,71.290001,67.581329,1308400
2016-11-04,72.559998,76.019997,72.540001,75.900002,71.951492,2657200
2016-11-07,76.779999,77.739998,76.639999,77.709999,73.667343,1407500
2016-11-08,77.830002,79.080002,77.519997,78.559998,74.473099,1517000
2016-11-09,77.459999,79.440002,77.089996,78.959999,74.852310,1345000
2016-11-10,79.300003,79.830002,78.570000,79.190002,75.070343,918900
2016-11-11,79.129997,80.500000,79.010002,80.379997,76.198433,1340500
2016-11-14,80.500000,81.370003,80.459999,80.599998,76.406990,1141200
2016-11-15,80.900002,81.830002,80.690002,81.800003,77.544563,1390200
2016-11-16,81.790001,82.199997,80.489998,80.510002,76.321663,1395200
2016-11-17,80.389999,81.430000,79.930000,80.349998,76.169991,1262100
2016-11-18,80.599998,80.599998,79.879997,79.980003,75.819244,724800
2016-11-21,80.209999,80.400002,79.070000,79.830002,75.677055,1203000
2016-11-22,80.040001,80.639999,79.589996,80.309998,76.132072,1083700
2016-11-23,80.360001,81.010002,80.000000,80.260002,76.084679,1133800
2016-11-25,80.250000,81.199997,80.250000,80.980003,76.767220,392800
2016-11-28,80.820000,81.070000,80.550003,80.860001,76.653465,769000
2016-11-29,80.660004,81.300003,80.650002,81.110001,76.890472,674100
2016-11-30,81.120003,81.199997,80.099998,80.250000,76.075203,1589500
2016-12-01,80.250000,80.849998,78.809998,79.190002,75.070343,1158500
2016-12-02,79.160004,79.680000,78.699997,79.500000,75.364204,948800
2016-12-05,79.849998,80.919998,79.320000,80.919998,76.710350,1568600
2016-12-06,81.190002,82.269997,80.790001,82.220001,77.942703,1258500
2016-12-07,82.339996,83.279999,82.050003,83.269997,78.938080,1241000
2016-12-08,83.320000,83.570000,82.650002,83.300003,78.966537,756700
2016-12-09,83.309998,83.430000,82.639999,82.790001,78.483047,686400
2016-12-12,82.629997,82.739998,81.949997,82.599998,78.302948,913200
2016-12-13,82.239998,83.900002,82.089996,83.239998,79.361221,642000
2016-12-14,83.349998,83.720001,82.709999,82.900002,79.037064,641400
2016-12-15,82.900002,83.949997,82.559998,83.459999,79.570969,714400
2016-12-16,83.680000,83.860001,82.989998,83.400002,79.513771,1613200
2016-12-19,83.339996,84.269997,82.610001,83.930000,80.019058,739400
2016-12-20,84.099998,84.410004,83.599998,83.760002,79.857002,532700
2016-12-21,83.860001,87.550003,83.709999,84.000000,80.085808,2054400
2016-12-22,84.120003,84.440002,83.260002,83.720001,79.818863,639400
2016-12-23,83.620003,83.800003,83.209999,83.410004,79.523300,399900
2016-12-27,83.410004,84.070000,83.389999,83.519997,79.628174,477000
2016-12-28,83.599998,83.730003,82.739998,82.860001,78.998932,329800
2016-12-29,82.849998,83.470001,82.540001,82.870003,79.008446,414400
2016-12-30,83.169998,83.339996,82.570000,82.889999,79.027527,500500
2017-01-03,83.389999,83.919998,83.019997,83.599998,79.704453,1029000
2017-01-04,83.550003,83.930000,83.120003,83.489998,79.599579,778200
2017-01-05,83.239998,83.629997,82.000000,82.639999,78.789177,734700
2017-01-06,82.879997,83.410004,82.510002,82.889999,79.027527,587700
2017-01-09,82.889999,83.110001,82.580002,83.019997,79.151466,853300
2017-01-10,82.959999,83.080002,82.129997,82.629997,78.779640,626900
2017-01-11,82.300003,82.910004,82.300003,82.879997,79.017998,522300
2017-01-12,82.610001,82.610001,81.629997,82.180000,78.350609,624400
2017-01-13,82.389999,83.089996,82.070000,82.269997,78.436424,542500
2017-01-17,81.809998,82.099998,80.570000,80.730003,76.968193,865700
2017-01-18,80.970001,81.680000,80.550003,81.650002,77.845329,708800
2017-01-19,81.690002,82.260002,81.279999,81.860001,78.045532,566700
2017-01-20,82.070000,82.510002,81.830002,82.360001,78.522240,616400
2017-01-23,82.639999,83.500000,81.949997,82.440002,78.598503,855700
2017-01-24,82.580002,84.820000,82.320000,84.349998,80.419502,1126400
2017-01-25,84.690002,85.440002,84.489998,85.290001,81.315697,994800
2017-01-26,85.110001,85.290001,83.349998,83.360001,79.475639,1298400
2017-01-27,83.379997,83.379997,81.680000,82.980003,79.113350,1237800
2017-01-30,82.389999,83.070000,81.180000,81.699997,77.892990,1685600
2017-01-31,81.349998,81.699997,79.900002,80.709999,76.949104,1381200
2017-02-01,81.160004,81.779999,79.750000,80.029999,76.300804,1528100
2017-02-02,79.860001,81.059998,79.629997,81.000000,77.225616,1961600
2017-02-03,82.930000,83.750000,78.949997,81.599998,77.797638,3440200
2017-02-06,81.370003,82.309998,80.199997,81.730003,77.921608,3032600
2017-02-07,81.720001,81.980003,76.919998,77.339996,73.736145,11475000
2017-02-08,77.820000,79.449997,77.820000,78.250000,74.603745,2484800
2017-02-09,78.500000,78.779999,77.750000,77.809998,74.184242,1740400
2017-02-10,77.900002,78.519997,77.230003,78.370003,74.718163,1596100
2017-02-13,78.790001,79.389999,78.419998,78.480003,74.823029,1412600
2017-02-14,78.269997,78.699997,77.919998,78.680000,75.013695,1271200
2017-02-15,78.610001,79.589996,78.370003,79.400002,75.700172,1379400
2017-02-16,79.470001,79.599998,78.440002,78.660004,74.994637,1131000
2017-02-17,78.419998,79.360001,78.230003,79.309998,75.614349,796300
2017-02-21,79.230003,80.419998,79.199997,80.150002,76.415207,1073200
2017-02-22,80.070000,80.790001,79.610001,79.650002,75.938507,994300
2017-02-23,80.010002,80.360001,78.769997,79.360001,75.662025,1071300
2017-02-24,78.970001,80.330002,78.419998,80.269997,76.529610,1118900
2017-02-27,80.250000,80.379997,79.190002,79.279999,75.585747,874400
2017-02-28,79.000000,79.550003,78.910004,78.970001,75.290199,1427000
2017-03-01,79.769997,80.269997,78.980003,79.980003,76.253136,1158000
2017-03-02,79.730003,80.099998,79.070000,80.019997,76.291275,903800
2017-03-03,80.019997,80.720001,79.570000,80.550003,76.796570,1051100
2017-03-06,79.970001,80.300003,79.690002,79.970001,76.243591,1292000
2017-03-07,79.650002,80.169998,78.750000,79.660004,75.948044,1459900
2017-03-08,79.760002,80.510002,79.639999,80.199997,76.462875,1408600
2017-03-09,80.129997,81.389999,80.019997,81.370003,77.578362,1209700
2017-03-10,81.279999,82.449997,81.279999,82.099998,78.274345,1221400
2017-03-13,81.629997,82.120003,81.120003,81.650002,78.293526,1213400
2017-03-14,81.400002,83.860001,81.199997,83.360001,79.933220,2022800
2017-03-15,83.459999,85.430000,83.449997,85.239998,81.735947,1927900
2017-03-16,85.339996,86.230003,84.800003,85.150002,81.649635,1755800
2017-03-17,85.300003,85.750000,84.669998,84.720001,81.237320,1485100
2017-03-20,84.529999,84.769997,83.650002,84.300003,80.834595,1277500
2017-03-21,86.750000,87.000000,83.559998,83.760002,80.316788,2523400
2017-03-22,84.129997,84.889999,83.290001,83.589996,80.153778,1868700
2017-03-23,83.529999,84.250000,83.410004,83.739998,80.297600,1253100
2017-03-24,83.959999,84.300003,83.389999,83.669998,80.230484,929700
2017-03-27,83.150002,84.199997,82.750000,84.000000,80.546921,847000
2017-03-28,84.000000,84.480003,83.779999,84.000000,80.546921,851200
2017-03-29,84.000000,84.370003,83.900002,84.129997,80.671577,994500
2017-03-30,84.129997,84.930000,84.099998,84.870003,81.381157,1180100
2017-03-31,84.599998,86.510002,84.389999,86.220001,82.675659,2114100
2017-04-03,86.220001,86.389999,84.519997,84.830002,81.342789,1253900
2017-04-04,84.379997,85.099998,84.250000,84.519997,81.045547,1216000
2017-04-05,84.779999,85.190002,83.680000,83.830002,80.383919,1022300
2017-04-06,83.900002,84.760002,83.379997,84.199997,80.738693,665200
2017-04-07,84.169998,84.580002,83.690002,84.250000,80.786644,1059200
2017-04-10,84.320000,84.379997,83.669998,83.709999,80.268837,555400
2017-04-11,83.680000,83.680000,83.050003,83.449997,80.019531,801800
2017-04-12,83.400002,83.470001,82.489998,82.839996,79.434593,753000
2017-04-13,83.000000,83.150002,82.290001,82.339996,78.955139,827000
2017-04-17,82.529999,83.139999,82.459999,83.080002,79.664734,596800
2017-04-18,82.849998,83.180000,82.480003,82.639999,79.242821,636400
2017-04-19,82.730003,83.480003,82.730003,83.370003,79.942810,712700
2017-04-20,83.680000,84.250000,83.389999,84.099998,80.642807,638300
2017-04-21,84.019997,84.080002,83.589996,83.720001,80.278419,761400
2017-04-24,84.769997,84.970001,84.320000,84.720001,81.237320,538400
2017-04-25,84.769997,85.639999,84.769997,85.389999,81.879776,754200
2017-04-26,85.459999,85.980003,85.300003,85.379997,81.870193,578700
2017-04-27,85.470001,86.209999,85.410004,86.070000,82.531815,523700
2017-04-28,86.110001,86.169998,85.309998,85.970001,82.435936,1087100
2017-05-01,86.269997,86.629997,85.879997,86.160004,82.618134,735300
2017-05-02,86.269997,86.459999,85.400002,85.919998,82.387993,825800
2017-05-03,85.639999,86.379997,85.639999,86.370003,82.819504,676700
2017-05-04,86.320000,86.790001,85.400002,86.099998,82.560593,908400
2017-05-05,87.430000,87.690002,83.599998,84.440002,80.968834,2176700
2017-05-08,84.300003,84.580002,83.110001,83.589996,80.153778,1776900
2017-05-09,83.599998,84.790001,83.480003,84.769997,81.285255,1100400
2017-05-10,84.629997,85.769997,84.040001,85.769997,82.244141,1256300
2017-05-11,85.339996,86.970001,84.529999,85.360001,81.851013,928600
2017-05-12,85.050003,85.269997,84.190002,84.209999,80.748299,657800
2017-05-15,84.500000,84.989998,84.320000,84.480003,81.007187,589100
2017-05-16,84.389999,84.720001,83.599998,83.699997,80.259247,1135000
2017-05-17,83.699997,83.699997,81.580002,81.849998,78.485298,1327000
2017-05-18,81.220001,81.699997,80.680000,80.830002,77.507225,1302300
2017-05-19,81.050003,81.199997,79.629997,80.830002,77.507225,1571300
2017-05-22,81.949997,83.129997,81.629997,82.930000,79.520905,1475800
2017-05-23,82.930000,82.930000,81.779999,82.110001,78.734612,980300
2017-05-24,82.050003,82.349998,80.970001,82.220001,78.840096,941800
2017-05-25,82.669998,83.220001,81.889999,82.269997,78.888023,1346200
2017-05-26,82.279999,82.720001,81.669998,81.860001,78.494904,952900
2017-05-30,82.809998,83.930000,82.239998,82.830002,79.425018,1317000
2017-05-31,82.870003,83.599998,82.430000,83.570000,80.134605,2092500
2017-06-01,83.949997,85.650002,83.489998,85.639999,82.119507,1490800
2017-06-02,85.580002,86.790001,85.199997,86.620003,83.059204,1318800
2017-06-05,86.589996,87.449997,86.379997,87.309998,83.720848,1077400
2017-06-06,87.209999,87.959999,86.519997,87.459999,83.864670,1001900
2017-06-07,87.779999,87.970001,85.669998,86.180000,82.637314,1151600
2017-06-08,86.180000,86.739998,85.209999,86.650002,83.087982,834200
2017-06-09,86.750000,87.769997,85.389999,86.169998,82.627708,1173800
2017-06-12,85.739998,86.209999,85.099998,86.110001,82.570183,1638300
2017-06-13,86.300003,86.889999,85.639999,86.040001,82.955849,1200000
2017-06-14,86.029999,86.029999,84.500000,84.870003,81.827789,875800
2017-06-15,84.290001,84.660004,83.860001,84.449997,81.422836,993400
2017-06-16,84.660004,84.919998,84.300003,84.720001,81.683167,1172300
2017-06-19,85.050003,86.300003,84.919998,86.199997,83.110100,783000
2017-06-20,86.000000,86.029999,85.410004,85.739998,82.666603,730800
2017-06-21,86.070000,86.379997,85.820000,86.239998,83.148659,1100200
2017-06-22,86.250000,87.699997,85.949997,87.360001,84.228523,1038900
2017-06-23,87.410004,88.760002,87.080002,88.639999,85.462646,1641400
2017-06-26,88.750000,89.150002,88.389999,88.419998,85.250534,758200
2017-06-27,88.559998,88.790001,87.720001,87.720001,84.575623,792000
2017-06-28,88.160004,88.669998,87.809998,88.129997,84.970917,1108300
2017-06-29,88.089996,88.300003,86.190002,86.800003,83.688591,1436700
2017-06-30,87.000000,87.559998,86.680000,86.739998,83.630745,1229300
2017-07-03,86.989998,87.279999,86.669998,86.680000,83.572906,472300
2017-07-05,86.830002,87.220001,86.419998,86.830002,83.717529,815200
2017-07-06,86.699997,86.709999,85.589996,85.959999,82.878708,860700
2017-07-07,86.349998,87.599998,86.290001,87.309998,84.180321,617400
2017-07-10,86.839996,87.599998,86.839996,87.230003,84.103180,548500
2017-07-11,87.379997,87.779999,86.680000,87.650002,84.508125,479900
2017-07-12,88.199997,88.790001,87.910004,88.650002,85.472282,581500
2017-07-13,88.580002,88.910004,88.059998,88.330002,85.163750,683400
2017-07-14,88.239998,88.650002,87.769997,88.610001,85.433723,460700
2017-07-17,88.430000,88.550003,88.059998,88.279999,85.115547,444700
2017-07-18,88.089996,88.470001,87.500000,88.449997,85.279442,540400
2017-07-19,88.809998,90.000000,88.519997,89.779999,86.561783,726400
2017-07-20,89.779999,89.989998,89.220001,89.959999,86.735321,531500
2017-07-21,89.989998,91.419998,89.639999,90.519997,87.275246,1081500
2017-07-24,90.510002,91.080002,90.150002,90.669998,87.419876,552600
2017-07-25,90.889999,91.500000,90.650002,91.389999,88.114059,669400
2017-07-26,91.510002,92.190002,91.230003,91.839996,88.547928,686800
2017-07-27,91.989998,92.320000,91.379997,92.209999,88.904671,732500
2017-07-28,91.989998,92.669998,91.000000,91.010002,87.747688,1015400
2017-07-31,91.220001,91.449997,89.739998,90.680000,87.429527,1004700
2017-08-01,91.050003,92.169998,90.900002,91.949997,88.653992,726200
2017-08-02,91.900002,91.989998,90.309998,90.430000,87.188477,646400
2017-08-03,90.510002,91.349998,90.209999,90.400002,87.159561,971400
2017-08-04,91.589996,93.750000,89.629997,90.370003,87.130630,2085500
2017-08-07,90.349998,90.349998,88.639999,89.199997,86.002563,1307000
2017-08-08,89.180000,89.480003,88.300003,88.580002,85.404793,989000
2017-08-09,88.129997,88.529999,87.699997,88.510002,85.337311,773400
2017-08-10,87.849998,88.169998,86.970001,86.989998,83.871788,901000
2017-08-11,87.150002,88.320000,86.959999,87.480003,84.344223,806000
2017-08-14,88.110001,88.879997,88.000000,88.599998,85.424065,683400
2017-08-15,88.720001,88.870003,87.900002,87.919998,84.768456,895900
2017-08-16,88.050003,88.620003,86.440002,88.190002,85.028786,1548700
2017-08-17,87.639999,88.410004,87.080002,87.129997,84.006767,1292000
2017-08-18,86.989998,88.459999,86.349998,87.370003,84.238167,1185300
2017-08-21,86.709999,87.639999,85.680000,87.199997,84.074257,1406300
2017-08-22,87.449997,87.500000,86.029999,86.410004,83.312592,1275800
2017-08-23,86.160004,87.459999,85.150002,86.209999,83.119743,3547300
2017-08-24,86.440002,86.709999,85.910004,86.510002,83.408997,870100
2017-08-25,86.760002,87.470001,86.440002,86.879997,83.765732,872800
2017-08-28,87.019997,87.959999,87.019997,87.300003,84.170685,725900
2017-08-29,86.889999,87.199997,86.559998,86.940002,83.823586,880800
2017-08-30,86.980003,87.730003,86.519997,87.660004,84.517769,572500
2017-08-31,87.900002,88.330002,87.570000,88.120003,84.961281,1269400
2017-09-01,88.339996,88.389999,87.620003,87.870003,84.720245,620400
2017-09-05,87.580002,87.889999,86.320000,86.660004,83.553604,637200
2017-09-06,86.660004,86.699997,85.379997,85.720001,82.647316,1085400
2017-09-07,85.790001,86.449997,85.110001,86.349998,83.254730,1006400
2017-09-08,86.099998,86.160004,85.050003,85.120003,82.068825,1583200
2017-09-11,85.669998,87.400002,85.349998,87.010002,83.891083,1008400
2017-09-12,87.230003,87.930000,86.620003,87.739998,84.594894,834100
2017-09-13,87.489998,87.489998,85.919998,85.970001,82.888351,762500
2017-09-14,85.190002,85.690002,84.430000,84.580002,81.996445,957300
2017-09-15,84.589996,85.540001,84.279999,85.480003,82.868965,1799100
2017-09-18,85.760002,85.930000,85.290001,85.480003,82.868965,1005700
2017-09-19,85.769997,86.000000,85.269997,85.839996,83.217964,771600
2017-09-20,85.980003,86.000000,84.910004,85.650002,83.033775,614600
2017-09-21,85.570000,85.629997,84.720001,84.989998,82.393929,470900
2017-09-22,84.930000,85.040001,84.180000,84.290001,81.715309,746000
2017-09-25,84.139999,84.389999,83.139999,83.500000,80.949448,520600
2017-09-26,83.650002,83.809998,82.860001,83.019997,80.484108,748100
2017-09-27,83.349998,84.449997,83.110001,84.099998,81.531113,877500
2017-09-28,83.769997,84.260002,83.589996,83.690002,81.133644,677200
2017-09-29,83.919998,84.870003,83.610001,84.870003,82.277588,953700
2017-10-02,84.739998,85.839996,84.559998,85.839996,83.217964,1039600
2017-10-03,85.739998,85.790001,85.260002,85.690002,83.072540,604100
2017-10-04,85.800003,86.010002,85.459999,85.639999,83.024071,572500
2017-10-05,85.669998,86.540001,85.599998,86.000000,83.373070,749100
2017-10-06,86.900002,89.690002,86.750000,89.440002,86.708000,2118200
2017-10-09,89.699997,90.050003,88.919998,89.099998,86.378380,991300
2017-10-10,89.540001,89.720001,88.760002,89.080002,86.358994,824100
2017-10-11,89.169998,89.500000,88.779999,89.260002,86.533501,570300
2017-10-12,89.190002,90.230003,88.889999,89.800003,87.056999,725600
2017-10-13,90.000000,90.160004,89.510002,89.930000,87.183029,681000
2017-10-16,89.930000,90.019997,89.279999,89.360001,86.630447,583400
2017-10-17,89.089996,89.300003,88.529999,88.879997,86.165100,589100
2017-10-18,89.150002,89.190002,88.059998,89.089996,86.368698,720200
2017-10-19,88.849998,90.070000,88.709999,89.650002,86.911591,611700
2017-10-20,90.370003,90.669998,89.639999,90.000000,87.250893,1136000
2017-10-23,90.349998,90.430000,89.790001,89.940002,87.192741,563200
2017-10-24,90.000000,90.879997,89.699997,90.230003,87.473877,466700
2017-10-25,89.970001,90.500000,89.650002,90.050003,87.299370,572100
2017-10-26,90.129997,90.430000,89.309998,90.279999,87.522339,410600
2017-10-27,90.449997,91.790001,90.019997,91.190002,88.404549,701100
2017-10-30,91.070000,91.169998,90.160004,90.370003,87.609589,725600
2017-10-31,90.320000,90.800003,90.029999,90.540001,87.774406,750500
2017-11-01,91.139999,91.739998,90.160004,90.559998,87.793770,789800
2017-11-02,90.330002,90.599998,89.820000,90.019997,87.270279,1058400
2017-11-03,91.519997,94.940002,90.400002,94.250000,91.371078,1576900
2017-11-06,94.019997,94.059998,92.190002,92.430000,89.606659,1385600
2017-11-07,92.400002,92.650002,91.680000,92.110001,89.296440,678900
2017-11-08,91.989998,93.110001,91.400002,92.660004,89.829651,672900
2017-11-09,92.000000,92.110001,91.260002,91.610001,88.811714,627800
2017-11-10,91.279999,92.000000,91.000000,91.070000,88.288200,584900
2017-11-13,90.599998,91.760002,90.599998,91.370003,88.579056,782200
2017-11-14,90.870003,91.180000,90.250000,91.019997,88.239731,760700
2017-11-15,90.980003,91.620003,90.209999,90.389999,87.628983,807500
2017-11-16,90.620003,91.209999,90.050003,90.970001,88.191269,947300
2017-11-17,90.599998,91.449997,90.419998,90.949997,88.171883,1161900
2017-11-20,91.370003,92.690002,91.260002,92.330002,89.509720,500300
2017-11-21,92.589996,93.430000,92.370003,92.449997,89.626045,1040200
2017-11-22,92.599998,92.599998,91.209999,91.830002,89.024994,508600
2017-11-24,92.040001,92.599998,91.989998,92.360001,89.538803,235000
2017-11-27,92.610001,93.239998,92.320000,92.879997,90.042915,519000
2017-11-28,93.129997,94.629997,93.099998,94.529999,91.642517,909100
2017-11-29,94.389999,94.959999,94.000000,94.169998,91.293518,793100
2017-11-30,94.300003,94.660004,93.820000,94.110001,91.235359,854400
2017-12-01,94.000000,94.180000,92.110001,93.029999,90.188347,1004400
2017-12-04,93.440002,94.000000,93.139999,93.629997,90.770004,1308700
2017-12-05,93.120003,93.790001,90.510002,90.660004,87.890732,1428500
2017-12-06,90.449997,91.879997,90.250000,91.290001,88.501488,743700
2017-12-07,91.089996,93.959999,90.860001,92.800003,89.965370,2148100
2017-12-08,93.470001,93.730003,92.169998,92.519997,89.693909,1231900
2017-12-11,92.320000,92.760002,91.940002,92.330002,89.509720,1231300
2017-12-12,92.419998,93.949997,91.820000,93.370003,90.517952,872800
2017-12-13,93.309998,94.690002,93.000000,93.940002,91.070549,907200
2017-12-14,93.800003,93.800003,92.080002,92.199997,89.881226,1052300
2017-12-15,92.620003,93.879997,92.230003,93.150002,90.807335,1438900
2017-12-18,93.269997,94.680000,93.269997,94.489998,92.113632,1566700
2017-12-19,94.699997,95.300003,93.260002,93.279999,90.934052,1781300
2017-12-20,93.589996,93.769997,92.000000,92.099998,89.783730,1041400
2017-12-21,92.180000,92.720001,91.360001,91.620003,89.315811,814100
2017-12-22,91.620003,91.629997,90.639999,90.760002,88.477440,559100
2017-12-26,90.820000,91.070000,90.330002,90.669998,88.389694,609100
2017-12-27,90.650002,90.919998,90.010002,90.800003,88.516434,555500
2017-12-28,90.959999,91.449997,89.919998,90.570000,88.292213,1095700
2017-12-29,90.800003,90.930000,90.040001,90.339996,88.068001,630600
2018-01-02,90.839996,91.139999,90.050003,90.550003,88.272728,800400
2018-01-03,90.470001,90.580002,89.180000,89.910004,87.648811,1591200
2018-01-04,89.889999,91.620003,89.889999,90.660004,88.379951,1295900
2018-01-05,91.209999,91.980003,90.690002,91.879997,89.569267,679600
2018-01-08,91.680000,92.849998,91.599998,92.820000,90.485626,727700
2018-01-09,93.000000,93.480003,91.930000,92.120003,89.803246,814300
2018-01-10,91.959999,92.709999,91.720001,92.379997,90.056694,537000
2018-01-11,92.330002,93.629997,92.139999,93.550003,91.197273,811900
2018-01-12,94.980003,97.180000,94.650002,96.570000,94.141319,1874900
2018-01-16,97.099998,97.120003,95.279999,95.860001,93.449173,1192700
2018-01-17,96.449997,97.699997,96.349998,97.279999,94.833466,708400
2018-01-18,97.410004,97.650002,96.839996,97.500000,95.047928,1061300
2018-01-19,97.980003,98.269997,97.449997,97.800003,95.340393,1069800
2018-01-22,98.220001,98.269997,97.019997,97.330002,94.882210,976200
2018-01-23,97.330002,97.330002,96.370003,96.760002,94.326538,808700
2018-01-24,97.150002,97.260002,95.760002,95.839996,93.429672,837200
2018-01-25,96.739998,98.190002,96.379997,97.680000,95.223404,1117500
2018-01-26,98.110001,99.000000,97.930000,99.000000,96.510208,976300
2018-01-29,99.110001,100.800003,99.010002,99.180000,96.685684,986100
2018-01-30,98.879997,99.930000,98.339996,99.800003,97.290085,906500
2018-01-31,99.860001,100.260002,98.860001,99.459999,96.958633,887900
2018-02-01,99.489998,99.980003,97.680000,99.120003,96.627190,1483400
2018-02-02,100.849998,107.779999,100.580002,103.870003,101.257736,4455900
2018-02-05,103.550003,106.000000,101.059998,101.059998,98.518402,3017100
2018-02-06,99.660004,103.180000,99.040001,102.760002,100.175644,3183300
2018-02-07,102.779999,104.160004,102.339996,102.629997,100.048912,2096200
2018-02-08,102.949997,103.000000,98.720001,98.739998,96.256744,2042600
2018-02-09,99.510002,100.320000,96.940002,99.129997,96.636948,3309500
2018-02-12,99.820000,102.010002,99.639999,101.300003,98.752365,1243500
2018-02-13,100.839996,102.089996,100.199997,101.940002,99.376274,1024500
2018-02-14,101.620003,105.220001,101.300003,105.019997,102.378807,1658500
2018-02-15,105.639999,106.370003,104.620003,106.129997,103.460892,1694000
2018-02-16,105.830002,107.080002,105.010002,105.910004,103.246422,1075500
2018-02-20,105.260002,106.970001,104.839996,105.750000,103.090446,1420200
2018-02-21,106.099998,106.650002,104.970001,104.989998,102.349556,1114700
2018-02-22,105.330002,106.250000,104.269997,104.730003,102.096107,1131900
2018-02-23,105.430000,107.110001,105.269997,106.730003,104.045799,1226600
2018-02-26,107.150002,107.290001,106.269997,106.820000,104.133537,973400
2018-02-27,106.989998,107.639999,106.220001,106.620003,103.938568,1206000
2018-02-28,106.720001,107.779999,106.150002,106.150002,103.480385,1066000
2018-03-01,107.169998,107.529999,105.250000,106.320000,103.646126,1335200
2018-03-02,105.669998,106.610001,105.300003,106.290001,103.616867,818200
2018-03-05,106.089996,107.949997,105.589996,107.269997,104.572212,957400
2018-03-06,107.589996,108.750000,107.320000,108.379997,105.654305,955400
2018-03-07,107.570000,109.180000,107.570000,108.839996,106.102737,899000
2018-03-08,109.199997,109.230003,107.370003,108.470001,105.742043,888300
2018-03-09,108.500000,109.489998,108.230003,109.089996,106.346443,1629100
2018-03-12,109.120003,109.419998,108.529999,108.849998,106.112488,1327900
2018-03-13,109.239998,110.290001,108.639999,109.220001,106.473183,1425900
2018-03-14,109.430000,109.739998,108.550003,108.949997,106.718056,933500
2018-03-15,108.949997,109.489998,108.519997,108.800003,106.571136,930100
2018-03-16,109.000000,109.820000,108.620003,108.830002,106.600517,1290500
2018-03-19,108.320000,109.040001,107.720001,108.750000,106.522156,1027900
2018-03-20,109.050003,109.830002,108.730003,109.389999,107.149048,1077100
2018-03-21,109.029999,109.790001,108.849998,109.089996,106.855186,1070300
2018-03-22,108.309998,108.769997,107.129997,107.199997,105.003906,1031300
2018-03-23,107.529999,107.809998,104.279999,104.279999,102.143723,975700
2018-03-26,105.580002,106.480003,104.949997,105.790001,103.622803,1286400
2018-03-27,106.349998,107.120003,105.279999,105.930000,103.759933,2009800
2018-03-28,105.669998,106.379997,103.919998,103.959999,101.830276,867900
2018-03-29,104.489998,105.849998,104.059998,105.300003,103.142838,920500
2018-04-02,105.010002,105.720001,103.180000,104.519997,102.378815,1445100
2018-04-03,105.269997,106.419998,104.400002,104.930000,102.780418,1325200
2018-04-04,103.779999,106.419998,103.680000,106.070000,103.897064,1603100
2018-04-05,106.930000,107.690002,106.120003,106.690002,104.504356,1409500
2018-04-06,105.769997,106.459999,103.699997,103.980003,101.849876,1080400
2018-04-09,104.709999,105.769997,104.550003,104.709999,102.564919,1018400
2018-04-10,106.010002,107.800003,105.769997,107.550003,105.346748,1073400
2018-04-11,106.949997,108.269997,106.419998,107.629997,105.425087,773900
2018-04-12,108.239998,108.949997,107.680000,108.330002,106.110764,729800
2018-04-13,108.379997,108.580002,107.290001,107.690002,105.483879,548900
2018-04-16,107.949997,109.459999,106.910004,108.919998,106.688675,743500
2018-04-17,109.250000,110.930000,108.989998,110.650002,108.383240,798600
2018-04-18,110.839996,111.910004,110.389999,111.419998,109.137451,721100
2018-04-19,110.860001,111.400002,110.540001,110.709999,108.441994,832300
2018-04-20,111.059998,111.459999,110.150002,110.570000,108.304871,719200
2018-04-23,110.849998,111.680000,109.650002,109.820000,107.570236,762800
2018-04-24,109.970001,111.290001,108.919998,109.639999,107.393929,1096300
2018-04-25,109.250000,109.620003,108.430000,109.419998,107.178421,819000
2018-04-26,109.589996,110.339996,109.180000,109.830002,107.580040,548100
2018-04-27,109.849998,110.250000,109.139999,110.150002,107.893486,921800
2018-04-30,110.400002,110.940002,109.459999,109.830002,107.580040,899800
2018-05-01,109.830002,109.879997,106.839996,108.480003,106.257690,1209600
2018-05-02,108.699997,109.099998,107.470001,107.629997,105.425087,959700
2018-05-03,107.519997,107.959999,105.500000,107.690002,105.483879,1843200
2018-05-04,107.959999,109.150002,105.059998,108.029999,105.816902,2377700
2018-05-07,108.529999,108.559998,106.650002,107.309998,105.111656,1615200
2018-05-08,107.300003,108.480003,106.889999,107.839996,105.630791,1137000
2018-05-09,107.889999,108.209999,105.410004,105.779999,103.612991,1866700
2018-05-10,106.320000,108.919998,106.250000,108.750000,106.522156,1517800
2018-05-11,108.589996,108.669998,107.500000,108.370003,106.149948,1065500
2018-05-14,108.430000,109.339996,107.110001,107.379997,105.180222,1239300
2018-05-15,107.019997,108.059998,106.769997,107.980003,105.767937,1145600
2018-05-16,107.919998,108.349998,107.169998,107.300003,105.101860,968300
2018-05-17,106.650002,107.000000,106.110001,106.250000,104.073372,1122000
2018-05-18,106.120003,106.970001,105.889999,106.410004,104.230095,2433400
2018-05-21,107.110001,108.480003,106.820000,108.379997,106.159729,1337600
2018-05-22,109.000000,109.790001,108.309998,109.309998,107.070686,1964400
2018-05-23,108.629997,110.849998,108.379997,110.839996,108.569344,1282700
2018-05-24,110.430000,111.070000,110.040001,110.860001,108.588936,1345000
2018-05-25,111.099998,111.519997,110.139999,110.570000,108.304871,907500
2018-05-29,110.059998,110.430000,109.099998,109.680000,107.433105,1298000
2018-05-30,109.800003,110.650002,109.459999,109.470001,107.227409,1063200
2018-05-31,109.900002,109.900002,107.220001,107.339996,105.141037,3675800
2018-06-01,108.019997,109.150002,107.730003,109.110001,106.874779,819300
2018-06-04,109.160004,110.019997,108.779999,109.910004,107.658386,646400
2018-06-05,109.989998,112.430000,109.510002,112.339996,110.038605,1342300
2018-06-06,112.290001,113.599998,111.529999,113.580002,111.253212,1660700
2018-06-07,113.660004,113.690002,111.389999,112.220001,109.921066,1378700
2018-06-08,112.230003,112.919998,111.239998,112.300003,109.999428,789800
2018-06-11,112.220001,112.900002,112.010002,112.510002,110.205132,732900
2018-06-12,112.900002,113.360001,112.139999,113.279999,110.959343,695200
2018-06-13,113.620003,114.459999,113.059998,113.629997,111.302185,702900
2018-06-14,113.330002,114.449997,113.330002,113.900002,112.079559,822300
2018-06-15,113.680000,114.699997,112.820000,114.519997,112.689644,1693800
2018-06-18,113.610001,115.580002,113.589996,115.500000,113.653992,889200
2018-06-19,114.550003,115.879997,114.360001,115.800003,113.949196,1051300
2018-06-20,115.940002,116.680000,115.269997,115.970001,114.116470,729800
2018-06-21,116.639999,117.620003,116.019997,117.050003,115.179222,850000
2018-06-22,117.239998,118.370003,117.110001,117.709999,115.828659,1704000
2018-06-25,117.620003,117.879997,115.410004,116.050003,114.195190,1072300
2018-06-26,115.980003,116.400002,115.440002,115.480003,113.634308,1155800
2018-06-27,115.779999,116.029999,114.930000,115.410004,113.565430,1125400
2018-06-28,115.000000,117.360001,114.860001,117.110001,115.238243,976700
2018-06-29,117.449997,117.849998,116.279999,116.370003,114.510086,1345900
2018-07-02,115.870003,116.550003,114.949997,116.510002,114.647858,871800
2018-07-03,116.970001,117.669998,115.750000,115.900002,114.047592,648800
2018-07-05,116.500000,117.650002,115.919998,117.480003,115.602341,1019000
2018-07-06,117.330002,118.779999,117.139999,118.410004,116.517479,818700
2018-07-09,118.730003,118.779999,117.110001,118.300003,116.409241,934800
2018-07-10,119.260002,119.650002,118.190002,118.639999,116.743805,1047300
2018-07-11,119.150002,121.300003,118.410004,120.320000,118.396950,2776800
2018-07-12,120.739998,120.940002,120.349998,120.769997,118.839752,812500
2018-07-13,120.769997,121.690002,120.129997,120.769997,118.839752,587700
2018-07-16,121.139999,121.480003,120.419998,121.349998,119.410484,801200
2018-07-17,121.120003,122.570000,120.820000,122.449997,120.492897,985500
2018-07-18,122.430000,123.309998,121.459999,123.190002,121.221085,919700
2018-07-19,122.580002,123.010002,121.989998,122.180000,120.227219,738500
2018-07-20,122.099998,122.410004,121.370003,121.680000,119.735214,686800
2018-07-23,121.809998,122.059998,121.120003,122.019997,120.069778,589200
2018-07-24,122.000000,122.379997,120.750000,121.470001,119.528572,974000
2018-07-25,121.180000,124.139999,121.180000,124.050003,122.067345,1026100
2018-07-26,123.900002,125.309998,123.800003,125.150002,123.149757,801000
2018-07-27,124.839996,125.019997,123.180000,123.449997,121.476929,1378100
2018-07-30,122.940002,123.459999,120.150002,120.480003,118.554390,898500
2018-07-31,120.860001,121.669998,120.309998,121.300003,119.361290,926000
2018-08-01,121.199997,122.160004,120.040001,120.900002,118.967682,1062000
2018-08-02,120.290001,121.949997,120.129997,121.519997,119.577766,1233300
2018-08-03,116.250000,119.889999,116.000000,117.669998,115.789299,2021700
2018-08-06,117.349998,119.470001,117.349998,119.220001,117.314529,1377200
2018-08-07,120.000000,121.540001,119.760002,121.000000,119.066078,1029700
2018-08-08,121.559998,121.580002,119.379997,119.820000,117.904945,1020400
2018-08-09,119.440002,121.940002,119.239998,121.449997,119.508881,1144800
2018-08-10,121.150002,122.029999,120.790001,121.010002,119.075928,555700
2018-08-13,121.379997,122.580002,120.669998,121.349998,119.410484,754400
2018-08-14,121.500000,121.720001,120.629997,121.000000,119.066078,942000
2018-08-15,120.550003,121.099998,119.290001,120.279999,118.357582,780200
2018-08-16,120.839996,121.769997,120.839996,121.309998,119.371117,788400
2018-08-17,121.320000,123.680000,121.010002,122.989998,121.024269,896800
2018-08-20,124.099998,125.680000,124.099998,124.989998,122.992310,979700
2018-08-21,124.919998,125.779999,124.320000,124.489998,122.500298,455500
2018-08-22,124.510002,124.760002,123.919998,124.410004,122.421585,638700
2018-08-23,124.489998,125.260002,124.410004,125.089996,123.090706,533200
2018-08-24,125.599998,126.989998,125.019997,126.650002,124.625778,959700
2018-08-27,126.849998,127.559998,126.110001,127.250000,125.216187,972700
2018-08-28,127.589996,128.479996,127.360001,127.830002,125.786926,910900
2018-08-29,127.830002,128.850006,127.620003,128.720001,126.662697,555300
2018-08-30,128.940002,129.199997,127.150002,127.540001,125.501556,1086400
2018-08-31,126.980003,128.559998,126.760002,128.360001,126.308449,984000
2018-09-04,127.570000,128.190002,126.720001,128.169998,126.121475,706100
2018-09-05,127.860001,128.250000,126.720001,127.419998,125.383469,772500
2018-09-06,128.110001,128.380005,126.779999,127.610001,125.570435,758700
2018-09-07,127.599998,127.980003,126.500000,126.790001,124.763542,863800
2018-09-10,127.470001,127.690002,126.690002,127.129997,125.098114,678000
2018-09-11,127.129997,127.860001,126.790001,127.440002,125.403160,632300
2018-09-12,126.940002,127.330002,125.309998,125.989998,123.976326,859900
2018-09-13,125.800003,126.849998,125.800003,126.139999,124.638351,672500
2018-09-14,127.570000,127.610001,126.150002,126.760002,125.250977,819800
2018-09-17,127.120003,127.120003,125.669998,126.489998,124.984184,987000
2018-09-18,126.129997,128.389999,126.129997,126.610001,125.102753,888000
2018-09-19,126.500000,126.779999,123.919998,124.529999,123.047516,644500
2018-09-20,124.900002,126.129997,124.279999,126.089996,124.588943,620500
2018-09-21,126.089996,128.589996,125.989998,128.410004,126.881340,2252000
2018-09-24,127.699997,129.440002,126.680000,128.960007,127.424789,1363400
2018-09-25,129.000000,130.259995,128.949997,129.919998,128.373352,1271400
2018-09-26,130.000000,130.320007,128.520004,128.740005,127.207405,1167300
2018-09-27,128.660004,129.630005,128.410004,128.529999,126.999901,462900
2018-09-28,128.250000,130.339996,128.119995,130.139999,128.590729,831900
2018-10-01,131.000000,131.479996,127.769997,128.190002,126.663956,1167300
2018-10-02,127.860001,128.649994,126.000000,126.870003,125.359665,1407200
2018-10-03,127.519997,128.320007,126.709999,126.790001,125.280617,796100
2018-10-04,126.449997,126.500000,125.029999,125.940002,124.440735,678000
2018-10-05,125.809998,126.980003,124.769997,125.589996,124.094894,651300
2018-10-08,125.510002,125.540001,122.739998,123.500000,122.029785,630800
2018-10-09,123.250000,124.730003,122.910004,124.449997,122.968460,727400
2018-10-10,124.139999,124.209999,120.580002,120.680000,119.243355,1001600
2018-10-11,120.320000,121.150002,117.790001,117.940002,116.535973,1024200
2018-10-12,119.589996,120.830002,118.709999,120.239998,118.808586,874700
2018-10-15,119.980003,120.940002,118.639999,120.010002,118.581329,782000
2018-10-16,120.610001,124.089996,120.220001,123.760002,122.286682,745000
2018-10-17,124.089996,124.110001,122.010002,123.559998,122.089066,580200
2018-10-18,123.449997,124.849998,122.849998,123.849998,122.375610,951900
2018-10-19,124.129997,124.930000,123.199997,123.360001,121.891441,942100
2018-10-22,123.669998,123.839996,121.830002,123.019997,121.555489,599600
2018-10-23,121.629997,123.250000,120.230003,122.290001,120.834183,646400
2018-10-24,122.040001,124.620003,119.459999,119.580002,118.156448,946100
2018-10-25,120.110001,122.589996,119.970001,121.620003,120.172165,804700
2018-10-26,120.250000,121.320000,118.430000,119.680000,118.255257,799300
2018-10-29,120.949997,121.980003,115.620003,117.059998,115.666443,1092400
2018-10-30,117.250000,119.480003,115.919998,119.239998,117.820496,1093100
2018-10-31,120.709999,123.830002,120.150002,122.559998,121.100960,1092200
2018-11-01,122.800003,124.089996,121.370003,123.779999,122.306450,955700
2018-11-02,124.930000,129.520004,123.930000,128.839996,127.306206,2171300
2018-11-05,128.289993,128.669998,121.169998,124.029999,122.553467,1720900
2018-11-06,123.650002,125.989998,123.190002,125.889999,124.391327,934100
2018-11-07,126.529999,128.929993,125.949997,128.669998,127.138229,892000
2018-11-08,128.089996,129.750000,127.379997,129.589996,128.047272,818500
2018-11-09,129.419998,129.990005,127.989998,129.649994,128.106567,942600
2018-11-12,129.449997,129.449997,126.510002,126.989998,125.478233,574600
2018-11-13,127.540001,129.350006,126.739998,126.900002,125.389305,853000
2018-11-14,127.330002,130.240005,125.230003,128.729996,127.197525,1054000
2018-11-15,128.639999,130.100006,127.349998,129.389999,127.849663,948700
2018-11-16,128.809998,130.490005,128.300003,130.020004,128.472183,815600
2018-11-19,129.559998,129.949997,126.059998,126.290001,124.786568,723900
2018-11-20,123.800003,126.220001,123.250000,123.570000,122.098953,1092300
2018-11-21,124.570000,125.199997,123.169998,124.110001,122.632523,766900
2018-11-23,122.970001,124.760002,122.970001,124.349998,122.869659,247600
2018-11-26,125.300003,127.370003,125.059998,127.370003,125.853706,862900
2018-11-27,126.690002,130.240005,126.690002,129.300003,127.760742,1267600
2018-11-28,129.690002,132.100006,129.009995,132.070007,130.497772,986900
2018-11-29,131.750000,133.089996,131.279999,132.580002,131.001678,770800
2018-11-30,132.179993,132.949997,130.440002,131.250000,129.687515,1367100
2018-12-03,133.179993,133.830002,131.960007,133.789993,132.197266,1082000
2018-12-04,133.550003,133.970001,129.850006,130.080002,128.531448,1601900
2018-12-06,128.690002,129.919998,125.440002,129.759995,128.215240,1258900
2018-12-07,129.440002,129.699997,126.349998,127.529999,126.011810,1279800
2018-12-10,127.070000,130.199997,125.660004,129.600006,128.057159,975100
2018-12-11,131.050003,131.330002,129.270004,129.460007,127.918831,955100
2018-12-12,130.419998,132.320007,130.199997,130.250000,128.699432,959500
2018-12-13,130.000000,131.210007,127.650002,129.050003,128.074188,822000
2018-12-14,127.849998,128.500000,125.389999,126.650002,125.692329,655200
2018-12-17,126.599998,127.139999,122.730003,123.239998,122.308113,1040800
2018-12-18,123.610001,124.330002,120.410004,121.889999,120.968323,1234300
2018-12-19,121.790001,122.919998,118.599998,119.050003,118.149803,1022200
2018-12-20,118.730003,119.620003,113.769997,115.500000,114.626648,1198200
2018-12-21,115.500000,118.519997,111.720001,111.730003,110.885155,2606400
2018-12-24,110.930000,112.339996,108.970001,108.970001,108.146027,788500
2018-12-26,109.510002,112.309998,108.250000,112.169998,111.321823,1229900
2018-12-27,110.669998,112.430000,108.430000,112.410004,111.560013,815900
2018-12-28,112.510002,113.669998,111.180000,112.250000,111.401222,654100
2018-12-31,113.029999,115.040001,112.629997,115.040001,114.170128,1051600
2019-01-02,113.900002,115.879997,113.629997,114.779999,113.912086,1078600
2019-01-03,113.629997,114.400002,110.610001,110.760002,109.922485,935400
2019-01-04,112.459999,116.769997,112.059998,115.559998,114.686188,920500
2019-01-07,115.500000,116.809998,114.660004,116.099998,115.222107,1220600
2019-01-08,116.900002,119.510002,116.269997,119.510002,118.606323,1430000
2019-01-09,119.349998,120.070000,116.120003,116.160004,115.281654,1473100
2019-01-10,115.300003,117.660004,114.959999,117.559998,116.671059,1041900
2019-01-11,116.900002,117.760002,115.919998,116.000000,115.122864,1122100
2019-01-14,115.529999,116.370003,114.919998,115.120003,114.249519,1187500
2019-01-15,115.059998,116.150002,114.440002,115.769997,114.894600,1189700
2019-01-16,115.730003,116.900002,114.500000,114.550003,113.683830,1250600
2019-01-17,114.629997,115.809998,113.250000,113.750000,112.889877,1137100
2019-01-18,114.239998,116.180000,114.099998,115.599998,114.725883,1239800
2019-01-22,115.230003,115.860001,113.919998,114.470001,113.604439,1167600
2019-01-23,115.220001,115.599998,113.910004,114.459999,113.594505,742800
2019-01-24,114.769997,115.169998,113.730003,114.790001,113.922012,711800
2019-01-25,115.839996,116.809998,115.500000,116.180000,115.301506,744200
2019-01-28,114.849998,115.269997,113.699997,115.230003,114.358688,595500
2019-01-29,115.169998,116.120003,114.540001,115.720001,114.844978,855700
2019-01-30,115.570000,117.180000,115.540001,116.809998,115.926735,930400
2019-01-31,116.639999,117.669998,116.449997,116.910004,116.025986,981000
2019-02-01,117.410004,119.190002,116.860001,118.370003,117.474945,1184000
2019-02-04,118.250000,120.250000,117.870003,120.050003,119.142242,1599800
2019-02-05,120.080002,120.339996,118.860001,119.379997,118.477303,942900
2019-02-06,119.370003,120.669998,119.260002,120.430000,119.519363,907500
2019-02-07,119.790001,119.809998,117.790001,118.620003,117.723053,1031400
2019-02-08,129.940002,136.779999,128.800003,135.369995,134.346405,4429300
2019-02-11,135.380005,136.539993,134.039993,134.179993,133.165390,1903100
2019-02-12,134.289993,138.320007,134.289993,137.220001,136.182404,1823400
2019-02-13,137.449997,137.919998,136.369995,137.639999,136.599228,1178000
2019-02-14,137.639999,137.979996,136.490005,137.190002,136.152634,956300
2019-02-15,138.339996,138.919998,137.539993,138.630005,137.581757,1077200
2019-02-19,137.960007,139.490005,137.940002,138.910004,137.859634,773900
2019-02-20,139.169998,139.910004,138.529999,139.210007,138.157364,1067800
2019-02-21,139.380005,139.649994,138.110001,138.389999,137.343567,981300
2019-02-22,138.889999,140.059998,138.589996,139.979996,138.921524,942700
2019-02-25,140.550003,141.470001,140.050003,141.210007,140.142242,742400
2019-02-26,141.169998,142.179993,141.169998,141.639999,140.568985,1130100
2019-02-27,141.380005,143.020004,141.380005,142.990005,141.908783,757100
2019-02-28,143.190002,144.309998,142.720001,143.119995,142.037796,1444100
2019-03-01,143.740005,144.570007,143.029999,143.610001,142.524094,678400
2019-03-04,144.839996,144.940002,141.039993,142.000000,140.926254,1087700
2019-03-05,141.979996,142.429993,141.050003,141.600006,140.529297,808900
2019-03-06,141.619995,141.779999,139.839996,140.279999,139.219269,690700
2019-03-07,140.520004,140.639999,138.690002,139.490005,138.435242,886800
2019-03-08,137.910004,138.940002,135.970001,138.850006,137.800095,708000
2019-03-11,138.240005,141.979996,138.240005,141.449997,140.380417,1013700
2019-03-12,141.770004,142.259995,140.039993,140.199997,139.139877,919800
2019-03-13,140.860001,141.850006,139.929993,141.009995,139.943741,809500
2019-03-14,141.000000,141.000000,139.570007,140.089996,139.594986,1305800
2019-03-15,139.990005,141.619995,139.839996,140.639999,140.143036,1092700
2019-03-18,140.559998,141.149994,139.320007,140.500000,140.003540,721400
2019-03-19,141.220001,141.220001,139.970001,140.460007,139.963684,662500
2019-03-20,140.350006,140.800003,138.509995,138.699997,138.209900,811600
2019-03-21,138.960007,141.250000,138.820007,140.639999,140.143036,708200
2019-03-22,140.009995,140.779999,138.190002,138.639999,138.150116,722800
2019-03-25,138.639999,138.970001,137.210007,138.639999,138.150116,732800
2019-03-26,139.869995,140.490005,139.000000,140.399994,139.903885,1088600
2019-03-27,140.399994,141.449997,138.710007,139.369995,138.877533,922200
2019-03-28,139.470001,140.500000,138.669998,139.190002,138.698166,858600
2019-03-29,139.850006,140.610001,139.350006,140.419998,139.923813,897600
2019-04-01,141.509995,142.460007,140.190002,141.320007,140.820648,701100
2019-04-02,141.899994,142.350006,140.759995,141.669998,141.169403,662700
2019-04-03,142.429993,143.610001,141.639999,142.289993,141.787201,957400
2019-04-04,142.690002,142.750000,139.740005,140.679993,140.182892,442600
2019-04-05,141.330002,141.449997,140.289993,140.660004,140.162979,1030700
2019-04-08,140.649994,140.910004,139.490005,140.630005,140.133087,578600
2019-04-09,140.529999,141.500000,139.710007,140.779999,140.282547,756800
2019-04-10,141.000000,142.750000,140.899994,142.699997,142.195755,646100
2019-04-11,143.220001,143.520004,142.139999,143.050003,142.544525,905000
2019-04-12,143.470001,143.669998,142.179993,143.229996,142.723892,732400
2019-04-15,143.029999,143.699997,142.440002,143.570007,143.062698,461900
2019-04-16,143.830002,144.910004,143.419998,144.809998,144.298309,714300
2019-04-17,145.000000,145.759995,143.449997,143.619995,143.112503,539700
2019-04-18,144.139999,144.789993,143.229996,143.360001,142.853439,601300
2019-04-22,143.110001,144.619995,142.509995,144.119995,143.610748,663200
2019-04-23,144.240005,146.410004,143.899994,146.070007,145.553864,897600
2019-04-24,145.710007,147.589996,145.710007,146.990005,146.470612,1106600
2019-04-25,146.309998,146.309998,143.720001,145.539993,145.025726,890300
2019-04-26,145.690002,146.729996,144.740005,146.259995,145.743179,756300
2019-04-29,145.899994,146.070007,144.720001,145.259995,144.746719,712600
2019-04-30,145.479996,145.479996,143.479996,144.910004,144.397964,666100
2019-05-01,144.960007,145.210007,142.710007,142.729996,142.225647,1056400
2019-05-02,142.539993,143.279999,141.169998,142.350006,141.847000,1018000
2019-05-03,143.210007,148.429993,140.649994,143.619995,143.112503,1564000
2019-05-06,141.369995,142.660004,139.210007,142.279999,141.777252,1011700
2019-05-07,140.839996,141.990005,140.539993,141.750000,141.249115,1026100
2019-05-08,141.729996,143.979996,141.199997,143.050003,142.544525,809600
2019-05-09,141.940002,145.360001,141.210007,145.229996,144.716812,1375600
2019-05-10,144.520004,148.500000,144.440002,148.429993,147.905502,1468500
2019-05-13,145.229996,145.690002,142.570007,143.229996,142.723892,1199500
2019-05-14,143.750000,145.199997,143.470001,144.630005,144.118942,1045300
2019-05-15,143.830002,145.289993,143.080002,145.179993,144.666992,795800
2019-05-16,145.869995,148.979996,145.600006,148.389999,147.865662,847900
2019-05-17,146.970001,148.410004,146.639999,146.949997,146.430740,1623200
2019-05-20,146.440002,147.110001,145.190002,146.899994,146.380920,1098200
2019-05-21,147.610001,149.649994,147.610001,148.729996,148.204453,989600
2019-05-22,148.029999,152.990005,148.029999,152.630005,152.090683,1310800
2019-05-23,151.380005,153.589996,150.059998,150.479996,149.948273,1807900
2019-05-24,151.320007,151.660004,149.270004,150.630005,150.097748,736300
2019-05-28,150.860001,152.229996,149.190002,150.410004,149.878525,1271600
2019-05-29,149.779999,150.800003,148.570007,149.270004,148.742554,659800
2019-05-30,149.410004,151.970001,149.410004,151.289993,150.755402,867300
2019-05-31,149.789993,150.699997,148.550003,149.949997,149.420135,808500
2019-06-03,150.029999,152.169998,149.910004,152.089996,151.552582,1351400
2019-06-04,152.850006,157.059998,152.750000,156.940002,156.385452,1536600
2019-06-05,157.919998,161.309998,157.710007,160.630005,160.062408,1447800
2019-06-06,160.649994,161.350006,158.919998,160.979996,160.411163,863900
2019-06-07,161.600006,163.779999,160.979996,163.580002,163.001984,637200
2019-06-10,163.589996,164.270004,161.179993,161.509995,160.939285,1019500
2019-06-11,162.220001,162.839996,160.050003,160.559998,159.992645,830900
2019-06-12,160.919998,161.529999,160.000000,161.309998,160.740005,911900
2019-06-13,161.979996,162.460007,159.199997,159.949997,159.949997,764000
2019-06-14,160.000000,161.050003,158.770004,160.350006,160.350006,900900
2019-06-17,161.070007,163.990005,160.539993,163.839996,163.839996,1164000
2019-06-18,164.160004,166.039993,163.559998,165.089996,165.089996,1186600
2019-06-19,165.250000,166.850006,164.029999,166.539993,166.539993,1052300
2019-06-20,168.270004,169.300003,165.630005,166.860001,166.860001,1332700
2019-06-21,167.160004,167.479996,165.000000,165.089996,165.089996,1615400
2019-06-24,165.389999,167.369995,164.330002,165.610001,165.610001,765100
2019-06-25,165.889999,166.809998,164.070007,164.190002,164.190002,958000
2019-06-26,165.250000,166.970001,164.740005,164.880005,164.880005,1071800
2019-06-27,165.389999,165.990005,163.589996,164.600006,164.600006,706800
2019-06-28,164.990005,166.949997,163.429993,166.729996,166.729996,2931200
2019-07-01,168.009995,168.800003,164.460007,166.889999,166.889999,959300
2019-07-02,166.889999,168.960007,166.139999,168.309998,168.309998,1227100
2019-07-03,168.169998,170.630005,168.169998,170.369995,170.369995,425800
2019-07-05,170.179993,170.679993,168.250000,170.649994,170.649994,599700
2019-07-08,169.600006,169.800003,168.309998,169.059998,169.059998,580500
2019-07-09,168.929993,170.509995,167.679993,170.350006,170.350006,926200
2019-07-10,171.000000,172.320007,170.270004,170.729996,170.729996,885700
2019-07-11,170.990005,171.080002,168.750000,171.070007,171.070007,765600
2019-07-12,171.360001,172.350006,170.800003,172.279999,172.279999,510000
2019-07-15,172.279999,173.190002,171.539993,172.800003,172.800003,655100
2019-07-16,173.130005,173.440002,171.020004,171.529999,171.529999,624900
2019-07-17,170.000000,171.089996,169.149994,170.160004,170.160004,519400
2019-07-18,170.389999,171.580002,169.500000,171.520004,171.520004,590500
2019-07-19,172.649994,172.649994,168.809998,168.910004,168.910004,733700
2019-07-22,169.520004,171.070007,169.110001,169.979996,169.979996,452900
2019-07-23,170.699997,170.839996,168.500000,170.800003,170.800003,485100
2019-07-24,170.570007,170.570007,167.429993,167.589996,167.589996,1000300
2019-07-25,167.649994,169.330002,166.850006,168.929993,168.929993,642000
2019-07-26,169.600006,170.339996,168.789993,170.100006,170.100006,542700
2019-07-29,170.800003,170.800003,168.279999,168.770004,168.770004,790900
2019-07-30,168.169998,169.360001,165.970001,166.000000,166.000000,1011600
2019-07-31,166.300003,167.800003,165.080002,165.960007,165.960007,1036200
2019-08-01,165.990005,167.919998,164.380005,164.759995,164.759995,1506600
2019-08-02,163.470001,172.289993,160.809998,170.080002,170.080002,1732400
2019-08-05,167.509995,169.050003,166.119995,168.729996,168.729996,1457200
