Date,Open,High,Low,Close,Adj Close,Volume
1980-12-12,5.820200,5.988091,5.820200,5.988091,2.910504,224800
1980-12-15,6.044055,6.183963,6.044055,6.128000,2.978506,189200
1980-12-16,6.128000,6.141991,5.960109,6.044055,2.937706,185600
1980-12-17,6.044055,6.267908,6.016073,6.267908,3.046507,857600
1980-12-18,6.267908,6.337862,6.169972,6.253917,3.039710,278400
1980-12-19,6.253917,6.323872,6.239926,6.281899,3.053309,159600
1980-12-22,6.281899,6.435799,6.267908,6.435799,3.128112,100000
1980-12-23,6.435799,6.477771,6.155982,6.169972,2.998907,54400
1980-12-24,6.183963,6.211945,6.183963,6.211945,3.019309,4400
1980-12-26,6.225936,6.267908,6.225936,6.267908,3.046507,16800
1980-12-29,6.267908,6.309881,6.211945,6.253917,3.039710,62400
1980-12-30,6.253917,6.253917,6.169972,6.183963,3.005708,18400
1980-12-31,6.183963,6.197954,6.016073,6.016073,2.924105,226000
1981-01-02,6.016073,6.253917,5.988091,6.225936,3.026109,32800
1981-01-05,6.225936,6.295890,6.225936,6.267908,3.046507,149200
1981-01-06,6.267908,6.337862,6.128000,6.141991,2.985307,544000
1981-01-07,6.141991,6.239926,5.610338,6.239926,3.032908,1163200
1981-01-08,6.239926,6.295890,5.960109,6.072036,2.951306,342800
1981-01-09,6.072036,6.183963,5.960109,6.155982,2.992107,259600
1981-01-12,6.155982,6.183963,6.072036,6.072036,2.951306,176800
1981-01-13,6.016073,6.016073,5.904146,5.904146,2.869701,262400
1981-01-14,5.904146,6.128000,5.904146,6.058045,2.944506,331200
1981-01-15,6.072036,6.267908,6.072036,6.211945,3.019309,537600
1981-01-16,6.267908,6.491762,6.267908,6.491762,3.155314,150800
1981-01-19,6.491762,6.491762,6.393826,6.393826,3.107710,45200
1981-01-20,6.393826,6.491762,6.155982,6.155982,2.992107,146400
1981-01-21,6.044055,6.044055,5.904146,5.960109,2.896904,344800
1981-01-22,5.960109,5.974100,5.792219,5.974100,2.903703,101600
1981-01-23,5.974100,6.141991,5.904146,5.904146,2.869701,564400
1981-01-26,5.890155,5.890155,5.736255,5.820200,2.828901,102400
1981-01-27,5.820200,5.988091,5.806210,5.932127,2.883303,132000
1981-01-28,5.932127,5.932127,5.820200,5.834191,2.835702,62400
1981-01-29,5.834191,6.016073,5.778228,5.778228,2.808501,226000
1981-01-30,5.778228,5.820200,5.484420,5.484420,2.665696,126800
1981-02-02,5.484420,5.596347,5.330520,5.372493,2.611294,227600
1981-02-03,5.372493,5.400475,5.204602,5.316529,2.584093,237600
1981-02-04,5.316529,5.358502,5.232584,5.260566,2.556890,199200
1981-02-05,5.260566,5.400475,5.260566,5.372493,2.611294,476000
1981-02-06,5.372493,5.596347,5.330520,5.596347,2.720099,335600
1981-02-09,5.596347,5.680292,5.512402,5.568365,2.706497,83600
1981-02-10,5.526392,5.526392,5.344511,5.428456,2.638493,108800
1981-02-11,5.428456,5.484420,5.372493,5.484420,2.665696,206000
1981-02-12,5.442447,5.442447,5.330520,5.386484,2.618095,203600
1981-02-13,5.386484,5.400475,5.288548,5.316529,2.584093,294800
1981-02-17,5.316529,5.372493,5.288548,5.358502,2.604493,104400
1981-02-18,5.428456,5.540383,5.428456,5.526392,2.686096,330400
1981-02-19,5.526392,5.596347,5.316529,5.316529,2.584093,821600
1981-02-20,5.316529,5.428456,5.316529,5.428456,2.638493,294800
1981-02-23,5.428456,5.652310,5.372493,5.596347,2.720099,95200
1981-02-24,5.596347,5.694283,5.596347,5.610338,2.726898,90800
1981-02-25,5.610338,5.820200,5.540383,5.736255,2.788100,210800
1981-02-26,5.736255,6.044055,5.708273,5.792219,2.815301,1498800
1981-02-27,5.792219,5.904146,5.708273,5.904146,2.869701,698400
1981-03-02,5.904146,6.044055,5.820200,5.848182,2.842501,287600
1981-03-03,5.806210,5.806210,5.694283,5.708273,2.774500,235600
1981-03-04,5.708273,5.750246,5.624329,5.624329,2.733697,87200
1981-03-05,5.624329,5.638319,5.498411,5.624329,2.733697,97200
1981-03-06,5.596347,5.596347,5.498411,5.526392,2.686096,32800
1981-03-09,5.568365,5.680292,5.568365,5.568365,2.706497,112400
1981-03-10,5.526392,5.526392,5.372493,5.372493,2.611294,92000
1981-03-11,5.372493,5.372493,5.218593,5.218593,2.536489,87200
1981-03-12,5.218593,5.344511,5.176620,5.344511,2.597693,458000
1981-03-13,5.344511,5.428456,5.316529,5.344511,2.597693,197200
1981-03-16,5.344511,5.372493,5.316529,5.358502,2.604493,127600
1981-03-17,5.358502,5.400475,5.176620,5.330520,2.590892,158800
1981-03-18,5.330520,5.372493,5.260566,5.288548,2.570492,41600
1981-03-19,5.260566,5.260566,5.078685,5.120657,2.488889,102400
1981-03-20,5.120657,5.120657,4.952767,5.078685,2.468488,284000
1981-03-23,5.078685,5.316529,5.036712,5.274557,2.563691,144400
1981-03-24,5.274557,5.358502,5.260566,5.288548,2.570492,97200
1981-03-25,5.288548,5.288548,5.204602,5.288548,2.570492,160800
1981-03-26,5.288548,5.428456,5.288548,5.288548,2.570492,476800
1981-03-27,5.288548,5.302538,5.190611,5.190611,2.522891,283200
1981-03-30,5.190611,5.232584,5.176620,5.176620,2.516090,55200
1981-03-31,5.204602,5.344511,5.204602,5.344511,2.597693,197200
1981-04-01,5.344511,5.428456,5.316529,5.414465,2.631694,125600
1981-04-02,5.414465,5.540383,5.400475,5.540383,2.692896,322400
1981-04-03,5.582356,5.876164,5.582356,5.876164,2.856101,214400
1981-04-06,5.848182,5.848182,5.624329,5.736255,2.788100,70400
1981-04-07,5.736255,5.764237,5.568365,5.568365,2.706497,118800
1981-04-08,5.568365,5.652310,5.554374,5.582356,2.713297,182800
1981-04-09,5.582356,5.652310,5.568365,5.568365,2.706497,623600
1981-04-10,5.540383,5.540383,5.484420,5.498411,2.672498,159600
1981-04-13,5.498411,5.540383,5.428456,5.456438,2.652094,601200
1981-04-14,5.456438,5.540383,5.344511,5.372493,2.611294,74000
1981-04-15,5.358502,5.358502,5.204602,5.358502,2.604493,203600
1981-04-16,5.358502,5.358502,5.148639,5.218593,2.536489,510000
1981-04-20,5.148639,5.148639,4.896803,5.106667,2.482089,216000
1981-04-21,5.092676,5.092676,4.672949,4.756895,2.312083,222400
1981-04-22,4.756895,4.910794,4.672949,4.798867,2.332483,334800
1981-04-23,4.798867,4.924785,4.728913,4.812858,2.339284,184000
1981-04-24,4.812858,4.840840,4.756895,4.826849,2.346084,442000
1981-04-27,4.798867,4.798867,4.714922,4.742904,2.305282,100800
1981-04-28,4.756895,4.840840,4.756895,4.756895,2.312083,75600
1981-04-29,4.756895,5.008730,4.714922,5.008730,2.434489,509200
1981-04-30,5.036712,5.148639,5.036712,5.120657,2.488889,316800
1981-05-01,5.120657,5.316529,5.008730,5.036712,2.448087,87200
1981-05-04,4.952767,4.952767,4.924785,4.924785,2.393685,50800
1981-05-05,4.924785,4.980749,4.868822,4.924785,2.393685,92000
1981-05-06,4.924785,5.148639,4.924785,5.036712,2.448087,60400
1981-05-07,5.036712,5.064694,4.924785,4.966758,2.414087,137200
1981-05-08,4.994740,5.204602,4.994740,5.204602,2.529691,316000
1981-05-11,5.204602,5.302538,4.980749,5.036712,2.448087,534800
1981-05-12,5.036712,5.036712,4.924785,4.952767,2.407286,87200
1981-05-13,4.952767,5.022721,4.924785,4.980749,2.420887,95200
1981-05-14,4.980749,5.036712,4.952767,4.980749,2.420887,32800
1981-05-15,5.008730,5.092676,5.008730,5.092676,2.475289,38400
1981-05-18,5.344511,5.344511,5.204602,5.232584,2.543290,44000
1981-05-19,5.232584,5.344511,5.120657,5.204602,2.529691,67200
1981-05-20,5.204602,5.204602,5.064694,5.120657,2.488889,44000
1981-05-21,5.120657,5.204602,5.120657,5.204602,2.529691,43600
1981-05-22,5.204602,5.456438,5.204602,5.260566,2.556890,268000
1981-05-26,5.260566,5.344511,5.232584,5.316529,2.584093,48800
1981-05-27,5.316529,5.456438,5.232584,5.372493,2.611294,266000
1981-05-28,5.372493,5.372493,4.868822,4.868822,2.366486,131200
1981-05-29,4.868822,4.980749,4.700931,4.728913,2.298481,236000
1981-06-01,4.728913,4.728913,4.477077,4.505059,2.189678,162400
1981-06-02,4.505059,4.756895,4.365150,4.393132,2.135276,362800
1981-06-03,4.337169,4.337169,4.029370,4.309187,2.094474,513200
1981-06-04,4.309187,4.449096,4.281205,4.449096,2.162477,194400
1981-06-05,4.449096,4.589005,4.309187,4.561023,2.216880,486400
1981-06-08,4.561023,4.589005,4.309187,4.477077,2.176079,74400
1981-06-09,4.449096,4.449096,4.281205,4.421114,2.148878,89600
1981-06-10,4.365150,4.365150,4.197260,4.197260,2.040073,59600
1981-06-11,4.197260,4.281205,4.085333,4.085333,1.985671,131600
1981-06-12,4.141296,4.281205,4.141296,4.225242,2.053673,406800
1981-06-15,4.141296,4.141296,4.029370,4.085333,1.985671,415600
1981-06-16,4.085333,4.113315,3.805516,3.861479,1.876867,140400
1981-06-17,3.861479,4.113315,3.805516,4.113315,1.999271,568800
1981-06-18,4.113315,4.169278,4.001388,4.057352,1.972071,369200
1981-06-19,4.057352,4.197260,4.057352,4.197260,2.040073,364000
1981-06-22,4.141296,4.141296,4.057352,4.113315,1.999271,284000
1981-06-23,4.113315,4.169278,4.029370,4.141296,2.012872,295200
1981-06-24,4.141296,4.309187,4.057352,4.253223,2.067274,330400
1981-06-25,4.365150,4.449096,4.365150,4.393132,2.135276,261200
1981-06-26,4.449096,4.533041,4.449096,4.449096,2.162477,47600
1981-06-29,4.449096,4.672949,4.421114,4.505059,2.189678,92400
1981-06-30,4.505059,4.505059,4.421114,4.477077,2.176079,44000
1981-07-01,4.477077,4.533041,4.365150,4.365150,2.121676,144000
1981-07-02,4.309187,4.309187,4.253223,4.253223,2.067274,248000
1981-07-06,4.197260,4.197260,4.029370,4.085333,1.985671,85600
1981-07-07,4.085333,4.169278,3.945424,4.001388,1.944869,104800
1981-07-08,4.001388,4.141296,4.001388,4.029370,1.958471,193600
1981-07-09,4.029370,4.085333,3.973406,4.085333,1.985671,479600
1981-07-10,4.085333,4.141296,4.057352,4.141296,2.012872,598800
1981-07-13,4.141296,4.309187,4.141296,4.253223,2.067274,592000
1981-07-14,4.253223,4.281205,4.197260,4.253223,2.067274,186000
1981-07-15,4.281205,4.561023,4.281205,4.533041,2.203278,560000
1981-07-16,4.561023,4.756895,4.561023,4.728913,2.298481,334800
1981-07-17,4.728913,4.728913,4.477077,4.616986,2.244079,172400
1981-07-20,4.616986,4.644968,4.477077,4.505059,2.189678,174000
1981-07-21,4.505059,4.533041,4.449096,4.505059,2.189678,331200
1981-07-22,4.505059,4.589005,4.449096,4.477077,2.176079,377200
1981-07-23,4.477077,4.533041,4.393132,4.477077,2.176079,151200
1981-07-24,4.477077,4.533041,4.477077,4.505059,2.189678,324400
1981-07-27,4.505059,4.672949,4.477077,4.616986,2.244079,299200
1981-07-28,4.589005,4.589005,4.393132,4.393132,2.135276,289200
1981-07-29,4.393132,4.700931,4.393132,4.616986,2.244079,1091600
1981-07-30,4.644968,4.812858,4.644968,4.756895,2.312083,487200
1981-07-31,4.784876,4.980749,4.784876,4.924785,2.393685,553600
1981-08-03,4.924785,4.980749,4.812858,4.896803,2.380086,235200
1981-08-04,4.868822,4.868822,4.756895,4.868822,2.366486,149200
1981-08-05,4.868822,4.896803,4.756895,4.896803,2.380086,531200
1981-08-06,4.924785,5.204602,4.924785,5.176620,2.516090,816000
1981-08-07,5.204602,5.316529,5.204602,5.316529,2.584093,400000
1981-08-10,5.316529,5.316529,5.092676,5.092676,2.475289,201200
1981-08-11,5.092676,5.148639,5.064694,5.092676,2.475289,312400
1981-08-12,5.092676,5.176620,5.064694,5.092676,2.475289,334000
1981-08-13,5.092676,5.148639,5.036712,5.148639,2.502490,192400
1981-08-14,5.148639,5.176620,5.036712,5.064694,2.461688,131600
1981-08-17,5.064694,5.148639,5.036712,5.036712,2.448087,119600
1981-08-18,5.036712,5.148639,4.812858,4.896803,2.380086,212800
1981-08-19,4.896803,5.036712,4.896803,4.952767,2.407286,199200
1981-08-20,4.952767,5.148639,4.924785,5.120657,2.488889,236000
1981-08-21,5.120657,5.148639,5.008730,5.008730,2.434489,442800
1981-08-24,4.980749,4.980749,4.672949,4.700931,2.284881,118800
1981-08-25,4.644968,4.644968,4.421114,4.644968,2.257682,309200
1981-08-26,4.644968,4.756895,4.644968,4.756895,2.312083,272400
1981-08-27,4.700931,4.700931,4.561023,4.561023,2.216880,154000
1981-08-28,4.561023,4.589005,4.477077,4.533041,2.203278,104000
1981-08-31,4.533041,4.644968,4.449096,4.449096,2.162477,68000
1981-09-01,4.449096,4.505059,4.393132,4.477077,2.176079,108400
1981-09-02,4.477077,4.477077,4.393132,4.477077,2.176079,62400
1981-09-03,4.477077,4.505059,4.365150,4.365150,2.121676,168800
1981-09-04,4.365150,4.365150,4.169278,4.197260,2.040073,252000
1981-09-08,4.029370,4.029370,3.833498,3.945424,1.917668,243200
1981-09-09,3.945424,3.973406,3.721570,3.721570,1.808865,353600
1981-09-10,3.805516,4.113315,3.805516,4.085333,1.985671,326000
1981-09-11,4.085333,4.141296,4.029370,4.141296,2.012872,123600
1981-09-14,4.141296,4.169278,4.029370,4.057352,1.972071,93200
1981-09-15,4.057352,4.113315,4.057352,4.085333,1.985671,111600
1981-09-16,4.029370,4.029370,3.833498,3.889461,1.890468,118000
1981-09-17,3.889461,4.029370,3.553680,3.581662,1.740862,442400
1981-09-18,3.581662,3.665607,3.497717,3.581662,1.740862,235200
1981-09-21,3.581662,3.637625,3.525698,3.553680,1.727261,289200
1981-09-22,3.553680,3.637625,3.525698,3.581662,1.740862,469600
1981-09-23,3.553680,3.553680,3.385790,3.525698,1.713662,259600
1981-09-24,3.525698,3.609644,3.413771,3.581662,1.740862,149600
1981-09-25,3.581662,3.581662,3.357808,3.357808,1.632059,170400
1981-09-28,3.357808,3.917443,3.133954,3.917443,1.904068,360400
1981-09-29,3.917443,4.001388,3.637625,3.945424,1.917668,129600
1981-09-30,3.945424,3.945424,3.805516,3.861479,1.876867,84800
1981-10-01,3.805516,3.805516,3.665607,3.777534,1.836067,76000
1981-10-02,3.777534,4.029370,3.777534,4.001388,1.944869,226000
1981-10-05,4.001388,4.085333,3.749552,4.001388,1.944869,389200
1981-10-06,4.001388,4.449096,3.945424,4.225242,2.053673,429200
1981-10-07,4.253223,4.449096,4.253223,4.337169,2.108075,196000
1981-10-08,4.337169,4.365150,4.197260,4.365150,2.121676,98000
1981-10-09,4.337169,4.337169,4.197260,4.253223,2.067274,90800
1981-10-12,4.253223,4.281205,4.029370,4.113315,1.999271,87200
1981-10-13,4.113315,4.225242,3.945424,4.141296,2.012872,135600
1981-10-14,4.141296,4.197260,4.029370,4.029370,1.958471,91200
1981-10-15,4.001388,4.001388,3.945424,3.973406,1.931269,150800
1981-10-16,3.945424,3.945424,3.721570,3.805516,1.849666,149200
1981-10-19,3.805516,3.833498,3.609644,3.805516,1.849666,100000
1981-10-20,3.805516,3.917443,3.749552,3.749552,1.822465,167200
1981-10-21,3.777534,4.141296,3.777534,4.141296,2.012872,342800
1981-10-22,4.141296,4.141296,4.057352,4.057352,1.972071,108400
1981-10-23,4.057352,4.197260,4.001388,4.141296,2.012872,232000
1981-10-26,4.141296,4.169278,4.029370,4.141296,2.012872,123600
1981-10-27,4.169278,4.393132,4.169278,4.365150,2.121676,289200
1981-10-28,4.365150,4.449096,4.365150,4.393132,2.135276,187600
1981-10-29,4.393132,4.421114,4.365150,4.365150,2.121676,131200
1981-10-30,4.365150,4.393132,4.281205,4.337169,2.108075,91200
1981-11-02,4.337169,4.449096,4.253223,4.253223,2.067274,228000
1981-11-03,4.309187,4.393132,4.309187,4.365150,2.121676,90000
1981-11-04,4.365150,4.561023,4.281205,4.449096,2.162477,279600
1981-11-05,4.449096,4.477077,4.421114,4.449096,2.162477,165200
1981-11-06,4.449096,4.477077,4.393132,4.393132,2.135276,110000
1981-11-09,4.393132,4.616986,4.393132,4.589005,2.230480,131600
1981-11-10,4.589005,4.700931,4.561023,4.589005,2.230480,144000
1981-11-11,4.589005,4.589005,4.449096,4.477077,2.176079,165600
1981-11-12,4.477077,4.477077,4.449096,4.477077,2.176079,136400
1981-11-13,4.449096,4.449096,4.421114,4.421114,2.148878,43600
1981-11-16,4.393132,4.393132,4.281205,4.337169,2.108075,91200
1981-11-17,4.253223,4.253223,4.057352,4.169278,2.026470,59600
1981-11-18,4.169278,4.225242,4.085333,4.113315,1.999271,26800
1981-11-19,4.057352,4.057352,3.833498,3.833498,1.863267,329200
1981-11-20,3.945424,4.141296,3.945424,4.001388,1.944869,227200
1981-11-23,4.001388,4.141296,3.973406,4.141296,2.012872,148000
1981-11-24,4.141296,4.169278,4.057352,4.141296,2.012872,52000
1981-11-25,4.197260,4.365150,4.197260,4.365150,2.121676,156000
1981-11-27,4.365150,4.449096,4.365150,4.449096,2.162477,82000
1981-11-30,4.449096,4.449096,4.365150,4.421114,2.148878,158000
1981-12-01,4.421114,4.421114,4.309187,4.337169,2.108075,152000
1981-12-02,4.337169,4.393132,4.197260,4.225242,2.053673,96000
1981-12-03,4.225242,4.309187,4.141296,4.197260,2.040073,131600
1981-12-04,4.225242,4.309187,4.225242,4.253223,2.067274,134400
1981-12-07,4.225242,4.225242,3.945424,4.001388,1.944869,76800
1981-12-08,4.001388,4.085333,3.917443,3.973406,1.931269,152000
1981-12-09,3.973406,4.141296,3.917443,4.029370,1.958471,187600
1981-12-10,4.029370,4.169278,4.001388,4.085333,1.985671,195600
1981-12-11,4.085333,4.225242,4.085333,4.141296,2.012872,206000
1981-12-14,4.141296,4.169278,4.029370,4.029370,1.958471,144400
1981-12-15,4.029370,4.169278,4.029370,4.085333,1.985671,94000
1981-12-16,4.085333,4.169278,4.085333,4.169278,2.026470,65600
1981-12-17,4.169278,4.169278,4.085333,4.113315,1.999271,96000
1981-12-18,4.113315,4.113315,3.973406,3.973406,1.931269,111600
1981-12-21,3.973406,4.141296,3.945424,3.945424,1.917668,77200
1981-12-22,3.945424,3.973406,3.833498,3.889461,1.890468,866800
1981-12-23,3.889461,3.945424,3.777534,3.805516,1.849666,279600
1981-12-24,3.805516,3.861479,3.749552,3.805516,1.849666,36800
1981-12-28,3.805516,3.889461,3.721570,3.805516,1.849666,127600
1981-12-29,3.805516,3.805516,3.693589,3.749552,1.822465,208800
1981-12-30,3.721570,3.721570,3.525698,3.637625,1.768064,371600
1981-12-31,3.665607,3.833498,3.665607,3.749552,1.822465,163200
1982-01-04,3.861479,3.889461,3.805516,3.833498,1.863267,39200
1982-01-05,3.749552,3.805516,3.693589,3.749552,1.822465,66400
1982-01-06,3.581662,3.693589,3.469735,3.553680,1.727261,219600
1982-01-07,3.413771,3.581662,3.245881,3.413771,1.659259,437600
1982-01-08,3.441753,3.497717,3.385790,3.441753,1.672860,155200
1982-01-11,3.357808,3.441753,3.273863,3.329826,1.621624,442800
1982-01-12,3.301845,3.385790,3.217899,3.329826,1.621624,240400
1982-01-13,3.245881,3.385790,3.105973,3.105973,1.512608,715600
1982-01-14,3.133954,3.189918,3.077991,3.189918,1.553489,216400
1982-01-15,3.189918,3.301845,3.077991,3.133954,1.526234,640000
1982-01-18,3.161936,3.217899,3.077991,3.217899,1.567115,254800
1982-01-19,3.161936,3.245881,3.077991,3.077991,1.498980,411200
1982-01-20,2.994045,3.077991,2.910100,2.938082,1.430844,390800
1982-01-21,2.966064,3.022027,2.882118,2.910100,1.417218,232800
1982-01-22,2.882118,2.910100,2.854137,2.910100,1.417218,260800
1982-01-25,2.882118,2.938082,2.826155,2.938082,1.430844,188800
1982-01-26,3.022027,3.105973,2.910100,3.105973,1.512608,388000
1982-01-27,3.105973,3.161936,3.022027,3.161936,1.539862,505600
1982-01-28,3.469735,3.637625,3.273863,3.553680,1.730641,659200
1982-01-29,3.665607,3.693589,3.609644,3.693589,1.798776,293600
1982-02-01,3.553680,3.637625,3.469735,3.469735,1.689758,139600
1982-02-02,3.441753,3.525698,3.357808,3.441753,1.676133,274000
1982-02-03,3.301845,3.385790,3.217899,3.217899,1.567115,147600
1982-02-04,3.133954,3.189918,3.077991,3.133954,1.526234,242800
1982-02-05,3.161936,3.273863,3.022027,3.217899,1.567115,196400
1982-02-08,3.245881,3.329826,3.161936,3.189918,1.553489,247200
1982-02-09,3.105973,3.161936,3.050009,3.105973,1.512608,176400
1982-02-10,3.105973,3.161936,3.050009,3.161936,1.539862,370000
1982-02-11,3.161936,3.189918,3.133954,3.133954,1.526234,117200
1982-02-12,3.245881,3.301845,3.161936,3.217899,1.567115,130400
1982-02-16,3.189918,3.245881,3.105973,3.161936,1.539862,201600
1982-02-17,3.217899,3.245881,3.161936,3.189918,1.553489,134000
1982-02-18,3.217899,3.245881,3.189918,3.189918,1.553489,73600
1982-02-19,3.161936,3.189918,3.105973,3.133954,1.526234,71600
1982-02-22,3.105973,3.189918,3.022027,3.022027,1.471726,131200
1982-02-23,3.022027,3.077991,2.938082,2.966064,1.444472,181200
1982-02-24,3.105973,3.273863,2.938082,3.133954,1.526234,249600
1982-02-25,3.133954,3.189918,3.050009,3.105973,1.512608,110000
1982-02-26,3.050009,3.105973,2.994045,3.105973,1.512608,84800
1982-03-01,3.050009,3.077991,2.994045,3.022027,1.471726,88000
1982-03-02,3.022027,3.077991,2.966064,2.966064,1.444472,208000
1982-03-03,2.798173,2.910100,2.686246,2.714228,1.321828,1284000
1982-03-04,2.714228,2.798173,2.630283,2.714228,1.321828,686400
1982-03-05,2.630283,2.714228,2.546338,2.574320,1.253693,215200
1982-03-08,2.602301,2.798173,2.406429,2.574320,1.253693,281200
1982-03-09,2.546338,2.658265,2.406429,2.658265,1.294574,327200
1982-03-10,2.658265,2.742210,2.574320,2.658265,1.294574,208400
1982-03-11,2.518356,2.630283,2.406429,2.406429,1.171930,517600
1982-03-12,2.518356,2.602301,2.406429,2.574320,1.253693,203600
1982-03-15,2.602301,2.658265,2.518356,2.574320,1.253693,277200
1982-03-16,2.686246,2.798173,2.574320,2.714228,1.321828,102000
1982-03-17,2.770192,2.798173,2.714228,2.742210,1.335456,167600
1982-03-18,2.854137,2.910100,2.770192,2.854137,1.389964,205200
1982-03-19,3.050009,3.189918,2.882118,3.189918,1.553489,326400
1982-03-22,3.161936,3.245881,3.077991,3.133954,1.526234,280000
1982-03-23,3.077991,3.133954,2.994045,3.105973,1.512608,277600
1982-03-24,2.938082,2.994045,2.854137,2.882118,1.403590,231600
1982-03-25,2.882118,2.910100,2.854137,2.910100,1.417218,76800
1982-03-26,2.966064,3.022027,2.882118,2.994045,1.458099,28800
1982-03-29,2.910100,2.966064,2.826155,2.910100,1.417218,98000
1982-03-30,2.882118,2.910100,2.826155,2.910100,1.417218,61600
1982-03-31,2.882118,2.910100,2.826155,2.854137,1.389964,151600
1982-04-01,2.882118,2.910100,2.826155,2.910100,1.417218,267200
1982-04-02,3.077991,3.161936,2.994045,3.161936,1.539862,249200
1982-04-05,3.105973,3.133954,3.050009,3.050009,1.485353,64400
1982-04-06,3.022027,3.077991,2.938082,2.994045,1.458099,237600
1982-04-07,3.050009,3.105973,2.966064,2.966064,1.444472,62000
1982-04-08,2.994045,3.050009,2.938082,2.938082,1.430844,1312800
1982-04-12,2.994045,3.022027,2.938082,2.994045,1.458099,232000
1982-04-13,3.022027,3.077991,2.938082,3.050009,1.485353,472000
1982-04-14,3.050009,3.077991,3.022027,3.077991,1.498980,215600
1982-04-15,3.161936,3.273863,3.022027,3.217899,1.567115,778800
1982-04-16,3.189918,3.245881,3.105973,3.133954,1.526234,118800
1982-04-19,3.077991,3.105973,3.050009,3.077991,1.498980,552800
1982-04-20,3.050009,3.077991,3.022027,3.050009,1.488603,311200
1982-04-21,3.077991,3.133954,3.022027,3.050009,1.488603,754400
1982-04-22,3.050009,3.133954,2.994045,3.105973,1.515917,81600
1982-04-23,3.133954,3.217899,3.050009,3.050009,1.488603,534400
1982-04-26,2.994045,3.077991,2.910100,2.966064,1.447633,268000
1982-04-27,3.050009,3.105973,2.994045,3.077991,1.502260,231200
1982-04-28,3.022027,3.050009,2.966064,2.994045,1.461290,81600
1982-04-29,3.022027,3.050009,2.994045,2.994045,1.461290,61200
1982-04-30,2.938082,2.994045,2.882118,2.994045,1.461290,132800
1982-05-03,2.910100,2.994045,2.798173,2.882118,1.406661,188000
1982-05-04,2.882118,2.910100,2.854137,2.882118,1.406661,124800
1982-05-05,2.882118,2.910100,2.854137,2.910100,1.420318,89200
1982-05-06,2.938082,2.966064,2.882118,2.938082,1.433975,184800
1982-05-07,3.105973,3.217899,2.966064,3.133954,1.529573,793200
1982-05-10,3.245881,3.357808,3.133954,3.273863,1.597859,834800
1982-05-11,3.329826,3.385790,3.245881,3.245881,1.584202,3036000
1982-05-12,3.329826,3.357808,3.273863,3.357808,1.638829,517600
1982-05-13,3.301845,3.357808,3.217899,3.301845,1.611515,313200
1982-05-14,3.329826,3.329826,3.301845,3.329826,1.625173,104800
1982-05-17,3.273863,3.329826,3.217899,3.217899,1.570544,116800
1982-05-18,3.161936,3.245881,3.077991,3.133954,1.529573,185200
1982-05-19,2.994045,3.105973,2.854137,2.910100,1.420318,363600
1982-05-20,2.938082,2.994045,2.854137,2.966064,1.447633,186800
1982-05-21,2.910100,2.966064,2.854137,2.910100,1.420318,144800
1982-05-24,2.938082,2.994045,2.854137,2.966064,1.447633,186800
1982-05-25,2.882118,2.966064,2.798173,2.798173,1.365691,174400
1982-05-26,2.742210,2.826155,2.658265,2.770192,1.352034,288800
1982-05-27,2.910100,2.966064,2.826155,2.910100,1.420318,333600
1982-05-28,2.882118,2.910100,2.826155,2.910100,1.420318,154000
1982-06-01,2.854137,2.882118,2.798173,2.882118,1.406661,120000
1982-06-02,2.910100,2.966064,2.826155,2.938082,1.433975,580000
1982-06-03,2.910100,2.938082,2.854137,2.910100,1.420318,176800
1982-06-04,2.826155,2.882118,2.742210,2.770192,1.352034,177600
1982-06-07,2.714228,2.770192,2.658265,2.686246,1.311064,74000
1982-06-08,2.686246,2.742210,2.630283,2.630283,1.283749,239600
1982-06-09,2.630283,2.658265,2.574320,2.574320,1.256436,180800
1982-06-10,2.686246,2.742210,2.602301,2.658265,1.297407,126800
1982-06-11,2.798173,2.854137,2.742210,2.798173,1.365691,130800
1982-06-14,2.854137,2.882118,2.798173,2.826155,1.379348,101200
1982-06-15,2.770192,2.826155,2.686246,2.686246,1.311064,103600
1982-06-16,2.658265,2.714228,2.602301,2.602301,1.270092,108400
1982-06-17,2.546338,2.630283,2.434411,2.462393,1.201808,312400
1982-06-18,2.518356,2.574320,2.434411,2.518356,1.229122,160800
1982-06-21,2.518356,2.602301,2.434411,2.462393,1.201808,204000
1982-06-22,2.546338,2.602301,2.462393,2.574320,1.256436,365200
1982-06-23,2.714228,2.798173,2.602301,2.798173,1.365691,241200
1982-06-24,2.798173,2.882118,2.714228,2.770192,1.352034,184400
1982-06-25,2.742210,2.798173,2.686246,2.770192,1.352034,91200
1982-06-28,2.826155,2.854137,2.770192,2.798173,1.365691,181200
1982-06-29,2.714228,2.798173,2.602301,2.630283,1.283749,114000
1982-06-30,2.602301,2.686246,2.518356,2.602301,1.270092,327600
1982-07-01,2.546338,2.630283,2.462393,2.462393,1.201808,257200
1982-07-02,2.490374,2.546338,2.406429,2.434411,1.188151,156000
1982-07-06,2.490374,2.546338,2.434411,2.490374,1.215465,522800
1982-07-07,2.434411,2.490374,2.378447,2.378447,1.160837,379600
1982-07-08,2.350466,2.434411,2.238539,2.434411,1.188151,902000
1982-07-09,2.406429,2.434411,2.350466,2.378447,1.160837,314000
1982-07-12,2.322484,2.406429,2.238539,2.238539,1.092553,239600
1982-07-13,2.238539,2.322484,2.126612,2.210557,1.078896,284000
1982-07-14,2.210557,2.238539,2.182575,2.238539,1.092553,455600
1982-07-15,2.266521,2.294502,2.238539,2.238539,1.092553,897600
1982-07-16,2.238539,2.266521,2.210557,2.238539,1.092553,285600
1982-07-19,2.238539,2.294502,2.182575,2.182575,1.065238,345600
1982-07-20,2.210557,2.266521,2.154593,2.182575,1.065238,374400
1982-07-21,2.210557,2.238539,2.182575,2.210557,1.078896,1626800
1982-07-22,2.210557,2.238539,2.154593,2.238539,1.092553,280400
1982-07-23,2.266521,2.322484,2.210557,2.266521,1.106210,314400
1982-07-26,2.266521,2.322484,2.210557,2.210557,1.078896,148000
1982-07-27,2.266521,2.322484,2.210557,2.266521,1.106210,253200
1982-07-28,2.266521,2.322484,2.182575,2.238539,1.092553,744400
1982-07-29,2.238539,2.238539,2.210557,2.238539,1.092553,137200
1982-07-30,2.266521,2.294502,2.238539,2.266521,1.106210,263200
1982-08-02,2.266521,2.294502,2.210557,2.266521,1.106210,114000
1982-08-03,2.294502,2.350466,2.238539,2.266521,1.106210,229600
1982-08-04,2.210557,2.294502,2.126612,2.182575,1.068406,112800
1982-08-05,2.126612,2.182575,2.070648,2.182575,1.068406,242400
1982-08-06,2.210557,2.266521,2.126612,2.210557,1.082105,408800
1982-08-09,2.126612,2.182575,2.070648,2.154593,1.054709,299200
1982-08-10,2.154593,2.210557,2.098630,2.154593,1.054709,78800
1982-08-11,2.126612,2.182575,2.070648,2.070648,1.013617,327200
1982-08-12,2.098630,2.154593,2.014685,2.014685,0.986222,233600
1982-08-13,1.958721,2.014685,1.874776,1.958721,0.958826,281600
1982-08-16,1.986703,2.014685,1.930740,1.958721,0.958826,236400
1982-08-17,2.014685,2.070648,1.930740,2.070648,1.013617,366400
1982-08-18,2.238539,2.350466,2.126612,2.210557,1.082105,401600
1982-08-19,2.098630,2.182575,2.014685,2.042666,0.999919,254400
1982-08-20,2.098630,2.154593,2.042666,2.098630,1.027314,244000
1982-08-23,2.070648,2.154593,1.986703,2.098630,1.027314,320800
1982-08-24,2.154593,2.238539,2.070648,2.126612,1.041011,732000
1982-08-25,2.238539,2.378447,2.070648,2.350466,1.150591,1481200
1982-08-26,2.462393,2.574320,2.350466,2.406429,1.177987,533200
1982-08-27,2.378447,2.462393,2.294502,2.406429,1.177987,368800
1982-08-30,2.350466,2.406429,2.266521,2.378447,1.164289,459600
1982-08-31,2.350466,2.434411,2.266521,2.294502,1.123197,165600
1982-09-01,2.266521,2.294502,2.238539,2.238539,1.095802,368800
1982-09-02,2.294502,2.378447,2.182575,2.350466,1.150591,550000
1982-09-03,2.518356,2.630283,2.406429,2.518356,1.232777,876800
1982-09-07,2.490374,2.518356,2.462393,2.462393,1.205382,249600
1982-09-08,2.462393,2.490374,2.434411,2.462393,1.205382,584000
1982-09-09,2.406429,2.462393,2.350466,2.434411,1.191684,188800
1982-09-10,2.322484,2.406429,2.238539,2.322484,1.136895,259200
1982-09-13,2.266521,2.322484,2.210557,2.266521,1.109499,479200
1982-09-14,2.378447,2.462393,2.266521,2.434411,1.191684,385200
1982-09-15,2.546338,2.686246,2.406429,2.658265,1.301265,955200
1982-09-16,2.630283,2.686246,2.574320,2.574320,1.260172,497600
1982-09-17,2.574320,2.630283,2.518356,2.518356,1.232777,537200
1982-09-20,2.462393,2.490374,2.406429,2.434411,1.191684,107200
1982-09-21,2.518356,2.574320,2.462393,2.462393,1.205382,158400
1982-09-22,2.518356,2.602301,2.434411,2.462393,1.205382,837600
1982-09-23,2.378447,2.462393,2.294502,2.378447,1.164289,506000
1982-09-24,2.350466,2.406429,2.294502,2.406429,1.177987,128000
1982-09-27,2.350466,2.378447,2.294502,2.350466,1.150591,121600
1982-09-28,2.322484,2.350466,2.266521,2.294502,1.123197,150800
1982-09-29,2.182575,2.238539,2.126612,2.182575,1.068406,605600
1982-09-30,2.210557,2.238539,2.182575,2.238539,1.095802,414800
1982-10-01,2.210557,2.238539,2.182575,2.238539,1.095802,215200
1982-10-04,2.182575,2.210557,2.154593,2.182575,1.068406,406000
1982-10-05,2.210557,2.266521,2.154593,2.238539,1.095802,157200
1982-10-06,2.238539,2.238539,2.210557,2.210557,1.082105,153200
1982-10-07,2.294502,2.322484,2.238539,2.294502,1.123197,724800
1982-10-08,2.350466,2.378447,2.294502,2.322484,1.136895,311200
1982-10-11,2.434411,2.462393,2.378447,2.378447,1.164289,348400
1982-10-12,2.518356,2.574320,2.434411,2.490374,1.219079,1211200
1982-10-13,2.826155,3.077991,2.546338,3.022027,1.479333,2485600
1982-10-14,3.189918,3.357808,2.994045,3.050009,1.493030,1240400
1982-10-15,2.938082,3.022027,2.854137,2.966064,1.451938,569200
1982-10-18,2.966064,3.022027,2.910100,2.994045,1.465635,563600
1982-10-19,2.966064,3.077991,2.854137,2.966064,1.451938,772800
1982-10-20,3.022027,3.105973,2.938082,3.050009,1.493030,621600
1982-10-21,2.994045,3.077991,2.910100,2.938082,1.438239,832400
1982-10-22,2.882118,2.966064,2.798173,2.854137,1.397147,320800
1982-10-25,2.770192,2.826155,2.686246,2.742210,1.342358,255200
1982-10-26,2.686246,2.742210,2.602301,2.714228,1.328659,370000
1982-10-27,2.854137,2.910100,2.798173,2.882118,1.410844,265200
1982-10-28,2.798173,2.882118,2.714228,2.714228,1.328659,164000
1982-10-29,2.714228,2.770192,2.658265,2.686246,1.314962,159600
1982-11-01,2.714228,2.742210,2.658265,2.658265,1.301265,204400
1982-11-02,2.714228,2.798173,2.630283,2.630283,1.287567,483200
1982-11-03,2.826155,2.910100,2.742210,2.882118,1.414458,1934000
1982-11-04,2.966064,3.105973,2.826155,2.910100,1.428191,1626800
1982-11-05,2.966064,3.105973,2.826155,3.077991,1.510587,655600
1982-11-08,3.022027,3.105973,2.938082,3.105973,1.524320,335200
1982-11-09,3.133954,3.189918,3.050009,3.077991,1.510587,1038800
1982-11-10,3.077991,3.217899,2.938082,2.966064,1.455656,617600
1982-11-11,3.105973,3.301845,2.910100,3.301845,1.620447,1180400
1982-11-12,3.245881,3.357808,3.105973,3.161936,1.551785,1163600
1982-11-15,3.077991,3.133954,2.994045,3.077991,1.510587,386800
1982-11-16,2.994045,3.022027,2.938082,3.022027,1.483122,421600
1982-11-17,3.105973,3.161936,3.022027,3.161936,1.551785,748800
1982-11-18,3.273863,3.385790,3.161936,3.301845,1.620447,930800
1982-11-19,3.301845,3.357808,3.245881,3.245881,1.592983,666400
1982-11-22,3.133954,3.273863,2.994045,3.105973,1.524320,650400
1982-11-23,3.022027,3.105973,2.910100,2.966064,1.455656,501600
1982-11-24,3.050009,3.105973,2.994045,3.022027,1.483122,204400
1982-11-26,3.022027,3.050009,2.994045,2.994045,1.469390,54800
1982-11-29,3.022027,3.077991,2.966064,2.966064,1.455656,192000
1982-11-30,2.994045,3.050009,2.938082,2.994045,1.469390,263200
1982-12-01,3.022027,3.077991,2.938082,2.966064,1.455656,293200
1982-12-02,2.910100,2.966064,2.854137,2.910100,1.428191,382000
1982-12-03,2.966064,3.050009,2.854137,2.966064,1.455656,495600
1982-12-06,2.966064,3.022027,2.882118,3.022027,1.483122,308800
1982-12-07,3.050009,3.105973,2.966064,2.994045,1.469390,300800
1982-12-08,3.050009,3.105973,2.994045,3.022027,1.483122,180400
1982-12-09,3.161936,3.329826,2.994045,3.245881,1.592983,492000
1982-12-10,3.273863,3.357808,3.161936,3.245881,1.592983,576400
1982-12-13,3.357808,3.469735,3.245881,3.357808,1.647913,913600
1982-12-14,3.217899,3.385790,3.050009,3.133954,1.538051,239600
1982-12-15,3.050009,3.133954,2.966064,2.966064,1.455656,251200
1982-12-16,3.050009,3.105973,2.994045,3.050009,1.496854,207600
1982-12-17,3.189918,3.273863,3.105973,3.189918,1.565518,197600
1982-12-20,3.301845,3.413771,3.189918,3.217899,1.579249,587600
1982-12-21,3.301845,3.385790,3.189918,3.301845,1.620447,587600
1982-12-22,3.273863,3.329826,3.189918,3.245881,1.592983,248800
1982-12-23,3.301845,3.385790,3.189918,3.273863,1.606716,792000
1982-12-27,3.273863,3.329826,3.217899,3.273863,1.606716,217600
1982-12-28,3.161936,3.301845,3.022027,3.161936,1.551785,223200
1982-12-29,3.189918,3.217899,3.133954,3.189918,1.565518,173600
1982-12-30,3.189918,3.245881,3.133954,3.133954,1.538051,220800
1982-12-31,3.161936,3.189918,3.133954,3.189918,1.565518,168400
1983-01-03,3.161936,3.189918,3.105973,3.133954,1.538051,130400
1983-01-04,3.245881,3.357808,3.133954,3.357808,1.647913,349200
1983-01-05,3.469735,3.553680,3.357808,3.525698,1.730308,1144800
1983-01-06,3.777534,3.861479,3.665607,3.749552,1.840169,1178400
1983-01-07,3.749552,3.805516,3.665607,3.693589,1.812705,1008800
1983-01-10,3.693589,3.749552,3.637625,3.637625,1.785239,515600
1983-01-11,3.637625,3.721570,3.525698,3.693589,1.816060,474400
1983-01-12,3.721570,3.805516,3.609644,3.749552,1.843575,617600
1983-01-13,3.693589,3.749552,3.609644,3.609644,1.774784,256800
1983-01-14,3.609644,3.665607,3.525698,3.525698,1.733511,180000
1983-01-17,3.525698,3.637625,3.413771,3.497717,1.719754,1029200
1983-01-18,3.525698,3.553680,3.469735,3.525698,1.733511,278400
1983-01-19,3.441753,3.497717,3.385790,3.441753,1.692237,254000
1983-01-20,3.609644,3.721570,3.469735,3.693589,1.816060,746400
1983-01-21,3.693589,3.749552,3.609644,3.693589,1.816060,387200
1983-01-24,3.525698,3.721570,3.301845,3.413771,1.678478,1057200
1983-01-25,3.357808,3.413771,3.301845,3.357808,1.650963,507200
1983-01-26,3.413771,3.469735,3.329826,3.413771,1.678478,457200
1983-01-27,3.413771,3.441753,3.357808,3.441753,1.692237,336000
1983-01-28,3.469735,3.525698,3.413771,3.469735,1.705994,280400
1983-01-31,3.357808,3.385790,3.329826,3.357808,1.650963,295600
1983-02-01,3.189918,3.273863,3.105973,3.189918,1.568415,560400
1983-02-02,3.105973,3.217899,2.994045,3.217899,1.582172,404400
1983-02-03,3.301845,3.385790,3.189918,3.329826,1.637205,298400
1983-02-04,3.245881,3.301845,3.161936,3.273863,1.609689,286400
1983-02-07,3.217899,3.273863,3.133954,3.245881,1.595931,486400
1983-02-08,3.217899,3.273863,3.133954,3.161936,1.554657,241600
1983-02-09,3.189918,3.245881,3.133954,3.245881,1.595931,282400
1983-02-10,3.301845,3.357808,3.245881,3.329826,1.637205,422000
1983-02-11,3.357808,3.413771,3.273863,3.301845,1.623447,184000
1983-02-14,3.273863,3.301845,3.217899,3.273863,1.609689,94000
1983-02-15,3.301845,3.329826,3.245881,3.301845,1.623447,293200
1983-02-16,3.245881,3.301845,3.189918,3.189918,1.568415,127600
1983-02-17,3.217899,3.273863,3.161936,3.217899,1.582172,140000
1983-02-18,3.161936,3.189918,3.133954,3.161936,1.554657,358400
1983-02-22,2.882118,2.966064,2.798173,2.854137,1.403319,636800
1983-02-23,2.826155,2.882118,2.770192,2.882118,1.417076,357600
1983-02-24,3.022027,3.133954,2.882118,3.105973,1.527141,534400
1983-02-25,3.077991,3.133954,3.022027,3.050009,1.499624,337600
1983-02-28,2.994045,3.133954,2.854137,2.854137,1.403319,409600
1983-03-01,2.910100,2.966064,2.854137,2.938082,1.444592,222800
1983-03-02,2.966064,3.022027,2.882118,2.910100,1.430834,199200
1983-03-03,2.966064,3.022027,2.910100,2.910100,1.430834,123600
1983-03-04,2.910100,2.938082,2.882118,2.938082,1.444592,176400
1983-03-07,2.938082,2.994045,2.854137,2.994045,1.472109,167200
1983-03-08,2.938082,2.994045,2.854137,2.910100,1.430834,392400
1983-03-09,2.938082,3.077991,2.798173,3.077991,1.513383,345600
1983-03-10,3.161936,3.245881,3.077991,3.133954,1.540898,562800
1983-03-11,3.105973,3.161936,3.050009,3.077991,1.513383,252000
1983-03-14,2.994045,3.050009,2.938082,3.050009,1.499624,181600
1983-03-15,3.022027,3.077991,2.966064,3.050009,1.499624,447600
1983-03-16,2.938082,3.022027,2.826155,2.826155,1.389560,196400
1983-03-17,2.854137,2.938082,2.742210,2.854137,1.403319,295600
1983-03-18,2.882118,2.910100,2.854137,2.910100,1.430834,106000
1983-03-21,2.854137,2.910100,2.798173,2.910100,1.430834,166000
1983-03-22,2.854137,2.938082,2.742210,2.770192,1.362044,640800
1983-03-23,2.826155,2.882118,2.742210,2.770192,1.362044,1260800
1983-03-24,2.798173,2.854137,2.742210,2.798173,1.375803,373600
1983-03-25,2.798173,2.854137,2.742210,2.854137,1.403319,178000
1983-03-28,2.770192,2.882118,2.630283,2.742210,1.348287,794000
1983-03-29,2.714228,2.770192,2.658265,2.686246,1.320770,604400
1983-03-30,2.742210,2.798173,2.686246,2.798173,1.375803,488000
1983-03-31,3.105973,3.189918,2.994045,3.077991,1.513383,2215200
1983-04-04,3.077991,3.133954,2.994045,3.077991,1.513383,358000
1983-04-05,3.105973,3.133954,3.077991,3.077991,1.513383,346400
1983-04-06,3.077991,3.105973,3.022027,3.050009,1.499624,220400
1983-04-07,3.050009,3.105973,2.994045,3.022027,1.485867,221200
1983-04-08,3.077991,3.105973,3.022027,3.077991,1.513383,229600
1983-04-11,3.189918,3.245881,3.105973,3.245881,1.595931,750000
1983-04-12,3.329826,3.413771,3.245881,3.357808,1.650963,816800
1983-04-13,3.413771,3.469735,3.357808,3.385790,1.664721,856800
1983-04-14,3.413771,3.469735,3.357808,3.413771,1.678478,314800
1983-04-15,3.385790,3.441753,3.329826,3.441753,1.692237,248000
1983-04-18,3.357808,3.385790,3.329826,3.329826,1.637205,392800
1983-04-19,3.273863,3.329826,3.217899,3.301845,1.626729,556000
1983-04-20,3.217899,3.329826,3.077991,3.133954,1.544015,472000
1983-04-21,3.189918,3.273863,3.105973,3.189918,1.571586,361600
1983-04-22,3.161936,3.189918,3.105973,3.133954,1.544015,122800
1983-04-25,3.189918,3.217899,3.161936,3.217899,1.585372,136000
1983-04-26,3.245881,3.329826,3.161936,3.301845,1.626729,462000
1983-04-27,3.385790,3.469735,3.301845,3.413771,1.681874,1199200
1983-04-28,3.413771,3.469735,3.357808,3.385790,1.668086,188400
1983-04-29,3.357808,3.413771,3.273863,3.385790,1.668086,193200
1983-05-02,3.301845,3.357808,3.217899,3.301845,1.626729,490800
1983-05-03,3.245881,3.329826,3.161936,3.301845,1.626729,416000
1983-05-04,3.301845,3.357808,3.245881,3.245881,1.599159,647200
1983-05-05,3.273863,3.357808,3.189918,3.189918,1.571586,462000
1983-05-06,3.245881,3.301845,3.161936,3.301845,1.626729,614000
1983-05-09,3.245881,3.301845,3.189918,3.217899,1.585372,575600
1983-05-10,3.245881,3.273863,3.189918,3.273863,1.612943,156000
1983-05-11,3.301845,3.385790,3.217899,3.329826,1.640516,591600
1983-05-12,3.357808,3.385790,3.301845,3.357808,1.654302,301600
1983-05-13,3.357808,3.385790,3.329826,3.385790,1.668086,92400
1983-05-16,3.329826,3.357808,3.301845,3.357808,1.654302,86800
1983-05-17,3.441753,3.553680,3.301845,3.553680,1.750803,543600
1983-05-18,3.553680,3.609644,3.469735,3.469735,1.709444,474800
1983-05-19,3.497717,3.525698,3.385790,3.385790,1.668086,188000
1983-05-20,3.385790,3.469735,3.357808,3.413771,1.681874,188400
1983-05-23,3.693589,3.749552,3.441753,3.693589,1.819730,1280400
1983-05-24,3.749552,3.777534,3.637625,3.693589,1.819730,864400
1983-05-25,3.665607,3.749552,3.665607,3.693589,1.819730,678800
1983-05-26,3.665607,3.777534,3.665607,3.777534,1.861089,446000
1983-05-27,3.805516,4.029370,3.749552,4.001388,1.971375,946000
1983-05-31,3.945424,3.973406,3.805516,3.805516,1.874874,204800
1983-06-01,3.805516,3.917443,3.805516,3.917443,1.930019,420000
1983-06-02,4.029370,4.197260,3.945424,3.973406,1.957590,491600
1983-06-03,4.057352,4.085333,3.945424,3.973406,1.957590,395600
1983-06-06,3.945424,4.001388,3.917443,3.917443,1.930019,221200
1983-06-07,3.945424,3.945424,3.609644,3.609644,1.778374,828000
1983-06-08,3.665607,3.665607,3.637625,3.665607,1.805946,161200
1983-06-09,3.637625,3.749552,3.609644,3.693589,1.819730,288000
1983-06-10,3.777534,3.861479,3.693589,3.805516,1.874874,402000
1983-06-13,3.777534,3.805516,3.721570,3.777534,1.861089,259200
1983-06-14,3.805516,3.917443,3.777534,3.805516,1.874874,571600
1983-06-15,3.833498,3.833498,3.665607,3.749552,1.847304,2323200
1983-06-16,3.777534,3.805516,3.581662,3.805516,1.874874,458400
1983-06-17,3.693589,3.777534,3.665607,3.777534,1.861089,292400
1983-06-20,3.777534,3.861479,3.665607,3.861479,1.902446,296400
1983-06-21,3.861479,3.945424,3.833498,3.945424,1.943803,174000
1983-06-22,4.001388,4.085333,3.889461,4.057352,1.998947,555600
1983-06-23,4.085333,4.141296,4.029370,4.085333,2.012734,419600
1983-06-24,4.141296,4.141296,4.001388,4.085333,2.012734,138000
1983-06-27,4.085333,4.113315,4.001388,4.001388,1.971375,194000
1983-06-28,4.057352,4.057352,3.945424,3.945424,1.943803,128800
1983-06-29,3.889461,4.029370,3.861479,4.029370,1.985162,153200
1983-06-30,4.029370,4.057352,3.917443,4.001388,1.971375,130400
1983-07-01,4.029370,4.057352,3.973406,4.001388,1.971375,129600
1983-07-05,3.973406,4.057352,3.917443,4.057352,1.998947,142400
1983-07-06,4.113315,4.309187,4.057352,4.253223,2.095448,695200
1983-07-07,4.253223,4.365150,4.197260,4.253223,2.095448,664800
1983-07-08,4.309187,4.477077,4.253223,4.393132,2.164377,1371600
1983-07-11,4.337169,4.393132,4.309187,4.337169,2.136807,712000
1983-07-12,4.393132,4.393132,4.169278,4.169278,2.054091,262000
1983-07-13,4.057352,4.169278,3.973406,4.169278,2.054091,166000
1983-07-14,4.253223,4.309187,4.197260,4.197260,2.067876,195200
1983-07-15,4.225242,4.253223,4.141296,4.169278,2.054091,374400
1983-07-18,4.169278,4.197260,4.085333,4.197260,2.067876,167600
1983-07-19,4.197260,4.253223,4.141296,4.141296,2.040305,194000
1983-07-20,4.365150,4.449096,4.281205,4.309187,2.123019,600000
1983-07-21,4.309187,4.365150,4.281205,4.337169,2.136807,495600
1983-07-22,4.365150,4.449096,4.281205,4.281205,2.109234,133200
1983-07-25,4.253223,4.337169,4.197260,4.337169,2.136807,501200
1983-07-26,4.337169,4.449096,4.281205,4.393132,2.164377,240000
1983-07-27,4.421114,4.421114,4.169278,4.253223,2.095448,353600
1983-07-28,4.309187,4.309187,4.141296,4.141296,2.040305,246000
1983-07-29,4.085333,4.085333,3.945424,4.001388,1.971375,217600
1983-08-01,4.001388,4.001388,3.693589,3.889461,1.916233,308400
1983-08-02,3.889461,3.945424,3.833498,3.861479,1.905740,81200
1983-08-03,3.805516,3.973406,3.721570,3.917443,1.933358,167200
1983-08-04,3.833498,3.973406,3.833498,3.945424,1.947168,140800
1983-08-05,3.973406,4.141296,3.973406,4.085333,2.016216,433200
1983-08-08,4.057352,4.057352,3.973406,4.001388,1.974789,102000
1983-08-09,4.029370,4.225242,3.973406,4.225242,2.085267,151600
1983-08-10,4.197260,4.225242,4.113315,4.141296,2.043837,80400
1983-08-11,4.197260,4.225242,4.113315,4.141296,2.043837,58400
1983-08-12,4.113315,4.197260,4.113315,4.113315,2.030026,120800
1983-08-15,4.337169,4.365150,4.253223,4.309187,2.126693,390800
1983-08-16,4.309187,4.393132,4.225242,4.281205,2.112885,147600
1983-08-17,4.309187,4.505059,4.253223,4.477077,2.209553,408800
1983-08-18,4.533041,4.533041,4.393132,4.477077,2.209553,456800
1983-08-19,4.421114,4.533041,4.421114,4.449096,2.195743,302800
1983-08-22,4.505059,4.533041,4.449096,4.505059,2.223362,290000
1983-08-23,4.449096,4.477077,4.393132,4.449096,2.195743,100000
1983-08-24,4.421114,4.449096,4.393132,4.421114,2.181933,194000
1983-08-25,4.309187,4.337169,4.141296,4.253223,2.099075,136800
1983-08-26,4.253223,4.421114,4.225242,4.281205,2.112885,226400
1983-08-29,4.281205,4.309187,4.281205,4.281205,2.112885,85600
1983-08-30,4.281205,4.337169,4.253223,4.337169,2.140504,202000
1983-08-31,4.337169,4.365150,4.309187,4.337169,2.140504,184000
1983-09-01,4.421114,4.421114,4.281205,4.337169,2.140504,168800
1983-09-02,4.281205,4.449096,4.281205,4.421114,2.181933,219600
1983-09-06,4.477077,4.533041,4.449096,4.505059,2.223362,480000
1983-09-07,4.477077,4.505059,4.449096,4.477077,2.209553,129200
1983-09-08,4.477077,4.477077,4.281205,4.449096,2.195743,124800
1983-09-09,4.393132,4.449096,4.337169,4.337169,2.140504,50400
1983-09-12,4.449096,4.449096,4.309187,4.365150,2.154314,209200
1983-09-13,4.309187,4.449096,4.281205,4.309187,2.126693,311600
1983-09-14,4.309187,4.365150,4.309187,4.365150,2.154314,34000
1983-09-15,4.337169,4.477077,4.309187,4.309187,2.126693,278400
1983-09-16,4.309187,4.421114,4.309187,4.421114,2.181933,136400
1983-09-19,4.421114,4.644968,4.421114,4.644968,2.292410,499200
1983-09-20,4.616986,4.644968,4.533041,4.561023,2.250982,331600
1983-09-21,4.505059,4.589005,4.477077,4.477077,2.209553,171600
1983-09-22,4.505059,4.505059,4.393132,4.477077,2.209553,166000
1983-09-23,4.477077,4.477077,4.337169,4.421114,2.181933,295600
1983-09-26,4.393132,4.449096,4.365150,4.365150,2.154314,56800
1983-09-27,4.365150,4.365150,4.253223,4.253223,2.099075,127600
1983-09-28,4.225242,4.309187,4.225242,4.253223,2.099075,172800
1983-09-29,4.253223,4.421114,4.253223,4.421114,2.181933,178400
1983-09-30,4.337169,4.421114,4.253223,4.253223,2.099075,214800
1983-10-03,4.253223,4.309187,4.169278,4.253223,2.099075,620800
1983-10-04,4.197260,4.225242,3.973406,4.085333,2.016216,188400
1983-10-05,4.029370,4.029370,3.777534,3.889461,1.919549,256800
1983-10-06,3.805516,3.805516,3.721570,3.749552,1.850500,512800
1983-10-07,3.721570,3.833498,3.721570,3.749552,1.850500,274800
1983-10-10,3.721570,3.917443,3.721570,3.889461,1.919549,260800
1983-10-11,3.945424,3.973406,3.805516,3.805516,1.878120,939200
1983-10-12,3.805516,3.889461,3.721570,3.749552,1.850500,863200
1983-10-13,3.749552,4.029370,3.749552,4.029370,1.988597,920800
1983-10-14,3.973406,3.973406,3.805516,3.833498,1.891930,684000
1983-10-17,3.833498,3.917443,3.749552,3.805516,1.878120,217200
1983-10-18,3.833498,3.833498,3.525698,3.581662,1.767642,243600
1983-10-19,3.525698,3.749552,3.525698,3.749552,1.850500,151200
1983-10-20,3.777534,3.861479,3.777534,3.861479,1.905740,260400
1983-10-21,3.889461,3.889461,3.693589,3.749552,1.850500,444400
1983-10-24,3.777534,3.805516,3.721570,3.721570,1.836691,224400
1983-10-25,3.777534,3.777534,3.665607,3.721570,1.836691,223600
1983-10-26,3.721570,3.833498,3.693589,3.749552,1.850500,399200
1983-10-27,3.665607,3.973406,3.609644,3.749552,1.850500,358000
1983-10-28,3.749552,3.749552,3.693589,3.749552,1.850500,160000
1983-10-31,3.749552,3.861479,3.749552,3.833498,1.891930,295600
1983-11-01,3.805516,3.889461,3.777534,3.805516,1.881417,190800
1983-11-02,3.777534,3.889461,3.749552,3.749552,1.853750,58400
1983-11-03,3.805516,3.805516,3.777534,3.777534,1.867584,102000
1983-11-04,3.777534,3.805516,3.749552,3.749552,1.853750,125600
1983-11-07,3.749552,3.777534,3.749552,3.777534,1.867584,120800
1983-11-08,3.777534,3.777534,3.693589,3.693589,1.826081,182000
1983-11-09,3.777534,3.777534,3.721570,3.749552,1.853750,63200
1983-11-10,3.721570,3.777534,3.693589,3.693589,1.826081,168800
1983-11-11,3.693589,3.805516,3.693589,3.805516,1.881417,172800
1983-11-14,3.833498,3.833498,3.693589,3.693589,1.826081,246800
1983-11-15,3.693589,3.693589,3.665607,3.665607,1.812248,37200
1983-11-16,3.721570,3.861479,3.721570,3.749552,1.853750,244000
1983-11-17,3.749552,3.833498,3.749552,3.805516,1.881417,211600
1983-11-18,3.833498,3.833498,3.721570,3.749552,1.853750,179200
1983-11-21,3.749552,3.777534,3.693589,3.721570,1.839916,227200
1983-11-22,3.693589,3.749552,3.665607,3.665607,1.812248,204000
1983-11-23,3.637625,3.665607,3.581662,3.609644,1.784580,293200
1983-11-25,3.581662,3.581662,3.553680,3.581662,1.770746,134000
1983-11-28,3.581662,3.609644,3.357808,3.441753,1.701576,314000
1983-11-29,3.385790,3.497717,3.385790,3.441753,1.701576,244800
1983-11-30,3.441753,3.525698,3.413771,3.469735,1.715410,339200
1983-12-01,3.413771,3.441753,3.385790,3.413771,1.687742,236000
1983-12-02,3.469735,3.469735,3.329826,3.385790,1.673908,504400
1983-12-05,3.329826,3.385790,3.301845,3.357808,1.660075,202000
1983-12-06,3.385790,3.469735,3.385790,3.413771,1.687742,281600
1983-12-07,3.413771,3.441753,3.385790,3.441753,1.701576,136000
1983-12-08,3.385790,3.441753,3.329826,3.329826,1.646241,346000
1983-12-09,3.301845,3.469735,3.301845,3.469735,1.715410,385600
1983-12-12,3.525698,3.553680,3.385790,3.525698,1.743079,180800
1983-12-13,3.441753,3.469735,3.385790,3.469735,1.715410,36000
1983-12-14,3.413771,3.469735,3.357808,3.357808,1.660075,311200
1983-12-15,3.301845,3.329826,3.245881,3.245881,1.604739,602400
1983-12-16,3.245881,3.329826,3.133954,3.301845,1.632406,707600
1983-12-19,3.273863,3.273863,3.217899,3.245881,1.604739,252800
1983-12-20,3.189918,3.273863,3.077991,3.133954,1.549403,470800
1983-12-21,3.161936,3.329826,3.161936,3.301845,1.632406,629600
1983-12-22,3.301845,3.357808,3.301845,3.357808,1.660075,102400
1983-12-23,3.413771,3.497717,3.385790,3.413771,1.687742,91200
1983-12-27,3.357808,3.441753,3.329826,3.441753,1.701576,165200
1983-12-28,3.413771,3.665607,3.385790,3.609644,1.784580,290800
1983-12-29,3.609644,3.833498,3.609644,3.749552,1.853750,652000
1983-12-30,3.805516,3.805516,3.749552,3.749552,1.853750,52000
1984-01-03,3.749552,3.777534,3.665607,3.777534,1.867584,224000
1984-01-04,3.749552,3.889461,3.721570,3.861479,1.909085,384000
1984-01-05,3.889461,3.917443,3.833498,3.833498,1.895251,212800
1984-01-06,3.861479,4.029370,3.833498,3.861479,1.909085,1119200
1984-01-09,3.805516,3.833498,3.721570,3.749552,1.853750,186400
1984-01-10,3.749552,3.805516,3.721570,3.749552,1.857078,86000
1984-01-11,3.665607,3.721570,3.525698,3.665607,1.815502,150000
1984-01-12,3.721570,3.777534,3.665607,3.721570,1.843219,74400
1984-01-13,3.665607,3.777534,3.637625,3.693589,1.829360,232800
1984-01-16,3.693589,3.721570,3.581662,3.637625,1.801643,97600
1984-01-17,3.693589,3.693589,3.525698,3.553680,1.760067,506000
1984-01-18,3.525698,3.609644,3.525698,3.609644,1.787784,57600
1984-01-19,3.609644,3.665607,3.553680,3.581662,1.773925,194000
1984-01-20,3.581662,3.693589,3.581662,3.665607,1.815502,148400
1984-01-23,3.749552,3.749552,3.637625,3.693589,1.829360,170000
1984-01-24,3.637625,3.945424,3.637625,3.945424,1.954089,438800
1984-01-25,3.973406,4.141296,3.973406,4.001388,1.981807,923600
1984-01-26,3.889461,4.001388,3.889461,4.001388,1.981807,335600
1984-01-27,3.917443,4.113315,3.889461,4.029370,1.995665,321600
1984-01-30,4.113315,4.197260,4.029370,4.057352,2.009525,207600
1984-01-31,4.001388,4.001388,3.917443,3.973406,1.967949,82000
1984-02-01,4.001388,4.113315,3.945424,4.057352,2.009525,320000
1984-02-02,4.029370,4.029370,3.861479,3.861479,1.912513,208800
1984-02-03,3.861479,3.861479,3.553680,3.581662,1.773925,505600
1984-02-06,3.581662,3.637625,3.469735,3.497717,1.732349,163200
1984-02-07,3.497717,3.637625,3.441753,3.525698,1.746209,103600
1984-02-08,3.637625,3.693589,3.609644,3.609644,1.787784,182800
1984-02-09,3.609644,3.665607,3.581662,3.637625,1.801643,94400
1984-02-10,3.637625,3.637625,3.441753,3.441753,1.704631,727600
1984-02-13,3.385790,3.525698,3.385790,3.441753,1.704631,120400
1984-02-14,3.385790,3.441753,3.357808,3.413771,1.690772,511200
1984-02-15,3.469735,3.637625,3.441753,3.609644,1.787784,162800
1984-02-16,3.665607,3.665607,3.385790,3.385790,1.676914,612400
1984-02-17,3.441753,3.525698,3.385790,3.525698,1.746209,103600
1984-02-21,3.441753,3.525698,3.441753,3.525698,1.746209,352000
1984-02-22,3.553680,3.637625,3.469735,3.553680,1.760067,373200
1984-02-23,3.581662,3.581662,3.469735,3.581662,1.773925,300000
1984-02-24,3.553680,3.749552,3.553680,3.665607,1.815502,779600
1984-02-27,3.637625,3.721570,3.525698,3.721570,1.843219,142000
1984-02-28,3.721570,3.721570,3.581662,3.637625,1.801643,248800
1984-02-29,3.637625,3.693589,3.581662,3.581662,1.773925,448800
1984-03-01,3.581662,3.693589,3.581662,3.693589,1.829360,284000
1984-03-02,3.777534,3.917443,3.777534,3.833498,1.898654,858000
1984-03-05,3.833498,3.861479,3.721570,3.721570,1.843219,123600
1984-03-06,3.721570,3.777534,3.693589,3.749552,1.857078,521200
1984-03-07,3.693589,3.721570,3.637625,3.665607,1.815502,352000
1984-03-08,3.693589,3.777534,3.693589,3.749552,1.857078,27600
1984-03-09,3.777534,3.889461,3.721570,3.889461,1.926371,296400
1984-03-12,3.833498,3.917443,3.805516,3.861479,1.912513,81200
1984-03-13,3.861479,3.917443,3.833498,3.917443,1.940231,648800
1984-03-14,3.833498,3.861479,3.777534,3.777534,1.870937,103600
1984-03-15,3.721570,3.777534,3.693589,3.749552,1.857078,104400
1984-03-16,3.861479,3.889461,3.749552,3.749552,1.857078,203600
1984-03-19,3.749552,3.749552,3.665607,3.693589,1.829360,58800
1984-03-20,3.749552,3.805516,3.665607,3.777534,1.870937,230000
1984-03-21,3.777534,3.917443,3.777534,3.833498,1.898654,1087200
1984-03-22,3.805516,3.861479,3.749552,3.805516,1.884795,147600
1984-03-23,3.805516,3.973406,3.805516,3.917443,1.940231,680000
1984-03-26,3.945424,4.001388,3.917443,3.917443,1.940231,124800
1984-03-27,3.973406,4.001388,3.889461,3.917443,1.940231,116800
1984-03-28,3.889461,3.945424,3.889461,3.945424,1.954089,101600
1984-03-29,3.889461,3.945424,3.833498,3.833498,1.898654,65200
1984-03-30,3.833498,4.029370,3.805516,4.001388,1.981807,237200
1984-04-02,4.001388,4.001388,3.861479,3.861479,1.912513,388000
1984-04-03,3.861479,3.945424,3.805516,3.889461,1.926371,150800
1984-04-04,3.945424,4.141296,3.917443,4.141296,2.051101,1678000
1984-04-05,4.169278,4.225242,4.085333,4.141296,2.051101,637600
1984-04-06,4.113315,4.113315,3.973406,4.085333,2.023383,616000
1984-04-09,4.113315,4.113315,4.029370,4.057352,2.009525,269600
1984-04-10,4.085333,4.169278,4.029370,4.029370,1.995665,624800
1984-04-11,4.085333,4.085333,3.889461,3.889461,1.926371,970400
1984-04-12,3.889461,4.029370,3.861479,4.029370,1.995665,864400
1984-04-13,4.029370,4.057352,4.001388,4.029370,1.995665,431600
1984-04-16,3.973406,4.029370,3.973406,4.029370,1.998999,196800
1984-04-17,4.029370,4.113315,4.029370,4.057352,2.012882,64400
1984-04-18,4.085333,4.141296,4.085333,4.085333,2.026763,360000
1984-04-19,4.085333,4.113315,4.001388,4.057352,2.012882,612000
1984-04-23,4.001388,4.029370,3.973406,3.973406,1.971236,268400
1984-04-24,4.029370,4.029370,3.973406,4.001388,1.985118,297600
1984-04-25,4.029370,4.113315,4.001388,4.113315,2.040645,610400
1984-04-26,4.141296,4.197260,4.085333,4.169278,2.068411,441200
1984-04-27,4.169278,4.253223,4.141296,4.141296,2.054527,561200
1984-04-30,4.085333,4.197260,4.085333,4.113315,2.040645,215600
1984-05-01,4.113315,4.141296,4.085333,4.113315,2.040645,224400
1984-05-02,4.085333,4.141296,4.085333,4.085333,2.026763,78800
1984-05-03,4.085333,4.197260,4.085333,4.197260,2.082291,80400
1984-05-04,4.197260,4.225242,4.057352,4.085333,2.026763,468400
1984-05-07,4.029370,4.029370,3.973406,4.001388,1.985118,203200
1984-05-08,3.973406,4.001388,3.945424,3.973406,1.971236,215600
1984-05-09,4.001388,4.001388,3.805516,3.889461,1.929589,185600
1984-05-10,3.889461,3.889461,3.805516,3.889461,1.929589,816000
1984-05-11,3.861479,4.029370,3.833498,3.973406,1.971236,579200
1984-05-14,3.917443,4.085333,3.917443,4.057352,2.012882,180800
1984-05-15,4.001388,4.085333,4.001388,4.057352,2.012882,433600
1984-05-16,4.057352,4.169278,4.029370,4.169278,2.068411,448000
1984-05-17,4.197260,4.197260,4.113315,4.141296,2.054527,173200
1984-05-18,4.141296,4.169278,4.057352,4.141296,2.054527,247600
1984-05-21,4.141296,4.141296,4.029370,4.085333,2.026763,584000
1984-05-22,4.001388,4.001388,3.917443,3.973406,1.971236,225200
1984-05-23,3.973406,3.973406,3.833498,3.861479,1.915707,418400
1984-05-24,3.889461,3.973406,3.833498,3.861479,1.915707,372000
1984-05-25,3.861479,3.861479,3.777534,3.777534,1.874063,1708400
1984-05-29,3.833498,3.861479,3.777534,3.777534,1.874063,59200
1984-05-30,3.889461,3.889461,3.749552,3.861479,1.915707,55200
1984-05-31,3.861479,3.861479,3.805516,3.805516,1.887944,174400
1984-06-01,3.805516,3.861479,3.805516,3.833498,1.901825,241600
1984-06-04,3.861479,4.001388,3.833498,3.917443,1.943472,320000
1984-06-05,3.833498,3.861479,3.805516,3.805516,1.887944,107600
1984-06-06,3.805516,3.861479,3.777534,3.861479,1.915707,299600
1984-06-07,3.889461,4.001388,3.889461,3.973406,1.971236,304400
1984-06-08,3.973406,4.001388,3.917443,3.917443,1.943472,292000
1984-06-11,3.945424,3.945424,3.889461,3.917443,1.943472,98400
1984-06-12,3.917443,3.917443,3.861479,3.917443,1.943472,952800
1984-06-13,3.833498,3.917443,3.833498,3.861479,1.915707,279200
1984-06-14,3.861479,3.861479,3.833498,3.833498,1.901825,287200
1984-06-15,3.833498,3.861479,3.749552,3.833498,1.901825,546400
1984-06-18,3.749552,3.777534,3.665607,3.749552,1.860180,208000
1984-06-19,3.749552,3.805516,3.693589,3.721570,1.846298,286400
1984-06-20,3.693589,3.777534,3.693589,3.777534,1.874063,40800
1984-06-21,3.721570,3.805516,3.721570,3.721570,1.846298,525200
1984-06-22,3.693589,3.721570,3.637625,3.665607,1.818535,195200
1984-06-25,3.665607,3.665607,3.469735,3.469735,1.721360,320000
1984-06-26,3.413771,3.413771,3.245881,3.273863,1.624187,271600
1984-06-27,3.301845,3.525698,3.301845,3.441753,1.707479,255600
1984-06-28,3.413771,3.581662,3.413771,3.581662,1.776888,312000
1984-06-29,3.553680,3.581662,3.525698,3.525698,1.749125,71200
1984-07-02,3.553680,3.553680,3.413771,3.413771,1.693597,235200
1984-07-03,3.413771,3.469735,3.329826,3.357808,1.665833,141600
1984-07-05,3.329826,3.329826,3.245881,3.245881,1.610306,82800
1984-07-06,3.217899,3.273863,3.189918,3.189918,1.582542,278400
1984-07-09,3.189918,3.273863,3.105973,3.133954,1.554778,332000
1984-07-10,3.133954,3.217899,3.133954,3.217899,1.596424,140400
1984-07-11,3.217899,3.245881,3.105973,3.105973,1.540895,610800
1984-07-12,3.077991,3.105973,2.966064,2.994045,1.485368,224800
1984-07-13,2.994045,3.105973,2.994045,3.105973,1.540895,436800
1984-07-16,3.105973,3.189918,3.105973,3.105973,1.540895,300800
1984-07-17,3.133954,3.217899,3.133954,3.189918,1.582542,181600
1984-07-18,3.189918,3.217899,3.161936,3.189918,1.582542,455600
1984-07-19,3.161936,3.217899,3.133954,3.133954,1.554778,314800
1984-07-20,3.133954,3.133954,3.105973,3.133954,1.554778,342400
1984-07-23,3.133954,3.133954,2.910100,2.966064,1.471486,437200
1984-07-24,2.966064,2.994045,2.798173,2.882118,1.429840,377600
1984-07-25,2.882118,2.994045,2.882118,2.938082,1.457604,220400
1984-07-26,2.966064,3.022027,2.938082,2.938082,1.457604,159600
1984-07-27,2.966064,2.966064,2.798173,2.882118,1.429840,549200
1984-07-30,2.882118,2.910100,2.798173,2.910100,1.443722,146400
1984-07-31,2.910100,2.938082,2.798173,2.798173,1.388194,289600
1984-08-01,2.910100,2.994045,2.910100,2.910100,1.443722,1353200
1984-08-02,2.938082,3.022027,2.882118,2.910100,1.443722,906800
1984-08-03,2.938082,3.050009,2.882118,2.994045,1.485368,1691200
1984-08-06,2.994045,3.189918,2.994045,3.022027,1.499249,698400
1984-08-07,2.910100,3.133954,2.910100,3.077991,1.530418,218800
1984-08-08,3.105973,3.357808,3.105973,3.329826,1.655633,915200
1984-08-09,3.357808,3.497717,3.301845,3.413771,1.697371,834000
1984-08-10,3.441753,3.469735,3.329826,3.385790,1.683459,220400
1984-08-13,3.385790,3.497717,3.357808,3.441753,1.711284,91200
1984-08-14,3.497717,3.497717,3.357808,3.385790,1.683459,110000
1984-08-15,3.441753,3.497717,3.413771,3.441753,1.711284,255200
1984-08-16,3.441753,3.497717,3.413771,3.469735,1.725197,153600
1984-08-17,3.525698,3.553680,3.441753,3.497717,1.739111,567600
1984-08-20,3.497717,3.581662,3.385790,3.581662,1.780849,217600
1984-08-21,3.637625,3.721570,3.609644,3.665607,1.822588,219200
1984-08-22,3.665607,3.777534,3.609644,3.693589,1.836500,242000
1984-08-23,3.721570,3.861479,3.721570,3.805516,1.892151,272000
1984-08-24,3.805516,3.805516,3.777534,3.777534,1.878239,144400
1984-08-27,3.777534,3.777534,3.693589,3.749552,1.864326,97600
1984-08-28,3.721570,3.861479,3.721570,3.833498,1.906065,265600
1984-08-29,3.833498,3.889461,3.777534,3.833498,1.906065,618000
1984-08-30,3.749552,3.889461,3.721570,3.889461,1.933890,341200
1984-08-31,3.861479,3.861479,3.721570,3.749552,1.864326,454400
1984-09-04,3.693589,3.805516,3.665607,3.805516,1.892151,456800
1984-09-05,3.721570,3.777534,3.693589,3.749552,1.864326,150000
1984-09-06,3.749552,3.805516,3.749552,3.749552,1.864326,304400
1984-09-07,3.805516,3.805516,3.693589,3.721570,1.850413,22000
1984-09-10,3.721570,3.721570,3.525698,3.665607,1.822588,87200
1984-09-11,3.609644,3.749552,3.609644,3.749552,1.864326,114800
1984-09-12,3.693589,3.805516,3.693589,3.805516,1.892151,192800
1984-09-13,3.749552,3.861479,3.749552,3.861479,1.919978,245200
1984-09-14,3.861479,4.001388,3.805516,3.945424,1.961718,588000
1984-09-17,3.917443,3.973406,3.889461,3.973406,1.975628,174000
1984-09-18,3.917443,4.029370,3.917443,3.973406,1.975628,295200
1984-09-19,3.973406,4.001388,3.945424,3.973406,1.975628,74400
1984-09-20,3.973406,4.029370,3.945424,3.973406,1.975628,134000
1984-09-21,3.917443,3.945424,3.889461,3.917443,1.947804,189600
1984-09-24,3.889461,3.917443,3.861479,3.889461,1.933890,171200
1984-09-25,3.861479,3.861479,3.721570,3.861479,1.919978,690000
1984-09-26,3.917443,3.973406,3.861479,3.889461,1.933890,105600
1984-09-27,3.917443,3.917443,3.721570,3.749552,1.864326,44400
1984-09-28,3.777534,3.777534,3.721570,3.777534,1.878239,85600
1984-10-01,3.693589,3.693589,3.553680,3.581662,1.780849,124000
1984-10-02,3.553680,3.581662,3.469735,3.525698,1.753023,226400
1984-10-03,3.469735,3.525698,3.413771,3.497717,1.739111,899200
1984-10-04,3.497717,3.497717,3.357808,3.441753,1.711284,1033200
1984-10-05,3.441753,3.469735,3.441753,3.469735,1.725197,350400
1984-10-08,3.441753,3.497717,3.441753,3.469735,1.725197,22400
1984-10-09,3.469735,3.525698,3.441753,3.469735,1.725197,480800
1984-10-10,3.497717,3.525698,3.497717,3.525698,1.753023,78400
1984-10-11,3.581662,3.721570,3.581662,3.637625,1.808675,218400
1984-10-12,3.693589,3.749552,3.693589,3.749552,1.864326,74000
1984-10-15,3.777534,3.861479,3.721570,3.721570,1.850413,280000
1984-10-16,3.693589,3.749552,3.637625,3.637625,1.808675,234800
1984-10-17,3.637625,3.637625,3.469735,3.525698,1.753023,476000
1984-10-18,3.441753,3.581662,3.301845,3.581662,1.780849,426800
1984-10-19,3.497717,3.525698,3.385790,3.441753,1.711284,151200
1984-10-22,3.385790,3.525698,3.329826,3.385790,1.683459,404000
1984-10-23,3.357808,3.441753,3.329826,3.385790,1.683459,334000
1984-10-24,3.385790,3.413771,3.357808,3.357808,1.669546,105600
1984-10-25,3.357808,3.469735,3.357808,3.441753,1.711284,314000
1984-10-26,3.413771,3.413771,3.357808,3.385790,1.683459,98800
1984-10-29,3.441753,3.441753,3.329826,3.329826,1.655633,173600
1984-10-30,3.385790,3.385790,3.245881,3.301845,1.641720,75200
1984-10-31,3.329826,3.413771,3.329826,3.357808,1.669546,109600
1984-11-01,3.413771,3.413771,3.273863,3.301845,1.645012,173600
1984-11-02,3.245881,3.329826,3.217899,3.329826,1.658953,361600
1984-11-05,3.301845,3.357808,3.245881,3.329826,1.658953,591200
1984-11-06,3.413771,3.413771,3.301845,3.301845,1.645012,198000
1984-11-07,3.385790,3.469735,3.385790,3.469735,1.728657,575200
1984-11-08,3.413771,3.497717,3.413771,3.469735,1.728657,72000
1984-11-09,3.469735,3.525698,3.385790,3.413771,1.700776,215600
1984-11-12,3.441753,3.469735,3.385790,3.469735,1.728657,364000
1984-11-13,3.413771,3.469735,3.385790,3.385790,1.686834,54800
1984-11-14,3.385790,3.413771,3.301845,3.301845,1.645012,206800
1984-11-15,3.301845,3.329826,3.273863,3.301845,1.645012,123600
1984-11-16,3.357808,3.357808,3.301845,3.301845,1.645012,70000
1984-11-19,3.301845,3.385790,3.301845,3.329826,1.658953,58000
1984-11-20,3.301845,3.357808,3.217899,3.301845,1.645012,188000
1984-11-21,3.301845,3.301845,3.161936,3.245881,1.617130,84400
1984-11-23,3.273863,3.301845,3.273863,3.273863,1.631072,9600
1984-11-26,3.245881,3.245881,3.105973,3.161936,1.575308,255600
1984-11-27,3.189918,3.189918,3.050009,3.189918,1.589250,285200
1984-11-28,3.217899,3.273863,3.133954,3.133954,1.561368,136800
1984-11-29,3.133954,3.189918,3.105973,3.133954,1.561368,108000
1984-11-30,3.105973,3.105973,2.938082,2.994045,1.491663,335600
1984-12-03,2.994045,3.077991,2.994045,3.077991,1.533486,462000
1984-12-04,3.050009,3.161936,3.022027,3.161936,1.575308,395600
1984-12-05,3.217899,3.217899,3.022027,3.022027,1.505604,296000
1984-12-06,2.994045,3.077991,2.994045,3.050009,1.519544,310400
1984-12-07,3.050009,3.077991,3.022027,3.077991,1.533486,284000
1984-12-10,3.105973,3.217899,3.077991,3.105973,1.547427,418800
1984-12-11,3.133954,3.161936,3.077991,3.105973,1.547427,216400
1984-12-12,3.133954,3.133954,2.994045,2.994045,1.491663,364000
1984-12-13,3.022027,3.189918,3.022027,3.105973,1.547427,467600
1984-12-14,3.133954,3.217899,3.133954,3.133954,1.561368,102000
1984-12-17,3.133954,3.245881,3.105973,3.245881,1.617130,304400
1984-12-18,3.245881,3.273863,3.077991,3.189918,1.589250,1845600
1984-12-19,3.161936,3.161936,3.105973,3.133954,1.561368,806400
1984-12-20,3.050009,3.050009,2.994045,3.022027,1.505604,325200
1984-12-21,3.022027,3.022027,2.966064,3.022027,1.505604,254000
1984-12-24,3.022027,3.022027,2.994045,3.022027,1.505604,69200
1984-12-26,2.994045,3.022027,2.994045,3.022027,1.505604,578400
1984-12-27,2.994045,2.994045,2.910100,2.910100,1.449841,513200
1984-12-28,2.938082,3.050009,2.910100,3.022027,1.505604,452800
1984-12-31,3.022027,3.022027,2.938082,2.966064,1.477722,274000
1985-01-02,2.966064,2.966064,2.910100,2.938082,1.463782,415600
1985-01-03,2.938082,2.994045,2.938082,2.966064,1.477722,469600
1985-01-04,2.994045,3.022027,2.966064,3.022027,1.505604,138000
1985-01-07,2.966064,3.022027,2.966064,2.994045,1.491663,301600
1985-01-08,2.966064,2.994045,2.938082,2.938082,1.467075,612800
1985-01-09,2.938082,2.966064,2.910100,2.910100,1.453103,75600
1985-01-10,2.910100,3.050009,2.910100,3.050009,1.522963,207200
1985-01-11,3.050009,3.133954,3.050009,3.077991,1.536936,445200
1985-01-14,3.077991,3.189918,3.077991,3.189918,1.592824,238400
1985-01-15,3.189918,3.301845,3.189918,3.245881,1.620769,465200
1985-01-16,3.273863,3.301845,3.189918,3.217899,1.606797,853600
1985-01-17,3.161936,3.217899,3.133954,3.161936,1.578852,581600
1985-01-18,3.105973,3.217899,3.105973,3.217899,1.606797,93200
1985-01-21,3.273863,3.301845,3.189918,3.245881,1.620769,137200
1985-01-22,3.273863,3.301845,3.161936,3.245881,1.620769,501200
1985-01-23,3.245881,3.245881,3.161936,3.217899,1.606797,168400
1985-01-24,3.217899,3.245881,3.133954,3.189918,1.592824,323600
1985-01-25,3.217899,3.217899,3.105973,3.189918,1.592824,177200
1985-01-28,3.133954,3.133954,3.077991,3.105973,1.550908,307200
1985-01-29,3.133954,3.133954,3.077991,3.133954,1.564880,422800
1985-01-30,3.105973,3.301845,3.105973,3.217899,1.606797,748400
1985-01-31,3.245881,3.301845,3.189918,3.245881,1.620769,1016800
1985-02-01,3.273863,3.329826,3.245881,3.329826,1.662684,180000
1985-02-04,3.301845,3.385790,3.273863,3.357808,1.676657,259200
1985-02-05,3.357808,3.385790,3.301845,3.357808,1.676657,414000
1985-02-06,3.357808,3.441753,3.357808,3.413771,1.704601,204800
1985-02-07,3.413771,3.441753,3.385790,3.441753,1.718572,334800
1985-02-08,3.441753,3.469735,3.413771,3.413771,1.704601,183600
1985-02-11,3.385790,3.413771,3.273863,3.329826,1.662684,198400
1985-02-12,3.273863,3.413771,3.273863,3.413771,1.704601,138800
1985-02-13,3.413771,3.469735,3.385790,3.413771,1.704601,303600
1985-02-14,3.441753,3.469735,3.413771,3.441753,1.718572,193600
1985-02-15,3.413771,3.441753,3.357808,3.357808,1.676657,423200
1985-02-19,3.357808,3.441753,3.329826,3.441753,1.718572,777600
1985-02-20,3.413771,3.609644,3.385790,3.497717,1.746517,365600
1985-02-21,3.553680,3.581662,3.497717,3.497717,1.746517,748800
1985-02-22,3.497717,3.553680,3.469735,3.497717,1.746517,266800
1985-02-25,3.469735,3.497717,3.413771,3.413771,1.704601,217600
1985-02-26,3.441753,3.497717,3.441753,3.441753,1.718572,162800
1985-02-27,3.469735,3.497717,3.469735,3.497717,1.746517,113600
1985-02-28,3.469735,3.525698,3.469735,3.525698,1.760491,78800
1985-03-01,3.497717,3.497717,3.357808,3.441753,1.718572,338000
1985-03-04,3.413771,3.441753,3.357808,3.385790,1.690629,105200
1985-03-05,3.413771,3.441753,3.329826,3.329826,1.662684,134800
1985-03-06,3.357808,3.357808,3.357808,3.357808,1.676657,272000
1985-03-07,3.329826,3.357808,3.245881,3.245881,1.620769,260400
1985-03-08,3.217899,3.217899,3.189918,3.189918,1.592824,88800
1985-03-11,3.189918,3.245881,3.161936,3.217899,1.606797,136400
1985-03-12,3.189918,3.245881,3.161936,3.245881,1.620769,389200
1985-03-13,3.301845,3.301845,3.217899,3.245881,1.620769,582800
1985-03-14,3.245881,3.245881,3.189918,3.189918,1.592824,153600
1985-03-15,3.189918,3.301845,3.189918,3.301845,1.648713,660800
1985-03-18,3.357808,3.469735,3.357808,3.413771,1.704601,247600
1985-03-19,3.441753,3.497717,3.413771,3.469735,1.732545,56400
1985-03-20,3.469735,3.525698,3.385790,3.385790,1.690629,180400
1985-03-21,3.301845,3.441753,3.301845,3.413771,1.704601,890400
1985-03-22,3.385790,3.413771,3.357808,3.357808,1.676657,733200
1985-03-25,3.357808,3.413771,3.329826,3.329826,1.662684,68400
1985-03-26,3.329826,3.357808,3.301845,3.357808,1.676657,90400
1985-03-27,3.441753,3.497717,3.413771,3.413771,1.704601,206000
1985-03-28,3.441753,3.469735,3.413771,3.469735,1.732545,226800
1985-03-29,3.469735,3.525698,3.441753,3.525698,1.760491,109600
1985-04-01,3.553680,3.553680,3.497717,3.497717,1.746517,312800
1985-04-02,3.497717,3.525698,3.329826,3.385790,1.690629,164800
1985-04-03,3.329826,3.413771,3.329826,3.413771,1.704601,182800
1985-04-04,3.385790,3.413771,3.357808,3.413771,1.704601,218800
1985-04-08,3.413771,3.469735,3.357808,3.441753,1.718572,474400
1985-04-09,3.413771,3.469735,3.413771,3.441753,1.718572,121600
1985-04-10,3.441753,3.469735,3.413771,3.469735,1.732545,258800
1985-04-11,3.469735,3.525698,3.441753,3.525698,1.760491,1230800
1985-04-12,3.525698,3.637625,3.497717,3.637625,1.816378,1142000
1985-04-15,3.609644,3.693589,3.581662,3.637625,1.816378,261200
1985-04-16,3.665607,3.665607,3.581662,3.609644,1.802405,197600
1985-04-17,3.609644,3.609644,3.553680,3.553680,1.774462,174000
1985-04-18,3.553680,3.609644,3.553680,3.581662,1.788434,107200
1985-04-19,3.581662,3.665607,3.581662,3.609644,1.802405,414400
1985-04-22,3.581662,3.581662,3.525698,3.553680,1.774462,136400
1985-04-23,3.581662,3.581662,3.525698,3.525698,1.760491,268800
1985-04-24,3.413771,3.469735,3.413771,3.469735,1.732545,146400
1985-04-25,3.497717,3.497717,3.413771,3.469735,1.732545,329200
1985-04-26,3.469735,3.525698,3.469735,3.497717,1.746517,100400
1985-04-29,3.497717,3.581662,3.497717,3.525698,1.760491,109600
1985-04-30,3.441753,3.441753,3.385790,3.385790,1.693858,248800
1985-05-01,3.385790,3.469735,3.385790,3.441753,1.721854,210400
1985-05-02,3.469735,3.525698,3.469735,3.497717,1.749853,291200
1985-05-03,3.497717,3.553680,3.497717,3.525698,1.763852,110400
1985-05-06,3.525698,3.525698,3.497717,3.525698,1.763852,90400
1985-05-07,3.553680,3.609644,3.553680,3.609644,1.805847,230000
1985-05-08,3.609644,3.609644,3.525698,3.581662,1.791849,418400
1985-05-09,3.581662,3.581662,3.553680,3.581662,1.791849,347600
1985-05-10,3.581662,3.581662,3.553680,3.581662,1.791849,372800
1985-05-13,3.581662,3.609644,3.553680,3.581662,1.791849,144400
1985-05-14,3.553680,3.609644,3.553680,3.581662,1.791849,411200
1985-05-15,3.581662,3.609644,3.553680,3.609644,1.805847,334800
1985-05-16,3.581662,3.581662,3.497717,3.553680,1.777851,582800
1985-05-17,3.581662,3.581662,3.553680,3.581662,1.791849,562400
1985-05-20,3.609644,3.637625,3.581662,3.581662,1.791849,312800
1985-05-21,3.609644,3.609644,3.553680,3.553680,1.777851,247600
1985-05-22,3.525698,3.553680,3.497717,3.497717,1.749853,107600
1985-05-23,3.497717,3.525698,3.441753,3.497717,1.749853,147600
1985-05-24,3.469735,3.469735,3.413771,3.441753,1.721854,166000
1985-05-28,3.441753,3.497717,3.413771,3.497717,1.749853,138800
1985-05-29,3.469735,3.469735,3.357808,3.385790,1.693858,277200
1985-05-30,3.385790,3.413771,3.357808,3.413771,1.707856,388800
1985-05-31,3.385790,3.469735,3.385790,3.469735,1.735853,630000
1985-06-03,3.497717,3.497717,3.441753,3.441753,1.721854,267200
1985-06-04,3.441753,3.441753,3.385790,3.413771,1.707856,228000
1985-06-05,3.413771,3.413771,3.385790,3.413771,1.707856,515600
1985-06-06,3.385790,3.413771,3.385790,3.413771,1.707856,1107200
1985-06-07,3.385790,3.413771,3.357808,3.385790,1.693858,331600
1985-06-10,3.357808,3.413771,3.357808,3.357808,1.679858,193200
1985-06-11,3.357808,3.413771,3.357808,3.385790,1.693858,1171200
1985-06-12,3.385790,3.441753,3.385790,3.385790,1.693858,403200
1985-06-13,3.413771,3.413771,3.301845,3.301845,1.651862,238000
1985-06-14,3.357808,3.413771,3.357808,3.413771,1.707856,496000
1985-06-17,3.413771,3.413771,3.357808,3.385790,1.693858,603200
1985-06-18,3.357808,3.385790,3.329826,3.385790,1.693858,568000
1985-06-19,3.413771,3.469735,3.413771,3.413771,1.707856,150000
1985-06-20,3.413771,3.441753,3.329826,3.357808,1.679858,649200
1985-06-21,3.385790,3.413771,3.357808,3.385790,1.693858,419600
1985-06-24,3.413771,3.413771,3.357808,3.413771,1.707856,136000
1985-06-25,3.385790,3.441753,3.385790,3.441753,1.721854,180400
1985-06-26,3.413771,3.441753,3.413771,3.413771,1.707856,1159600
1985-06-27,3.357808,3.413771,3.357808,3.385790,1.693858,892000
1985-06-28,3.357808,3.357808,3.245881,3.329826,1.665859,224400
1985-07-01,3.329826,3.329826,3.217899,3.245881,1.623864,400400
1985-07-02,3.245881,3.273863,3.133954,3.217899,1.609865,914800
1985-07-03,3.189918,3.301845,3.189918,3.301845,1.651862,236400
1985-07-05,3.273863,3.329826,3.273863,3.329826,1.665859,29600
1985-07-08,3.329826,3.329826,3.301845,3.301845,1.651862,47200
1985-07-09,3.245881,3.245881,3.189918,3.217899,1.609865,117200
1985-07-10,3.245881,3.329826,3.217899,3.245881,1.623864,316400
1985-07-11,3.273863,3.301845,3.217899,3.273863,1.637863,86800
1985-07-12,3.301845,3.301845,3.245881,3.245881,1.623864,222000
1985-07-15,3.189918,3.189918,3.105973,3.105973,1.553869,514800
1985-07-16,3.077991,3.105973,3.022027,3.105973,1.553869,170400
1985-07-17,3.133954,3.133954,3.050009,3.077991,1.539870,764000
1985-07-18,3.050009,3.133954,3.022027,3.105973,1.553869,214800
1985-07-19,3.077991,3.133954,3.050009,3.133954,1.567868,122400
1985-07-22,3.133954,3.133954,3.077991,3.077991,1.539870,363600
1985-07-23,3.050009,3.105973,3.022027,3.050009,1.525871,109600
1985-07-24,3.050009,3.133954,3.050009,3.133954,1.567868,239200
1985-07-25,3.133954,3.133954,3.105973,3.133954,1.567868,124800
1985-07-26,3.105973,3.245881,3.105973,3.189918,1.595866,738400
1985-07-29,3.161936,3.189918,3.105973,3.105973,1.553869,450800
1985-07-30,3.133954,3.161936,3.105973,3.105973,1.553869,699200
1985-07-31,3.077991,3.133954,3.050009,3.105973,1.553869,230000
1985-08-01,3.133954,3.189918,3.133954,3.161936,1.581867,792800
1985-08-02,3.161936,3.161936,3.077991,3.077991,1.539870,189600
1985-08-05,3.105973,3.133954,3.077991,3.077991,1.539870,167600
1985-08-06,3.077991,3.105973,3.050009,3.077991,1.543240,164800
1985-08-07,3.050009,3.077991,3.022027,3.022027,1.515181,1136800
1985-08-08,3.022027,3.105973,3.022027,3.022027,1.515181,184000
1985-08-09,3.022027,3.050009,2.994045,3.022027,1.515181,327600
1985-08-12,3.022027,3.189918,3.022027,3.189918,1.599357,180400
1985-08-13,3.161936,3.161936,3.077991,3.105973,1.557270,731200
1985-08-14,3.077991,3.133954,3.077991,3.105973,1.557270,223600
1985-08-15,3.133954,3.217899,3.133954,3.189918,1.599357,442800
1985-08-16,3.133954,3.133954,3.133954,3.133954,1.571299,145600
1985-08-19,3.105973,3.105973,3.077991,3.105973,1.557270,245200
1985-08-20,3.105973,3.105973,3.050009,3.050009,1.529210,364800
1985-08-21,3.050009,3.077991,3.050009,3.077991,1.543240,352800
1985-08-22,3.105973,3.105973,2.994045,3.050009,1.529210,307600
1985-08-23,3.022027,3.050009,3.022027,3.022027,1.515181,623600
1985-08-26,3.050009,3.050009,2.994045,3.050009,1.529210,432400
1985-08-27,3.022027,3.105973,3.022027,3.105973,1.557270,1302000
1985-08-28,3.077991,3.105973,3.050009,3.050009,1.529210,442800
1985-08-29,3.022027,3.077991,3.022027,3.077991,1.543240,1180000
1985-08-30,3.050009,3.105973,3.050009,3.105973,1.557270,61600
1985-09-03,3.105973,3.189918,3.105973,3.189918,1.599357,350800
1985-09-04,3.161936,3.189918,3.077991,3.077991,1.543240,227200
1985-09-05,3.105973,3.217899,3.077991,3.189918,1.599357,119600
1985-09-06,3.133954,3.161936,3.133954,3.133954,1.571299,430400
1985-09-09,3.133954,3.301845,3.133954,3.245881,1.627416,298400
1985-09-10,3.273863,3.357808,3.273863,3.273863,1.641446,455600
1985-09-11,3.301845,3.329826,3.245881,3.273863,1.641446,693600
1985-09-12,3.273863,3.273863,3.161936,3.161936,1.585328,1163600
1985-09-13,3.133954,3.161936,3.022027,3.077991,1.543240,637600
1985-09-16,3.105973,3.105973,3.050009,3.077991,1.543240,17600
1985-09-17,3.050009,3.105973,3.022027,3.022027,1.515181,135200
1985-09-18,3.022027,3.050009,2.994045,3.022027,1.515181,290000
1985-09-19,3.022027,3.050009,2.994045,3.050009,1.529210,28400
1985-09-20,3.105973,3.189918,3.105973,3.189918,1.599357,533200
1985-09-23,3.189918,3.273863,3.133954,3.245881,1.627416,259600
1985-09-24,2.966064,2.994045,2.938082,2.966064,1.487122,12800
1985-09-25,2.966064,3.022027,2.966064,2.966064,1.487122,16000
1985-09-26,2.938082,3.077991,2.938082,3.022027,1.515181,199200
1985-09-30,3.077991,3.077991,2.910100,2.910100,1.459063,162800
1985-10-01,2.966064,2.994045,2.882118,2.994045,1.501152,160000
1985-10-02,3.022027,3.161936,3.022027,3.133954,1.571299,902800
1985-10-03,3.105973,3.189918,3.105973,3.161936,1.585328,361600
1985-10-04,3.133954,3.133954,3.105973,3.105973,1.557270,210400
1985-10-07,3.105973,3.133954,3.077991,3.105973,1.557270,608800
1985-10-08,3.077991,3.077991,3.050009,3.050009,1.529210,210400
1985-10-09,3.050009,3.077991,3.050009,3.050009,1.529210,61600
1985-10-10,3.077991,3.077991,2.994045,3.050009,1.529210,164800
1985-10-11,3.050009,3.077991,3.050009,3.077991,1.543240,82000
1985-10-14,3.050009,3.050009,3.050009,3.050009,1.529210,6000
1985-10-15,3.050009,3.077991,3.022027,3.077991,1.543240,1233600
1985-10-16,3.105973,3.161936,3.105973,3.133954,1.571299,316800
1985-10-17,3.133954,3.189918,3.105973,3.105973,1.557270,171600
1985-10-18,3.105973,3.133954,3.105973,3.105973,1.557270,95200
1985-10-21,3.133954,3.217899,3.133954,3.133954,1.571299,452800
1985-10-22,3.189918,3.385790,3.189918,3.329826,1.669504,492400
1985-10-23,3.329826,3.385790,3.301845,3.329826,1.669504,320000
1985-10-24,3.357808,3.441753,3.329826,3.441753,1.725622,180800
1985-10-25,3.413771,3.413771,3.329826,3.385790,1.697564,364800
1985-10-28,3.441753,3.497717,3.441753,3.497717,1.753682,495600
1985-10-29,3.497717,3.497717,3.441753,3.469735,1.739651,220800
1985-10-30,3.497717,3.497717,3.329826,3.357808,1.683535,548000
1985-10-31,3.329826,3.329826,3.161936,3.189918,1.599357,1205600
1985-11-01,3.189918,3.273863,3.161936,3.245881,1.627416,487200
1985-11-04,3.245881,3.273863,3.217899,3.245881,1.627416,38800
1985-11-05,3.217899,3.217899,3.161936,3.217899,1.616735,349600
1985-11-06,3.189918,3.189918,3.133954,3.189918,1.602675,450400
1985-11-07,3.161936,3.273863,3.161936,3.245881,1.630793,723600
1985-11-08,3.217899,3.217899,3.189918,3.217899,1.616735,852000
1985-11-11,3.245881,3.301845,3.217899,3.273863,1.644852,155200
1985-11-12,3.217899,3.273863,3.217899,3.245881,1.630793,444000
1985-11-13,3.245881,3.273863,3.245881,3.245881,1.630793,166800
1985-11-14,3.217899,3.301845,3.217899,3.273863,1.644852,131600
1985-11-15,3.245881,3.301845,3.245881,3.301845,1.658910,781200
1985-11-18,3.273863,3.329826,3.273863,3.301845,1.658910,264400
1985-11-19,3.329826,3.357808,3.301845,3.329826,1.672968,239600
1985-11-20,3.301845,3.329826,3.301845,3.301845,1.658910,124400
1985-11-21,3.329826,3.413771,3.273863,3.385790,1.701086,488400
1985-11-22,3.413771,3.413771,3.385790,3.385790,1.701086,126800
1985-11-25,3.385790,3.413771,3.385790,3.385790,1.701086,142400
1985-11-26,3.385790,3.413771,3.385790,3.385790,1.701086,156400
1985-11-27,3.385790,3.441753,3.385790,3.413771,1.715143,830400
1985-11-29,3.385790,3.441753,3.385790,3.441753,1.729202,185200
1985-12-02,3.441753,3.441753,3.329826,3.329826,1.672968,180400
1985-12-03,3.329826,3.329826,3.217899,3.273863,1.644852,134800
1985-12-04,3.189918,3.301845,3.189918,3.273863,1.644852,230000
1985-12-05,3.301845,3.301845,3.245881,3.273863,1.644852,360800
1985-12-06,3.273863,3.273863,3.245881,3.245881,1.630793,189200
1985-12-09,3.245881,3.245881,3.050009,3.077991,1.546440,626000
1985-12-10,3.077991,3.105973,2.994045,3.022027,1.518324,571600
1985-12-11,2.994045,3.050009,2.966064,3.050009,1.532383,674400
1985-12-12,3.050009,3.189918,3.050009,3.105973,1.560501,388000
1985-12-13,3.077991,3.161936,3.050009,3.105973,1.560501,349600
1985-12-16,3.077991,3.077991,2.994045,3.022027,1.518324,116800
1985-12-17,2.994045,3.022027,2.966064,2.966064,1.490207,270800
1985-12-18,2.966064,2.966064,2.938082,2.966064,1.490207,303200
1985-12-19,2.938082,3.161936,2.938082,3.161936,1.588617,461200
1985-12-20,3.105973,3.217899,3.077991,3.217899,1.616735,461200
1985-12-23,3.189918,3.189918,3.022027,3.077991,1.546440,152000
1985-12-24,3.050009,3.077991,3.050009,3.077991,1.546440,26800
1985-12-26,3.133954,3.133954,3.105973,3.105973,1.560501,27600
1985-12-27,3.105973,3.133954,3.022027,3.022027,1.518324,288800
1985-12-30,3.050009,3.050009,2.994045,3.022027,1.518324,104800
1985-12-31,3.050009,3.050009,2.994045,3.022027,1.518324,358400
1986-01-02,3.022027,3.050009,3.022027,3.022027,1.518324,30800
1986-01-03,3.077991,3.077991,3.050009,3.077991,1.546440,135600
1986-01-06,3.050009,3.050009,3.022027,3.022027,1.518324,74800
1986-01-07,3.050009,3.105973,3.022027,3.050009,1.532383,154800
1986-01-08,3.105973,3.133954,3.022027,3.022027,1.518324,618400
1986-01-09,2.994045,3.050009,2.994045,2.994045,1.504266,70400
1986-01-10,2.994045,3.077991,2.966064,2.994045,1.504266,1550400
1986-01-13,2.994045,3.050009,2.966064,3.022027,1.518324,100000
1986-01-14,2.994045,3.022027,2.966064,2.994045,1.504266,192400
1986-01-15,2.994045,3.050009,2.994045,3.022027,1.518324,261200
1986-01-16,3.022027,3.077991,2.994045,2.994045,1.504266,373200
1986-01-17,2.966064,2.994045,2.938082,2.938082,1.476148,368400
1986-01-20,2.966064,2.966064,2.938082,2.966064,1.490207,129600
1986-01-21,2.938082,2.938082,2.770192,2.854137,1.433973,2146000
1986-01-22,2.854137,2.854137,2.714228,2.714228,1.363681,682800
1986-01-23,2.742210,2.770192,2.658265,2.686246,1.349622,258400
1986-01-24,2.714228,2.770192,2.686246,2.742210,1.377738,166000
1986-01-27,2.686246,2.686246,2.630283,2.658265,1.335563,496000
1986-01-28,2.630283,2.658265,2.630283,2.630283,1.321504,392000
1986-01-29,2.602301,2.658265,2.602301,2.602301,1.307446,1036000
1986-01-30,2.574320,2.658265,2.574320,2.574320,1.293388,710800
1986-01-31,2.546338,2.602301,2.546338,2.574320,1.293388,498000
1986-02-03,2.574320,2.630283,2.518356,2.518356,1.265271,292800
1986-02-04,2.266521,2.518356,2.266521,2.266521,1.141790,1355600
1986-02-05,2.266521,2.462393,2.266521,2.434411,1.226367,819200
1986-02-06,2.406429,2.518356,2.406429,2.490374,1.254559,284400
1986-02-07,2.462393,2.546338,2.462393,2.518356,1.268655,250800
1986-02-10,2.490374,2.658265,2.490374,2.518356,1.268655,207600
1986-02-11,2.518356,2.518356,2.434411,2.434411,1.226367,496400
1986-02-12,2.462393,2.462393,2.406429,2.406429,1.212271,486400
1986-02-13,2.406429,2.406429,2.350466,2.378447,1.198174,188000
1986-02-14,2.378447,2.378447,2.322484,2.350466,1.184078,509200
1986-02-18,2.294502,2.378447,2.294502,2.350466,1.184078,294800
1986-02-19,2.322484,2.350466,2.266521,2.266521,1.141790,1443200
1986-02-20,2.238539,2.350466,2.238539,2.266521,1.141790,948800
1986-02-21,2.266521,2.350466,2.266521,2.322484,1.169982,404400
1986-02-24,2.462393,2.518356,2.378447,2.434411,1.226367,511600
1986-02-25,2.406429,2.518356,2.378447,2.518356,1.268655,668400
1986-02-26,2.518356,2.714228,2.518356,2.658265,1.339136,337600
1986-02-27,2.686246,2.714228,2.490374,2.546338,1.282752,266000
1986-02-28,2.546338,2.574320,2.406429,2.406429,1.212271,1666000
1986-03-03,2.406429,2.462393,2.406429,2.434411,1.226367,256800
1986-03-04,2.434411,2.434411,2.350466,2.350466,1.184078,1100800
1986-03-05,2.350466,2.378447,2.294502,2.378447,1.198174,626000
1986-03-06,2.350466,2.462393,2.350466,2.406429,1.212271,141600
1986-03-07,2.406429,2.434411,2.322484,2.322484,1.169982,1068800
1986-03-10,2.350466,2.378447,2.294502,2.322484,1.169982,392800
1986-03-11,2.378447,2.434411,2.350466,2.378447,1.198174,564800
1986-03-12,2.406429,2.434411,2.378447,2.406429,1.212271,796000
1986-03-13,2.434411,2.434411,2.350466,2.350466,1.184078,364800
1986-03-14,2.378447,2.378447,2.238539,2.238539,1.127694,241200
1986-03-17,2.266521,2.294502,2.210557,2.238539,1.127694,1169600
1986-03-18,2.266521,2.406429,2.266521,2.378447,1.198174,277600
1986-03-19,2.406429,2.434411,2.322484,2.350466,1.184078,177200
1986-03-20,2.350466,2.378447,2.322484,2.378447,1.198174,233600
1986-03-21,2.378447,2.434411,2.378447,2.434411,1.226367,350800
1986-03-24,2.434411,2.434411,2.294502,2.294502,1.155886,230000
1986-03-25,2.322484,2.322484,2.238539,2.238539,1.127694,464000
1986-03-26,2.238539,2.266521,2.210557,2.238539,1.127694,395200
1986-03-27,2.266521,2.350466,2.266521,2.266521,1.141790,130400
1986-03-31,2.238539,2.294502,2.182575,2.266521,1.141790,254800
1986-04-01,2.322484,2.322484,2.154593,2.154593,1.085405,692400
1986-04-02,2.182575,2.210557,2.154593,2.182575,1.099501,356400
1986-04-03,2.182575,2.210557,2.154593,2.154593,1.085405,395600
1986-04-04,2.154593,2.266521,2.154593,2.238539,1.127694,336000
1986-04-07,2.266521,2.350466,2.266521,2.294502,1.155886,192800
1986-04-08,2.322484,2.322484,2.294502,2.294502,1.155886,32800
1986-04-09,2.266521,2.266521,2.210557,2.210557,1.113598,167200
1986-04-10,2.238539,2.266521,2.238539,2.266521,1.141790,300800
1986-04-11,2.238539,2.294502,2.238539,2.294502,1.155886,165200
1986-04-14,2.350466,2.350466,2.294502,2.294502,1.155886,771200
1986-04-15,2.266521,2.322484,2.238539,2.266521,1.141790,657200
1986-04-16,2.294502,2.294502,2.238539,2.266521,1.141790,255200
1986-04-17,2.238539,2.266521,2.238539,2.238539,1.127694,278000
1986-04-18,2.238539,2.350466,2.238539,2.350466,1.184078,111200
1986-04-21,2.294502,2.378447,2.294502,2.294502,1.155886,122800
1986-04-22,2.350466,2.406429,2.322484,2.322484,1.169982,121200
1986-04-23,2.266521,2.350466,2.266521,2.350466,1.184078,192000
1986-04-24,2.350466,2.378447,2.350466,2.350466,1.184078,72800
1986-04-25,2.350466,2.350466,2.266521,2.322484,1.169982,272000
1986-04-28,2.350466,2.350466,2.294502,2.294502,1.155886,57600
1986-04-29,2.294502,2.294502,2.238539,2.294502,1.159282,110400
1986-04-30,2.238539,2.294502,2.238539,2.238539,1.131006,104000
1986-05-01,2.294502,2.294502,2.266521,2.294502,1.159282,127200
1986-05-02,2.350466,2.434411,2.322484,2.406429,1.215832,222000
1986-05-05,2.378447,2.462393,2.378447,2.406429,1.215832,113600
1986-05-06,2.434411,2.434411,2.406429,2.406429,1.215832,50800
1986-05-07,2.406429,2.406429,2.378447,2.406429,1.215832,92000
1986-05-08,2.434411,2.546338,2.406429,2.518356,1.272382,317600
1986-05-09,2.546338,2.546338,2.462393,2.462393,1.244107,238400
1986-05-12,2.406429,2.462393,2.378447,2.462393,1.244107,257200
1986-05-13,2.434411,2.434411,2.350466,2.434411,1.229969,963200
1986-05-14,2.462393,2.462393,2.406429,2.434411,1.229969,651600
1986-05-15,2.462393,2.462393,2.434411,2.434411,1.229969,56000
1986-05-16,2.434411,2.490374,2.434411,2.490374,1.258245,307200
1986-05-19,2.490374,2.602301,2.490374,2.546338,1.286520,206800
1986-05-20,2.574320,2.574320,2.490374,2.490374,1.258245,270000
1986-05-21,2.462393,2.462393,2.434411,2.462393,1.244107,74800
1986-05-22,2.490374,2.574320,2.462393,2.546338,1.286520,1322800
1986-05-23,2.574320,2.686246,2.546338,2.686246,1.357207,239200
1986-05-27,2.630283,2.630283,2.574320,2.574320,1.300657,435600
1986-05-28,2.602301,2.630283,2.546338,2.546338,1.286520,102000
1986-05-29,2.518356,2.602301,2.518356,2.574320,1.300657,524800
1986-05-30,2.574320,2.630283,2.574320,2.574320,1.300657,224800
1986-06-02,2.574320,2.630283,2.574320,2.602301,1.314795,234000
1986-06-03,2.630283,2.630283,2.546338,2.602301,1.314795,92000
1986-06-04,2.602301,2.602301,2.518356,2.546338,1.286520,153600
1986-06-05,2.518356,2.518356,2.434411,2.434411,1.229969,382800
1986-06-06,2.434411,2.434411,2.378447,2.378447,1.201693,36000
1986-06-09,2.378447,2.378447,2.294502,2.322484,1.173419,570000
1986-06-10,2.350466,2.350466,2.294502,2.294502,1.159282,464400
1986-06-11,2.294502,2.294502,2.238539,2.238539,1.131006,617600
1986-06-12,2.266521,2.294502,2.238539,2.238539,1.131006,824000
1986-06-13,2.266521,2.350466,2.266521,2.322484,1.173419,319600
1986-06-16,2.350466,2.350466,2.294502,2.294502,1.159282,255600
1986-06-17,2.294502,2.322484,2.266521,2.322484,1.173419,102800
1986-06-18,2.322484,2.322484,2.294502,2.294502,1.159282,23200
1986-06-19,2.294502,2.322484,2.182575,2.182575,1.102731,820800
1986-06-20,2.210557,2.210557,2.126612,2.126612,1.074456,762800
1986-06-23,2.154593,2.182575,2.070648,2.126612,1.074456,686800
1986-06-24,2.098630,2.238539,2.070648,2.238539,1.131006,421200
1986-06-25,2.210557,2.322484,2.126612,2.154593,1.088593,668800
1986-06-26,2.154593,2.154593,2.098630,2.098630,1.060318,475200
1986-06-27,2.126612,2.182575,2.098630,2.182575,1.102731,1601600
1986-06-30,2.294502,2.294502,2.182575,2.182575,1.102731,386400
1986-07-01,2.182575,2.294502,2.182575,2.238539,1.131006,788000
1986-07-02,2.210557,2.238539,2.210557,2.238539,1.131006,173200
1986-07-03,2.238539,2.238539,2.210557,2.210557,1.116869,258000
1986-07-07,2.154593,2.210557,2.154593,2.182575,1.102731,100400
1986-07-08,2.210557,2.238539,2.210557,2.210557,1.116869,104000
1986-07-09,2.182575,2.210557,2.154593,2.154593,1.088593,361600
1986-07-10,2.182575,2.210557,2.126612,2.154593,1.088593,233600
1986-07-11,2.182575,2.182575,2.098630,2.182575,1.102731,216000
1986-07-14,2.210557,2.210557,2.098630,2.098630,1.060318,258000
1986-07-15,2.098630,2.126612,2.070648,2.126612,1.074456,107200
1986-07-16,2.098630,2.126612,2.098630,2.098630,1.060318,376800
1986-07-17,2.070648,2.126612,2.042666,2.098630,1.060318,267200
1986-07-18,2.070648,2.070648,1.986703,2.014685,1.017906,359600
1986-07-21,2.014685,2.042666,2.014685,2.042666,1.032043,292400
1986-07-22,2.070648,2.070648,2.042666,2.070648,1.046180,26000
1986-07-23,2.070648,2.126612,2.042666,2.098630,1.060318,844800
1986-07-24,2.098630,2.098630,2.070648,2.098630,1.060318,264000
1986-07-25,2.098630,2.098630,2.014685,2.014685,1.017906,950000
1986-07-28,1.986703,1.986703,1.958721,1.958721,0.989630,677600
1986-07-29,1.902758,1.902758,1.762849,1.818813,0.918943,919600
1986-07-30,1.818813,1.818813,1.790831,1.790831,0.904805,1700400
1986-07-31,1.818813,1.846794,1.790831,1.790831,0.904805,492000
1986-08-01,1.818813,1.818813,1.790831,1.818813,0.918943,732400
1986-08-04,1.790831,1.846794,1.790831,1.846794,0.933080,468800
1986-08-05,2.070648,2.098630,1.902758,2.070648,1.050002,1491200
1986-08-06,2.042666,2.042666,1.930740,1.930740,0.979056,1075200
1986-08-07,2.014685,2.070648,2.014685,2.070648,1.050002,292800
1986-08-08,2.098630,2.126612,2.014685,2.014685,1.021623,341600
1986-08-11,2.042666,2.098630,2.014685,2.014685,1.021623,1317600
1986-08-12,2.070648,2.238539,2.070648,2.182575,1.106759,456400
1986-08-13,2.182575,2.210557,2.154593,2.154593,1.092569,97600
1986-08-14,2.182575,2.238539,2.070648,2.238539,1.135136,622400
1986-08-15,2.210557,2.266521,2.182575,2.210557,1.120948,318000
1986-08-18,2.210557,2.238539,2.182575,2.210557,1.120948,528000
1986-08-19,2.238539,2.266521,2.182575,2.210557,1.120948,178800
1986-08-20,2.154593,2.322484,2.154593,2.322484,1.177704,183600
1986-08-21,2.238539,2.238539,2.210557,2.238539,1.135136,170000
1986-08-22,2.182575,2.294502,2.154593,2.294502,1.163515,582400
1986-08-25,2.266521,2.322484,2.266521,2.294502,1.163515,154000
1986-08-26,2.294502,2.462393,2.266521,2.406429,1.220272,493600
1986-08-27,2.378447,2.490374,2.378447,2.434411,1.234461,693600
1986-08-28,2.434411,2.434411,2.350466,2.406429,1.220272,385200
1986-08-29,2.434411,2.462393,2.434411,2.462393,1.248651,341200
1986-09-02,2.462393,2.462393,2.378447,2.378447,1.206083,221200
1986-09-03,2.406429,2.434411,2.378447,2.434411,1.234461,176400
1986-09-04,2.434411,2.602301,2.406429,2.602301,1.319596,595200
1986-09-05,2.574320,2.658265,2.574320,2.574320,1.305408,1031200
1986-09-08,2.574320,2.686246,2.574320,2.602301,1.319596,537200
1986-09-09,2.602301,2.602301,2.462393,2.462393,1.248651,179200
1986-09-10,2.434411,2.490374,2.406429,2.490374,1.262840,223600
1986-09-11,2.490374,2.490374,2.294502,2.322484,1.177704,276000
1986-09-12,2.294502,2.322484,2.266521,2.294502,1.163515,114000
1986-09-15,2.322484,2.378447,2.238539,2.322484,1.177704,246000
1986-09-16,2.266521,2.350466,2.266521,2.322484,1.177704,80800
1986-09-17,2.294502,2.294502,2.182575,2.210557,1.120948,376800
1986-09-18,2.238539,2.238539,2.126612,2.126612,1.078380,109600
1986-09-19,2.154593,2.154593,2.070648,2.098630,1.064191,184000
1986-09-22,2.154593,2.182575,2.126612,2.182575,1.106759,322400
1986-09-23,2.182575,2.238539,2.182575,2.238539,1.135136,115200
1986-09-24,2.294502,2.294502,2.210557,2.238539,1.135136,408000
1986-09-25,2.210557,2.210557,2.098630,2.126612,1.078380,117600
1986-09-26,2.070648,2.126612,2.070648,2.126612,1.078380,207200
1986-09-29,2.154593,2.182575,2.126612,2.182575,1.106759,288800
1986-09-30,2.154593,2.294502,2.154593,2.294502,1.163515,320000
1986-10-01,2.322484,2.350466,2.266521,2.266521,1.149326,82400
1986-10-02,2.266521,2.322484,2.238539,2.238539,1.135136,196800
1986-10-03,2.238539,2.350466,2.238539,2.350466,1.191893,423200
1986-10-06,2.294502,2.350466,2.294502,2.294502,1.163515,400800
1986-10-07,2.266521,2.294502,2.238539,2.294502,1.163515,239200
1986-10-08,2.294502,2.322484,2.266521,2.322484,1.177704,125600
1986-10-09,2.294502,2.294502,2.154593,2.210557,1.120948,134000
1986-10-10,2.210557,2.210557,2.126612,2.182575,1.106759,152400
1986-10-13,2.182575,2.238539,2.154593,2.210557,1.120948,113200
1986-10-14,2.126612,2.154593,2.070648,2.126612,1.078380,227600
1986-10-15,2.154593,2.182575,2.154593,2.182575,1.106759,165600
1986-10-16,2.182575,2.182575,2.126612,2.126612,1.078380,135200
1986-10-17,2.098630,2.126612,2.098630,2.126612,1.078380,86800
1986-10-20,2.126612,2.126612,2.070648,2.098630,1.064191,182400
1986-10-21,2.098630,2.098630,2.070648,2.098630,1.064191,97600
1986-10-22,2.098630,2.126612,2.070648,2.126612,1.078380,137200
1986-10-23,2.098630,2.126612,2.070648,2.126612,1.078380,260800
1986-10-24,2.070648,2.126612,2.070648,2.126612,1.078380,472800
1986-10-27,2.126612,2.210557,2.126612,2.154593,1.092569,781600
1986-10-28,2.154593,2.182575,2.154593,2.154593,1.092569,208800
1986-10-29,2.154593,2.182575,2.126612,2.126612,1.078380,146800
1986-10-30,2.126612,2.182575,2.042666,2.182575,1.106759,226400
1986-10-31,2.210557,2.294502,2.210557,2.266521,1.149326,259600
1986-11-03,2.266521,2.378447,2.210557,2.322484,1.177704,273600
1986-11-04,2.406429,2.406429,2.294502,2.406429,1.223813,70000
1986-11-05,2.406429,2.490374,2.406429,2.490374,1.266504,342800
1986-11-06,2.462393,2.490374,2.406429,2.462393,1.252274,102400
1986-11-07,2.462393,2.574320,2.462393,2.574320,1.309196,957600
1986-11-10,2.518356,2.574320,2.462393,2.574320,1.309196,452400
1986-11-11,2.574320,2.630283,2.546338,2.630283,1.337656,193600
1986-11-12,2.630283,2.714228,2.630283,2.658265,1.351886,540400
1986-11-13,2.658265,2.658265,2.602301,2.630283,1.337656,433600
1986-11-14,2.630283,2.658265,2.574320,2.658265,1.351886,163200
1986-11-17,2.630283,2.686246,2.602301,2.658265,1.351886,539600
1986-11-18,2.686246,2.686246,2.574320,2.602301,1.323426,1044800
1986-11-19,2.546338,2.546338,2.350466,2.378447,1.209582,322000
1986-11-20,2.406429,2.630283,2.406429,2.574320,1.309196,747600
1986-11-21,2.574320,2.602301,2.490374,2.518356,1.280735,316800
1986-11-24,2.518356,2.546338,2.378447,2.378447,1.209582,116800
1986-11-25,2.406429,2.434411,2.350466,2.434411,1.238042,71600
1986-11-26,2.434411,2.490374,2.406429,2.462393,1.252274,102000
1986-11-28,2.462393,2.462393,2.462393,2.462393,1.252274,44000
1986-12-01,2.462393,2.462393,2.378447,2.434411,1.238042,161600
1986-12-02,2.434411,2.462393,2.350466,2.406429,1.223813,107200
1986-12-03,2.378447,2.406429,2.378447,2.406429,1.223813,96400
1986-12-04,2.378447,2.434411,2.350466,2.406429,1.223813,138400
1986-12-05,2.378447,2.434411,2.378447,2.378447,1.209582,149200
1986-12-08,2.350466,2.406429,2.350466,2.378447,1.209582,138000
1986-12-09,2.406429,2.406429,2.322484,2.350466,1.195352,2265600
1986-12-10,2.322484,2.350466,2.294502,2.350466,1.195352,75600
1986-12-11,2.322484,2.378447,2.266521,2.294502,1.166891,161200
1986-12-12,2.322484,2.406429,2.266521,2.406429,1.223813,374400
1986-12-15,2.406429,2.434411,2.210557,2.406429,1.223813,595600
1986-12-16,2.434411,2.462393,2.406429,2.462393,1.252274,357200
1986-12-17,2.462393,2.462393,2.406429,2.406429,1.223813,670400
1986-12-18,2.378447,2.434411,2.322484,2.322484,1.181122,754000
1986-12-19,2.378447,2.490374,2.378447,2.490374,1.266504,1141200
1986-12-22,2.490374,2.630283,2.462393,2.574320,1.309196,1038000
1986-12-23,2.574320,2.574320,2.518356,2.546338,1.294965,457200
1986-12-24,2.518356,2.546338,2.490374,2.518356,1.280735,274800
1986-12-26,2.518356,2.546338,2.462393,2.518356,1.280735,237200
1986-12-29,2.462393,2.490374,2.434411,2.434411,1.238042,352000
1986-12-30,2.434411,2.574320,2.434411,2.518356,1.280735,250400
1986-12-31,2.546338,2.546338,2.434411,2.490374,1.266504,110400
1987-01-02,2.518356,2.574320,2.518356,2.518356,1.280735,130400
1987-01-05,2.546338,2.630283,2.518356,2.574320,1.309196,824000
1987-01-06,2.630283,2.686246,2.630283,2.686246,1.366116,678400
1987-01-07,2.658265,2.770192,2.658265,2.686246,1.366116,2490400
1987-01-08,2.686246,2.714228,2.658265,2.714228,1.380347,646400
1987-01-09,2.686246,2.854137,2.658265,2.854137,1.451499,1814000
1987-01-12,2.882118,2.938082,2.854137,2.910100,1.479959,968400
1987-01-13,2.966064,3.050009,2.966064,2.966064,1.508420,3024800
1987-01-14,2.966064,3.105973,2.966064,3.077991,1.565342,1294400
1987-01-15,3.077991,3.077991,3.022027,3.050009,1.551111,968400
1987-01-16,3.050009,3.050009,2.966064,2.994045,1.522651,251600
1987-01-19,3.050009,3.133954,3.022027,3.133954,1.593803,1420400
1987-01-20,3.133954,3.301845,3.133954,3.133954,1.593803,3376000
1987-01-21,3.133954,3.133954,3.050009,3.050009,1.551111,521600
1987-01-22,3.050009,3.133954,3.022027,3.133954,1.593803,800400
1987-01-23,3.133954,3.189918,3.105973,3.105973,1.579573,1553200
1987-01-26,3.077991,3.133954,2.994045,3.105973,1.579573,335200
1987-01-27,3.133954,3.245881,3.133954,3.189918,1.622264,435200
1987-01-28,3.161936,3.189918,3.133954,3.161936,1.608033,252800
1987-01-29,3.133954,3.161936,3.133954,3.133954,1.593803,911200
1987-01-30,3.133954,3.217899,3.133954,3.161936,1.608033,343200
1987-02-02,3.189918,3.273863,3.189918,3.245881,1.650725,330400
1987-02-03,3.329826,3.357808,3.245881,3.329826,1.696928,3422000
1987-02-04,3.245881,3.497717,3.245881,3.469735,1.768227,2015600
1987-02-05,3.525698,3.553680,3.469735,3.469735,1.768227,1618400
1987-02-06,3.525698,3.609644,3.469735,3.553680,1.811009,572400
1987-02-09,3.497717,3.497717,3.329826,3.329826,1.696928,991200
1987-02-10,3.357808,3.413771,3.329826,3.385790,1.725449,1937200
1987-02-11,3.385790,3.469735,3.385790,3.469735,1.768227,749200
1987-02-12,3.441753,3.469735,3.357808,3.357808,1.711188,669600
1987-02-13,3.385790,3.441753,3.385790,3.413771,1.739709,158400
1987-02-17,3.385790,3.497717,3.385790,3.469735,1.768227,899200
1987-02-18,3.469735,3.525698,3.441753,3.497717,1.782488,795600
1987-02-19,3.497717,3.525698,3.413771,3.413771,1.739709,242800
1987-02-20,3.469735,3.469735,3.357808,3.385790,1.725449,212000
1987-02-23,3.413771,3.413771,3.217899,3.245881,1.654149,272800
1987-02-24,3.217899,3.245881,3.105973,3.161936,1.611369,1114000
1987-02-25,3.161936,3.217899,3.133954,3.161936,1.611369,246800
1987-02-26,3.189918,3.189918,3.022027,3.022027,1.540070,1328000
1987-02-27,3.050009,3.189918,3.050009,3.161936,1.611369,550800
1987-03-02,3.161936,3.189918,3.105973,3.189918,1.625629,362800
1987-03-03,3.189918,3.189918,3.133954,3.161936,1.611369,784400
1987-03-04,3.217899,3.357808,3.189918,3.329826,1.696928,215200
1987-03-05,3.329826,3.329826,3.245881,3.273863,1.668409,73200
1987-03-06,3.245881,3.301845,3.217899,3.301845,1.682669,146800
1987-03-09,3.273863,3.357808,3.273863,3.301845,1.682669,526400
1987-03-10,3.329826,3.385790,3.301845,3.357808,1.711188,1050400
1987-03-11,3.413771,3.413771,3.385790,3.385790,1.725449,542000
1987-03-12,3.385790,3.413771,3.357808,3.357808,1.711188,241600
1987-03-13,3.385790,3.413771,3.357808,3.385790,1.725449,231600
1987-03-16,3.385790,3.385790,3.357808,3.357808,1.711188,70800
1987-03-17,3.357808,3.553680,3.357808,3.553680,1.811009,602400
1987-03-18,3.581662,3.805516,3.581662,3.721570,1.896567,1215200
1987-03-19,3.749552,3.777534,3.665607,3.665607,1.868048,237600
1987-03-20,3.721570,3.749552,3.693589,3.721570,1.896567,333600
1987-03-23,3.693589,3.749552,3.637625,3.637625,1.853787,140000
1987-03-24,3.693589,3.721570,3.637625,3.637625,1.853787,199600
1987-03-25,3.693589,3.917443,3.693589,3.917443,1.996386,391600
1987-03-26,3.917443,4.029370,3.833498,4.029370,2.053426,963200
1987-03-27,4.001388,4.001388,3.861479,3.889461,1.982129,242400
1987-03-30,3.917443,3.917443,3.861479,3.861479,1.967866,166400
1987-03-31,3.889461,3.889461,3.805516,3.861479,1.967866,329200
1987-04-01,3.861479,3.889461,3.833498,3.889461,1.982129,222400
1987-04-02,3.917443,4.029370,3.917443,4.001388,2.039166,1056000
1987-04-03,4.001388,4.001388,3.917443,3.973406,2.024905,538000
1987-04-06,3.945424,3.973406,3.721570,3.749552,1.910827,401600
1987-04-07,3.749552,3.749552,3.497717,3.525698,1.796748,864800
1987-04-08,3.553680,3.553680,3.525698,3.553680,1.811009,551600
1987-04-09,3.553680,3.553680,3.469735,3.497717,1.782488,301600
1987-04-10,3.469735,3.469735,3.357808,3.357808,1.711188,159600
1987-04-13,3.329826,3.441753,3.301845,3.441753,1.753968,328400
1987-04-14,3.441753,3.441753,3.357808,3.385790,1.725449,173600
1987-04-15,3.357808,3.413771,3.329826,3.329826,1.696928,419600
1987-04-16,3.385790,3.469735,3.385790,3.469735,1.768227,174400
1987-04-20,3.441753,3.441753,3.385790,3.413771,1.739709,217200
1987-04-21,3.413771,3.413771,3.357808,3.385790,1.725449,106400
1987-04-22,3.469735,3.525698,3.441753,3.469735,1.768227,147200
1987-04-23,3.441753,3.441753,3.385790,3.441753,1.753968,138400
1987-04-24,3.469735,3.525698,3.469735,3.525698,1.796748,94800
1987-04-27,3.469735,3.497717,3.441753,3.441753,1.753968,88400
1987-04-28,3.441753,3.469735,3.413771,3.469735,1.768227,97600
1987-04-29,3.441753,3.441753,3.357808,3.357808,1.711188,91200
1987-04-30,3.441753,3.441753,3.385790,3.441753,1.753968,162000
1987-05-01,3.469735,3.497717,3.357808,3.469735,1.768227,54000
1987-05-04,3.469735,3.497717,3.441753,3.469735,1.768227,173600
1987-05-05,3.609644,3.609644,3.469735,3.609644,1.843097,315600
1987-05-06,3.665607,3.889461,3.637625,3.889461,1.985973,310400
1987-05-07,3.805516,3.861479,3.749552,3.833498,1.957398,176400
1987-05-08,3.861479,3.861479,3.721570,3.721570,1.900248,52000
1987-05-11,3.749552,3.777534,3.721570,3.749552,1.914535,134000
1987-05-12,3.721570,3.721570,3.637625,3.665607,1.871673,153600
1987-05-13,3.693589,3.889461,3.693589,3.805516,1.943110,154400
1987-05-14,3.833498,3.861479,3.805516,3.805516,1.943110,882000
1987-05-15,3.805516,3.833498,3.749552,3.749552,1.914535,315200
1987-05-18,3.749552,3.777534,3.749552,3.749552,1.914535,152400
1987-05-19,3.777534,3.805516,3.721570,3.721570,1.900248,392800
1987-05-20,3.721570,3.805516,3.721570,3.805516,1.943110,1028400
1987-05-21,3.805516,3.805516,3.805516,3.805516,1.943110,986800
1987-05-22,3.861479,3.917443,3.833498,3.917443,2.000260,89200
1987-05-26,3.861479,3.861479,3.805516,3.833498,1.957398,355200
1987-05-27,3.805516,3.833498,3.749552,3.805516,1.943110,308400
1987-05-28,3.777534,3.777534,3.637625,3.665607,1.871673,213200
1987-05-29,3.693589,3.693589,3.553680,3.581662,1.828810,100400
1987-06-01,3.553680,3.553680,3.497717,3.497717,1.785947,288400
1987-06-02,3.469735,3.469735,3.385790,3.441753,1.757372,86400
1987-06-03,3.497717,3.581662,3.469735,3.581662,1.828810,278000
1987-06-04,3.609644,3.693589,3.581662,3.693589,1.885961,273600
1987-06-05,3.749552,3.833498,3.693589,3.777534,1.928824,222000
1987-06-08,3.833498,3.889461,3.833498,3.833498,1.957398,161600
1987-06-09,3.861479,3.861479,3.805516,3.833498,1.957398,372800
1987-06-10,3.805516,3.861479,3.665607,3.693589,1.885961,66400
1987-06-11,3.721570,3.805516,3.721570,3.805516,1.943110,144400
1987-06-12,3.749552,3.833498,3.749552,3.749552,1.914535,221200
1987-06-15,3.777534,3.777534,3.665607,3.693589,1.885961,40000
1987-06-16,3.665607,3.833498,3.665607,3.833498,1.957398,321600
1987-06-17,4.250000,4.281250,4.218750,4.250000,2.170064,236000
1987-06-18,4.250000,4.281250,4.218750,4.281250,2.186023,101600
1987-06-19,4.312500,4.468750,4.312500,4.468750,2.281760,282800
1987-06-22,4.406250,4.750000,4.406250,4.562500,2.329630,544000
1987-06-23,4.562500,4.562500,4.437500,4.468750,2.281760,323600
1987-06-24,4.406250,4.437500,4.375000,4.375000,2.233892,47600
1987-06-25,4.343750,4.375000,4.218750,4.281250,2.186023,268000
1987-06-26,4.312500,4.343750,4.250000,4.281250,2.186023,94400
1987-06-29,4.281250,4.281250,4.218750,4.218750,2.154110,32000
1987-06-30,4.218750,4.312500,4.156250,4.156250,2.122195,481200
1987-07-01,4.250000,4.250000,4.187500,4.187500,2.138153,236000
1987-07-02,4.250000,4.250000,4.187500,4.218750,2.154110,35200
1987-07-06,4.250000,4.312500,4.250000,4.312500,2.201978,161200
1987-07-07,4.281250,4.312500,4.281250,4.312500,2.201978,283200
1987-07-08,4.281250,4.562500,4.281250,4.500000,2.297717,188400
1987-07-09,4.593750,4.593750,4.531250,4.593750,2.345585,319200
1987-07-10,4.562500,4.593750,4.531250,4.593750,2.345585,198000
1987-07-13,4.593750,4.625000,4.531250,4.531250,2.313672,194400
1987-07-14,4.562500,4.562500,4.531250,4.531250,2.313672,262800
1987-07-15,4.500000,4.531250,4.468750,4.500000,2.297717,213200
1987-07-16,4.531250,4.593750,4.531250,4.593750,2.345585,280400
1987-07-17,4.562500,4.562500,4.531250,4.562500,2.329630,62000
1987-07-20,4.531250,4.562500,4.500000,4.531250,2.313672,68000
1987-07-21,4.468750,4.500000,4.406250,4.468750,2.281760,405200
1987-07-22,4.500000,4.500000,4.468750,4.500000,2.297717,64000
1987-07-23,4.468750,4.468750,4.312500,4.437500,2.265803,234400
1987-07-24,4.437500,4.437500,4.312500,4.312500,2.201978,74800
1987-07-27,4.250000,4.312500,4.125000,4.218750,2.154110,196000
1987-07-28,4.250000,4.281250,4.218750,4.250000,2.170064,97600
1987-07-29,4.281250,4.468750,4.218750,4.406250,2.249847,390400
1987-07-30,4.468750,4.562500,4.468750,4.531250,2.313672,432400
1987-07-31,4.562500,4.562500,4.468750,4.468750,2.281760,98000
1987-08-03,4.437500,4.593750,4.437500,4.593750,2.345585,400400
1987-08-04,4.437500,4.500000,4.406250,4.437500,2.269508,77600
1987-08-05,4.437500,4.531250,4.375000,4.375000,2.237545,661600
1987-08-06,4.375000,4.375000,4.187500,4.250000,2.173613,333200
1987-08-07,4.250000,4.250000,4.218750,4.218750,2.157633,393600
1987-08-10,4.250000,4.281250,4.250000,4.281250,2.189597,179600
1987-08-11,4.312500,4.312500,4.187500,4.312500,2.205579,187200
1987-08-12,4.312500,4.312500,4.187500,4.218750,2.157633,54400
1987-08-13,4.156250,4.281250,4.156250,4.281250,2.189597,67200
1987-08-14,4.250000,4.250000,4.062500,4.062500,2.077719,648400
1987-08-17,4.093750,4.125000,3.937500,4.000000,2.045755,290800
1987-08-18,4.000000,4.062500,3.875000,3.906250,1.997808,253200
1987-08-19,3.906250,3.937500,3.843750,3.843750,1.965843,248800
1987-08-20,3.906250,4.031250,3.906250,4.031250,2.061737,306000
1987-08-21,4.062500,4.062500,4.000000,4.031250,2.061737,62000
1987-08-24,4.062500,4.187500,4.000000,4.125000,2.109685,630400
1987-08-25,4.187500,4.218750,4.031250,4.093750,2.093702,243200
1987-08-26,4.062500,4.187500,4.062500,4.187500,2.141649,361200
1987-08-27,4.187500,4.218750,4.093750,4.156250,2.125666,706000
1987-08-28,4.156250,4.187500,4.125000,4.125000,2.109685,268000
1987-08-31,4.125000,4.250000,4.125000,4.250000,2.173613,189600
1987-09-01,4.250000,4.312500,4.187500,4.187500,2.141649,89600
1987-09-02,4.156250,4.187500,4.156250,4.187500,2.141649,50800
1987-09-03,4.156250,4.187500,4.156250,4.156250,2.125666,20000
1987-09-04,4.187500,4.218750,4.156250,4.156250,2.125666,26400
1987-09-08,4.156250,4.187500,4.031250,4.093750,2.093702,222000
1987-09-09,4.062500,4.125000,4.062500,4.125000,2.109685,40400
1987-09-10,4.187500,4.250000,4.125000,4.125000,2.109685,27200
1987-09-11,4.125000,4.156250,4.031250,4.093750,2.093702,96800
1987-09-14,4.062500,4.093750,4.000000,4.062500,2.077719,112000
1987-09-15,4.000000,4.000000,3.906250,3.937500,2.013790,43600
1987-09-16,3.687500,3.781250,3.687500,3.750000,1.917896,662000
1987-09-17,3.750000,3.781250,3.750000,3.781250,1.933878,43600
1987-09-18,3.750000,3.812500,3.750000,3.750000,1.917896,135200
1987-09-21,3.750000,3.781250,3.718750,3.718750,1.901913,130800
1987-09-22,3.750000,3.781250,3.718750,3.750000,1.917896,174800
1987-09-23,3.750000,3.750000,3.625000,3.718750,1.901913,92800
1987-09-24,3.656250,3.687500,3.500000,3.562500,1.822001,408000
1987-09-25,3.500000,3.593750,3.500000,3.562500,1.822001,306400
1987-09-28,3.593750,3.781250,3.531250,3.781250,1.933878,248800
1987-09-29,3.750000,3.812500,3.750000,3.812500,1.949861,67200
1987-09-30,3.750000,3.750000,3.687500,3.750000,1.917896,265200
1987-10-01,3.750000,3.750000,3.531250,3.531250,1.806018,377600
1987-10-02,3.531250,3.812500,3.531250,3.750000,1.917896,1196400
1987-10-05,3.812500,3.906250,3.812500,3.843750,1.965843,51200
1987-10-06,3.875000,3.875000,3.750000,3.750000,1.917896,52800
1987-10-07,3.750000,3.781250,3.687500,3.687500,1.885930,549600
1987-10-08,3.687500,3.718750,3.656250,3.718750,1.901913,27200
1987-10-09,3.750000,3.812500,3.625000,3.625000,1.853965,57200
1987-10-12,3.625000,3.625000,3.562500,3.593750,1.837984,35200
1987-10-13,3.593750,3.718750,3.593750,3.718750,1.901913,127200
1987-10-14,3.625000,3.656250,3.500000,3.562500,1.822001,662800
1987-10-15,3.531250,3.531250,3.437500,3.500000,1.790035,640800
1987-10-16,3.531250,3.562500,3.437500,3.500000,1.790035,193200
1987-10-19,3.500000,3.500000,2.812500,3.000000,1.534317,248800
1987-10-20,2.781250,2.812500,2.500000,2.656250,1.358509,762000
1987-10-21,2.687500,3.031250,2.687500,2.875000,1.470385,457200
1987-10-22,2.687500,2.875000,2.687500,2.812500,1.438422,1027200
1987-10-23,2.750000,2.781250,2.718750,2.781250,1.422439,102000
1987-10-26,2.718750,2.750000,2.531250,2.562500,1.310562,353600
1987-10-27,2.593750,2.750000,2.593750,2.656250,1.358509,188400
1987-10-28,2.593750,2.781250,2.562500,2.656250,1.358509,419600
1987-10-29,2.625000,2.750000,2.625000,2.750000,1.406456,406400
1987-10-30,2.812500,2.812500,2.562500,2.718750,1.390474,832400
1987-11-02,2.718750,2.875000,2.593750,2.781250,1.422439,1184000
1987-11-03,2.750000,2.750000,2.625000,2.625000,1.346157,1625600
1987-11-04,2.781250,3.000000,2.625000,3.000000,1.538465,2268400
1987-11-05,2.843750,2.937500,2.687500,2.750000,1.410259,817600
1987-11-06,2.687500,2.750000,2.687500,2.718750,1.394234,823200
1987-11-09,2.718750,2.843750,2.718750,2.750000,1.410259,462400
1987-11-10,2.687500,2.687500,2.562500,2.593750,1.330130,483200
1987-11-11,2.593750,2.687500,2.593750,2.656250,1.362182,145200
1987-11-12,2.687500,2.781250,2.687500,2.718750,1.394234,478000
1987-11-13,2.750000,2.875000,2.750000,2.750000,1.410259,357600
1987-11-16,2.781250,2.781250,2.750000,2.750000,1.410259,200800
1987-11-17,2.718750,2.812500,2.718750,2.718750,1.394234,288400
1987-11-18,2.750000,2.750000,2.718750,2.750000,1.410259,221600
1987-11-19,2.781250,2.843750,2.718750,2.718750,1.394234,505200
1987-11-20,2.718750,2.812500,2.687500,2.812500,1.442311,353200
1987-11-23,2.812500,3.343750,2.718750,3.343750,1.714748,352000
1987-11-24,3.156250,3.218750,3.000000,3.062500,1.570516,742400
1987-11-25,3.031250,3.062500,2.968750,3.000000,1.538465,512000
1987-11-27,2.937500,3.062500,2.937500,3.031250,1.554491,649200
1987-11-30,2.968750,2.968750,2.812500,2.937500,1.506414,685600
1987-12-01,2.937500,2.968750,2.937500,2.937500,1.506414,172800
1987-12-02,2.937500,3.000000,2.937500,2.937500,1.506414,190000
1987-12-03,3.000000,3.062500,2.937500,2.937500,1.506414,457200
1987-12-04,2.937500,2.937500,2.875000,2.937500,1.506414,372000
1987-12-07,2.968750,3.031250,2.937500,3.031250,1.554491,264400
1987-12-08,3.000000,3.031250,2.937500,3.000000,1.538465,164800
1987-12-09,3.000000,3.093750,2.968750,3.093750,1.586541,304800
1987-12-10,3.000000,3.031250,2.968750,3.000000,1.538465,232000
1987-12-11,3.000000,3.000000,2.968750,2.968750,1.522439,182400
1987-12-14,3.062500,3.062500,2.812500,2.875000,1.474362,332000
1987-12-15,2.875000,2.875000,2.812500,2.843750,1.458336,572000
1987-12-16,2.843750,2.843750,2.781250,2.781250,1.426285,175600
1987-12-17,2.812500,2.812500,2.656250,2.750000,1.410259,384000
1987-12-18,2.718750,2.843750,2.718750,2.843750,1.458336,162000
1987-12-21,2.875000,2.906250,2.843750,2.906250,1.490388,235200
1987-12-22,2.906250,3.031250,2.906250,3.000000,1.538465,290400
1987-12-23,3.000000,3.093750,3.000000,3.062500,1.570516,706000
1987-12-24,3.062500,3.187500,3.062500,3.156250,1.618593,230800
1987-12-28,3.125000,3.125000,3.062500,3.125000,1.602567,240400
1987-12-29,3.125000,3.125000,3.000000,3.000000,1.538465,172800
1987-12-30,3.062500,3.125000,3.031250,3.093750,1.586541,518400
1987-12-31,3.093750,3.250000,3.093750,3.187500,1.634619,258400
1988-01-04,3.250000,3.375000,3.250000,3.343750,1.714748,460000
1988-01-05,3.375000,3.468750,3.375000,3.406250,1.746799,359200
1988-01-06,3.468750,3.468750,3.375000,3.406250,1.746799,359200
1988-01-07,3.437500,3.625000,3.406250,3.625000,1.858978,1181200
1988-01-08,3.593750,3.625000,3.562500,3.562500,1.826928,263600
1988-01-11,3.562500,3.562500,3.375000,3.406250,1.746799,383200
1988-01-12,3.375000,3.406250,3.281250,3.312500,1.698721,244400
1988-01-13,3.281250,3.281250,3.250000,3.281250,1.682696,130000
1988-01-14,3.281250,3.343750,3.281250,3.312500,1.698721,91200
1988-01-15,3.343750,3.375000,3.250000,3.250000,1.666670,405200
1988-01-18,3.218750,3.250000,3.156250,3.156250,1.618593,63600
1988-01-19,3.156250,3.218750,3.156250,3.187500,1.634619,46400
1988-01-20,3.218750,3.218750,3.125000,3.125000,1.602567,129200
1988-01-21,3.218750,3.250000,3.156250,3.250000,1.666670,132400
1988-01-22,3.312500,3.375000,3.312500,3.375000,1.730772,22800
1988-01-25,3.312500,3.312500,3.250000,3.281250,1.682696,805600
1988-01-26,3.250000,3.250000,3.156250,3.187500,1.634619,68000
1988-01-27,3.156250,3.218750,3.125000,3.125000,1.602567,146000
1988-01-28,3.187500,3.187500,3.093750,3.187500,1.634619,48000
1988-01-29,3.218750,3.250000,3.187500,3.218750,1.650645,34800
1988-02-01,3.250000,3.406250,3.250000,3.281250,1.682696,150400
1988-02-02,3.281250,3.343750,3.281250,3.312500,1.702613,42800
1988-02-03,3.312500,3.406250,3.250000,3.250000,1.670488,139600
1988-02-04,3.187500,3.218750,3.156250,3.187500,1.638363,86400
1988-02-05,3.187500,3.187500,3.156250,3.156250,1.622301,22000
1988-02-08,3.187500,3.187500,3.156250,3.187500,1.638363,17200
1988-02-09,3.156250,3.250000,3.156250,3.250000,1.670488,55200
1988-02-10,3.250000,3.312500,3.218750,3.312500,1.702613,186000
1988-02-11,3.343750,3.406250,3.312500,3.343750,1.718676,68400
1988-02-12,3.312500,3.375000,3.281250,3.281250,1.686551,105200
1988-02-16,3.343750,3.343750,3.312500,3.343750,1.718676,128800
1988-02-17,3.343750,3.375000,3.281250,3.281250,1.686551,141200
1988-02-18,3.250000,3.312500,3.250000,3.250000,1.670488,290800
1988-02-19,3.281250,3.375000,3.281250,3.375000,1.734738,93600
1988-02-22,3.343750,3.406250,3.312500,3.343750,1.718676,294400
1988-02-23,3.312500,3.343750,3.281250,3.281250,1.686551,360000
1988-02-24,3.281250,3.312500,3.250000,3.312500,1.702613,604800
1988-02-25,3.312500,3.312500,3.250000,3.250000,1.670488,415200
1988-02-26,3.250000,3.281250,3.250000,3.250000,1.670488,25200
1988-02-29,3.250000,3.281250,3.250000,3.281250,1.686551,240400
1988-03-01,3.250000,3.250000,3.218750,3.218750,1.654426,165600
1988-03-02,3.218750,3.250000,3.218750,3.218750,1.654426,262400
1988-03-03,3.218750,3.250000,3.218750,3.218750,1.654426,297600
1988-03-04,3.218750,3.250000,3.187500,3.218750,1.654426,226400
1988-03-07,3.218750,3.281250,3.187500,3.250000,1.670488,29200
1988-03-08,3.250000,3.343750,3.250000,3.312500,1.702613,393600
1988-03-09,3.343750,3.375000,3.312500,3.343750,1.718676,346800
1988-03-10,3.375000,3.562500,3.375000,3.500000,1.798988,545600
1988-03-11,3.531250,3.531250,3.437500,3.500000,1.798988,45200
1988-03-14,3.468750,3.468750,3.437500,3.468750,1.782925,19200
1988-03-15,3.437500,3.500000,3.437500,3.437500,1.766862,27600
1988-03-16,3.437500,3.468750,3.437500,3.468750,1.782925,49200
1988-03-17,3.500000,3.531250,3.468750,3.531250,1.815050,76800
1988-03-18,3.531250,3.531250,3.437500,3.437500,1.766862,38800
1988-03-21,3.468750,3.468750,3.437500,3.468750,1.782925,61600
1988-03-22,3.500000,3.500000,3.468750,3.468750,1.782925,174800
1988-03-23,3.375000,3.406250,3.343750,3.406250,1.750800,650000
1988-03-24,3.375000,3.375000,3.312500,3.312500,1.702613,51200
1988-03-25,3.312500,3.343750,3.312500,3.312500,1.702613,442000
1988-03-28,3.281250,3.312500,3.187500,3.187500,1.638363,402800
1988-03-29,3.187500,3.250000,3.187500,3.218750,1.654426,116000
1988-03-30,3.218750,3.250000,3.125000,3.156250,1.622301,732000
1988-03-31,3.125000,3.125000,3.093750,3.093750,1.590175,170400
1988-04-04,3.125000,3.125000,3.093750,3.093750,1.590175,159200
1988-04-05,3.125000,3.156250,3.125000,3.125000,1.606239,216400
1988-04-06,3.093750,3.187500,3.093750,3.125000,1.606239,455200
1988-04-07,3.125000,3.250000,3.125000,3.218750,1.654426,136800
1988-04-08,3.250000,3.343750,3.250000,3.312500,1.702613,455600
1988-04-11,3.343750,3.468750,3.343750,3.468750,1.782925,411200
1988-04-12,3.500000,3.562500,3.500000,3.531250,1.815050,189600
1988-04-13,3.531250,3.562500,3.500000,3.562500,1.831113,296000
1988-04-14,3.500000,3.531250,3.437500,3.500000,1.798988,306800
1988-04-15,3.500000,3.531250,3.437500,3.468750,1.782925,310000
1988-04-18,3.437500,3.500000,3.406250,3.500000,1.798988,168400
1988-04-19,3.468750,3.500000,3.406250,3.437500,1.766862,390400
1988-04-20,3.406250,3.437500,3.375000,3.375000,1.734738,58000
1988-04-21,3.406250,3.406250,3.375000,3.406250,1.750800,94000
1988-04-22,3.406250,3.406250,3.343750,3.406250,1.750800,291200
1988-04-25,3.406250,3.468750,3.375000,3.437500,1.766862,108800
1988-04-26,3.406250,3.468750,3.406250,3.437500,1.766862,37600
1988-04-27,3.437500,3.468750,3.437500,3.468750,1.782925,134800
1988-04-28,3.437500,3.437500,3.406250,3.406250,1.750800,76800
1988-04-29,3.437500,3.437500,3.406250,3.437500,1.766862,262400
1988-05-02,3.406250,3.406250,3.375000,3.375000,1.734738,47200
1988-05-03,3.343750,3.406250,3.343750,3.343750,1.722504,107200
1988-05-04,3.375000,3.375000,3.343750,3.343750,1.722504,75600
1988-05-05,3.375000,3.375000,3.343750,3.343750,1.722504,152800
1988-05-06,3.375000,3.375000,3.343750,3.343750,1.722504,29600
1988-05-09,3.343750,3.375000,3.312500,3.312500,1.706405,130400
1988-05-10,3.312500,3.312500,3.250000,3.250000,1.674209,91200
1988-05-11,3.250000,3.250000,3.218750,3.250000,1.674209,90400
1988-05-12,3.250000,3.250000,3.187500,3.187500,1.642013,127200
1988-05-13,3.218750,3.250000,3.218750,3.250000,1.674209,40400
1988-05-16,3.250000,3.312500,3.250000,3.312500,1.706405,26800
1988-05-17,3.281250,3.312500,3.281250,3.281250,1.690307,12800
1988-05-18,3.281250,3.343750,3.218750,3.218750,1.658111,94000
1988-05-19,3.187500,3.250000,3.187500,3.250000,1.674209,68800
1988-05-20,3.250000,3.250000,3.218750,3.218750,1.658111,28800
1988-05-23,3.218750,3.218750,3.156250,3.156250,1.625914,132800
1988-05-24,3.156250,3.187500,3.156250,3.156250,1.625914,74800
1988-05-25,3.187500,3.281250,3.156250,3.156250,1.625914,340800
1988-05-26,3.218750,3.218750,3.156250,3.187500,1.642013,184400
1988-05-27,3.187500,3.187500,3.156250,3.187500,1.642013,77200
1988-05-31,3.156250,3.187500,3.125000,3.187500,1.642013,66400
1988-06-01,3.218750,3.218750,3.125000,3.187500,1.642013,118000
1988-06-02,3.187500,3.218750,3.156250,3.156250,1.625914,155600
1988-06-03,3.156250,3.218750,3.156250,3.156250,1.625914,126000
1988-06-06,3.156250,3.156250,3.000000,3.062500,1.577620,159600
1988-06-07,3.062500,3.093750,3.062500,3.093750,1.593717,258000
1988-06-08,3.031250,3.093750,3.031250,3.062500,1.577620,296400
1988-06-09,3.062500,3.062500,3.031250,3.031250,1.561522,444400
1988-06-10,3.031250,3.062500,3.000000,3.031250,1.561522,196400
1988-06-13,3.000000,3.031250,2.937500,2.937500,1.513227,488400
1988-06-14,2.968750,3.000000,2.937500,2.937500,1.513227,239200
1988-06-15,2.937500,2.968750,2.906250,2.906250,1.497129,519200
1988-06-16,2.875000,2.906250,2.843750,2.906250,1.497129,370800
1988-06-17,2.781250,2.875000,2.781250,2.875000,1.481030,168800
1988-06-20,2.875000,2.875000,2.843750,2.875000,1.481030,178000
1988-06-21,2.875000,2.906250,2.875000,2.875000,1.481030,473600
1988-06-22,2.875000,2.906250,2.843750,2.875000,1.481030,755200
1988-06-23,2.906250,2.937500,2.875000,2.937500,1.513227,204400
1988-06-24,2.937500,2.937500,2.906250,2.937500,1.513227,77600
1988-06-27,2.875000,2.906250,2.875000,2.906250,1.497129,128800
1988-06-28,2.875000,2.875000,2.875000,2.875000,1.481030,140400
1988-06-29,2.906250,2.906250,2.875000,2.906250,1.497129,247600
1988-06-30,2.875000,2.906250,2.875000,2.906250,1.497129,356800
1988-07-01,2.906250,2.937500,2.875000,2.937500,1.513227,134000
1988-07-05,2.906250,2.937500,2.875000,2.875000,1.481030,676000
1988-07-06,2.906250,3.000000,2.906250,2.937500,1.513227,616800
1988-07-07,2.906250,2.906250,2.843750,2.875000,1.481030,381200
1988-07-08,2.812500,2.906250,2.812500,2.843750,1.464933,424800
1988-07-11,2.843750,2.875000,2.812500,2.843750,1.464933,40800
1988-07-12,2.843750,2.843750,2.781250,2.812500,1.448835,1579600
1988-07-13,2.812500,2.812500,2.781250,2.781250,1.432737,138800
1988-07-14,2.812500,2.843750,2.781250,2.812500,1.448835,132400
1988-07-15,2.843750,2.843750,2.812500,2.843750,1.464933,273600
1988-07-18,2.843750,2.937500,2.843750,2.906250,1.497129,201600
1988-07-19,2.937500,2.937500,2.875000,2.906250,1.497129,125600
1988-07-20,2.937500,2.968750,2.875000,2.875000,1.481030,1111200
1988-07-21,2.906250,2.906250,2.875000,2.906250,1.497129,68000
1988-07-22,2.875000,2.906250,2.875000,2.906250,1.497129,70800
1988-07-25,2.906250,2.906250,2.875000,2.875000,1.481030,146400
1988-07-26,2.906250,2.937500,2.875000,2.906250,1.497129,564400
1988-07-27,2.906250,3.000000,2.875000,2.906250,1.497129,1474000
1988-07-28,2.906250,2.906250,2.875000,2.906250,1.497129,70800
1988-07-29,2.875000,2.906250,2.875000,2.875000,1.481030,1746800
1988-08-01,2.875000,2.906250,2.843750,2.843750,1.464933,503200
1988-08-02,2.812500,2.843750,2.812500,2.812500,1.452666,96000
1988-08-03,2.812500,2.812500,2.781250,2.812500,1.452666,314400
1988-08-04,2.843750,2.906250,2.843750,2.906250,1.501088,977600
1988-08-05,2.875000,2.906250,2.875000,2.906250,1.501088,70800
1988-08-08,2.906250,3.093750,2.906250,3.062500,1.581792,942800
1988-08-09,3.062500,3.093750,3.031250,3.031250,1.565651,234800
1988-08-10,3.031250,3.031250,3.000000,3.000000,1.549511,106000
1988-08-11,3.000000,3.000000,2.906250,3.000000,1.549511,1616000
1988-08-12,3.000000,3.000000,2.937500,2.968750,1.533369,60400
1988-08-15,3.000000,3.000000,2.968750,2.968750,1.533369,167600
1988-08-16,3.000000,3.187500,2.968750,3.125000,1.614073,143200
1988-08-17,3.125000,3.125000,3.000000,3.000000,1.549511,120800
1988-08-18,3.031250,3.031250,2.968750,3.000000,1.549511,168800
1988-08-19,2.968750,3.281250,2.968750,3.281250,1.694777,556800
1988-08-22,3.250000,3.281250,3.218750,3.250000,1.678635,792400
1988-08-23,3.218750,3.250000,3.187500,3.218750,1.662496,225200
1988-08-24,3.218750,3.250000,3.218750,3.250000,1.678635,423200
1988-08-25,3.218750,3.250000,3.218750,3.250000,1.678635,94000
1988-08-26,3.250000,3.312500,3.218750,3.281250,1.694777,688800
1988-08-29,3.281250,3.375000,3.281250,3.312500,1.710918,340800
1988-08-30,3.343750,3.343750,3.218750,3.250000,1.678635,373200
1988-08-31,3.250000,3.281250,3.250000,3.281250,1.694777,226800
1988-09-01,3.250000,3.281250,3.218750,3.250000,1.678635,322000
1988-09-02,3.312500,3.343750,3.281250,3.312500,1.710918,287600
1988-09-06,3.312500,3.343750,3.281250,3.281250,1.694777,151200
1988-09-07,3.281250,3.281250,3.156250,3.156250,1.630214,168000
1988-09-08,3.156250,3.218750,3.156250,3.218750,1.662496,116400
1988-09-09,3.218750,3.250000,3.218750,3.218750,1.662496,115200
1988-09-12,3.187500,3.187500,3.156250,3.156250,1.630214,125600
1988-09-13,3.156250,3.218750,3.156250,3.187500,1.646354,52800
1988-09-14,3.187500,3.250000,3.187500,3.218750,1.662496,363200
1988-09-15,3.250000,3.250000,3.187500,3.187500,1.646354,137200
1988-09-16,3.218750,3.218750,3.156250,3.156250,1.630214,32000
1988-09-19,3.156250,3.187500,3.156250,3.156250,1.630214,249600
1988-09-20,3.156250,3.218750,3.156250,3.218750,1.662496,71200
1988-09-21,3.218750,3.281250,3.218750,3.281250,1.694777,414000
1988-09-22,3.281250,3.281250,3.250000,3.250000,1.678635,127200
1988-09-23,3.250000,3.250000,3.218750,3.250000,1.678635,73200
1988-09-26,3.250000,3.250000,3.218750,3.218750,1.662496,261600
1988-09-27,3.218750,3.218750,3.187500,3.187500,1.646354,35200
1988-09-28,3.218750,3.250000,3.218750,3.218750,1.662496,133200
1988-09-29,3.218750,3.250000,3.187500,3.187500,1.646354,202800
1988-09-30,3.218750,3.218750,3.187500,3.187500,1.646354,118400
1988-10-03,3.218750,3.218750,3.125000,3.125000,1.614073,175600
1988-10-04,3.125000,3.125000,3.093750,3.125000,1.614073,59200
1988-10-05,3.093750,3.093750,3.062500,3.062500,1.581792,114400
1988-10-06,3.062500,3.093750,3.062500,3.093750,1.597932,167600
1988-10-07,3.062500,3.062500,3.031250,3.062500,1.581792,35600
1988-10-10,3.031250,3.125000,3.031250,3.125000,1.614073,230400
1988-10-11,3.125000,3.125000,3.093750,3.125000,1.614073,31200
1988-10-12,3.093750,3.093750,3.031250,3.062500,1.581792,144400
1988-10-13,3.062500,3.062500,3.031250,3.031250,1.565651,154000
1988-10-14,3.062500,3.093750,3.062500,3.093750,1.597932,25200
1988-10-17,3.093750,3.218750,3.093750,3.187500,1.646354,616800
1988-10-18,3.187500,3.187500,3.125000,3.125000,1.614073,108800
1988-10-19,3.125000,3.218750,3.125000,3.156250,1.630214,133600
1988-10-20,3.187500,3.187500,3.093750,3.093750,1.597932,21600
1988-10-21,3.125000,3.187500,3.093750,3.187500,1.646354,332800
1988-10-24,3.187500,3.187500,3.125000,3.125000,1.614073,12000
1988-10-25,3.125000,3.125000,3.093750,3.125000,1.614073,203200
1988-10-26,3.125000,3.125000,3.062500,3.062500,1.581792,141200
1988-10-27,3.062500,3.062500,3.000000,3.000000,1.549511,418000
1988-10-28,3.000000,3.093750,3.000000,3.093750,1.597932,60000
1988-10-31,3.031250,3.031250,3.000000,3.000000,1.549511,130400
1988-11-01,2.968750,3.000000,2.937500,2.968750,1.537212,64400
1988-11-02,3.000000,3.031250,2.968750,3.000000,1.553394,18400
1988-11-03,2.968750,2.968750,2.875000,2.875000,1.488668,440800
1988-11-04,2.875000,3.000000,2.875000,2.968750,1.537212,164800
1988-11-07,3.000000,3.000000,2.968750,3.000000,1.553394,67600
1988-11-08,3.000000,3.062500,3.000000,3.000000,1.553394,239200
1988-11-09,3.000000,3.031250,3.000000,3.000000,1.553394,208000
1988-11-10,3.000000,3.062500,3.000000,3.031250,1.569576,28000
1988-11-11,3.031250,3.031250,3.000000,3.031250,1.569576,332400
1988-11-14,2.968750,3.093750,2.968750,3.062500,1.585756,166000
1988-11-15,3.062500,3.125000,3.062500,3.062500,1.585756,122400
1988-11-16,3.062500,3.062500,3.000000,3.000000,1.553394,388400
1988-11-17,2.968750,3.000000,2.968750,3.000000,1.553394,71200
1988-11-18,2.968750,2.968750,2.906250,2.937500,1.521032,328400
1988-11-21,2.937500,2.937500,2.875000,2.906250,1.504850,236000
1988-11-22,2.875000,2.906250,2.843750,2.906250,1.504850,391600
1988-11-23,2.937500,3.000000,2.937500,3.000000,1.553394,54400
1988-11-25,2.968750,3.125000,2.968750,3.093750,1.601937,129200
1988-11-28,3.093750,3.156250,3.093750,3.125000,1.618119,180400
1988-11-29,3.062500,3.062500,3.062500,3.062500,1.585756,420400
1988-11-30,3.062500,3.062500,3.000000,3.031250,1.569576,23600
1988-12-01,3.000000,3.062500,2.968750,3.062500,1.585756,240800
1988-12-02,3.000000,3.031250,2.968750,2.968750,1.537212,53600
1988-12-05,2.937500,3.000000,2.937500,2.968750,1.537212,61600
1988-12-06,2.906250,2.937500,2.906250,2.906250,1.504850,145200
1988-12-07,2.937500,3.000000,2.937500,3.000000,1.553394,184400
1988-12-08,2.968750,3.031250,2.968750,3.000000,1.553394,379200
1988-12-09,3.000000,3.000000,2.968750,2.968750,1.537212,92000
1988-12-12,3.000000,3.062500,3.000000,3.062500,1.585756,650400
1988-12-13,3.062500,3.062500,2.968750,3.000000,1.553394,62800
1988-12-14,2.937500,2.968750,2.937500,2.968750,1.537212,340800
1988-12-15,2.937500,2.968750,2.937500,2.968750,1.537212,72800
1988-12-16,2.968750,2.968750,2.937500,2.968750,1.537212,22800
1988-12-19,2.937500,3.000000,2.937500,2.968750,1.537212,305200
1988-12-20,3.000000,3.000000,2.937500,2.937500,1.521032,216800
1988-12-21,2.937500,2.968750,2.937500,2.968750,1.537212,62400
1988-12-22,2.937500,2.968750,2.937500,2.968750,1.537212,566000
1988-12-23,2.937500,3.031250,2.937500,3.031250,1.569576,288000
1988-12-27,3.062500,3.062500,3.031250,3.031250,1.569576,68000
1988-12-28,3.062500,3.062500,3.031250,3.062500,1.585756,192800
1988-12-29,3.062500,3.093750,3.062500,3.093750,1.601937,170800
1988-12-30,3.093750,3.093750,3.062500,3.093750,1.601937,113600
1989-01-03,3.093750,3.093750,3.031250,3.031250,1.569576,96800
1989-01-04,2.968750,3.000000,2.968750,3.000000,1.553394,1041600
1989-01-05,3.000000,3.000000,2.968750,2.968750,1.537212,448400
1989-01-06,2.968750,3.062500,2.968750,3.031250,1.569576,813200
1989-01-09,3.062500,3.093750,3.031250,3.031250,1.569576,130800
1989-01-10,3.031250,3.093750,3.031250,3.031250,1.569576,70400
1989-01-11,3.000000,3.000000,2.968750,3.000000,1.553394,238000
1989-01-12,3.031250,3.062500,3.000000,3.031250,1.569576,132400
1989-01-13,3.031250,3.062500,3.000000,3.062500,1.585756,85200
1989-01-16,3.062500,3.125000,3.031250,3.062500,1.585756,513600
1989-01-17,3.093750,3.093750,3.031250,3.062500,1.585756,327600
1989-01-18,3.062500,3.062500,2.968750,3.062500,1.585756,260800
1989-01-19,3.062500,3.093750,3.031250,3.062500,1.585756,536000
1989-01-20,3.031250,3.093750,3.000000,3.062500,1.585756,420000
1989-01-23,3.062500,3.125000,2.968750,2.968750,1.537212,154000
1989-01-24,2.906250,2.906250,2.875000,2.906250,1.504850,705600
1989-01-25,2.906250,2.937500,2.875000,2.875000,1.488668,424000
1989-01-26,2.875000,2.875000,2.843750,2.843750,1.472488,273600
1989-01-27,2.906250,2.906250,2.750000,2.750000,1.423944,532400
1989-01-30,2.750000,2.781250,2.750000,2.750000,1.423944,747600
1989-01-31,2.750000,2.781250,2.718750,2.750000,1.427838,975200
1989-02-01,2.750000,2.750000,2.687500,2.718750,1.411613,774000
1989-02-02,2.718750,2.781250,2.718750,2.750000,1.427838,563600
1989-02-03,2.750000,2.843750,2.750000,2.843750,1.476515,901600
1989-02-06,2.812500,2.843750,2.812500,2.843750,1.476515,322400
1989-02-07,2.812500,2.875000,2.812500,2.875000,1.492739,182800
1989-02-08,2.843750,2.906250,2.812500,2.812500,1.460290,585600
1989-02-09,2.812500,2.812500,2.750000,2.781250,1.444064,253600
1989-02-10,2.750000,2.750000,2.718750,2.718750,1.411613,72400
1989-02-13,2.718750,2.750000,2.718750,2.750000,1.427838,234400
1989-02-14,2.718750,2.781250,2.718750,2.750000,1.427838,140400
1989-02-15,2.750000,2.781250,2.750000,2.781250,1.444064,960800
1989-02-16,2.750000,2.750000,2.687500,2.687500,1.395387,870000
1989-02-17,2.718750,2.718750,2.656250,2.718750,1.411613,658400
1989-02-21,2.718750,2.750000,2.687500,2.750000,1.427838,172800
1989-02-22,2.781250,2.781250,2.718750,2.750000,1.427838,461200
1989-02-23,2.718750,2.781250,2.687500,2.750000,1.427838,471600
1989-02-24,2.750000,2.750000,2.718750,2.750000,1.427838,202800
1989-02-27,2.718750,2.750000,2.718750,2.750000,1.427838,24000
1989-02-28,2.718750,2.750000,2.718750,2.750000,1.427838,208400
1989-03-01,2.750000,2.812500,2.750000,2.812500,1.460290,3939600
1989-03-02,2.812500,2.968750,2.812500,2.937500,1.525191,2350800
1989-03-03,2.937500,3.000000,2.875000,3.000000,1.557642,1571200
1989-03-06,3.000000,3.000000,2.968750,3.000000,1.557642,306000
1989-03-07,3.000000,3.000000,2.937500,2.968750,1.541416,84400
1989-03-08,2.968750,2.968750,2.906250,2.937500,1.525191,394800
1989-03-09,2.968750,3.000000,2.937500,3.000000,1.557642,1099200
1989-03-10,2.968750,3.000000,2.968750,3.000000,1.557642,115600
1989-03-13,3.000000,3.031250,2.968750,3.000000,1.557642,266400
1989-03-14,3.000000,3.000000,2.937500,2.937500,1.525191,57200
1989-03-15,2.968750,2.968750,2.968750,2.968750,1.541416,604400
1989-03-16,3.000000,3.031250,3.000000,3.031250,1.573867,465200
1989-03-17,2.968750,2.968750,2.875000,2.968750,1.541416,506800
1989-03-20,2.968750,2.968750,2.843750,2.875000,1.492739,420400
1989-03-21,2.875000,2.906250,2.843750,2.875000,1.492739,479200
1989-03-22,2.875000,2.875000,2.843750,2.875000,1.492739,62400
1989-03-23,2.875000,2.875000,2.843750,2.843750,1.476515,319600
1989-03-27,2.875000,2.875000,2.843750,2.843750,1.476515,117200
1989-03-28,2.843750,2.906250,2.843750,2.906250,1.508965,86400
1989-03-29,2.875000,2.906250,2.875000,2.875000,1.492739,161600
1989-03-30,2.937500,2.937500,2.906250,2.937500,1.525191,79200
1989-03-31,2.906250,2.937500,2.906250,2.937500,1.525191,216000
1989-04-03,2.937500,2.937500,2.906250,2.937500,1.525191,175600
1989-04-04,2.906250,2.906250,2.843750,2.875000,1.492739,320000
1989-04-05,2.875000,2.906250,2.843750,2.906250,1.508965,368800
1989-04-06,2.875000,2.906250,2.875000,2.906250,1.508965,39600
1989-04-07,2.875000,2.906250,2.875000,2.875000,1.492739,542400
1989-04-10,2.875000,2.906250,2.843750,2.875000,1.492739,3901200
1989-04-11,2.875000,2.937500,2.843750,2.937500,1.525191,981200
1989-04-12,2.968750,2.968750,2.906250,2.906250,1.508965,696400
1989-04-13,2.906250,2.937500,2.875000,2.906250,1.508965,270000
1989-04-14,2.906250,2.937500,2.906250,2.906250,1.508965,54000
1989-04-17,2.906250,2.937500,2.906250,2.937500,1.525191,128000
1989-04-18,2.937500,2.968750,2.937500,2.937500,1.525191,1122000
1989-04-19,3.000000,3.125000,3.000000,3.125000,1.622544,2413600
1989-04-20,3.187500,3.218750,3.125000,3.187500,1.654995,566400
1989-04-21,3.187500,3.250000,3.156250,3.250000,1.687444,486400
1989-04-24,3.250000,3.312500,3.218750,3.281250,1.703671,224400
1989-04-25,3.250000,3.312500,3.250000,3.281250,1.703671,601600
1989-04-26,3.250000,3.250000,3.187500,3.218750,1.671220,102000
1989-04-27,3.250000,3.250000,3.187500,3.218750,1.671220,925200
1989-04-28,3.250000,3.250000,3.187500,3.218750,1.671220,39200
1989-05-01,3.187500,3.187500,3.125000,3.156250,1.638769,295200
1989-05-02,3.125000,3.218750,3.125000,3.125000,1.626408,289600
1989-05-03,3.093750,3.093750,3.031250,3.031250,1.577617,270000
1989-05-04,3.000000,3.031250,3.000000,3.000000,1.561352,776800
1989-05-05,3.000000,3.062500,3.000000,3.031250,1.577617,808400
1989-05-08,3.062500,3.062500,3.031250,3.062500,1.593880,44800
1989-05-09,3.062500,3.125000,3.062500,3.125000,1.626408,86400
1989-05-10,3.093750,3.125000,3.093750,3.093750,1.610144,63200
1989-05-11,3.093750,3.156250,3.062500,3.062500,1.593880,267200
1989-05-12,3.093750,3.187500,3.093750,3.156250,1.642672,830000
1989-05-15,3.156250,3.187500,3.156250,3.187500,1.658937,175200
1989-05-16,3.187500,3.218750,3.187500,3.187500,1.658937,179200
1989-05-17,3.187500,3.218750,3.187500,3.187500,1.658937,62400
1989-05-18,3.187500,3.218750,3.187500,3.187500,1.658937,255200
1989-05-19,3.187500,3.187500,3.156250,3.187500,1.658937,158000
1989-05-22,3.187500,3.187500,3.093750,3.156250,1.642672,48000
1989-05-23,3.156250,3.250000,3.156250,3.250000,1.691464,232000
1989-05-24,3.250000,3.250000,3.187500,3.250000,1.691464,115200
1989-05-25,3.218750,3.406250,3.218750,3.343750,1.740257,338000
1989-05-26,3.375000,3.500000,3.343750,3.500000,1.821577,854800
1989-05-30,3.468750,3.500000,3.437500,3.437500,1.789048,252400
1989-05-31,3.437500,3.468750,3.406250,3.406250,1.772785,365200
1989-06-01,3.406250,3.500000,3.406250,3.437500,1.789048,158400
1989-06-02,3.437500,3.562500,3.437500,3.500000,1.821577,692400
1989-06-05,3.500000,3.531250,3.437500,3.468750,1.805313,555600
1989-06-06,3.437500,3.468750,3.406250,3.437500,1.789048,38000
1989-06-07,3.468750,3.468750,3.437500,3.437500,1.789048,115600
1989-06-08,3.500000,3.500000,3.375000,3.406250,1.772785,474400
1989-06-09,3.406250,3.406250,3.343750,3.343750,1.740257,310800
1989-06-12,3.375000,3.375000,3.281250,3.312500,1.723993,122000
1989-06-13,3.312500,3.406250,3.312500,3.406250,1.772785,38400
1989-06-14,3.375000,3.406250,3.312500,3.343750,1.740257,46000
1989-06-15,3.312500,3.343750,3.312500,3.343750,1.740257,122400
1989-06-16,3.312500,3.312500,3.250000,3.312500,1.723993,188800
1989-06-19,3.218750,3.281250,3.156250,3.281250,1.707729,516400
1989-06-20,3.281250,3.281250,3.250000,3.281250,1.707729,197600
1989-06-21,3.281250,3.281250,3.250000,3.250000,1.691464,873200
1989-06-22,3.250000,3.343750,3.250000,3.312500,1.723993,442400
1989-06-23,3.343750,3.406250,3.312500,3.406250,1.772785,274400
1989-06-26,3.437500,3.437500,3.375000,3.437500,1.789048,175600
1989-06-27,3.468750,3.500000,3.437500,3.468750,1.805313,417600
1989-06-28,3.500000,3.531250,3.468750,3.500000,1.821577,472000
1989-06-29,3.468750,3.500000,3.468750,3.468750,1.805313,324800
1989-06-30,3.500000,3.500000,3.437500,3.468750,1.805313,262800
1989-07-03,3.437500,3.468750,3.406250,3.468750,1.805313,173200
1989-07-05,3.468750,3.468750,3.437500,3.437500,1.789048,237200
1989-07-06,3.437500,3.468750,3.406250,3.468750,1.805313,602800
1989-07-07,3.437500,3.562500,3.437500,3.531250,1.837842,310400
1989-07-10,3.531250,3.531250,3.500000,3.500000,1.821577,125600
1989-07-11,3.500000,3.593750,3.500000,3.562500,1.854106,695600
1989-07-12,3.531250,3.531250,3.500000,3.500000,1.821577,242400
1989-07-13,3.562500,3.593750,3.562500,3.593750,1.870371,607200
1989-07-14,3.562500,3.593750,3.500000,3.531250,1.837842,978400
1989-07-17,3.531250,3.562500,3.531250,3.531250,1.837842,36400
1989-07-18,3.562500,3.625000,3.531250,3.625000,1.886635,308000
1989-07-19,3.625000,3.687500,3.625000,3.625000,1.886635,341600
1989-07-20,3.656250,3.687500,3.625000,3.625000,1.886635,140000
1989-07-21,3.656250,3.656250,3.593750,3.593750,1.870371,217600
1989-07-24,3.625000,3.625000,3.562500,3.593750,1.870371,115600
1989-07-25,3.562500,3.625000,3.562500,3.625000,1.886635,115200
1989-07-26,3.625000,3.625000,3.500000,3.500000,1.821577,227200
1989-07-27,3.531250,3.625000,3.531250,3.593750,1.870371,384000
1989-07-28,3.593750,3.656250,3.562500,3.625000,1.886635,271200
1989-07-31,3.593750,3.656250,3.593750,3.625000,1.886635,93600
1989-08-01,3.593750,3.656250,3.593750,3.593750,1.891239,82800
1989-08-02,3.625000,3.625000,3.562500,3.593750,1.891239,285200
1989-08-03,3.593750,3.593750,3.562500,3.593750,1.891239,285200
1989-08-04,3.562500,3.593750,3.562500,3.593750,1.891239,90800
1989-08-07,3.593750,3.687500,3.593750,3.687500,1.940575,29200
1989-08-08,3.750000,3.781250,3.718750,3.750000,1.973467,354800
1989-08-09,3.750000,3.750000,3.687500,3.750000,1.973467,145600
1989-08-10,3.718750,3.750000,3.687500,3.687500,1.940575,218800
1989-08-11,3.718750,3.718750,3.656250,3.687500,1.940575,150400
1989-08-14,3.656250,3.718750,3.656250,3.718750,1.957020,91600
1989-08-15,3.718750,3.718750,3.656250,3.687500,1.940575,104000
1989-08-16,3.656250,3.687500,3.656250,3.656250,1.924130,22400
1989-08-17,3.656250,3.687500,3.656250,3.656250,1.924130,166000
1989-08-18,3.687500,3.687500,3.593750,3.593750,1.891239,67600
1989-08-21,3.562500,3.562500,3.468750,3.500000,1.841903,98000
1989-08-22,3.500000,3.562500,3.468750,3.500000,1.841903,129200
1989-08-23,3.531250,3.687500,3.531250,3.687500,1.940575,88800
1989-08-24,3.656250,3.750000,3.625000,3.750000,1.973467,152000
1989-08-25,3.750000,3.750000,3.656250,3.687500,1.940575,96800
1989-08-28,3.687500,3.718750,3.687500,3.687500,1.940575,65200
1989-08-29,3.718750,3.718750,3.625000,3.687500,1.940575,219200
1989-08-30,3.687500,3.687500,3.593750,3.625000,1.907683,128000
1989-08-31,3.625000,3.656250,3.562500,3.625000,1.907683,74800
1989-09-01,3.656250,3.656250,3.562500,3.593750,1.891239,156400
1989-09-05,3.562500,3.593750,3.500000,3.562500,1.874793,328400
1989-09-06,3.531250,3.562500,3.500000,3.500000,1.841903,176800
1989-09-07,3.531250,3.687500,3.531250,3.656250,1.924130,238000
1989-09-08,3.656250,3.656250,3.500000,3.562500,1.874793,326800
1989-09-11,3.593750,3.656250,3.562500,3.625000,1.907683,273200
1989-09-12,3.625000,3.625000,3.593750,3.593750,1.891239,97200
1989-09-13,3.656250,3.656250,3.625000,3.656250,1.924130,316000
1989-09-14,3.656250,3.687500,3.656250,3.656250,1.924130,71600
1989-09-15,3.687500,3.687500,3.593750,3.593750,1.891239,101200
1989-09-18,3.593750,3.625000,3.593750,3.625000,1.907683,18400
1989-09-19,3.656250,3.687500,3.593750,3.593750,1.891239,99200
1989-09-20,3.593750,3.593750,3.531250,3.562500,1.874793,222000
1989-09-21,3.562500,3.625000,3.562500,3.625000,1.907683,48000
1989-09-22,3.656250,3.656250,3.531250,3.531250,1.858348,72800
1989-09-25,3.531250,3.531250,3.468750,3.468750,1.825457,59200
1989-09-26,3.500000,3.500000,3.468750,3.500000,1.841903,164800
1989-09-27,3.500000,3.500000,3.406250,3.437500,1.809011,122000
1989-09-28,3.437500,3.500000,3.437500,3.500000,1.841903,47600
1989-09-29,3.500000,3.500000,3.437500,3.437500,1.809011,128800
1989-10-02,3.468750,3.500000,3.468750,3.468750,1.825457,76400
1989-10-03,3.468750,3.468750,3.406250,3.468750,1.825457,164000
1989-10-04,3.500000,3.531250,3.500000,3.500000,1.841903,553200
1989-10-05,3.531250,3.562500,3.531250,3.562500,1.874793,145600
1989-10-06,3.625000,3.625000,3.500000,3.500000,1.841903,191200
1989-10-09,3.500000,3.531250,3.500000,3.500000,1.841903,82000
1989-10-10,3.500000,3.531250,3.468750,3.531250,1.858348,37200
1989-10-11,3.437500,3.468750,3.437500,3.468750,1.825457,196000
1989-10-12,3.437500,3.562500,3.437500,3.562500,1.874793,170400
1989-10-13,3.562500,3.656250,3.468750,3.500000,1.841903,230400
1989-10-16,3.375000,3.375000,3.281250,3.343750,1.759674,573200
1989-10-17,3.312500,3.406250,3.281250,3.343750,1.759674,302400
1989-10-18,3.375000,3.375000,3.312500,3.375000,1.776119,64400
1989-10-19,3.375000,3.437500,3.343750,3.437500,1.809011,296000
1989-10-20,3.406250,3.437500,3.312500,3.312500,1.743228,134000
1989-10-23,3.375000,3.375000,3.218750,3.218750,1.693892,234000
1989-10-24,3.250000,3.250000,3.125000,3.218750,1.693892,796800
1989-10-25,3.250000,3.250000,3.187500,3.218750,1.693892,121600
1989-10-26,3.250000,3.250000,3.156250,3.187500,1.677446,223200
1989-10-27,3.156250,3.187500,3.062500,3.062500,1.611664,438800
1989-10-30,3.125000,3.187500,3.125000,3.156250,1.661000,78000
1989-10-31,3.156250,3.250000,3.156250,3.250000,1.732291,219600
1989-11-01,3.250000,3.250000,3.187500,3.218750,1.715634,38800
1989-11-02,3.250000,3.281250,3.218750,3.218750,1.715634,1366000
1989-11-03,3.218750,3.281250,3.218750,3.281250,1.748948,132400
1989-11-06,3.250000,3.281250,3.218750,3.250000,1.732291,272000
1989-11-07,3.218750,3.343750,3.218750,3.343750,1.782262,241200
1989-11-08,3.343750,3.375000,3.343750,3.375000,1.798918,214800
1989-11-09,3.375000,3.375000,3.343750,3.343750,1.782262,211200
1989-11-10,3.312500,3.312500,3.250000,3.250000,1.732291,145200
1989-11-13,3.281250,3.312500,3.281250,3.312500,1.765604,63200
1989-11-14,3.312500,3.343750,3.281250,3.281250,1.748948,137600
1989-11-15,3.312500,3.343750,3.312500,3.343750,1.782262,89200
1989-11-16,3.343750,3.375000,3.343750,3.343750,1.782262,68800
1989-11-17,3.375000,3.375000,3.343750,3.375000,1.798918,103200
1989-11-20,3.343750,3.343750,3.281250,3.312500,1.765604,64800
1989-11-21,3.312500,3.406250,3.250000,3.343750,1.782262,506400
1989-11-22,3.375000,3.656250,3.375000,3.593750,1.915515,944800
1989-11-24,3.625000,3.656250,3.593750,3.656250,1.948827,556800
1989-11-27,3.656250,3.687500,3.625000,3.687500,1.965485,335200
1989-11-28,3.656250,3.687500,3.625000,3.687500,1.965485,1607200
1989-11-29,3.625000,3.718750,3.625000,3.718750,1.982142,326400
1989-11-30,3.687500,3.718750,3.625000,3.687500,1.965485,393600
1989-12-01,3.656250,3.781250,3.656250,3.750000,1.998798,587200
1989-12-04,3.750000,3.812500,3.750000,3.781250,2.015454,199600
1989-12-05,3.843750,4.000000,3.843750,3.937500,2.098737,1235600
1989-12-06,3.937500,3.968750,3.875000,3.906250,2.082081,334000
1989-12-07,3.937500,4.093750,3.937500,4.000000,2.132052,606800
1989-12-08,4.031250,4.031250,3.968750,4.000000,2.132052,176800
1989-12-11,4.031250,4.031250,3.968750,3.968750,2.115394,148000
1989-12-12,4.000000,4.062500,3.968750,4.031250,2.148707,708800
1989-12-13,4.031250,4.062500,4.000000,4.031250,2.148707,1016800
1989-12-14,4.062500,4.093750,4.000000,4.031250,2.148707,783600
1989-12-15,4.000000,4.062500,4.000000,4.031250,2.148707,217200
1989-12-18,4.031250,4.093750,4.000000,4.000000,2.132052,709600
1989-12-19,4.062500,4.093750,4.031250,4.062500,2.165364,52000
1989-12-20,4.031250,4.062500,4.000000,4.031250,2.148707,75200
1989-12-21,4.062500,4.187500,4.031250,4.187500,2.231990,236800
1989-12-22,4.187500,4.250000,4.156250,4.250000,2.265303,477200
1989-12-26,4.250000,4.250000,4.218750,4.250000,2.265303,162800
1989-12-27,4.250000,4.250000,4.156250,4.156250,2.215333,273200
1989-12-28,4.156250,4.187500,4.062500,4.125000,2.198677,297600
1989-12-29,4.156250,4.250000,4.156250,4.187500,2.231990,183600
1990-01-02,4.156250,4.250000,4.156250,4.250000,2.265303,168000
1990-01-03,4.281250,4.312500,4.125000,4.156250,2.215333,491600
1990-01-04,4.156250,4.156250,4.062500,4.125000,2.198677,617600
1990-01-05,4.093750,4.125000,4.062500,4.093750,2.182021,80000
1990-01-08,4.062500,4.093750,3.937500,4.031250,2.148707,278000
1990-01-09,4.062500,4.062500,3.968750,4.000000,2.132052,185600
1990-01-10,3.937500,3.968750,3.812500,3.906250,2.082081,182000
1990-01-11,3.906250,3.937500,3.843750,3.937500,2.098737,56400
1990-01-12,3.843750,3.906250,3.843750,3.843750,2.048768,103600
1990-01-15,3.875000,3.875000,3.843750,3.875000,2.065424,137600
1990-01-16,3.843750,3.875000,3.781250,3.875000,2.065424,299200
1990-01-17,3.906250,3.906250,3.812500,3.812500,2.032111,116800
1990-01-18,3.750000,3.875000,3.718750,3.875000,2.065424,390000
1990-01-19,3.906250,3.937500,3.875000,3.906250,2.082081,210800
1990-01-22,3.906250,3.906250,3.781250,3.812500,2.032111,64000
1990-01-23,3.812500,3.812500,3.750000,3.781250,2.015454,65200
1990-01-24,3.687500,3.781250,3.687500,3.750000,1.998798,164000
1990-01-25,3.812500,3.843750,3.812500,3.812500,2.032111,93600
1990-01-26,3.843750,3.843750,3.718750,3.718750,1.982142,362800
1990-01-29,3.750000,3.750000,3.625000,3.687500,1.965485,124000
1990-01-30,3.718750,3.781250,3.687500,3.781250,2.015454,136800
1990-01-31,3.750000,3.906250,3.750000,3.906250,2.082081,279200
1990-02-01,3.906250,4.031250,3.906250,4.031250,2.148707,634000
1990-02-02,3.968750,4.062500,3.968750,4.062500,2.165364,198400
1990-02-05,4.000000,4.125000,4.000000,4.093750,2.182021,201600
1990-02-06,4.093750,4.125000,4.093750,4.125000,2.220372,137200
1990-02-07,4.125000,4.187500,4.062500,4.156250,2.237194,825600
1990-02-08,4.125000,4.281250,4.125000,4.125000,2.220372,690000
1990-02-09,4.187500,4.218750,4.062500,4.125000,2.220372,182400
1990-02-12,4.156250,4.156250,4.062500,4.062500,2.186732,62000
1990-02-13,4.062500,4.156250,4.062500,4.125000,2.220372,127600
1990-02-14,4.187500,4.281250,4.187500,4.250000,2.287656,448400
1990-02-15,4.250000,4.312500,4.218750,4.312500,2.321298,330800
1990-02-16,4.281250,4.375000,4.250000,4.281250,2.304477,213200
1990-02-20,4.218750,4.218750,4.125000,4.187500,2.254015,165600
1990-02-21,4.125000,4.218750,4.125000,4.218750,2.270836,138800
1990-02-22,4.187500,4.250000,4.125000,4.156250,2.237194,408000
1990-02-23,4.093750,4.093750,3.875000,3.937500,2.119446,334400
1990-02-26,3.937500,3.968750,3.875000,3.968750,2.136268,283600
1990-02-27,4.000000,4.000000,3.937500,3.968750,2.136268,122000
1990-02-28,4.000000,4.062500,3.968750,4.062500,2.186732,236000
1990-03-01,4.062500,4.062500,3.906250,3.937500,2.119446,244800
1990-03-02,3.875000,4.093750,3.843750,4.093750,2.203552,263200
1990-03-05,4.093750,4.093750,3.968750,4.031250,2.169910,183200
1990-03-06,4.031250,4.062500,4.000000,4.000000,2.153089,174000
1990-03-07,4.062500,4.093750,4.000000,4.093750,2.203552,160800
1990-03-08,4.093750,4.187500,4.093750,4.156250,2.237194,524400
1990-03-09,4.125000,4.156250,4.062500,4.093750,2.203552,87600
1990-03-12,4.093750,4.093750,3.968750,4.062500,2.186732,130000
1990-03-13,4.062500,4.062500,3.968750,4.000000,2.153089,138400
1990-03-14,4.000000,4.062500,4.000000,4.062500,2.186732,241200
1990-03-15,4.093750,4.093750,4.000000,4.062500,2.186732,105200
1990-03-16,4.093750,4.093750,4.000000,4.000000,2.153089,118000
1990-03-19,3.937500,4.000000,3.875000,3.968750,2.136268,816000
1990-03-20,3.968750,3.968750,3.875000,3.937500,2.119446,295600
1990-03-21,3.906250,3.906250,3.781250,3.781250,2.035342,325200
1990-03-22,3.781250,3.781250,3.718750,3.718750,2.001700,575600
1990-03-23,3.687500,3.843750,3.656250,3.812500,2.052163,782000
1990-03-26,3.843750,3.875000,3.781250,3.781250,2.035342,118000
1990-03-27,3.750000,3.906250,3.750000,3.906250,2.102626,458400
1990-03-28,3.843750,3.937500,3.843750,3.937500,2.119446,139200
1990-03-29,3.937500,4.000000,3.906250,4.000000,2.153089,164800
1990-03-30,3.937500,3.968750,3.906250,3.968750,2.136268,204400
1990-04-02,3.906250,3.968750,3.843750,3.937500,2.119446,140000
1990-04-03,3.968750,4.000000,3.937500,4.000000,2.153089,86800
1990-04-04,4.000000,4.156250,3.968750,4.031250,2.169910,938000
1990-04-05,4.062500,4.062500,3.968750,3.968750,2.136268,191200
1990-04-06,3.968750,4.000000,3.937500,3.968750,2.136268,74800
1990-04-09,3.937500,3.968750,3.843750,3.875000,2.085805,44400
1990-04-10,3.843750,3.875000,3.812500,3.812500,2.052163,55600
1990-04-11,3.750000,3.781250,3.687500,3.687500,1.984878,112800
1990-04-12,3.687500,3.718750,3.625000,3.687500,1.984878,319200
1990-04-16,3.687500,3.750000,3.687500,3.750000,2.018521,369600
1990-04-17,3.687500,3.812500,3.625000,3.812500,2.052163,216400
1990-04-18,3.750000,3.812500,3.718750,3.718750,2.001700,246000
1990-04-19,3.718750,3.750000,3.625000,3.625000,1.951237,122000
1990-04-20,3.625000,3.656250,3.437500,3.500000,1.883953,357600
1990-04-23,3.468750,3.531250,3.468750,3.468750,1.867131,246800
1990-04-24,3.500000,3.593750,3.500000,3.562500,1.917596,148400
1990-04-25,3.531250,3.593750,3.500000,3.593750,1.934416,44800
1990-04-26,3.562500,3.593750,3.531250,3.562500,1.917596,62000
1990-04-27,3.562500,3.687500,3.562500,3.687500,1.984878,451200
1990-04-30,3.687500,3.687500,3.593750,3.656250,1.968058,122800
1990-05-01,3.625000,3.625000,3.562500,3.625000,1.972820,90400
1990-05-02,3.593750,3.625000,3.531250,3.562500,1.938805,283200
1990-05-03,3.531250,3.593750,3.500000,3.593750,1.955813,339200
1990-05-04,3.593750,3.625000,3.562500,3.625000,1.972820,271600
1990-05-07,3.593750,3.593750,3.562500,3.562500,1.938805,47200
1990-05-08,3.531250,3.687500,3.531250,3.625000,1.972820,295600
1990-05-09,3.625000,3.718750,3.625000,3.718750,2.023841,295200
1990-05-10,3.750000,3.781250,3.656250,3.750000,2.040848,180800
1990-05-11,3.781250,3.875000,3.781250,3.875000,2.108876,278000
1990-05-14,3.875000,4.125000,3.875000,4.093750,2.227926,656800
1990-05-15,4.093750,4.156250,4.031250,4.156250,2.261940,602800
1990-05-16,4.093750,4.125000,4.031250,4.093750,2.227926,114000
1990-05-17,4.093750,4.125000,4.000000,4.031250,2.193912,191600
1990-05-18,4.000000,4.062500,4.000000,4.031250,2.193912,103600
1990-05-21,4.031250,4.125000,4.031250,4.125000,2.244933,182800
1990-05-22,4.125000,4.125000,4.031250,4.093750,2.227926,270800
1990-05-23,4.031250,4.125000,4.000000,4.125000,2.244933,206800
1990-05-24,4.125000,4.156250,4.062500,4.093750,2.227926,447200
1990-05-25,4.031250,4.093750,4.031250,4.062500,2.210918,371600
1990-05-29,4.093750,4.093750,4.000000,4.062500,2.210918,202800
1990-05-30,4.062500,4.093750,4.000000,4.062500,2.210918,260000
1990-05-31,4.031250,4.218750,4.031250,4.218750,2.295953,1022000
1990-06-01,4.218750,4.250000,4.125000,4.125000,2.244933,257200
1990-06-04,4.125000,4.156250,4.062500,4.125000,2.244933,96800
1990-06-05,4.093750,4.187500,4.031250,4.093750,2.227926,428800
1990-06-06,4.062500,4.093750,4.031250,4.062500,2.210918,85600
1990-06-07,4.031250,4.031250,3.906250,3.937500,2.142890,498000
1990-06-08,3.968750,4.062500,3.906250,4.062500,2.210918,348000
1990-06-11,3.968750,4.000000,3.937500,4.000000,2.176904,174800
1990-06-12,3.968750,4.031250,3.968750,4.000000,2.176904,130000
1990-06-13,4.031250,4.062500,4.000000,4.031250,2.193912,193200
1990-06-14,4.031250,4.031250,3.937500,4.000000,2.176904,166800
1990-06-15,3.937500,3.968750,3.906250,3.906250,2.125883,269600
1990-06-18,3.906250,3.906250,3.687500,3.812500,2.074862,487600
1990-06-19,3.812500,3.812500,3.718750,3.812500,2.074862,157200
1990-06-20,3.781250,3.875000,3.687500,3.687500,2.006834,478400
1990-06-21,3.750000,3.906250,3.750000,3.875000,2.108876,132800
1990-06-22,3.906250,4.031250,3.843750,3.906250,2.125883,400800
1990-06-25,3.906250,4.000000,3.906250,3.906250,2.125883,294000
1990-06-26,3.968750,4.000000,3.937500,3.937500,2.142890,150000
1990-06-27,3.906250,3.937500,3.875000,3.906250,2.125883,94400
1990-06-28,3.906250,3.937500,3.843750,3.906250,2.125883,61200
1990-06-29,3.968750,3.968750,3.937500,3.968750,2.159897,94800
1990-07-02,3.937500,3.968750,3.843750,3.875000,2.108876,360000
1990-07-03,3.812500,3.875000,3.812500,3.812500,2.074862,260800
1990-07-05,3.781250,3.812500,3.750000,3.750000,2.040848,57200
1990-07-06,3.750000,3.781250,3.687500,3.687500,2.006834,215200
1990-07-09,3.750000,3.812500,3.718750,3.750000,2.040848,217200
1990-07-10,3.718750,3.750000,3.687500,3.687500,2.006834,473600
1990-07-11,3.718750,3.781250,3.687500,3.781250,2.057855,179600
1990-07-12,3.843750,4.031250,3.843750,4.000000,2.176904,358000
1990-07-13,4.031250,4.125000,4.031250,4.031250,2.193912,426800
1990-07-16,4.062500,4.187500,4.062500,4.125000,2.244933,406400
1990-07-17,4.156250,4.156250,4.062500,4.062500,2.210918,108400
1990-07-18,4.093750,4.125000,4.031250,4.093750,2.227926,62800
1990-07-19,4.062500,4.093750,4.000000,4.093750,2.227926,108400
1990-07-20,4.062500,4.156250,4.062500,4.125000,2.244933,111600
1990-07-23,4.093750,4.125000,3.906250,4.000000,2.176904,244400
1990-07-24,4.000000,4.187500,4.000000,4.093750,2.227926,224400
1990-07-25,4.125000,4.218750,4.093750,4.218750,2.295953,640800
1990-07-26,4.218750,4.218750,3.968750,4.000000,2.176904,198000
1990-07-27,3.968750,4.093750,3.937500,4.093750,2.227926,130800
1990-07-30,4.031250,4.093750,4.000000,4.093750,2.227926,165600
1990-07-31,4.031250,4.281250,4.031250,4.250000,2.335784,236400
1990-08-01,4.281250,4.281250,4.250000,4.281250,2.352959,98400
1990-08-02,4.375000,4.468750,4.187500,4.250000,2.335784,1546800
1990-08-03,4.281250,4.437500,4.281250,4.375000,2.404483,2088800
1990-08-06,4.562500,4.750000,4.437500,4.531250,2.490358,2888000
1990-08-07,4.562500,4.562500,4.406250,4.500000,2.473183,683600
1990-08-08,4.468750,4.500000,4.375000,4.406250,2.421658,419600
1990-08-09,4.406250,4.500000,4.375000,4.437500,2.438833,657600
1990-08-10,4.437500,4.437500,4.375000,4.375000,2.404483,144800
1990-08-13,4.375000,4.437500,4.375000,4.437500,2.438833,58000
1990-08-14,4.406250,4.437500,4.343750,4.406250,2.421658,114000
1990-08-15,4.406250,4.500000,4.375000,4.500000,2.473183,105600
1990-08-16,4.437500,4.468750,4.375000,4.406250,2.421658,293600
1990-08-17,4.468750,4.468750,4.406250,4.437500,2.438833,83200
1990-08-20,4.437500,4.437500,4.375000,4.406250,2.421658,304400
1990-08-21,4.375000,4.500000,4.375000,4.500000,2.473183,315200
1990-08-22,4.500000,4.500000,4.437500,4.437500,2.438833,120000
1990-08-23,4.468750,4.500000,4.281250,4.281250,2.352959,429200
1990-08-24,4.281250,4.312500,3.968750,4.062500,2.232734,244800
1990-08-27,4.125000,4.156250,4.062500,4.093750,2.249909,81600
1990-08-28,4.093750,4.125000,4.062500,4.125000,2.267084,268800
1990-08-29,4.093750,4.218750,4.093750,4.187500,2.301433,61200
1990-08-30,4.218750,4.218750,4.093750,4.156250,2.284259,55200
1990-08-31,4.125000,4.250000,4.125000,4.218750,2.318609,172000
1990-09-04,4.250000,4.312500,4.250000,4.312500,2.370132,160800
1990-09-05,4.375000,4.531250,4.375000,4.500000,2.473183,664400
1990-09-06,4.531250,4.656250,4.531250,4.562500,2.507533,1410000
1990-09-07,4.593750,4.750000,4.593750,4.718750,2.593406,444400
1990-09-10,4.687500,4.687500,4.625000,4.656250,2.559057,510000
1990-09-11,4.656250,4.656250,4.593750,4.593750,2.524707,150400
1990-09-12,4.625000,4.656250,4.593750,4.593750,2.524707,140000
1990-09-13,4.625000,4.625000,4.562500,4.562500,2.507533,139600
1990-09-14,4.562500,4.593750,4.531250,4.593750,2.524707,379600
1990-09-17,4.593750,4.656250,4.593750,4.656250,2.559057,120000
1990-09-18,4.625000,4.656250,4.531250,4.656250,2.559057,574800
1990-09-19,4.625000,4.656250,4.625000,4.656250,2.559057,266400
1990-09-20,4.656250,4.687500,4.593750,4.593750,2.524707,82400
1990-09-21,4.625000,4.781250,4.593750,4.781250,2.627758,398800
1990-09-24,4.781250,4.781250,4.687500,4.718750,2.593406,262400
1990-09-25,4.750000,4.750000,4.687500,4.687500,2.576233,221200
1990-09-26,4.718750,4.718750,4.593750,4.593750,2.524707,219600
1990-09-27,4.562500,4.625000,4.531250,4.562500,2.507533,336000
1990-09-28,4.593750,4.625000,4.468750,4.531250,2.490358,259600
1990-10-01,4.468750,4.468750,4.343750,4.375000,2.404483,520000
1990-10-02,4.250000,4.375000,4.250000,4.375000,2.404483,164800
1990-10-03,4.343750,4.625000,4.343750,4.593750,2.524707,348800
1990-10-04,4.593750,4.656250,4.500000,4.500000,2.473183,264000
1990-10-05,4.500000,4.500000,4.468750,4.500000,2.473183,101200
1990-10-08,4.468750,4.500000,4.468750,4.500000,2.473183,393200
1990-10-09,4.531250,4.531250,4.406250,4.406250,2.421658,325600
1990-10-10,4.375000,4.437500,4.281250,4.281250,2.352959,117600
1990-10-11,4.187500,4.218750,4.187500,4.187500,2.301433,156400
1990-10-12,4.187500,4.187500,4.156250,4.187500,2.301433,213200
1990-10-15,4.093750,4.125000,4.031250,4.062500,2.232734,297200
1990-10-16,4.062500,4.062500,3.875000,3.875000,2.129684,266000
1990-10-17,3.906250,3.968750,3.875000,3.937500,2.164035,127600
1990-10-18,4.000000,4.000000,3.968750,3.968750,2.181209,244400
1990-10-19,4.062500,4.062500,4.000000,4.000000,2.198385,230000
1990-10-22,4.031250,4.093750,4.031250,4.093750,2.249909,239600
1990-10-23,4.093750,4.125000,4.062500,4.062500,2.232734,149200
1990-10-24,4.062500,4.250000,4.062500,4.218750,2.318609,553600
1990-10-25,4.250000,4.281250,4.250000,4.281250,2.352959,225200
1990-10-26,4.250000,4.312500,4.250000,4.312500,2.370132,74800
1990-10-29,4.281250,4.312500,4.250000,4.312500,2.370132,68400
1990-10-30,4.343750,4.343750,4.187500,4.187500,2.322980,492000
1990-10-31,4.156250,4.250000,4.156250,4.218750,2.340316,154000
1990-11-01,4.250000,4.312500,4.218750,4.281250,2.374987,271200
1990-11-02,4.281250,4.468750,4.281250,4.468750,2.479000,384000
1990-11-05,4.500000,4.562500,4.500000,4.531250,2.513672,369200
1990-11-06,4.500000,4.500000,4.406250,4.406250,2.444330,235600
1990-11-07,4.406250,4.437500,4.375000,4.375000,2.426994,27200
1990-11-08,4.343750,4.375000,4.312500,4.312500,2.392322,140400
1990-11-09,4.343750,4.343750,4.250000,4.312500,2.392322,273600
1990-11-12,4.312500,4.375000,4.312500,4.375000,2.426994,72800
1990-11-13,4.375000,4.375000,4.281250,4.343750,2.409658,510400
1990-11-14,4.375000,4.375000,4.312500,4.343750,2.409658,59600
1990-11-15,4.312500,4.343750,4.218750,4.218750,2.340316,59200
1990-11-16,4.250000,4.250000,4.125000,4.156250,2.305644,351600
1990-11-19,4.187500,4.187500,4.125000,4.125000,2.288309,230000
1990-11-20,4.125000,4.156250,4.031250,4.093750,2.270973,202000
1990-11-21,4.125000,4.156250,4.093750,4.093750,2.270973,220400
1990-11-23,4.093750,4.125000,4.093750,4.093750,2.270973,20800
1990-11-26,4.125000,4.187500,4.093750,4.156250,2.305644,155600
1990-11-27,4.187500,4.250000,4.187500,4.218750,2.340316,26000
1990-11-28,4.218750,4.250000,4.187500,4.187500,2.322980,48800
1990-11-29,4.250000,4.343750,4.187500,4.281250,2.374987,414000
1990-11-30,4.281250,4.281250,4.218750,4.281250,2.374987,156000
1990-12-03,4.250000,4.281250,4.187500,4.250000,2.357652,252400
1990-12-04,4.218750,4.250000,4.156250,4.156250,2.305644,238800
1990-12-05,4.156250,4.156250,3.937500,3.968750,2.201630,160000
1990-12-06,4.000000,4.000000,3.781250,3.812500,2.114952,280000
1990-12-07,3.812500,3.906250,3.781250,3.781250,2.097617,194400
1990-12-10,3.750000,3.781250,3.625000,3.718750,2.062944,250400
1990-12-11,3.718750,3.718750,3.593750,3.687500,2.045609,217200
1990-12-12,3.687500,3.687500,3.500000,3.593750,1.993602,825600
1990-12-13,3.625000,3.750000,3.562500,3.718750,2.062944,135200
1990-12-14,3.687500,3.718750,3.625000,3.687500,2.045609,141200
1990-12-17,3.687500,3.718750,3.593750,3.718750,2.062944,292800
1990-12-18,3.718750,3.718750,3.593750,3.656250,2.028274,50400
1990-12-19,3.656250,3.718750,3.593750,3.656250,2.028274,110800
1990-12-20,3.625000,3.687500,3.593750,3.687500,2.045609,113200
1990-12-21,3.656250,3.656250,3.531250,3.531250,1.958932,564000
1990-12-24,3.531250,3.531250,3.406250,3.500000,1.941596,158000
1990-12-26,3.531250,3.531250,3.468750,3.500000,1.941596,104000
1990-12-27,3.531250,3.593750,3.531250,3.593750,1.993602,108000
1990-12-28,3.593750,3.593750,3.500000,3.562500,1.976267,300000
1990-12-31,3.562500,3.562500,3.437500,3.531250,1.958932,231600
1991-01-02,3.562500,3.656250,3.562500,3.656250,2.028274,652000
1991-01-03,3.656250,3.656250,3.562500,3.625000,2.010937,399600
1991-01-04,3.625000,3.656250,3.593750,3.656250,2.028274,120000
1991-01-07,3.656250,3.656250,3.593750,3.625000,2.010937,116800
1991-01-08,3.625000,3.625000,3.531250,3.531250,1.958932,57600
1991-01-09,3.531250,3.531250,3.312500,3.406250,1.889589,597200
1991-01-10,3.375000,3.406250,3.343750,3.406250,1.889589,159200
1991-01-11,3.437500,3.468750,3.406250,3.406250,1.889589,204000
1991-01-14,3.375000,3.468750,3.343750,3.468750,1.924259,574000
1991-01-15,3.468750,3.468750,3.406250,3.437500,1.906924,20000
1991-01-16,3.437500,3.437500,3.343750,3.375000,1.872253,183600
1991-01-17,3.375000,3.437500,3.312500,3.437500,1.906924,538000
1991-01-18,3.437500,3.437500,3.343750,3.375000,1.872253,74000
1991-01-21,3.312500,3.375000,3.312500,3.375000,1.872253,70400
1991-01-22,3.343750,3.500000,3.343750,3.437500,1.906924,542800
1991-01-23,3.468750,3.531250,3.406250,3.531250,1.958932,304000
1991-01-24,3.531250,3.625000,3.531250,3.625000,2.010937,238000
1991-01-25,3.656250,3.781250,3.625000,3.656250,2.028274,821200
1991-01-28,3.625000,3.687500,3.593750,3.687500,2.045609,141600
1991-01-29,3.687500,3.687500,3.531250,3.531250,1.958932,666800
1991-01-30,3.562500,3.625000,3.500000,3.500000,1.941596,466000
1991-01-31,3.531250,3.593750,3.531250,3.531250,1.958932,246800
1991-02-01,3.625000,3.625000,3.531250,3.531250,1.958932,261200
1991-02-04,3.562500,3.593750,3.468750,3.468750,1.924259,95200
1991-02-05,3.437500,3.531250,3.437500,3.500000,1.964247,345600
1991-02-06,3.531250,3.843750,3.500000,3.843750,2.157162,1199200
1991-02-07,3.781250,3.937500,3.750000,3.843750,2.157162,562400
1991-02-08,3.812500,3.875000,3.781250,3.843750,2.157162,568000
1991-02-11,3.812500,4.000000,3.812500,3.906250,2.192240,389600
1991-02-12,3.937500,3.968750,3.875000,3.875000,2.174701,461200
1991-02-13,3.906250,3.906250,3.687500,3.718750,2.087010,169200
1991-02-14,3.687500,3.812500,3.687500,3.750000,2.104549,474800
1991-02-15,3.781250,3.812500,3.656250,3.718750,2.087010,96400
1991-02-19,3.687500,3.718750,3.656250,3.687500,2.069474,227200
1991-02-20,3.687500,3.687500,3.593750,3.625000,2.034398,168000
1991-02-21,3.625000,3.625000,3.531250,3.531250,1.981785,226400
1991-02-22,3.531250,3.625000,3.500000,3.531250,1.981785,120400
1991-02-25,3.531250,3.531250,3.437500,3.531250,1.981785,356400
1991-02-26,3.500000,3.593750,3.500000,3.562500,1.999323,254800
1991-02-27,3.875000,3.937500,3.812500,3.906250,2.192240,1449600
1991-02-28,3.968750,4.062500,3.875000,3.906250,2.192240,944800
1991-03-01,3.906250,4.031250,3.906250,3.968750,2.227316,599600
1991-03-04,4.000000,4.062500,3.937500,4.000000,2.244853,212400
1991-03-05,4.000000,4.031250,3.968750,3.968750,2.227316,431200
1991-03-06,3.968750,3.968750,3.875000,3.906250,2.192240,429200
1991-03-07,3.906250,3.937500,3.906250,3.937500,2.209777,473600
1991-03-08,3.968750,3.968750,3.875000,3.937500,2.209777,374800
1991-03-11,3.906250,4.031250,3.906250,3.968750,2.227316,283600
1991-03-12,3.968750,3.968750,3.906250,3.937500,2.209777,178800
1991-03-13,3.937500,3.968750,3.875000,3.968750,2.227316,166400
1991-03-14,3.968750,4.031250,3.906250,3.906250,2.192240,801600
1991-03-15,3.937500,4.000000,3.937500,3.937500,2.209777,125600
1991-03-18,3.906250,3.937500,3.875000,3.906250,2.192240,100800
1991-03-19,3.875000,3.875000,3.750000,3.843750,2.157162,544000
1991-03-20,3.843750,3.843750,3.656250,3.687500,2.069474,238400
1991-03-21,3.718750,3.781250,3.531250,3.562500,1.999323,457200
1991-03-22,3.500000,3.625000,3.500000,3.625000,2.034398,356000
1991-03-25,3.656250,3.656250,3.593750,3.625000,2.034398,54000
1991-03-26,3.656250,3.687500,3.562500,3.625000,2.034398,536800
1991-03-27,3.625000,3.625000,3.500000,3.562500,1.999323,266000
1991-03-28,3.531250,3.531250,3.375000,3.531250,1.981785,1022000
1991-04-01,3.500000,3.500000,3.406250,3.437500,1.929171,635600
1991-04-02,3.468750,3.468750,3.406250,3.437500,1.929171,258000
1991-04-03,3.500000,3.531250,3.468750,3.531250,1.981785,351600
1991-04-04,3.531250,3.531250,3.437500,3.500000,1.964247,244400
1991-04-05,3.500000,3.531250,3.468750,3.500000,1.964247,145200
1991-04-08,3.468750,3.531250,3.468750,3.500000,1.964247,271600
1991-04-09,3.500000,3.500000,3.437500,3.500000,1.964247,294800
1991-04-10,3.468750,3.500000,3.218750,3.343750,1.876557,636400
1991-04-11,3.343750,3.406250,3.281250,3.343750,1.876557,1150400
1991-04-12,3.375000,3.500000,3.375000,3.468750,1.946707,214800
1991-04-15,3.437500,3.562500,3.343750,3.562500,1.999323,960000
1991-04-16,3.593750,3.687500,3.531250,3.687500,2.069474,696000
1991-04-17,3.687500,3.687500,3.531250,3.625000,2.034398,169200
1991-04-18,3.562500,3.625000,3.531250,3.593750,2.016860,180800
1991-04-19,3.531250,3.562500,3.500000,3.531250,1.981785,182400
1991-04-22,3.531250,3.625000,3.468750,3.593750,2.016860,222800
1991-04-23,3.687500,3.687500,3.468750,3.500000,1.964247,697600
1991-04-24,3.531250,3.562500,3.406250,3.500000,1.964247,374400
1991-04-25,3.500000,3.531250,3.437500,3.500000,1.964247,251600
1991-04-26,3.500000,3.500000,3.406250,3.468750,1.946707,166400
1991-04-29,3.468750,3.500000,3.468750,3.468750,1.946707,412400
1991-04-30,3.406250,3.625000,3.406250,3.625000,2.058131,448800
1991-05-01,3.593750,3.656250,3.593750,3.656250,2.075874,320000
1991-05-02,3.656250,3.687500,3.656250,3.687500,2.093616,372400
1991-05-03,3.687500,3.750000,3.500000,3.562500,2.022647,1152800
1991-05-06,3.531250,3.625000,3.468750,3.562500,2.022647,530000
1991-05-07,3.531250,3.562500,3.500000,3.531250,2.004904,309600
1991-05-08,3.531250,3.625000,3.500000,3.625000,2.058131,249600
1991-05-09,3.625000,3.625000,3.593750,3.593750,2.040388,587200
1991-05-10,3.562500,3.562500,3.500000,3.531250,2.004904,410400
1991-05-13,3.562500,3.562500,3.468750,3.562500,2.022647,597600
1991-05-14,3.531250,3.593750,3.500000,3.562500,2.022647,266400
1991-05-15,3.593750,3.593750,3.500000,3.500000,1.987162,280400
1991-05-16,3.468750,3.500000,3.406250,3.406250,1.933934,315600
1991-05-17,3.375000,3.406250,3.375000,3.406250,1.933934,276000
1991-05-20,3.375000,3.437500,3.343750,3.406250,1.933934,424000
1991-05-21,3.406250,3.468750,3.375000,3.406250,1.933934,222800
1991-05-22,3.406250,3.437500,3.375000,3.406250,1.933934,100000
1991-05-23,3.406250,3.468750,3.406250,3.468750,1.969418,87200
1991-05-24,3.468750,3.500000,3.437500,3.500000,1.987162,335200
1991-05-28,3.500000,3.562500,3.468750,3.468750,1.969418,151600
1991-05-29,3.468750,3.500000,3.437500,3.468750,1.969418,193600
1991-05-30,3.468750,3.531250,3.468750,3.531250,2.004904,86800
1991-05-31,3.531250,3.562500,3.500000,3.562500,2.022647,99200
1991-06-03,3.531250,3.562500,3.500000,3.562500,2.022647,642800
1991-06-04,3.562500,3.562500,3.500000,3.500000,1.987162,317200
1991-06-05,3.531250,3.562500,3.500000,3.531250,2.004904,204400
1991-06-06,3.500000,3.562500,3.500000,3.562500,2.022647,125600
1991-06-07,3.562500,3.562500,3.437500,3.500000,1.987162,233600
1991-06-10,3.468750,3.500000,3.468750,3.500000,1.987162,143200
1991-06-11,3.468750,3.500000,3.437500,3.500000,1.987162,152400
1991-06-12,3.500000,3.500000,3.406250,3.468750,1.969418,88000
1991-06-13,3.468750,3.468750,3.406250,3.437500,1.951676,242400
1991-06-14,3.437500,3.531250,3.437500,3.468750,1.969418,662400
1991-06-17,3.437500,3.500000,3.406250,3.468750,1.969418,62400
1991-06-18,3.468750,3.468750,3.437500,3.468750,1.969418,105200
1991-06-19,3.500000,3.500000,3.406250,3.406250,1.933934,384000
1991-06-20,3.406250,3.437500,3.406250,3.437500,1.951676,81600
1991-06-21,3.437500,3.468750,3.406250,3.468750,1.969418,192400
1991-06-24,3.437500,3.437500,3.406250,3.406250,1.933934,193200
1991-06-25,3.406250,3.406250,3.343750,3.375000,1.916191,87600
1991-06-26,3.437500,3.437500,3.281250,3.312500,1.880707,864000
1991-06-27,3.312500,3.437500,3.281250,3.406250,1.933934,175600
1991-06-28,3.375000,3.375000,3.312500,3.343750,1.898449,117200
1991-07-01,3.343750,3.437500,3.343750,3.375000,1.916191,177600
1991-07-02,3.343750,3.343750,3.281250,3.281250,1.862964,36800
1991-07-03,3.281250,3.281250,3.250000,3.250000,1.845221,50000
1991-07-05,3.281250,3.281250,3.125000,3.125000,1.774251,116400
1991-07-08,3.156250,3.218750,3.125000,3.187500,1.809735,85200
1991-07-09,3.218750,3.250000,3.156250,3.218750,1.827479,114800
1991-07-10,3.218750,3.250000,3.187500,3.218750,1.827479,277600
1991-07-11,3.218750,3.250000,3.125000,3.156250,1.791993,356000
1991-07-12,3.125000,3.312500,3.125000,3.312500,1.880707,444800
1991-07-15,3.343750,3.375000,3.281250,3.375000,1.916191,326800
1991-07-16,3.375000,3.437500,3.343750,3.437500,1.951676,304000
1991-07-17,3.437500,3.562500,3.437500,3.468750,1.969418,369600
1991-07-18,3.437500,3.593750,3.437500,3.593750,2.040388,381200
1991-07-19,3.625000,3.625000,3.468750,3.500000,1.987162,62800
1991-07-22,3.500000,3.500000,3.375000,3.437500,1.951676,334000
1991-07-23,3.437500,3.468750,3.406250,3.437500,1.951676,118800
1991-07-24,3.468750,3.468750,3.312500,3.312500,1.880707,510400
1991-07-25,3.343750,3.500000,3.312500,3.500000,1.987162,575200
1991-07-26,3.500000,3.562500,3.500000,3.531250,2.004904,124000
1991-07-29,3.500000,3.562500,3.500000,3.562500,2.022647,115600
1991-07-30,3.531250,3.687500,3.531250,3.562500,2.045615,662000
1991-07-31,3.593750,3.625000,3.593750,3.625000,2.081503,192400
1991-08-01,3.593750,3.593750,3.500000,3.500000,2.009727,135200
1991-08-02,3.500000,3.531250,3.468750,3.531250,2.027671,164800
1991-08-05,3.500000,3.562500,3.500000,3.562500,2.045615,104400
1991-08-06,3.531250,3.593750,3.468750,3.593750,2.063558,362800
1991-08-07,3.593750,3.625000,3.593750,3.593750,2.063558,175600
1991-08-08,3.593750,3.656250,3.562500,3.562500,2.045615,156000
1991-08-09,3.562500,3.562500,3.500000,3.531250,2.027671,157200
1991-08-12,3.531250,3.562500,3.500000,3.500000,2.009727,166400
1991-08-13,3.500000,3.562500,3.500000,3.500000,2.009727,446000
1991-08-14,3.500000,3.625000,3.500000,3.531250,2.027671,260400
1991-08-15,3.562500,3.593750,3.531250,3.562500,2.045615,60400
1991-08-16,3.531250,3.593750,3.531250,3.531250,2.027671,102800
1991-08-19,3.500000,3.500000,3.375000,3.468750,1.991781,99600
1991-08-20,3.500000,3.625000,3.500000,3.500000,2.009727,136000
1991-08-21,3.562500,3.562500,3.500000,3.500000,2.009727,110000
1991-08-22,3.500000,3.500000,3.437500,3.468750,1.991781,93200
1991-08-23,3.468750,3.656250,3.468750,3.656250,2.099447,357600
1991-08-26,3.656250,3.656250,3.562500,3.656250,2.099447,223600
1991-08-27,3.750000,3.843750,3.750000,3.843750,2.207110,446400
1991-08-28,3.843750,3.906250,3.812500,3.843750,2.207110,260400
1991-08-29,3.875000,3.906250,3.812500,3.843750,2.207110,417600
1991-08-30,3.812500,3.875000,3.812500,3.812500,2.189166,126000
1991-09-03,3.812500,3.937500,3.812500,3.843750,2.207110,205600
1991-09-04,3.843750,3.875000,3.812500,3.812500,2.189166,108000
1991-09-05,3.812500,3.937500,3.812500,3.875000,2.225055,178800
1991-09-06,3.812500,3.906250,3.812500,3.906250,2.242999,208800
1991-09-09,3.906250,3.906250,3.875000,3.906250,2.242999,82000
1991-09-10,3.875000,3.875000,3.750000,3.750000,2.153278,125600
1991-09-11,3.718750,3.718750,3.656250,3.687500,2.117391,106400
1991-09-12,3.687500,3.750000,3.687500,3.750000,2.153278,270800
1991-09-13,3.750000,3.750000,3.687500,3.687500,2.117391,48000
1991-09-16,3.750000,3.875000,3.750000,3.812500,2.189166,87200
1991-09-17,3.812500,3.812500,3.750000,3.781250,2.171222,143200
1991-09-18,3.750000,3.812500,3.750000,3.812500,2.189166,357600
1991-09-19,3.781250,3.812500,3.750000,3.781250,2.171222,48000
1991-09-20,3.812500,3.812500,3.750000,3.781250,2.171222,749600
1991-09-23,3.843750,3.843750,3.718750,3.781250,2.171222,218400
1991-09-24,3.750000,3.750000,3.718750,3.750000,2.153278,66800
1991-09-25,3.750000,3.750000,3.687500,3.750000,2.153278,233200
1991-09-26,3.750000,3.937500,3.750000,3.906250,2.242999,168400
1991-09-27,3.875000,3.906250,3.781250,3.781250,2.171222,55200
1991-09-30,3.812500,3.875000,3.781250,3.812500,2.189166,52400
1991-10-01,3.812500,3.906250,3.812500,3.906250,2.242999,158800
1991-10-02,3.906250,3.937500,3.843750,3.875000,2.225055,294800
1991-10-03,3.937500,4.250000,3.937500,4.062500,2.332719,832800
1991-10-04,4.093750,4.250000,4.093750,4.250000,2.440382,2661200
1991-10-07,4.218750,4.218750,4.062500,4.156250,2.386550,342000
1991-10-08,4.125000,4.250000,4.125000,4.250000,2.440382,1140800
1991-10-09,4.281250,4.437500,4.218750,4.218750,2.422440,1208000
1991-10-10,4.250000,4.250000,4.187500,4.218750,2.422440,791200
1991-10-11,4.250000,4.312500,4.250000,4.281250,2.458326,364000
1991-10-14,4.281250,4.375000,4.250000,4.375000,2.512157,612800
1991-10-15,4.343750,4.406250,4.312500,4.312500,2.476269,629200
1991-10-16,4.281250,4.375000,4.281250,4.343750,2.494215,224000
1991-10-17,4.312500,4.375000,4.312500,4.375000,2.512157,140000
1991-10-18,4.375000,4.406250,4.343750,4.375000,2.512157,119600
1991-10-21,4.437500,4.437500,4.312500,4.375000,2.512157,187200
1991-10-22,4.343750,4.375000,4.250000,4.250000,2.440382,150400
1991-10-23,4.312500,4.406250,4.187500,4.187500,2.404495,625600
1991-10-24,4.187500,4.218750,4.031250,4.062500,2.332719,581200
1991-10-25,4.062500,4.250000,4.062500,4.250000,2.440382,536000
1991-10-28,4.250000,4.343750,4.187500,4.187500,2.404495,216000
1991-10-29,4.187500,4.312500,4.187500,4.281250,2.482035,199600
1991-10-30,4.312500,4.312500,4.250000,4.312500,2.500152,336000
1991-10-31,4.281250,4.312500,4.250000,4.312500,2.500152,338000
1991-11-01,4.281250,4.343750,4.218750,4.343750,2.518270,179200
1991-11-04,4.343750,4.437500,4.281250,4.406250,2.554503,714400
1991-11-05,4.406250,4.437500,4.343750,4.375000,2.536385,274000
1991-11-06,4.375000,4.375000,4.281250,4.343750,2.518270,365200
1991-11-07,4.406250,4.406250,4.312500,4.312500,2.500152,346800
1991-11-08,4.343750,4.375000,4.312500,4.312500,2.500152,159200
1991-11-11,4.312500,4.312500,4.250000,4.281250,2.482035,500800
1991-11-12,4.281250,4.343750,4.218750,4.250000,2.463918,770000
1991-11-13,4.187500,4.343750,4.156250,4.312500,2.500152,637200
1991-11-14,4.343750,4.437500,4.312500,4.437500,2.572620,859200
1991-11-15,4.406250,4.406250,4.312500,4.312500,2.500152,494000
1991-11-18,4.250000,4.250000,4.000000,4.093750,2.373333,606800
1991-11-19,4.093750,4.093750,3.968750,4.031250,2.337099,468400
1991-11-20,3.968750,4.000000,3.812500,3.906250,2.264631,748400
1991-11-21,3.937500,4.000000,3.812500,3.812500,2.210279,466000
1991-11-22,3.750000,3.781250,3.625000,3.718750,2.155927,332000
1991-11-25,3.687500,3.718750,3.625000,3.718750,2.155927,212800
1991-11-26,3.750000,3.750000,3.593750,3.625000,2.101578,196000
1991-11-27,3.625000,3.625000,3.593750,3.593750,2.083460,88000
1991-11-29,3.593750,3.656250,3.562500,3.593750,2.083460,62000
1991-12-02,3.531250,3.531250,3.406250,3.437500,1.992876,384000
1991-12-03,3.468750,3.500000,3.406250,3.406250,1.974758,279600
1991-12-04,3.406250,3.406250,3.250000,3.312500,1.920407,588800
1991-12-05,3.343750,3.375000,3.312500,3.343750,1.938525,249600
1991-12-06,3.312500,3.468750,3.218750,3.437500,1.992876,592800
1991-12-09,3.437500,3.593750,3.437500,3.593750,2.083460,523200
1991-12-10,3.562500,3.562500,3.437500,3.500000,2.029109,574000
1991-12-11,3.468750,3.468750,3.281250,3.375000,1.956642,252000
1991-12-12,3.375000,3.375000,3.250000,3.343750,1.938525,818400
1991-12-13,3.406250,3.406250,3.281250,3.312500,1.920407,532400
1991-12-16,3.312500,3.312500,3.218750,3.250000,1.884173,390400
1991-12-17,3.281250,3.312500,3.187500,3.312500,1.920407,465200
1991-12-18,3.281250,3.531250,3.281250,3.500000,2.029109,529200
1991-12-19,3.500000,3.593750,3.468750,3.531250,2.047227,602000
1991-12-20,3.531250,3.531250,3.406250,3.406250,1.974758,296800
1991-12-23,3.406250,3.468750,3.406250,3.468750,2.010991,272800
1991-12-24,3.437500,3.437500,3.343750,3.406250,1.974758,130000
1991-12-26,3.375000,3.437500,3.375000,3.437500,1.992876,172000
1991-12-27,3.406250,3.406250,3.281250,3.375000,1.956642,192000
1991-12-30,3.281250,3.375000,3.250000,3.312500,1.920407,543200
1991-12-31,3.312500,3.406250,3.281250,3.406250,1.974758,1112000
1992-01-02,3.375000,3.500000,3.375000,3.468750,2.010991,184400
1992-01-03,3.437500,3.531250,3.406250,3.531250,2.047227,312400
1992-01-06,3.562500,3.625000,3.468750,3.468750,2.010991,653200
1992-01-07,3.437500,3.437500,3.281250,3.312500,1.920407,357200
1992-01-08,3.250000,3.281250,3.156250,3.156250,1.829821,413200
1992-01-09,3.125000,3.187500,2.968750,3.093750,1.793588,794000
1992-01-10,3.093750,3.125000,2.968750,3.000000,1.739236,588400
1992-01-13,3.062500,3.125000,3.031250,3.062500,1.775470,565600
1992-01-14,3.062500,3.250000,3.062500,3.218750,1.866056,443600
1992-01-15,3.375000,3.437500,3.343750,3.437500,1.992876,1531200
1992-01-16,3.437500,3.437500,3.250000,3.281250,1.902290,571200
1992-01-17,3.281250,3.500000,3.281250,3.468750,2.010991,700000
1992-01-20,3.437500,3.500000,3.375000,3.500000,2.029109,596400
1992-01-21,3.500000,3.500000,3.437500,3.437500,1.992876,440400
1992-01-22,3.500000,3.593750,3.437500,3.531250,2.047227,654400
1992-01-23,3.531250,3.531250,3.406250,3.468750,2.010991,432800
1992-01-24,3.468750,3.625000,3.437500,3.562500,2.065344,380400
1992-01-27,3.531250,3.531250,3.343750,3.375000,1.956642,330400
1992-01-28,3.343750,3.343750,3.187500,3.218750,1.866056,780400
1992-01-29,3.218750,3.250000,3.125000,3.156250,1.829821,460400
1992-01-30,3.187500,3.187500,3.062500,3.093750,1.793588,1350000
1992-01-31,3.062500,3.125000,3.062500,3.125000,1.811704,614800
1992-02-03,3.125000,3.125000,3.031250,3.031250,1.757353,157600
1992-02-04,3.031250,3.093750,2.968750,3.093750,1.817573,1018000
1992-02-05,3.125000,3.125000,3.031250,3.093750,1.817573,376400
1992-02-06,3.093750,3.093750,3.062500,3.093750,1.817573,198400
1992-02-07,3.093750,3.156250,3.031250,3.156250,1.854290,314400
1992-02-10,3.156250,3.218750,3.156250,3.187500,1.872649,358800
1992-02-11,3.187500,3.187500,3.125000,3.156250,1.854290,497600
1992-02-12,3.093750,3.187500,3.093750,3.187500,1.872649,484400
1992-02-13,3.156250,3.187500,3.093750,3.093750,1.817573,426800
1992-02-14,3.062500,3.156250,3.031250,3.156250,1.854290,175600
1992-02-18,3.156250,3.156250,2.968750,3.000000,1.762494,746800
1992-02-19,2.968750,3.093750,2.968750,3.062500,1.799213,257600
1992-02-20,3.031250,3.062500,3.000000,3.000000,1.762494,540000
1992-02-21,3.000000,3.093750,2.937500,3.093750,1.817573,1146000
1992-02-24,3.062500,3.062500,3.000000,3.031250,1.780854,168000
1992-02-25,3.062500,3.062500,2.937500,2.968750,1.744135,668000
1992-02-26,2.968750,3.093750,2.968750,3.062500,1.799213,160800
1992-02-27,3.062500,3.062500,3.031250,3.062500,1.799213,58800
1992-02-28,3.093750,3.125000,3.031250,3.062500,1.799213,164400
1992-03-02,3.062500,3.125000,3.062500,3.062500,1.799213,811600
1992-03-03,3.062500,3.093750,3.062500,3.062500,1.799213,76000
1992-03-04,3.093750,3.093750,3.062500,3.062500,1.799213,240000
1992-03-05,3.031250,3.062500,2.968750,2.968750,1.744135,84000
1992-03-06,2.937500,2.968750,2.906250,2.968750,1.744135,135200
1992-03-09,2.968750,3.000000,2.937500,2.968750,1.744135,122000
1992-03-10,3.000000,3.031250,2.968750,3.000000,1.762494,304400
1992-03-11,3.062500,3.093750,3.062500,3.093750,1.817573,253600
1992-03-12,3.062500,3.156250,3.062500,3.125000,1.835930,201200
1992-03-13,3.156250,3.156250,3.093750,3.156250,1.854290,331600
1992-03-16,3.125000,3.218750,3.125000,3.187500,1.872649,221600
1992-03-17,3.187500,3.218750,3.125000,3.156250,1.854290,124800
1992-03-18,3.156250,3.187500,3.093750,3.125000,1.835930,135600
1992-03-19,3.125000,3.312500,3.125000,3.312500,1.946088,266000
1992-03-20,3.312500,3.343750,3.250000,3.281250,1.927727,262800
1992-03-23,3.281250,3.375000,3.281250,3.375000,1.982807,271200
1992-03-24,3.375000,3.406250,3.250000,3.250000,1.909368,693200
1992-03-25,3.250000,3.312500,3.218750,3.312500,1.946088,350800
1992-03-26,3.312500,3.312500,3.250000,3.281250,1.927727,231200
1992-03-27,3.312500,3.343750,3.281250,3.343750,1.964448,368000
1992-03-30,3.343750,3.343750,3.312500,3.312500,1.946088,86400
1992-03-31,3.281250,3.406250,3.281250,3.375000,1.982807,600800
1992-04-01,3.343750,3.375000,3.343750,3.343750,1.964448,30800
1992-04-02,3.343750,3.406250,3.343750,3.406250,2.001165,84000
1992-04-03,3.343750,3.375000,3.312500,3.375000,1.982807,170000
1992-04-06,3.406250,3.531250,3.375000,3.531250,2.074602,469600
1992-04-07,3.562500,3.562500,3.468750,3.531250,2.074602,368400
1992-04-08,3.500000,3.500000,3.437500,3.468750,2.037884,119200
1992-04-09,3.468750,3.468750,3.437500,3.468750,2.037884,188000
1992-04-10,3.500000,3.531250,3.468750,3.500000,2.056243,84800
1992-04-13,3.500000,3.562500,3.468750,3.562500,2.092962,59200
1992-04-14,3.562500,3.687500,3.531250,3.593750,2.111321,218000
1992-04-15,3.593750,3.656250,3.500000,3.656250,2.148039,370000
1992-04-16,3.656250,3.687500,3.562500,3.562500,2.092962,272400
1992-04-20,3.625000,3.625000,3.468750,3.468750,2.037884,178400
1992-04-21,3.468750,3.500000,3.468750,3.468750,2.037884,179600
1992-04-22,3.500000,3.593750,3.500000,3.562500,2.092962,708800
1992-04-23,3.562500,3.687500,3.468750,3.687500,2.166399,597200
1992-04-24,3.656250,3.781250,3.656250,3.750000,2.203118,622400
1992-04-27,3.750000,3.750000,3.687500,3.718750,2.184759,400000
1992-04-28,3.718750,3.843750,3.718750,3.781250,2.221476,284000
1992-04-29,3.781250,3.906250,3.750000,3.781250,2.221476,616800
1992-04-30,3.781250,3.812500,3.656250,3.687500,2.166399,234800
1992-05-01,3.750000,3.812500,3.718750,3.781250,2.221476,264000
1992-05-04,3.781250,3.781250,3.687500,3.687500,2.166399,353600
1992-05-05,3.687500,3.843750,3.687500,3.812500,2.264400,369200
1992-05-06,3.812500,3.812500,3.750000,3.750000,2.227278,466800
1992-05-07,3.750000,3.812500,3.750000,3.781250,2.245839,216400
1992-05-08,3.781250,3.781250,3.750000,3.750000,2.227278,124800
1992-05-11,3.750000,3.843750,3.750000,3.812500,2.264400,618800
1992-05-12,3.843750,3.843750,3.812500,3.812500,2.264400,166800
1992-05-13,3.812500,3.906250,3.812500,3.875000,2.301520,364400
1992-05-14,3.875000,4.062500,3.843750,4.000000,2.375763,789200
1992-05-15,3.968750,3.968750,3.875000,3.906250,2.320081,315600
1992-05-18,3.906250,4.000000,3.843750,3.843750,2.282959,203200
1992-05-19,3.843750,3.843750,3.750000,3.781250,2.245839,181200
1992-05-20,3.781250,3.906250,3.781250,3.875000,2.301520,203200
1992-05-21,3.843750,3.906250,3.843750,3.906250,2.320081,184000
1992-05-22,3.875000,3.906250,3.875000,3.906250,2.320081,25200
1992-05-26,3.937500,4.156250,3.937500,4.125000,2.450006,969600
1992-05-27,4.093750,4.093750,4.000000,4.031250,2.394325,388400
1992-05-28,4.000000,4.031250,3.937500,3.968750,2.357203,327200
1992-05-29,3.937500,4.000000,3.937500,4.000000,2.375763,195600
1992-06-01,3.968750,4.031250,3.937500,4.031250,2.394325,262800
1992-06-02,4.000000,4.031250,3.937500,4.000000,2.375763,333600
1992-06-03,4.000000,4.000000,3.968750,3.968750,2.357203,77600
1992-06-04,4.000000,4.031250,4.000000,4.000000,2.375763,68000
1992-06-05,4.031250,4.031250,4.000000,4.000000,2.375763,141200
1992-06-08,4.062500,4.062500,4.031250,4.031250,2.394325,125600
1992-06-09,4.062500,4.062500,4.000000,4.000000,2.375763,168400
1992-06-10,4.000000,4.062500,3.968750,3.968750,2.357203,496800
1992-06-11,3.968750,3.968750,3.750000,3.843750,2.282959,496400
1992-06-12,3.937500,3.937500,3.843750,3.875000,2.301520,176800
1992-06-15,3.875000,3.875000,3.812500,3.843750,2.282959,203600
1992-06-16,3.812500,3.843750,3.781250,3.812500,2.264400,262000
1992-06-17,3.812500,3.843750,3.812500,3.843750,2.282959,274400
1992-06-18,3.812500,3.843750,3.812500,3.812500,2.264400,88800
1992-06-19,3.812500,3.812500,3.718750,3.750000,2.227278,159600
1992-06-22,3.750000,3.750000,3.687500,3.687500,2.190157,310800
1992-06-23,3.718750,3.718750,3.687500,3.718750,2.208718,193600
1992-06-24,3.718750,3.718750,3.656250,3.656250,2.171596,124000
1992-06-25,3.656250,3.687500,3.625000,3.687500,2.190157,169200
1992-06-26,3.656250,3.718750,3.656250,3.718750,2.208718,76400
1992-06-29,3.718750,3.750000,3.593750,3.656250,2.171596,336800
1992-06-30,3.718750,3.718750,3.687500,3.718750,2.208718,146400
1992-07-01,3.687500,3.750000,3.687500,3.750000,2.227278,190400
1992-07-02,3.750000,3.812500,3.718750,3.812500,2.264400,241200
1992-07-06,3.812500,3.875000,3.812500,3.875000,2.301520,422800
1992-07-07,3.843750,3.875000,3.812500,3.812500,2.264400,258800
1992-07-08,3.812500,3.812500,3.781250,3.812500,2.264400,470000
1992-07-09,3.812500,3.843750,3.718750,3.750000,2.227278,129200
1992-07-10,3.781250,3.875000,3.781250,3.843750,2.282959,66800
1992-07-13,3.875000,4.000000,3.812500,4.000000,2.375763,253600
1992-07-14,4.031250,4.218750,4.031250,4.187500,2.487127,608400
1992-07-15,4.156250,4.187500,3.968750,4.031250,2.394325,920000
1992-07-16,4.000000,4.062500,3.906250,4.062500,2.412885,238400
1992-07-17,4.062500,4.062500,4.031250,4.031250,2.394325,69200
1992-07-20,4.093750,4.093750,3.937500,3.937500,2.338642,123200
1992-07-21,4.000000,4.062500,4.000000,4.062500,2.412885,231200
1992-07-22,4.031250,4.031250,3.937500,4.031250,2.394325,280800
1992-07-23,4.000000,4.062500,4.000000,4.062500,2.412885,228000
1992-07-24,4.000000,4.156250,4.000000,4.156250,2.468566,222400
1992-07-27,4.187500,4.218750,4.156250,4.156250,2.468566,360000
1992-07-28,4.156250,4.312500,4.125000,4.218750,2.505688,2336000
1992-07-29,4.250000,4.406250,4.250000,4.312500,2.561370,837600
1992-07-30,4.312500,4.343750,4.281250,4.312500,2.561370,357600
1992-07-31,4.281250,4.375000,4.281250,4.343750,2.579930,333600
1992-08-03,4.343750,4.343750,4.312500,4.312500,2.561370,134400
1992-08-04,4.312500,4.343750,4.312500,4.312500,2.585349,280000
1992-08-05,4.343750,4.437500,4.312500,4.406250,2.641553,919600
1992-08-06,4.468750,4.468750,4.343750,4.406250,2.641553,504800
1992-08-07,4.406250,4.406250,4.312500,4.343750,2.604084,571600
1992-08-10,4.343750,4.343750,4.250000,4.281250,2.566616,837200
1992-08-11,4.281250,4.500000,4.281250,4.437500,2.660288,568000
1992-08-12,4.468750,4.562500,4.468750,4.468750,2.679021,681600
1992-08-13,4.500000,4.593750,4.500000,4.562500,2.735225,2046800
1992-08-14,4.562500,4.718750,4.562500,4.718750,2.828897,1720400
1992-08-17,4.656250,4.656250,4.500000,4.593750,2.753958,1445600
1992-08-18,4.531250,4.562500,4.500000,4.531250,2.716490,704400
1992-08-19,4.562500,4.562500,4.531250,4.531250,2.716490,374800
1992-08-20,4.500000,4.531250,4.406250,4.437500,2.660288,462000
1992-08-21,4.468750,4.468750,4.437500,4.437500,2.660288,274800
1992-08-24,4.406250,4.656250,4.406250,4.625000,2.772695,792000
1992-08-25,4.625000,4.687500,4.593750,4.687500,2.810162,1204000
1992-08-26,4.625000,4.687500,4.562500,4.656250,2.791429,302400
1992-08-27,4.656250,4.718750,4.656250,4.687500,2.810162,754000
1992-08-28,4.687500,4.875000,4.687500,4.812500,2.885100,980400
1992-08-31,4.812500,4.937500,4.812500,4.906250,2.941303,1294800
1992-09-01,4.875000,5.000000,4.812500,4.812500,2.885100,1587600
1992-09-02,4.750000,4.812500,4.656250,4.812500,2.885100,1828000
1992-09-03,4.781250,5.000000,4.781250,4.906250,2.941303,2142000
1992-09-04,4.875000,4.875000,4.781250,4.843750,2.903835,534000
1992-09-08,4.875000,4.875000,4.812500,4.875000,2.922570,796800
1992-09-09,4.875000,5.000000,4.812500,5.000000,2.997506,1180800
1992-09-10,4.968750,5.000000,4.937500,4.968750,2.978773,233600
1992-09-11,4.968750,5.000000,4.875000,5.000000,2.997506,986400
1992-09-14,4.968750,5.000000,4.968750,5.000000,2.997506,735600
1992-09-15,5.000000,5.000000,4.937500,5.000000,2.997506,215600
1992-09-16,4.937500,5.062500,4.937500,5.000000,2.997506,555600
1992-09-17,5.031250,5.031250,4.906250,4.968750,2.978773,166400
1992-09-18,4.906250,4.937500,4.906250,4.937500,2.960036,300800
1992-09-21,4.937500,5.062500,4.937500,5.031250,3.016243,487600
1992-09-22,5.000000,5.031250,4.812500,4.875000,2.922570,260400
1992-09-23,4.906250,5.000000,4.812500,5.000000,2.997506,910000
1992-09-24,5.000000,5.000000,4.906250,4.906250,2.941303,217600
1992-09-25,4.937500,5.000000,4.906250,4.937500,2.960036,938400
1992-09-28,4.875000,4.906250,4.781250,4.906250,2.941303,316000
1992-09-29,4.906250,4.906250,4.843750,4.906250,2.941303,462800
1992-09-30,4.906250,4.906250,4.812500,4.875000,2.922570,207600
1992-10-01,4.812500,4.875000,4.812500,4.843750,2.903835,729600
1992-10-02,4.843750,4.906250,4.812500,4.812500,2.885100,206800
1992-10-05,4.812500,4.812500,4.687500,4.750000,2.847631,850800
1992-10-06,4.781250,4.781250,4.750000,4.781250,2.866366,596000
1992-10-07,4.750000,4.781250,4.718750,4.750000,2.847631,340800
1992-10-08,4.750000,4.750000,4.718750,4.750000,2.847631,150000
1992-10-09,4.718750,4.812500,4.687500,4.750000,2.847631,504400
1992-10-12,4.718750,4.781250,4.687500,4.687500,2.810162,262800
1992-10-13,4.687500,4.812500,4.687500,4.750000,2.847631,528000
1992-10-14,4.750000,4.781250,4.750000,4.750000,2.847631,1121200
1992-10-15,4.718750,4.750000,4.718750,4.718750,2.828897,551600
1992-10-16,4.718750,4.750000,4.718750,4.718750,2.828897,428400
1992-10-19,4.750000,4.781250,4.718750,4.781250,2.866366,476000
1992-10-20,4.812500,4.843750,4.750000,4.843750,2.903835,531600
1992-10-21,4.843750,4.875000,4.812500,4.843750,2.903835,210400
1992-10-22,4.843750,4.843750,4.750000,4.750000,2.847631,248800
1992-10-23,4.781250,4.781250,4.656250,4.718750,2.828897,333600
1992-10-26,4.750000,4.750000,4.625000,4.625000,2.772695,325200
1992-10-27,4.656250,4.656250,4.500000,4.531250,2.716490,230400
1992-10-28,4.500000,4.687500,4.500000,4.687500,2.810162,420000
1992-10-29,4.656250,4.656250,4.593750,4.656250,2.791429,135200
1992-10-30,4.593750,4.625000,4.531250,4.625000,2.772695,96400
1992-11-02,4.625000,4.625000,4.562500,4.625000,2.772695,1164400
1992-11-03,4.593750,4.593750,4.500000,4.531250,2.740191,145200
1992-11-04,4.500000,4.593750,4.500000,4.531250,2.740191,82400
1992-11-05,4.375000,4.375000,4.093750,4.281250,2.589007,1740800
1992-11-06,4.281250,4.281250,4.156250,4.218750,2.551212,363600
1992-11-09,4.156250,4.187500,4.031250,4.125000,2.494518,1866400
1992-11-10,4.125000,4.156250,4.062500,4.125000,2.494518,844000
1992-11-11,4.156250,4.218750,4.125000,4.156250,2.513415,972000
1992-11-12,4.218750,4.281250,4.187500,4.250000,2.570110,803200
1992-11-13,4.218750,4.250000,4.218750,4.250000,2.570110,218000
1992-11-16,4.187500,4.281250,4.187500,4.281250,2.589007,578400
1992-11-17,4.281250,4.312500,4.281250,4.281250,2.589007,229200
1992-11-18,4.312500,4.312500,4.281250,4.312500,2.607904,249200
1992-11-19,4.250000,4.250000,4.187500,4.218750,2.551212,123200
1992-11-20,4.218750,4.343750,4.218750,4.312500,2.607904,374400
1992-11-23,4.312500,4.312500,4.250000,4.281250,2.589007,346800
1992-11-24,4.218750,4.218750,3.968750,4.000000,2.418926,809200
1992-11-25,4.000000,4.031250,3.968750,4.031250,2.437824,339200
1992-11-27,4.062500,4.093750,4.031250,4.031250,2.437824,678000
1992-11-30,4.062500,4.156250,4.031250,4.156250,2.513415,1102800
1992-12-01,4.093750,4.125000,4.031250,4.062500,2.456721,658400
1992-12-02,4.062500,4.062500,3.812500,3.875000,2.343335,1199200
1992-12-03,3.875000,3.906250,3.812500,3.843750,2.324435,517600
1992-12-04,3.843750,4.031250,3.781250,4.031250,2.437824,1402800
1992-12-07,4.000000,4.062500,4.000000,4.031250,2.437824,200800
1992-12-08,4.000000,4.062500,4.000000,4.000000,2.418926,576400
1992-12-09,4.031250,4.062500,4.000000,4.031250,2.437824,254800
1992-12-10,4.031250,4.218750,4.031250,4.187500,2.532313,408400
1992-12-11,4.250000,4.343750,4.250000,4.312500,2.607904,180000
1992-12-14,4.281250,4.281250,4.156250,4.156250,2.513415,286800
1992-12-15,4.187500,4.250000,4.156250,4.218750,2.551212,108000
1992-12-16,4.187500,4.312500,4.156250,4.218750,2.551212,222000
1992-12-17,4.250000,4.250000,4.156250,4.187500,2.532313,126800
1992-12-18,4.281250,4.343750,4.250000,4.281250,2.589007,103600
1992-12-21,4.218750,4.281250,4.187500,4.250000,2.570110,80000
1992-12-22,4.250000,4.343750,4.250000,4.281250,2.589007,217200
1992-12-23,4.250000,4.281250,4.218750,4.250000,2.570110,313200
1992-12-24,4.218750,4.250000,4.218750,4.250000,2.570110,26800
1992-12-28,4.218750,4.281250,4.218750,4.281250,2.589007,1010800
1992-12-29,4.281250,4.281250,4.218750,4.218750,2.551212,301600
1992-12-30,4.281250,4.312500,4.218750,4.281250,2.589007,215200
1992-12-31,4.281250,4.437500,4.281250,4.406250,2.664598,640800
1993-01-04,4.406250,4.406250,4.281250,4.312500,2.607904,394800
1993-01-05,4.312500,4.343750,4.250000,4.312500,2.607904,286400
1993-01-06,4.343750,4.343750,4.312500,4.343750,2.626802,137200
1993-01-07,4.406250,4.406250,4.093750,4.187500,2.532313,574800
1993-01-08,4.125000,4.125000,3.968750,4.093750,2.475620,185600
1993-01-11,4.031250,4.062500,3.937500,4.062500,2.456721,185200
1993-01-12,4.062500,4.093750,4.000000,4.062500,2.456721,206800
1993-01-13,4.093750,4.218750,4.093750,4.187500,2.532313,372000
1993-01-14,4.156250,4.218750,4.062500,4.093750,2.475620,150400
1993-01-15,4.062500,4.156250,4.062500,4.125000,2.494518,320400
1993-01-18,4.125000,4.187500,4.125000,4.187500,2.532313,195200
1993-01-19,4.187500,4.250000,4.156250,4.187500,2.532313,555600
1993-01-20,4.250000,4.437500,4.250000,4.343750,2.626802,1176800
1993-01-21,4.375000,4.375000,4.250000,4.250000,2.570110,725600
1993-01-22,4.281250,4.343750,4.250000,4.312500,2.607904,699200
1993-01-25,4.375000,4.593750,4.375000,4.562500,2.759087,1213200
1993-01-26,4.531250,4.625000,4.531250,4.562500,2.759087,1160400
1993-01-27,4.593750,4.625000,4.500000,4.593750,2.777985,838800
1993-01-28,4.625000,4.687500,4.593750,4.625000,2.796884,388000
1993-01-29,4.656250,4.687500,4.656250,4.687500,2.834678,362400
1993-02-01,4.687500,4.781250,4.656250,4.781250,2.891374,734400
1993-02-02,4.718750,4.875000,4.718750,4.875000,2.972938,867200
1993-02-03,4.906250,4.906250,4.875000,4.875000,2.972938,948400
1993-02-04,4.843750,4.875000,4.781250,4.843750,2.953881,258800
1993-02-05,4.843750,4.906250,4.812500,4.875000,2.972938,582400
1993-02-08,4.875000,4.906250,4.750000,4.750000,2.896707,359600
1993-02-09,4.750000,4.812500,4.750000,4.750000,2.896707,206800
1993-02-10,4.750000,4.781250,4.687500,4.750000,2.896707,244800
1993-02-11,4.750000,4.843750,4.718750,4.812500,2.934822,546800
1993-02-12,4.875000,4.875000,4.781250,4.781250,2.915766,173600
1993-02-16,4.781250,4.812500,4.750000,4.750000,2.896707,536400
1993-02-17,4.750000,4.750000,4.687500,4.687500,2.858593,778000
1993-02-18,4.750000,4.812500,4.625000,4.625000,2.820479,438800
1993-02-19,4.656250,5.000000,4.656250,4.968750,3.030109,1033200
1993-02-22,4.968750,5.250000,4.968750,5.156250,3.144454,1992400
1993-02-23,5.187500,5.187500,5.125000,5.125000,3.125396,592800
1993-02-24,5.125000,5.156250,5.093750,5.156250,3.144454,172400
1993-02-25,5.125000,5.125000,5.093750,5.125000,3.125396,159600
1993-02-26,5.156250,5.156250,5.062500,5.093750,3.106339,654800
1993-03-01,5.125000,5.281250,5.093750,5.250000,3.201625,1534400
1993-03-02,5.218750,5.406250,5.218750,5.406250,3.296911,867600
1993-03-03,5.406250,5.406250,5.343750,5.375000,3.277854,1078400
1993-03-04,5.375000,5.375000,5.343750,5.375000,3.277854,879200
1993-03-05,5.375000,5.375000,5.312500,5.375000,3.277854,766800
1993-03-08,5.375000,5.375000,5.343750,5.375000,3.277854,260800
1993-03-09,5.343750,5.468750,5.312500,5.468750,3.335025,1517200
1993-03-10,5.468750,5.468750,5.437500,5.468750,3.335025,928800
1993-03-11,5.437500,5.468750,5.375000,5.437500,3.315968,423200
1993-03-12,5.375000,5.468750,5.343750,5.468750,3.335025,748400
1993-03-15,5.468750,5.531250,5.437500,5.437500,3.315968,511200
1993-03-16,5.437500,5.625000,5.437500,5.593750,3.411257,547200
1993-03-17,5.656250,5.687500,5.593750,5.687500,3.468426,566000
1993-03-18,5.687500,5.687500,5.531250,5.531250,3.373139,788000
1993-03-19,5.531250,5.531250,5.375000,5.500000,3.354081,486400
1993-03-22,5.437500,5.531250,5.437500,5.531250,3.373139,108000
1993-03-23,5.500000,5.562500,5.500000,5.562500,3.392198,180000
1993-03-24,5.500000,5.531250,5.406250,5.437500,3.315968,190800
1993-03-25,5.437500,5.562500,5.375000,5.562500,3.392198,226400
1993-03-26,5.531250,5.656250,5.531250,5.625000,3.430312,540400
1993-03-29,5.656250,5.687500,5.625000,5.656250,3.449370,232000
1993-03-30,5.593750,5.593750,5.500000,5.593750,3.411257,1329200
1993-03-31,5.593750,5.593750,5.468750,5.531250,3.373139,224400
1993-04-01,5.500000,5.500000,5.281250,5.375000,3.277854,892800
1993-04-02,5.375000,5.375000,5.218750,5.250000,3.201625,1042800
1993-04-05,5.250000,5.312500,5.218750,5.312500,3.239742,330400
1993-04-06,5.312500,5.468750,5.312500,5.468750,3.335025,735200
1993-04-07,5.468750,5.562500,5.468750,5.531250,3.373139,757600
1993-04-08,5.531250,5.531250,5.437500,5.437500,3.315968,686400
1993-04-12,5.468750,5.468750,5.375000,5.437500,3.315968,599200
1993-04-13,5.437500,5.625000,5.437500,5.625000,3.430312,1775200
1993-04-14,5.593750,5.875000,5.562500,5.875000,3.582770,2405200
1993-04-15,5.843750,5.843750,5.593750,5.593750,3.411257,1249600
1993-04-16,5.625000,5.687500,5.593750,5.687500,3.468426,852400
1993-04-19,5.687500,5.718750,5.687500,5.687500,3.468426,264400
1993-04-20,5.687500,5.718750,5.593750,5.593750,3.411257,218400
1993-04-21,5.593750,5.593750,5.500000,5.531250,3.373139,446000
1993-04-22,5.531250,5.531250,5.343750,5.343750,3.258796,472000
1993-04-23,5.375000,5.468750,5.343750,5.468750,3.335025,456000
1993-04-26,5.468750,5.500000,5.406250,5.406250,3.296911,485200
1993-04-27,5.375000,5.375000,5.281250,5.312500,3.239742,595200
1993-04-28,5.281250,5.343750,5.250000,5.281250,3.220682,1165200
1993-04-29,5.312500,5.343750,5.281250,5.343750,3.258796,244800
1993-04-30,5.281250,5.406250,5.250000,5.375000,3.277854,962800
1993-05-03,5.375000,5.500000,5.343750,5.500000,3.354081,1731200
1993-05-04,5.437500,5.531250,5.437500,5.468750,3.359458,410400
1993-05-05,5.468750,5.562500,5.437500,5.531250,3.397852,918400
1993-05-06,5.531250,5.625000,5.531250,5.593750,3.436245,1136000
1993-05-07,5.562500,5.562500,5.500000,5.531250,3.397852,741600
1993-05-10,5.500000,5.500000,5.406250,5.437500,3.340262,430000
1993-05-11,5.406250,5.406250,5.187500,5.250000,3.225080,619200
1993-05-12,5.250000,5.250000,5.125000,5.250000,3.225080,917600
1993-05-13,5.281250,5.312500,5.218750,5.218750,3.205885,1226800
1993-05-14,5.218750,5.250000,5.156250,5.156250,3.167490,409600
1993-05-17,5.156250,5.281250,5.156250,5.218750,3.205885,1418400
1993-05-18,5.250000,5.562500,5.250000,5.531250,3.397852,2412400
1993-05-19,5.531250,5.531250,5.406250,5.406250,3.321064,674000
1993-05-20,5.468750,5.500000,5.406250,5.468750,3.359458,648800
1993-05-21,5.468750,5.468750,5.406250,5.437500,3.340262,472000
1993-05-24,5.375000,5.406250,5.375000,5.406250,3.321064,244400
1993-05-25,5.406250,5.406250,5.343750,5.406250,3.321064,268800
1993-05-26,5.406250,5.531250,5.406250,5.531250,3.397852,729200
1993-05-27,5.562500,5.562500,5.500000,5.500000,3.378654,270400
1993-05-28,5.312500,5.406250,5.312500,5.375000,3.301869,470000
1993-06-01,5.375000,5.375000,5.281250,5.312500,3.263476,1170400
1993-06-02,5.312500,5.343750,5.281250,5.312500,3.263476,526400
1993-06-03,5.437500,5.687500,5.437500,5.687500,3.493837,2000800
1993-06-04,5.625000,5.687500,5.593750,5.687500,3.493837,1178000
1993-06-07,5.656250,5.781250,5.656250,5.750000,3.532232,964000
1993-06-08,5.750000,5.781250,5.718750,5.718750,3.513034,650000
1993-06-09,5.781250,5.875000,5.781250,5.875000,3.609020,1338800
1993-06-10,5.906250,5.937500,5.781250,5.781250,3.551428,1188400
1993-06-11,5.812500,5.906250,5.718750,5.750000,3.532232,1287200
1993-06-14,5.750000,5.781250,5.625000,5.687500,3.493837,795200
1993-06-15,5.625000,5.812500,5.625000,5.718750,3.513034,298400
1993-06-16,5.687500,5.750000,5.687500,5.718750,3.513034,255200
1993-06-17,5.687500,5.812500,5.687500,5.812500,3.570626,225600
1993-06-18,5.906250,5.968750,5.843750,5.937500,3.647413,1109200
1993-06-21,5.906250,6.000000,5.875000,5.968750,3.666610,1560800
1993-06-22,6.000000,6.093750,5.968750,6.031250,3.705003,1092400
1993-06-23,6.031250,6.062500,5.968750,6.000000,3.685807,1295200
1993-06-24,5.937500,6.062500,5.812500,6.062500,3.724199,742400
1993-06-25,6.031250,6.187500,6.031250,6.187500,3.800987,846400
1993-06-28,6.187500,6.312500,6.093750,6.125000,3.762594,501600
1993-06-29,6.093750,6.156250,6.062500,6.156250,3.781790,288400
1993-06-30,6.156250,6.156250,6.031250,6.031250,3.705003,393600
1993-07-01,6.031250,6.218750,6.000000,6.156250,3.781790,1064000
1993-07-02,6.156250,6.187500,6.093750,6.093750,3.743396,378800
1993-07-06,6.000000,6.062500,5.968750,6.031250,3.705003,950800
1993-07-07,6.031250,6.031250,5.968750,6.031250,3.705003,174000
1993-07-08,6.031250,6.062500,5.968750,5.968750,3.666610,569200
1993-07-09,5.937500,5.937500,5.875000,5.937500,3.647413,300000
1993-07-12,5.937500,5.937500,5.843750,5.906250,3.628213,192800
1993-07-13,5.875000,6.000000,5.875000,5.937500,3.647413,407200
1993-07-14,5.906250,5.906250,5.656250,5.656250,3.474640,1078400
1993-07-15,5.687500,5.687500,5.593750,5.656250,3.474640,597600
1993-07-16,5.656250,5.750000,5.625000,5.687500,3.493837,675200
1993-07-19,5.750000,5.750000,5.531250,5.531250,3.397852,649200
1993-07-20,5.593750,5.781250,5.593750,5.750000,3.532232,666000
1993-07-21,5.687500,5.750000,5.656250,5.750000,3.532232,180800
1993-07-22,5.750000,5.843750,5.718750,5.812500,3.570626,333200
1993-07-23,5.843750,6.093750,5.843750,6.031250,3.705003,625600
1993-07-26,6.000000,6.093750,6.000000,6.062500,3.724199,220800
1993-07-27,6.062500,6.218750,6.062500,6.218750,3.820183,539200
1993-07-28,6.218750,6.250000,5.875000,6.000000,3.685807,930000
1993-07-29,6.031250,6.406250,6.031250,6.406250,3.935365,1064400
1993-07-30,6.437500,6.500000,6.437500,6.500000,3.992957,730800
1993-08-02,6.500000,6.562500,6.468750,6.531250,4.012151,498400
1993-08-03,6.406250,6.406250,6.250000,6.250000,3.863039,877600
1993-08-04,6.125000,6.250000,6.125000,6.250000,3.863039,759200
1993-08-05,6.187500,6.281250,6.187500,6.281250,3.882356,494400
1993-08-06,6.281250,6.343750,6.250000,6.312500,3.901671,505200
1993-08-09,6.312500,6.406250,6.312500,6.375000,3.940298,906000
1993-08-10,6.343750,6.562500,6.343750,6.500000,4.017563,675600
1993-08-11,6.500000,6.625000,6.500000,6.562500,4.056193,570400
1993-08-12,6.593750,6.593750,6.562500,6.562500,4.056193,694400
1993-08-13,6.562500,6.625000,6.562500,6.625000,4.094821,110000
1993-08-16,6.625000,6.812500,6.625000,6.750000,4.172084,121200
1993-08-17,6.781250,6.906250,6.718750,6.781250,4.191398,362800
1993-08-18,6.750000,6.812500,6.687500,6.687500,4.133453,267600
1993-08-19,6.750000,6.750000,6.531250,6.562500,4.056193,546800
1993-08-20,6.593750,6.593750,6.562500,6.593750,4.075508,252000
1993-08-23,6.593750,6.718750,6.593750,6.687500,4.133453,407600
1993-08-24,6.687500,6.718750,6.625000,6.687500,4.133453,322000
1993-08-25,6.687500,6.687500,6.625000,6.625000,4.094821,266800
1993-08-26,6.625000,6.656250,6.625000,6.656250,4.114136,388400
1993-08-27,6.656250,6.906250,6.656250,6.906250,4.268659,1958800
1993-08-30,7.625000,7.750000,7.593750,7.625000,4.712908,3798000
1993-08-31,7.656250,7.687500,7.562500,7.625000,4.712908,1827600
1993-09-01,7.625000,7.625000,7.437500,7.437500,4.597017,582400
1993-09-02,7.437500,7.562500,7.437500,7.531250,4.654963,289200
1993-09-03,7.500000,7.625000,7.468750,7.593750,4.693593,267200
1993-09-07,7.593750,7.593750,7.531250,7.593750,4.693593,288000
1993-09-08,7.531250,7.531250,7.406250,7.406250,4.577705,738000
1993-09-09,7.375000,7.500000,7.250000,7.312500,4.519756,826000
1993-09-10,7.281250,7.281250,7.250000,7.250000,4.481126,1366000
1993-09-13,7.312500,7.343750,7.250000,7.250000,4.481126,566400
1993-09-14,7.218750,7.250000,7.125000,7.250000,4.481126,548800
1993-09-15,7.218750,7.343750,7.187500,7.250000,4.481126,569600
1993-09-16,7.250000,7.250000,7.125000,7.156250,4.423180,149600
1993-09-17,7.062500,7.093750,7.000000,7.000000,4.326606,164400
1993-09-20,7.062500,7.187500,7.062500,7.093750,4.384551,213600
1993-09-21,7.156250,7.218750,7.031250,7.125000,4.403867,266400
1993-09-22,7.125000,7.125000,6.875000,7.000000,4.326606,847200
1993-09-23,6.968750,7.062500,6.750000,6.812500,4.210712,782000
1993-09-24,6.875000,7.000000,6.843750,6.937500,4.287975,922000
1993-09-27,6.968750,7.125000,6.968750,7.093750,4.384551,650000
1993-09-28,7.125000,7.125000,6.968750,6.968750,4.307291,509600
1993-09-29,7.000000,7.218750,6.968750,7.187500,4.442495,1352800
1993-09-30,7.312500,7.343750,7.125000,7.250000,4.481126,874800
1993-10-01,7.250000,7.437500,7.250000,7.375000,4.558387,750400
1993-10-04,7.375000,7.375000,7.343750,7.343750,4.539073,286400
1993-10-05,7.343750,7.343750,7.125000,7.187500,4.442495,149600
1993-10-06,7.218750,7.218750,7.093750,7.125000,4.403867,83600
1993-10-07,7.000000,7.093750,6.906250,6.968750,4.307291,610800
1993-10-08,6.968750,7.093750,6.937500,7.093750,4.384551,792400
1993-10-11,7.093750,7.218750,7.031250,7.187500,4.442495,980800
1993-10-12,7.343750,7.500000,7.250000,7.437500,4.597017,1045600
1993-10-13,7.437500,7.468750,7.406250,7.437500,4.597017,268400
1993-10-14,7.375000,7.500000,7.312500,7.375000,4.558387,2050000
1993-10-15,7.500000,7.531250,7.437500,7.437500,4.597017,9336800
1993-10-18,7.406250,7.468750,7.375000,7.406250,4.577705,2181600
1993-10-19,7.406250,7.437500,7.187500,7.218750,4.461810,3805600
1993-10-20,7.281250,7.281250,7.093750,7.093750,4.384551,1274000
1993-10-21,7.187500,7.250000,7.093750,7.093750,4.384551,1016400
1993-10-22,7.093750,7.187500,7.093750,7.125000,4.403867,443600
1993-10-25,7.187500,7.187500,7.000000,7.062500,4.365233,323600
1993-10-26,7.031250,7.062500,6.656250,7.000000,4.326606,2042000
1993-10-27,6.968750,7.093750,6.968750,7.093750,4.384551,764000
1993-10-28,7.093750,7.187500,7.062500,7.125000,4.403867,618800
1993-10-29,7.156250,7.156250,6.937500,6.968750,4.307291,440800
1993-11-01,6.968750,7.125000,6.875000,7.062500,4.365233,363200
1993-11-02,7.062500,7.125000,7.031250,7.125000,4.428950,373600
1993-11-03,7.250000,7.250000,6.937500,7.031250,4.370675,518800
1993-11-04,7.000000,7.156250,7.000000,7.093750,4.409524,539200
1993-11-05,7.000000,7.187500,7.000000,7.187500,4.467800,634800
1993-11-08,7.218750,7.281250,7.093750,7.156250,4.448375,1034800
1993-11-09,7.218750,7.218750,7.156250,7.156250,4.448375,292400
1993-11-10,7.187500,7.281250,7.187500,7.250000,4.506651,735600
1993-11-11,7.250000,7.250000,6.968750,7.031250,4.370675,375200
1993-11-12,7.031250,7.156250,7.000000,7.156250,4.448375,228800
1993-11-15,7.156250,7.156250,6.906250,7.031250,4.370675,258000
1993-11-16,7.062500,7.062500,6.781250,6.812500,4.234698,633600
1993-11-17,6.875000,6.906250,6.781250,6.843750,4.254123,1048400
1993-11-18,6.781250,6.843750,6.750000,6.843750,4.254123,1010400
1993-11-19,6.812500,6.812500,6.656250,6.687500,4.156997,511200
1993-11-22,6.750000,6.750000,6.593750,6.593750,4.098722,198800
1993-11-23,6.562500,6.687500,6.406250,6.656250,4.137571,1176800
1993-11-24,6.687500,6.843750,6.625000,6.843750,4.254123,1034800
1993-11-26,6.781250,6.781250,6.625000,6.687500,4.156997,462000
1993-11-29,6.593750,6.593750,6.312500,6.375000,3.962743,606000
1993-11-30,6.312500,6.406250,6.187500,6.187500,3.846194,1317600
1993-12-01,6.187500,6.187500,5.750000,5.968750,3.710217,3482400
1993-12-02,5.968750,6.000000,5.875000,5.937500,3.690790,735600
1993-12-03,6.000000,6.031250,5.843750,5.906250,3.671367,444800
1993-12-06,5.968750,6.062500,5.937500,5.937500,3.690790,838000
1993-12-07,5.937500,6.062500,5.937500,6.031250,3.749068,394800
1993-12-08,5.937500,6.000000,5.781250,6.000000,3.729643,1062800
1993-12-09,6.000000,6.000000,5.781250,5.843750,3.632514,470800
1993-12-10,5.843750,5.906250,5.750000,5.875000,3.651941,614800
1993-12-13,5.875000,6.062500,5.875000,6.062500,3.768493,952000
1993-12-14,6.062500,6.062500,5.906250,5.968750,3.710217,600800
1993-12-15,5.968750,6.093750,5.968750,5.968750,3.710217,222800
1993-12-16,6.000000,6.125000,5.968750,6.093750,3.787917,585600
1993-12-17,6.093750,6.187500,6.062500,6.125000,3.807343,706400
1993-12-20,6.156250,6.250000,6.125000,6.125000,3.807343,797200
1993-12-21,6.125000,6.156250,5.968750,6.093750,3.787917,1009600
1993-12-22,6.062500,6.125000,6.031250,6.125000,3.807343,197200
1993-12-23,6.218750,6.281250,6.156250,6.250000,3.885042,336000
1993-12-27,6.250000,6.437500,6.250000,6.437500,4.001595,670400
1993-12-28,6.500000,6.562500,6.437500,6.500000,4.040443,486400
1993-12-29,6.500000,6.562500,6.468750,6.562500,4.079295,553200
1993-12-30,6.500000,6.687500,6.500000,6.687500,4.156997,632400
1993-12-31,6.687500,6.687500,6.562500,6.625000,4.118146,472000
1994-01-03,6.593750,6.593750,6.500000,6.531250,4.059871,644000
1994-01-04,6.531250,6.531250,6.406250,6.406250,3.982172,404000
1994-01-05,6.468750,6.812500,6.437500,6.812500,4.234698,752000
1994-01-06,6.750000,6.843750,6.750000,6.812500,4.234698,312400
1994-01-07,6.812500,6.937500,6.750000,6.750000,4.195848,665600
1994-01-10,6.781250,6.781250,6.593750,6.593750,4.098722,296400
1994-01-11,6.593750,6.625000,6.406250,6.437500,4.001595,562400
1994-01-12,6.437500,6.500000,6.250000,6.281250,3.904469,449200
1994-01-13,6.250000,6.312500,6.156250,6.218750,3.865617,1646800
1994-01-14,6.218750,6.218750,6.156250,6.156250,3.826766,2029200
1994-01-17,6.218750,6.343750,6.218750,6.312500,3.923891,1373200
1994-01-18,6.343750,6.593750,6.343750,6.562500,4.079295,787600
1994-01-19,6.625000,6.875000,6.593750,6.750000,4.195848,1517200
1994-01-20,6.718750,6.812500,6.593750,6.625000,4.118146,987200
1994-01-21,6.750000,6.906250,6.750000,6.875000,4.273548,1104400
1994-01-24,6.875000,7.031250,6.875000,6.906250,4.292974,833200
1994-01-25,6.875000,6.875000,6.687500,6.687500,4.156997,259600
1994-01-26,6.562500,6.625000,6.562500,6.593750,4.098722,1114000
1994-01-27,6.718750,6.718750,6.562500,6.593750,4.098722,661600
1994-01-28,6.625000,6.687500,6.562500,6.687500,4.156997,516000
1994-01-31,6.687500,6.968750,6.687500,6.843750,4.254123,862800
1994-02-01,6.812500,7.000000,6.812500,7.000000,4.376831,854800
1994-02-02,7.000000,7.062500,6.968750,7.062500,4.415906,1044400
1994-02-03,7.062500,7.156250,7.000000,7.156250,4.474528,1018000
1994-02-04,7.156250,7.187500,6.875000,6.875000,4.298672,968800
1994-02-07,6.812500,6.812500,6.625000,6.781250,4.240054,605600
1994-02-08,6.718750,6.968750,6.687500,6.843750,4.279134,366000
1994-02-09,6.843750,7.000000,6.843750,7.000000,4.376831,1213200
1994-02-10,6.937500,6.968750,6.843750,6.843750,4.279134,442400
1994-02-11,6.812500,6.812500,6.625000,6.718750,4.200976,584000
1994-02-14,6.781250,6.906250,6.781250,6.781250,4.240054,955600
1994-02-15,6.812500,6.906250,6.812500,6.843750,4.279134,542000
1994-02-16,6.875000,6.906250,6.812500,6.906250,4.318212,159200
1994-02-17,6.906250,7.000000,6.843750,6.843750,4.279134,1080800
1994-02-18,6.875000,6.937500,6.781250,6.781250,4.240054,202000
1994-02-22,6.812500,6.875000,6.718750,6.875000,4.298672,64400
1994-02-23,6.875000,6.937500,6.781250,6.781250,4.240054,457600
1994-02-24,6.750000,6.750000,6.531250,6.593750,4.122817,556800
1994-02-25,6.625000,6.625000,6.437500,6.531250,4.083739,394400
1994-02-28,6.500000,6.531250,6.437500,6.437500,4.025120,765200
1994-03-01,6.468750,6.468750,6.343750,6.468750,4.044661,490400
1994-03-02,6.406250,6.625000,6.343750,6.625000,4.142356,224000
1994-03-03,6.625000,6.625000,6.500000,6.531250,4.083739,366000
1994-03-04,6.562500,6.750000,6.531250,6.750000,4.220515,562800
1994-03-07,6.750000,6.812500,6.750000,6.812500,4.259593,314000
1994-03-08,6.781250,6.781250,6.437500,6.437500,4.025120,826800
1994-03-09,6.437500,6.468750,6.218750,6.250000,3.907886,838800
1994-03-10,6.250000,6.250000,6.125000,6.125000,3.829728,878400
1994-03-11,6.125000,6.187500,6.062500,6.156250,3.849267,1772400
1994-03-14,6.125000,6.312500,6.093750,6.218750,3.888343,876800
1994-03-15,6.281250,6.281250,6.218750,6.218750,3.888343,679600
1994-03-16,6.250000,6.468750,6.156250,6.468750,4.044661,636000
1994-03-17,6.437500,6.687500,6.437500,6.687500,4.181436,512800
1994-03-18,6.750000,6.937500,6.687500,6.906250,4.318212,626800
1994-03-21,6.750000,6.781250,6.437500,6.437500,4.025120,674000
1994-03-22,6.500000,6.750000,6.500000,6.687500,4.181436,466400
1994-03-23,6.656250,6.656250,6.375000,6.437500,4.025120,597200
1994-03-24,6.343750,6.500000,6.281250,6.343750,3.966503,389200
1994-03-25,6.375000,6.500000,6.375000,6.437500,4.025120,277200
1994-03-28,6.343750,6.343750,6.062500,6.156250,3.849267,970800
1994-03-29,6.062500,6.093750,6.000000,6.000000,3.751570,1414000
1994-03-30,5.937500,6.000000,5.843750,5.968750,3.732033,488000
1994-03-31,6.031250,6.062500,5.906250,5.937500,3.712489,1471600
1994-04-04,5.875000,5.875000,5.625000,5.687500,3.556175,660000
1994-04-05,5.812500,5.937500,5.750000,5.937500,3.712489,1220800
1994-04-06,5.968750,6.031250,5.937500,6.000000,3.751570,393600
1994-04-07,6.000000,6.062500,5.875000,5.937500,3.712489,856400
1994-04-08,5.937500,6.000000,5.875000,5.875000,3.673411,514000
1994-04-11,5.843750,6.062500,5.843750,6.031250,3.771109,930400
1994-04-12,6.093750,6.125000,6.000000,6.000000,3.751570,401200
1994-04-13,6.062500,6.062500,5.906250,5.937500,3.712489,107200
1994-04-14,5.906250,6.250000,5.906250,6.156250,3.849267,548000
1994-04-15,6.281250,6.593750,6.281250,6.593750,4.122817,724000
1994-04-18,6.562500,6.937500,6.562500,6.906250,4.318212,1499200
1994-04-19,6.875000,6.875000,6.687500,6.781250,4.240054,611200
1994-04-20,6.718750,6.718750,6.562500,6.687500,4.181436,470000
1994-04-21,6.750000,6.937500,6.750000,6.906250,4.318212,467600
1994-04-22,6.906250,7.031250,6.906250,7.031250,4.396370,826800
1994-04-25,7.062500,7.343750,7.062500,7.343750,4.591765,810800
1994-04-26,7.281250,7.562500,7.281250,7.281250,4.552683,1661600
1994-04-28,7.218750,7.218750,7.000000,7.062500,4.415906,666800
1994-04-29,7.156250,7.281250,7.125000,7.281250,4.552683,532800
1994-05-02,7.218750,7.218750,7.093750,7.187500,4.494066,364800
1994-05-03,7.218750,7.250000,7.187500,7.218750,4.538865,780400
1994-05-04,7.187500,7.218750,7.156250,7.218750,4.538865,250000
1994-05-05,7.156250,7.250000,7.156250,7.250000,4.558517,174400
1994-05-06,7.187500,7.343750,7.187500,7.281250,4.578163,408800
1994-05-09,7.312500,7.437500,7.281250,7.406250,4.656759,1707600
1994-05-10,7.375000,7.406250,7.375000,7.406250,4.656759,1115200
1994-05-11,7.406250,7.437500,7.343750,7.375000,4.637109,1429600
1994-05-12,7.406250,7.562500,7.343750,7.531250,4.735354,1203200
1994-05-13,7.500000,7.812500,7.500000,7.781250,4.892545,1957200
1994-05-16,7.781250,7.781250,7.500000,7.562500,4.755003,887600
1994-05-17,7.437500,7.437500,7.312500,7.375000,4.637109,1304000
1994-05-18,7.406250,7.437500,7.406250,7.406250,4.656759,886400
1994-05-19,7.437500,7.500000,7.437500,7.468750,4.696056,663600
1994-05-20,7.437500,7.437500,7.312500,7.312500,4.597812,781600
1994-05-23,7.312500,7.312500,7.250000,7.281250,4.578163,560400
1994-05-24,7.312500,7.312500,7.125000,7.125000,4.479920,934400
1994-05-25,7.156250,7.156250,6.968750,7.125000,4.479920,1095200
1994-05-26,7.125000,7.156250,6.968750,7.031250,4.420972,661200
1994-05-27,7.062500,7.062500,7.031250,7.031250,4.420972,70000
1994-05-31,7.062500,7.125000,7.031250,7.062500,4.440620,488400
1994-06-01,7.000000,7.156250,7.000000,7.156250,4.499565,481200
1994-06-02,7.156250,7.250000,7.062500,7.156250,4.499565,942000
1994-06-03,7.125000,7.437500,7.125000,7.437500,4.676406,1104400
1994-06-06,7.437500,7.593750,7.437500,7.593750,4.774649,1392000
1994-06-07,7.656250,7.656250,7.500000,7.531250,4.735354,535200
1994-06-08,7.531250,7.687500,7.531250,7.625000,4.794301,1008000
1994-06-09,7.625000,7.656250,7.593750,7.656250,4.813948,804800
1994-06-10,7.750000,7.812500,7.687500,7.781250,4.892545,636400
1994-06-13,7.718750,7.750000,7.687500,7.750000,4.872898,381600
1994-06-14,7.812500,7.937500,7.812500,7.906250,4.971139,754000
1994-06-15,7.875000,7.968750,7.718750,7.750000,4.872898,674000
1994-06-16,7.750000,8.062500,7.750000,8.000000,5.030083,811200
1994-06-17,8.062500,8.062500,7.750000,7.812500,4.912196,858800
1994-06-20,7.812500,7.812500,7.656250,7.750000,4.872898,573600
1994-06-21,7.750000,7.750000,7.656250,7.656250,4.813948,580000
1994-06-22,7.718750,7.750000,7.656250,7.687500,4.833600,581600
1994-06-23,7.687500,7.718750,7.656250,7.718750,4.853246,476000
1994-06-24,7.687500,7.687500,7.562500,7.562500,4.755003,204800
1994-06-27,7.500000,7.687500,7.500000,7.656250,4.813948,606800
1994-06-28,7.593750,7.687500,7.437500,7.531250,4.735354,473600
1994-06-29,7.562500,7.562500,7.468750,7.500000,4.715702,88000
1994-06-30,7.500000,7.562500,7.437500,7.562500,4.755003,483200
1994-07-01,7.531250,7.593750,7.500000,7.500000,4.715702,550800
1994-07-05,7.500000,7.500000,7.375000,7.406250,4.656759,456400
1994-07-06,7.468750,7.718750,7.437500,7.718750,4.853246,266400
1994-07-07,7.656250,7.656250,7.468750,7.500000,4.715702,235200
1994-07-08,7.500000,7.500000,7.406250,7.468750,4.696056,176400
1994-07-11,7.500000,7.531250,7.406250,7.500000,4.715702,160000
1994-07-12,7.500000,7.500000,7.406250,7.500000,4.715702,168000
1994-07-13,7.500000,7.500000,7.343750,7.343750,4.617461,359200
1994-07-14,7.312500,7.406250,7.312500,7.375000,4.637109,505200
1994-07-15,7.343750,7.468750,7.312500,7.343750,4.617461,435600
1994-07-18,7.343750,7.343750,7.281250,7.312500,4.597812,323600
1994-07-19,7.312500,7.375000,7.312500,7.343750,4.617461,271200
1994-07-20,7.312500,7.312500,7.156250,7.187500,4.519217,356800
1994-07-21,7.218750,7.250000,7.062500,7.093750,4.460272,522800
1994-07-22,7.093750,7.156250,7.062500,7.093750,4.460272,97200
1994-07-25,7.062500,7.062500,6.812500,6.812500,4.283432,603600
1994-07-26,6.875000,6.906250,6.500000,6.625000,4.165539,1343600
1994-07-27,6.656250,6.656250,6.531250,6.562500,4.126242,1559600
1994-07-28,6.562500,6.625000,6.531250,6.625000,4.165539,622400
1994-07-29,6.687500,6.843750,6.687500,6.812500,4.283432,444400
1994-08-01,6.812500,6.828125,6.625000,6.750000,4.244135,787600
1994-08-02,6.781250,6.875000,6.750000,6.781250,4.289202,442000
1994-08-03,6.718750,6.750000,6.656250,6.718750,4.249669,248800
1994-08-04,6.687500,6.687500,6.593750,6.625000,4.190372,377600
1994-08-05,6.593750,6.593750,6.562500,6.562500,4.150840,142400
1994-08-08,6.593750,6.593750,6.406250,6.468750,4.091540,566000
1994-08-09,6.531250,6.562500,6.468750,6.562500,4.150840,421200
1994-08-10,6.625000,6.656250,6.562500,6.656250,4.210139,533600
1994-08-11,6.656250,6.687500,6.625000,6.625000,4.190372,757200
1994-08-12,6.656250,6.687500,6.593750,6.625000,4.190372,550400
1994-08-15,6.593750,6.625000,6.500000,6.593750,4.170606,775600
1994-08-16,6.562500,6.562500,6.531250,6.531250,4.131073,811600
1994-08-17,6.531250,6.625000,6.500000,6.531250,4.131073,770000
1994-08-18,6.500000,6.500000,6.406250,6.437500,4.071776,515200
1994-08-19,6.375000,6.437500,6.375000,6.437500,4.071776,474000
1994-08-22,6.437500,6.531250,6.437500,6.500000,4.111308,699600
1994-08-23,6.531250,6.531250,6.468750,6.468750,4.091540,388000
1994-08-24,6.500000,6.593750,6.500000,6.531250,4.131073,472800
1994-08-25,6.531250,6.562500,6.500000,6.500000,4.111308,234000
1994-08-26,6.531250,6.593750,6.500000,6.500000,4.111308,829200
1994-08-29,6.437500,6.437500,6.406250,6.406250,4.052010,472000
1994-08-30,6.437500,6.437500,6.312500,6.343750,4.012477,1119200
1994-08-31,6.468750,6.468750,6.406250,6.437500,4.071776,516400
1994-09-01,6.406250,6.531250,6.375000,6.500000,4.111308,485600
1994-09-02,6.468750,6.531250,6.468750,6.500000,4.111308,193200
1994-09-06,6.468750,6.562500,6.468750,6.562500,4.150840,397600
1994-09-07,6.593750,6.812500,6.500000,6.750000,4.269437,614000
1994-09-08,6.687500,7.093750,6.687500,7.031250,4.447329,1403200
1994-09-09,7.000000,7.000000,6.906250,6.968750,4.407795,661600
1994-09-12,6.968750,6.968750,6.843750,6.875000,4.348498,162000
1994-09-13,6.875000,7.031250,6.875000,7.000000,4.427562,587600
1994-09-14,6.968750,7.031250,6.906250,6.968750,4.407795,817600
1994-09-15,7.000000,7.187500,6.968750,7.187500,4.546157,723600
1994-09-16,7.187500,7.187500,6.968750,7.000000,4.427562,538400
1994-09-19,7.000000,7.000000,6.937500,7.000000,4.427562,180800
1994-09-20,6.875000,6.937500,6.812500,6.843750,4.328732,233200
1994-09-21,6.843750,6.843750,6.687500,6.687500,4.229903,158800
1994-09-22,6.625000,6.687500,6.593750,6.656250,4.210139,216800
1994-09-23,6.718750,6.781250,6.656250,6.781250,4.289202,940400
1994-09-26,6.781250,6.781250,6.718750,6.750000,4.269437,144800
1994-09-27,6.718750,6.750000,6.656250,6.718750,4.249669,68800
1994-09-28,6.750000,6.781250,6.593750,6.687500,4.229903,483200
1994-09-29,6.687500,6.687500,6.531250,6.593750,4.170606,206400
1994-09-30,6.625000,6.687500,6.562500,6.687500,4.229903,991200
1994-10-03,6.687500,6.718750,6.562500,6.718750,4.249669,1040000
1994-10-04,6.718750,6.750000,6.531250,6.562500,4.150840,308400
1994-10-05,6.562500,6.562500,6.500000,6.531250,4.131073,635600
1994-10-06,6.531250,6.562500,6.437500,6.562500,4.150840,674800
1994-10-07,6.562500,6.906250,6.562500,6.906250,4.368265,1221200
1994-10-10,6.906250,6.968750,6.781250,6.781250,4.289202,189200
1994-10-11,6.812500,7.000000,6.812500,6.906250,4.368265,963600
1994-10-12,6.875000,6.906250,6.843750,6.875000,4.348498,80400
1994-10-13,6.906250,6.906250,6.656250,6.687500,4.229903,468400
1994-10-14,6.687500,6.843750,6.687500,6.843750,4.328732,285600
1994-10-17,6.812500,6.906250,6.812500,6.812500,4.308965,160000
1994-10-18,6.875000,6.875000,6.656250,6.781250,4.289202,353600
1994-10-19,6.812500,6.843750,6.750000,6.750000,4.269437,283200
1994-10-20,6.812500,6.843750,6.750000,6.750000,4.269437,298800
1994-10-21,6.781250,6.781250,6.687500,6.750000,4.269437,556800
1994-10-24,6.750000,6.750000,6.656250,6.656250,4.210139,334400
1994-10-25,6.718750,6.843750,6.687500,6.843750,4.328732,364000
1994-10-26,6.843750,7.031250,6.843750,7.000000,4.427562,569600
1994-10-27,7.062500,7.250000,7.062500,7.218750,4.565924,874800
1994-10-28,7.218750,7.593750,7.218750,7.531250,4.763582,1456400
1994-10-31,7.531250,7.562500,7.468750,7.500000,4.743815,804400
1994-11-01,7.406250,7.406250,7.250000,7.312500,4.650022,314400
1994-11-02,7.312500,7.468750,7.312500,7.437500,4.729509,304800
1994-11-03,7.406250,7.437500,7.375000,7.406250,4.709636,660400
1994-11-04,7.406250,7.406250,7.343750,7.375000,4.689765,366000
1994-11-07,7.375000,7.406250,7.218750,7.250000,4.610277,461600
1994-11-08,7.250000,7.437500,7.250000,7.406250,4.709636,273600
1994-11-09,7.437500,7.437500,7.312500,7.343750,4.669893,304400
1994-11-10,7.312500,7.312500,7.156250,7.187500,4.570534,296400
1994-11-11,7.187500,7.250000,7.156250,7.187500,4.570534,1296800
1994-11-14,7.218750,7.312500,7.218750,7.281250,4.630147,112800
1994-11-15,7.281250,7.312500,7.156250,7.218750,4.590407,678400
1994-11-16,7.218750,7.218750,7.031250,7.031250,4.471176,465200
1994-11-17,6.875000,6.875000,6.750000,6.750000,4.292329,864000
1994-11-18,6.718750,6.718750,6.531250,6.562500,4.173096,1188400
1994-11-21,6.593750,6.625000,6.468750,6.468750,4.113482,666000
1994-11-22,6.437500,6.625000,6.375000,6.531250,4.153224,712800
1994-11-23,6.562500,6.562500,6.500000,6.562500,4.173096,984000
1994-11-25,6.531250,6.625000,6.531250,6.625000,4.212841,214800
1994-11-28,6.593750,6.687500,6.593750,6.625000,4.212841,362400
1994-11-29,6.656250,6.750000,6.656250,6.750000,4.292329,330400
1994-11-30,6.750000,6.906250,6.750000,6.906250,4.391686,421600
1994-12-01,6.875000,6.875000,6.656250,6.656250,4.232711,414800
1994-12-02,6.687500,6.687500,6.562500,6.562500,4.173096,394400
1994-12-05,6.562500,6.562500,6.187500,6.250000,3.974376,2430000
1994-12-06,6.250000,6.250000,6.000000,6.062500,3.855146,1594000
1994-12-07,6.062500,6.156250,6.000000,6.000000,3.815402,907600
1994-12-08,6.031250,6.250000,6.031250,6.156250,3.914761,930800
1994-12-09,6.125000,6.125000,6.031250,6.031250,3.835274,374000
1994-12-12,6.062500,6.062500,5.906250,6.000000,3.815402,866000
1994-12-13,6.031250,6.250000,5.968750,6.250000,3.974376,1006800
1994-12-14,6.187500,6.312500,6.187500,6.281250,3.994249,758800
1994-12-15,6.312500,6.406250,6.250000,6.250000,3.974376,382800
1994-12-16,6.250000,6.312500,6.218750,6.218750,3.954507,245200
1994-12-19,6.187500,6.218750,6.031250,6.031250,3.835274,273600
1994-12-20,6.093750,6.125000,6.000000,6.000000,3.815402,155600
1994-12-21,6.125000,6.156250,6.000000,6.031250,3.835274,467600
1994-12-22,6.062500,6.093750,5.937500,5.968750,3.795529,327200
1994-12-23,6.031250,6.031250,5.750000,5.812500,3.696171,764400
1994-12-27,5.781250,5.781250,5.656250,5.718750,3.636553,741200
1994-12-28,5.750000,5.843750,5.625000,5.843750,3.716043,1548400
1994-12-29,6.000000,6.187500,6.000000,6.125000,3.894888,894000
1994-12-30,6.125000,6.218750,6.125000,6.187500,3.934633,692800
1995-01-03,6.156250,6.218750,6.125000,6.187500,3.934633,507600
1995-01-04,6.187500,6.281250,6.156250,6.187500,3.934633,758800
1995-01-05,6.093750,6.156250,6.062500,6.125000,3.894888,937200
1995-01-06,6.125000,6.125000,6.000000,6.031250,3.835274,300400
1995-01-09,5.906250,6.000000,5.875000,5.875000,3.735916,1021200
1995-01-10,5.812500,5.906250,5.687500,5.687500,3.616682,343600
1995-01-11,5.687500,5.843750,5.468750,5.531250,3.517324,1448400
1995-01-12,5.531250,5.593750,5.500000,5.593750,3.557066,2214000
1995-01-13,5.656250,5.656250,5.531250,5.531250,3.517324,2672000
1995-01-16,5.500000,5.718750,5.500000,5.718750,3.636553,914400
1995-01-17,5.750000,5.781250,5.718750,5.750000,3.656428,674800
1995-01-18,5.781250,5.781250,5.687500,5.750000,3.656428,885600
1995-01-19,5.750000,5.812500,5.687500,5.687500,3.616682,494000
1995-01-20,5.656250,5.750000,5.593750,5.687500,3.616682,355200
1995-01-23,5.656250,5.718750,5.562500,5.718750,3.636553,642400
1995-01-24,5.750000,5.781250,5.625000,5.625000,3.576938,403200
1995-01-25,5.593750,5.750000,5.593750,5.718750,3.636553,901600
1995-01-26,5.687500,5.781250,5.687500,5.781250,3.676299,964000
1995-01-27,5.781250,5.781250,5.625000,5.718750,3.636553,1825200
1995-01-30,5.718750,5.718750,5.593750,5.593750,3.557066,686000
1995-01-31,5.593750,5.593750,5.468750,5.468750,3.477580,2256800
1995-02-01,5.500000,5.500000,5.375000,5.406250,3.437836,1479200
1995-02-02,5.375000,5.625000,5.312500,5.625000,3.576938,1804000
1995-02-03,5.625000,5.812500,5.625000,5.781250,3.676299,2690000
1995-02-06,5.750000,5.937500,5.750000,5.906250,3.755785,1993200
1995-02-07,5.875000,5.968750,5.843750,5.937500,3.801404,1057200
1995-02-08,5.906250,5.937500,5.906250,5.906250,3.781395,932800
1995-02-09,5.875000,6.031250,5.875000,5.937500,3.801404,1234800
1995-02-10,6.000000,6.000000,5.906250,5.937500,3.801404,283200
1995-02-13,5.906250,5.937500,5.843750,5.906250,3.781395,329600
1995-02-14,5.906250,5.906250,5.750000,5.812500,3.721372,402000
1995-02-15,5.812500,5.937500,5.750000,5.937500,3.801404,1158000
1995-02-16,5.906250,5.937500,5.843750,5.875000,3.761388,590800
1995-02-17,5.875000,6.312500,5.781250,6.218750,3.981471,1658400
1995-02-21,6.218750,6.218750,6.125000,6.125000,3.921446,423200
1995-02-22,6.125000,6.218750,6.125000,6.218750,3.981471,1007200
1995-02-23,6.187500,6.343750,6.187500,6.343750,4.061500,818000
1995-02-24,6.312500,6.437500,6.312500,6.437500,4.121520,448800
1995-02-27,6.375000,6.375000,6.281250,6.312500,4.041490,647600
1995-02-28,6.312500,6.375000,6.312500,6.375000,4.081506,349600
1995-03-01,6.312500,6.531250,6.312500,6.406250,4.101514,824000
1995-03-02,6.406250,6.593750,6.406250,6.531250,4.181543,374400
1995-03-03,6.500000,6.531250,6.500000,6.500000,4.161536,368800
1995-03-06,6.500000,6.687500,6.500000,6.687500,4.281580,400400
1995-03-07,6.656250,6.750000,6.625000,6.718750,4.301586,354800
1995-03-08,6.718750,6.875000,6.687500,6.875000,4.401623,798000
1995-03-09,6.812500,6.843750,6.718750,6.718750,4.301586,851200
1995-03-10,6.750000,6.812500,6.718750,6.750000,4.321597,491200
1995-03-13,6.718750,6.718750,6.593750,6.593750,4.221558,861200
1995-03-14,6.562500,6.625000,6.500000,6.593750,4.221558,1690800
1995-03-15,6.500000,6.562500,6.437500,6.562500,4.201551,771600
1995-03-16,6.531250,6.718750,6.500000,6.687500,4.281580,969200
1995-03-17,6.718750,6.718750,6.562500,6.562500,4.201551,506400
1995-03-20,6.625000,6.625000,6.562500,6.562500,4.201551,225200
1995-03-21,6.562500,6.593750,6.406250,6.406250,4.101514,587600
1995-03-22,6.406250,6.406250,6.312500,6.343750,4.061500,504000
1995-03-23,6.343750,6.406250,6.218750,6.406250,4.101514,423200
1995-03-24,6.437500,6.562500,6.406250,6.562500,4.201551,374400
1995-03-27,6.500000,6.625000,6.500000,6.625000,4.241567,246000
1995-03-28,6.562500,6.687500,6.562500,6.656250,4.261574,257600
1995-03-29,6.625000,6.718750,6.593750,6.718750,4.301586,306800
1995-03-30,6.687500,6.781250,6.687500,6.718750,4.301586,361200
1995-03-31,6.718750,6.875000,6.718750,6.843750,4.381618,1524000
1995-04-03,6.843750,6.843750,6.781250,6.812500,4.361610,245600
1995-04-04,6.843750,6.843750,6.781250,6.812500,4.361610,278400
1995-04-05,6.812500,6.875000,6.781250,6.843750,4.381618,553600
1995-04-06,6.906250,6.906250,6.812500,6.843750,4.381618,884000
1995-04-07,6.843750,6.843750,6.687500,6.750000,4.321597,267200
1995-04-10,6.750000,6.750000,6.718750,6.718750,4.301586,298800
1995-04-11,6.656250,6.687500,6.593750,6.625000,4.241567,246400
1995-04-12,6.625000,6.718750,6.593750,6.625000,4.241567,409600
1995-04-13,6.625000,6.625000,6.500000,6.562500,4.201551,267600
1995-04-17,6.593750,6.625000,6.593750,6.593750,4.221558,215600
1995-04-18,6.593750,6.625000,6.500000,6.531250,4.181543,161600
1995-04-19,6.562500,6.562500,6.375000,6.500000,4.161536,93200
1995-04-20,6.500000,6.656250,6.500000,6.656250,4.261574,630800
1995-04-21,6.656250,6.906250,6.656250,6.875000,4.401623,458000
1995-04-24,6.875000,6.906250,6.718750,6.750000,4.321597,174400
1995-04-25,6.781250,6.968750,6.750000,6.875000,4.401623,643600
1995-04-26,6.843750,6.843750,6.625000,6.656250,4.261574,589200
1995-04-27,6.718750,6.843750,6.718750,6.812500,4.361610,54000
1995-04-28,6.812500,6.875000,6.687500,6.750000,4.321597,263600
1995-05-01,6.750000,6.843750,6.656250,6.781250,4.341601,612800
1995-05-02,6.781250,6.812500,6.718750,6.750000,4.347239,410000
1995-05-03,6.750000,6.781250,6.750000,6.781250,4.367362,254400
1995-05-04,6.812500,6.843750,6.750000,6.812500,4.387490,441200
1995-05-05,6.781250,6.781250,6.718750,6.750000,4.347239,192800
1995-05-08,6.750000,6.781250,6.625000,6.718750,4.327110,496800
1995-05-09,6.687500,6.937500,6.687500,6.906250,4.474507,1500400
1995-05-10,6.875000,7.250000,6.875000,7.031250,4.555494,1579600
1995-05-11,6.968750,7.062500,6.875000,6.937500,4.494752,286000
1995-05-12,6.875000,6.937500,6.843750,6.843750,4.434015,318400
1995-05-15,6.812500,6.875000,6.781250,6.875000,4.454259,58000
1995-05-16,6.875000,6.937500,6.812500,6.937500,4.494752,685600
1995-05-17,6.937500,6.968750,6.843750,6.875000,4.454259,108800
1995-05-18,6.843750,6.875000,6.593750,6.687500,4.332778,326400
1995-05-19,6.718750,6.718750,6.656250,6.718750,4.353026,108000
1995-05-22,6.718750,6.812500,6.687500,6.750000,4.373274,336800
1995-05-23,6.750000,6.812500,6.687500,6.781250,4.393521,782800
1995-05-24,6.750000,6.843750,6.656250,6.687500,4.332778,485200
1995-05-25,6.718750,6.718750,6.593750,6.656250,4.312534,421600
1995-05-26,6.656250,6.656250,6.562500,6.625000,4.292288,500000
1995-05-30,6.562500,6.687500,6.531250,6.656250,4.312534,306000
1995-05-31,6.718750,6.781250,6.656250,6.781250,4.393521,200400
1995-06-01,6.781250,6.968750,6.781250,6.906250,4.474507,820000
1995-06-02,6.906250,6.937500,6.875000,6.906250,4.474507,472000
1995-06-05,6.968750,7.031250,6.937500,7.000000,4.535247,458800
1995-06-06,6.968750,7.000000,6.937500,7.000000,4.535247,803200
1995-06-07,6.968750,7.000000,6.968750,7.000000,4.535247,142800
1995-06-08,6.968750,6.968750,6.937500,6.937500,4.494752,145600
1995-06-09,6.937500,6.968750,6.875000,6.937500,4.494752,327600
1995-06-12,6.937500,6.968750,6.906250,6.937500,4.494752,296800
1995-06-13,6.968750,7.000000,6.906250,6.937500,4.494752,139200
1995-06-14,6.968750,7.000000,6.906250,6.968750,4.515002,411600
1995-06-15,6.937500,7.062500,6.937500,7.062500,4.575740,158800
1995-06-16,7.000000,7.093750,6.968750,7.093750,4.595986,200400
1995-06-19,7.062500,7.093750,7.000000,7.031250,4.555494,132800
1995-06-20,7.031250,7.031250,6.843750,6.843750,4.434015,385600
1995-06-21,6.781250,6.843750,6.531250,6.531250,4.231547,583600
1995-06-22,6.593750,6.718750,6.500000,6.718750,4.353026,1074000
1995-06-23,6.718750,6.781250,6.718750,6.750000,4.373274,502000
1995-06-26,6.750000,6.781250,6.593750,6.718750,4.353026,489200
1995-06-27,6.656250,6.843750,6.656250,6.687500,4.332778,557200
1995-06-28,6.718750,6.750000,6.656250,6.687500,4.332778,187200
1995-06-29,6.656250,6.781250,6.406250,6.437500,4.170807,815200
1995-06-30,6.437500,6.468750,6.375000,6.375000,4.130316,540400
1995-07-03,6.375000,6.375000,6.343750,6.375000,4.130316,46000
1995-07-05,6.375000,6.375000,6.218750,6.281250,4.069575,826800
1995-07-06,6.218750,6.281250,6.187500,6.281250,4.069575,483200
1995-07-07,6.281250,6.343750,6.250000,6.343750,4.110068,568000
1995-07-10,6.281250,6.343750,6.250000,6.312500,4.089819,1132000
1995-07-11,6.281250,6.281250,6.156250,6.187500,4.008833,2119600
1995-07-12,6.187500,6.187500,6.125000,6.156250,3.988585,3318400
1995-07-13,6.187500,6.312500,6.156250,6.218750,4.029082,2365200
1995-07-14,6.218750,6.281250,6.218750,6.281250,4.069575,370400
1995-07-17,6.250000,6.250000,6.187500,6.218750,4.029082,363200
1995-07-18,6.218750,6.281250,6.125000,6.187500,4.008833,1362800
1995-07-19,6.125000,6.125000,5.906250,6.062500,3.927850,2049200
1995-07-20,6.093750,6.218750,6.062500,6.187500,4.008833,1326000
1995-07-21,6.156250,6.218750,6.062500,6.093750,3.948094,182000
1995-07-24,6.062500,6.218750,6.000000,6.156250,3.988585,219200
1995-07-25,6.125000,6.125000,6.000000,6.062500,3.927850,753600
1995-07-26,6.062500,6.187500,6.062500,6.156250,3.988585,404400
1995-07-27,6.156250,6.187500,6.093750,6.093750,3.948094,1354400
1995-07-28,6.093750,6.093750,6.000000,6.031250,3.907605,645200
1995-07-31,6.000000,6.250000,6.000000,6.250000,4.049327,1055600
1995-08-01,6.250000,6.312500,6.125000,6.187500,4.034656,1015600
1995-08-02,6.187500,6.250000,6.031250,6.062500,3.953150,234000
1995-08-03,6.125000,6.218750,6.062500,6.125000,3.993901,260800
1995-08-04,6.125000,6.187500,6.125000,6.125000,3.993901,340000
1995-08-07,6.125000,6.187500,6.125000,6.187500,4.061177,164400
1995-08-08,6.187500,6.187500,6.125000,6.156250,4.040664,263200
1995-08-09,6.156250,6.156250,6.062500,6.156250,4.040664,475200
1995-08-10,6.093750,6.156250,6.062500,6.093750,3.999645,490400
1995-08-11,6.187500,6.375000,6.156250,6.375000,4.184246,2365200
1995-08-14,6.437500,6.687500,6.437500,6.500000,4.266287,1667600
1995-08-15,6.531250,6.531250,6.312500,6.343750,4.163734,719200
1995-08-16,6.281250,6.375000,6.250000,6.375000,4.184246,887600
1995-08-17,6.343750,6.406250,6.312500,6.343750,4.163734,615200
1995-08-18,6.375000,6.437500,6.281250,6.312500,4.143220,276400
1995-08-21,6.312500,6.406250,6.281250,6.406250,4.204755,876400
1995-08-22,6.437500,6.468750,6.375000,6.437500,4.225266,221200
1995-08-23,6.562500,6.625000,6.468750,6.531250,4.286798,695200
1995-08-24,6.531250,6.562500,6.531250,6.562500,4.307311,422400
1995-08-25,6.562500,6.656250,6.500000,6.625000,4.348332,525200
1995-08-28,6.625000,6.687500,6.593750,6.625000,4.348332,846400
1995-08-29,6.625000,6.656250,6.593750,6.656250,4.368844,712400
1995-08-30,6.656250,6.781250,6.625000,6.781250,4.450887,1194000
1995-08-31,6.781250,6.968750,6.781250,6.906250,4.532931,498800
1995-09-01,6.968750,7.250000,6.968750,7.218750,4.738041,734000
1995-09-05,7.187500,7.218750,7.156250,7.187500,4.717530,554400
1995-09-06,7.093750,7.093750,6.937500,7.000000,4.594464,614800
1995-09-07,7.000000,7.000000,6.937500,6.968750,4.573955,400000
1995-09-08,7.000000,7.125000,7.000000,7.062500,4.635486,596800
1995-09-11,7.093750,7.125000,7.062500,7.093750,4.655996,252400
1995-09-12,7.125000,7.125000,7.062500,7.125000,4.676510,306400
1995-09-13,7.093750,7.093750,7.031250,7.093750,4.655996,1042800
1995-09-14,7.031250,7.062500,6.937500,7.000000,4.594464,679600
1995-09-15,7.062500,7.281250,7.000000,7.218750,4.738041,584400
1995-09-18,7.187500,7.187500,7.000000,7.156250,4.697019,323200
1995-09-19,7.156250,7.156250,6.937500,7.031250,4.614975,652400
1995-09-20,7.031250,7.031250,6.937500,7.000000,4.594464,374000
1995-09-21,6.968750,6.968750,6.906250,6.906250,4.532931,249200
1995-09-22,6.906250,6.906250,6.843750,6.875000,4.512418,242400
1995-09-25,6.906250,6.968750,6.906250,6.906250,4.532931,210800
1995-09-26,6.906250,6.906250,6.781250,6.812500,4.471399,618800
1995-09-27,6.718750,6.718750,6.500000,6.625000,4.348332,789200
1995-09-28,6.593750,6.750000,6.593750,6.750000,4.430376,548400
1995-09-29,6.812500,6.812500,6.593750,6.593750,4.327820,254000
1995-10-02,6.625000,6.750000,6.625000,6.718750,4.409864,664400
1995-10-03,6.750000,6.750000,6.468750,6.531250,4.286798,888000
1995-10-04,6.500000,6.531250,6.312500,6.500000,4.266287,824000
1995-10-05,6.500000,6.531250,6.406250,6.437500,4.225266,347200
1995-10-06,6.437500,6.468750,6.312500,6.312500,4.143220,253600
1995-10-09,6.343750,6.343750,6.125000,6.218750,4.081690,936800
1995-10-10,6.250000,6.250000,6.125000,6.187500,4.061177,823600
1995-10-11,6.187500,6.312500,6.156250,6.187500,4.061177,403200
1995-10-12,6.218750,6.343750,6.218750,6.250000,4.102199,888800
1995-10-13,6.250000,6.281250,6.125000,6.187500,4.061177,1027200
1995-10-16,6.187500,6.250000,6.125000,6.187500,4.061177,588000
1995-10-17,6.187500,6.343750,6.187500,6.250000,4.102199,720800
1995-10-18,6.250000,6.312500,6.218750,6.218750,4.081690,254800
1995-10-19,6.250000,6.281250,6.125000,6.125000,4.020155,500000
1995-10-20,6.218750,6.250000,6.125000,6.125000,4.020155,528800
1995-10-23,6.125000,6.250000,6.093750,6.187500,4.061177,194800
1995-10-24,6.218750,6.281250,6.093750,6.125000,4.020155,436400
1995-10-25,6.062500,6.062500,5.843750,5.843750,3.835558,433200
1995-10-26,5.843750,5.843750,5.656250,5.781250,3.794537,2181600
1995-10-27,5.812500,6.062500,5.781250,6.031250,3.958627,549600
1995-10-30,6.093750,6.281250,6.093750,6.187500,4.061177,370800
1995-10-31,6.156250,6.218750,6.156250,6.187500,4.061177,1165600
1995-11-01,6.187500,6.250000,6.187500,6.218750,4.081690,336400
1995-11-02,6.250000,6.390625,6.250000,6.281250,4.122712,284400
1995-11-03,6.250000,6.500000,6.250000,6.468750,4.272989,128800
1995-11-06,6.437500,6.468750,6.312500,6.343750,4.216492,474000
1995-11-07,6.312500,6.343750,6.312500,6.343750,4.216492,500400
1995-11-08,6.343750,6.531250,6.343750,6.531250,4.341116,654800
1995-11-09,6.562500,6.625000,6.500000,6.562500,4.361887,364000
1995-11-10,6.531250,6.656250,6.531250,6.625000,4.403430,146800
1995-11-13,6.656250,6.812500,6.656250,6.718750,4.465741,463200
1995-11-14,6.750000,6.750000,6.625000,6.625000,4.403430,552400
1995-11-15,6.562500,6.593750,6.562500,6.562500,4.361887,871600
1995-11-16,6.531250,6.781250,6.531250,6.750000,4.486515,1761600
1995-11-17,6.656250,6.812500,6.656250,6.781250,4.507283,579600
1995-11-20,6.781250,6.843750,6.750000,6.843750,4.548828,628400
1995-11-21,6.843750,7.062500,6.843750,7.031250,4.673451,992400
1995-11-22,7.000000,7.156250,7.000000,7.031250,4.673451,515200
1995-11-24,7.000000,7.000000,6.937500,6.968750,4.631910,54400
1995-11-27,7.000000,7.093750,6.968750,7.000000,4.652679,524400
1995-11-28,7.000000,7.000000,6.906250,6.937500,4.611136,855600
1995-11-29,6.968750,6.968750,6.937500,6.968750,4.631910,139200
1995-11-30,6.968750,6.968750,6.687500,6.781250,4.507283,885200
1995-12-01,6.781250,6.875000,6.687500,6.812500,4.528056,1315200
1995-12-04,6.812500,7.000000,6.812500,6.968750,4.631910,588000
1995-12-05,6.937500,7.031250,6.875000,6.937500,4.611136,1912400
1995-12-06,6.875000,6.906250,6.781250,6.843750,4.548828,590000
1995-12-07,6.843750,6.843750,6.718750,6.718750,4.465741,1683200
1995-12-08,6.750000,6.781250,6.750000,6.750000,4.486515,778800
1995-12-11,6.750000,6.968750,6.750000,6.937500,4.611136,2056800
1995-12-12,7.000000,7.000000,6.843750,6.875000,4.569595,1037600
1995-12-13,6.937500,7.000000,6.906250,7.000000,4.652679,872000
1995-12-14,7.000000,7.062500,6.937500,6.968750,4.631910,1314400
1995-12-15,6.968750,7.250000,6.968750,7.218750,4.798077,1930800
1995-12-18,7.187500,7.187500,7.062500,7.062500,4.694221,399200
1995-12-19,7.000000,7.312500,6.968750,7.250000,4.818848,2688000
1995-12-20,7.187500,7.531250,7.187500,7.531250,5.005784,2803200
1995-12-21,7.468750,7.593750,7.375000,7.406250,4.922701,1182400
1995-12-22,7.312500,7.406250,7.312500,7.406250,4.922701,162000
1995-12-26,7.343750,7.375000,7.281250,7.375000,4.901930,158400
1995-12-27,7.375000,7.562500,7.343750,7.562500,5.026556,360000
1995-12-28,7.531250,7.625000,7.500000,7.531250,5.005784,707600
1995-12-29,7.593750,7.593750,7.468750,7.468750,4.964243,352400
1996-01-02,7.500000,7.531250,7.375000,7.375000,4.901930,1546800
1996-01-03,7.406250,7.468750,7.125000,7.187500,4.777305,966800
1996-01-04,7.218750,7.312500,7.156250,7.312500,4.860388,2043200
1996-01-05,7.343750,7.375000,7.312500,7.343750,4.881160,474400
1996-01-08,7.343750,7.468750,7.343750,7.468750,4.964243,408800
1996-01-09,7.437500,7.625000,7.343750,7.531250,5.005784,864800
1996-01-10,7.500000,7.531250,7.281250,7.343750,4.881160,448000
1996-01-11,7.312500,7.437500,7.250000,7.375000,4.901930,865600
1996-01-12,7.375000,7.437500,7.156250,7.156250,4.756533,1480000
1996-01-15,7.125000,7.125000,6.750000,6.875000,4.569595,1954400
1996-01-16,6.906250,7.093750,6.906250,7.093750,4.714992,1107200
1996-01-17,7.031250,7.062500,7.000000,7.031250,4.673451,1679200
1996-01-18,7.000000,7.031250,6.906250,6.937500,4.611136,1303200
1996-01-19,6.937500,7.125000,6.937500,7.093750,4.714992,640000
1996-01-22,7.062500,7.125000,7.031250,7.093750,4.714992,742400
1996-01-23,7.093750,7.187500,7.062500,7.156250,4.756533,240000
1996-01-24,7.156250,7.156250,6.875000,6.875000,4.569595,193600
1996-01-25,6.875000,6.906250,6.718750,6.875000,4.569595,543600
1996-01-26,6.875000,6.937500,6.812500,6.937500,4.611136,310400
1996-01-29,6.906250,7.156250,6.906250,7.156250,4.756533,306800
1996-01-30,7.125000,7.312500,7.031250,7.250000,4.818848,646800
1996-01-31,7.281250,7.500000,7.281250,7.437500,4.943473,1523600
1996-02-01,7.375000,7.593750,7.343750,7.593750,5.047326,1128800
1996-02-02,7.562500,7.593750,7.468750,7.500000,5.011411,875200
1996-02-05,7.531250,7.531250,7.437500,7.531250,5.032292,338800
1996-02-06,7.468750,7.625000,7.468750,7.593750,5.074054,1226800
1996-02-07,7.562500,7.593750,7.531250,7.562500,5.053174,1128000
1996-02-08,7.468750,7.687500,7.437500,7.687500,5.164012,1330800
1996-02-09,7.687500,7.812500,7.656250,7.781250,5.226987,714000
1996-02-12,7.750000,7.906250,7.750000,7.843750,5.268969,834400
1996-02-13,7.781250,7.875000,7.781250,7.812500,5.247977,518800
1996-02-14,7.843750,7.875000,7.781250,7.812500,5.247977,248400
1996-02-15,7.781250,7.906250,7.687500,7.906250,5.310955,977200
1996-02-16,7.906250,7.906250,7.750000,7.875000,5.289960,1000800
1996-02-20,7.750000,7.781250,7.656250,7.687500,5.164012,610400
1996-02-21,7.750000,7.906250,7.750000,7.875000,5.289960,924800
1996-02-22,7.843750,7.937500,7.843750,7.906250,5.310955,596400
1996-02-23,7.937500,8.000000,7.875000,8.000000,5.373930,956400
1996-02-26,8.000000,8.093750,8.000000,8.031250,5.394922,607600
1996-02-27,7.937500,7.937500,7.843750,7.843750,5.268969,604400
1996-02-28,7.843750,7.875000,7.718750,7.718750,5.185003,1040400
1996-02-29,7.750000,7.750000,7.656250,7.656250,5.143018,727600
1996-03-01,7.687500,7.812500,7.687500,7.781250,5.226987,770000
1996-03-04,7.750000,7.750000,7.687500,7.750000,5.205996,326400
1996-03-05,7.718750,7.718750,7.531250,7.687500,5.164012,540000
1996-03-06,7.687500,7.906250,7.625000,7.906250,5.310955,982400
1996-03-07,7.875000,8.062500,7.875000,8.031250,5.394922,1163200
1996-03-08,7.968750,7.968750,7.625000,7.656250,5.143018,164800
1996-03-11,7.687500,7.781250,7.687500,7.718750,5.185003,550000
1996-03-12,7.750000,7.843750,7.750000,7.750000,5.205996,574400
1996-03-13,7.750000,7.781250,7.687500,7.781250,5.226987,523600
1996-03-14,7.781250,7.937500,7.781250,7.906250,5.310955,932800
1996-03-15,7.906250,7.968750,7.812500,7.812500,5.247977,647600
1996-03-18,7.875000,8.093750,7.875000,8.093750,5.436906,189200
1996-03-19,8.062500,8.062500,8.031250,8.031250,5.394922,294000
1996-03-20,7.968750,8.031250,7.968750,8.031250,5.394922,217600
1996-03-21,8.031250,8.031250,8.000000,8.031250,5.394922,136800
1996-03-22,8.031250,8.093750,8.031250,8.062500,5.415914,234000
1996-03-25,8.000000,8.093750,8.000000,8.062500,5.415914,273200
1996-03-26,8.062500,8.187500,8.062500,8.187500,5.499882,586400
1996-03-27,8.187500,8.312500,8.187500,8.312500,5.583849,1577200
1996-03-28,8.312500,8.343750,8.218750,8.218750,5.520873,1047200
1996-03-29,8.250000,8.250000,8.062500,8.125000,5.457897,1005200
1996-04-01,8.093750,8.281250,8.093750,8.281250,5.562856,403600
1996-04-02,8.250000,8.312500,8.250000,8.250000,5.541863,123600
1996-04-03,8.281250,8.281250,8.250000,8.281250,5.562856,112400
1996-04-04,8.281250,8.312500,8.250000,8.250000,5.541863,450800
1996-04-08,8.187500,8.250000,8.031250,8.250000,5.541863,319200
1996-04-09,8.375000,8.531250,8.343750,8.437500,5.667816,1986000
1996-04-10,8.437500,8.468750,8.343750,8.375000,5.625834,863600
1996-04-11,8.343750,8.375000,8.312500,8.375000,5.625834,1973200
1996-04-12,8.375000,8.468750,8.343750,8.468750,5.688810,1122800
1996-04-15,8.468750,8.625000,8.468750,8.625000,5.793767,657200
1996-04-16,8.625000,8.812500,8.625000,8.781250,5.898727,823200
1996-04-17,8.781250,8.781250,8.625000,8.625000,5.793767,791600
1996-04-18,8.593750,8.656250,8.406250,8.406250,5.646825,785600
1996-04-19,8.187500,8.625000,8.187500,8.625000,5.793767,651200
1996-04-22,8.656250,8.875000,8.656250,8.812500,5.919717,1795200
1996-04-23,8.875000,8.937500,8.843750,8.875000,5.961707,982000
1996-04-24,8.875000,8.875000,8.718750,8.812500,5.919717,777200
1996-04-25,8.843750,8.968750,8.843750,8.968750,6.024679,780400
1996-04-26,8.937500,9.093750,8.937500,9.031250,6.066663,543600
1996-04-29,9.031250,9.093750,8.968750,8.968750,6.024679,413200
1996-04-30,9.000000,9.000000,8.781250,8.781250,5.898727,214800
1996-05-01,8.750000,8.843750,8.718750,8.750000,5.877736,261600
1996-05-02,8.750000,8.812500,8.656250,8.718750,5.883640,374400
1996-05-03,8.687500,8.750000,8.656250,8.718750,5.883640,686800
1996-05-06,8.812500,8.906250,8.687500,8.812500,5.946904,1066000
1996-05-07,8.718750,8.750000,8.625000,8.656250,5.841465,1044400
1996-05-08,8.625000,8.625000,8.281250,8.281250,5.588404,600000
1996-05-09,8.375000,8.593750,8.375000,8.593750,5.799287,766000
1996-05-10,8.593750,8.718750,8.593750,8.687500,5.862554,415200
1996-05-13,8.687500,8.937500,8.687500,8.906250,6.010172,272400
1996-05-14,8.906250,9.062500,8.906250,9.000000,6.073436,1040000
1996-05-15,9.000000,9.093750,9.000000,9.093750,6.136701,1041200
1996-05-16,9.062500,9.062500,8.812500,8.812500,5.946904,605200
1996-05-17,8.812500,8.937500,8.687500,8.718750,5.883640,397600
1996-05-20,8.656250,9.031250,8.625000,9.031250,6.094523,883600
1996-05-21,9.062500,9.125000,9.031250,9.093750,6.136701,1151200
1996-05-22,9.062500,9.125000,9.062500,9.093750,6.136701,419200
1996-05-23,9.093750,9.125000,9.031250,9.031250,6.094523,746400
1996-05-24,9.031250,9.031250,8.781250,8.812500,5.946904,1025200
1996-05-28,8.812500,8.812500,8.656250,8.718750,5.883640,1216800
1996-05-29,8.687500,8.750000,8.656250,8.656250,5.841465,330800
1996-05-30,8.625000,8.625000,8.562500,8.593750,5.799287,520400
1996-05-31,8.593750,8.593750,8.437500,8.468750,5.714937,258800
1996-06-03,8.468750,8.531250,8.406250,8.406250,5.672758,237200
1996-06-04,8.468750,8.718750,8.468750,8.656250,5.841465,1433600
1996-06-05,8.687500,8.718750,8.437500,8.500000,5.736023,600400
1996-06-06,8.468750,8.468750,8.250000,8.312500,5.609493,401600
1996-06-07,8.312500,8.406250,8.187500,8.406250,5.672758,767600
1996-06-10,8.375000,8.406250,8.312500,8.312500,5.609493,312800
1996-06-11,8.312500,8.500000,8.218750,8.500000,5.736023,1001600
1996-06-12,8.531250,8.718750,8.500000,8.625000,5.820376,1230000
1996-06-13,8.593750,8.593750,8.375000,8.468750,5.714937,448800
1996-06-14,8.437500,8.593750,8.437500,8.531250,5.757110,1026000
1996-06-17,8.562500,8.593750,8.531250,8.593750,5.799287,638000
1996-06-18,8.593750,8.656250,8.562500,8.656250,5.841465,797600
1996-06-19,8.625000,8.656250,8.531250,8.625000,5.820376,235200
1996-06-20,8.625000,8.625000,8.468750,8.468750,5.714937,267200
1996-06-21,8.406250,8.593750,8.406250,8.593750,5.799287,560000
1996-06-24,8.593750,8.906250,8.593750,8.843750,5.967996,1566800
1996-06-25,8.906250,9.000000,8.875000,8.968750,6.052347,1249200
1996-06-26,8.937500,9.000000,8.937500,8.937500,6.031256,805600
1996-06-27,8.968750,9.062500,8.906250,9.062500,6.115613,318400
1996-06-28,9.125000,9.593750,9.125000,9.437500,6.368675,2008000
1996-07-01,9.437500,9.468750,9.343750,9.406250,6.347585,1483600
1996-07-02,9.437500,10.000000,9.437500,9.875000,6.663908,2653600
1996-07-03,10.000000,10.250000,10.000000,10.187500,6.874791,3217600
1996-07-05,10.062500,10.062500,9.937500,10.000000,6.748261,554000
1996-07-08,9.937500,10.125000,9.937500,10.125000,6.832614,310000
1996-07-09,10.093750,10.281250,10.093750,10.281250,6.938057,1205600
1996-07-10,10.312500,10.531250,10.312500,10.531250,7.106761,1268000
1996-07-11,10.531250,10.562500,10.281250,10.343750,6.980234,812000
1996-07-12,10.312500,10.343750,10.187500,10.312500,6.959144,352400
1996-07-15,10.281250,10.406250,10.125000,10.187500,6.874791,1728400
1996-07-16,10.156250,10.156250,9.687500,9.750000,6.579554,1490000
1996-07-17,9.875000,10.187500,9.843750,10.125000,6.832614,1594800
1996-07-18,10.125000,10.343750,10.125000,10.343750,6.980234,1574000
1996-07-19,10.343750,10.375000,10.250000,10.250000,6.916969,1525600
1996-07-22,10.218750,10.250000,10.125000,10.250000,6.916969,1733200
1996-07-23,10.250000,10.468750,10.250000,10.281250,6.938057,1792400
1996-07-24,10.250000,10.312500,10.187500,10.187500,6.874791,1144800
1996-07-25,10.218750,10.218750,10.156250,10.187500,6.874791,1334800
1996-07-26,10.187500,10.187500,10.000000,10.093750,6.811527,906000
1996-07-29,10.125000,10.156250,10.000000,10.000000,6.748261,656800
1996-07-30,9.937500,9.937500,9.375000,9.718750,6.558464,1750400
1996-07-31,9.687500,9.937500,9.687500,9.843750,6.642823,1478800
1996-08-01,9.906250,10.031250,9.906250,9.968750,6.754618,912400
1996-08-02,10.000000,10.093750,9.906250,9.968750,6.754618,752400
1996-08-05,9.968750,9.968750,9.937500,9.937500,6.733446,894400
1996-08-06,9.968750,10.062500,9.906250,10.062500,6.818144,797600
1996-08-07,10.031250,10.093750,10.031250,10.062500,6.818144,327200
1996-08-08,10.093750,10.093750,10.031250,10.062500,6.818144,466800
1996-08-09,10.031250,10.062500,10.031250,10.062500,6.818144,207600
1996-08-12,10.093750,10.093750,10.000000,10.031250,6.796971,182000
1996-08-13,10.031250,10.062500,10.031250,10.062500,6.818144,609600
1996-08-14,10.031250,10.062500,10.000000,10.062500,6.818144,406400
1996-08-15,10.000000,10.343750,10.000000,10.343750,7.008715,259200
1996-08-16,10.406250,10.406250,10.093750,10.125000,6.860492,438400
1996-08-19,10.125000,10.281250,10.031250,10.250000,6.945190,542800
1996-08-20,10.250000,10.375000,10.187500,10.343750,7.008715,640400
1996-08-21,10.312500,10.312500,10.187500,10.250000,6.945190,510000
1996-08-22,10.156250,10.187500,10.093750,10.093750,6.839319,2123200
1996-08-23,10.093750,10.218750,10.093750,10.218750,6.924018,828800
1996-08-26,10.218750,10.343750,10.187500,10.187500,6.902841,516400
1996-08-27,10.187500,10.250000,10.156250,10.156250,6.881667,859600
1996-08-28,10.156250,10.187500,10.031250,10.031250,6.796971,225200
1996-08-29,10.062500,10.093750,10.031250,10.062500,6.818144,95200
1996-08-30,10.062500,10.062500,9.937500,10.031250,6.796971,896400
1996-09-03,10.062500,10.312500,10.031250,10.031250,6.796971,438800
1996-09-04,10.062500,10.062500,9.937500,9.968750,6.754618,205600
1996-09-05,9.968750,10.062500,9.968750,10.000000,6.775795,327600
1996-09-06,10.031250,10.062500,10.000000,10.031250,6.796971,68800
1996-09-09,10.031250,10.187500,10.000000,10.062500,6.818144,346000
1996-09-10,10.093750,10.093750,10.031250,10.062500,6.818144,146400
1996-09-11,10.093750,10.437500,10.062500,10.437500,7.072235,1248400
1996-09-12,10.437500,10.437500,10.218750,10.250000,6.945190,303600
1996-09-13,10.312500,10.406250,10.250000,10.406250,7.051060,342400
1996-09-16,10.437500,10.531250,10.375000,10.375000,7.029889,1060800
1996-09-17,10.375000,10.375000,10.093750,10.125000,6.860492,596800
1996-09-18,10.125000,10.125000,9.937500,9.968750,6.754618,384400
1996-09-19,9.968750,9.968750,9.812500,9.906250,6.712273,918800
1996-09-20,9.875000,10.093750,9.843750,10.031250,6.796971,1257600
1996-09-23,10.031250,10.187500,10.031250,10.093750,6.839319,666800
1996-09-24,10.093750,10.093750,9.937500,10.093750,6.839319,510000
1996-09-25,10.125000,10.125000,9.968750,10.062500,6.818144,511600
1996-09-26,10.031250,10.187500,10.031250,10.187500,6.902841,464000
1996-09-27,10.187500,10.187500,10.062500,10.093750,6.839319,383600
1996-09-30,10.093750,10.625000,10.062500,10.562500,7.156934,1015200
1996-10-01,10.562500,10.562500,10.406250,10.437500,7.072235,704000
1996-10-02,10.468750,10.781250,10.468750,10.781250,7.305156,1421600
1996-10-03,10.750000,10.750000,10.718750,10.750000,7.283979,906800
1996-10-04,10.812500,11.093750,10.812500,11.031250,7.474548,2095200
1996-10-07,11.031250,11.281250,11.000000,11.281250,7.643946,660800
1996-10-08,11.218750,11.250000,11.062500,11.093750,7.516900,244800
1996-10-09,11.093750,11.156250,11.031250,11.093750,7.516900,536000
1996-10-10,11.031250,11.062500,11.031250,11.062500,7.495723,231200
1996-10-11,11.000000,11.031250,10.968750,11.000000,7.453372,243200
1996-10-14,10.968750,11.218750,10.968750,11.218750,7.601596,388000
1996-10-15,11.250000,11.281250,11.062500,11.062500,7.495723,278000
1996-10-16,11.093750,11.093750,10.828125,10.843750,7.347505,717600
1996-10-17,10.781250,10.781250,10.593750,10.625000,7.199285,4569200
1996-10-18,10.656250,10.781250,10.656250,10.750000,7.283979,2692000
1996-10-21,10.687500,10.718750,10.656250,10.718750,7.262802,1541600
1996-10-22,10.718750,10.937500,10.687500,10.937500,7.411026,2012400
1996-10-23,10.875000,10.875000,10.750000,10.781250,7.305156,1401600
1996-10-24,10.750000,10.812500,10.750000,10.781250,7.305156,1788400
1996-10-25,10.781250,10.781250,10.750000,10.781250,7.305156,345200
1996-10-28,10.781250,10.937500,10.750000,10.750000,7.283979,1301600
1996-10-29,10.750000,10.781250,10.625000,10.656250,7.220456,641200
1996-10-30,10.656250,10.750000,10.656250,10.750000,7.283979,324000
1996-10-31,10.843750,11.031250,10.812500,10.875000,7.396196,1289200
1996-11-01,10.968750,11.093750,10.781250,10.812500,7.353691,1265200
1996-11-04,10.718750,10.781250,10.718750,10.718750,7.289928,1493200
1996-11-05,10.687500,10.687500,10.656250,10.656250,7.247423,370400
1996-11-06,10.625000,10.781250,10.625000,10.750000,7.311183,1329600
1996-11-07,10.718750,10.781250,10.718750,10.718750,7.289928,605600
1996-11-08,10.718750,10.750000,10.656250,10.656250,7.247423,986400
1996-11-11,10.718750,10.937500,10.718750,10.750000,7.311183,1558800
1996-11-12,10.781250,11.031250,10.781250,11.000000,7.481208,833200
1996-11-13,11.000000,11.000000,10.843750,11.000000,7.481208,825200
1996-11-14,11.000000,11.000000,10.812500,10.875000,7.396196,363200
1996-11-15,11.000000,11.093750,10.937500,10.968750,7.459962,765200
1996-11-18,11.000000,11.187500,10.968750,11.062500,7.523719,274800
1996-11-19,11.093750,11.125000,11.000000,11.125000,7.566224,473200
1996-11-20,11.156250,11.625000,11.156250,11.593750,7.885026,1142000
1996-11-21,11.593750,11.718750,11.406250,11.593750,7.885026,883200
1996-11-22,11.625000,12.062500,11.625000,12.062500,8.203831,1478400
1996-11-25,12.250000,12.250000,12.031250,12.156250,8.267590,1268000
1996-11-26,12.062500,12.062500,11.812500,11.906250,8.097563,685200
1996-11-27,11.937500,11.937500,11.781250,11.843750,8.055056,429600
1996-11-29,11.843750,11.843750,11.781250,11.781250,8.012553,65600
1996-12-02,11.750000,11.781250,11.656250,11.750000,7.991295,596400
1996-12-03,11.750000,11.812500,11.656250,11.656250,7.927533,806400
1996-12-04,11.656250,11.687500,11.500000,11.500000,7.821269,433200
1996-12-05,11.500000,11.687500,11.500000,11.625000,7.906281,203200
1996-12-06,11.531250,11.593750,11.500000,11.531250,7.842520,90000
1996-12-09,11.500000,11.718750,11.468750,11.500000,7.821269,216000
1996-12-10,11.593750,11.625000,11.156250,11.156250,7.587477,317600
1996-12-11,11.000000,11.000000,10.875000,10.937500,7.438706,612800
1996-12-12,10.968750,11.000000,10.750000,10.750000,7.311183,396800
1996-12-13,10.781250,10.843750,10.750000,10.843750,7.374945,548000
1996-12-16,10.843750,11.500000,10.843750,11.468750,7.800015,864400
1996-12-17,11.468750,11.656250,11.406250,11.437500,7.778758,559600
1996-12-18,11.406250,12.000000,11.406250,11.937500,8.118814,811200
1996-12-19,12.000000,12.000000,11.812500,12.000000,8.161322,916400
1996-12-20,12.031250,12.031250,11.843750,11.906250,8.097563,233200
1996-12-23,11.937500,11.937500,11.781250,11.812500,8.033797,147200
1996-12-24,11.750000,11.812500,11.656250,11.812500,8.033797,263200
1996-12-26,11.843750,12.093750,11.843750,12.062500,8.203831,364000
1996-12-27,12.093750,12.093750,11.968750,12.000000,8.161322,245600
1996-12-30,12.000000,12.062500,11.906250,11.906250,8.097563,327600
1996-12-31,11.937500,12.000000,11.500000,11.968750,8.140069,988400
1997-01-02,11.906250,11.906250,11.359375,11.500000,7.821269,1206000
1997-01-03,11.500000,11.531250,11.125000,11.312500,7.693744,1280800
1997-01-06,11.343750,11.375000,11.093750,11.312500,7.693744,1777600
1997-01-07,11.343750,11.781250,11.250000,11.781250,8.012553,923600
1997-01-08,11.843750,11.937500,11.718750,11.875000,8.076308,820800
1997-01-09,11.875000,11.937500,11.781250,11.906250,8.097563,706800
1997-01-10,11.875000,12.343750,11.781250,12.312500,8.373856,1016800
1997-01-13,12.406250,12.406250,12.312500,12.375000,8.416364,693600
1997-01-14,12.375000,12.500000,12.375000,12.468750,8.480125,578800
1997-01-15,12.500000,12.500000,12.312500,12.375000,8.416364,467200
1997-01-16,12.437500,12.437500,12.156250,12.187500,8.288841,278800
1997-01-17,12.125000,12.125000,11.812500,11.875000,8.076308,721600
1997-01-20,11.937500,11.937500,11.812500,11.875000,8.076308,168400
1997-01-21,11.843750,11.875000,11.562500,11.687500,7.948788,796400
1997-01-22,11.718750,11.718750,11.187500,11.343750,7.715002,468000
1997-01-23,11.406250,11.593750,11.406250,11.562500,7.863777,2885200
1997-01-24,11.562500,11.562500,11.125000,11.218750,7.629987,540400
1997-01-27,11.125000,11.218750,11.062500,11.187500,7.608730,549600
1997-01-28,11.343750,11.343750,11.000000,11.000000,7.481208,664400
1997-01-29,11.000000,11.156250,10.968750,11.062500,7.523719,600800
1997-01-30,11.156250,11.343750,11.156250,11.343750,7.715002,1041600
1997-01-31,11.343750,11.406250,10.906250,10.906250,7.417451,1331600
1997-02-03,10.875000,10.906250,10.406250,10.437500,7.098649,1344400
1997-02-04,10.437500,10.437500,9.875000,10.250000,6.971130,5682000
1997-02-05,10.500000,10.812500,10.500000,10.562500,7.183663,3352800
1997-02-06,10.593750,10.625000,10.343750,10.437500,7.125631,826000
1997-02-07,10.437500,10.468750,9.968750,10.125000,6.912292,767200
1997-02-10,10.250000,10.406250,9.718750,9.937500,6.784286,1494400
1997-02-11,9.937500,10.375000,9.937500,10.343750,7.061633,1986800
1997-02-12,10.437500,10.562500,10.250000,10.562500,7.210971,1340400
1997-02-13,10.500000,10.562500,10.406250,10.468750,7.146970,2393200
1997-02-14,10.531250,10.562500,10.437500,10.562500,7.210971,516800
1997-02-18,10.500000,10.500000,9.750000,9.906250,6.762954,2840800
1997-02-19,9.906250,10.125000,9.875000,10.000000,6.826957,1748400
1997-02-20,10.000000,10.031250,9.781250,9.812500,6.698949,1266400
1997-02-21,9.812500,9.968750,9.750000,9.906250,6.762954,949200
1997-02-24,9.968750,9.968750,9.687500,9.718750,6.634944,1700400
1997-02-25,9.750000,9.843750,9.718750,9.781250,6.677615,917200
1997-02-26,9.750000,9.875000,9.687500,9.875000,6.741618,1045200
1997-02-27,9.843750,9.875000,9.625000,9.656250,6.592278,910800
1997-02-28,9.687500,9.812500,9.656250,9.750000,6.656284,932000
1997-03-03,9.625000,9.625000,9.375000,9.375000,6.400269,834400
1997-03-04,9.375000,9.687500,9.375000,9.593750,6.549611,3522800
1997-03-05,9.656250,9.687500,9.500000,9.562500,6.528274,993600
1997-03-06,9.625000,10.031250,9.625000,10.031250,6.848292,1831600
1997-03-07,10.031250,10.125000,9.968750,10.093750,6.890956,571600
1997-03-10,10.031250,10.187500,10.031250,10.187500,6.954959,670400
1997-03-11,10.156250,10.281250,9.968750,10.000000,6.826957,966400
1997-03-12,10.000000,10.000000,9.937500,9.968750,6.805619,992800
1997-03-13,9.937500,9.968750,9.843750,9.875000,6.741618,530400
1997-03-14,9.906250,10.093750,9.906250,9.968750,6.805619,931200
1997-03-17,9.968750,10.156250,9.937500,10.156250,6.933628,276800
1997-03-18,10.125000,10.156250,10.000000,10.031250,6.848292,454800
1997-03-19,10.062500,10.187500,10.031250,10.156250,6.933628,451200
1997-03-20,10.156250,10.156250,9.937500,9.968750,6.805619,702800
1997-03-21,10.000000,10.000000,9.906250,9.906250,6.762954,354000
1997-03-24,9.906250,9.906250,9.593750,9.656250,6.592278,1732400
1997-03-25,9.593750,9.718750,9.593750,9.625000,6.570949,887600
1997-03-26,9.625000,9.781250,9.437500,9.750000,6.656284,2373200
1997-03-27,9.781250,9.781250,9.531250,9.531250,6.506941,462400
1997-03-31,9.531250,9.531250,9.375000,9.437500,6.442941,848800
1997-04-01,9.437500,9.750000,9.437500,9.718750,6.634944,986800
1997-04-02,9.781250,9.781250,9.343750,9.343750,6.378935,1138000
1997-04-03,9.343750,9.406250,8.843750,8.843750,6.037590,994800
1997-04-04,8.843750,9.250000,8.812500,8.968750,6.122928,1951200
1997-04-07,9.031250,9.093750,8.781250,8.781250,5.994920,702000
1997-04-08,8.843750,8.906250,8.687500,8.750000,5.973585,1652400
1997-04-09,8.843750,9.062500,8.843750,9.062500,6.186929,1492000
1997-04-10,9.156250,9.156250,8.906250,8.906250,6.080257,2162000
1997-04-11,8.843750,8.875000,8.656250,8.656250,5.909585,343600
1997-04-14,8.687500,8.718750,8.468750,8.531250,5.824245,174800
1997-04-15,8.562500,8.562500,8.375000,8.406250,5.738909,468400
1997-04-16,8.406250,8.406250,8.343750,8.375000,5.717574,742800
1997-04-17,8.375000,8.406250,8.250000,8.312500,5.674907,922400
1997-04-18,8.281250,8.375000,8.062500,8.375000,5.717574,2090800
1997-04-21,8.437500,8.843750,8.437500,8.843750,6.037590,1740800
1997-04-22,8.906250,9.187500,8.750000,9.093750,6.208262,2920000
1997-04-23,9.093750,9.375000,9.093750,9.250000,6.314933,1658800
1997-04-24,9.250000,9.437500,9.250000,9.406250,6.421604,1241200
1997-04-25,9.375000,9.406250,9.125000,9.187500,6.272264,594400
1997-04-28,9.187500,9.187500,8.750000,8.812500,6.016252,1024000
1997-04-29,8.875000,9.000000,8.812500,8.875000,6.058924,1162400
1997-04-30,8.875000,8.968750,8.781250,8.937500,6.101590,1558000
1997-05-01,8.937500,9.156250,8.937500,9.062500,6.214743,898800
1997-05-02,9.437500,9.750000,9.281250,9.750000,6.686207,1920000
1997-05-05,9.687500,9.812500,9.625000,9.687500,6.643345,779200
1997-05-06,9.625000,9.843750,9.531250,9.843750,6.750498,624400
1997-05-07,9.750000,9.968750,9.750000,9.843750,6.750498,1242000
1997-05-08,9.781250,10.062500,9.750000,9.937500,6.814786,649200
1997-05-09,10.375000,10.375000,10.062500,10.187500,6.986227,1527600
1997-05-12,10.218750,10.375000,10.093750,10.312500,7.071950,1276000
1997-05-13,10.312500,10.343750,9.968750,10.218750,7.007657,1614800
1997-05-14,10.250000,10.625000,10.250000,10.625000,7.286251,1829600
1997-05-15,10.593750,10.593750,10.437500,10.531250,7.221959,687600
1997-05-16,10.500000,10.562500,10.468750,10.531250,7.221959,522800
1997-05-19,10.500000,10.562500,10.468750,10.531250,7.221959,620000
1997-05-20,10.562500,10.625000,10.406250,10.468750,7.179101,588000
1997-05-21,10.500000,10.781250,10.468750,10.718750,7.350537,2435200
1997-05-22,10.718750,10.750000,10.687500,10.687500,7.329110,1106400
1997-05-23,10.718750,10.812500,10.718750,10.812500,7.414830,884400
1997-05-27,10.750000,10.750000,10.593750,10.625000,7.286251,644400
1997-05-28,10.593750,10.656250,10.437500,10.468750,7.179101,528800
1997-05-29,10.406250,10.593750,10.375000,10.562500,7.243386,488400
1997-05-30,10.500000,10.593750,10.468750,10.531250,7.221959,558800
1997-06-02,10.562500,10.812500,10.531250,10.781250,7.393399,417600
1997-06-03,10.875000,10.875000,10.812500,10.875000,7.457690,717200
1997-06-04,10.875000,10.875000,10.656250,10.781250,7.393399,1324000
1997-06-05,10.750000,10.812500,10.625000,10.718750,7.350537,592400
1997-06-06,10.718750,10.937500,10.718750,10.812500,7.414830,1421200
1997-06-09,10.812500,10.812500,10.187500,10.312500,7.071950,1776800
1997-06-10,10.250000,10.250000,9.937500,10.093750,6.921936,1482400
1997-06-11,10.093750,10.250000,10.062500,10.093750,6.921936,444000
1997-06-12,10.125000,10.187500,10.000000,10.000000,6.857647,486400
1997-06-13,10.000000,10.187500,10.000000,10.125000,6.943367,495200
1997-06-16,10.125000,10.281250,10.125000,10.250000,7.029086,870800
1997-06-17,10.250000,10.375000,10.187500,10.250000,7.029086,572000
1997-06-18,10.250000,10.281250,10.000000,10.125000,6.943367,348000
1997-06-19,10.125000,10.125000,9.906250,9.906250,6.793358,793200
1997-06-20,9.843750,9.875000,9.812500,9.812500,6.729066,2165600
1997-06-23,9.843750,9.937500,9.812500,9.843750,6.750498,1202400
1997-06-24,9.906250,9.921875,9.687500,9.781250,6.707635,602000
1997-06-25,9.781250,9.781250,9.640625,9.687500,6.643345,1062400
1997-06-26,9.718750,9.750000,9.687500,9.703125,6.654060,959200
1997-06-27,9.671875,9.843750,9.640625,9.750000,6.686207,734000
1997-06-30,9.718750,9.843750,9.671875,9.671875,6.632629,378800
1997-07-01,9.812500,9.906250,9.625000,9.906250,6.793358,887200
1997-07-02,9.968750,10.328125,9.968750,10.250000,7.029086,1594000
1997-07-03,10.281250,10.421875,10.187500,10.187500,6.986227,438400
1997-07-07,10.234375,10.234375,10.015625,10.031250,6.879078,232800
1997-07-08,10.031250,10.031250,9.875000,10.000000,6.857647,708800
1997-07-09,10.000000,10.000000,9.640625,9.656250,6.621915,685200
1997-07-10,9.593750,9.656250,9.531250,9.656250,6.621915,828400
1997-07-11,9.750000,9.906250,9.718750,9.906250,6.793358,1067200
1997-07-14,9.906250,10.031250,9.593750,9.609375,6.589769,550000
1997-07-15,9.656250,9.812500,9.656250,9.812500,6.729066,540000
1997-07-16,9.796875,9.906250,9.703125,9.765625,6.696922,710800
1997-07-17,9.937500,10.359375,9.937500,10.281250,7.050520,1592800
1997-07-18,10.203125,10.250000,9.937500,10.250000,7.029086,1398800
1997-07-21,10.250000,10.250000,9.875000,9.968750,6.836215,748400
1997-07-22,9.968750,10.187500,9.875000,10.140625,6.954081,1106000
1997-07-23,10.078125,10.078125,9.812500,9.984375,6.846934,1595600
1997-07-24,10.000000,10.187500,9.953125,10.000000,6.857647,2056000
1997-07-25,10.015625,10.015625,9.890625,9.890625,6.782642,676800
1997-07-28,9.921875,9.984375,9.921875,9.984375,6.846934,602000
1997-07-29,10.000000,10.015625,9.968750,10.015625,6.868363,909600
1997-07-30,10.046875,10.734375,10.046875,10.703125,7.339827,3006400
1997-07-31,10.687500,10.781250,10.375000,10.375000,7.141500,3138800
1997-08-01,10.390625,10.437500,10.125000,10.234375,7.044703,1121600
1997-08-04,10.234375,10.500000,10.156250,10.468750,7.206030,785600
1997-08-05,10.500000,10.859375,10.500000,10.843750,7.464158,1713200
1997-08-06,10.921875,10.968750,10.687500,10.734375,7.388870,2671200
1997-08-07,10.796875,10.984375,10.796875,10.906250,7.507178,1973600
1997-08-08,10.828125,10.859375,10.546875,10.703125,7.367359,630400
1997-08-11,10.734375,10.859375,10.718750,10.843750,7.464158,658400
1997-08-12,10.828125,10.843750,10.703125,10.750000,7.399624,715600
1997-08-13,10.812500,10.875000,10.625000,10.750000,7.399624,458800
1997-08-14,10.765625,10.906250,10.718750,10.796875,7.431886,778000
1997-08-15,10.812500,10.812500,10.656250,10.671875,7.345849,543200
1997-08-18,10.656250,10.687500,10.265625,10.515625,7.238297,1236000
1997-08-19,10.453125,10.718750,10.453125,10.671875,7.345849,1302400
1997-08-20,10.671875,11.125000,10.671875,11.125000,7.657752,2761200
1997-08-21,11.062500,11.125000,10.828125,10.828125,7.453402,631600
1997-08-22,10.734375,10.906250,10.640625,10.906250,7.507178,530000
1997-08-25,10.968750,11.250000,10.968750,11.125000,7.657752,972800
1997-08-26,11.093750,11.296875,11.046875,11.218750,7.722285,786000
1997-08-27,11.203125,11.250000,11.125000,11.218750,7.722285,494000
1997-08-28,11.281250,11.406250,11.140625,11.406250,7.851349,1082000
1997-08-29,11.421875,11.593750,11.234375,11.593750,7.980409,1695600
1997-09-02,11.593750,11.750000,11.593750,11.718750,8.066450,1221200
1997-09-03,11.718750,11.859375,11.718750,11.812500,8.130981,1392000
1997-09-04,11.796875,11.890625,11.515625,11.625000,8.001921,1681200
1997-09-05,11.593750,11.703125,11.359375,11.593750,7.980409,1258400
1997-09-08,11.578125,11.625000,11.343750,11.359375,7.819078,701600
1997-09-09,11.359375,11.500000,11.359375,11.500000,7.915879,1026000
1997-09-10,11.484375,11.484375,11.312500,11.312500,7.786812,601600
1997-09-11,11.312500,11.328125,10.796875,11.031250,7.593220,796800
1997-09-12,11.062500,11.187500,11.031250,11.125000,7.657752,963600
1997-09-15,11.125000,11.250000,11.109375,11.125000,7.657752,780800
1997-09-16,11.171875,11.187500,11.015625,11.093750,7.636244,578400
1997-09-17,11.093750,11.171875,10.843750,10.843750,7.464158,510800
1997-09-18,10.906250,11.109375,10.906250,11.000000,7.571708,626000
1997-09-19,11.015625,11.031250,10.937500,10.937500,7.528688,1012800
1997-09-22,10.937500,10.984375,10.750000,10.765625,7.410380,2721200
1997-09-23,10.750000,10.843750,10.703125,10.796875,7.431886,1472800
1997-09-24,10.812500,10.953125,10.750000,10.796875,7.431886,1558400
1997-09-25,10.781250,11.109375,10.781250,11.109375,7.646996,2706000
1997-09-26,11.171875,11.218750,11.062500,11.171875,7.690015,1786800
1997-09-29,11.171875,11.234375,11.109375,11.234375,7.733037,898000
1997-09-30,11.203125,11.281250,11.187500,11.187500,7.700770,937600
1997-10-01,11.203125,11.234375,11.156250,11.203125,7.711524,285600
1997-10-02,11.218750,11.218750,11.078125,11.187500,7.700770,439600
1997-10-03,11.250000,11.343750,11.187500,11.250000,7.743791,796800
1997-10-06,11.281250,11.500000,11.250000,11.437500,7.872853,526800
1997-10-07,11.484375,11.500000,11.281250,11.390625,7.840595,617600
1997-10-08,11.375000,11.375000,11.250000,11.375000,7.829837,737200
1997-10-09,11.359375,11.484375,11.312500,11.484375,7.905124,508000
1997-10-10,11.468750,11.468750,11.250000,11.406250,7.851349,628800
1997-10-13,11.453125,11.484375,11.156250,11.234375,7.733037,272400
1997-10-14,11.343750,11.375000,10.906250,10.984375,7.560955,550400
1997-10-15,10.875000,10.937500,10.812500,10.859375,7.474905,614400
1997-10-16,10.796875,10.796875,10.406250,10.468750,7.206030,1728800
1997-10-17,10.500000,10.531250,10.125000,10.359375,7.130742,1118400
1997-10-20,10.328125,10.703125,10.328125,10.687500,7.356604,733200
1997-10-21,10.687500,10.781250,10.546875,10.656250,7.335096,1524800
1997-10-22,10.687500,10.812500,10.640625,10.734375,7.388870,694000
1997-10-23,10.609375,10.687500,10.406250,10.593750,7.292072,712400
1997-10-24,10.625000,10.781250,10.484375,10.546875,7.259808,325600
1997-10-27,10.593750,10.671875,9.968750,9.968750,6.861860,579600
1997-10-28,9.859375,10.296875,9.828125,10.265625,7.066210,1614000
1997-10-29,10.296875,10.453125,10.156250,10.250000,7.055453,398000
1997-10-30,10.203125,10.375000,10.109375,10.187500,7.012433,485200
1997-10-31,10.250000,10.437500,10.218750,10.265625,7.066210,1735600
1997-11-03,10.343750,10.687500,10.343750,10.671875,7.345849,1218000
1997-11-04,10.640625,10.687500,10.562500,10.625000,7.313584,677200
1997-11-05,10.687500,10.687500,10.484375,10.515625,7.238297,755600
1997-11-06,10.531250,10.531250,10.171875,10.265625,7.093191,451600
1997-11-07,10.234375,10.265625,9.968750,10.078125,6.963638,363200
1997-11-10,10.078125,10.171875,10.015625,10.031250,6.931252,615200
1997-11-11,10.031250,10.078125,9.828125,9.828125,6.790896,1154800
1997-11-12,9.843750,10.281250,9.843750,9.859375,6.812489,694000
1997-11-13,9.921875,10.062500,9.828125,9.828125,6.790896,1285600
1997-11-14,9.859375,9.937500,9.812500,9.828125,6.790896,2459600
1997-11-17,9.890625,10.312500,9.890625,10.140625,7.006820,700000
1997-11-18,10.140625,10.140625,9.687500,9.718750,6.715317,930000
1997-11-19,9.718750,9.765625,9.640625,9.671875,6.682933,522000
1997-11-20,9.734375,10.031250,9.734375,9.890625,6.834084,1494800
1997-11-21,9.843750,9.921875,9.750000,9.796875,6.769301,335600
1997-11-24,9.781250,9.781250,9.390625,9.578125,6.618154,1161600
1997-11-25,9.609375,9.609375,9.000000,9.218750,6.369836,5228400
1997-11-26,9.203125,9.265625,9.062500,9.109375,6.294264,712800
1997-11-28,9.109375,9.343750,9.109375,9.281250,6.413023,210800
1997-12-01,9.296875,9.296875,8.796875,8.859375,6.121523,739600
1997-12-02,8.859375,9.015625,8.859375,8.921875,6.164709,1906800
1997-12-03,8.953125,9.093750,8.953125,8.953125,6.186301,1612800
1997-12-04,8.953125,9.046875,8.718750,8.718750,6.024355,1458400
1997-12-05,8.734375,8.953125,8.734375,8.890625,6.143114,2411200
1997-12-08,8.937500,9.046875,8.937500,9.000000,6.218691,1657600
1997-12-09,9.000000,9.046875,8.812500,8.828125,6.099929,1322800
1997-12-10,8.812500,8.812500,8.640625,8.687500,6.002762,1959600
1997-12-11,8.609375,8.609375,8.359375,8.359375,5.776038,1218400
1997-12-12,8.390625,8.515625,8.234375,8.234375,5.689668,763200
1997-12-15,8.281250,8.421875,8.203125,8.218750,5.678872,2018400
1997-12-16,8.281250,8.359375,8.140625,8.156250,5.635686,1947200
1997-12-17,8.218750,8.453125,8.203125,8.406250,5.808427,2166400
1997-12-18,8.406250,8.593750,8.250000,8.265625,5.711262,1258800
1997-12-19,8.265625,8.312500,8.078125,8.171875,5.646483,1343200
1997-12-22,8.078125,8.171875,8.046875,8.140625,5.624890,1354000
1997-12-23,8.140625,8.234375,8.125000,8.234375,5.689668,1729200
1997-12-24,8.265625,8.421875,8.250000,8.406250,5.808427,1107600
1997-12-26,8.421875,8.468750,8.375000,8.437500,5.830023,369600
1997-12-29,8.437500,8.718750,8.437500,8.593750,5.937984,1536400
1997-12-30,8.609375,8.796875,8.609375,8.718750,6.024355,3710400
1997-12-31,8.703125,8.843750,8.703125,8.812500,6.089132,2709600
1998-01-02,8.875000,8.906250,8.812500,8.843750,6.110726,1392800
1998-01-05,8.796875,8.906250,8.796875,8.843750,6.110726,5043200
1998-01-06,8.796875,8.796875,8.375000,8.562500,5.916393,2050800
1998-01-07,8.609375,8.609375,8.500000,8.593750,5.937984,923600
1998-01-08,8.593750,8.656250,8.468750,8.578125,5.927187,1153200
1998-01-09,8.593750,8.640625,8.234375,8.234375,5.689668,1944800
1998-01-12,8.187500,8.359375,8.187500,8.218750,5.678872,3650000
1998-01-13,8.234375,8.468750,8.234375,8.453125,5.840816,2404400
1998-01-14,8.515625,8.703125,8.500000,8.703125,6.013560,398400
1998-01-15,8.750000,8.812500,8.750000,8.765625,6.056745,798000
1998-01-16,8.796875,9.250000,8.796875,9.203125,6.359044,974400
1998-01-20,9.265625,9.453125,9.187500,9.265625,6.402228,632400
1998-01-21,9.203125,9.218750,8.796875,8.937500,6.175503,1371200
1998-01-22,8.875000,8.875000,8.500000,8.500000,5.873209,1358800
1998-01-23,8.515625,8.531250,8.390625,8.531250,5.894800,672000
1998-01-26,8.562500,8.765625,8.562500,8.687500,6.002762,462400
1998-01-27,8.687500,8.890625,8.656250,8.781250,6.067539,925200
1998-01-28,8.812500,8.921875,8.812500,8.890625,6.143114,294400
1998-01-29,9.031250,9.500000,9.031250,9.468750,6.542578,1726800
1998-01-30,9.500000,9.593750,9.062500,9.093750,6.283468,1517200
1998-02-02,9.031250,9.171875,8.968750,8.984375,6.207894,544800
1998-02-03,8.968750,9.031250,8.875000,9.015625,6.229486,1112000
1998-02-04,8.968750,9.250000,8.937500,9.156250,6.326653,501200
1998-02-05,9.250000,9.437500,9.250000,9.328125,6.445412,763600
1998-02-06,9.328125,9.484375,9.328125,9.421875,6.510188,596000
1998-02-09,9.390625,9.437500,9.000000,9.171875,6.337450,1411200
1998-02-10,9.156250,9.562500,9.156250,9.437500,6.520985,1145200
1998-02-11,9.484375,9.625000,9.468750,9.500000,6.564170,682400
1998-02-12,9.484375,9.500000,9.390625,9.437500,6.548560,2194000
1998-02-13,9.437500,9.437500,9.125000,9.234375,6.407616,1669200
1998-02-17,9.265625,9.343750,9.187500,9.296875,6.450982,2541200
1998-02-18,9.328125,9.421875,9.312500,9.421875,6.537717,1210000
1998-02-19,9.406250,9.406250,9.250000,9.296875,6.450982,1075200
1998-02-20,9.296875,9.375000,9.171875,9.375000,6.505191,1597600
1998-02-23,9.343750,9.343750,9.031250,9.031250,6.266669,1455600
1998-02-24,9.046875,9.156250,9.031250,9.078125,6.299193,657200
1998-02-25,9.078125,9.234375,9.046875,9.187500,6.375088,839200
1998-02-26,9.265625,9.562500,9.265625,9.562500,6.635295,807600
1998-02-27,9.593750,9.765625,9.593750,9.750000,6.765399,529200
1998-03-02,9.718750,9.781250,9.625000,9.703125,6.732873,460400
1998-03-03,9.640625,9.781250,9.593750,9.781250,6.787082,584800
1998-03-04,9.812500,9.859375,9.593750,9.625000,6.678665,463600
1998-03-05,9.562500,9.734375,9.562500,9.625000,6.678665,966000
1998-03-06,9.718750,9.796875,9.343750,9.359375,6.494349,549200
1998-03-09,9.296875,9.640625,9.296875,9.562500,6.635295,2375200
1998-03-10,9.546875,9.828125,9.531250,9.781250,6.787082,1938400
1998-03-11,9.734375,9.968750,9.703125,9.828125,6.819610,698800
1998-03-12,9.828125,9.828125,9.687500,9.765625,6.776241,837200
1998-03-13,9.796875,10.187500,9.796875,10.078125,6.993082,1228000
1998-03-16,10.078125,10.078125,10.000000,10.031250,6.960560,864000
1998-03-17,10.015625,10.015625,9.875000,9.937500,6.895504,2678400
1998-03-18,9.984375,10.578125,9.984375,10.453125,7.253290,1445600
1998-03-19,10.468750,10.765625,10.468750,10.750000,7.459288,1303200
1998-03-20,10.765625,11.250000,10.765625,11.109375,7.708657,1314000
1998-03-23,11.109375,11.546875,11.093750,11.125000,7.719495,1520800
1998-03-24,11.046875,11.046875,10.703125,10.781250,7.480975,1775200
1998-03-25,10.734375,10.859375,10.687500,10.812500,7.502654,1107200
1998-03-26,10.812500,10.875000,10.656250,10.656250,7.394234,665200
1998-03-27,10.718750,10.796875,10.468750,10.468750,7.264130,1164400
1998-03-30,10.406250,10.609375,10.406250,10.500000,7.285816,1422800
1998-03-31,10.500000,10.562500,10.375000,10.406250,7.220767,944400
1998-04-01,10.406250,10.859375,10.375000,10.640625,7.383393,893600
1998-04-02,10.578125,10.609375,10.500000,10.562500,7.329181,790400
1998-04-03,10.562500,10.656250,10.546875,10.593750,7.350869,533200
1998-04-06,10.609375,10.703125,10.468750,10.500000,7.285816,915200
1998-04-07,10.546875,10.609375,10.484375,10.500000,7.285816,341600
1998-04-08,10.531250,10.718750,10.484375,10.484375,7.274975,665200
1998-04-09,10.421875,10.562500,10.421875,10.484375,7.274975,641600
1998-04-13,10.484375,10.515625,10.375000,10.484375,7.274975,556400
1998-04-14,10.468750,10.750000,10.468750,10.656250,7.394234,946000
1998-04-15,10.687500,10.875000,10.687500,10.734375,7.448444,507200
1998-04-16,10.687500,10.765625,10.625000,10.687500,7.415918,1570000
1998-04-17,10.640625,10.765625,10.640625,10.734375,7.448444,1024000
1998-04-20,10.734375,10.734375,10.671875,10.718750,7.437601,354000
1998-04-21,10.703125,10.890625,10.609375,10.796875,7.491813,840800
1998-04-22,10.828125,10.843750,10.687500,10.703125,7.426758,508400
1998-04-23,10.671875,10.718750,10.625000,10.703125,7.426758,848000
1998-04-24,10.734375,10.843750,10.734375,10.765625,7.470127,687200
1998-04-27,10.750000,10.781250,10.640625,10.765625,7.470127,931200
1998-04-28,10.750000,10.875000,10.703125,10.703125,7.426758,361200
1998-04-29,10.734375,11.125000,10.734375,11.015625,7.643597,786800
1998-04-30,10.968750,11.187500,10.687500,10.781250,7.480975,1426800
1998-05-01,10.781250,10.953125,10.765625,10.937500,7.589390,958000
1998-05-04,10.921875,11.062500,10.921875,10.984375,7.621913,632800
1998-05-05,10.968750,11.062500,10.859375,10.859375,7.535181,469600
1998-05-06,10.843750,10.890625,10.546875,10.625000,7.372550,1050000
1998-05-07,10.593750,10.656250,10.375000,10.546875,7.345995,1291600
1998-05-08,10.546875,10.671875,10.531250,10.593750,7.378645,1208400
1998-05-11,10.562500,10.609375,10.468750,10.468750,7.291583,570400
1998-05-12,10.453125,10.546875,10.390625,10.484375,7.302469,293600
1998-05-13,10.531250,10.578125,10.515625,10.562500,7.356884,297200
1998-05-14,10.515625,10.562500,10.421875,10.437500,7.269815,804400
1998-05-15,10.390625,10.500000,10.265625,10.312500,7.182750,397600
1998-05-18,10.343750,10.406250,10.093750,10.156250,7.073921,316000
1998-05-19,10.140625,10.281250,10.031250,10.187500,7.095688,360800
1998-05-20,10.171875,10.312500,9.953125,9.968750,6.943327,570000
1998-05-21,10.000000,10.109375,9.984375,10.031250,6.986855,540000
1998-05-22,10.015625,10.062500,9.968750,10.000000,6.965091,246800
1998-05-26,10.046875,10.046875,9.796875,9.843750,6.856264,400400
1998-05-27,9.812500,9.812500,9.609375,9.687500,6.747432,478400
1998-05-28,9.671875,9.781250,9.609375,9.765625,6.801846,308800
1998-05-29,9.812500,9.843750,9.609375,9.765625,6.801846,248000
1998-06-01,9.734375,9.734375,9.390625,9.500000,6.616838,415600
1998-06-02,9.515625,9.656250,9.375000,9.656250,6.725665,506800
1998-06-03,9.656250,9.796875,9.546875,9.593750,6.682136,792800
1998-06-04,9.593750,9.750000,9.593750,9.671875,6.736551,414000
1998-06-05,9.671875,9.812500,9.625000,9.718750,6.769197,412400
1998-06-08,9.750000,9.750000,9.343750,9.406250,6.551539,371200
1998-06-09,9.390625,9.406250,9.187500,9.250000,6.442711,647600
1998-06-10,9.125000,9.156250,8.843750,8.968750,6.246818,1239200
1998-06-11,9.000000,9.046875,8.843750,8.968750,6.246818,816800
1998-06-12,9.187500,9.187500,8.968750,9.000000,6.268584,732000
1998-06-15,8.937500,9.000000,8.828125,8.937500,6.225050,694400
1998-06-16,8.937500,9.250000,8.937500,9.093750,6.333883,720800
1998-06-17,9.062500,9.406250,9.062500,9.343750,6.508009,1086400
1998-06-18,9.312500,9.312500,9.171875,9.265625,6.453594,938400
1998-06-19,9.234375,9.281250,9.203125,9.203125,6.410062,824000
1998-06-22,9.218750,9.437500,9.218750,9.359375,6.518890,745200
1998-06-23,9.421875,9.546875,9.421875,9.515625,6.627721,1426800
1998-06-24,9.531250,9.609375,9.281250,9.312500,6.486244,1262800
1998-06-25,9.328125,9.484375,9.312500,9.359375,6.518890,499600
1998-06-26,9.421875,9.500000,9.312500,9.421875,6.562422,432000
1998-06-29,9.421875,9.468750,9.281250,9.312500,6.486244,343600
1998-06-30,9.281250,9.531250,9.281250,9.500000,6.616838,1126400
1998-07-01,9.375000,9.500000,9.375000,9.437500,6.573309,876000
1998-07-02,9.500000,9.562500,9.468750,9.500000,6.616838,1408400
1998-07-06,9.500000,9.546875,9.468750,9.546875,6.649485,1564400
1998-07-07,9.546875,9.546875,9.312500,9.328125,6.497127,681600
1998-07-08,9.265625,9.359375,9.218750,9.281250,6.464476,560000
1998-07-09,9.250000,9.265625,9.015625,9.093750,6.333883,398800
1998-07-10,9.078125,9.078125,8.937500,9.000000,6.268584,594800
1998-07-13,8.984375,9.000000,8.656250,8.734375,6.083573,954800
1998-07-14,8.765625,8.890625,8.718750,8.750000,6.094456,820800
1998-07-15,8.718750,8.968750,8.718750,8.828125,6.148873,1266000
1998-07-16,8.812500,9.015625,8.812500,8.890625,6.192402,320400
1998-07-17,8.828125,8.875000,8.671875,8.859375,6.170639,350000
1998-07-20,8.906250,8.937500,8.546875,8.578125,5.974744,295600
1998-07-21,8.593750,8.671875,8.406250,8.500000,5.920330,458800
1998-07-22,8.562500,8.609375,8.250000,8.250000,5.746202,863200
1998-07-23,8.312500,8.359375,8.046875,8.109375,5.648256,312400
1998-07-24,8.125000,8.156250,7.796875,7.937500,5.528542,478800
1998-07-27,7.875000,7.906250,7.796875,7.812500,5.441477,181200
1998-07-28,7.859375,8.000000,7.625000,7.640625,5.321765,565200
1998-07-29,7.687500,7.906250,7.687500,7.875000,5.485010,460000
1998-07-30,7.875000,8.218750,7.875000,8.125000,5.659138,714800
1998-07-31,8.093750,8.093750,7.937500,7.968750,5.550308,620800
1998-08-03,7.968750,7.968750,7.531250,7.578125,5.278233,291600
1998-08-04,7.640625,7.640625,7.062500,7.359375,5.125873,681200
1998-08-05,7.328125,7.390625,7.031250,7.156250,4.984394,1070000
1998-08-06,7.125000,7.328125,7.109375,7.281250,5.099964,537200
1998-08-07,7.250000,7.578125,7.250000,7.562500,5.296958,1096400
1998-08-10,7.593750,7.593750,7.250000,7.281250,5.099964,451200
1998-08-11,7.250000,7.250000,7.109375,7.171875,5.023357,642400
1998-08-12,7.234375,7.312500,7.187500,7.203125,5.045243,880000
1998-08-13,7.234375,7.296875,6.984375,7.015625,4.913915,1496400
1998-08-14,7.078125,7.093750,6.703125,6.765625,4.738808,1023200
1998-08-17,6.796875,6.828125,6.531250,6.796875,4.760697,1007200
1998-08-18,6.812500,6.890625,6.703125,6.750000,4.727866,2079600
1998-08-19,6.750000,6.921875,6.703125,6.890625,4.826359,2286400
1998-08-20,6.921875,6.921875,6.734375,6.828125,4.782586,577600
1998-08-21,6.734375,6.812500,6.500000,6.812500,4.771642,1595200
1998-08-24,6.828125,6.921875,6.812500,6.859375,4.804473,1040000
1998-08-25,6.921875,6.921875,6.578125,6.656250,4.662199,5822800
1998-08-26,6.625000,6.625000,6.375000,6.468750,4.530868,694400
1998-08-27,6.453125,6.453125,5.937500,5.984375,4.191601,633200
1998-08-28,6.015625,6.093750,5.765625,5.812500,4.071216,396800
1998-08-31,5.875000,5.968750,5.781250,5.781250,4.049326,1742800
1998-09-01,5.859375,6.109375,5.656250,6.109375,4.279155,1029200
1998-09-02,6.093750,6.156250,5.875000,6.000000,4.202547,1020400
1998-09-03,5.953125,6.265625,5.843750,6.250000,4.377652,1108000
1998-09-04,6.296875,6.640625,6.296875,6.593750,4.618424,1120800
1998-09-08,6.906250,7.093750,6.906250,6.906250,4.837307,2158400
1998-09-09,6.906250,6.953125,6.812500,6.921875,4.848250,682400
1998-09-10,6.906250,7.671875,6.812500,7.562500,5.296958,1209200
1998-09-11,7.625000,8.218750,7.609375,7.984375,5.592452,1658000
1998-09-14,8.125000,8.406250,8.078125,8.093750,5.669058,831200
1998-09-15,8.046875,8.109375,7.984375,8.046875,5.636227,678400
1998-09-16,8.031250,8.187500,7.953125,8.187500,5.734722,300800
1998-09-17,8.156250,8.156250,7.906250,7.968750,5.581505,326000
1998-09-18,7.953125,7.968750,7.796875,7.968750,5.581505,328400
1998-09-21,7.906250,7.906250,7.781250,7.843750,5.493953,319600
1998-09-22,7.890625,7.984375,7.859375,7.859375,5.504898,220000
1998-09-23,7.984375,8.484375,7.984375,8.437500,5.909829,386400
1998-09-24,8.375000,8.375000,8.156250,8.156250,5.712834,2405600
1998-09-25,8.109375,8.125000,8.046875,8.078125,5.658115,1112000
1998-09-28,8.125000,8.203125,7.859375,8.203125,5.745670,1198800
1998-09-29,8.171875,8.250000,8.015625,8.125000,5.690948,1036800
1998-09-30,8.125000,8.125000,7.875000,7.968750,5.581505,1040800
1998-10-01,7.953125,8.062500,7.562500,7.625000,5.340734,1548000
1998-10-02,7.609375,7.687500,7.531250,7.609375,5.329792,1860800
1998-10-05,7.625000,7.875000,7.562500,7.593750,5.318848,3134000
1998-10-06,7.562500,7.703125,7.421875,7.703125,5.395454,1247200
1998-10-07,7.703125,7.703125,7.281250,7.343750,5.143740,1332400
1998-10-08,7.312500,7.312500,6.921875,7.125000,4.990521,812000
1998-10-09,7.109375,7.265625,7.031250,7.140625,5.001468,510000
1998-10-12,7.187500,7.390625,7.187500,7.328125,5.132797,484000
1998-10-13,7.328125,7.515625,7.328125,7.390625,5.176574,1018000
1998-10-14,7.375000,7.453125,7.250000,7.281250,5.099964,652000
1998-10-15,7.343750,7.359375,7.234375,7.359375,5.154684,331200
1998-10-16,7.359375,7.906250,7.359375,7.625000,5.340734,1858800
1998-10-19,7.609375,7.750000,7.609375,7.687500,5.384513,792000
1998-10-20,7.687500,7.953125,7.546875,7.593750,5.318848,954400
1998-10-21,7.593750,7.640625,7.421875,7.593750,5.318848,443600
1998-10-22,7.593750,7.843750,7.437500,7.812500,5.472067,1125600
1998-10-23,7.687500,7.781250,7.562500,7.765625,5.439231,1472000
1998-10-26,7.734375,8.703125,7.734375,8.343750,5.844164,2206000
1998-10-27,8.390625,8.859375,8.390625,8.437500,5.909829,1880800
1998-10-28,8.406250,8.406250,8.093750,8.265625,5.789444,1153600
1998-10-29,8.203125,8.281250,7.765625,7.906250,5.537729,961200
1998-10-30,7.921875,8.187500,7.921875,8.187500,5.734722,1379600
1998-11-02,8.187500,8.312500,8.125000,8.312500,5.822278,922400
1998-11-03,8.343750,8.406250,8.265625,8.390625,5.876997,745200
1998-11-04,8.328125,8.546875,8.046875,8.218750,5.756611,1255200
1998-11-05,8.218750,8.218750,7.984375,8.140625,5.729780,332800
1998-11-06,8.140625,8.171875,8.062500,8.156250,5.740774,444000
1998-11-09,8.125000,8.156250,7.968750,8.015625,5.641798,318000
1998-11-10,7.953125,7.968750,7.421875,7.421875,5.223886,826400
1998-11-11,7.468750,7.484375,6.953125,7.062500,4.970941,817200
1998-11-12,7.062500,7.250000,6.937500,7.203125,5.069917,1423200
1998-11-13,7.250000,7.343750,7.187500,7.250000,5.102911,998800
1998-11-16,7.250000,7.281250,7.046875,7.156250,5.036927,774000
1998-11-17,7.109375,7.109375,6.781250,6.921875,4.871962,468000
1998-11-18,6.937500,6.953125,6.765625,6.796875,4.783978,295600
1998-11-19,6.843750,6.859375,6.765625,6.859375,4.827971,466000
1998-11-20,6.828125,6.859375,6.750000,6.750000,4.750987,474000
1998-11-23,6.750000,6.828125,6.703125,6.765625,4.761983,782000
1998-11-24,6.828125,6.921875,6.781250,6.828125,4.805975,648400
1998-11-25,6.828125,6.828125,6.546875,6.625000,4.663004,893600
1998-11-27,6.562500,6.734375,6.562500,6.734375,4.739990,209600
1998-11-30,6.671875,6.671875,6.218750,6.328125,4.454049,797600
1998-12-01,6.328125,6.328125,5.921875,6.015625,4.234097,1022000
1998-12-02,6.062500,6.078125,5.906250,5.921875,4.168112,1223200
1998-12-03,5.796875,5.859375,5.578125,5.625000,3.959156,1000000
1998-12-04,5.656250,5.734375,5.484375,5.640625,3.970154,1464800
1998-12-07,5.750000,6.046875,5.750000,6.031250,4.245095,1253200
1998-12-08,6.093750,6.250000,5.812500,5.828125,4.102125,1707200
1998-12-09,5.812500,6.015625,5.812500,5.937500,4.179109,1471600
1998-12-10,5.984375,6.062500,5.921875,5.984375,4.212102,1286400
1998-12-11,5.984375,6.187500,5.953125,6.109375,4.300084,1762800
1998-12-14,6.062500,6.281250,6.046875,6.078125,4.278089,1690000
1998-12-15,6.109375,6.140625,5.750000,5.984375,4.212102,1089200
1998-12-16,5.968750,6.328125,5.968750,6.328125,4.454049,1525200
1998-12-17,6.375000,6.375000,5.906250,6.078125,4.278089,1492000
1998-12-18,6.031250,6.140625,5.968750,6.015625,4.234097,1014800
1998-12-21,6.031250,6.171875,6.000000,6.015625,4.234097,1303600
1998-12-22,6.031250,6.031250,5.875000,5.890625,4.146116,1358400
1998-12-23,5.953125,5.968750,5.656250,5.859375,4.124123,1887200
1998-12-24,5.843750,5.875000,5.750000,5.765625,4.058136,579600
1998-12-28,5.718750,5.921875,5.703125,5.906250,4.157113,1854800
1998-12-29,5.843750,5.843750,5.593750,5.671875,3.992148,2687200
1998-12-30,5.656250,5.718750,5.515625,5.671875,3.992148,1891200
1998-12-31,5.671875,6.187500,5.671875,6.156250,4.333076,1203200
1999-01-04,6.093750,6.359375,5.968750,6.015625,4.234097,1261200
1999-01-05,6.015625,6.031250,5.750000,5.828125,4.102125,1387600
1999-01-06,5.765625,6.296875,5.765625,6.218750,4.377065,1469600
1999-01-07,6.187500,6.281250,6.031250,6.250000,4.399060,1382800
1999-01-08,6.250000,6.406250,6.250000,6.390625,4.498041,1846000
1999-01-11,6.359375,6.562500,6.359375,6.500000,4.575024,1497200
1999-01-12,6.500000,6.593750,6.468750,6.484375,4.564026,2015200
1999-01-13,6.406250,6.406250,6.328125,6.328125,4.454049,1429600
1999-01-14,6.312500,6.359375,5.890625,5.953125,4.190108,612800
1999-01-15,5.937500,6.000000,5.906250,5.953125,4.190108,503200
1999-01-19,6.000000,6.000000,5.828125,5.890625,4.146116,1921600
1999-01-20,6.000000,6.046875,5.859375,5.859375,4.124123,827200
1999-01-21,5.875000,6.031250,5.843750,5.859375,4.124123,722400
1999-01-22,5.812500,5.937500,5.812500,5.890625,4.146116,820000
1999-01-25,5.906250,5.984375,5.718750,5.765625,4.058136,553200
1999-01-26,5.796875,5.796875,5.531250,5.625000,3.959156,1017600
1999-01-27,5.656250,5.656250,5.421875,5.421875,3.816186,1503600
1999-01-28,5.406250,5.500000,5.031250,5.062500,3.563240,1872000
1999-01-29,5.000000,5.000000,4.812500,4.921875,3.464262,11866800
1999-02-01,4.921875,5.062500,4.859375,5.015625,3.530246,1618000
1999-02-02,5.078125,5.234375,5.015625,5.234375,3.684213,1563600
1999-02-03,5.109375,5.296875,5.046875,5.265625,3.706209,2144000
1999-02-04,5.328125,5.421875,5.250000,5.328125,3.750201,1091200
1999-02-05,5.265625,5.593750,5.265625,5.531250,3.893170,923600
1999-02-08,5.593750,5.640625,5.468750,5.531250,3.893170,1266800
1999-02-09,5.484375,5.671875,5.437500,5.640625,3.970154,968800
1999-02-10,5.593750,5.671875,5.421875,5.421875,3.816186,793200
1999-02-11,5.421875,5.453125,5.359375,5.437500,3.855629,291200
1999-02-12,5.390625,5.531250,5.312500,5.515625,3.911026,755600
1999-02-16,5.375000,5.484375,5.359375,5.375000,3.811313,2010400
1999-02-17,5.390625,5.406250,5.328125,5.328125,3.778073,1288400
1999-02-18,5.296875,5.453125,5.296875,5.406250,3.833472,2384000
1999-02-19,5.421875,5.453125,5.328125,5.390625,3.822391,1381200
1999-02-22,5.437500,5.515625,5.437500,5.484375,3.888866,1648400
1999-02-23,5.484375,5.578125,5.468750,5.578125,3.955344,1819200
1999-02-24,5.625000,5.656250,5.562500,5.593750,3.966423,1858400
1999-02-25,5.718750,5.750000,5.593750,5.687500,4.032900,3717600
1999-02-26,5.703125,5.734375,5.625000,5.656250,4.010740,1339200
1999-03-01,5.656250,5.687500,5.609375,5.640625,3.999660,700400
1999-03-02,5.593750,5.625000,5.593750,5.593750,3.966423,782400
1999-03-03,5.609375,5.890625,5.546875,5.890625,4.176933,1413200
1999-03-04,5.953125,6.062500,5.796875,5.953125,4.221251,557600
1999-03-05,5.953125,6.281250,5.953125,6.234375,4.420673,1734000
1999-03-08,6.375000,6.750000,6.375000,6.625000,4.697662,1836000
1999-03-09,6.609375,6.609375,6.218750,6.343750,4.498235,1169600
1999-03-10,6.625000,6.859375,6.562500,6.750000,4.786297,1836400
1999-03-11,6.640625,7.093750,6.640625,6.875000,4.874933,2874000
1999-03-12,7.250000,7.250000,6.875000,6.875000,4.874933,1456400
1999-03-15,6.875000,6.875000,6.703125,6.734375,4.775218,1224000
1999-03-16,6.703125,6.734375,6.578125,6.593750,4.675505,571600
1999-03-17,6.531250,6.890625,6.531250,6.781250,4.808458,980400
1999-03-18,6.906250,7.031250,6.734375,6.796875,4.819535,726800
1999-03-19,6.656250,6.843750,6.640625,6.828125,4.841693,1066800
1999-03-22,6.718750,6.890625,6.671875,6.718750,4.764137,859200
1999-03-23,6.734375,7.187500,6.734375,6.875000,4.874933,2080000
1999-03-24,6.937500,7.062500,6.906250,6.953125,4.930331,1116800
1999-03-25,6.937500,7.000000,6.718750,6.890625,4.886013,1557600
1999-03-26,6.890625,7.343750,6.890625,7.343750,5.207314,839600
1999-03-29,7.578125,7.859375,7.562500,7.671875,5.439981,3140800
1999-03-30,7.640625,7.640625,7.265625,7.453125,5.284871,1252800
1999-03-31,7.500000,7.500000,7.109375,7.250000,5.140837,2298400
1999-04-01,7.218750,7.234375,7.000000,7.203125,5.107600,412800
1999-04-05,7.265625,7.390625,7.156250,7.296875,5.174078,1208800
1999-04-06,7.250000,7.343750,7.171875,7.296875,5.174078,1021600
1999-04-07,7.250000,7.250000,6.953125,6.968750,4.941410,1580800
1999-04-08,7.000000,7.031250,6.890625,7.015625,4.974649,1137600
1999-04-09,6.984375,7.312500,6.843750,7.312500,5.185155,1256800
1999-04-12,7.281250,7.421875,7.140625,7.265625,5.151920,558000
1999-04-13,7.234375,7.390625,7.156250,7.203125,5.107600,348000
1999-04-14,7.109375,7.125000,6.921875,6.937500,4.919250,550000
1999-04-15,6.968750,7.296875,6.937500,7.265625,5.151920,1018000
1999-04-16,7.437500,8.046875,7.421875,7.937500,5.628332,1686400
1999-04-19,7.937500,8.750000,7.921875,8.250000,5.849919,2833600
1999-04-20,8.187500,8.187500,7.765625,7.812500,5.539695,927200
1999-04-21,7.812500,8.140625,7.812500,7.906250,5.606173,1158000
1999-04-22,7.875000,8.000000,7.765625,8.000000,5.672650,736000
1999-04-23,7.953125,8.015625,7.890625,7.890625,5.595093,479200
1999-04-26,7.890625,7.906250,7.546875,7.718750,5.473219,691200
1999-04-27,7.609375,8.281250,7.562500,7.968750,5.650490,1453600
1999-04-28,7.937500,8.125000,7.906250,7.968750,5.650490,1411200
1999-04-29,8.000000,8.218750,7.968750,8.125000,5.761283,2508400
1999-04-30,8.062500,8.093750,7.765625,8.015625,5.683730,1204000
1999-05-03,7.953125,8.250000,7.953125,8.203125,5.816680,2973200
1999-05-04,8.187500,8.234375,8.062500,8.078125,5.728044,1415200
1999-05-05,8.109375,8.109375,7.453125,7.671875,5.439981,909600
1999-05-06,7.687500,7.734375,7.562500,7.609375,5.423943,618400
1999-05-07,7.593750,7.656250,7.406250,7.406250,5.279158,523600
1999-05-10,7.453125,7.546875,7.312500,7.484375,5.334845,791600
1999-05-11,7.531250,7.562500,7.390625,7.421875,5.290295,848400
1999-05-12,7.406250,7.421875,7.171875,7.171875,5.112093,636400
1999-05-13,7.187500,7.578125,7.187500,7.484375,5.334845,688400
1999-05-14,7.421875,7.500000,7.328125,7.343750,5.234606,442000
1999-05-17,7.359375,7.359375,7.046875,7.046875,5.022994,814000
1999-05-18,7.093750,7.203125,7.031250,7.046875,5.022994,853200
1999-05-19,7.078125,7.187500,7.031250,7.078125,5.045271,448800
1999-05-20,7.062500,7.140625,7.046875,7.046875,5.022994,266000
1999-05-21,7.046875,7.312500,7.046875,7.281250,5.190058,322800
1999-05-24,7.156250,7.296875,6.937500,6.984375,4.978444,670000
1999-05-25,6.953125,7.000000,6.812500,6.843750,4.878207,656000
1999-05-26,6.812500,6.921875,6.718750,6.718750,4.789108,893200
1999-05-27,6.734375,6.734375,6.390625,6.546875,4.666596,1528800
1999-05-28,6.578125,6.750000,6.578125,6.625000,4.722282,1031200
1999-06-01,6.562500,6.562500,6.218750,6.328125,4.510672,834400
1999-06-02,6.296875,6.625000,6.296875,6.531250,4.655458,1168400
1999-06-03,6.640625,6.796875,6.640625,6.703125,4.777971,712400
1999-06-04,6.734375,7.125000,6.734375,6.953125,4.956170,1564000
1999-06-07,6.921875,7.203125,6.921875,7.156250,5.100956,1179600
1999-06-08,7.171875,7.171875,6.968750,7.000000,4.989582,877200
1999-06-09,7.000000,7.078125,6.984375,7.031250,5.011859,723200
1999-06-10,7.062500,7.062500,6.953125,7.015625,5.000719,732800
1999-06-11,6.984375,7.062500,6.921875,7.000000,4.989582,372400
1999-06-14,7.062500,7.093750,6.921875,7.000000,4.989582,649200
1999-06-15,6.968750,7.046875,6.906250,6.968750,4.967309,517600
1999-06-16,6.968750,6.984375,6.812500,6.859375,4.889347,652800
1999-06-17,6.875000,7.000000,6.765625,7.000000,4.989582,528400
1999-06-18,6.937500,6.984375,6.828125,6.921875,4.933896,624800
1999-06-21,6.921875,6.921875,6.750000,6.812500,4.855933,1438000
1999-06-22,6.781250,6.843750,6.703125,6.703125,4.777971,978400
1999-06-23,6.687500,7.000000,6.687500,7.000000,4.989582,1831200
1999-06-24,6.984375,7.140625,6.875000,6.875000,4.900484,923200
1999-06-25,6.812500,6.937500,6.812500,6.890625,4.911622,576400
1999-06-28,6.843750,6.906250,6.734375,6.734375,4.800245,659200
1999-06-29,6.750000,6.890625,6.750000,6.890625,4.911622,664400
1999-06-30,6.859375,7.156250,6.859375,7.046875,5.022994,990000
1999-07-01,7.015625,7.093750,6.875000,6.875000,4.900484,848800
1999-07-02,6.890625,6.906250,6.812500,6.859375,4.889347,948800
1999-07-06,7.062500,7.312500,7.062500,7.171875,5.112093,794000
1999-07-07,7.125000,7.250000,6.937500,7.000000,4.989582,468000
1999-07-08,7.062500,7.312500,7.062500,7.203125,5.134370,452400
1999-07-09,7.203125,7.234375,7.187500,7.203125,5.134370,469600
1999-07-12,7.156250,7.328125,7.140625,7.234375,5.156646,576800
1999-07-13,7.234375,7.250000,7.062500,7.109375,5.067544,312400
1999-07-14,7.109375,7.375000,7.109375,7.343750,5.234606,878400
1999-07-15,7.343750,7.546875,7.343750,7.515625,5.357120,867600
1999-07-16,7.578125,7.593750,7.500000,7.515625,5.357120,363200
1999-07-19,7.515625,7.546875,7.156250,7.187500,5.123232,558400
1999-07-20,7.218750,7.343750,7.078125,7.125000,5.078684,327600
1999-07-21,7.171875,7.171875,6.812500,7.015625,5.000719,840800
1999-07-22,7.015625,7.015625,6.781250,7.000000,4.989582,663200
1999-07-23,6.984375,7.250000,6.984375,7.187500,5.123232,513200
1999-07-26,7.156250,7.265625,7.000000,7.031250,5.011859,468000
1999-07-27,7.062500,7.093750,6.890625,6.937500,4.945032,820800
1999-07-28,6.906250,7.109375,6.906250,7.015625,5.000719,411600
1999-07-29,6.921875,7.390625,6.921875,7.390625,5.268018,1121200
1999-07-30,7.390625,7.578125,7.265625,7.312500,5.212331,1847600
1999-08-02,7.328125,7.328125,7.109375,7.234375,5.156646,709600
1999-08-03,7.203125,7.375000,7.203125,7.328125,5.223468,452400
1999-08-04,7.328125,7.468750,7.250000,7.265625,5.178920,837600
1999-08-05,7.281250,7.437500,7.281250,7.437500,5.330778,1357600
1999-08-06,7.437500,7.656250,7.437500,7.625000,5.465168,1155600
1999-08-09,7.609375,8.062500,7.593750,7.968750,5.711550,1924400
1999-08-10,7.968750,7.968750,7.625000,7.718750,5.532364,956000
1999-08-11,7.687500,7.812500,7.640625,7.812500,5.599558,1206800
1999-08-12,7.859375,7.921875,7.765625,7.796875,5.588357,494000
1999-08-13,7.750000,7.765625,7.625000,7.734375,5.543561,634000
1999-08-16,7.750000,7.750000,7.640625,7.687500,5.509965,1207600
1999-08-17,7.687500,7.703125,7.625000,7.671875,5.498765,628400
1999-08-18,7.671875,7.718750,7.609375,7.625000,5.465168,726400
1999-08-19,7.609375,7.890625,7.578125,7.718750,5.532364,1204400
1999-08-20,7.718750,7.890625,7.656250,7.875000,5.644355,678000
1999-08-23,7.890625,7.953125,7.828125,7.906250,5.666754,543200
1999-08-24,7.875000,7.937500,7.656250,7.687500,5.509965,566800
1999-08-25,7.734375,7.750000,7.437500,7.484375,5.364377,934000
1999-08-26,7.484375,7.531250,7.218750,7.515625,5.386774,1217600
1999-08-27,7.453125,7.500000,7.375000,7.421875,5.319581,267200
1999-08-30,7.359375,7.500000,7.265625,7.359375,5.274783,286400
1999-08-31,7.359375,7.812500,7.359375,7.750000,5.554762,933600
1999-09-01,7.781250,7.828125,7.718750,7.781250,5.577162,466800
1999-09-02,7.765625,7.765625,7.593750,7.656250,5.487568,470400
1999-09-03,7.625000,7.750000,7.500000,7.578125,5.431573,191600
1999-09-07,7.562500,7.953125,7.562500,7.875000,5.644355,1010800
1999-09-08,7.875000,8.000000,7.812500,7.859375,5.633157,644400
1999-09-09,8.000000,8.156250,8.000000,8.140625,5.834739,1457600
1999-09-10,8.203125,8.468750,8.203125,8.437500,6.047522,2019200
1999-09-13,8.453125,8.453125,8.265625,8.265625,5.924331,838800
1999-09-14,8.203125,8.265625,8.109375,8.125000,5.823539,337200
1999-09-15,8.093750,8.125000,7.968750,7.968750,5.711550,446000
1999-09-16,7.984375,7.984375,7.906250,7.906250,5.666754,276400
1999-09-17,7.875000,7.937500,7.812500,7.875000,5.644355,483600
1999-09-20,7.843750,7.859375,7.500000,7.562500,5.420372,775600
1999-09-21,7.468750,7.484375,7.078125,7.203125,5.162794,795200
1999-09-22,7.250000,7.312500,7.187500,7.203125,5.162794,1365600
1999-09-23,7.250000,7.328125,7.093750,7.140625,5.117995,970800
1999-09-24,7.109375,7.187500,6.984375,7.078125,5.073199,532800
1999-09-27,7.062500,7.312500,7.062500,7.296875,5.229989,586400
1999-09-28,7.296875,7.296875,6.750000,6.921875,4.961208,671600
1999-09-29,7.031250,7.484375,7.031250,7.406250,5.308382,656400
1999-09-30,7.406250,7.406250,7.140625,7.250000,5.196393,961600
1999-10-01,7.296875,7.296875,7.156250,7.281250,5.218787,565200
1999-10-04,7.250000,7.250000,6.796875,6.796875,4.871615,1012000
1999-10-05,6.828125,6.828125,6.562500,6.578125,4.714829,1617600
1999-10-06,6.593750,6.609375,6.375000,6.484375,4.647636,1364800
1999-10-07,6.531250,6.531250,6.312500,6.421875,4.602837,983200
1999-10-08,6.359375,6.359375,6.078125,6.171875,4.423651,1690800
1999-10-11,6.234375,6.468750,6.234375,6.453125,4.625236,1532000
1999-10-12,6.500000,6.609375,6.468750,6.531250,4.681231,1647200
1999-10-13,6.562500,6.718750,6.546875,6.546875,4.692429,1808400
1999-10-14,6.562500,6.593750,6.359375,6.484375,4.647636,1058000
1999-10-15,6.484375,6.531250,6.281250,6.453125,4.625236,826800
1999-10-18,6.421875,6.453125,6.187500,6.218750,4.457248,420400
1999-10-19,6.281250,6.578125,6.234375,6.406250,4.591638,1828800
1999-10-20,6.406250,6.562500,6.390625,6.421875,4.602837,1443600
1999-10-21,6.484375,6.593750,6.390625,6.406250,4.591638,993200
1999-10-22,6.468750,6.671875,6.453125,6.453125,4.625236,654400
1999-10-25,6.500000,6.562500,6.437500,6.546875,4.692429,1145200
1999-10-26,6.531250,6.578125,6.437500,6.468750,4.636434,560800
1999-10-27,6.468750,6.515625,6.343750,6.343750,4.546841,606800
1999-10-28,6.296875,6.406250,6.125000,6.125000,4.390054,724800
1999-10-29,6.062500,6.453125,6.062500,6.328125,4.535643,1313200
1999-11-01,6.296875,6.437500,6.265625,6.359375,4.558042,511200
1999-11-02,6.421875,6.421875,6.250000,6.250000,4.479648,903200
1999-11-03,6.281250,6.281250,6.187500,6.218750,4.457248,750000
1999-11-04,6.234375,6.265625,5.968750,6.015625,4.339572,1014000
1999-11-05,6.015625,6.109375,5.671875,5.750000,4.147957,1591600
1999-11-08,5.812500,6.125000,5.781250,5.968750,4.305758,1488800
1999-11-09,5.953125,6.171875,5.953125,6.062500,4.373388,819200
1999-11-10,6.093750,6.312500,6.093750,6.218750,4.486103,564800
1999-11-11,6.218750,6.218750,6.046875,6.109375,4.407203,642800
1999-11-12,6.078125,6.265625,5.953125,6.203125,4.474833,818000
1999-11-15,6.171875,6.312500,6.171875,6.203125,4.474833,1349200
1999-11-16,6.265625,6.343750,6.187500,6.187500,4.463561,1795600
1999-11-17,6.156250,6.500000,6.156250,6.390625,4.610091,3644800
1999-11-18,6.453125,6.453125,6.250000,6.281250,4.531191,2357200
1999-11-19,6.343750,6.343750,6.125000,6.140625,4.429747,1378800
1999-11-22,6.156250,6.218750,6.062500,6.078125,4.384662,1140400
1999-11-23,6.031250,6.062500,5.640625,5.718750,4.125412,2502400
1999-11-24,5.687500,5.828125,5.687500,5.781250,4.170499,1706400
1999-11-26,5.843750,5.859375,5.609375,5.625000,4.057782,342800
1999-11-29,5.468750,5.531250,5.421875,5.468750,3.945066,1392800
1999-11-30,5.500000,5.609375,5.468750,5.500000,3.967610,1146000
1999-12-01,5.500000,5.546875,5.390625,5.531250,3.990153,1226000
1999-12-02,5.500000,5.515625,5.312500,5.437500,3.922525,1415200
1999-12-03,5.468750,5.484375,5.281250,5.328125,3.843622,679600
1999-12-06,5.328125,5.328125,5.015625,5.125000,3.697091,1482800
1999-12-07,5.125000,5.140625,4.921875,5.015625,3.618190,1208000
1999-12-08,5.000000,5.140625,4.781250,5.125000,3.697091,2926400
1999-12-09,5.171875,5.265625,4.875000,5.015625,3.618190,2304800
1999-12-10,5.015625,5.015625,4.828125,4.937500,3.561830,1064000
1999-12-13,5.015625,5.328125,4.890625,5.250000,3.787264,3350800
1999-12-14,5.250000,5.390625,5.203125,5.390625,3.888710,2370400
1999-12-15,5.406250,5.625000,5.328125,5.406250,3.899980,1214800
1999-12-16,5.406250,5.625000,5.406250,5.531250,3.990153,2232400
1999-12-17,5.468750,5.484375,5.312500,5.343750,3.854894,795600
1999-12-20,5.343750,5.343750,5.171875,5.203125,3.753448,832800
1999-12-21,5.140625,5.312500,5.140625,5.312500,3.832350,1052000
1999-12-22,5.265625,5.281250,5.078125,5.109375,3.685820,618000
1999-12-23,5.046875,5.359375,5.031250,5.281250,3.809807,1375600
1999-12-27,5.328125,5.375000,5.250000,5.328125,3.843622,1870400
1999-12-28,5.312500,5.375000,5.281250,5.328125,3.843622,754400
1999-12-29,5.312500,5.453125,5.296875,5.406250,3.899980,1719200
1999-12-30,5.406250,5.406250,5.218750,5.328125,3.843622,1946000
1999-12-31,5.281250,5.375000,5.156250,5.359375,3.866166,608800
2000-01-03,5.359375,5.359375,5.015625,5.062500,3.652006,839600
2000-01-04,5.046875,5.046875,4.843750,4.890625,3.528016,911200
2000-01-05,4.843750,5.015625,4.828125,4.843750,3.494201,1540000
2000-01-06,4.812500,5.265625,4.796875,5.125000,3.697091,2677200
2000-01-07,5.171875,5.281250,5.156250,5.203125,3.753448,1256800
2000-01-10,5.218750,5.218750,5.000000,5.031250,3.629461,1205200
2000-01-11,5.015625,5.187500,5.015625,5.125000,3.697091,677600
2000-01-12,5.125000,5.140625,5.046875,5.078125,3.663275,589600
2000-01-13,5.093750,5.156250,5.062500,5.140625,3.708364,1234400
2000-01-14,5.078125,5.093750,4.859375,4.984375,3.595646,1082800
2000-01-18,5.046875,5.562500,5.046875,5.468750,3.945066,4741600
2000-01-19,5.406250,5.546875,5.343750,5.515625,3.978882,2240800
2000-01-20,5.531250,5.546875,5.453125,5.500000,3.967610,2066400
2000-01-21,5.593750,5.796875,5.593750,5.609375,4.046510,1889200
2000-01-24,5.671875,5.812500,5.359375,5.359375,3.866166,964400
2000-01-25,5.359375,5.421875,5.187500,5.250000,3.787264,1358800
2000-01-26,5.312500,5.375000,5.187500,5.187500,3.742179,1199200
2000-01-27,5.187500,5.234375,5.031250,5.125000,3.697091,1587600
2000-01-28,5.078125,5.171875,4.984375,5.000000,3.606918,1055200
2000-01-31,5.046875,5.187500,5.000000,5.015625,3.618190,1082800
2000-02-01,5.062500,5.359375,5.015625,5.328125,3.843622,2078400
2000-02-02,5.312500,5.593750,5.281250,5.281250,3.809807,2538000
2000-02-03,5.375000,5.656250,5.375000,5.546875,4.001424,2930800
2000-02-04,5.500000,5.750000,5.359375,5.359375,3.866166,1830800
2000-02-07,5.359375,5.656250,5.359375,5.578125,4.023968,1367600
2000-02-08,5.593750,5.671875,5.343750,5.359375,3.866166,1909200
2000-02-09,5.343750,5.406250,5.156250,5.156250,3.719634,1239600
2000-02-10,5.156250,5.531250,5.140625,5.515625,3.978882,1200000
2000-02-11,5.515625,5.609375,5.343750,5.343750,3.883054,1179200
2000-02-14,5.390625,5.515625,5.375000,5.406250,3.928470,738800
2000-02-15,5.437500,5.750000,5.437500,5.687500,4.132841,1274400
2000-02-16,5.656250,5.687500,5.593750,5.656250,4.110135,1619600
2000-02-17,5.703125,5.859375,5.578125,5.734375,4.166903,2508400
2000-02-18,5.703125,5.750000,5.437500,5.546875,4.030655,1489200
2000-02-22,5.546875,5.593750,5.359375,5.437500,3.951179,810000
2000-02-23,5.421875,5.484375,5.203125,5.296875,3.848993,1131200
2000-02-24,5.265625,5.296875,5.203125,5.234375,3.803576,2065200
2000-02-25,5.187500,5.187500,5.093750,5.156250,3.746806,762400
2000-02-28,5.312500,5.593750,5.296875,5.375000,3.905762,1988800
2000-02-29,5.421875,5.703125,5.421875,5.625000,4.087424,1389600
2000-03-01,5.687500,6.093750,5.570313,5.937500,4.314507,2625600
2000-03-02,6.156250,6.750000,6.109375,6.546875,4.757307,2502400
2000-03-03,6.562500,6.593750,6.187500,6.390625,4.643769,1413200
2000-03-06,6.328125,6.500000,6.312500,6.375000,4.632415,961600
2000-03-07,6.437500,7.328125,6.437500,7.250000,5.268238,3309200
2000-03-08,7.156250,7.421875,6.984375,7.203125,5.234175,3350000
2000-03-09,7.343750,7.500000,7.062500,7.125000,5.177405,2909600
2000-03-10,7.062500,7.265625,6.828125,6.843750,4.973035,1709600
2000-03-13,6.843750,7.078125,6.734375,6.765625,4.916264,914400
2000-03-14,6.750000,6.937500,6.500000,6.890625,5.007096,2443600
2000-03-15,6.859375,6.890625,6.640625,6.828125,4.961679,1425200
2000-03-16,6.796875,7.203125,6.796875,7.140625,5.188758,1804400
2000-03-17,7.140625,7.140625,6.859375,7.015625,5.097925,950400
2000-03-20,7.046875,7.125000,6.875000,7.125000,5.177405,1879600
2000-03-21,7.031250,7.281250,6.953125,7.031250,5.109282,1110400
2000-03-22,7.062500,7.125000,6.921875,7.000000,5.086573,1442000
2000-03-23,7.000000,7.000000,6.796875,7.000000,5.086573,1048000
2000-03-24,6.968750,7.359375,6.968750,7.203125,5.234175,2346800
2000-03-27,7.171875,7.171875,6.906250,7.093750,5.154696,1426800
2000-03-28,7.031250,7.234375,7.031250,7.109375,5.166050,1809200
2000-03-29,7.046875,7.640625,7.046875,7.578125,5.506671,3785200
2000-03-30,7.546875,8.156250,7.546875,8.031250,5.835933,3845200
2000-03-31,8.125000,8.406250,8.078125,8.203125,5.960827,4690800
2000-04-03,8.203125,8.562500,8.156250,8.437500,6.131136,1836800
2000-04-04,8.500000,8.718750,7.968750,7.984375,5.801872,1832800
2000-04-05,7.953125,8.062500,7.640625,7.781250,5.654272,1784000
2000-04-06,7.750000,7.859375,7.703125,7.843750,5.699686,1971600
2000-04-07,7.843750,7.906250,7.609375,7.640625,5.552084,1695600
2000-04-10,7.640625,7.656250,7.343750,7.406250,5.381777,1784000
2000-04-11,7.343750,7.531250,7.281250,7.500000,5.449899,2804400
2000-04-12,7.687500,8.093750,7.640625,7.984375,5.801872,2288800
2000-04-13,7.875000,8.109375,7.875000,7.968750,5.790520,3719200
2000-04-14,7.937500,8.109375,7.781250,7.906250,5.745103,1594000
2000-04-17,7.687500,7.796875,7.531250,7.593750,5.518023,1370800
2000-04-18,7.531250,7.984375,7.531250,7.953125,5.779165,2260000
2000-04-19,7.921875,8.343750,7.875000,8.343750,6.063014,2570400
2000-04-20,8.343750,8.406250,8.187500,8.390625,6.097075,992000
2000-04-24,8.390625,8.812500,8.390625,8.812500,6.403631,2050000
2000-04-25,8.828125,9.140625,8.828125,8.968750,6.517174,2248400
2000-04-26,8.968750,8.984375,8.593750,8.656250,6.290092,1874800
2000-04-27,8.671875,9.031250,8.671875,8.906250,6.471755,1781200
2000-04-28,8.968750,9.125000,8.968750,9.015625,6.551234,1614000
2000-05-01,9.078125,9.875000,9.078125,9.765625,7.096223,4446800
2000-05-02,9.765625,9.953125,9.687500,9.890625,7.187053,1914000
2000-05-03,9.953125,9.968750,9.109375,9.312500,6.766960,2758800
2000-05-04,9.296875,9.906250,9.171875,9.859375,7.195255,2299200
2000-05-05,9.921875,9.968750,9.609375,9.734375,7.104030,2117200
2000-05-08,9.671875,9.984375,9.546875,9.718750,7.092625,3163600
2000-05-09,9.750000,9.906250,9.562500,9.859375,7.195255,1344400
2000-05-10,9.796875,9.937500,9.640625,9.921875,7.240865,1255200
2000-05-11,9.937500,10.500000,9.937500,10.468750,7.639967,2169600
2000-05-12,10.468750,10.593750,9.843750,10.390625,7.582952,2562800
2000-05-15,10.265625,10.281250,9.937500,10.000000,7.297880,3549600
2000-05-16,10.109375,10.109375,9.718750,9.906250,7.229461,2456000
2000-05-17,9.828125,10.140625,9.781250,10.109375,7.377699,1746400
2000-05-18,10.125000,10.234375,10.000000,10.046875,7.332089,1200400
2000-05-19,9.750000,9.875000,9.750000,9.875000,7.206655,1418000
2000-05-22,9.937500,10.046875,9.609375,9.687500,7.069821,1150000
2000-05-23,9.687500,9.984375,9.671875,9.671875,7.058420,1262000
2000-05-24,9.718750,9.718750,9.390625,9.468750,6.910179,1217600
2000-05-25,9.515625,9.531250,9.296875,9.421875,6.875972,809200
2000-05-26,9.468750,9.625000,9.375000,9.437500,6.887373,1418000
2000-05-30,9.468750,9.562500,9.453125,9.531250,6.955792,898000
2000-05-31,9.484375,9.828125,9.484375,9.828125,7.172447,3809200
2000-06-01,9.875000,9.890625,9.375000,9.609375,7.012807,1850800
2000-06-02,9.687500,9.906250,9.328125,9.343750,6.818955,2393600
2000-06-05,9.406250,9.562500,8.937500,9.062500,6.613701,3882000
2000-06-06,9.109375,9.468750,9.078125,9.343750,6.818955,2335200
2000-06-07,9.406250,9.421875,8.906250,9.406250,6.864569,2356800
2000-06-08,9.343750,9.703125,9.343750,9.484375,6.921584,1531600
2000-06-09,9.500000,9.578125,9.359375,9.484375,6.921584,946000
2000-06-12,9.484375,9.765625,9.484375,9.656250,7.047019,978000
2000-06-13,9.718750,9.750000,9.437500,9.453125,6.898775,1649200
2000-06-14,9.515625,9.750000,9.437500,9.468750,6.910179,1652800
2000-06-15,9.468750,9.750000,9.125000,9.187500,6.704927,2754400
2000-06-16,9.093750,9.781250,9.093750,9.687500,7.069821,2146000
2000-06-19,9.687500,9.781250,9.250000,9.296875,6.784749,1489200
2000-06-20,9.296875,9.578125,9.281250,9.484375,6.921584,1453200
2000-06-21,9.546875,9.765625,9.343750,9.734375,7.104030,1815600
2000-06-22,9.750000,9.906250,9.296875,9.437500,6.887373,1933200
2000-06-23,9.468750,9.843750,9.468750,9.671875,7.058420,1593600
2000-06-26,9.703125,9.765625,9.500000,9.515625,6.944387,2212800
2000-06-27,9.562500,9.703125,9.328125,9.609375,7.012807,1529600
2000-06-28,9.515625,9.546875,9.203125,9.421875,6.875972,1910400
2000-06-29,9.484375,9.859375,9.421875,9.812500,7.161042,1448800
2000-06-30,9.781250,9.812500,9.250000,9.312500,6.796152,2309200
2000-07-03,9.312500,9.562500,9.312500,9.468750,6.910179,529600
2000-07-05,9.437500,9.437500,8.468750,8.468750,6.180392,2268400
2000-07-06,8.531250,8.937500,8.531250,8.609375,6.283017,4249600
2000-07-07,8.578125,8.718750,8.453125,8.656250,6.317226,1268800
2000-07-10,8.593750,8.875000,8.500000,8.578125,6.260213,1055600
2000-07-11,8.578125,8.968750,8.578125,8.937500,6.522480,2426000
2000-07-12,8.921875,9.000000,8.687500,8.812500,6.431255,2626000
2000-07-13,8.781250,8.796875,8.500000,8.578125,6.260213,1059600
2000-07-14,8.640625,8.656250,8.406250,8.468750,6.180392,1207600
2000-07-17,8.531250,8.750000,8.531250,8.656250,6.317226,1871600
2000-07-18,8.671875,8.937500,8.671875,8.890625,6.488271,1566400
2000-07-19,8.890625,8.953125,8.750000,8.765625,6.397048,1011600
2000-07-20,8.765625,8.781250,8.328125,8.406250,6.134780,1576400
2000-07-21,8.437500,8.453125,8.031250,8.093750,5.906722,1262400
2000-07-24,8.062500,8.093750,7.703125,7.718750,5.633051,1738000
2000-07-25,7.734375,7.890625,7.312500,7.312500,5.336574,2400800
2000-07-26,7.312500,7.453125,7.218750,7.406250,5.404993,6772400
2000-07-27,7.484375,7.656250,7.453125,7.546875,5.507618,4495200
2000-07-28,7.562500,7.625000,7.437500,7.593750,5.541826,3338000
2000-07-31,7.578125,7.625000,7.390625,7.500000,5.473409,1614400
2000-08-01,7.453125,7.812500,7.437500,7.781250,5.678664,1423200
2000-08-02,7.765625,8.062500,7.765625,7.984375,5.826900,2142400
2000-08-03,7.906250,8.125000,7.500000,7.515625,5.512427,1685200
2000-08-04,7.578125,7.718750,7.406250,7.625000,5.592649,1264400
2000-08-07,7.687500,7.890625,7.671875,7.765625,5.695793,1671200
2000-08-08,7.640625,7.953125,7.640625,7.781250,5.707256,1000000
2000-08-09,7.875000,8.187500,7.875000,8.109375,5.947922,1758800
2000-08-10,8.203125,8.359375,8.140625,8.328125,6.108368,1058800
2000-08-11,8.328125,8.375000,8.281250,8.312500,6.096907,1610800
2000-08-14,8.296875,9.000000,8.296875,8.867188,6.503747,2679200
2000-08-15,8.890625,9.109375,8.789063,8.789063,6.446448,2820400
2000-08-16,8.812500,9.062500,8.781250,9.062500,6.647002,1416000
2000-08-17,9.156250,9.390625,9.156250,9.351563,6.859021,1751200
2000-08-18,9.375000,9.406250,8.968750,9.078125,6.658462,1295600
2000-08-21,9.078125,9.265625,9.015625,9.062500,6.647002,1512800
2000-08-22,9.062500,9.171875,8.921875,8.968750,6.578242,1426000
2000-08-23,9.062500,9.437500,9.062500,9.414063,6.904862,974000
2000-08-24,9.437500,9.437500,9.187500,9.210938,6.755877,809600
2000-08-25,9.218750,9.562500,9.203125,9.546875,7.002277,896000
2000-08-28,9.515625,9.656250,9.468750,9.476563,6.950704,1016000
2000-08-29,9.468750,9.734375,9.468750,9.507813,6.973625,961200
2000-08-30,9.531250,9.640625,9.484375,9.609375,7.048117,1649200
2000-08-31,9.609375,9.781250,9.609375,9.687500,7.105417,1562000
2000-09-01,9.703125,9.859375,9.703125,9.835938,7.214292,984000
2000-09-05,9.875000,9.921875,9.703125,9.828125,7.208560,1347200
2000-09-06,9.781250,10.343750,9.781250,10.328125,7.575294,3726800
2000-09-07,10.375000,10.375000,10.140625,10.250000,7.517989,2186800
2000-09-08,10.265625,10.265625,9.984375,10.046875,7.369006,990800
2000-09-11,10.000000,10.328125,10.000000,10.171875,7.460689,1412800
2000-09-12,10.203125,10.281250,10.062500,10.125000,7.426311,580800
2000-09-13,10.171875,10.171875,9.703125,9.750000,7.151258,1129600
2000-09-14,9.765625,9.859375,9.609375,9.734375,7.139799,1633200
2000-09-15,9.703125,10.156250,9.703125,10.000000,7.334625,1570000
2000-09-18,10.046875,10.203125,9.828125,9.859375,7.231483,1002800
2000-09-19,9.859375,9.937500,9.453125,9.546875,7.002277,1570000
2000-09-20,9.562500,9.953125,9.562500,9.562500,7.013734,1386400
2000-09-21,9.468750,9.500000,9.140625,9.140625,6.704304,766800
2000-09-22,9.078125,9.375000,9.015625,9.203125,6.750149,2491200
2000-09-25,9.218750,9.218750,8.781250,9.125000,6.692846,1616800
2000-09-26,9.171875,9.390625,9.171875,9.367188,6.870482,1317200
2000-09-27,9.390625,9.484375,9.171875,9.343750,6.853289,2379200
2000-09-28,9.343750,9.343750,9.140625,9.187500,6.738687,1148000
2000-09-29,9.156250,9.531250,9.156250,9.281250,6.807449,2979600
2000-10-02,9.343750,9.531250,9.218750,9.468750,6.944972,1179600
2000-10-03,9.406250,9.484375,9.359375,9.406250,6.899132,1130400
2000-10-04,9.437500,9.437500,9.031250,9.140625,6.704304,1326000
2000-10-05,9.140625,9.140625,8.953125,9.015625,6.612623,1682800
2000-10-06,9.046875,9.375000,9.015625,9.031250,6.624084,1429600
2000-10-09,9.062500,9.234375,8.953125,9.046875,6.635544,764400
2000-10-10,9.109375,9.656250,9.109375,9.640625,7.071034,2260400
2000-10-11,9.750000,10.046875,9.750000,9.984375,7.323168,1720000
2000-10-12,10.000000,10.546875,10.000000,10.500000,7.701355,2376800
2000-10-13,10.484375,10.484375,10.109375,10.203125,7.483611,6105600
2000-10-16,10.156250,10.250000,10.078125,10.140625,7.437768,2530000
2000-10-17,10.140625,10.453125,10.140625,10.359375,7.598213,2245600
2000-10-18,10.484375,10.703125,10.390625,10.421875,7.644054,1975600
2000-10-19,10.312500,10.578125,10.312500,10.375000,7.609676,1773600
2000-10-20,10.437500,10.593750,10.359375,10.562500,7.747197,1505200
2000-10-23,10.609375,10.718750,10.343750,10.484375,7.689896,1228000
2000-10-24,10.468750,10.515625,9.843750,9.843750,7.220020,1368000
2000-10-25,9.875000,9.890625,9.156250,9.187500,6.738687,2340400
2000-10-26,9.312500,9.515625,9.281250,9.328125,6.841833,1745200
2000-10-27,9.281250,9.281250,8.671875,8.875000,6.509480,2716800
2000-10-30,8.781250,9.140625,8.781250,9.125000,6.692846,1698800
2000-10-31,9.156250,9.250000,9.015625,9.171875,6.727226,1121600
2000-11-01,9.250000,9.734375,9.250000,9.609375,7.048117,1604400
2000-11-02,9.625000,9.625000,9.171875,9.250000,6.812889,1360800
2000-11-03,9.125000,9.406250,9.093750,9.171875,6.755347,1146800
2000-11-06,9.203125,9.328125,9.015625,9.234375,6.801380,1526400
2000-11-07,9.437500,9.515625,9.328125,9.484375,6.985512,1383200
2000-11-08,9.453125,9.640625,9.453125,9.578125,7.054559,1086400
2000-11-09,9.625000,9.687500,9.234375,9.250000,6.812889,948800
2000-11-10,9.312500,9.468750,9.312500,9.312500,6.858921,848000
2000-11-13,9.375000,9.437500,9.046875,9.109375,6.709311,1070400
2000-11-14,9.109375,9.343750,9.109375,9.312500,6.858921,1053600
2000-11-15,9.375000,9.796875,9.375000,9.796875,7.215676,2005600
2000-11-16,9.765625,10.203125,9.765625,10.156250,7.480364,1622800
2000-11-17,10.156250,10.156250,9.921875,10.078125,7.422826,1586800
2000-11-20,10.093750,10.203125,9.937500,9.953125,7.330760,1720000
2000-11-21,10.000000,10.187500,10.000000,10.140625,7.468859,1065200
2000-11-22,10.140625,10.187500,10.031250,10.140625,7.468859,945600
2000-11-24,10.156250,10.328125,10.140625,10.234375,7.537907,650800
2000-11-27,10.234375,10.265625,10.078125,10.156250,7.480364,1201200
2000-11-28,10.187500,10.234375,9.968750,9.968750,7.342268,1205600
2000-11-29,9.937500,9.937500,9.593750,9.687500,7.135118,2018400
2000-11-30,9.656250,9.765625,9.281250,9.312500,6.858921,2316400
2000-12-01,9.359375,9.640625,9.328125,9.515625,7.008528,1959200
2000-12-04,9.640625,9.796875,9.625000,9.718750,7.158133,1142000
2000-12-05,9.718750,9.859375,9.437500,9.437500,6.950985,991200
2000-12-06,9.578125,9.781250,9.406250,9.625000,7.089083,1276400
2000-12-07,9.750000,9.937500,9.687500,9.828125,7.238691,1659600
2000-12-08,9.859375,10.046875,9.593750,10.046875,7.399808,918000
2000-12-11,10.078125,10.468750,10.078125,10.437500,7.687514,1609200
2000-12-12,10.375000,10.406250,10.203125,10.390625,7.652988,1114800
2000-12-13,10.421875,10.421875,10.156250,10.203125,7.514892,840400
2000-12-14,10.109375,10.234375,9.671875,9.750000,7.181150,2113600
2000-12-15,9.593750,10.078125,9.593750,9.921875,7.307740,1862000
2000-12-18,9.953125,10.531250,9.953125,10.453125,7.699026,2270400
2000-12-19,10.453125,10.609375,10.296875,10.328125,7.606959,2372000
2000-12-20,10.265625,10.328125,10.015625,10.093750,7.434332,863200
2000-12-21,10.187500,10.218750,10.062500,10.109375,7.445839,1956400
2000-12-22,10.171875,10.328125,10.140625,10.296875,7.583939,1236400
2000-12-26,10.562500,11.703125,10.562500,11.500000,8.470079,4718400
2000-12-27,11.500000,11.593750,11.171875,11.484375,8.458567,4108800
2000-12-28,11.500000,12.015625,11.484375,11.921875,8.780800,2792000
2000-12-29,11.968750,12.093750,11.390625,11.500000,8.470079,3629600
2001-01-02,11.437500,11.875000,11.406250,11.437500,8.424041,3524800
2001-01-03,11.406250,11.406250,10.515625,10.625000,7.825614,2342000
2001-01-04,10.562500,10.562500,10.140625,10.281250,7.572435,2720800
2001-01-05,10.343750,10.734375,10.343750,10.734375,7.906173,2132000
2001-01-08,10.765625,11.218750,10.750000,11.078125,8.159352,2359600
2001-01-09,11.046875,11.156250,10.734375,10.921875,8.044271,2401200
2001-01-10,11.125000,11.500000,11.125000,11.218750,8.262928,3976000
2001-01-11,11.437500,11.546875,11.062500,11.093750,8.170859,2592400
2001-01-12,11.156250,11.156250,10.890625,10.921875,8.044271,1188800
2001-01-16,10.953125,11.359375,10.937500,11.328125,8.343484,2675200
2001-01-17,11.265625,11.265625,10.562500,10.562500,7.779581,2648000
2001-01-18,10.562500,10.562500,9.906250,10.250000,7.549415,4225600
2001-01-19,10.171875,10.437500,9.953125,10.281250,7.572435,3324400
2001-01-22,10.343750,10.531250,10.312500,10.343750,7.618465,2206800
2001-01-23,10.359375,10.781250,10.250000,10.562500,7.779581,2149200
2001-01-24,10.625000,10.765625,10.546875,10.656250,7.848631,1316800
2001-01-25,10.687500,11.046875,10.687500,10.906250,8.032762,1276800
2001-01-26,10.953125,11.015625,10.656250,10.750000,7.917683,1934000
2001-01-29,10.662500,10.975000,10.630000,10.790000,7.947141,1625200
2001-01-30,10.762500,10.765000,10.457500,10.592500,7.801674,1396400
2001-01-31,10.525000,10.790000,10.522500,10.590000,7.799835,1758800
2001-02-01,10.650000,10.675000,10.180000,10.390000,7.652529,1833200
2001-02-02,10.390000,11.100000,10.390000,11.037500,8.129429,2822400
2001-02-05,11.375000,11.400000,11.190000,11.220000,8.263848,1859600
2001-02-06,11.222500,11.750000,11.150000,11.717500,8.630267,3280800
2001-02-07,11.685000,11.812500,11.362500,11.695000,8.613700,2055600
2001-02-08,11.695000,11.807500,11.487500,11.522500,8.486649,1656400
2001-02-09,11.520000,11.800000,11.520000,11.715000,8.658489,1897200
2001-02-12,11.777500,11.790000,11.425000,11.575000,8.555014,2170000
2001-02-13,11.525000,11.722500,11.375000,11.680000,8.632624,2464000
2001-02-14,11.625000,11.800000,11.542500,11.587500,8.564256,1753200
2001-02-15,11.450000,11.512500,11.100000,11.195000,8.274161,2681200
2001-02-16,11.250000,11.592500,11.250000,11.290000,8.344371,2056800
2001-02-20,11.475000,11.500000,11.277500,11.400000,8.425672,1814800
2001-02-21,11.462500,11.537500,11.142500,11.152500,8.242745,2130000
2001-02-22,11.212500,11.350000,11.042500,11.072500,8.183618,2017600
2001-02-23,11.112500,11.250000,10.887500,11.012500,8.139274,2733600
2001-02-26,11.075000,11.395000,11.020000,11.337500,8.379479,1817200
2001-02-27,11.337500,11.487500,11.220000,11.305000,8.355459,1515200
2001-02-28,11.267500,11.267500,10.995000,11.087500,8.194703,2147200
2001-03-01,11.087500,11.287500,11.087500,11.125000,8.222424,1492000
2001-03-02,11.187500,11.575000,11.187500,11.545000,8.532840,1872800
2001-03-05,11.662500,11.975000,11.587500,11.780000,8.706527,2312000
2001-03-06,11.805000,11.955000,11.717500,11.845000,8.754571,2028800
2001-03-07,12.000000,12.542500,12.000000,12.512500,9.247915,3925600
2001-03-08,12.375000,12.747500,12.350000,12.587500,9.303346,3012400
2001-03-09,12.587500,12.772500,12.450000,12.585000,9.301500,2336800
2001-03-12,12.312500,12.350000,11.825000,11.930000,8.817392,3076000
2001-03-13,11.912500,11.930000,11.425000,11.632500,8.597512,2402400
2001-03-14,11.570000,11.897500,11.440000,11.537500,8.527296,2684400
2001-03-15,11.595000,11.732500,11.250000,11.307500,8.357305,1810400
2001-03-16,11.325000,11.507500,11.137500,11.142500,8.235356,1630000
2001-03-19,11.162500,11.425000,11.162500,11.295000,8.348068,2491200
2001-03-20,11.312500,11.800000,11.287500,11.710000,8.654794,2368000
2001-03-21,11.712500,11.712500,11.160000,11.240000,8.307416,1624800
2001-03-22,11.187500,11.187500,10.250000,10.500000,7.760488,4773200
2001-03-23,10.512500,10.770000,10.362500,10.612500,7.843637,3185200
2001-03-26,10.675000,10.875000,10.537500,10.655000,7.875046,2075600
2001-03-27,10.687500,10.747500,10.275000,10.575000,7.815919,1870400
2001-03-28,10.575000,10.640000,10.495000,10.567500,7.810377,2194000
2001-03-29,10.512500,10.512500,10.125000,10.180000,7.523977,1955600
2001-03-30,10.225000,10.515000,10.225000,10.432500,7.710601,1961200
2001-04-02,10.525000,10.550000,9.662500,9.745000,7.202474,3129600
2001-04-03,9.725000,9.795000,9.355000,9.500000,7.021394,2258400
2001-04-04,9.500000,9.862500,9.500000,9.685000,7.158126,2950400
2001-04-05,9.747500,10.045000,9.677500,9.962500,7.363224,2110000
2001-04-06,9.950000,10.162500,9.737500,10.125000,7.483331,2088800
2001-04-09,9.950000,10.520000,9.950000,10.515000,7.771577,2528000
2001-04-10,10.687500,10.912500,10.530000,10.845000,8.015475,1910800
2001-04-11,10.825000,10.827500,10.515000,10.625000,7.852874,2105200
2001-04-12,10.625000,10.890000,10.600000,10.625000,7.852874,2156000
2001-04-16,10.600000,11.007500,10.600000,10.972500,8.109711,1530800
2001-04-17,10.950000,11.090000,10.825000,11.075000,8.185467,1950400
2001-04-18,11.062500,11.087500,10.752500,10.867500,8.032104,5154800
2001-04-19,10.867500,10.867500,10.265000,10.315000,7.623755,2557200
2001-04-20,10.375000,10.525000,10.262500,10.300000,7.612672,2394000
2001-04-23,10.325000,10.600000,10.325000,10.537500,7.788205,3243200
2001-04-24,10.762500,10.925000,10.662500,10.790000,7.974825,3465200
2001-04-25,10.852500,11.102500,10.700000,11.052500,8.168837,2069200
2001-04-26,11.125000,11.300000,11.125000,11.197500,8.276004,2535600
2001-04-27,11.175000,11.177500,10.925000,11.010000,8.137430,1802800
2001-04-30,11.062500,11.192500,10.750000,10.867500,8.032104,2714400
2001-05-01,10.865000,10.865000,10.500000,10.550000,7.797445,4230400
2001-05-02,10.425000,10.427500,9.897500,9.990000,7.383549,4449600
2001-05-03,9.980000,10.125000,9.662500,9.752500,7.236991,3496800
2001-05-04,9.750000,10.025000,9.750000,9.937500,7.374273,3145200
2001-05-07,10.087500,10.165000,9.787500,9.825000,7.290794,3036800
2001-05-08,9.850000,9.925000,9.680000,9.837500,7.300066,2616800
2001-05-09,9.887500,10.180000,9.887500,10.180000,7.554224,3286000
2001-05-10,10.312500,10.352500,10.150000,10.190000,7.561646,2902400
2001-05-11,10.150000,10.152500,9.887500,9.922500,7.363142,1629200
2001-05-14,9.922500,10.537500,9.922500,10.455000,7.758293,2640800
2001-05-15,10.505000,10.712500,10.505000,10.622500,7.882588,2104400
2001-05-16,10.575000,10.845000,10.537500,10.737500,7.967925,1470400
2001-05-17,10.625000,10.857500,10.425000,10.845000,8.047697,2476400
2001-05-18,10.935000,11.187500,10.935000,11.117500,8.249910,1418000
2001-05-21,11.062500,11.300000,11.040000,11.262500,8.357510,1435600
2001-05-22,11.225000,11.225000,11.052500,11.155000,8.277741,2448800
2001-05-23,11.037500,11.112500,10.750000,10.775000,7.995753,1877200
2001-05-24,10.750000,10.762500,10.400000,10.477500,7.774988,2597600
2001-05-25,10.550000,10.607500,10.452500,10.462500,7.763857,1187600
2001-05-29,10.562500,10.655000,10.245000,10.310000,7.650694,1770400
2001-05-30,10.325000,10.400000,9.972500,10.150000,7.531965,2578800
2001-05-31,10.212500,10.415000,10.030000,10.377500,7.700784,1992800
2001-06-01,10.425000,10.507500,10.167500,10.345000,7.676662,1625600
2001-06-04,10.500000,10.670000,10.500000,10.552500,7.830646,1656400
2001-06-05,10.555000,10.655000,10.442500,10.542500,7.823224,1552800
2001-06-06,10.412500,10.412500,9.947500,10.032500,7.444770,2300400
2001-06-07,10.032500,10.032500,9.675000,9.740000,7.227716,3080400
2001-06-08,9.837500,10.000000,9.625000,9.887500,7.337172,2778400
2001-06-11,10.025000,10.092500,9.950000,10.030000,7.442913,2595200
2001-06-12,10.100000,10.180000,10.052500,10.090000,7.487441,2385600
2001-06-13,10.212500,10.350000,9.835000,9.865000,7.320473,2031200
2001-06-14,9.865000,9.900000,9.607500,9.625000,7.142377,2395200
2001-06-15,9.500000,9.720000,9.500000,9.650000,7.160929,2743200
2001-06-18,9.587500,9.595000,9.462500,9.500000,7.049621,2059200
2001-06-19,9.500000,9.560000,9.327500,9.432500,6.999529,1226000
2001-06-20,9.425000,9.587500,9.150000,9.190000,6.819581,2119200
2001-06-21,9.170000,9.232500,8.750000,8.862500,6.576553,2197200
2001-06-22,8.800000,9.125000,8.685000,9.115000,6.763926,4004000
2001-06-25,9.112500,9.222500,8.937500,9.067500,6.728678,3379200
2001-06-26,9.037500,9.300000,8.950000,9.252500,6.865958,2629200
2001-06-27,9.150000,9.150000,8.855000,8.997500,6.676733,2704800
2001-06-28,8.997500,9.012500,8.562500,8.592500,6.376196,2968400
2001-06-29,8.650000,8.897500,8.590000,8.837500,6.558002,4210800
2001-07-02,8.887500,8.897500,8.637500,8.745000,6.489362,2901600
2001-07-03,8.675000,8.840000,8.675000,8.762500,6.502346,1277600
2001-07-05,8.825000,9.042500,8.787500,9.002500,6.680443,2446400
2001-07-06,9.100000,9.160000,8.825000,9.102500,6.754647,1870400
2001-07-09,9.112500,9.112500,8.622500,8.662500,6.428142,4157600
2001-07-10,8.775000,8.912500,8.547500,8.622500,6.398457,3210000
2001-07-11,8.687500,8.687500,8.187500,8.400000,6.233348,3916000
2001-07-12,8.425000,8.600000,8.230000,8.275000,6.140589,3547600
2001-07-13,8.277500,8.642500,8.200000,8.507500,6.313118,2380400
2001-07-16,8.512500,8.700000,8.042500,8.065000,5.984759,2422400
2001-07-17,8.187500,8.280000,7.975000,8.057500,5.979191,2135600
2001-07-18,7.950000,8.075000,7.712500,7.985000,5.925392,2136800
2001-07-19,8.037500,8.210000,8.025000,8.095000,6.007017,1651600
2001-07-20,8.212500,8.512500,8.150000,8.490000,6.300133,2139200
2001-07-23,8.625000,8.680000,8.552500,8.600000,6.381764,2375600
2001-07-24,8.600000,8.702500,8.460000,8.525000,6.326107,2827600
2001-07-25,8.712500,9.092500,8.435000,9.030000,6.700848,3443600
2001-07-26,9.025000,9.160000,8.837500,9.117500,6.765780,2984000
2001-07-27,9.117500,9.475000,9.000000,9.445000,7.008808,2040000
2001-07-30,9.350000,9.547500,9.222500,9.235000,6.852975,1619200
2001-07-31,9.247500,9.512500,9.057500,9.067500,6.728678,2030000
2001-08-01,9.162500,9.350000,8.912500,8.987500,6.669311,2574000
2001-08-02,9.037500,9.137500,8.850000,9.075000,6.764348,1623200
2001-08-03,9.062500,9.125000,8.850000,8.925000,6.652540,1268000
2001-08-06,8.862500,9.100000,8.737500,8.825000,6.578001,1344000
2001-08-07,8.875000,8.950000,8.737500,8.800000,6.559368,711600
2001-08-08,8.837500,8.977500,8.465000,8.520000,6.350660,2551200
2001-08-09,8.515000,8.612500,8.407500,8.550000,6.373025,1045600
2001-08-10,8.537500,8.675000,8.512500,8.590000,6.402836,1374000
2001-08-13,8.625000,8.797500,8.600000,8.697500,6.482968,1002400
2001-08-14,8.850000,8.947500,8.727500,8.927500,6.654403,1448800
2001-08-15,8.987500,9.487500,8.937500,9.417500,7.019643,2958800
2001-08-16,9.487500,9.512500,9.137500,9.397500,7.004734,2982800
2001-08-17,9.400000,9.412500,9.200000,9.262500,6.904106,1321200
2001-08-20,9.265000,9.265000,9.045000,9.062500,6.755031,1053200
2001-08-21,9.065000,9.187500,9.025000,9.055000,6.749439,839200
2001-08-22,9.180000,9.412500,8.875000,8.925000,6.652540,2366800
2001-08-23,8.962500,8.962500,8.650000,8.700000,6.484832,2096400
2001-08-24,8.750000,8.752500,8.445000,8.577500,6.393520,1762800
2001-08-27,8.577500,8.647500,8.545000,8.575000,6.391656,1176000
2001-08-28,8.575000,8.625000,8.505000,8.577500,6.393520,1005200
2001-08-29,8.600000,8.800000,8.500000,8.627500,6.430787,2459200
2001-08-30,8.625000,8.697500,8.350000,8.432500,6.285440,1156000
2001-08-31,8.412500,8.537500,8.300000,8.437500,6.289165,1524800
2001-09-04,8.562500,8.685000,8.537500,8.562500,6.382339,1431200
2001-09-05,8.587500,8.637500,8.392500,8.567500,6.386065,1768800
2001-09-06,8.570000,8.692500,8.530000,8.622500,6.427061,1832400
2001-09-07,8.622500,8.787500,8.537500,8.705000,6.488558,1650000
2001-09-10,8.687500,8.845000,8.605000,8.800000,6.559368,1999200
2001-09-17,9.000000,9.150000,8.550000,8.587500,6.400974,2904000
2001-09-18,8.612500,8.625000,8.010000,8.112500,6.046917,1380800
2001-09-19,8.100000,8.100000,7.520000,7.767500,5.789759,3151600
2001-09-20,7.750000,8.015000,7.595000,7.767500,5.789759,2160400
2001-09-21,7.767500,8.000000,7.525000,7.812500,5.823301,2555200
2001-09-24,7.812500,7.950000,7.337500,7.337500,5.469247,2590800
2001-09-25,7.287500,7.350000,6.875000,7.087500,5.282900,2871600
2001-09-26,7.025000,7.312500,6.900000,6.945000,5.176683,3605600
2001-09-27,6.950000,7.450000,6.950000,7.350000,5.478563,3176000
2001-09-28,7.475000,7.812500,7.387500,7.747500,5.774854,2918400
2001-10-01,7.695000,7.755000,7.500000,7.630000,5.687271,3530400
2001-10-02,7.575000,7.795000,7.575000,7.787500,5.804667,1221600
2001-10-03,7.687500,7.875000,7.632500,7.875000,5.869888,1380800
2001-10-04,7.892500,8.272500,7.892500,8.190000,6.104682,3068400
2001-10-05,8.190000,8.375000,7.912500,8.310000,6.194132,1716800
2001-10-08,8.275000,8.575000,8.167500,8.380000,6.246311,1236000
2001-10-09,8.527500,8.550000,8.312500,8.475000,6.317118,1431600
2001-10-10,8.487500,8.935000,8.447500,8.920000,6.648814,2328000
2001-10-11,8.920000,9.150000,8.805000,8.985000,6.697263,2150400
2001-10-12,8.982500,9.037500,8.677500,8.945000,6.667449,2236800
2001-10-15,8.925000,8.987500,8.580000,8.665000,6.458742,2010400
2001-10-16,8.750000,9.157500,8.710000,9.082500,6.769940,1570000
2001-10-17,9.250000,9.287500,8.955000,8.970000,6.686081,1524000
2001-10-18,8.882500,8.892500,8.587500,8.722500,6.501601,2106400
2001-10-19,8.697500,9.062500,8.387500,8.977500,6.691675,3115200
2001-10-22,9.000000,9.137500,8.727500,8.960000,6.678628,2186000
2001-10-23,8.975000,9.135000,8.787500,8.835000,6.585454,2816400
2001-10-24,8.687500,9.147500,8.675000,9.030000,6.730805,3010800
2001-10-25,9.092500,9.465000,9.037500,9.465000,7.055050,2034000
2001-10-26,9.487500,9.730000,9.487500,9.677500,7.213438,1726800
2001-10-29,9.740000,10.000000,9.655000,9.787500,7.295430,1988000
2001-10-30,9.555000,9.557500,9.275000,9.322500,6.948830,1769600
2001-10-31,9.372500,9.500000,9.147500,9.242500,6.889199,2711600
2001-11-01,9.295000,9.495000,9.100000,9.445000,7.070742,2070800
2001-11-02,9.382500,9.382500,9.125000,9.187500,6.877971,1762000
2001-11-05,9.187500,9.275000,8.965000,8.997500,6.735734,1255600
2001-11-06,8.875000,9.055000,8.712500,9.037500,6.765675,1955600
2001-11-07,8.962500,9.280000,8.880000,9.180000,6.872356,1940800
2001-11-08,9.275000,9.397500,9.125000,9.272500,6.941605,1219200
2001-11-09,9.397500,9.597500,9.327500,9.400000,7.037052,1933200
2001-11-12,9.250000,9.367500,9.135000,9.342500,6.994004,1266000
2001-11-13,9.342500,9.350000,9.152500,9.282500,6.949090,1439200
2001-11-14,8.975000,9.030000,8.775000,8.782500,6.574778,1607200
2001-11-15,7.912500,8.072500,7.775000,7.902500,5.915990,4353600
2001-11-16,7.987500,8.152500,7.802500,8.145000,6.097532,2712800
2001-11-19,8.122500,8.150000,7.862500,8.125000,6.082558,2190800
2001-11-20,8.300000,8.490000,8.250000,8.437500,6.316502,3163200
2001-11-21,8.437500,8.465000,8.102500,8.245000,6.172392,1736400
2001-11-23,7.875000,8.375000,7.875000,8.347500,6.249127,1361200
2001-11-26,8.245000,8.262500,8.067500,8.227500,6.159293,1736400
2001-11-27,8.227500,8.457500,8.075000,8.350000,6.250998,2493200
2001-11-28,8.212500,8.320000,8.087500,8.135000,6.090045,2685200
2001-11-29,8.135000,8.250000,8.100000,8.225000,6.157423,2307600
2001-11-30,8.225000,8.232500,8.075000,8.175000,6.119990,1477600
2001-12-03,8.112500,8.312500,8.000000,8.255000,6.179882,2801600
2001-12-04,8.232500,8.377500,8.150000,8.360000,6.258486,3183200
2001-12-05,8.500000,8.670000,8.462500,8.487500,6.353934,1799200
2001-12-06,8.450000,8.530000,8.312500,8.312500,6.222924,1485600
2001-12-07,8.175000,8.327500,8.077500,8.300000,6.213568,3262000
2001-12-10,8.175000,8.310000,8.135000,8.282500,6.200468,1836800
2001-12-11,8.250000,8.275000,8.087500,8.100000,6.063843,1728400
2001-12-12,8.087500,8.087500,7.767500,7.830000,5.861716,2537200
2001-12-13,7.550000,7.850000,7.500000,7.715000,5.775624,2114000
2001-12-14,7.800000,7.910000,7.705000,7.842500,5.871074,2296800
2001-12-17,7.780000,7.970000,7.712500,7.770000,5.816797,1351600
2001-12-18,7.800000,8.010000,7.725000,7.997500,5.987108,2796400
2001-12-19,7.975000,8.302500,7.965000,8.267500,6.189237,1990400
2001-12-20,8.267500,8.535000,8.237500,8.265000,6.187367,2060800
2001-12-21,8.400000,8.517500,8.345000,8.402500,6.290300,2457200
2001-12-24,8.465000,8.682500,8.462500,8.462500,6.335217,844800
2001-12-26,8.575000,8.787500,8.562500,8.697500,6.511147,2235200
2001-12-27,8.675000,8.787500,8.575000,8.740000,6.542962,2037600
2001-12-28,8.835000,8.987500,8.725000,8.902500,6.664611,865200
2001-12-31,8.902500,8.975000,8.787500,8.822500,6.604723,1098000
2002-01-02,8.760000,8.775000,8.512500,8.677500,6.496171,3222400
2002-01-03,8.677500,8.750000,8.515000,8.560000,6.408211,2278400
2002-01-04,8.600000,8.675000,8.585000,8.650000,6.475585,1949200
2002-01-07,8.587500,8.780000,8.582500,8.720000,6.527988,1783200
2002-01-08,8.722500,8.722500,8.570000,8.625000,6.456870,1158000
2002-01-09,8.475000,8.725000,8.275000,8.537500,6.391367,3511600
2002-01-10,8.462500,8.500000,8.400000,8.425000,6.307145,749600
2002-01-11,8.425000,8.425000,8.202500,8.212500,6.148064,1695200
2002-01-14,8.050000,8.265000,8.025000,8.115000,6.075073,1977200
2002-01-15,8.150000,8.367500,8.150000,8.272500,6.192982,1806400
2002-01-16,8.272500,8.272500,8.137500,8.187500,6.129349,1304000
2002-01-17,8.202500,8.212500,8.090000,8.100000,6.063843,948800
2002-01-18,8.130000,8.180000,8.025000,8.045000,6.022669,797200
2002-01-22,8.050000,8.110000,7.940000,8.007500,5.994595,730000
2002-01-23,8.017500,8.122500,8.017500,8.072500,6.043258,3279600
2002-01-24,8.087500,8.372500,8.050000,8.327500,6.234154,1556400
2002-01-25,8.325000,8.500000,8.312500,8.467500,6.338964,1260000
2002-01-28,8.467500,8.510000,8.262500,8.287500,6.204211,1320400
2002-01-29,8.200000,8.312500,7.952500,8.177500,6.121861,2332800
2002-01-30,7.750000,8.112500,7.725000,8.112500,6.073200,3301600
2002-01-31,8.112500,8.297500,8.105000,8.125000,6.082558,3063600
2002-02-01,8.175000,8.250000,7.987500,8.095000,6.060099,3141200
2002-02-04,8.062500,8.070000,7.837500,7.850000,5.876688,1243200
2002-02-05,7.750000,7.875000,7.690000,7.815000,5.850486,2034400
2002-02-06,7.817500,8.040000,7.817500,7.987500,5.979624,2977200
2002-02-07,7.977500,7.987500,7.847500,7.975000,6.000314,3332400
2002-02-08,7.975000,8.050000,7.870000,8.045000,6.052980,3278000
2002-02-11,7.950000,8.180000,7.907500,8.112500,6.103767,1809600
2002-02-12,7.987500,8.100000,7.937500,8.057500,6.062386,1793600
2002-02-13,8.025000,8.125000,7.970000,8.125000,6.113171,2104400
2002-02-14,8.125000,8.302500,8.120000,8.250000,6.207221,1235600
2002-02-15,8.252500,8.272500,8.150000,8.180000,6.154554,932000
2002-02-19,8.050000,8.257500,8.032500,8.187500,6.160196,1190800
2002-02-20,8.187500,8.235000,8.077500,8.140000,6.124460,1321200
2002-02-21,8.200000,8.420000,8.187500,8.310000,6.252364,1187600
2002-02-22,8.362500,8.612500,8.340000,8.537500,6.423534,1527200
2002-02-25,8.562500,8.955000,8.562500,8.937500,6.724490,2393200
2002-02-26,8.940000,8.950000,8.770000,8.942500,6.728251,1190800
2002-02-27,8.945000,9.050000,8.780000,8.812500,6.630440,1424800
2002-02-28,8.815000,9.050000,8.815000,9.050000,6.809132,2018000
2002-03-01,9.050000,9.165000,9.007500,9.157500,6.890018,1301200
2002-03-04,9.160000,9.310000,9.157500,9.310000,7.004756,902000
2002-03-05,9.397500,9.397500,9.175000,9.285000,6.985948,912400
2002-03-06,9.325000,9.637500,9.300000,9.635000,7.249284,1419600
2002-03-07,9.697500,9.937500,9.697500,9.760000,7.343333,1677200
2002-03-08,9.760000,9.767500,9.362500,9.517500,7.160876,2044400
2002-03-11,9.550000,9.587500,9.350000,9.427500,7.093160,2100000
2002-03-12,9.250000,9.387500,9.250000,9.357500,7.040494,1842000
2002-03-13,9.370000,9.475000,9.232500,9.307500,7.002873,1830800
2002-03-14,9.310000,9.360000,9.170000,9.340000,7.027328,1096400
2002-03-15,9.475000,9.620000,9.425000,9.570000,7.200376,2056400
2002-03-18,9.612500,9.745000,9.500000,9.710000,7.305712,1177600
2002-03-19,9.712500,10.000000,9.712500,9.932500,7.473119,1444000
2002-03-20,9.887500,9.972500,9.737500,9.877500,7.431738,1243200
2002-03-21,9.877500,9.925000,9.670000,9.850000,7.411047,1694800
2002-03-22,9.775000,9.777500,9.467500,9.487500,7.138304,1224400
2002-03-25,9.462500,9.675000,9.425000,9.565000,7.196614,1172000
2002-03-26,9.565000,9.607500,9.395000,9.537500,7.175927,1342000
2002-03-27,9.687500,9.890000,9.680000,9.880000,7.433617,1368000
2002-03-28,9.760000,9.937500,9.755000,9.765000,7.347091,1259600
2002-04-01,9.750000,10.065000,9.750000,10.000000,7.523906,2513200
2002-04-02,10.075000,10.190000,10.037500,10.112500,7.608549,2104800
2002-04-03,10.050000,10.050000,9.792500,9.902500,7.450545,1923200
2002-04-04,9.850000,9.962500,9.550000,9.605000,7.226707,1939200
2002-04-05,9.605000,9.662500,9.397500,9.475000,7.128901,1690800
2002-04-08,9.712500,9.862500,9.582500,9.717500,7.311352,1759200
2002-04-09,9.717500,9.717500,9.462500,9.520000,7.162758,1137600
2002-04-10,9.522500,9.805000,9.500000,9.780000,7.358380,1069600
2002-04-11,9.725000,9.975000,9.650000,9.742500,7.330164,1266400
2002-04-12,9.537500,9.540000,9.187500,9.232500,6.946445,3149600
2002-04-15,9.387500,9.650000,9.387500,9.555000,7.189088,2082000
2002-04-16,9.587500,9.652500,9.507500,9.545000,7.181565,1438000
2002-04-17,9.712500,9.882500,9.680000,9.852500,7.412929,1205600
2002-04-18,9.855000,9.997500,9.785000,9.785000,7.362140,2029200
2002-04-19,9.785000,9.887500,9.600000,9.820000,7.388474,1234400
2002-04-22,9.820000,9.927500,9.687500,9.720000,7.313238,592800
2002-04-23,9.722500,10.000000,9.680000,9.887500,7.439258,2310000
2002-04-24,9.737500,9.815000,9.587500,9.635000,7.249284,2429200
2002-04-25,9.637500,9.762500,9.507500,9.712500,7.307593,2009200
2002-04-26,9.675000,9.725000,9.620000,9.670000,7.275617,1026000
2002-04-29,9.670000,9.682500,9.500000,9.627500,7.243638,1371200
2002-04-30,9.600000,9.795000,9.600000,9.762500,7.345213,1389200
2002-05-01,9.765000,9.895000,9.675000,9.872500,7.427975,1598000
2002-05-02,9.800000,9.932500,9.725000,9.862500,7.450638,980000
2002-05-03,9.882500,10.025000,9.860000,9.947500,7.514851,2291600
2002-05-06,9.750000,9.807500,9.637500,9.640000,7.282555,3312800
2002-05-07,9.642500,9.712500,9.525000,9.650000,7.290106,1764000
2002-05-08,9.775000,9.950000,9.775000,9.940000,7.509186,1198800
2002-05-09,9.925000,9.990000,9.795000,9.800000,7.403422,986800
2002-05-10,9.812500,9.907500,9.760000,9.772500,7.382648,1129200
2002-05-13,9.772500,9.980000,9.697500,9.975000,7.535625,1214400
2002-05-14,10.000000,10.060000,9.937500,10.030000,7.577176,995600
2002-05-15,9.930000,9.937500,9.675000,9.725000,7.346765,1278400
2002-05-16,9.725000,9.915000,9.710000,9.822500,7.420421,948400
2002-05-17,9.700000,9.710000,9.535000,9.600000,7.252333,1463200
2002-05-20,9.562500,9.590000,9.475000,9.552500,7.216449,953600
2002-05-21,9.540000,9.675000,9.515000,9.547500,7.212670,1062000
2002-05-22,9.500000,9.682500,9.452500,9.660000,7.297658,796400
2002-05-23,9.662500,9.760000,9.537500,9.727500,7.348653,872400
2002-05-24,9.700000,9.700000,9.552500,9.655000,7.293882,1201200
2002-05-28,9.687500,9.687500,9.507500,9.567500,7.227781,899200
2002-05-29,9.512500,9.545000,9.330000,9.522500,7.193785,1934800
2002-05-30,9.375000,9.507500,9.275000,9.325000,7.044583,1105600
2002-05-31,9.375000,9.600000,9.362500,9.540000,7.207006,1573600
2002-06-03,9.540000,9.540000,9.245000,9.245000,6.984146,1083200
2002-06-04,9.270000,9.392500,9.145000,9.245000,6.984146,1320400
2002-06-05,9.200000,9.200000,9.040000,9.100000,6.874607,1006400
2002-06-06,9.237500,9.285000,8.942500,9.060000,6.844389,1000800
2002-06-07,9.060000,9.197500,9.007500,9.140000,6.904825,1378400
2002-06-10,9.087500,9.225000,8.862500,8.880000,6.708408,818800
2002-06-11,8.900000,8.962500,8.707500,8.755000,6.613975,1160000
2002-06-12,8.817500,8.897500,8.750000,8.835000,6.674409,914000
2002-06-13,8.835000,9.067500,8.740000,8.907500,6.729181,1245600
2002-06-14,8.737500,8.937500,8.675000,8.915000,6.734848,2178000
2002-06-17,9.107500,9.195000,9.022500,9.185000,6.938821,808000
2002-06-18,9.185000,9.230000,9.062500,9.090000,6.867049,1325600
2002-06-19,9.027500,9.132500,8.965000,8.972500,6.778286,1271200
2002-06-20,9.090000,9.142500,8.937500,8.967500,6.774507,1012800
2002-06-21,8.887500,9.012500,8.757500,8.902500,6.725407,990400
2002-06-24,8.925000,9.017500,8.860000,8.995000,6.795284,1048000
2002-06-25,9.075000,9.175000,8.970000,9.000000,6.799061,930800
2002-06-26,8.950000,8.972500,8.820000,8.957500,6.766954,1193600
2002-06-27,8.960000,9.022500,8.825000,8.957500,6.766954,936400
2002-06-28,8.957500,9.072500,8.957500,9.012500,6.808504,1353200
2002-07-01,8.987500,9.085000,8.910000,8.927500,6.744292,901200
2002-07-02,8.962500,9.007500,8.635000,8.690000,6.564870,1006800
2002-07-03,8.690000,8.795000,8.387500,8.640000,6.527097,1517600
2002-07-05,8.660000,8.875000,8.655000,8.875000,6.704630,516800
2002-07-08,8.825000,8.837500,8.610000,8.625000,6.515768,1015600
2002-07-09,8.627500,8.662500,8.562500,8.567500,6.472329,964400
2002-07-10,8.625000,8.650000,8.300000,8.320000,6.285354,1110800
2002-07-11,8.275000,8.275000,8.055000,8.092500,6.113491,1403600
2002-07-12,8.112500,8.225000,7.827500,7.965000,6.017170,2091200
2002-07-15,8.037500,8.037500,7.575000,7.905000,5.971843,1642400
2002-07-16,7.887500,7.962500,7.712500,7.840000,5.922740,2053200
2002-07-17,7.975000,8.095000,7.730000,7.865000,5.941625,1432000
2002-07-18,7.862500,7.972500,7.712500,7.745000,5.850971,814800
2002-07-19,7.725000,7.725000,7.415000,7.465000,5.639442,1767200
2002-07-22,7.462500,7.555000,6.925000,6.942500,5.244721,1895600
2002-07-23,7.025000,7.085000,6.790000,6.877500,5.195616,2107600
2002-07-24,6.862500,7.155000,6.662500,7.155000,5.405254,2686400
2002-07-25,7.125000,7.287500,6.962500,7.120000,5.378812,2037600
2002-07-26,7.125000,7.300000,7.075000,7.275000,5.495911,1081200
2002-07-29,7.395000,7.762500,7.395000,7.737500,5.845304,1348400
2002-07-30,7.800000,7.800000,7.537500,7.692500,5.811309,1106400
2002-07-31,7.692500,7.800000,7.607500,7.772500,5.871747,892000
2002-08-01,7.802500,7.802500,7.425000,7.437500,5.647736,1210800
2002-08-02,7.400000,7.540000,7.220000,7.407500,5.624954,1318000
2002-08-05,7.432500,7.487500,7.137500,7.137500,5.419925,1182000
2002-08-06,7.175000,7.462500,7.175000,7.360000,5.588883,1236800
2002-08-07,7.450000,7.450000,7.300000,7.377500,5.602171,1712400
2002-08-08,7.312500,7.687500,7.312500,7.625000,5.790114,1289200
2002-08-09,7.627500,7.885000,7.450000,7.880000,5.983750,1615200
2002-08-12,7.850000,8.075000,7.757500,8.012500,6.084365,1245200
2002-08-13,8.012500,8.012500,7.770000,7.810000,5.930594,1226800
2002-08-14,8.000000,8.000000,7.730000,7.917500,6.012225,1630800
2002-08-15,7.952500,8.270000,7.952500,8.212500,6.236238,1640000
2002-08-16,8.212500,8.212500,8.052500,8.172500,6.205863,2407600
2002-08-19,8.175000,8.330000,8.052500,8.215000,6.238138,1215200
2002-08-20,8.152500,8.157500,7.952500,8.042500,6.107146,1118400
2002-08-21,8.050000,8.150000,7.937500,8.147500,6.186879,1030400
2002-08-22,8.150000,8.385000,8.150000,8.307500,6.308376,1158400
2002-08-23,8.282500,8.325000,8.200000,8.227500,6.247628,684400
2002-08-26,8.237500,8.390000,8.180000,8.390000,6.371025,650800
2002-08-27,8.550000,8.550000,8.387500,8.455000,6.420382,1120000
2002-08-28,8.455000,8.455000,8.212500,8.255000,6.268512,722800
2002-08-29,8.225000,8.312500,8.102500,8.245000,6.260918,1077600
2002-08-30,8.250000,8.437500,8.250000,8.337500,6.331157,2136000
2002-09-03,8.187500,8.200000,7.925000,7.977500,6.057789,1927200
2002-09-04,8.000000,8.040000,7.725000,7.892500,5.993243,2242800
2002-09-05,7.892500,7.972500,7.850000,7.880000,5.983750,1494000
2002-09-06,8.000000,8.062500,7.937500,8.025000,6.093856,760400
2002-09-09,8.025000,8.057500,7.917500,7.982500,6.061586,812800
2002-09-10,8.000000,8.152500,7.977500,8.137500,6.179286,668800
2002-09-11,8.212500,8.212500,8.097500,8.097500,6.148912,452000
2002-09-12,8.100000,8.125000,7.907500,7.950000,6.036906,950400
2002-09-13,7.950000,8.112500,7.870000,8.075000,6.131824,631600
2002-09-16,8.075000,8.175000,7.972500,8.130000,6.173591,762800
2002-09-17,8.087500,8.090000,7.862500,7.957500,6.042601,990400
2002-09-18,7.900000,8.070000,7.845000,7.995000,6.071078,780400
2002-09-19,7.960000,8.055000,7.865000,7.865000,5.972360,1056800
2002-09-20,7.960000,7.960000,7.827500,7.840000,5.953378,976800
2002-09-23,7.900000,8.052500,7.832500,7.895000,5.995141,1047600
2002-09-24,7.897500,8.037500,7.805000,7.937500,6.027413,2335600
2002-09-25,8.037500,8.280000,7.952500,8.197500,6.224847,1565200
2002-09-26,8.237500,8.547500,8.235000,8.520000,6.469739,1303200
2002-09-27,8.505000,8.750000,8.457500,8.475000,6.435568,1072400
2002-09-30,8.425000,8.580000,8.320000,8.492500,6.448859,1177600
2002-10-01,8.500000,8.635000,8.437500,8.625000,6.549474,1001600
2002-10-02,8.600000,8.940000,8.570000,8.610000,6.538084,1730000
2002-10-03,8.587500,8.807500,8.470000,8.712500,6.615915,1799200
2002-10-04,8.887500,8.887500,8.562500,8.630000,6.553270,1597600
2002-10-07,8.600000,8.742500,8.440000,8.495000,6.450755,1318800
2002-10-08,8.525000,8.550000,8.175000,8.250000,6.264712,1608800
2002-10-09,8.137500,8.242500,7.900000,8.045000,6.109044,1004800
2002-10-10,7.995000,8.170000,7.887500,8.167500,6.202067,867600
2002-10-11,8.287500,8.312500,8.137500,8.202500,6.228644,1234000
2002-10-14,8.202500,8.550000,8.175000,8.500000,6.454555,1038800
2002-10-15,8.750000,8.770000,8.660000,8.697500,6.604527,1104400
2002-10-16,8.662500,8.792500,8.560000,8.595000,6.526692,887600
2002-10-17,8.712500,8.855000,8.650000,8.850000,6.720330,599600
2002-10-18,8.852500,8.895000,8.717500,8.757500,6.650090,997600
2002-10-21,8.695000,8.975000,8.677500,8.930000,6.781078,886000
2002-10-22,8.850000,8.850000,8.405000,8.575000,6.511506,1487600
2002-10-23,8.512500,8.962500,8.512500,8.947500,6.794368,1748400
2002-10-24,8.975000,9.025000,8.850000,8.912500,6.767789,2022800
2002-10-25,8.887500,8.890000,8.727500,8.802500,6.684259,2236000
2002-10-28,8.865000,9.025000,8.802500,8.945000,6.792466,1858400
2002-10-29,8.900000,8.900000,8.712500,8.842500,6.714634,2278400
2002-10-30,8.875000,9.250000,8.770000,9.135000,6.936749,2110000
2002-10-31,9.212500,9.325000,9.010000,9.097500,6.908271,1903200
2002-11-01,9.062500,9.255000,9.060000,9.237500,7.014579,1814800
2002-11-04,9.345000,9.345000,9.115000,9.187500,6.976616,2273600
2002-11-05,9.212500,9.212500,9.062500,9.190000,6.978508,1441600
2002-11-06,9.200000,9.312500,9.027500,9.267500,7.068126,1464800
2002-11-07,9.287500,9.315000,9.165000,9.240000,7.047151,1749600
2002-11-08,9.240000,9.240000,9.125000,9.185000,7.005207,1928400
2002-11-11,9.185000,9.230000,8.965000,9.075000,6.921312,1057200
2002-11-12,9.112500,9.152500,8.945000,8.977500,6.846949,1420400
2002-11-13,8.950000,9.057500,8.565000,8.600000,6.559038,1416800
2002-11-14,8.650000,8.842500,8.650000,8.755000,6.677252,1658000
2002-11-15,8.737500,8.797500,8.700000,8.777500,6.694412,1174800
2002-11-18,8.840000,8.877500,8.702500,8.867500,6.763053,1378800
2002-11-19,8.870000,8.945000,8.782500,8.800000,6.711572,885200
2002-11-20,8.805000,9.300000,8.805000,9.300000,7.092911,1954800
2002-11-21,9.325000,9.425000,9.250000,9.405000,7.172996,1914400
2002-11-22,9.405000,9.405000,9.075000,9.077500,6.923216,988400
2002-11-25,9.090000,9.195000,9.032500,9.160000,6.986139,724400
2002-11-26,9.147500,9.147500,8.887500,8.900000,6.787843,878000
2002-11-27,8.937500,9.317500,8.912500,9.145000,6.974699,728000
2002-11-29,9.150000,9.275000,9.150000,9.252500,7.056687,323600
2002-12-02,9.280000,9.350000,9.187500,9.277500,7.075752,1103600
2002-12-03,9.250000,9.532500,9.250000,9.372500,7.148210,1770000
2002-12-04,9.375000,9.387500,9.252500,9.310000,7.100542,905200
2002-12-05,9.362500,9.467500,9.315000,9.422500,7.186339,1365600
2002-12-06,9.387500,9.637500,9.380000,9.602500,7.323625,739200
2002-12-09,9.605000,9.747500,9.447500,9.447500,7.205408,1170800
2002-12-10,9.487500,9.582500,9.425000,9.550000,7.283583,2257600
2002-12-11,9.552500,9.702500,9.350000,9.687500,7.388450,1806000
2002-12-12,9.687500,10.070000,9.687500,10.015000,7.638228,2424400
2002-12-13,10.025000,10.125000,9.865000,9.940000,7.581026,2164400
2002-12-16,9.957500,10.097500,9.937500,9.955000,7.592466,2192000
2002-12-17,9.925000,9.975000,9.807500,9.830000,7.497134,1934000
2002-12-18,9.812500,9.812500,9.577500,9.610000,7.329344,1907600
2002-12-19,9.590000,9.625000,9.417500,9.482500,7.232101,1937600
2002-12-20,9.512500,9.692500,9.492500,9.692500,7.392266,1325200
2002-12-23,9.720000,9.750000,9.560000,9.737500,7.426583,978000
2002-12-24,9.737500,9.737500,9.652500,9.700000,7.397981,567200
2002-12-26,9.687500,9.725000,9.510000,9.522500,7.262610,617200
2002-12-27,9.500000,9.610000,9.227500,9.315000,7.104353,1594000
2002-12-30,9.362500,9.457500,9.322500,9.375000,7.150116,1012400
2002-12-31,9.400000,9.432500,9.237500,9.387500,7.159647,932400
2003-01-02,9.475000,9.575000,9.400000,9.562500,7.293115,1602400
2003-01-03,9.600000,9.632500,9.500000,9.555000,7.287394,1771600
2003-01-06,9.562500,9.655000,9.515000,9.540000,7.275959,1090000
2003-01-07,9.512500,9.512500,9.142500,9.150000,6.978509,2620400
2003-01-08,9.152500,9.187500,8.925000,8.972500,6.843134,2581200
2003-01-09,9.020000,9.097500,8.950000,9.000000,6.864109,1534400
2003-01-10,9.002500,9.010000,8.825000,8.855000,6.753520,2281200
2003-01-13,8.912500,8.925000,8.727500,8.747500,6.671533,2246800
2003-01-14,8.782500,8.850000,8.712500,8.750000,6.673440,2263600
2003-01-15,8.787500,8.965000,8.715000,8.937500,6.816442,2403200
2003-01-16,9.000000,9.087500,8.965000,9.045000,6.898430,1955600
2003-01-17,9.047500,9.047500,8.937500,8.992500,6.858387,1024000
2003-01-21,8.995000,8.995000,8.797500,8.812500,6.721107,1346000
2003-01-22,8.815000,8.950000,8.712500,8.830000,6.734457,1550000
2003-01-23,8.852500,8.912500,8.800000,8.895000,6.784028,1151600
2003-01-24,8.900000,8.912500,8.760000,8.787500,6.702042,1188800
2003-01-27,8.790000,8.812500,8.445000,8.467500,6.457984,2092000
2003-01-28,8.505000,8.775000,8.505000,8.672500,6.614333,1699200
2003-01-29,8.650000,8.825000,8.612500,8.772500,6.690600,3519600
2003-01-30,8.790000,8.955000,8.790000,8.807500,6.717292,2052400
2003-01-31,8.827500,8.950000,8.732500,8.925000,6.806909,2229600
2003-02-03,8.927500,8.987500,8.770000,8.787500,6.702042,1610000
2003-02-04,8.790000,8.975000,8.730000,8.962500,6.835510,1334400
2003-02-05,9.012500,9.025000,8.800000,8.805000,6.715388,1472800
2003-02-06,8.812500,8.850000,8.727500,8.827500,6.763271,1257600
2003-02-07,8.825000,8.882500,8.625000,8.750000,6.703894,1320800
2003-02-10,8.750000,8.827500,8.712500,8.812500,6.751781,940800
2003-02-11,8.812500,8.875000,8.682500,8.770000,6.719217,1224800
2003-02-12,8.775000,8.775000,8.527500,8.590000,6.581309,2005600
2003-02-13,8.620000,8.632500,8.475000,8.497500,6.510440,2367600
2003-02-14,8.522500,8.557500,8.415000,8.487500,6.502777,1484400
2003-02-18,8.525000,8.792500,8.525000,8.780000,6.726880,1942400
2003-02-19,8.812500,8.830000,8.685000,8.745000,6.700066,1100400
2003-02-20,8.762500,8.845000,8.752500,8.760000,6.711557,1201600
2003-02-21,8.760000,9.020000,8.760000,9.000000,6.895435,2940000
2003-02-24,9.050000,9.185000,9.000000,9.080000,6.956726,2547600
2003-02-25,9.100000,9.220000,8.950000,8.997500,6.893520,2283600
2003-02-26,9.000000,9.112500,8.950000,9.005000,6.899266,852400
2003-02-27,9.047500,9.055000,8.787500,8.787500,6.732626,1654800
2003-02-28,8.802500,8.962500,8.802500,8.825000,6.761357,1058800
2003-03-03,8.825000,8.937500,8.805000,8.872500,6.797752,2360000
2003-03-04,8.850000,8.977500,8.850000,8.962500,6.866704,1260000
2003-03-05,8.965000,9.025000,8.900000,8.900000,6.818818,1894400
2003-03-06,8.907500,8.977500,8.862500,8.955000,6.860954,1744000
2003-03-07,8.957500,8.970000,8.827500,8.867500,6.793917,1244400
2003-03-10,8.860000,9.022500,8.852500,8.950000,6.857126,1882400
2003-03-11,9.000000,9.047500,8.910000,8.922500,6.836059,1476800
2003-03-12,8.922500,8.937500,8.787500,8.847500,6.778598,2416000
2003-03-13,8.887500,8.920000,8.622500,8.680000,6.650265,1364400
2003-03-14,8.697500,8.700000,8.492500,8.547500,6.548748,1656000
2003-03-17,8.600000,8.650000,8.437500,8.520000,6.527679,1267200
2003-03-18,8.520000,8.627500,8.267500,8.617500,6.602380,1756800
2003-03-19,8.617500,8.650000,8.500000,8.582500,6.575563,1708400
2003-03-20,8.582500,8.727500,8.535000,8.675000,6.646434,1231200
2003-03-21,8.737500,8.737500,8.405000,8.422500,6.452976,1254400
2003-03-24,8.422500,8.500000,8.302500,8.377500,6.418501,1317600
2003-03-25,8.325000,8.565000,8.325000,8.500000,6.512354,1159600
2003-03-26,8.500000,8.500000,8.372500,8.385000,6.424245,629200
2003-03-27,8.360000,8.637500,8.360000,8.540000,6.543001,792800
2003-03-28,8.540000,8.712500,8.540000,8.672500,6.644517,988400
2003-03-31,8.650000,8.660000,8.542500,8.572500,6.567902,1046800
2003-04-01,8.572500,8.730000,8.572500,8.697500,6.663671,974800
2003-04-02,8.697500,8.700000,8.520000,8.630000,6.611956,990400
2003-04-03,8.630000,8.645000,8.377500,8.392500,6.429991,1121200
2003-04-04,8.417500,8.445000,8.355000,8.392500,6.429991,1128400
2003-04-07,8.395000,8.435000,8.242500,8.262500,6.330393,1228400
2003-04-08,8.262500,8.275000,8.162500,8.175000,6.263354,1628400
2003-04-09,8.175000,8.310000,8.172500,8.225000,6.301662,1670800
2003-04-10,8.250000,8.375000,8.235000,8.375000,6.416583,2750800
2003-04-11,8.570000,8.570000,8.175000,8.335000,6.385938,1218800
2003-04-14,8.325000,8.412500,8.300000,8.400000,6.435738,1074400
2003-04-15,8.400000,8.400000,8.300000,8.325000,6.378277,1850000
2003-04-16,8.362500,8.397500,8.260000,8.270000,6.336139,1999200
2003-04-17,8.270000,8.370000,8.227500,8.357500,6.403180,3326800
2003-04-21,8.382500,8.450000,8.325000,8.437500,6.464469,2777200
2003-04-22,8.425000,8.542500,8.380000,8.497500,6.510440,1716400
2003-04-23,8.497500,8.557500,8.365000,8.452500,6.475963,1342000
2003-04-24,8.437500,8.550000,8.415000,8.515000,6.523846,3068400
2003-04-25,8.515000,8.515000,8.420000,8.425000,6.454893,2333200
2003-04-28,8.450000,8.525000,8.307500,8.325000,6.378277,1335200
2003-04-29,8.327500,8.327500,8.130000,8.145000,6.240368,1254000
2003-04-30,8.162500,8.410000,8.150000,8.300000,6.359125,3071600
2003-05-01,8.300000,8.382500,8.270000,8.322500,6.376362,1799200
2003-05-02,8.322500,8.497500,8.305000,8.320000,6.374447,2348800
2003-05-05,8.360000,8.385000,8.190000,8.250000,6.320815,2915600
2003-05-06,8.270000,8.280000,8.145000,8.185000,6.271015,1704000
2003-05-07,8.180000,8.312500,8.092500,8.255000,6.324646,3473200
2003-05-08,8.220000,8.320000,8.180000,8.232500,6.338118,1951600
2003-05-09,8.282500,8.325000,8.190000,8.237500,6.341969,1988000
2003-05-12,8.225000,8.350000,8.187500,8.285000,6.378539,1572000
2003-05-13,8.250000,8.472500,8.212500,8.435000,6.494023,2060000
2003-05-14,8.450000,8.532500,8.400000,8.487500,6.534440,1001200
2003-05-15,8.537500,8.557500,8.427500,8.462500,6.515191,1334400
2003-05-16,8.462500,8.485000,8.365000,8.420000,6.482473,1601200
2003-05-19,8.437500,8.525000,8.337500,8.467500,6.519041,3386400
2003-05-20,8.505000,8.650000,8.500000,8.590000,6.613354,4703600
2003-05-21,8.625000,9.075000,8.612500,9.075000,6.986751,7935600
2003-05-22,9.125000,9.157500,9.035000,9.050000,6.967506,2918000
2003-05-23,9.012500,9.105000,8.987500,9.082500,6.992527,2257600
2003-05-27,9.062500,9.237500,9.052500,9.172500,7.061814,932000
2003-05-28,9.170000,9.170000,9.000000,9.000000,6.929008,1581600
2003-05-29,9.050000,9.050000,8.875000,8.937500,6.880892,1754800
2003-05-30,8.987500,9.150000,8.972500,9.107500,7.011774,781200
2003-06-02,9.225000,9.400000,9.217500,9.315000,7.171526,1661200
2003-06-03,9.317500,9.420000,9.180000,9.417500,7.250438,1510800
2003-06-04,9.480000,9.625000,9.317500,9.507500,7.319727,2824800
2003-06-05,9.507500,9.532500,9.415000,9.517500,7.327431,1512400
2003-06-06,9.517500,9.595000,9.447500,9.475000,7.294708,2273600
2003-06-09,9.462500,9.500000,9.417500,9.450000,7.275460,1470000
2003-06-10,9.450000,9.550000,9.450000,9.530000,7.337050,1187200
2003-06-11,9.562500,9.962500,9.532500,9.945000,7.656553,2379600
2003-06-12,10.192500,10.192500,9.592500,9.655000,7.433286,2708800
2003-06-13,9.655000,9.655000,9.345000,9.467500,7.288936,2362400
2003-06-16,9.472500,9.500000,9.342500,9.412500,7.246588,2248000
2003-06-17,9.475000,9.510000,9.415000,9.425000,7.256213,2586800
2003-06-18,9.420000,9.450000,9.350000,9.355000,7.202321,2211600
2003-06-19,9.355000,9.550000,9.177500,9.457500,7.281236,2145600
2003-06-20,9.520000,9.527500,9.357500,9.472500,7.292782,8100400
2003-06-23,9.475000,9.537500,9.395000,9.460000,7.283161,1024800
2003-06-24,9.450000,9.520000,9.445000,9.457500,7.281236,707600
2003-06-25,9.462500,9.650000,9.462500,9.590000,7.383245,1299600
2003-06-26,9.575000,9.670000,9.497500,9.500000,7.313950,1851600
2003-06-27,9.500000,9.587500,9.450000,9.500000,7.313950,2043600
2003-06-30,9.505000,9.550000,9.420000,9.450000,7.275460,1410800
2003-07-01,9.447500,9.480000,9.350000,9.462500,7.285082,1294800
2003-07-02,9.462500,9.462500,9.350000,9.380000,7.221570,1484400
2003-07-03,9.380000,9.475000,9.327500,9.417500,7.250438,576000
2003-07-07,9.442500,9.455000,9.240000,9.260000,7.129180,1968400
2003-07-08,9.260000,9.260000,9.057500,9.102500,7.007922,3082800
2003-07-09,9.075000,9.250000,9.075000,9.232500,7.108006,1974000
2003-07-10,9.232500,9.232500,9.000000,9.075000,6.986751,1848000
2003-07-11,9.077500,9.247500,9.075000,9.202500,7.084914,622000
2003-07-14,9.250000,9.262500,9.075000,9.090000,6.998299,1562800
2003-07-15,9.095000,9.142500,8.995000,9.007500,6.934783,1654400
2003-07-16,9.037500,9.052500,8.970000,9.025000,6.948256,2340400
2003-07-17,9.025000,9.147500,8.995000,9.130000,7.029095,1416800
2003-07-18,9.130000,9.347500,9.110000,9.345000,7.194622,1462800
2003-07-21,9.325000,9.412500,9.250000,9.262500,7.131105,1416000
2003-07-22,9.265000,9.325000,9.225000,9.305000,7.163826,1212800
2003-07-23,9.355000,9.427500,9.200000,9.260000,7.129180,1050000
2003-07-24,9.337500,9.402500,9.195000,9.197500,7.081062,1131200
2003-07-25,9.187500,9.232500,9.112500,9.232500,7.108006,970800
2003-07-28,9.232500,9.280000,9.062500,9.235000,7.109937,2368400
2003-07-29,9.225000,9.262500,9.087500,9.105000,7.009847,1794400
2003-07-30,9.112500,9.162500,9.055000,9.145000,7.040645,1168000
2003-07-31,9.135000,9.240000,9.097500,9.125000,7.056110,1763600
2003-08-01,9.137500,9.137500,8.962500,9.062500,7.007778,1874000
2003-08-04,9.065000,9.065000,8.900000,8.962500,6.930452,2111200
2003-08-05,8.962500,9.032500,8.842500,8.842500,6.837662,1682400
2003-08-06,8.892500,9.060000,8.877500,9.030000,6.982649,1176000
2003-08-07,9.055000,9.302500,9.045000,9.300000,7.191433,1319200
2003-08-08,9.325000,9.350000,9.217500,9.290000,7.183697,895200
2003-08-11,9.275000,9.497500,9.275000,9.462500,7.317086,964000
2003-08-12,9.462500,9.612500,9.425000,9.612500,7.433076,1243600
2003-08-13,9.607500,9.712500,9.575000,9.650000,7.462074,1895200
2003-08-14,9.675000,9.707500,9.490000,9.592500,7.417612,1931200
2003-08-15,9.587500,9.677500,9.567500,9.625000,7.442746,322400
2003-08-18,9.637500,9.722500,9.635000,9.660000,7.469811,582400
2003-08-19,9.660000,9.680000,9.587500,9.612500,7.433076,878400
2003-08-20,9.662500,9.792500,9.650000,9.757500,7.545202,1172800
2003-08-21,9.737500,9.857500,9.687500,9.855000,7.620599,823200
2003-08-22,9.917500,9.917500,9.765000,9.820000,7.593535,1333200
2003-08-25,9.845000,9.882500,9.707500,9.740000,7.531672,1095600
2003-08-26,9.737500,9.740000,9.500000,9.590000,7.415681,1104400
2003-08-27,9.612500,9.700000,9.597500,9.677500,7.483344,1258400
2003-08-28,9.700000,9.870000,9.650000,9.852500,7.618663,1017200
2003-08-29,9.837500,9.935000,9.800000,9.897500,7.653461,735200
2003-09-02,9.897500,9.897500,9.750000,9.827500,7.599332,914000
2003-09-03,9.827500,9.910000,9.790000,9.902500,7.657330,1068400
2003-09-04,9.917500,9.947500,9.862500,9.925000,7.674730,978000
2003-09-05,9.900000,9.950000,9.820000,9.895000,7.651529,1196400
2003-09-08,9.895000,10.000000,9.895000,9.985000,7.721123,792800
2003-09-09,9.987500,9.987500,9.785000,9.800000,7.578065,1286400
2003-09-10,9.802500,9.825000,9.700000,9.750000,7.539406,1296000
2003-09-11,9.775000,9.827500,9.650000,9.742500,7.533606,839600
2003-09-12,9.725000,9.807500,9.677500,9.797500,7.576132,671200
2003-09-15,9.775000,9.802500,9.687500,9.710000,7.508472,1378400
2003-09-16,9.912500,9.970000,9.800000,9.842500,7.610934,2498000
2003-09-17,9.800000,9.837500,9.662500,9.667500,7.475607,1110000
2003-09-18,9.675000,9.675000,9.487500,9.495000,7.342221,3260800
2003-09-19,9.487500,9.550000,9.462500,9.517500,7.359621,2212400
2003-09-22,9.517500,9.635000,9.427500,9.615000,7.435014,1548800
2003-09-23,9.675000,9.697500,9.612500,9.667500,7.475607,763200
2003-09-24,9.860000,9.862500,9.712500,9.762500,7.549071,804000
2003-09-25,9.750000,9.762500,9.550000,9.552500,7.386682,1018800
2003-09-26,9.527500,9.547500,9.365000,9.425000,7.288092,697200
2003-09-29,9.437500,9.500000,9.400000,9.445000,7.303556,882000
2003-09-30,9.487500,9.650000,9.400000,9.575000,7.404081,1684000
2003-10-01,9.587500,9.630000,9.505000,9.627500,7.444678,1670400
2003-10-02,9.625000,9.782500,9.565000,9.782500,7.564539,1143600
2003-10-03,9.785000,9.912500,9.712500,9.902500,7.657330,1131600
2003-10-06,9.877500,9.955000,9.862500,9.945000,7.690194,1471600
2003-10-07,9.957500,9.972500,9.837500,9.955000,7.697928,827200
2003-10-08,9.980000,9.997500,9.872500,9.945000,7.690194,1326400
2003-10-09,9.945000,10.000000,9.877500,9.947500,7.692125,1162800
2003-10-10,9.965000,10.072500,9.937500,10.062500,7.781054,1098000
2003-10-13,10.100000,10.100000,10.000000,10.097500,7.808119,1925600
2003-10-14,10.097500,10.097500,9.825000,9.990000,7.724988,1157600
2003-10-15,10.075000,10.075000,9.775000,9.845000,7.612865,1311600
2003-10-16,9.845000,9.990000,9.825000,9.955000,7.697928,745600
2003-10-17,9.962500,9.975000,9.862500,9.920000,7.670862,836000
2003-10-20,9.937500,9.937500,9.832500,9.892500,7.649599,1288400
2003-10-21,9.887500,10.047500,9.887500,10.005000,7.736590,694000
2003-10-22,10.030000,10.050000,9.970000,9.992500,7.726923,785200
2003-10-23,9.992500,9.997500,9.850000,9.950000,7.694058,1550800
2003-10-24,9.950000,9.962500,9.867500,9.925000,7.674730,643600
2003-10-27,9.927500,10.012500,9.885000,9.922500,7.672794,571200
2003-10-28,9.937500,9.937500,9.775000,9.827500,7.599332,881600
2003-10-29,9.880000,9.997500,9.880000,9.980000,7.717256,1805600
2003-10-30,10.012500,10.025000,9.880000,9.952500,7.695995,1287200
2003-10-31,9.955000,10.007500,9.832500,9.930000,7.678596,792400
2003-11-03,9.970000,9.977500,9.795000,9.812500,7.587731,1281200
2003-11-04,9.812500,9.812500,9.600000,9.655000,7.465941,2336400
2003-11-05,9.670000,9.705000,9.607500,9.625000,7.442746,1437600
2003-11-06,9.625000,9.655000,9.590000,9.625000,7.481610,1300800
2003-11-07,9.625000,9.655000,9.570000,9.627500,7.483558,1170800
2003-11-10,9.640000,9.685000,9.582500,9.617500,7.475780,901600
2003-11-11,9.625000,9.650000,9.545000,9.600000,7.462176,513200
2003-11-12,9.600000,9.675000,9.597500,9.662500,7.510761,1430400
2003-11-13,9.687500,9.780000,9.657500,9.685000,7.528250,2134800
2003-11-14,9.687500,9.762500,9.612500,9.725000,7.559343,1866000
2003-11-17,9.725000,9.725000,9.550000,9.575000,7.442745,1313600
2003-11-18,9.582500,9.582500,9.500000,9.500000,7.384445,1141600
2003-11-19,9.502500,9.502500,9.370000,9.415000,7.318375,2095600
2003-11-20,9.400000,9.575000,9.400000,9.512500,7.394163,1887200
2003-11-21,9.500000,9.517500,9.455000,9.475000,7.365015,987600
2003-11-24,9.480000,9.600000,9.465000,9.600000,7.462176,1068800
2003-11-25,9.587500,9.792500,9.585000,9.787500,7.607922,2179200
2003-11-26,9.837500,9.890000,9.825000,9.887500,7.685654,835600
2003-11-28,9.875000,9.915000,9.857500,9.912500,7.705088,566000
2003-12-01,9.950000,10.055000,9.900000,10.020000,7.788649,1189200
2003-12-02,10.032500,10.182500,9.990000,10.152500,7.891641,1436400
2003-12-03,10.175000,10.240000,10.087500,10.240000,7.959658,1900000
2003-12-04,10.250000,10.595000,10.220000,10.537500,8.190907,2618000
2003-12-05,10.535000,10.685000,10.500000,10.660000,8.286122,1506800
2003-12-08,10.650000,10.870000,10.650000,10.845000,8.429933,2002400
2003-12-09,10.847500,10.847500,10.675000,10.677500,8.299728,1630800
2003-12-10,10.575000,10.667500,10.567500,10.587500,8.229773,2247200
2003-12-11,10.637500,10.717500,10.547500,10.700000,8.317221,1495600
2003-12-12,10.787500,10.982500,10.750000,10.977500,8.532919,1458000
2003-12-15,11.002500,11.022500,10.870000,10.912500,8.482398,1429600
2003-12-16,10.950000,11.112500,10.947500,11.055000,8.593165,1020000
2003-12-17,11.017500,11.185000,10.950000,11.160000,8.674782,1353600
2003-12-18,11.150000,11.445000,11.102500,11.412500,8.871050,2158400
2003-12-19,11.300000,11.370000,11.197500,11.360000,8.830245,2156800
2003-12-22,11.342500,11.400000,11.250000,11.400000,8.861336,984400
2003-12-23,11.375000,11.375000,11.187500,11.250000,8.744740,867200
2003-12-24,11.237500,11.497500,11.237500,11.450000,8.900200,394000
2003-12-26,11.437500,11.475000,11.402500,11.422500,8.878828,265200
2003-12-29,11.337500,11.400000,11.240000,11.400000,8.861336,2298400
2003-12-30,11.362500,11.365000,11.225000,11.250000,8.744740,2239600
2003-12-31,11.250000,11.275000,10.980000,11.107500,8.633971,1440000
2004-01-02,11.050000,11.295000,10.950000,11.265000,8.756399,1938000
2004-01-05,11.267500,11.497500,11.242500,11.480000,8.923520,1869600
2004-01-06,11.500000,11.500000,11.250000,11.375000,8.841901,878400
2004-01-07,11.375000,11.375000,11.162500,11.250000,8.744740,1052000
2004-01-08,11.250000,11.250000,11.100000,11.210000,8.713644,712800
2004-01-09,11.735000,11.735000,11.125000,11.410000,8.869107,1655200
2004-01-12,11.410000,11.530000,11.327500,11.527500,8.960443,1652000
2004-01-13,11.512500,11.787500,11.512500,11.572500,8.995423,2307200
2004-01-14,11.572500,11.625000,11.455000,11.502500,8.941010,1555200
2004-01-15,11.492500,11.557500,11.152500,11.160000,8.674782,1490000
2004-01-16,11.167500,11.337500,11.150000,11.317500,8.797211,1019200
2004-01-20,11.400000,11.687500,11.400000,11.645000,9.051780,1283600
2004-01-21,11.670000,11.702500,11.600000,11.627500,9.038170,1064000
2004-01-22,11.662500,11.677500,11.440000,11.520000,8.954617,1092000
2004-01-23,11.475000,11.717500,11.462500,11.707500,9.100358,1202400
2004-01-26,11.707500,11.707500,11.522500,11.690000,9.086755,639200
2004-01-27,11.627500,11.722500,11.582500,11.707500,9.100358,1170800
2004-01-28,11.707500,11.712500,11.275000,11.357500,8.828297,1894400
2004-01-29,11.362500,11.377500,11.152500,11.290000,8.775831,2072000
2004-01-30,11.290000,11.290000,10.942500,11.050000,8.589279,1192000
2004-02-02,11.062500,11.157500,10.925000,11.060000,8.597050,1772400
2004-02-03,11.060000,11.085000,10.960000,11.047500,8.587331,1840000
2004-02-04,11.037500,11.037500,10.750000,10.830000,8.418270,1273600
2004-02-05,10.795000,10.975000,10.662500,10.685000,8.305557,1720000
2004-02-06,10.697500,10.922500,10.675000,10.885000,8.500798,1589600
2004-02-09,10.910000,11.265000,10.910000,11.187500,8.737040,1370800
2004-02-10,11.237500,11.422500,11.237500,11.412500,8.912758,1073600
2004-02-11,11.395000,11.412500,11.287500,11.380000,8.887379,1287600
2004-02-12,11.375000,11.502500,11.317500,11.450000,8.942044,1125200
2004-02-13,11.425000,11.432500,11.262500,11.362500,8.873711,1320800
2004-02-17,11.387500,11.517500,11.387500,11.497500,8.979140,816000
2004-02-18,11.512500,11.525000,11.400000,11.400000,8.902996,1234400
2004-02-19,11.425000,11.425000,11.270000,11.275000,8.805378,1402000
2004-02-20,11.262500,11.320000,11.225000,11.272500,8.803423,1239200
2004-02-23,11.305000,11.315000,11.172500,11.185000,8.735092,880800
2004-02-24,11.170000,11.282500,11.135000,11.225000,8.766329,884400
2004-02-25,11.212500,11.462500,11.150000,11.455000,8.945950,1149600
2004-02-26,11.437500,11.652500,11.437500,11.565000,9.031856,1404800
2004-02-27,11.580000,11.775000,11.580000,11.695000,9.133385,1678400
2004-03-01,11.757500,12.002500,11.725000,11.972500,9.350100,1940400
2004-03-02,11.910000,12.117500,11.827500,11.862500,9.264195,1678400
2004-03-03,11.865000,11.990000,11.697500,11.962500,9.342289,1196800
2004-03-04,11.937500,11.937500,11.695000,11.735000,9.164618,1042000
2004-03-05,11.760000,11.995000,11.755000,11.995000,9.367671,1478000
2004-03-08,12.000000,12.077500,11.847500,11.897500,9.291531,1565200
2004-03-09,11.927500,11.937500,11.715000,11.797500,9.213429,984000
2004-03-10,11.812500,11.900000,11.527500,11.527500,9.002569,906400
2004-03-11,11.577500,11.577500,11.340000,11.397500,8.901044,1261600
2004-03-12,11.460000,11.655000,11.425000,11.655000,9.102144,1004000
2004-03-15,11.685000,11.812500,11.650000,11.660000,9.106045,840400
2004-03-16,11.675000,11.722500,11.475000,11.497500,8.979140,1052000
2004-03-17,11.800000,11.937500,11.647500,11.825000,9.234908,2147600
2004-03-18,11.775000,11.887500,11.687500,11.815000,9.227098,854000
2004-03-19,11.752500,11.837500,11.685000,11.692500,9.131432,502400
2004-03-22,11.637500,11.637500,11.545000,11.567500,9.033804,948000
2004-03-23,11.592500,11.612500,11.410000,11.447500,8.940093,1178000
2004-03-24,11.425000,11.480000,11.055000,11.072500,8.647231,1086000
2004-03-25,11.087500,11.165000,11.045000,11.102500,8.670660,1072400
2004-03-26,11.105000,11.282500,11.087500,11.212500,8.756568,1388000
2004-03-29,11.325000,11.525000,11.302500,11.487500,8.971335,1698800
2004-03-30,11.512500,11.787500,11.500000,11.640000,9.090426,1185200
2004-03-31,11.750000,11.842500,11.685000,11.775000,9.195857,1637200
2004-04-01,11.800000,11.910000,11.675000,11.755000,9.180243,3108400
2004-04-02,11.755000,11.875000,11.732500,11.805000,9.219284,1105600
2004-04-05,11.780000,11.847500,11.740000,11.837500,9.244671,970400
2004-04-06,11.837500,11.897500,11.732500,11.812500,9.225145,1028000
2004-04-07,11.812500,11.997500,11.757500,11.942500,9.326671,1440400
2004-04-08,11.987500,12.065000,11.937500,12.032500,9.396957,1204400
2004-04-12,12.000000,12.147500,11.985000,12.060000,9.418433,1928000
2004-04-13,12.112500,12.135000,11.925000,11.930000,9.316913,1158000
2004-04-14,11.850000,11.910000,11.757500,11.847500,9.252479,915200
2004-04-15,11.920000,12.175000,11.920000,12.132500,9.475057,3062400
2004-04-16,12.162500,12.270000,12.112500,12.200000,9.527768,2056800
2004-04-19,12.300000,12.320000,12.077500,12.132500,9.475057,2237200
2004-04-20,12.162500,12.167500,11.850000,11.850000,9.254433,1581200
2004-04-21,11.862500,11.965000,11.700000,11.932500,9.318859,1920000
2004-04-22,11.925000,12.090000,11.900000,12.090000,9.441859,1612000
2004-04-23,12.112500,12.112500,11.892500,12.002500,9.373530,1275200
2004-04-26,11.925000,12.125000,11.905000,12.002500,9.373530,2199200
2004-04-27,12.065000,12.247500,12.040000,12.195000,9.523863,1799200
2004-04-28,12.175000,12.187500,11.920000,11.952500,9.334476,1528800
2004-04-29,11.915000,11.925000,11.472500,11.557500,9.026001,1407600
2004-04-30,11.592500,11.707500,11.487500,11.525000,9.000617,1782800
2004-05-03,11.525000,11.772500,11.502500,11.750000,9.176335,3914400
2004-05-04,11.900000,12.087500,11.805000,11.817500,9.229049,3030000
2004-05-05,11.817500,11.817500,11.532500,11.750000,9.176335,4039200
2004-05-06,11.787500,11.805000,11.550000,11.660000,9.144958,2541200
2004-05-07,11.687500,11.787500,11.330000,11.390000,8.933200,2533200
2004-05-10,11.390000,11.390000,10.962500,11.065000,8.678305,2048800
2004-05-11,11.170000,11.342500,11.162500,11.332500,8.888103,1326000
2004-05-12,11.295000,11.405000,11.110000,11.292500,8.856731,1187600
2004-05-13,11.275000,11.432500,11.227500,11.277500,8.844968,1657600
2004-05-14,11.290000,11.667500,11.280000,11.512500,9.029277,1771600
2004-05-17,11.475000,11.665000,11.380000,11.512500,9.029277,2381200
2004-05-18,11.512500,11.512500,11.272500,11.275000,8.843004,1213600
2004-05-19,11.300000,11.370000,11.117500,11.130000,8.729282,1408400
2004-05-20,11.167500,11.305000,11.090000,11.142500,8.739087,1453600
2004-05-21,11.150000,11.175000,10.902500,11.057500,8.672419,1691600
2004-05-24,11.082500,11.457500,11.055000,11.397500,8.939085,1548000
2004-05-25,11.400000,11.600000,11.387500,11.590000,9.090066,1911600
2004-05-26,11.590000,11.650000,11.360000,11.450000,8.980257,2106000
2004-05-27,11.477500,11.477500,11.137500,11.265000,8.835164,1530000
2004-05-28,11.225000,11.437500,11.225000,11.335000,8.890061,681600
2004-06-01,11.450000,11.635000,11.450000,11.620000,9.113593,1998400
2004-06-02,11.670000,11.787500,11.620000,11.760000,9.223392,2653200
2004-06-03,11.725000,11.947500,11.620000,11.662500,9.146925,2201200
2004-06-04,11.700000,11.712500,11.472500,11.627500,9.119470,1256400
2004-06-07,11.620000,11.845000,11.575000,11.837500,9.284178,853600
2004-06-08,11.855000,11.950000,11.747500,11.765000,9.227313,1350400
2004-06-09,11.765000,11.775000,11.635000,11.750000,9.215549,1130400
2004-06-10,11.800000,12.007500,11.787500,11.917500,9.346920,1812400
2004-06-14,11.920000,11.935000,11.787500,11.787500,9.244956,1612000
2004-06-15,11.887500,12.105000,11.885000,12.062500,9.460645,1480000
2004-06-16,12.130000,12.330000,12.117500,12.327500,9.668487,1172400
2004-06-17,12.327500,12.437500,12.262500,12.385000,9.713584,1534800
2004-06-18,12.385000,12.420000,12.275000,12.387500,9.715545,1775600
2004-06-21,12.370000,12.550000,12.350000,12.545000,9.839072,2309200
2004-06-22,12.487500,12.625000,12.475000,12.612500,9.892010,1284000
2004-06-23,12.637500,12.907500,12.637500,12.907500,10.123379,1401200
2004-06-24,13.007500,13.015000,12.780000,12.800000,10.039066,1578400
2004-06-25,12.762500,12.870000,12.562500,12.562500,9.852795,4491600
2004-06-28,12.625000,12.625000,12.165000,12.312500,9.656716,3532800
2004-06-29,12.315000,12.465000,12.312500,12.430000,9.748879,1455600
2004-06-30,12.460000,12.750000,12.460000,12.750000,9.999853,3422400
2004-07-01,12.825000,13.007500,12.800000,13.002500,10.197889,3308800
2004-07-02,12.937500,13.175000,12.902500,13.105000,10.278278,2182800
2004-07-06,13.187500,13.397500,13.187500,13.290000,10.423377,2997200
2004-07-07,13.290000,13.357500,13.145000,13.327500,10.452784,2063200
2004-07-08,13.375000,13.437500,13.167500,13.252500,10.393966,2395200
2004-07-09,13.315000,13.400000,13.235000,13.315000,10.442984,1566000
2004-07-12,13.315000,13.325000,13.207500,13.315000,10.442984,1413200
2004-07-13,13.300000,13.425000,13.187500,13.357500,10.476313,2540800
2004-07-14,13.325000,13.575000,13.325000,13.522500,10.605722,1731200
2004-07-15,13.600000,13.717500,13.537500,13.697500,10.742976,1794000
2004-07-16,13.697500,13.842500,13.655000,13.810000,10.831214,2833200
2004-07-19,13.810000,13.877500,13.702500,13.832500,10.848859,1493600
2004-07-20,13.832500,13.855000,13.622500,13.790000,10.815529,1254800
2004-07-21,13.790000,13.952500,13.482500,13.482500,10.574352,1677200
2004-07-22,13.457500,13.625000,13.360000,13.545000,10.623375,1156000
2004-07-23,13.607500,13.637500,13.382500,13.430000,10.533181,1211600
2004-07-26,13.450000,13.590000,13.237500,13.322500,10.448868,2112800
2004-07-27,13.375000,13.575000,13.275000,13.545000,10.623375,1451600
2004-07-28,13.575000,13.685000,13.525000,13.620000,10.682197,1405200
2004-07-29,13.622500,13.762500,13.500000,13.762500,10.793958,1792400
2004-07-30,13.812500,13.870000,13.765000,13.827500,10.844943,952800
2004-08-02,13.800000,13.882500,13.585000,13.850000,10.862587,1630400
2004-08-03,13.860000,14.050000,13.850000,13.905000,10.905719,1838000
2004-08-04,14.050000,14.050000,13.455000,13.467500,10.562590,2185200
2004-08-05,13.550000,13.625000,13.137500,13.137500,10.303770,1680400
2004-08-06,12.887500,13.000000,12.695000,12.735000,10.026246,1974000
2004-08-09,12.797500,13.137500,12.750000,12.972500,10.213228,2196400
2004-08-10,12.992500,13.062500,12.875000,12.887500,10.146305,1314400
2004-08-11,12.675000,12.850000,12.625000,12.765000,10.049866,2089200
2004-08-12,12.890000,12.930000,12.400000,12.437500,9.792026,2190000
2004-08-13,12.500000,12.795000,12.485000,12.705000,10.002625,1338000
2004-08-16,12.742500,12.867500,12.575000,12.730000,10.022310,1343200
2004-08-17,12.730000,12.730000,12.397500,12.397500,9.760530,1332400
2004-08-18,12.400000,12.695000,12.400000,12.635000,9.947518,1667600
2004-08-19,12.650000,12.750000,12.625000,12.735000,10.026246,1051600
2004-08-20,12.787500,12.962500,12.737500,12.775000,10.057738,3537600
2004-08-23,12.837500,12.837500,12.430000,12.465000,9.813678,2214400
2004-08-24,12.465000,12.512500,12.242500,12.347500,9.721169,1192800
2004-08-25,12.372500,12.582500,12.320000,12.422500,9.780218,1428400
2004-08-26,12.425000,12.567500,12.265000,12.495000,9.837296,1362400
2004-08-27,12.557500,12.707500,12.550000,12.660000,9.967198,1268400
2004-08-30,12.677500,12.775000,12.497500,12.615000,9.931770,1194800
2004-08-31,12.677500,12.885000,12.677500,12.870000,10.132532,1069600
2004-09-01,12.895000,13.325000,12.850000,13.302500,10.473038,1856400
2004-09-02,13.312500,13.447500,13.300000,13.427500,10.571448,1480800
2004-09-03,13.377500,13.527500,13.322500,13.505000,10.632466,1506800
2004-09-07,13.505000,13.505000,13.337500,13.417500,10.563577,933200
2004-09-08,13.417500,13.567500,13.377500,13.432500,10.575387,1008400
2004-09-09,13.465000,13.710000,13.462500,13.680000,10.770242,931200
2004-09-10,13.662500,13.667500,13.505000,13.560000,10.675764,680400
2004-09-13,13.627500,13.750000,13.585000,13.602500,10.709229,1406800
2004-09-14,13.627500,13.675000,13.487500,13.647500,10.744656,1162400
2004-09-15,13.577500,13.705000,13.560000,13.562500,10.677738,919200
2004-09-16,13.542500,13.727500,13.525000,13.625000,10.726942,1190400
2004-09-17,13.652500,13.750000,13.567500,13.732500,10.811574,1474800
2004-09-20,13.775000,13.872500,13.725000,13.800000,10.864721,1167200
2004-09-21,13.802500,14.162500,13.775000,14.127500,11.122558,2078400
2004-09-22,14.102500,14.122500,13.980000,14.022500,11.039894,1038000
2004-09-23,14.025000,14.172500,13.950000,14.132500,11.126495,2203200
2004-09-24,14.162500,14.467500,14.137500,14.400000,11.337099,2025200
2004-09-27,14.462500,14.487500,14.325000,14.450000,11.376462,1846400
2004-09-28,14.500000,14.705000,14.500000,14.627500,11.516205,2312000
2004-09-29,14.650000,14.675000,14.232500,14.417500,11.350874,2142800
2004-09-30,14.420000,14.575000,14.420000,14.560000,11.463065,1421200
2004-10-01,14.547500,14.747500,14.382500,14.747500,11.610683,978000
2004-10-04,14.722500,14.750000,14.600000,14.685000,11.561480,728000
2004-10-05,14.772500,14.882500,14.722500,14.842500,11.685478,1751200
2004-10-06,14.875000,15.017500,14.875000,15.005000,11.813413,1720000
2004-10-07,15.012500,15.257500,14.692500,14.845000,11.687446,2386400
2004-10-08,14.832500,15.050000,14.712500,14.960000,11.777987,1851200
2004-10-11,14.960000,15.025000,14.700000,14.900000,11.730749,1932800
2004-10-12,14.925000,15.097500,14.785000,14.802500,11.653984,1864800
2004-10-13,14.802500,14.805000,14.195000,14.492500,11.409924,3820800
2004-10-14,14.542500,14.837500,14.542500,14.757500,11.618558,2229200
2004-10-15,14.820000,14.917500,14.712500,14.897500,11.728778,1846000
2004-10-18,14.925000,15.042500,14.537500,14.587500,11.484718,1830000
2004-10-19,14.500000,14.687500,14.415000,14.592500,11.488654,1950800
2004-10-20,14.717500,15.047500,14.692500,15.025000,11.829159,2430000
2004-10-21,15.087500,15.195000,14.895000,15.162500,11.937413,1741200
2004-10-22,15.187500,15.342500,15.105000,15.105000,11.892142,1325600
2004-10-25,15.130000,15.220000,14.925000,15.075000,11.868526,1185200
2004-10-26,15.012500,15.140000,14.900000,15.087500,11.878367,1603200
2004-10-27,15.150000,15.275000,14.462500,14.682500,11.559509,3208000
2004-10-28,14.582500,14.697500,14.242500,14.292500,11.252462,2019200
2004-10-29,14.317500,14.545000,14.275000,14.500000,11.415827,1526800
2004-11-01,14.600000,14.712500,14.277500,14.350000,11.297733,2208000
2004-11-02,14.750000,14.750000,14.155000,14.175000,11.159956,3275600
2004-11-03,14.400000,14.690000,14.287500,14.610000,11.502432,2431600
2004-11-04,14.735000,14.950000,14.675000,14.750000,11.612657,2762400
2004-11-05,14.825000,14.887500,14.655000,14.762500,11.662027,1632400
2004-11-08,14.700000,14.715000,14.387500,14.472500,11.432934,1515200
2004-11-09,14.475000,14.475000,14.325000,14.405000,11.379607,2184800
2004-11-10,14.475000,14.802500,14.297500,14.785000,11.679803,2829200
2004-11-11,14.785000,14.812500,14.682500,14.755000,11.656105,1412000
2004-11-12,14.755000,15.125000,14.742500,15.105000,11.932591,1359600
2004-11-15,15.017500,15.027500,14.470000,14.650000,11.573153,2813200
2004-11-16,14.687500,14.800000,14.600000,14.600000,11.533653,2350000
2004-11-17,14.602500,14.757500,14.577500,14.720000,11.628451,3504000
2004-11-18,14.720000,14.787500,14.605000,14.712500,11.622529,3878000
2004-11-19,14.775000,15.060000,14.672500,14.982500,11.835821,2112800
2004-11-22,15.032500,15.245000,15.000000,15.240000,12.039244,1930400
2004-11-23,15.277500,15.637500,15.237500,15.547500,12.282157,2915200
2004-11-24,15.597500,15.937500,15.462500,15.900000,12.560625,2773600
2004-11-26,15.925000,16.150000,15.925000,15.987500,12.629749,562400
2004-11-29,16.012501,16.042500,15.787500,15.920000,12.576425,1784400
2004-11-30,15.920000,16.080000,15.920000,15.947500,12.598150,2066400
2004-12-01,15.847500,15.915000,15.450000,15.537500,12.274259,2037600
2004-12-02,15.535000,15.535000,14.737500,14.942500,11.804221,2965200
2004-12-03,14.825000,15.200000,14.810000,15.115000,11.940495,2814000
2004-12-06,15.225000,15.225000,14.847500,15.017500,11.863469,1706400
2004-12-07,14.987500,15.005000,14.620000,14.795000,11.687697,2504800
2004-12-08,14.775000,15.020000,14.535000,14.935000,11.798294,2259200
2004-12-09,15.075000,15.075000,14.837500,15.040000,11.881243,1865600
2004-12-10,15.062500,15.127500,14.682500,14.752500,11.654128,1498800
2004-12-13,14.815000,15.072500,14.802500,15.070000,11.904944,2031600
2004-12-14,15.132500,15.202500,14.900000,15.107500,11.934570,2068800
2004-12-15,15.140000,15.397500,14.987500,15.385000,12.153788,2648000
2004-12-16,15.125000,15.125000,14.445000,14.845000,11.727200,23430400
2004-12-17,15.012500,15.070000,14.800000,15.037500,11.879274,9479600
2004-12-20,15.025000,15.175000,14.987500,15.137500,11.958266,3406400
2004-12-21,15.125000,15.445000,15.117500,15.347500,12.124157,3444400
2004-12-22,15.300000,15.420000,14.982500,15.312500,12.096512,5656800
2004-12-23,15.292500,15.487500,15.237500,15.375000,12.145885,1964000
2004-12-27,15.377500,15.377500,15.125000,15.200000,12.007637,3802000
2004-12-28,15.175000,15.392500,15.175000,15.305000,12.090590,1436400
2004-12-29,15.317500,15.377500,15.205000,15.375000,12.145885,2133600
2004-12-30,15.325000,15.325000,15.187500,15.282500,12.072812,1192000
2004-12-31,15.237500,15.445000,15.225000,15.415000,12.177485,1604800
2005-01-03,15.337500,15.337500,14.542500,14.562500,11.504033,4838400
2005-01-04,14.587500,14.707500,14.327500,14.347500,11.334189,4729600
2005-01-05,14.312500,14.435000,13.980000,14.027500,11.081390,5198400
2005-01-06,13.997500,14.307500,13.992500,14.180000,11.201868,6124400
2005-01-07,14.267500,14.267500,13.890000,14.102500,11.140639,3859200
2005-01-10,14.275000,14.525000,14.260000,14.287500,11.286787,4277600
2005-01-11,14.250000,14.350000,14.155000,14.187500,11.207787,2484000
2005-01-12,14.195000,14.440000,14.100000,14.390000,11.367760,3679200
2005-01-13,14.452500,14.820000,14.437500,14.600000,11.533653,2763600
2005-01-14,14.662500,14.775000,14.525000,14.762500,11.662027,2092800
2005-01-18,14.900000,15.045000,14.802500,14.942500,11.804221,2725600
2005-01-19,14.942500,15.062500,14.847500,14.917500,11.784474,3088800
2005-01-20,14.800000,14.855000,14.482500,14.685000,11.600804,2938800
2005-01-21,15.000000,15.050000,14.707500,14.707500,11.618577,2676400
2005-01-24,14.837500,14.895000,14.697500,14.715000,11.624500,1576000
2005-01-25,14.750000,14.800000,14.452500,14.580000,11.517852,2952400
2005-01-26,14.575000,14.750000,14.475000,14.722500,11.630427,2607600
2005-01-27,14.722500,14.912500,14.675000,14.895000,11.766698,2506800
2005-01-28,14.845000,14.845000,14.490000,14.600000,11.533653,2134400
2005-01-31,14.562500,14.900000,14.425000,14.792500,11.685724,2125600
2005-02-01,14.875000,15.047500,14.822500,14.867500,11.744971,4452000
2005-02-02,14.905000,15.057500,14.870000,15.022500,11.867418,4092000
2005-02-03,14.985000,15.035000,14.800000,14.947500,11.847601,4792400
2005-02-04,15.010000,15.010000,14.820000,14.950000,11.849587,5463200
2005-02-07,14.950000,14.992500,14.800000,14.912500,11.819864,4250800
2005-02-08,14.877500,15.017500,14.787500,14.950000,11.849587,2676000
2005-02-09,14.950000,15.160000,14.800000,14.987500,11.879312,3192400
2005-02-10,15.112500,15.430000,15.012500,15.355000,12.170594,3034400
2005-02-11,15.355000,15.627500,15.237500,15.600000,12.364786,2704000
2005-02-14,15.737500,15.760000,15.480000,15.565000,12.337044,2940000
2005-02-15,15.612500,15.612500,15.450000,15.570000,12.341008,1908000
2005-02-16,15.620000,16.112499,15.532500,16.075001,12.741279,2871600
2005-02-17,16.080000,16.112499,15.725000,15.875000,12.582751,4899200
2005-02-18,15.907500,16.280001,15.907500,16.215000,12.852242,2845200
2005-02-22,16.277500,16.487499,15.927500,16.004999,12.685792,6096400
2005-02-23,16.200001,16.350000,16.037500,16.115000,12.772981,3040800
2005-02-24,16.217501,16.517500,16.100000,16.514999,13.090028,3074800
2005-02-25,16.452499,17.145000,16.452499,17.112499,13.563618,6318000
2005-02-28,17.137501,17.512501,16.455000,16.910000,13.403115,5240400
2005-03-01,16.875000,16.905001,16.200001,16.570000,13.133623,3945600
2005-03-02,16.557501,16.842501,16.450001,16.812500,13.325826,3888800
2005-03-03,16.987499,17.174999,16.962500,17.059999,13.521999,3844800
2005-03-04,17.070000,17.192499,16.940001,17.167500,13.607210,4712800
2005-03-07,17.167500,17.227501,16.870001,17.150000,13.593337,2494400
2005-03-08,17.177500,17.312500,17.062500,17.120001,13.569559,2834400
2005-03-09,17.207500,17.647499,16.915001,16.932501,13.420946,5699200
2005-03-10,16.827499,16.827499,16.165001,16.530001,13.101917,4006000
2005-03-11,16.530001,17.020000,16.480000,16.809999,13.323850,3784000
2005-03-14,16.812500,16.995001,16.625000,16.947500,13.432834,2786000
2005-03-15,16.997499,17.100000,16.745001,16.790001,13.307999,2218000
2005-03-16,16.790001,17.075001,16.647499,16.770000,13.292147,3642400
2005-03-17,16.912500,17.174999,16.842501,16.934999,13.422923,3292800
2005-03-18,17.049999,17.215000,16.950001,17.172501,13.611174,3259200
2005-03-21,17.162500,17.299999,16.917500,17.117500,13.567580,2365200
2005-03-22,17.117500,17.417500,16.982500,16.990000,13.466525,2911600
2005-03-23,16.815001,16.815001,16.400000,16.517500,13.092010,3494000
2005-03-24,16.594999,16.900000,16.432501,16.587500,13.147492,3442000
2005-03-28,16.587500,16.700001,16.424999,16.575001,13.137584,3140800
2005-03-29,16.512501,16.719999,16.212500,16.227501,12.862151,3050800
2005-03-30,16.290001,16.520000,16.105000,16.510000,13.086065,4600400
2005-03-31,16.687500,17.092501,16.684999,17.004999,13.478408,3047200
2005-04-01,17.250000,17.625000,17.222500,17.597500,13.948030,3210000
2005-04-04,17.725000,17.900000,17.297501,17.530001,13.894533,3444400
2005-04-05,17.504999,17.635000,17.257500,17.332500,13.737991,1992800
2005-04-06,17.282499,17.665001,17.212500,17.549999,13.910382,2666800
2005-04-07,17.680000,17.717501,17.215000,17.507500,13.876697,3392400
2005-04-08,17.482500,17.559999,17.122499,17.137501,13.583431,2468800
2005-04-11,17.137501,17.302500,16.934999,17.237499,13.662686,2505600
2005-04-12,17.240000,17.325001,16.702499,16.809999,13.323850,3474800
2005-04-13,16.747499,16.802500,16.415001,16.465000,13.050394,3626000
2005-04-14,16.612499,16.750000,16.450001,16.477501,13.060306,5145200
2005-04-15,16.477501,16.477501,15.662500,15.827500,12.545103,6552800
2005-04-18,15.775000,16.000000,15.650000,15.960000,12.650127,3659600
2005-04-19,16.110001,16.277500,16.110001,16.254999,12.883948,3596000
2005-04-20,16.400000,16.412500,15.895000,15.915000,12.614459,2694800
2005-04-21,15.977500,16.312500,15.822500,16.290001,12.911685,2320400
2005-04-22,16.375000,16.674999,16.232500,16.487499,13.068230,3239600
2005-04-25,16.750000,16.875000,16.682501,16.852501,13.357533,2687200
2005-04-26,16.827499,16.855000,16.650000,16.730000,13.260438,3326000
2005-04-27,16.715000,16.737499,16.325001,16.379999,12.983022,4316400
2005-04-28,16.382500,16.382500,15.915000,16.080000,12.745243,2500800
2005-04-29,16.152500,16.225000,15.850000,16.030001,12.705610,3568400
2005-05-02,16.030001,16.362499,15.827500,16.350000,12.959245,1888000
2005-05-03,16.225000,16.240000,15.795000,15.832500,12.549070,1724000
2005-05-04,15.937500,16.350000,15.755000,16.350000,12.959245,3669600
2005-05-05,16.400000,16.592501,16.250000,16.332500,12.985085,3582400
2005-05-06,16.400000,16.422501,16.067499,16.132500,12.826076,3464800
2005-05-09,16.275000,16.320000,16.180000,16.225000,12.899615,3214800
2005-05-10,16.200001,16.312500,16.100000,16.190001,12.871791,3807600
2005-05-11,16.275000,16.662500,16.252501,16.657499,13.243475,7020000
2005-05-12,16.850000,16.975000,16.219999,16.397499,13.036756,12784800
2005-05-13,16.434999,16.527500,16.209999,16.317499,12.973161,6972400
2005-05-16,16.087500,16.717501,16.075001,16.717501,13.291180,14328800
2005-05-17,16.562500,16.957500,16.469999,16.932501,13.462115,7026400
2005-05-18,17.049999,17.375000,17.000000,17.212500,13.684724,7713200
2005-05-19,17.187500,17.469999,17.162500,17.412500,13.843738,10061200
2005-05-20,17.450001,17.500000,17.307501,17.375000,13.813918,4873200
2005-05-23,17.299999,17.665001,17.299999,17.575001,13.972927,6700800
2005-05-24,17.592501,17.737499,17.452499,17.737499,14.102121,4793200
2005-05-25,17.757500,18.077499,17.612499,17.902500,14.233303,4493600
2005-05-26,18.112499,18.112499,17.840000,18.037500,14.340640,3714400
2005-05-27,18.087500,18.377501,18.047501,18.312500,14.559277,4154400
2005-05-31,18.275000,18.639999,18.125000,18.592501,14.781886,8029600
2005-06-01,18.687500,18.740000,18.500000,18.629999,14.811702,5656000
2005-06-02,18.620001,18.764999,18.512501,18.764999,14.919030,3874000
2005-06-03,18.827499,19.007500,18.730000,18.862499,14.996547,3336400
2005-06-06,18.924999,18.975000,18.580000,18.700001,14.867359,5322800
2005-06-07,18.700001,18.832500,18.490000,18.557501,14.754064,4218800
2005-06-08,18.487499,18.969999,18.487499,18.827499,14.968725,5576800
2005-06-09,18.827499,19.237499,18.742500,19.225000,15.284748,3520800
2005-06-10,19.237499,19.272499,18.934999,19.062500,15.155554,2507200
2005-06-13,18.962500,19.237499,18.937500,19.212500,15.274817,2416000
2005-06-14,19.212500,19.282499,18.982500,19.137501,15.215182,2940000
2005-06-15,19.200001,19.312500,19.080000,19.262501,15.314569,2374400
2005-06-16,19.225000,19.459999,19.180000,19.459999,15.471594,2318800
2005-06-17,19.562500,19.670000,19.327499,19.610001,15.590844,4920800
2005-06-20,19.660000,19.719999,19.219999,19.387501,15.413951,5165200
2005-06-21,19.299999,19.400000,18.844999,18.889999,15.018414,3176800
2005-06-22,18.924999,19.087500,18.820000,19.077499,15.167485,4117600
2005-06-23,19.132500,19.504999,19.002501,19.137501,15.215182,2061600
2005-06-24,19.219999,19.309999,18.822500,18.837500,14.976672,2705200
2005-06-27,18.967501,19.347500,18.905001,19.075001,15.165493,4345200
2005-06-28,19.000000,19.022499,18.504999,18.690001,14.859401,4292000
2005-06-29,18.735001,18.950001,18.567499,18.837500,14.976672,2435600
2005-06-30,18.937500,19.395000,18.907499,18.912500,15.036299,3062800
2005-07-01,18.947500,19.412500,18.937500,19.405001,15.427860,2616000
2005-07-05,19.500000,19.862499,19.450001,19.712500,15.672331,3418400
2005-07-06,19.799999,19.945000,19.305000,19.532499,15.529227,2903200
2005-07-07,19.250000,19.942499,19.225000,19.942499,15.855198,3712800
2005-07-08,19.975000,20.142500,19.660000,19.850000,15.781661,3296400
2005-07-11,19.700001,20.035000,19.655001,20.035000,15.928740,2290400
2005-07-12,20.000000,20.332500,19.967501,20.222500,16.077818,3167200
2005-07-13,20.250000,20.334999,19.955000,20.035000,15.928740,1992000
2005-07-14,20.062500,20.197500,19.207500,19.412500,15.433823,3006400
2005-07-15,19.662500,19.875000,19.415001,19.549999,15.543139,4185600
2005-07-18,19.549999,19.662500,19.375000,19.575001,15.563017,2228800
2005-07-19,19.725000,19.992500,19.607500,19.945000,15.857183,1768000
2005-07-20,19.957500,19.987499,19.707500,19.962500,15.871099,2756000
2005-07-21,19.900000,20.112499,19.692499,19.980000,15.885009,3156400
2005-07-22,20.125000,20.677500,20.125000,20.549999,16.338186,3460000
2005-07-25,20.462500,20.745001,20.302500,20.437500,16.248745,2342000
2005-07-26,20.250000,20.392500,20.150000,20.205000,16.063900,2868800
2005-07-27,20.205000,20.352501,20.025000,20.344999,16.175201,1562800
2005-07-28,20.520000,20.690001,20.340000,20.647499,16.415705,2759200
2005-07-29,20.719999,20.767500,20.565001,20.627501,16.399805,2498800
2005-08-01,20.690001,20.812500,20.652500,20.732500,16.483290,2203200
2005-08-02,20.762501,21.370001,20.750000,21.370001,16.990135,4028800
2005-08-03,21.625000,22.100000,21.365000,21.542500,17.127270,5730400
2005-08-04,21.475000,21.920000,21.462500,21.920000,17.508677,3012000
2005-08-05,21.932501,21.942499,21.510000,21.562500,17.223120,3862000
2005-08-08,21.937500,22.215000,21.620001,21.690001,17.324966,2641200
2005-08-09,21.690001,21.725000,21.377501,21.580000,17.237110,2894000
2005-08-10,21.697500,22.202499,21.584999,22.139999,17.684406,3284400
2005-08-11,22.190001,22.325001,21.722500,22.004999,17.576572,3174800
2005-08-12,22.082500,22.172501,21.832500,22.142500,17.686399,2905600
2005-08-15,22.065001,22.097500,21.660000,21.820000,17.428804,2060400
2005-08-16,21.725000,21.799999,21.242500,21.250000,16.973518,2550400
2005-08-17,21.187500,21.400000,20.365000,20.674999,16.514231,5166000
2005-08-18,20.475000,20.812500,20.400000,20.772499,16.592106,3726400
2005-08-19,20.897499,21.299999,20.887501,21.092501,16.847706,3805600
2005-08-22,21.177500,21.340000,20.892500,21.065001,16.825747,3590800
2005-08-23,21.190001,21.295000,20.695000,21.075001,16.833736,4390400
2005-08-24,21.200001,21.522499,20.887501,21.315001,17.025433,3326400
2005-08-25,21.174999,21.340000,21.107500,21.340000,17.045404,2532800
2005-08-26,21.285000,21.415001,21.049999,21.132500,16.879654,2229600
2005-08-29,21.350000,21.497499,20.865000,21.090000,16.845711,3947200
2005-08-30,21.184999,21.522499,21.172501,21.332500,17.039408,2835600
2005-08-31,21.382500,22.195000,21.352501,22.035000,17.600529,3783200
2005-09-01,22.150000,22.430000,22.102501,22.307501,17.818193,3958800
2005-09-02,22.150000,22.150000,21.657499,21.762501,17.382874,2382000
2005-09-06,21.812500,21.975000,21.395000,21.707500,17.338938,3291600
2005-09-07,21.750000,21.959999,21.637501,21.807501,17.418823,2314000
2005-09-08,21.950001,22.165001,21.877501,21.950001,17.532637,2613600
2005-09-09,22.100000,22.600000,22.100000,22.450001,17.932022,2790000
2005-09-12,22.325001,22.325001,21.882500,21.950001,17.532637,2848400
2005-09-13,21.952499,22.142500,21.840000,21.882500,17.478724,2705200
2005-09-14,22.094999,22.207500,21.847500,22.137501,17.682409,3003200
2005-09-15,22.600000,22.625000,21.930000,22.190001,17.724340,2758400
2005-09-16,22.205000,22.420000,22.100000,22.370001,17.868113,3704000
2005-09-19,22.670000,23.250000,22.670000,22.825001,18.231550,4135400
2005-09-20,22.825001,23.000000,22.549999,22.709999,18.139692,3859200
2005-09-21,23.174999,23.600000,23.160000,23.295000,18.606964,3531600
2005-09-22,23.549999,23.930000,22.754999,23.254999,18.575014,4468600
2005-09-23,23.254999,23.275000,22.805000,22.915001,18.303440,2677000
2005-09-26,22.895000,23.455000,22.625000,23.385000,18.678856,2457000
2005-09-27,23.299999,23.299999,22.764999,23.080000,18.435236,3065200
2005-09-28,23.165001,23.385000,22.805000,23.299999,18.610960,2588400
2005-09-29,23.430000,23.760000,23.325001,23.760000,18.978380,3281400
2005-09-30,23.760000,23.910000,23.410000,23.450001,18.730772,3379400
2005-10-03,23.504999,23.980000,23.500000,23.895000,19.086222,3666200
2005-10-04,24.375000,24.375000,23.049999,23.049999,18.411268,3049200
2005-10-05,23.100000,23.165001,21.754999,22.035000,17.600529,4630800
2005-10-06,21.500000,21.500000,20.370001,20.780001,16.598099,6141600
2005-10-07,21.075001,21.190001,20.549999,20.924999,16.713919,5021800
2005-10-10,20.995001,21.180000,20.615000,20.980000,16.757847,4328200
2005-10-11,21.230000,21.480000,21.049999,21.250000,16.973518,4166800
2005-10-12,21.200001,21.480000,20.469999,20.635000,16.482285,4541400
2005-10-13,20.375000,20.389999,19.200001,19.879999,15.879213,5202400
2005-10-14,19.700001,20.235001,19.620001,20.219999,16.150797,5850000
2005-10-17,20.450001,20.830000,20.215000,20.395000,16.290579,4077000
2005-10-18,20.195000,20.295000,19.475000,19.485001,15.563713,4279600
2005-10-19,19.485001,19.549999,18.389999,19.510000,15.583686,5845000
2005-10-20,19.200001,19.320000,18.075001,18.450001,14.737008,5931600
2005-10-21,17.600000,18.840000,17.575001,18.615000,14.868799,4588600
2005-10-24,18.500000,19.510000,18.410000,19.355000,15.459876,3650800
2005-10-25,19.385000,19.965000,19.385000,19.940001,15.927145,3402200
2005-10-26,19.940001,20.379999,19.549999,19.690001,15.727452,4033800
2005-10-27,19.805000,19.980000,19.139999,19.299999,15.415946,3935400
2005-10-28,19.584999,20.180000,19.100000,20.000000,15.975067,3143400
2005-10-31,20.020000,20.475000,19.635000,20.025000,15.995038,3578200
2005-11-01,19.900000,20.450001,19.809999,20.365000,16.266613,3280000
2005-11-02,20.365000,20.725000,20.115000,20.440001,16.326517,3149000
2005-11-03,20.495001,20.809999,20.160000,20.490000,16.406593,3435200
2005-11-04,20.325001,20.350000,19.250000,19.690001,15.766028,5086800
2005-11-07,19.690001,19.690001,19.065001,19.125000,15.313621,3170200
2005-11-08,18.809999,19.195000,18.764999,19.004999,15.217534,3791000
2005-11-09,18.930000,19.120001,18.475000,18.809999,15.061401,4359400
2005-11-10,18.375000,18.405001,17.900000,17.980000,14.396806,5014600
2005-11-11,17.855000,18.370001,17.855000,18.309999,14.661037,4878200
2005-11-14,18.459999,18.665001,18.275000,18.420000,14.749119,3708400
2005-11-15,18.400000,19.389999,18.385000,18.799999,15.053390,4076400
2005-11-16,18.879999,19.344999,18.674999,19.270000,15.429726,3159800
2005-11-17,19.549999,19.565001,18.969999,19.110001,15.301615,3754800
2005-11-18,19.209999,19.209999,18.719999,18.815001,15.065397,2692800
2005-11-21,18.924999,19.184999,18.805000,19.165001,15.345656,2844400
2005-11-22,19.420000,19.870001,19.299999,19.870001,15.910152,3504400
2005-11-23,19.660000,19.745001,19.395000,19.430000,15.557837,2777600
2005-11-25,19.430000,19.680000,19.430000,19.565001,15.665930,812400
2005-11-28,19.200001,19.205000,18.184999,18.285000,14.641024,4133000
2005-11-29,18.600000,18.754999,18.400000,18.575001,14.873229,4750600
2005-11-30,18.540001,18.770000,18.514999,18.684999,14.961306,2622400
2005-12-01,18.799999,19.000000,18.684999,18.955000,15.177506,7640000
2005-12-02,19.045000,19.125000,18.725000,18.995001,15.209530,4564800
2005-12-05,19.195000,19.299999,18.995001,19.049999,15.253565,6254400
2005-12-06,19.125000,20.525000,19.049999,20.365000,16.306507,7409600
2005-12-07,20.750000,21.235001,20.660000,20.770000,16.630793,7365600
2005-12-08,20.850000,21.344999,20.730000,21.325001,17.075186,3940400
2005-12-09,21.250000,21.250000,20.670000,21.040001,16.846987,2798200
2005-12-12,21.605000,21.635000,21.195000,21.375000,17.115231,2894000
2005-12-13,21.650000,22.254999,21.650000,21.879999,17.519577,4761600
2005-12-14,21.834999,22.080000,21.514999,21.975000,17.595654,2772800
2005-12-15,21.950001,21.950001,21.075001,21.645000,17.331413,4008000
2005-12-16,21.730000,21.745001,20.930000,20.965000,16.786940,2800600
2005-12-19,20.980000,21.200001,20.680000,20.840000,16.686842,1968400
2005-12-20,21.025000,21.145000,20.830000,21.000000,16.814960,1781800
2005-12-21,21.150000,21.334999,20.844999,21.075001,16.875010,1849200
2005-12-22,21.200001,21.450001,21.125000,21.230000,16.999117,2271200
2005-12-23,21.025000,21.049999,20.485001,20.900000,16.734890,1832600
2005-12-27,20.725000,20.725000,19.825001,20.035000,16.042267,2618800
2005-12-28,20.035000,20.540001,19.965000,20.445000,16.370562,1712000
2005-12-29,20.410000,20.495001,20.084999,20.125000,16.114332,1569800
2005-12-30,19.924999,20.344999,19.775000,20.150000,16.134346,1721200
2006-01-03,20.350000,20.785000,20.275000,20.700001,16.574741,3486200
2006-01-04,20.375000,21.100000,20.264999,20.985001,16.802950,3247000
2006-01-05,20.775000,20.924999,20.180000,20.320000,16.270473,2927800
2006-01-06,20.625000,21.424999,20.510000,21.365000,17.107220,5483200
2006-01-09,21.365000,21.415001,20.799999,21.150000,16.935059,3037000
2006-01-10,21.049999,21.709999,21.030001,21.240000,17.007122,3204800
2006-01-11,21.075001,21.500000,20.900000,21.410000,17.143248,3319400
2006-01-12,21.575001,21.934999,21.110001,21.145000,16.931057,2542800
2006-01-13,20.905001,21.625000,20.900000,21.590000,17.287382,2189200
2006-01-17,21.950001,22.125000,21.575001,21.684999,17.363445,3245200
2006-01-18,21.635000,21.690001,20.715000,21.145000,16.931057,2640600
2006-01-19,21.174999,21.915001,21.000000,21.844999,17.491549,2877600
2006-01-20,22.400000,22.450001,21.670000,22.090000,17.687735,2691600
2006-01-23,21.965000,22.469999,21.879999,22.385000,17.923944,2851600
2006-01-24,22.299999,22.934999,22.275000,22.650000,18.136131,4529200
2006-01-25,22.750000,22.764999,21.740000,21.985001,17.603655,3948400
2006-01-26,22.049999,22.125000,21.205000,21.910000,17.543600,3137400
2006-01-27,22.250000,22.424999,21.855000,22.200001,17.775812,3135600
2006-01-30,22.540001,23.000000,22.504999,22.885000,18.324301,2324800
2006-01-31,22.855000,23.264999,22.830000,23.139999,18.528479,2219400
2006-02-01,23.105000,23.455000,22.485001,22.549999,18.056059,2584600
2006-02-02,22.415001,22.719999,22.075001,22.434999,18.003897,3129000
2006-02-03,22.375000,22.485001,21.955000,22.250000,17.855434,1901600
2006-02-06,22.500000,22.715000,22.100000,22.365000,17.947721,2100200
2006-02-07,22.250000,22.270000,21.325001,21.350000,17.133190,4416200
2006-02-08,21.250000,21.610001,20.709999,21.395000,17.169306,3438600
2006-02-09,21.549999,21.959999,20.594999,20.629999,16.555403,4035200
2006-02-10,20.680000,21.344999,20.155001,21.170000,16.988745,4942400
2006-02-13,21.049999,21.200001,20.385000,20.495001,16.447065,2700400
2006-02-14,20.105000,20.535000,19.725000,20.340000,16.322670,3427200
2006-02-15,20.465000,20.825001,20.110001,20.235001,16.238419,2536800
2006-02-16,20.600000,21.200001,20.525000,21.065001,16.904490,2382600
2006-02-17,21.139999,21.400000,20.775000,21.020000,16.868378,3164600
2006-02-21,21.500000,21.680000,21.070000,21.344999,17.129183,2411400
2006-02-22,21.000000,21.080000,20.660000,20.815001,16.703865,1896600
2006-02-23,21.000000,21.420000,20.650000,20.975000,16.832266,2310800
2006-02-24,21.230000,21.825001,21.150000,21.740000,17.446171,3049600
2006-02-27,21.490000,21.650000,21.135000,21.209999,17.020842,2142400
2006-02-28,21.105000,21.395000,20.834999,21.020000,16.868378,3503600
2006-03-01,21.115000,21.139999,20.745001,20.809999,16.699850,3322600
2006-03-02,20.799999,21.250000,20.735001,21.025000,16.872377,2161200
2006-03-03,20.750000,21.115000,20.680000,20.715000,16.623613,3184200
2006-03-06,20.490000,20.555000,20.084999,20.105000,16.134098,2248400
2006-03-07,19.995001,19.995001,19.375000,19.525000,15.668645,2801600
2006-03-08,19.299999,19.885000,19.160000,19.690001,15.801067,2514200
2006-03-09,19.805000,19.959999,19.370001,19.590000,15.720814,2261200
2006-03-10,19.400000,19.844999,19.264999,19.545000,15.684698,1957200
2006-03-13,19.950001,20.299999,19.870001,20.139999,16.162178,3085800
2006-03-14,20.150000,20.629999,20.020000,20.535000,16.479162,2649400
2006-03-15,20.334999,20.725000,20.245001,20.590000,16.523300,1945600
2006-03-16,20.590000,21.110001,20.459999,21.049999,16.892450,2419200
2006-03-17,21.260000,21.290001,20.895000,20.955000,16.816216,2543800
2006-03-20,20.750000,21.004999,20.440001,20.535000,16.479162,2227000
2006-03-21,20.135000,20.690001,20.135000,20.305000,16.294588,2167800
2006-03-22,20.205000,20.940001,20.205000,20.719999,16.627628,2455800
2006-03-23,20.795000,21.280001,20.730000,21.190001,17.004801,1971800
2006-03-24,21.174999,21.450001,20.959999,21.440001,17.205418,2646200
2006-03-27,21.299999,21.610001,21.080000,21.580000,17.317762,2467400
2006-03-28,21.830000,22.075001,21.665001,21.740000,17.446171,1764200
2006-03-29,21.745001,22.215000,21.705000,22.110001,17.743093,1943600
2006-03-30,22.209999,22.395000,21.860001,22.215000,17.827349,1828000
2006-03-31,22.000000,22.035000,21.705000,21.959999,17.622715,2138200
2006-04-03,22.150000,22.420000,21.910000,22.025000,17.674883,2236600
2006-04-04,21.950001,22.100000,21.790001,21.965000,17.626726,1568800
2006-04-05,21.915001,22.445000,21.834999,22.290001,17.887537,1842400
2006-04-06,22.299999,22.405001,21.910000,22.200001,17.815311,1959800
2006-04-07,22.000000,22.195000,21.690001,21.959999,17.622715,1767200
2006-04-10,22.250000,22.610001,22.205000,22.430000,17.999884,2515200
2006-04-11,22.510000,22.674999,22.254999,22.379999,17.959763,2057200
2006-04-12,22.405001,22.629999,22.219999,22.459999,18.023966,2252600
2006-04-13,22.275000,22.650000,22.049999,22.555000,18.100201,1554600
2006-04-17,22.805000,22.980000,22.684999,22.900000,18.377052,1621600
2006-04-18,23.225000,23.535000,23.155001,23.450001,18.818432,2679600
2006-04-19,23.405001,23.905001,23.250000,23.870001,19.155476,2201800
2006-04-20,23.770000,23.834999,23.230000,23.650000,18.978926,3002600
2006-04-21,23.799999,24.129999,23.709999,24.014999,19.271837,2519200
2006-04-24,23.750000,23.780001,23.230000,23.395000,18.774292,2030800
2006-04-25,23.674999,23.745001,22.580000,22.825001,18.316874,3566800
2006-04-26,22.950001,23.320000,22.264999,22.325001,17.915630,1842200
2006-04-27,21.850000,22.459999,21.700001,22.080000,17.719011,2227400
2006-04-28,22.205000,22.879999,22.049999,22.490000,18.048033,2737200
2006-05-01,22.650000,23.375000,22.575001,23.049999,18.497425,3014400
2006-05-02,23.350000,24.350000,23.264999,24.334999,19.528631,4074800
2006-05-03,24.334999,24.334999,23.510000,23.700001,19.019054,3673800
2006-05-04,23.450001,23.860001,23.000000,23.200001,18.676912,2599400
2006-05-05,23.500000,23.865000,23.405001,23.865000,19.212255,1472400
2006-05-08,23.500000,23.735001,23.200001,23.635000,19.027100,1325200
2006-05-09,23.635000,24.150000,23.455000,23.725000,19.099558,2712000
2006-05-10,23.600000,24.250000,23.535000,24.240000,19.514151,2143000
2006-05-11,24.549999,24.665001,23.875000,23.885000,19.228359,1887000
2006-05-12,23.760000,23.799999,23.025000,23.094999,18.592377,2206200
2006-05-15,22.250000,22.709999,22.215000,22.455000,18.077160,3079000
2006-05-16,22.625000,23.235001,22.400000,22.480000,18.097281,3820800
2006-05-17,22.485001,22.809999,21.580000,21.705000,17.473373,4024800
2006-05-18,21.805000,21.985001,21.280001,21.299999,17.147335,2949800
2006-05-19,21.129999,21.510000,20.680000,21.440001,17.260040,3195200
2006-05-22,21.000000,21.160000,20.075001,20.985001,16.893747,4170600
2006-05-23,21.105000,21.725000,20.690001,20.750000,16.704563,2750400
2006-05-24,20.475000,21.065001,19.930000,20.344999,16.378523,3222200
2006-05-25,20.610001,21.100000,20.450001,20.870001,16.801168,1995800
2006-05-26,20.924999,21.120001,20.725000,21.045000,16.942051,1216200
2006-05-30,21.350000,21.424999,20.705000,20.709999,16.672359,2282800
2006-05-31,21.000000,21.780001,20.855000,21.730000,17.493504,3548800
2006-06-01,21.430000,22.030001,21.280001,22.004999,17.714886,2301000
2006-06-02,22.250000,22.270000,21.844999,22.250000,17.912119,1860200
2006-06-05,22.375000,22.415001,21.260000,21.375000,17.207712,1778200
2006-06-06,21.375000,21.580000,20.840000,21.275000,17.127211,2550800
2006-06-07,21.275000,21.355000,20.555000,20.580000,16.567703,3633400
2006-06-08,20.250000,20.389999,19.520000,20.355000,16.386578,5526000
2006-06-09,20.514999,20.514999,19.500000,19.965000,16.072613,6020000
2006-06-12,20.125000,20.240000,19.215000,19.240000,15.488951,2734600
2006-06-13,19.135000,19.275000,18.070000,18.139999,14.603410,5042800
2006-06-14,18.240000,18.645000,18.100000,18.635000,15.001903,6651600
2006-06-15,18.900000,19.240000,18.780001,19.090000,15.368195,7014800
2006-06-16,19.219999,19.549999,18.790001,19.415001,15.629835,3893400
2006-06-19,19.285000,19.299999,18.405001,18.540001,14.925430,3497200
2006-06-20,18.700001,19.059999,18.415001,18.459999,14.861023,2741400
2006-06-21,18.549999,19.320000,18.525000,18.965000,15.267565,3315000
2006-06-22,18.934999,19.115000,18.674999,18.990000,15.287694,2390400
2006-06-23,20.174999,21.010000,20.120001,20.325001,16.362431,7662600
2006-06-26,20.325001,20.594999,20.030001,20.570000,16.559662,2329400
2006-06-27,20.700001,21.290001,20.655001,21.125000,17.006453,4356800
2006-06-28,21.250000,21.834999,21.180000,21.830000,17.574003,4868000
2006-06-29,22.000000,23.245001,21.875000,23.165001,18.648733,6848800
2006-06-30,23.315001,23.680000,22.855000,23.430000,18.862068,5321600
2006-07-03,23.549999,23.870001,23.315001,23.865000,19.212255,1390800
2006-07-05,23.799999,24.375000,23.635000,24.250000,19.522200,6207800
2006-07-06,24.250000,24.430000,24.000000,24.155001,19.445726,3788000
2006-07-07,24.254999,24.445000,23.504999,23.650000,19.039177,3192400
2006-07-10,23.610001,23.670000,23.275000,23.545000,18.954649,2943400
2006-07-11,23.700001,23.809999,23.334999,23.715000,19.091503,2141800
2006-07-12,23.750000,23.924999,23.365000,23.590000,18.990873,2942200
2006-07-13,23.549999,23.620001,23.049999,23.540001,18.950621,5311800
2006-07-14,23.500000,23.635000,22.725000,23.355000,18.801689,4929200
2006-07-17,23.125000,23.485001,22.930000,23.100000,18.596405,4179200
2006-07-18,23.475000,23.879999,23.065001,23.275000,18.737286,4941200
2006-07-19,23.195000,23.785000,23.094999,23.725000,19.099558,3786400
2006-07-20,23.625000,23.930000,23.170000,23.170000,18.652752,2815200
2006-07-21,23.174999,23.500000,22.665001,22.950001,18.475655,2922000
2006-07-24,23.035000,24.000000,23.025000,23.940001,19.272640,2865200
2006-07-25,24.065001,24.555000,24.000000,24.504999,19.727489,4140200
2006-07-26,24.565001,25.075001,24.165001,24.860001,20.013271,5401800
2006-07-27,24.860001,25.000000,24.250000,24.450001,19.683214,3176400
2006-07-28,24.325001,24.889999,24.290001,24.860001,20.013271,2083200
2006-07-31,25.000000,25.375000,24.945000,25.305000,20.371511,2812400
2006-08-01,25.424999,25.575001,24.625000,25.495001,20.524481,3394200
2006-08-02,25.745001,25.855000,25.055000,25.260000,20.335289,3567600
2006-08-03,24.250000,25.030001,24.219999,24.610001,19.871016,3755400
2006-08-04,24.735001,24.905001,23.985001,24.245001,19.576298,3889400
2006-08-07,24.340000,25.090000,24.139999,24.945000,20.141499,3515000
2006-08-08,24.820000,25.235001,24.715000,24.799999,20.024424,4256000
2006-08-09,25.075001,25.809999,25.075001,25.260000,20.395849,5767200
2006-08-10,25.065001,25.250000,24.855000,25.184999,20.335293,3797600
2006-08-11,25.125000,25.299999,24.805000,24.969999,20.161692,2277200
2006-08-14,24.600000,24.660000,24.150000,24.305000,19.624748,2460400
2006-08-15,24.500000,24.825001,24.299999,24.700001,19.943682,3731000
2006-08-16,24.670000,25.180000,24.670000,24.920000,20.121325,4434800
2006-08-17,24.549999,24.605000,23.924999,24.260000,19.588415,3205600
2006-08-18,24.370001,24.650000,24.055000,24.540001,19.814493,2624000
2006-08-21,24.665001,25.055000,24.590000,24.709999,19.951750,1709000
2006-08-22,24.615000,25.205000,24.594999,25.180000,20.331251,1630800
2006-08-23,25.100000,25.129999,24.475000,24.670000,19.919460,2173000
2006-08-24,24.575001,25.000000,24.495001,24.969999,20.161692,1888400
2006-08-25,25.105000,25.459999,24.980000,25.035000,20.214174,2475400
2006-08-28,24.725000,25.135000,24.575001,24.950001,20.145538,2440600
2006-08-29,24.825001,25.110001,24.610001,24.969999,20.161692,1877600
2006-08-30,24.965000,25.120001,24.030001,24.495001,19.778156,3183600
2006-08-31,24.299999,24.889999,24.299999,24.709999,19.951750,3018400
2006-09-01,24.650000,24.945000,24.530001,24.780001,20.008280,1947000
2006-09-05,24.750000,25.094999,24.565001,24.730000,19.967907,4048200
2006-09-06,24.514999,24.719999,24.080000,24.160000,19.507668,2550200
2006-09-07,24.070000,24.245001,23.725000,23.915001,19.309851,2093400
2006-09-08,24.040001,24.065001,22.879999,22.889999,18.482224,3391000
2006-09-11,22.475000,22.900000,22.299999,22.500000,18.167322,4665600
2006-09-12,22.514999,22.815001,22.115000,22.325001,18.026020,2501000
2006-09-13,22.459999,23.000000,22.450001,22.879999,18.474152,1883000
2006-09-14,22.965000,23.155001,22.270000,22.355000,18.050247,3275800
2006-09-15,22.375000,22.590000,22.184999,22.430000,18.110798,3313800
2006-09-18,22.735001,23.000000,22.355000,22.655001,18.292473,2283800
2006-09-19,22.575001,22.955000,22.075001,22.250000,17.965460,3587400
2006-09-20,22.139999,22.330000,21.674999,21.735001,17.549635,3043400
2006-09-21,21.860001,22.100000,21.725000,21.850000,17.642487,2567000
2006-09-22,21.975000,21.975000,21.370001,21.469999,17.335663,2262600
2006-09-25,21.250000,21.700001,20.900000,21.629999,17.464849,3668200
2006-09-26,21.540001,22.344999,21.540001,22.325001,18.026020,3028800
2006-09-27,22.500000,22.825001,22.299999,22.629999,18.272291,4085800
2006-09-28,22.525000,22.920000,22.459999,22.660000,18.296515,2374800
2006-09-29,22.625000,22.950001,22.520000,22.795000,18.405514,1641600
2006-10-02,22.475000,22.730000,21.950001,21.975000,17.743422,3204400
2006-10-03,21.674999,21.690001,21.290001,21.500000,17.359892,2921400
2006-10-04,21.250000,21.735001,20.885000,21.700001,17.521372,4061400
2006-10-05,22.375000,22.500000,22.070000,22.500000,18.167322,2865400
2006-10-06,22.450001,22.610001,22.174999,22.535000,18.195583,2497400
2006-10-09,22.695000,22.885000,22.195000,22.230000,17.949316,1831600
2006-10-10,22.180000,22.900000,22.180000,22.875000,18.470114,2268600
2006-10-11,22.674999,22.980000,22.440001,22.610001,18.256145,1934000
2006-10-12,22.600000,23.209999,22.455000,23.174999,18.712343,3047800
2006-10-13,23.264999,23.764999,23.264999,23.625000,19.075695,2728200
2006-10-16,23.745001,24.395000,23.665001,24.309999,19.628784,2378800
2006-10-17,24.190001,24.285000,23.665001,24.059999,19.426926,2055800
2006-10-18,24.160000,24.219999,23.655001,23.745001,19.172585,2115200
2006-10-19,23.940001,24.139999,23.740000,24.075001,19.439034,2088800
2006-10-20,24.120001,24.125000,23.715000,23.990000,19.370399,2666800
2006-10-23,23.600000,24.094999,23.575001,23.900000,19.297735,2135000
2006-10-24,23.684999,24.670000,23.655001,24.670000,19.919460,3232800
2006-10-25,24.570000,24.930000,24.365000,24.650000,19.903307,4013200
2006-10-26,24.750000,24.889999,24.165001,24.575001,19.842752,2491600
2006-10-27,24.375000,25.000000,24.295000,24.295000,19.616671,2033600
2006-10-30,24.049999,24.395000,23.924999,24.100000,19.459215,1661600
2006-10-31,24.080000,24.455000,23.690001,24.315001,19.632820,2919600
2006-11-01,24.315001,24.344999,23.635000,23.725000,19.156431,2478600
2006-11-02,23.465000,23.705000,23.200001,23.450001,18.994436,3211600
2006-11-03,23.750000,24.645000,23.725000,24.555000,19.889486,3435000
2006-11-06,24.530001,24.764999,24.344999,24.535000,19.873283,2371600
2006-11-07,24.400000,24.650000,24.225000,24.309999,19.691036,2181000
2006-11-08,24.105000,24.790001,24.100000,24.715000,20.019073,2165800
2006-11-09,24.915001,25.195000,24.785000,24.910000,20.177027,2922800
2006-11-10,24.805000,25.000000,24.695000,24.834999,20.116280,2099400
2006-11-13,24.629999,24.660000,24.275000,24.530001,19.869226,2055400
2006-11-14,24.610001,24.805000,24.305000,24.674999,19.986677,1772000
2006-11-15,24.799999,25.495001,24.775000,25.299999,20.492931,3207200
2006-11-16,25.495001,25.495001,24.445000,24.510000,19.853029,2368400
2006-11-17,24.100000,24.775000,24.100000,24.575001,19.905676,3629200
2006-11-20,25.315001,25.315001,24.275000,24.620001,19.942137,2273600
2006-11-21,24.719999,24.915001,24.610001,24.889999,20.160835,2205600
2006-11-22,24.850000,25.000000,24.395000,24.674999,19.986677,2074600
2006-11-24,24.665001,25.080000,24.665001,24.809999,20.096033,574000
2006-11-27,24.709999,24.995001,24.465000,24.485001,19.832783,1845000
2006-11-28,24.645000,25.430000,24.645000,25.325001,20.513174,2416000
2006-11-29,25.549999,26.570000,25.525000,26.555000,21.509476,3736000
2006-11-30,26.645000,26.840000,26.315001,26.750000,21.667423,2880200
2006-12-01,26.475000,26.635000,25.825001,26.495001,21.460875,3446800
2006-12-04,26.365000,26.395000,26.025000,26.240000,21.254320,2670400
2006-12-05,26.504999,26.790001,26.254999,26.674999,21.606672,2093800
2006-12-06,26.600000,26.975000,26.535000,26.600000,21.545921,1551200
2006-12-07,26.500000,26.580000,26.190001,26.440001,21.416325,1556600
2006-12-08,26.650000,26.715000,26.000000,26.010000,21.068026,2208800
2006-12-11,25.980000,26.230000,25.850000,26.094999,21.136877,2573600
2006-12-12,26.000000,26.315001,25.834999,26.020000,21.076126,2532000
2006-12-13,26.490000,26.850000,26.155001,26.469999,21.440628,2682000
2006-12-14,26.549999,27.320000,26.549999,27.014999,21.882072,3237800
2006-12-15,27.120001,27.145000,26.340000,26.395000,21.379875,2879200
2006-12-18,26.115000,26.170000,24.924999,24.955000,20.213486,3917800
2006-12-19,24.010000,25.600000,24.010000,25.530001,20.679228,3165400
2006-12-20,25.504999,25.540001,24.900000,24.900000,20.168928,2369600
2006-12-21,24.895000,25.094999,24.770000,24.940001,20.201328,1814000
2006-12-22,24.969999,25.059999,24.670000,24.670000,19.982622,1001400
2006-12-26,24.459999,24.950001,24.350000,24.629999,19.950226,1202400
2006-12-27,24.610001,25.084999,24.480000,25.035000,20.278278,2101600
2006-12-28,24.920000,25.254999,24.760000,24.905001,20.172979,1384400
2006-12-29,24.750000,24.860001,24.445000,24.535000,19.873283,1215000
2007-01-03,24.145000,24.424999,23.670000,23.940001,19.391336,3362000
2007-01-04,23.719999,23.915001,23.434999,23.549999,19.075432,4001800
2007-01-05,23.565001,24.025000,23.309999,23.889999,19.350830,2830600
2007-01-08,24.145000,24.440001,23.719999,24.084999,19.508780,2362800
2007-01-09,23.790001,24.090000,23.430000,24.004999,19.443983,2886200
2007-01-10,23.805000,23.910000,23.320000,23.344999,18.909386,3511200
2007-01-11,23.264999,23.924999,23.020000,23.165001,18.763592,3002600
2007-01-12,23.250000,23.895000,23.115000,23.725000,19.217186,3508600
2007-01-16,23.665001,24.170000,23.535000,23.725000,19.217186,4097400
2007-01-17,23.690001,24.270000,23.620001,23.945000,19.395380,2267600
2007-01-18,24.120001,24.365000,23.709999,23.975000,19.419676,2411800
2007-01-19,24.174999,24.770000,24.075001,24.650000,19.966429,3153400
2007-01-22,25.040001,25.055000,24.639999,24.805000,20.091980,2290400
2007-01-23,24.985001,25.660000,24.965000,25.400000,20.573925,2851600
2007-01-24,25.195000,25.745001,25.020000,25.705000,20.820976,3666400
2007-01-25,25.674999,25.695000,24.969999,25.174999,20.391676,3091600
2007-01-26,25.225000,25.495001,24.790001,24.920000,20.185131,3589600
2007-01-29,25.004999,25.465000,24.959999,25.125000,20.351179,2520200
2007-01-30,25.280001,26.410000,25.280001,26.379999,21.367720,4063400
2007-01-31,26.250000,26.889999,26.125000,26.705000,21.630978,4297000
2007-02-01,26.834999,26.990000,26.424999,26.750000,21.728445,3782000
2007-02-02,26.850000,26.855000,26.514999,26.799999,21.769060,2180400
2007-02-05,26.920000,27.285000,26.809999,26.865000,21.821861,2417800
2007-02-06,27.035000,27.094999,26.490000,26.780001,21.752823,2916800
2007-02-07,26.780001,26.985001,26.334999,26.540001,21.557875,2792400
2007-02-08,26.389999,26.514999,26.040001,26.360001,21.411659,3870800
2007-02-09,26.584999,26.915001,26.504999,26.725000,21.708141,3747800
2007-02-12,26.465000,26.745001,26.340000,26.690001,21.679716,3058000
2007-02-13,26.900000,27.184999,26.600000,27.084999,22.000563,2275600
2007-02-14,27.195000,27.850000,27.115000,27.805000,22.585409,5203800
2007-02-15,27.655001,27.945000,27.455000,27.865000,22.634140,4840200
2007-02-16,27.895000,28.334999,27.715000,28.245001,22.942806,3398000
2007-02-20,28.129999,28.805000,27.674999,28.625000,23.251463,5349200
2007-02-21,28.535000,28.920000,28.375000,28.875000,23.454535,3731400
2007-02-22,28.495001,29.434999,28.495001,29.344999,23.836311,3240400
2007-02-23,29.410000,29.500000,29.020000,29.325001,23.820066,2593400
2007-02-26,29.434999,29.740000,29.190001,29.219999,23.734781,3204000
2007-02-27,28.719999,29.139999,28.290001,28.625000,23.251463,4851400
2007-02-28,28.549999,29.110001,28.530001,28.785000,23.381432,6606800
2007-03-01,28.100000,29.174999,28.055000,28.745001,23.348942,4597000
2007-03-02,28.514999,28.889999,28.445000,28.690001,23.304272,6394400
2007-03-05,28.100000,28.540001,28.020000,28.355000,23.032156,4829600
2007-03-06,28.584999,29.014999,28.520000,29.010000,23.564196,5170000
2007-03-07,28.424999,29.709999,28.424999,29.225000,23.738838,3792400
2007-03-08,29.549999,29.575001,29.010000,29.094999,23.633242,3257400
2007-03-09,29.090000,29.504999,28.885000,29.299999,23.799753,2554600
2007-03-12,29.139999,29.219999,28.850000,28.950001,23.515461,2999800
2007-03-13,28.850000,29.075001,27.975000,28.129999,22.849384,4176800
2007-03-14,28.285000,28.959999,28.155001,28.924999,23.495152,2967400
2007-03-15,28.920000,29.120001,28.670000,28.834999,23.422043,2015600
2007-03-16,28.950001,28.990000,28.254999,28.320000,23.003729,2716800
2007-03-19,28.745001,28.785000,28.430000,28.760000,23.361130,2920200
2007-03-20,28.900000,29.165001,28.549999,29.155001,23.681974,2741600
2007-03-21,29.264999,29.639999,29.035000,29.490000,23.954090,2163200
2007-03-22,29.719999,30.405001,29.629999,30.245001,24.567356,3146000
2007-03-23,30.495001,30.635000,29.965000,30.150000,24.490194,2333600
2007-03-26,30.365000,30.434999,29.670000,30.090000,24.441467,3822000
2007-03-27,29.934999,30.434999,29.805000,30.125000,24.469883,3229400
2007-03-28,30.520000,30.520000,29.940001,30.344999,24.648590,3249000
2007-03-29,30.834999,30.855000,29.915001,30.115000,24.461767,3364200
2007-03-30,29.920000,30.115000,29.695000,29.825001,24.226208,3377600
2007-04-02,29.950001,30.485001,29.945000,30.450001,24.733875,2710400
2007-04-03,30.305000,30.434999,29.889999,30.344999,24.648590,1656000
2007-04-04,30.225000,30.615000,30.000000,30.570000,24.831352,1828000
2007-04-05,30.635000,30.799999,30.500000,30.655001,24.900398,1120600
2007-04-09,30.700001,31.059999,30.525000,30.650000,24.896338,1791600
2007-04-10,30.700001,31.049999,30.645000,30.995001,25.176567,1754600
2007-04-11,30.870001,31.160000,30.680000,30.790001,25.010052,2857200
2007-04-12,30.455000,31.014999,30.230000,31.000000,25.180628,4457400
2007-04-13,31.000000,31.045000,30.645000,30.780001,25.001930,2286400
2007-04-16,30.930000,31.180000,30.504999,30.905001,25.103468,1311800
2007-04-17,30.985001,31.120001,30.150000,30.315001,24.624224,2457600
2007-04-18,30.139999,30.240000,29.635000,29.865000,24.258694,3634200
2007-04-19,29.764999,29.885000,29.344999,29.405001,23.885052,2216600
2007-04-20,29.459999,30.084999,29.424999,29.900000,24.287128,3326200
2007-04-23,29.870001,30.170000,29.719999,30.094999,24.445517,1908800
2007-04-24,30.090000,30.420000,29.975000,30.014999,24.380531,2790200
2007-04-25,30.020000,30.120001,29.395000,29.834999,24.234331,5091800
2007-04-26,29.670000,29.775000,29.395000,29.575001,24.023129,3822600
2007-04-27,29.480000,30.030001,29.285000,29.775000,24.185593,2681400
2007-04-30,29.860001,30.309999,29.405001,29.405001,23.885052,3113400
2007-05-01,29.540001,30.605000,29.504999,30.160000,24.498316,5340200
2007-05-02,30.309999,30.660000,30.205000,30.525000,24.794792,3738800
2007-05-03,30.340000,30.530001,29.665001,30.375000,24.770330,2902200
2007-05-04,30.495001,30.635000,29.924999,30.084999,24.533840,2415000
2007-05-07,29.875000,30.040001,29.775000,29.920000,24.399292,3320600
2007-05-08,30.129999,30.129999,29.514999,29.920000,24.399292,2349600
2007-05-09,29.799999,29.850000,29.195000,29.590000,24.130180,2604600
2007-05-10,29.525000,29.775000,29.340000,29.434999,24.003780,2861400
2007-05-11,29.559999,30.075001,29.549999,29.955000,24.427832,3267600
2007-05-14,30.055000,30.665001,29.975000,30.450001,24.831495,4341800
2007-05-15,30.495001,30.690001,30.245001,30.325001,24.729551,3357800
2007-05-16,30.190001,30.535000,30.014999,30.535000,24.900810,2882000
2007-05-17,30.450001,31.254999,30.320000,31.105000,25.365643,2377200
2007-05-18,31.180000,31.510000,31.125000,31.405001,25.610281,2818000
2007-05-21,31.445000,32.029999,31.275000,31.825001,25.952785,4116400
2007-05-22,31.844999,31.915001,31.420000,31.495001,25.683678,2374200
2007-05-23,31.625000,31.900000,31.445000,31.490000,25.679598,2829400
2007-05-24,31.584999,31.825001,30.850000,30.940001,25.231081,2591800
2007-05-25,31.379999,31.620001,31.230000,31.465000,25.659216,1787000
2007-05-29,32.119999,32.119999,31.205000,31.445000,25.642900,2252200
2007-05-30,31.295000,32.070000,31.250000,32.070000,26.152582,2844000
2007-05-31,32.119999,32.189999,31.389999,31.645000,25.806002,3904600
2007-06-01,31.625000,31.955000,31.480000,31.584999,25.757069,2912400
2007-06-04,31.625000,32.855000,31.590000,32.750000,26.707108,3554600
2007-06-05,32.439999,32.494999,31.955000,32.365002,26.393152,2940800
2007-06-06,32.305000,32.305000,31.590000,31.740000,25.883474,2669000
2007-06-07,31.615000,32.009998,30.535000,30.645000,24.990513,2677400
2007-06-08,30.424999,30.975000,30.270000,30.955000,25.243317,1648800
2007-06-11,30.990000,31.535000,30.754999,31.155001,25.406412,2968000
2007-06-12,31.094999,31.504999,30.825001,31.004999,25.284094,2234600
2007-06-13,30.885000,31.379999,30.690001,31.219999,25.459427,2045600
2007-06-14,31.299999,31.889999,31.260000,31.745001,25.887547,1908000
2007-06-15,32.110001,32.384998,31.980000,32.314999,26.352377,1925600
2007-06-18,32.500000,32.709999,32.279999,32.500000,26.503242,1660000
2007-06-19,32.310001,32.619999,32.130001,32.244999,26.295292,2387400
2007-06-20,32.345001,32.439999,31.309999,31.340000,25.557276,2009200
2007-06-21,31.514999,32.305000,31.334999,32.255001,26.303442,2407600
2007-06-22,32.110001,32.195000,31.355000,31.600000,25.769300,3174000
2007-06-25,31.475000,31.934999,31.190001,31.485001,25.675529,3293200
2007-06-26,31.334999,31.370001,30.225000,30.360001,24.758110,3977800
2007-06-27,29.865000,30.600000,29.780001,30.559999,24.921202,5512600
2007-06-28,30.870001,31.190001,30.395000,30.600000,24.953827,3427600
2007-06-29,31.049999,31.365000,30.995001,31.195000,25.439030,2327400
2007-07-02,31.215000,31.700001,31.215000,31.700001,25.850849,2027800
2007-07-03,31.745001,31.834999,31.575001,31.639999,25.801920,1078600
2007-07-05,31.725000,31.889999,31.420000,31.790001,25.924252,1932800
2007-07-06,31.985001,31.985001,31.590000,31.830000,25.956865,1592200
2007-07-09,31.775000,32.730000,31.730000,32.599998,26.584784,2235400
2007-07-10,32.355000,32.580002,32.154999,32.270000,26.315674,1797800
2007-07-11,32.145000,32.494999,32.009998,32.480000,26.486929,1723800
2007-07-12,32.544998,32.810001,32.305000,32.805000,26.751963,2406000
2007-07-13,32.730000,33.060001,32.700001,32.744999,26.703030,1553400
2007-07-16,32.615002,32.715000,31.924999,32.055000,26.140354,1587200
2007-07-17,32.365002,33.105000,32.365002,32.514999,26.515469,1846800
2007-07-18,32.605000,33.500000,32.500000,33.400002,27.237175,1895400
2007-07-19,33.525002,33.639999,32.985001,33.480000,27.302412,1688000
2007-07-20,33.480000,33.480000,32.639999,32.855000,26.792742,2089800
2007-07-23,32.930000,32.980000,32.345001,32.459999,26.470625,1954000
2007-07-24,31.895000,32.119999,31.260000,31.490000,25.679598,2503600
2007-07-25,31.915001,32.020000,31.325001,31.905001,26.018030,1953800
2007-07-26,31.270000,31.645000,30.665001,31.170000,25.418646,3162200
2007-07-27,31.094999,31.535000,30.575001,30.875000,25.178078,2362800
2007-07-30,31.035000,31.264999,30.455000,30.945000,25.235165,2284600
2007-07-31,31.200001,31.915001,30.469999,30.570000,24.929356,2566200
2007-08-01,32.490002,32.900002,30.645000,31.735001,25.879393,5182400
2007-08-02,31.795000,32.165001,31.170000,31.895000,26.108591,3348000
2007-08-03,32.060001,32.215000,30.389999,30.510000,24.974863,3769400
2007-08-06,30.275000,30.565001,29.610001,30.490000,24.958490,3341400
2007-08-07,30.410000,30.844999,29.834999,30.684999,25.118114,3168600
2007-08-08,30.910000,31.730000,30.219999,30.815001,25.224527,3596600
2007-08-09,29.820000,30.650000,29.625000,29.870001,24.450974,5132200
2007-08-10,29.174999,30.365000,28.709999,30.190001,24.712917,3719200
2007-08-13,30.745001,31.730000,30.620001,31.014999,25.388247,2631200
2007-08-14,31.150000,31.424999,30.365000,30.389999,24.876638,2251800
2007-08-15,30.395000,30.900000,29.719999,29.815001,24.405958,2347800
2007-08-16,29.215000,29.639999,28.605000,29.580000,24.213585,3932400
2007-08-17,30.500000,30.775000,29.605000,30.549999,25.007605,2689600
2007-08-20,30.309999,30.405001,29.424999,30.084999,24.626963,1959000
2007-08-21,29.690001,30.200001,28.895000,29.084999,23.808384,2537000
2007-08-22,29.535000,30.080000,29.275000,29.924999,24.496000,2270800
2007-08-23,29.950001,30.240000,29.840000,30.135000,24.667894,2523400
2007-08-24,30.209999,30.844999,30.084999,30.844999,25.249084,1328200
2007-08-27,30.655001,30.655001,29.875000,30.084999,24.626963,1327800
2007-08-28,29.850000,30.030001,29.205000,29.450001,24.107166,1828200
2007-08-29,29.700001,30.610001,29.545000,30.545000,25.003515,1407200
2007-08-30,30.115000,30.495001,29.430000,29.610001,24.238140,2865600
2007-08-31,30.215000,30.510000,29.975000,30.035000,24.586039,1276200
2007-09-04,30.004999,31.650000,30.004999,31.360001,25.670656,2217800
2007-09-05,31.379999,31.855000,31.055000,31.465000,25.756611,3094800
2007-09-06,31.924999,32.310001,31.520000,31.924999,26.133150,1838800
2007-09-07,31.405001,31.570000,31.070000,31.445000,25.740234,2256400
2007-09-10,31.434999,31.809999,30.764999,31.360001,25.670656,1941600
2007-09-11,31.555000,31.950001,30.934999,31.920000,26.129066,2486600
2007-09-12,31.895000,32.535000,31.825001,32.360001,26.489235,2810400
2007-09-13,32.500000,32.584999,31.885000,31.959999,26.161804,1901800
2007-09-14,31.870001,32.540001,31.575001,32.355000,26.485146,1576400
2007-09-17,32.275002,32.645000,31.950001,31.975000,26.174078,1688800
2007-09-18,32.125000,33.075001,31.745001,33.014999,27.025410,2638600
2007-09-19,33.349998,33.935001,32.945000,33.075001,27.074516,1776400
2007-09-20,33.105000,33.674999,33.025002,33.514999,27.434696,1655800
2007-09-21,33.560001,33.810001,33.349998,33.505001,27.426512,2517200
2007-09-24,33.590000,34.494999,33.380001,34.360001,28.126390,3313800
2007-09-25,33.860001,34.270000,33.599998,34.060001,27.880814,3095000
2007-09-26,34.334999,34.560001,33.755001,34.180000,27.979048,1748400
2007-09-27,34.439999,35.285000,34.410000,35.275002,28.875393,2347200
2007-09-28,35.404999,35.650002,34.825001,35.020000,28.666662,2001800
2007-10-01,35.110001,35.794998,35.080002,35.744999,29.260134,1940200
2007-10-02,36.384998,36.520000,35.930000,36.255001,29.677597,3524200
2007-10-03,36.235001,36.259998,35.639999,35.709999,29.231483,2864800
2007-10-04,35.705002,36.299999,35.610001,35.965000,29.440220,2831200
2007-10-05,36.174999,36.200001,35.474998,35.875000,29.366535,42446800
2007-10-08,35.695000,36.005001,35.500000,35.779999,29.288769,2883400
2007-10-09,35.855000,36.345001,35.759998,36.299999,29.714451,3337000
2007-10-10,36.240002,37.174999,36.169998,37.070000,30.344757,3652200
2007-10-11,37.415001,38.040001,36.665001,37.049999,30.328386,3916400
2007-10-12,36.799999,37.950001,36.799999,37.924999,31.044632,2767000
2007-10-15,38.305000,39.025002,38.115002,38.220001,31.286106,3415200
2007-10-16,38.185001,38.560001,38.000000,38.189999,31.261541,2501400
2007-10-17,38.474998,38.494999,37.560001,37.974998,31.085556,2182600
2007-10-18,38.014999,39.025002,37.700001,38.965000,31.895962,3160800
2007-10-19,38.709999,38.709999,37.014999,37.070000,30.344757,3568000
2007-10-22,36.599998,37.875000,36.224998,36.799999,30.123730,3066400
2007-10-23,36.980000,37.375000,36.424999,37.000000,30.287430,1632600
2007-10-24,36.509998,37.305000,36.445000,37.215000,30.463438,2000600
2007-10-25,37.209999,37.250000,36.430000,36.884998,30.193302,3940400
2007-10-26,37.485001,37.485001,36.705002,37.090000,30.361118,4313800
2007-10-29,37.185001,37.689999,37.125000,37.525002,30.717199,2403200
2007-10-30,36.919998,37.040001,36.485001,36.564999,29.931358,2316200
2007-10-31,37.110001,38.595001,37.075001,38.270000,31.327038,3494400
2007-11-01,37.544998,38.910000,37.505001,37.605000,30.879499,3371200
2007-11-02,37.834999,38.560001,37.514999,38.055000,31.249025,2715000
2007-11-05,37.255001,38.029999,37.160000,37.599998,30.875391,2690600
2007-11-06,37.830002,38.299999,37.290001,37.500000,30.793293,3770200
2007-11-07,37.500000,37.825001,36.365002,36.380001,29.873596,3209000
2007-11-08,36.755001,37.119999,36.240002,36.855000,30.263659,3929200
2007-11-09,36.724998,37.049999,36.169998,36.549999,30.013178,3529800
2007-11-12,36.000000,36.000000,34.740002,34.845001,28.613125,4401400
2007-11-13,34.910000,35.595001,34.185001,35.105000,28.826626,4338800
2007-11-14,35.605000,36.540001,35.334999,35.369999,29.044230,2704800
2007-11-15,34.985001,35.435001,34.625000,35.064999,28.793781,3161800
2007-11-16,35.895000,36.310001,35.125000,35.865002,29.450697,2914600
2007-11-19,35.709999,36.459999,35.705002,36.250000,29.766853,3848600
2007-11-20,36.435001,37.205002,36.389999,36.785000,30.206163,3935000
2007-11-21,36.410000,36.875000,36.334999,36.334999,29.836641,3353000
2007-11-23,36.500000,37.090000,36.259998,37.044998,30.419659,1079800
2007-11-26,37.020000,37.689999,36.615002,36.615002,30.066568,4279600
2007-11-27,35.904999,36.070000,34.974998,35.605000,29.237206,4215400
2007-11-28,35.945000,36.130001,35.205002,35.785000,29.385012,4490200
2007-11-29,35.410000,36.250000,35.410000,35.955002,29.524597,3576000
2007-11-30,36.314999,36.314999,35.645000,36.020000,29.577984,2355000
2007-12-03,35.639999,36.610001,35.639999,36.500000,29.972143,2603200
2007-12-04,36.465000,36.540001,35.985001,36.009998,29.569757,3286800
2007-12-05,36.400002,37.174999,36.310001,37.090000,30.456617,3003200
2007-12-06,37.075001,38.080002,37.075001,37.959999,31.171024,3888000
2007-12-07,37.955002,38.154999,37.630001,38.025002,31.224398,2489400
2007-12-10,38.205002,38.389999,37.615002,37.834999,31.068375,1679200
2007-12-11,38.215000,38.560001,37.419998,37.419998,30.727604,4911600
2007-12-12,38.310001,38.965000,37.869999,38.450001,31.573383,4198800
2007-12-13,38.389999,38.654999,38.000000,38.630001,31.721193,3563200
2007-12-14,38.720001,38.720001,38.095001,38.095001,31.281874,2557000
2007-12-17,38.080002,38.474998,37.785000,37.860001,31.088909,2897400
2007-12-18,38.215000,39.009998,38.025002,38.650002,31.737614,2570000
2007-12-19,38.970001,39.314999,38.650002,38.985001,32.012703,2311800
2007-12-20,39.270000,39.900002,39.080002,39.820000,32.698368,2559800
2007-12-21,39.810001,40.855000,39.700001,40.820000,33.519524,3250600
2007-12-24,40.424999,40.529999,40.025002,40.035000,32.874916,975600
2007-12-26,39.709999,40.180000,39.474998,39.869999,32.739426,2485400
2007-12-27,39.834999,40.724998,39.825001,40.275002,33.071987,1840000
2007-12-28,40.705002,40.705002,40.275002,40.330002,33.117157,1562000
2007-12-31,40.264999,40.465000,39.669998,39.759998,32.649094,1650600
2008-01-02,40.035000,40.119999,39.389999,39.904999,32.768177,3333000
2008-01-03,40.084999,40.340000,39.974998,40.160000,32.977566,3850400
2008-01-04,39.910000,40.035000,39.400002,39.415001,32.365799,2777000
2008-01-07,39.544998,39.720001,38.915001,39.509998,32.443810,3614800
2008-01-08,39.855000,40.139999,38.665001,38.805000,31.864902,3670200
2008-01-09,38.849998,39.755001,38.755001,39.599998,32.517708,3412000
2008-01-10,39.310001,39.715000,38.755001,39.450001,32.394547,2578600
2008-01-11,39.014999,40.435001,38.994999,39.830002,32.706585,3046200
2008-01-14,40.259998,40.790001,40.150002,40.634998,33.367619,2893000
2008-01-15,40.305000,40.639999,39.709999,39.730000,32.624458,3234000
2008-01-16,39.630001,40.005001,38.064999,38.130001,31.310608,3546000
2008-01-17,38.195000,38.779999,36.264999,36.325001,29.828436,3234200
2008-01-18,36.580002,38.165001,35.560001,36.169998,29.701147,4422200
2008-01-22,33.605000,35.994999,32.490002,35.095001,28.818405,4068600
2008-01-23,34.134998,34.669998,32.680000,34.590000,28.403730,4153400
2008-01-24,34.750000,35.735001,34.695000,35.424999,29.089397,3102000
2008-01-25,36.025002,36.340000,34.575001,34.709999,28.502270,2657000
2008-01-28,34.875000,35.700001,34.150002,35.500000,29.150978,2477200
2008-01-29,35.730000,36.130001,35.384998,36.025002,29.582079,2528200
2008-01-30,35.799999,37.070000,35.799999,36.150002,29.684731,2628400
2008-01-31,35.320000,36.544998,35.025002,36.290001,29.898952,3128400
2008-02-01,36.525002,36.865002,36.060001,36.755001,30.282047,2368800
2008-02-04,36.825001,37.685001,36.445000,37.584999,30.965887,2497200
2008-02-05,36.950001,37.095001,35.735001,35.735001,29.441685,2645400
2008-02-06,36.299999,36.299999,35.035000,35.145000,28.955599,2413400
2008-02-07,35.035000,35.500000,34.814999,35.275002,29.062691,2821200
2008-02-08,35.134998,36.540001,35.134998,36.349998,29.948366,2380600
2008-02-11,36.500000,37.435001,36.340000,37.415001,30.825821,2172800
2008-02-12,37.384998,38.160000,36.910000,37.290001,30.722832,2415600
2008-02-13,37.365002,38.365002,37.365002,38.365002,31.608509,2055600
2008-02-14,38.450001,38.770000,38.220001,38.224998,31.493172,1931000
2008-02-15,38.240002,38.259998,37.169998,37.650002,31.019423,1977800
2008-02-19,38.165001,39.084999,38.119999,38.665001,31.855692,2245600
2008-02-20,38.250000,39.744999,38.250000,39.650002,32.667229,2597000
2008-02-21,39.820000,39.820000,38.669998,38.720001,31.900997,2433600
2008-02-22,39.105000,39.465000,38.535000,39.389999,32.452995,2069000
2008-02-25,39.575001,40.490002,39.485001,40.490002,33.359283,2573200
2008-02-26,40.005001,40.830002,39.494999,40.455002,33.330437,2661000
2008-02-27,40.500000,41.145000,40.070000,40.544998,33.404591,3013600
2008-02-28,40.970001,41.410000,40.384998,40.674999,33.511703,3135600
2008-02-29,40.505001,40.505001,38.555000,38.700001,31.884518,3439400
2008-03-03,38.724998,40.549999,38.724998,40.435001,33.313946,4847000
2008-03-04,40.264999,40.400002,39.035000,39.660000,32.675438,4048000
2008-03-05,39.990002,40.639999,39.689999,40.360001,33.252167,3402200
2008-03-06,40.064999,40.320000,39.220001,39.220001,32.312939,3131800
2008-03-07,38.915001,39.270000,37.825001,38.285000,31.542603,3713600
2008-03-10,38.244999,38.345001,37.259998,37.455002,30.858776,3848800
2008-03-11,38.145000,39.095001,37.340000,39.049999,32.172871,3818000
2008-03-12,39.060001,39.450001,38.685001,38.814999,31.979259,1744000
2008-03-13,38.029999,39.305000,37.825001,39.014999,32.144032,4501400
2008-03-14,39.115002,39.235001,37.455002,38.134998,31.419020,2871600
2008-03-17,37.154999,37.410000,35.500000,36.005001,29.664135,4117400
2008-03-18,36.994999,37.560001,36.544998,37.560001,30.945286,3096000
2008-03-19,37.375000,37.500000,34.965000,34.965000,28.807295,3673800
2008-03-20,34.224998,35.599998,32.695000,35.465000,29.219244,4745000
2008-03-24,35.474998,36.610001,35.330002,36.150002,29.783602,2434800
2008-03-25,36.634998,37.119999,36.185001,36.950001,30.442717,3862600
2008-03-26,36.830002,37.375000,36.575001,37.035000,30.512739,4435400
2008-03-27,37.400002,37.400002,36.310001,36.439999,30.022532,3954800
2008-03-28,36.005001,37.064999,35.980000,36.439999,30.022532,2933600
2008-03-31,36.439999,36.939999,35.860001,36.400002,29.989582,4475200
2008-04-01,36.810001,37.904999,35.974998,37.895000,31.221291,3781000
2008-04-02,37.990002,39.279999,37.990002,39.000000,32.131695,4059200
2008-04-03,38.935001,39.595001,38.785000,39.000000,32.131695,3521000
2008-04-04,39.320000,40.139999,39.154999,39.775002,32.770199,3160800
2008-04-07,40.090000,40.884998,40.044998,40.535000,33.396355,3688800
2008-04-08,40.435001,41.000000,40.264999,40.474998,33.346916,3117400
2008-04-09,40.924999,41.750000,40.759998,41.430000,34.133732,3518600
2008-04-10,41.424999,41.860001,40.924999,41.785000,34.426228,2945400
2008-04-11,41.669998,41.840000,41.020000,41.375000,34.088421,3481600
2008-04-14,41.509998,42.775002,41.509998,42.705002,35.184196,3241200
2008-04-15,43.060001,43.634998,42.494999,43.095001,35.505508,3318600
2008-04-16,43.375000,44.889999,43.174999,44.880001,36.976154,4041600
2008-04-17,44.619999,45.110001,43.775002,44.244999,36.452980,2652000
2008-04-18,43.875000,45.340000,43.674999,45.275002,37.301590,3146400
2008-04-21,45.250000,45.669998,45.064999,45.445000,37.441650,3688400
2008-04-22,45.480000,45.715000,45.044998,45.290001,37.313950,3606400
2008-04-23,44.119999,45.040001,43.654999,43.985001,36.238773,3404400
2008-04-24,43.855000,44.090000,42.625000,43.224998,35.612625,2823000
2008-04-25,43.799999,44.459999,43.500000,44.459999,36.630119,5902200
2008-04-28,44.674999,44.990002,44.195000,44.365002,36.551861,3227200
2008-04-29,43.529999,44.020000,43.294998,43.605000,35.925709,3098600
2008-04-30,42.875000,44.139999,42.875000,43.500000,35.839195,3406600
2008-05-01,44.105000,44.105000,40.634998,42.345001,35.032558,4303600
2008-05-02,42.935001,43.605000,42.500000,43.375000,35.884689,2676400
2008-05-05,43.625000,44.389999,43.290001,44.230000,36.592037,4687400
2008-05-06,44.435001,47.915001,44.035000,47.724998,39.483498,6955600
2008-05-07,47.994999,48.310001,46.610001,46.974998,38.863014,4620600
2008-05-08,47.084999,48.540001,46.750000,48.439999,40.075027,4281600
2008-05-09,48.840000,49.000000,47.369999,48.250000,39.917854,4807400
2008-05-12,48.189999,48.695000,47.564999,48.410000,40.050205,3470600
2008-05-13,48.415001,49.299999,47.955002,48.814999,40.385269,4697400
2008-05-14,49.500000,49.555000,48.275002,48.424999,40.062611,3561200
2008-05-15,49.250000,49.834999,48.455002,49.474998,40.931305,4215400
2008-05-16,49.919998,50.770000,49.605000,50.770000,42.002663,4091200
2008-05-19,51.250000,51.560001,50.380001,50.779999,42.010929,3754600
2008-05-20,51.150002,52.334999,50.645000,51.915001,42.949951,3758400
2008-05-21,51.974998,52.555000,50.490002,50.605000,41.866154,4612000
2008-05-22,50.814999,51.189999,49.680000,50.189999,41.522820,3336200
2008-05-23,50.235001,50.775002,48.445000,48.980000,40.521782,3211600
2008-05-27,48.770000,49.134998,48.250000,48.810001,40.381138,3495400
2008-05-28,48.744999,50.494999,48.009998,50.305000,41.617958,4907000
2008-05-29,50.075001,50.075001,48.055000,48.285000,39.946785,4400200
2008-05-30,48.435001,49.150002,48.080002,48.724998,40.310822,4225000
2008-06-02,48.500000,50.255001,48.500000,49.730000,41.142273,4368000
2008-06-03,49.674999,49.924999,48.459999,48.759998,40.339764,4692600
2008-06-04,48.279999,49.189999,47.695000,48.345001,39.996426,4315400
2008-06-05,48.380001,50.250000,48.115002,50.250000,41.572460,3724400
2008-06-06,50.615002,52.119999,50.009998,50.009998,41.373909,3761600
2008-06-09,50.080002,52.119999,50.080002,51.744999,42.809292,3445400
2008-06-10,51.075001,51.895000,48.814999,49.630001,41.059528,4142400
2008-06-11,49.755001,50.764999,49.755001,50.360001,41.663464,2872600
2008-06-12,50.415001,50.415001,48.845001,49.465000,40.923012,3496200
2008-06-13,49.110001,50.075001,48.685001,49.154999,40.666553,3377200
2008-06-16,49.650002,49.790001,48.759998,49.000000,40.538319,3756000
2008-06-17,48.985001,51.465000,48.985001,51.314999,42.453548,4048600
2008-06-18,51.500000,51.500000,50.165001,50.750000,41.986126,3286600
2008-06-19,51.494999,51.494999,48.599998,48.615002,40.219799,3974800
2008-06-20,49.459999,49.474998,47.450001,47.610001,39.388359,5631600
2008-06-23,47.599998,51.615002,47.540001,51.615002,42.701736,5193400
2008-06-24,51.305000,51.619999,50.325001,50.474998,41.758602,4385600
2008-06-25,50.845001,50.845001,48.520000,49.639999,41.067806,2873200
2008-06-26,50.474998,50.474998,47.775002,48.419998,40.058487,3571600
2008-06-27,49.044998,49.520000,48.705002,48.884998,40.443172,3164600
2008-06-30,49.200001,50.424999,49.200001,50.279999,41.597294,3207600
2008-07-01,50.220001,51.485001,49.895000,51.395000,42.519741,4159000
2008-07-02,51.404999,52.250000,47.904999,47.919998,39.644817,5219400
2008-07-03,48.160000,48.450001,46.115002,46.605000,38.556904,3545400
2008-07-07,46.525002,47.189999,44.904999,45.730000,37.833004,5002600
2008-07-08,44.889999,46.049999,43.895000,45.994999,38.052250,6037400
2008-07-09,46.209999,46.825001,43.865002,44.044998,36.438995,4358200
2008-07-10,44.275002,45.544998,43.700001,45.325001,37.497952,4792800
2008-07-11,46.220001,46.965000,44.275002,44.959999,37.195988,4451400
2008-07-14,45.575001,45.884998,44.500000,45.224998,37.415207,3436200
2008-07-15,46.014999,46.014999,42.955002,43.044998,35.611671,4727600
2008-07-16,43.125000,43.615002,41.134998,42.185001,34.900177,5737600
2008-07-17,42.105000,42.480000,39.360001,40.419998,33.439976,7561000
2008-07-18,40.365002,41.270000,39.195000,40.195000,33.253826,5854200
2008-07-21,40.849998,41.419998,39.744999,41.279999,34.151459,3862800
2008-07-22,41.044998,41.044998,39.299999,39.759998,32.893951,4284000
2008-07-23,39.695000,40.095001,37.904999,38.169998,31.578520,5496000
2008-07-24,38.314999,38.895000,36.680000,37.855000,31.317930,5183400
2008-07-25,38.044998,39.270000,37.514999,38.005001,31.442022,4321800
2008-07-28,38.180000,39.314999,37.869999,37.869999,31.330341,3275600
2008-07-29,37.660000,37.825001,36.685001,37.310001,30.867044,5472800
2008-07-30,36.674999,38.910000,35.215000,38.555000,31.897043,7994000
2008-07-31,37.639999,38.720001,36.634998,36.935001,30.700115,5252000
2008-08-01,36.939999,38.430000,36.875000,37.154999,30.882980,5020400
2008-08-04,37.215000,37.215000,34.150002,34.500000,28.676168,5902000
2008-08-05,34.185001,35.275002,33.869999,35.095001,29.170715,4332800
2008-08-06,35.060001,35.494999,34.330002,34.810001,28.933840,6542800
2008-08-07,34.855000,35.250000,33.525002,33.544998,27.882378,6026800
2008-08-08,33.310001,33.685001,31.934999,33.294998,27.674585,4699800
2008-08-11,33.299999,33.790001,32.459999,33.380001,27.745235,4069400
2008-08-12,33.825001,34.294998,33.540001,33.865002,28.148354,4768600
2008-08-13,34.200001,35.035000,33.369999,34.860001,28.975399,3928200
2008-08-14,34.770000,34.840000,33.410000,33.950001,28.219002,3396600
2008-08-15,33.814999,33.855000,33.009998,33.529999,27.869911,4101800
2008-08-18,33.715000,34.174999,32.779999,32.974998,27.408592,3580000
2008-08-19,32.970001,34.459999,32.950001,34.395000,28.588888,4583800
2008-08-20,34.865002,36.264999,34.865002,36.154999,30.051796,6002400
2008-08-21,36.505001,37.215000,36.130001,36.709999,30.513098,5092200
2008-08-22,36.110001,36.264999,34.910000,35.584999,29.578011,3486400
2008-08-25,35.619999,36.240002,35.259998,35.855000,29.802429,3245800
2008-08-26,36.255001,37.884998,36.255001,37.365002,31.057539,4271400
2008-08-27,37.900002,38.255001,37.075001,37.255001,30.966106,3906000
2008-08-28,37.735001,37.750000,35.709999,36.419998,30.272051,3826200
2008-08-29,36.720001,36.965000,35.695000,35.865002,29.810738,3466400
2008-09-02,34.970001,35.020000,33.485001,33.570000,27.903156,4152600
2008-09-03,33.685001,34.520000,32.939999,33.580002,27.911465,4615400
2008-09-04,33.660000,34.255001,32.680000,34.095001,28.339546,8060800
2008-09-05,33.945000,34.404999,32.700001,34.014999,28.273037,5941400
2008-09-08,34.459999,34.695000,32.205002,32.465000,26.984686,5728800
2008-09-09,31.950001,32.334999,28.565001,28.570000,23.747192,10031400
2008-09-10,29.129999,30.035000,28.625000,29.610001,24.611628,7549000
2008-09-11,29.160000,30.135000,28.170000,29.490000,24.511883,9304000
2008-09-12,29.969999,30.905001,29.504999,30.719999,25.534262,6779200
2008-09-15,29.110001,29.900000,28.334999,28.775000,23.917585,11588600
2008-09-16,28.150000,29.525000,26.895000,29.415001,24.449547,11157200
2008-09-17,29.315001,30.139999,27.780001,28.934999,24.050570,9540000
2008-09-18,29.834999,30.559999,28.295000,29.010000,24.112913,7924400
2008-09-19,30.035000,32.240002,29.010000,30.959999,25.733744,7572400
2008-09-22,30.855000,31.570000,30.049999,30.660000,25.484385,6766000
2008-09-23,30.735001,31.270000,29.555000,30.000000,24.935793,6728400
2008-09-24,30.240000,30.895000,29.750000,30.004999,24.939953,5685200
2008-09-25,29.965000,30.330000,29.490000,30.059999,24.985666,4963200
2008-09-26,29.215000,29.834999,28.629999,29.760000,24.736311,5215400
2008-09-29,28.475000,28.750000,25.110001,25.590000,21.270235,9351200
2008-09-30,26.570000,28.405001,25.895000,27.795000,23.103014,5161600
2008-10-01,27.830000,27.830000,26.395000,26.940001,22.392344,5109000
2008-10-02,26.250000,26.605000,23.840000,23.955000,19.911230,5088200
2008-10-03,23.969999,25.690001,23.230000,23.309999,19.375111,5057800
2008-10-06,22.215000,22.225000,19.495001,21.379999,17.770912,10987200
2008-10-07,21.719999,22.135000,19.650000,19.650000,16.332945,8080800
2008-10-08,18.995001,20.920000,18.385000,19.889999,16.532429,9138000
2008-10-09,20.480000,20.825001,17.959999,17.959999,14.928232,10215800
2008-10-10,17.084999,18.195000,15.445000,16.575001,13.777027,16628000
2008-10-13,17.504999,20.809999,17.480000,20.525000,17.060246,9739800
2008-10-14,21.430000,24.315001,21.430000,23.205000,19.287834,16999200
2008-10-15,22.030001,22.395000,19.105000,19.330000,16.066965,7577400
2008-10-16,19.610001,21.775000,18.684999,21.745001,18.074293,9459800
2008-10-17,21.240000,24.084999,20.549999,22.264999,18.506514,8512200
2008-10-20,23.155001,25.070000,23.035000,24.870001,20.671774,8130400
2008-10-21,24.065001,24.309999,22.879999,23.174999,19.262897,6845400
2008-10-22,22.094999,22.475000,19.570000,20.465000,17.010376,7476600
2008-10-23,21.000000,22.115000,19.820000,21.809999,18.128319,6767000
2008-10-24,19.629999,21.635000,18.975000,20.995001,17.450899,6504400
2008-10-27,20.605000,20.790001,18.660000,18.715000,15.555782,5376800
2008-10-28,19.795000,21.570000,18.260000,21.459999,17.837406,7400000
2008-10-29,22.250000,24.605000,22.105000,22.940001,19.067572,7414200
2008-10-30,23.900000,25.055000,23.195000,24.445000,20.479206,7085400
2008-10-31,23.995001,26.700001,23.389999,25.910000,21.706539,5075800
2008-11-03,25.680000,25.975000,24.180000,24.924999,20.881340,5722000
2008-11-04,25.725000,27.200001,25.725000,26.934999,22.565241,5259200
2008-11-05,25.684999,27.125000,25.530001,25.750000,21.572493,4455600
2008-11-06,25.309999,25.690001,23.495001,24.270000,20.332598,5597800
2008-11-07,24.500000,25.360001,23.610001,24.680000,20.676085,4804800
2008-11-10,25.445000,26.455000,24.809999,25.514999,21.375624,4761200
2008-11-11,24.785000,25.705000,24.170000,25.100000,21.027943,4606400
2008-11-12,24.450001,24.584999,22.700001,23.000000,19.268637,5256000
2008-11-13,23.645000,27.035000,22.330000,27.004999,22.623892,7313200
2008-11-14,26.020000,27.094999,25.059999,25.305000,21.199696,5766400
2008-11-17,24.320000,26.049999,24.125000,24.535000,20.554611,5191400
2008-11-18,24.834999,25.834999,23.995001,25.295000,21.191309,5368600
2008-11-19,25.165001,25.520000,23.000000,23.049999,19.310520,6081400
2008-11-20,22.344999,22.365000,19.295000,19.485001,16.323883,6895800
2008-11-21,20.135000,22.325001,19.825001,22.235001,18.627745,6998000
2008-11-24,22.670000,25.285000,22.670000,24.639999,20.642576,6429600
2008-11-25,24.799999,25.254999,23.840000,24.680000,20.676085,4584600
2008-11-26,24.555000,26.700001,24.115000,26.645000,22.322298,3746000
2008-11-28,26.610001,26.610001,24.844999,26.139999,21.899221,2194200
2008-12-01,25.245001,25.245001,22.100000,22.215000,18.610989,6395600
2008-12-02,22.594999,23.750000,22.230000,23.170000,19.411057,4310000
2008-12-03,22.500000,23.615000,22.125000,23.594999,19.767109,3853600
2008-12-04,23.014999,23.365000,20.240000,20.625000,17.278936,4436200
2008-12-05,19.945000,20.745001,18.575001,20.709999,17.350143,4884600
2008-12-08,21.680000,23.670000,21.660000,23.264999,19.490646,6101000
2008-12-09,23.334999,24.400000,22.370001,23.430000,19.628876,3099000
2008-12-10,24.400000,26.740000,23.990000,26.500000,22.200823,6651800
2008-12-11,26.705000,27.719999,25.090000,25.580000,21.430071,7496800
2008-12-12,24.495001,25.475000,23.924999,24.900000,20.860390,4134600
2008-12-15,26.240000,26.395000,24.115000,24.725000,20.713781,3912400
2008-12-16,25.285000,25.490000,24.165001,25.065001,20.998634,5055800
2008-12-17,24.615000,26.410000,24.455000,24.730000,20.717974,4620600
2008-12-18,24.915001,24.915001,22.625000,22.900000,19.184853,4296400
2008-12-19,22.930000,24.295000,22.930000,23.920000,20.039381,4880600
2008-12-22,23.920000,23.965000,22.070000,22.665001,18.987982,4280200
2008-12-23,22.299999,23.309999,22.080000,22.799999,19.101084,2429800
2008-12-24,22.389999,22.770000,22.014999,22.605000,18.937716,991600
2008-12-26,22.825001,23.084999,22.440001,23.010000,19.277014,1151000
2008-12-29,23.600000,24.000000,23.165001,23.850000,19.980734,3251400
2008-12-30,23.584999,24.320000,23.145000,24.295000,20.353544,3348200
2008-12-31,24.115000,24.920000,23.905001,24.610001,20.617439,3402600
2009-01-02,24.760000,26.295000,24.760000,26.190001,21.941111,3811800
2009-01-05,26.004999,27.540001,25.780001,26.930000,22.561066,4641800
2009-01-06,27.629999,28.410000,27.344999,27.580000,23.105612,4888800
2009-01-07,26.740000,26.969999,25.565001,26.190001,21.941111,4894800
2009-01-08,25.434999,26.690001,25.420000,26.549999,22.242712,3320400
2009-01-09,26.559999,26.870001,24.980000,25.045000,20.981871,4067000
2009-01-12,24.670000,24.790001,23.245001,23.565001,19.741976,5740000
2009-01-13,23.565001,24.674999,23.445000,24.455000,20.487587,5094600
2009-01-14,24.165001,24.180000,22.400000,22.879999,19.168102,4897000
2009-01-15,23.230000,23.705000,22.100000,23.450001,19.645630,5625200
2009-01-16,23.625000,24.575001,22.975000,23.395000,19.599552,5244200
2009-01-20,25.219999,25.250000,23.795000,23.959999,20.072889,11388600
2009-01-21,24.430000,25.049999,24.010000,24.830000,20.801748,10103400
2009-01-22,24.385000,24.830000,23.250000,24.004999,20.110592,8600200
2009-01-23,23.440001,25.165001,23.090000,24.754999,20.738918,7889600
2009-01-26,25.190001,26.350000,24.670000,25.719999,21.547363,8148400
2009-01-27,25.945000,25.945000,24.785000,25.014999,20.956734,6920600
2009-01-28,25.459999,26.025000,25.014999,25.910000,21.706539,6275400
2009-01-29,25.360001,26.070000,25.110001,25.275000,21.174559,4875400
2009-01-30,25.510000,25.940001,24.305000,24.465000,20.495962,6553400
2009-02-02,23.980000,24.674999,23.565001,24.205000,20.278143,6330200
2009-02-03,24.410000,25.405001,24.045000,25.225000,21.132669,6132200
2009-02-04,25.750000,26.500000,25.465000,25.985001,21.769373,7321000
2009-02-05,25.875000,27.150000,25.455000,26.719999,22.541275,6803000
2009-02-06,26.615000,27.785000,26.084999,27.500000,23.199287,4040600
2009-02-09,27.000000,28.424999,27.000000,27.705000,23.372231,4645200
2009-02-10,27.959999,29.120001,26.985001,27.254999,22.992603,7110800
2009-02-11,27.540001,27.840000,25.840000,26.389999,22.262886,5247600
2009-02-12,25.665001,26.815001,25.559999,26.740000,22.558142,3768600
2009-02-13,26.645000,27.424999,26.645000,27.010000,22.785921,2669600
2009-02-17,25.855000,26.150000,24.660000,24.709999,20.845619,4527800
2009-02-18,24.959999,25.115000,23.815001,24.320000,20.516609,4966600
2009-02-19,24.825001,25.620001,24.264999,24.969999,21.064953,6480400
2009-02-20,24.825001,24.825001,23.395000,24.014999,20.259304,4962000
2009-02-23,24.469999,24.645000,22.334999,22.400000,18.896868,5073000
2009-02-24,22.670000,23.764999,22.135000,23.549999,19.867027,6065200
2009-02-25,23.549999,24.014999,22.820000,23.309999,19.664560,5401400
2009-02-26,23.754999,24.309999,23.295000,23.530001,19.850159,4555000
2009-02-27,22.760000,23.605000,22.094999,22.770000,19.209011,5304800
2009-03-02,22.200001,22.299999,20.165001,20.365000,17.180132,5022600
2009-03-03,20.850000,21.620001,20.170000,20.930000,17.656769,6344800
2009-03-04,22.014999,22.740000,21.655001,21.969999,18.534122,6039400
2009-03-05,21.200001,21.940001,20.900000,21.270000,17.943596,6242400
2009-03-06,21.695000,22.225000,20.420000,21.225000,17.905632,4491400
2009-03-09,21.209999,22.110001,21.004999,21.395000,18.049049,6387800
2009-03-10,21.885000,23.035000,21.705000,22.870001,19.293371,6360400
2009-03-11,22.940001,23.565001,22.299999,22.895000,19.314463,4100000
2009-03-12,22.945000,24.055000,22.530001,23.990000,20.238213,5056600
2009-03-13,24.215000,24.264999,23.270000,23.895000,20.158077,4880600
2009-03-16,24.014999,24.969999,23.674999,24.459999,20.634720,5001600
2009-03-17,24.469999,25.514999,24.094999,25.514999,21.524725,4476000
2009-03-18,25.110001,26.084999,24.719999,26.049999,21.976057,7278400
2009-03-19,26.825001,27.725000,26.709999,26.795000,22.604544,6056600
2009-03-20,26.980000,27.160000,25.920000,25.985001,21.921221,4354400
2009-03-23,26.770000,28.655001,26.639999,28.650000,24.169445,4890000
2009-03-24,28.000000,28.280001,27.184999,27.584999,23.270996,3992400
2009-03-25,27.680000,27.825001,26.325001,27.240000,22.979950,5435600
2009-03-26,27.674999,28.155001,26.924999,27.860001,23.502987,9150000
2009-03-27,27.120001,27.120001,26.430000,26.770000,22.583450,3784000
2009-03-30,26.004999,26.299999,25.360001,26.105000,22.022451,5547400
2009-03-31,26.504999,27.559999,26.260000,26.940001,22.726864,6915000
2009-04-01,26.430000,28.120001,26.129999,27.790001,23.443933,5928000
2009-04-02,28.600000,29.514999,28.285000,29.195000,24.629210,5601800
2009-04-03,29.170000,30.000000,29.000000,29.930000,25.249268,3966400
2009-04-06,29.424999,30.090000,28.875000,29.895000,25.219738,7423800
2009-04-07,29.105000,29.340000,28.584999,29.004999,24.468927,4525400
2009-04-08,29.355000,30.219999,28.330000,29.945000,25.261915,4230200
2009-04-09,31.049999,31.400000,30.205000,30.650000,25.856661,4235400
2009-04-13,29.985001,30.850000,29.379999,30.559999,25.780737,2873600
2009-04-14,30.125000,31.184999,29.815001,30.135000,25.422203,5447000
2009-04-15,30.275000,30.695000,28.639999,29.264999,24.688257,5989000
2009-04-16,29.745001,30.420000,28.975000,30.080000,25.375809,4485800
2009-04-17,30.415001,31.014999,30.115000,30.820000,26.000069,4075000
2009-04-20,29.879999,30.180000,28.650000,28.674999,24.190531,3262400
2009-04-21,28.290001,29.865000,28.190001,29.405001,24.806372,3869200
2009-04-22,29.000000,29.320000,28.389999,28.565001,24.097736,3933000
2009-04-23,28.730000,29.490000,28.605000,29.385000,24.789494,3436800
2009-04-24,29.990000,30.645000,29.915001,30.344999,25.599363,3620800
2009-04-27,29.639999,29.639999,28.879999,29.290001,24.709351,3738600
2009-04-28,28.815001,29.570000,28.754999,29.075001,24.527979,3387800
2009-04-29,29.379999,30.525000,29.355000,30.135000,25.422203,4084600
2009-04-30,29.875000,30.135000,27.840000,28.375000,23.937450,6960200
2009-05-01,28.625000,29.790001,28.225000,29.420000,24.819019,3946800
2009-05-04,29.844999,30.469999,29.424999,30.469999,25.704815,4518800
2009-05-05,30.400000,30.400000,28.434999,29.299999,24.717783,4194200
2009-05-06,29.865000,30.235001,29.445000,30.165001,25.447510,5045800
2009-05-07,30.985001,31.400000,29.055000,29.355000,24.912849,5554400
2009-05-08,29.450001,30.275000,29.299999,29.760000,25.256559,5750000
2009-05-11,29.424999,29.525000,28.434999,28.830000,24.467289,3658600
2009-05-12,28.924999,29.235001,27.875000,28.525000,24.208452,4169800
2009-05-13,27.959999,28.219999,26.745001,26.865000,22.799648,4894200
2009-05-14,26.940001,27.375000,26.415001,27.070000,22.973621,3457600
2009-05-15,26.870001,27.004999,25.430000,25.985001,22.052814,5717400
2009-05-18,26.549999,27.594999,26.445000,27.510000,23.347046,4812000
2009-05-19,27.745001,28.920000,27.375000,28.584999,24.259369,6325200
2009-05-20,29.105000,29.674999,28.655001,28.719999,24.373940,4495600
2009-05-21,28.135000,28.174999,27.180000,27.680000,23.491316,4301400
2009-05-22,28.035000,28.340000,27.504999,27.815001,23.605886,3540800
2009-05-26,27.480000,28.584999,26.885000,28.575001,24.250879,5575400
2009-05-27,28.799999,29.135000,28.235001,28.370001,24.076906,4038600
2009-05-28,28.895000,29.600000,28.295000,29.360001,24.917088,4817200
2009-05-29,29.910000,30.344999,29.570000,29.740000,25.239590,8754000
2009-06-01,30.455000,31.850000,30.434999,31.584999,26.805391,4188000
2009-06-02,31.145000,31.934999,30.889999,31.760000,26.953907,4663600
2009-06-03,31.145000,31.209999,29.840000,30.385000,25.786983,4554600
2009-06-04,30.860001,32.020000,30.600000,31.700001,26.902983,4291400
2009-06-05,31.959999,32.485001,31.465000,31.980000,27.140617,5651800
2009-06-08,31.620001,32.389999,31.295000,32.115002,27.255192,4296000
2009-06-09,32.529999,33.255001,32.340000,33.049999,28.048702,4545800
2009-06-10,33.264999,33.695000,32.669998,33.150002,28.133568,3560800
2009-06-11,33.154999,34.535000,33.095001,33.825001,28.706421,3056800
2009-06-12,33.084999,33.455002,32.544998,33.384998,28.332998,3426200
2009-06-15,32.865002,33.115002,32.240002,32.689999,27.743176,2655000
2009-06-16,33.125000,33.299999,31.445000,31.635000,26.847826,3490800
2009-06-17,31.715000,31.730000,30.424999,31.090000,26.385298,3089400
2009-06-18,31.084999,31.340000,30.375000,30.709999,26.062801,2186800
2009-06-19,31.094999,31.094999,29.809999,30.080000,25.528137,3755800
2009-06-22,29.520000,29.540001,27.934999,28.540001,24.221174,4487000
2009-06-23,28.865000,28.865000,27.745001,28.420000,24.119333,3536200
2009-06-24,28.650000,28.930000,28.424999,28.665001,24.327263,3487400
2009-06-25,28.645000,29.469999,28.514999,29.365000,24.921335,3615200
2009-06-26,29.139999,29.469999,28.815001,29.045000,24.649754,3424200
2009-06-29,29.360001,29.840000,29.075001,29.655001,25.167446,3984000
2009-06-30,29.620001,29.965000,28.969999,29.485001,25.023172,3580200
2009-07-01,29.885000,30.350000,29.830000,29.895000,25.371132,4890800
2009-07-02,29.325001,29.325001,28.070000,28.219999,23.949604,3055400
2009-07-06,27.370001,27.545000,26.825001,27.469999,23.313095,3617400
2009-07-07,27.485001,27.610001,26.605000,26.655001,22.621422,4133000
2009-07-08,26.815001,27.180000,25.745001,26.375000,22.383799,5231800
2009-07-09,26.690001,27.525000,26.525000,27.405001,23.257936,5331000
2009-07-10,26.910000,27.440001,26.565001,27.315001,23.181547,3478800
2009-07-13,27.305000,27.924999,26.434999,27.915001,23.690756,3577600
2009-07-14,28.285000,28.510000,27.785000,28.170000,23.907173,3359600
2009-07-15,28.705000,28.875000,28.410000,28.730000,24.382425,4002000
2009-07-16,28.490000,29.299999,28.235001,29.115000,24.709177,3597000
2009-07-17,29.160000,29.465000,28.895000,29.065001,24.666729,3377200
2009-07-20,29.459999,29.969999,29.395000,29.840000,25.324455,2773000
2009-07-21,30.190001,30.395000,29.360001,30.070000,25.519650,2970400
2009-07-22,29.625000,30.035000,29.250000,29.334999,24.895878,5029600
2009-07-23,29.420000,30.165001,29.219999,30.025000,25.481464,4234600
2009-07-24,29.725000,30.145000,29.475000,29.995001,25.455997,3914600
2009-07-27,30.125000,30.165001,29.400000,29.700001,25.205641,4103200
2009-07-28,29.350000,29.825001,28.799999,29.299999,24.866169,5114000
2009-07-29,28.495001,28.555000,27.570000,28.330000,24.042957,4552400
2009-07-30,28.895000,30.490000,28.730000,30.000000,25.460243,7495200
2009-07-31,29.430000,30.879999,29.430000,30.559999,25.935497,4210400
2009-08-03,31.184999,32.215000,31.155001,31.990000,27.149099,4103800
2009-08-04,31.770000,31.770000,30.895000,31.090000,26.385298,3833600
2009-08-05,30.969999,31.000000,30.049999,30.325001,25.736061,3788000
2009-08-06,30.250000,30.795000,30.000000,30.184999,25.770212,2744000
2009-08-07,30.555000,30.940001,30.090000,30.205000,25.787283,2659400
2009-08-10,30.115000,30.475000,29.895000,30.160000,25.748867,2976600
2009-08-11,29.990000,29.990000,29.625000,29.730000,25.381752,1762400
2009-08-12,29.635000,30.665001,29.500000,30.370001,25.928154,2875000
2009-08-13,30.690001,30.690001,30.000000,30.495001,26.034870,2180800
2009-08-14,30.570000,30.570000,29.500000,29.950001,25.569586,1490400
2009-08-17,29.469999,29.475000,28.830000,29.100000,24.843895,2276200
2009-08-18,29.084999,29.655001,28.959999,29.540001,25.219545,1762600
2009-08-19,29.254999,30.389999,29.075001,30.065001,25.667761,2559800
2009-08-20,30.090000,30.545000,29.924999,30.290001,25.859854,2729200
2009-08-21,30.415001,31.020000,30.250000,30.799999,26.295263,3880000
2009-08-24,31.125000,31.459999,30.990000,31.184999,26.623951,2536200
2009-08-25,31.219999,31.475000,30.445000,30.594999,26.120245,2297200
2009-08-26,30.250000,31.000000,30.250000,31.000000,26.466013,2857800
2009-08-27,30.825001,30.934999,29.985001,30.745001,26.248302,2112600
2009-08-28,31.080000,31.490000,30.910000,31.040001,26.500170,1865600
2009-08-31,30.575001,30.575001,29.975000,30.230000,25.808634,1943200
2009-09-01,30.115000,30.530001,29.540001,29.540001,25.219545,2799200
2009-09-02,29.405001,30.020000,29.405001,29.790001,25.432987,2552200
2009-09-03,30.090000,30.209999,29.799999,30.049999,25.654955,2200400
2009-09-04,29.990000,30.535000,29.875000,30.535000,26.069025,1255000
2009-09-08,31.215000,31.680000,31.100000,31.629999,27.003872,2243400
2009-09-09,31.745001,32.645000,31.735001,32.474998,27.725279,3946600
2009-09-10,32.650002,33.415001,32.270000,33.320000,28.446692,2983200
2009-09-11,33.529999,33.935001,32.410000,33.060001,28.224722,3292000
2009-09-14,32.575001,33.485001,32.360001,33.470001,28.574762,3139400
2009-09-15,33.700001,34.500000,33.570000,34.325001,29.304693,3044800
2009-09-16,34.490002,35.080002,34.275002,35.055000,29.927938,4894400
2009-09-17,35.035000,35.174999,34.605000,34.785000,29.697414,3445400
2009-09-18,35.005001,35.035000,34.139999,34.439999,29.402885,3184200
2009-09-21,33.705002,34.080002,33.500000,34.000000,29.027245,3155800
2009-09-22,34.639999,34.654999,34.154999,34.395000,29.364464,2037800
2009-09-23,34.494999,34.494999,33.305000,33.605000,28.690014,3072600
2009-09-24,33.630001,33.715000,32.785000,32.955002,28.135082,3402800
2009-09-25,33.080002,33.294998,32.400002,32.895000,28.083853,1819400
2009-09-28,33.075001,33.415001,32.744999,33.395000,28.510731,1829400
2009-09-29,33.294998,33.500000,32.830002,33.230000,28.369860,1980200
2009-09-30,33.590000,33.590000,32.634998,32.980000,28.156424,4199200
2009-10-01,32.910000,33.080002,31.700001,31.715000,27.076433,2706000
2009-10-02,31.129999,32.264999,31.125000,32.099998,27.405130,3388800
2009-10-05,32.195000,32.985001,31.879999,32.955002,28.135082,2970400
2009-10-06,33.470001,34.040001,33.334999,33.814999,28.869293,2976600
2009-10-07,33.660000,34.009998,33.455002,33.915001,28.954668,2721200
2009-10-08,34.125000,35.340000,34.049999,35.185001,30.038929,2796000
2009-10-09,35.160000,35.419998,34.945000,35.334999,30.166979,2126600
2009-10-12,35.794998,36.325001,35.509998,35.750000,30.521292,1832000
2009-10-13,35.840000,35.919998,34.889999,35.564999,30.363337,2546600
2009-10-14,36.165001,36.189999,35.700001,36.119999,30.837175,2242000
2009-10-15,35.820000,36.730000,35.639999,36.705002,31.336615,2844000
2009-10-16,36.419998,36.939999,36.084999,36.794998,31.413443,2968800
2009-10-19,36.715000,37.009998,36.529999,36.834999,31.447601,2574400
2009-10-20,36.715000,37.000000,35.785000,36.049999,30.777399,3857800
2009-10-21,35.740002,36.349998,35.064999,35.090000,29.957819,5765400
2009-10-22,34.904999,35.630001,34.595001,35.555000,30.354794,2858800
2009-10-23,35.605000,35.955002,34.435001,34.744999,29.663280,2638400
2009-10-26,34.970001,36.799999,34.970001,35.014999,29.893785,5129400
2009-10-27,35.334999,35.730000,34.669998,35.169998,30.026110,3873000
2009-10-28,34.860001,34.860001,33.345001,33.465000,28.570484,4103600
2009-10-29,33.915001,34.869999,33.549999,34.255001,29.244949,5167400
2009-10-30,34.169998,34.235001,32.375000,32.814999,28.015556,5762400
2009-11-02,33.000000,33.740002,32.435001,32.845001,28.041166,4630200
2009-11-03,32.330002,33.279999,32.020000,33.134998,28.288748,3832800
2009-11-04,33.595001,33.945000,32.935001,33.070000,28.233257,2989600
2009-11-05,33.299999,33.570000,32.660000,33.439999,28.705385,3280400
2009-11-06,32.919998,33.849998,32.865002,33.369999,28.645298,2114000
2009-11-09,34.029999,34.654999,33.919998,34.595001,29.696857,2573400
2009-11-10,34.375000,35.099998,34.250000,35.000000,30.044512,3162600
2009-11-11,35.250000,35.610001,34.695000,34.855000,29.920046,2637000
2009-11-12,34.490002,34.755001,33.270000,33.419998,28.688215,3404200
2009-11-13,32.869999,33.299999,32.560001,33.020000,28.344854,5211200
2009-11-16,33.285000,34.174999,33.285000,33.900002,29.100264,3389600
2009-11-17,33.869999,33.924999,33.330002,33.529999,28.782644,2974000
2009-11-18,33.619999,33.755001,32.750000,32.900002,28.241837,3085200
2009-11-19,32.595001,32.689999,31.844999,32.095001,27.550819,3908200
2009-11-20,31.915001,32.570000,31.745001,32.384998,27.799755,5398400
2009-11-23,32.950001,33.424999,32.494999,32.660000,28.035822,2452800
2009-11-24,32.660000,32.970001,32.500000,32.830002,28.181753,2602400
2009-11-25,32.889999,33.430000,32.384998,33.314999,28.598085,2237200
2009-11-27,32.279999,32.700001,31.920000,32.459999,27.864141,1355800
2009-11-30,32.270000,32.794998,32.180000,32.625000,28.005779,2841200
2009-12-01,33.099998,33.560001,33.084999,33.360001,28.636711,1957000
2009-12-02,33.115002,33.520000,32.744999,32.955002,28.289063,1889600
2009-12-03,32.860001,33.134998,32.235001,32.259998,27.692455,2753200
2009-12-04,32.779999,33.200001,32.150002,32.520000,27.915640,3728000
2009-12-07,32.244999,33.435001,32.244999,32.840000,28.190332,3304800
2009-12-08,32.514999,32.775002,32.380001,32.555000,27.945692,4334600
2009-12-09,32.599998,32.965000,32.349998,32.860001,28.207508,4152200
2009-12-10,33.189999,33.689999,32.970001,33.415001,28.683928,3164600
2009-12-11,33.485001,33.549999,33.090000,33.240002,28.533712,3236400
2009-12-14,34.744999,34.970001,33.889999,34.740002,29.821325,3477400
2009-12-15,34.805000,35.209999,34.474998,35.174999,30.194731,2725800
2009-12-16,35.395000,35.820000,35.224998,35.570000,30.533808,2375000
2009-12-17,35.285000,35.904999,35.044998,35.615002,30.572441,1988000
2009-12-18,35.889999,36.264999,35.430000,35.740002,30.679735,3852200
2009-12-21,36.040001,36.235001,35.779999,35.855000,30.778456,2385600
2009-12-22,36.044998,36.185001,35.599998,35.939999,30.851419,1664800
2009-12-23,36.134998,36.369999,35.939999,36.334999,31.190498,2056800
2009-12-24,36.525002,36.570000,36.200001,36.415001,31.259180,737400
2009-12-28,36.810001,37.044998,36.299999,36.445000,31.284914,1661000
2009-12-29,36.570000,36.619999,35.945000,35.959999,30.868593,1823000
2009-12-30,35.645000,36.084999,35.544998,35.950001,30.860008,1296400
2009-12-31,36.095001,36.250000,35.610001,35.610001,30.568148,1201400
2010-01-04,36.224998,36.919998,36.224998,36.610001,31.426561,2227600
2010-01-05,36.715000,37.695000,36.424999,37.560001,32.242058,3523000
2010-01-06,37.584999,38.200001,37.424999,37.915001,32.546787,2030200
2010-01-07,37.720001,37.820000,36.910000,37.404999,32.108986,2110000
2010-01-08,37.145000,37.660000,36.654999,37.634998,32.306446,2303000
2010-01-11,38.044998,38.415001,37.330002,37.805000,32.452366,3183000
2010-01-12,37.669998,38.705002,37.485001,38.035000,32.649799,5095000
2010-01-13,38.110001,38.544998,37.369999,38.375000,32.941654,2535200
2010-01-14,38.160000,38.884998,38.115002,38.810001,33.315083,2509400
2010-01-15,38.880001,39.240002,38.224998,38.849998,33.349407,4321400
2010-01-19,38.810001,39.595001,38.455002,39.520000,33.924557,2286400
2010-01-20,39.125000,39.125000,38.349998,38.805000,33.310787,4429600
2010-01-21,38.889999,39.365002,38.029999,38.645000,33.173420,4138000
2010-01-22,38.480000,39.270000,38.040001,38.160000,32.757099,6085400
2010-01-25,38.455002,39.455002,38.455002,39.095001,33.559719,5578600
2010-01-26,38.654999,39.160000,38.064999,38.259998,32.842945,6243800
2010-01-27,38.380001,38.535000,36.915001,37.500000,32.190544,4122400
2010-01-28,37.900002,38.259998,36.759998,37.279999,32.001694,3463800
2010-01-29,37.575001,38.195000,36.779999,36.970001,31.735592,3964000
2010-02-01,37.320000,37.910000,37.180000,37.910000,32.542492,3304000
2010-02-02,37.945000,38.660000,37.395000,38.575001,33.113342,3562400
2010-02-03,38.375000,38.639999,38.060001,38.355000,32.924496,1988800
2010-02-04,37.910000,37.910000,36.264999,36.355000,31.354815,2666600
2010-02-05,36.259998,36.619999,35.410000,36.525002,31.501442,4289800
2010-02-08,36.625000,36.855000,36.000000,36.299999,31.307377,3016800
2010-02-09,36.820000,37.820000,36.724998,37.215000,32.096539,2513800
2010-02-10,36.900002,37.009998,36.314999,36.639999,31.600618,3984800
2010-02-11,36.639999,37.535000,36.505001,37.500000,32.342323,2465600
2010-02-12,37.009998,37.294998,36.634998,37.185001,32.070644,2791600
2010-02-16,37.639999,38.549999,37.639999,38.445000,33.157349,2581800
2010-02-17,38.630001,38.709999,37.895000,38.220001,32.963306,3671800
2010-02-18,37.125000,37.980000,37.105000,37.665001,32.484638,5394200
2010-02-19,37.480000,37.889999,37.195000,37.380001,32.238831,3370200
2010-02-22,37.369999,37.419998,36.160000,36.240002,31.255636,2947800
2010-02-23,35.990002,36.270000,35.349998,35.470001,30.591534,3274400
2010-02-24,35.080002,36.099998,34.980000,35.494999,30.613091,4089400
2010-02-25,34.924999,35.744999,34.634998,35.634998,30.733849,2773000
2010-02-26,35.755001,36.435001,35.485001,36.320000,31.324627,3674600
2010-03-01,36.660000,36.889999,36.465000,36.674999,31.630793,3414600
2010-03-02,36.805000,37.215000,36.360001,36.529999,31.505735,4368000
2010-03-03,36.695000,36.930000,36.209999,36.404999,31.397930,2969200
2010-03-04,36.490002,36.775002,35.750000,36.110001,31.143515,2376200
2010-03-05,36.389999,36.840000,36.314999,36.615002,31.579058,2346200
2010-03-08,36.735001,36.799999,36.365002,36.490002,31.471237,1761800
2010-03-09,36.349998,36.799999,36.255001,36.625000,31.587677,2711000
2010-03-10,36.689999,36.880001,36.455002,36.775002,31.717043,3528800
2010-03-11,36.625000,36.849998,36.485001,36.735001,31.682552,2604200
2010-03-12,36.980000,37.075001,36.560001,37.009998,31.919735,2353200
2010-03-15,36.880001,36.935001,36.195000,36.610001,31.574743,3209000
2010-03-16,36.840000,37.049999,36.535000,37.035000,31.941288,2294400
2010-03-17,37.220001,38.310001,37.220001,38.080002,32.842548,4759600
2010-03-18,37.915001,38.205002,37.115002,37.195000,32.079277,3942000
2010-03-19,36.595001,37.485001,36.235001,36.595001,31.561802,5020800
2010-03-22,36.165001,36.215000,35.750000,36.139999,31.169390,3979800
2010-03-23,36.130001,36.290001,35.639999,35.860001,30.927891,5287200
2010-03-24,35.705002,36.185001,35.404999,36.025002,31.070198,4594000
2010-03-25,36.355000,36.355000,35.064999,35.090000,30.263790,3809600
2010-03-26,35.110001,35.209999,34.189999,34.595001,29.836874,6041800
2010-03-29,34.904999,35.665001,34.740002,35.645000,30.742458,2974200
2010-03-30,35.404999,35.974998,35.125000,35.820000,30.893393,3601400
2010-03-31,35.865002,36.799999,35.840000,36.500000,31.479866,5128200
2010-04-01,36.939999,37.720001,36.875000,37.639999,32.463066,4262400
2010-04-05,37.785000,38.939999,37.650002,38.494999,33.200470,4925000
2010-04-06,38.279999,38.410000,37.840000,37.950001,32.730431,4764800
2010-04-07,37.779999,38.330002,37.500000,37.935001,32.717495,4607400
2010-04-08,37.645000,38.134998,37.224998,38.064999,32.829609,2222200
2010-04-09,38.290001,38.590000,38.105000,38.439999,33.153046,2613200
2010-04-12,38.310001,38.625000,38.049999,38.264999,33.002106,3036800
2010-04-13,38.244999,38.465000,37.735001,38.299999,33.032314,2327600
2010-04-14,38.584999,39.115002,38.250000,39.080002,33.705029,3097000
2010-04-15,39.270000,39.294998,38.884998,39.154999,33.769714,2158600
2010-04-16,38.820000,39.125000,38.279999,38.650002,33.334164,3876800
2010-04-19,38.255001,38.744999,38.080002,38.660000,33.342789,2128600
2010-04-20,38.974998,39.549999,38.965000,39.330002,33.920624,2482600
2010-04-21,39.270000,39.439999,38.970001,39.200001,33.808521,2357800
2010-04-22,38.770000,39.889999,38.680000,39.665001,34.209549,3389600
2010-04-23,39.610001,40.330002,39.380001,40.325001,34.778797,4177200
2010-04-26,40.279999,40.750000,40.060001,40.365002,34.813282,3422000
2010-04-27,40.044998,40.345001,39.035000,39.110001,33.730892,3369400
2010-04-28,39.520000,39.730000,39.044998,39.455002,34.028450,4017200
2010-04-29,39.244999,39.980000,37.785000,39.125000,33.743839,5952200
2010-04-30,39.169998,39.340000,37.770000,38.200001,32.946060,5531400
2010-05-03,38.230000,39.230000,38.119999,38.939999,33.584270,3070800
2010-05-04,38.369999,38.645000,37.810001,38.445000,33.157349,3484800
2010-05-05,37.900002,38.029999,37.209999,37.465000,32.312149,4262400
2010-05-06,37.145000,37.540001,34.794998,36.174999,31.350191,5505200
2010-05-07,36.000000,36.509998,34.930000,35.400002,30.678556,4812400
2010-05-10,37.205002,37.220001,35.970001,36.535000,31.662170,5078200
2010-05-11,36.029999,36.330002,34.150002,34.275002,29.703598,11133400
2010-05-12,34.459999,35.154999,33.849998,35.064999,30.388235,9565800
2010-05-13,34.919998,35.290001,34.360001,34.459999,29.863937,4268400
2010-05-14,34.205002,34.330002,32.869999,33.525002,29.053633,5183800
2010-05-17,33.735001,33.980000,32.494999,32.965000,28.568317,4845600
2010-05-18,33.485001,33.724998,32.549999,32.645000,28.290998,4545800
2010-05-19,32.349998,32.549999,31.235001,32.044998,27.771021,5222800
2010-05-20,31.000000,31.094999,30.100000,30.180000,26.154768,7161200
2010-05-21,29.780001,30.584999,29.200001,30.559999,26.484087,8627000
2010-05-24,30.584999,30.584999,29.790001,29.805000,25.829784,3147000
2010-05-25,29.059999,29.365000,28.549999,29.315001,25.405144,9683600
2010-05-26,29.700001,30.504999,29.700001,30.125000,26.107107,6816800
2010-05-27,30.910000,31.545000,30.674999,30.840000,26.726744,6869400
2010-05-28,30.885000,31.010000,29.565001,29.745001,25.777792,6778400
2010-06-01,29.520000,29.520000,28.115000,28.115000,24.365181,8729800
2010-06-02,28.410000,30.075001,28.250000,30.075001,26.063774,6884200
2010-06-03,31.040001,31.834999,30.600000,31.705000,27.476372,10507000
2010-06-04,31.160000,32.060001,30.150000,30.299999,26.258762,7037600
2010-06-07,30.695000,30.870001,29.969999,30.080000,26.068104,4218400
2010-06-08,30.105000,30.485001,29.700001,30.445000,26.384422,6028600
2010-06-09,30.770000,31.280001,30.275000,30.535000,26.462421,6085400
2010-06-10,31.225000,31.995001,31.209999,31.950001,27.688700,4109000
2010-06-11,31.635000,32.000000,31.360001,31.990000,27.723362,3380600
2010-06-14,32.424999,32.615002,31.629999,31.840000,27.593367,3752000
2010-06-15,32.349998,33.279999,32.154999,33.224998,28.793640,3971600
2010-06-16,32.950001,33.334999,32.430000,33.099998,28.685312,4055000
2010-06-17,33.025002,33.134998,32.715000,33.049999,28.641983,2832600
2010-06-18,33.035000,33.105000,32.505001,32.990002,28.589985,3063800
2010-06-21,33.375000,33.685001,32.400002,32.645000,28.290998,3152000
2010-06-22,32.619999,32.650002,31.385000,31.530001,27.324707,3650600
2010-06-23,31.485001,31.615000,31.070000,31.205000,27.043058,3564200
2010-06-24,31.059999,31.430000,30.795000,30.975000,26.843735,3876800
2010-06-25,31.090000,31.785000,30.684999,31.450001,27.255379,5288800
2010-06-28,31.535000,31.605000,30.834999,30.895000,26.774410,3247000
2010-06-29,30.230000,30.514999,29.965000,30.135000,26.115768,3759600
2010-06-30,30.145000,30.645000,29.955000,30.165001,26.141769,6236800
2010-07-01,30.105000,30.915001,29.610001,30.600000,26.518745,5504400
2010-07-02,30.719999,31.240000,30.559999,30.940001,26.813402,4172400
2010-07-06,31.530001,31.940001,31.094999,31.430000,27.238050,4610000
2010-07-07,31.370001,32.779999,31.370001,32.775002,28.403658,4586000
2010-07-08,33.139999,33.389999,32.375000,33.205002,28.776318,4000200
2010-07-09,33.250000,33.279999,32.474998,32.855000,28.472986,2779000
2010-07-12,32.755001,33.180000,32.680000,33.154999,28.732981,2608000
2010-07-13,33.845001,33.889999,33.369999,33.450001,28.988634,2806200
2010-07-14,33.224998,33.750000,32.849998,33.330002,28.884647,3927400
2010-07-15,33.369999,33.785000,32.965000,33.685001,29.192295,2305200
2010-07-16,33.349998,33.380001,32.630001,32.805000,28.429657,3927800
2010-07-19,32.950001,33.165001,32.580002,33.005001,28.602989,2361400
2010-07-20,32.595001,33.849998,32.595001,33.779999,29.274614,2086600
2010-07-21,33.900002,33.910000,32.825001,33.035000,28.628983,3817200
2010-07-22,33.755001,34.099998,33.480000,33.889999,29.369957,3433400
2010-07-23,33.724998,33.830002,33.005001,33.685001,29.192295,2939200
2010-07-26,33.689999,34.215000,33.689999,34.090000,29.543276,1987200
2010-07-27,34.205002,34.410000,33.445000,33.730000,29.231291,2941600
2010-07-28,33.715000,34.174999,33.570000,33.790001,29.283281,3318800
2010-07-29,34.599998,34.919998,33.680000,34.075001,29.530277,3538400
2010-07-30,33.779999,34.320000,33.275002,33.529999,29.057966,4540800
2010-08-02,34.055000,34.560001,33.695000,34.470001,29.872604,2787800
2010-08-03,34.490002,34.985001,34.349998,34.505001,29.902931,4595800
2010-08-04,34.465000,34.740002,34.130001,34.445000,29.850927,2787800
2010-08-05,34.064999,34.865002,33.945000,34.799999,30.317005,2816800
2010-08-06,34.365002,34.810001,33.990002,34.500000,30.055649,3013600
2010-08-09,34.740002,34.875000,34.305000,34.799999,30.317005,2536200
2010-08-10,34.424999,34.619999,34.075001,34.500000,30.055649,3184000
2010-08-11,33.865002,34.095001,33.290001,33.509998,29.193188,3163200
2010-08-12,32.959999,33.505001,32.900002,33.240002,28.957981,1968000
2010-08-13,33.035000,33.755001,32.980000,33.575001,29.249809,2470600
2010-08-16,33.415001,33.674999,33.049999,33.365002,29.066864,3390000
2010-08-17,33.735001,35.064999,33.595001,34.799999,30.317005,4343800
2010-08-18,34.705002,34.764999,34.080002,34.459999,30.020811,2845000
2010-08-19,34.294998,34.320000,33.785000,33.994999,29.615711,2406800
2010-08-20,33.709999,33.959999,33.299999,33.549999,29.228039,2085400
2010-08-23,33.665001,34.110001,33.665001,33.685001,29.345655,1910800
2010-08-24,32.990002,33.165001,32.634998,32.744999,28.526731,2536200
2010-08-25,32.575001,32.665001,31.900000,32.520000,28.330721,2439000
2010-08-26,32.775002,32.775002,32.014999,32.270000,28.112925,5677000
2010-08-27,32.505001,33.680000,31.945000,33.619999,29.289021,3212200
2010-08-30,34.310001,35.320000,34.160000,34.279999,29.864002,6538200
2010-08-31,34.185001,35.424999,33.794998,34.889999,30.395409,6326200
2010-09-01,35.650002,35.805000,35.250000,35.590000,31.005238,4937400
2010-09-02,35.615002,36.380001,35.400002,36.334999,31.654261,3606800
2010-09-03,36.334999,37.250000,36.334999,37.195000,32.403473,3284600
2010-09-07,37.029999,37.169998,36.430000,36.540001,31.832861,4231000
2010-09-08,36.660000,36.970001,36.465000,36.595001,31.880777,2176000
2010-09-09,37.244999,37.349998,36.685001,37.115002,32.333790,3621800
2010-09-10,37.430000,37.750000,37.189999,37.590000,32.747601,2385200
2010-09-13,37.820000,38.544998,37.759998,38.445000,33.492455,3252800
2010-09-14,38.330002,38.814999,38.215000,38.544998,33.579567,3430800
2010-09-15,38.244999,38.564999,37.990002,38.500000,33.540356,2962200
2010-09-16,38.404999,38.424999,37.625000,37.799999,32.930542,4345200
2010-09-17,37.525002,37.669998,36.884998,37.029999,32.259735,5997200
2010-09-20,36.985001,37.634998,36.860001,37.509998,32.677910,2418600
2010-09-21,37.570000,37.720001,37.174999,37.505001,32.673542,2549000
2010-09-22,37.610001,37.994999,37.060001,37.130001,32.346859,2362800
2010-09-23,36.695000,37.119999,36.369999,36.834999,32.089863,2197200
2010-09-24,37.305000,37.900002,37.195000,37.724998,32.865208,2065800
2010-09-27,37.770000,37.900002,37.485001,37.485001,32.656124,1405600
2010-09-28,37.759998,37.759998,36.820000,37.605000,32.760651,1511200
2010-09-29,37.505001,37.930000,37.285000,37.759998,32.895687,2070200
2010-09-30,38.020000,38.279999,36.955002,37.544998,32.708382,2382400
2010-10-01,37.980000,38.084999,37.535000,37.880001,33.000244,2664200
2010-10-04,37.900002,38.294998,37.634998,37.869999,32.991528,2757400
2010-10-05,38.334999,38.705002,38.139999,38.599998,33.627487,3325200
2010-10-06,38.435001,38.720001,38.290001,38.369999,33.427116,2659800
2010-10-07,38.615002,38.744999,38.049999,38.230000,33.305149,1917600
2010-10-08,38.325001,38.910000,37.759998,38.759998,33.766880,2548200
2010-10-11,38.735001,39.189999,38.584999,38.770000,33.775581,2026400
2010-10-12,38.575001,38.630001,38.029999,38.424999,33.475033,2508400
2010-10-13,38.724998,39.139999,38.630001,38.970001,33.949821,3404200
2010-10-14,38.939999,39.230000,38.365002,38.724998,33.736370,2214800
2010-10-15,38.935001,39.349998,38.630001,39.000000,33.975956,4259600
2010-10-18,39.080002,39.529999,38.764999,39.314999,34.250389,4332200
2010-10-19,38.700001,38.945000,38.180000,38.445000,33.492455,3418800
2010-10-20,38.490002,38.744999,38.235001,38.330002,33.392273,4570800
2010-10-21,38.404999,39.005001,38.275002,38.500000,33.540356,3707000
2010-10-22,38.630001,39.119999,38.430000,39.119999,34.080502,2429600
2010-10-25,39.380001,39.685001,39.080002,39.165001,34.119701,2160400
2010-10-26,38.980000,39.075001,38.654999,39.014999,33.989017,1573400
2010-10-27,38.654999,38.865002,38.215000,38.650002,33.671051,2400000
2010-10-28,39.744999,40.575001,39.000000,39.799999,34.672913,6704400
2010-10-29,39.685001,40.860001,39.685001,40.740002,35.491806,3552000
2010-11-01,41.060001,41.235001,40.139999,40.400002,35.195599,3683200
2010-11-02,40.825001,41.340000,40.615002,41.195000,35.888195,1878400
2010-11-03,41.439999,41.740002,40.740002,41.740002,36.362984,3108000
2010-11-04,42.095001,42.705002,41.895000,42.580002,37.255428,3345800
2010-11-05,42.560001,42.840000,42.279999,42.814999,37.461056,2760400
2010-11-08,42.500000,42.740002,42.320000,42.660000,37.325436,2485200
2010-11-09,42.845001,42.974998,42.200001,42.610001,37.281693,4157800
2010-11-10,42.660000,42.750000,41.820000,42.235001,36.953587,4936800
2010-11-11,41.750000,42.950001,41.744999,42.735001,37.391052,3573000
2010-11-12,41.875000,42.025002,40.869999,41.125000,35.982384,5291600
2010-11-15,41.365002,41.709999,40.799999,40.825001,35.719902,2783400
2010-11-16,40.459999,40.735001,40.084999,40.450001,35.391800,3419400
2010-11-17,40.375000,40.924999,40.180000,40.445000,35.387413,1746800
2010-11-18,40.889999,41.535000,40.779999,41.389999,36.214237,2034800
2010-11-19,41.250000,41.720001,40.915001,41.715000,36.498600,1954400
2010-11-22,41.340000,41.525002,40.560001,41.310001,36.144234,1765600
2010-11-23,40.695000,40.945000,39.935001,39.990002,34.989307,2905000
2010-11-24,40.299999,41.994999,40.270000,41.880001,36.642975,4418200
2010-11-26,41.490002,41.759998,41.215000,41.230000,36.074249,1155200
2010-11-29,40.994999,41.544998,40.625000,41.314999,36.148621,2788000
2010-11-30,40.730000,41.380001,40.465000,40.625000,35.544899,3667000
2010-12-01,41.365002,42.084999,41.255001,41.770000,36.546734,1978800
2010-12-02,41.830002,42.669998,41.724998,42.490002,37.176693,2091800
2010-12-03,42.279999,42.880001,42.235001,42.810001,37.456676,1782800
2010-12-06,42.529999,42.950001,42.430000,42.660000,37.325436,1853000
2010-12-07,43.430000,43.445000,42.334999,42.424999,37.119808,2752000
2010-12-08,42.509998,42.669998,41.549999,41.884998,36.647346,2674200
2010-12-09,42.110001,42.189999,40.985001,41.445000,36.262363,2542000
2010-12-10,41.619999,41.619999,40.695000,41.209999,36.056759,2501600
2010-12-13,41.305000,41.490002,40.595001,40.875000,35.763630,3444000
2010-12-14,40.884998,41.294998,40.825001,40.939999,35.820518,2252200
2010-12-15,40.779999,41.384998,40.500000,41.279999,36.117992,3188600
2010-12-16,41.224998,42.205002,40.895000,42.160000,36.887951,2882800
2010-12-17,42.400002,42.900002,42.275002,42.514999,37.198563,5010600
2010-12-20,42.764999,42.764999,42.145000,42.325001,37.032318,1994600
2010-12-21,42.419998,42.799999,42.150002,42.485001,37.172318,2023000
2010-12-22,42.560001,42.595001,42.195000,42.590000,37.264183,1202600
2010-12-23,42.470001,42.685001,42.009998,42.465000,37.154812,1061200
2010-12-27,42.334999,42.494999,42.035000,42.430000,37.124195,723400
2010-12-28,42.445000,42.625000,42.255001,42.490002,37.176693,945800
2010-12-29,43.895000,44.500000,43.334999,43.580002,38.130379,9238200
2010-12-30,43.895000,44.355000,43.000000,43.169998,37.771656,2812000
2010-12-31,43.169998,43.369999,42.820000,43.040001,37.657913,1940800
2011-01-03,43.055000,44.220001,42.325001,42.404999,37.102318,4860400
2011-01-04,42.660000,42.740002,41.599998,42.200001,36.922962,3493400
2011-01-05,41.639999,42.195000,41.395000,42.185001,36.909836,3809400
2011-01-06,42.150002,42.250000,41.105000,41.314999,36.148621,3273400
2011-01-07,41.410000,41.735001,41.099998,41.549999,36.354229,2586600
2011-01-10,41.360001,41.500000,40.634998,41.169998,36.021748,2548000
2011-01-11,41.435001,41.825001,41.285000,41.400002,36.223003,3244200
2011-01-12,41.650002,42.415001,41.560001,41.974998,36.726097,3045000
2011-01-13,42.005001,42.314999,41.580002,41.930000,36.686714,2113200
2011-01-14,41.799999,42.080002,41.345001,42.040001,36.782967,2030000
2011-01-18,42.075001,42.950001,41.889999,42.775002,37.426052,2262800
2011-01-19,42.985001,43.154999,42.520000,42.970001,37.596668,2937200
2011-01-20,42.744999,43.259998,42.505001,42.980000,37.605408,4062400
2011-01-21,43.380001,43.740002,43.014999,43.615002,38.161011,3056000
2011-01-24,43.560001,44.180000,43.445000,43.555000,38.108501,2564800
2011-01-25,43.314999,43.455002,42.270000,42.674999,37.338562,2810400
2011-01-26,43.005001,43.395000,42.520000,43.264999,37.854774,1845400
2011-01-27,43.330002,43.535000,42.720001,42.939999,37.570408,1340400
2011-01-28,43.075001,43.915001,41.709999,43.230000,37.824150,6547600
2011-01-31,43.525002,45.619999,43.500000,45.549999,39.854042,5233200
2011-02-01,45.654999,46.080002,44.330002,44.570000,38.996597,3993400
2011-02-02,44.154999,45.055000,44.154999,44.494999,38.930973,3202400
2011-02-03,44.665001,44.849998,44.195000,44.450001,39.049561,2700800
2011-02-04,44.535000,44.959999,44.270000,44.674999,39.247234,3475200
2011-02-07,45.439999,45.990002,44.205002,44.355000,38.966106,4806600
2011-02-08,44.450001,45.509998,44.205002,45.509998,39.980789,3777000
2011-02-09,45.264999,45.560001,44.205002,44.544998,39.133018,2207200
2011-02-10,44.325001,44.855000,43.529999,44.000000,38.654240,4926400
2011-02-11,43.764999,43.799999,43.410000,43.529999,38.241337,4099800
2011-02-14,43.430000,44.209999,43.430000,44.105000,38.746479,3095800
2011-02-15,43.895000,44.244999,43.275002,43.330002,38.065636,2686000
2011-02-16,43.490002,43.779999,42.974998,43.174999,37.929466,3040000
2011-02-17,43.125000,44.105000,43.110001,43.875000,38.544430,2847400
2011-02-18,43.965000,44.615002,43.764999,44.435001,39.036400,3808400
2011-02-22,44.270000,45.150002,43.865002,44.355000,38.966106,3351800
2011-02-23,44.500000,44.814999,44.064999,44.220001,38.847504,3726400
2011-02-24,44.369999,44.500000,43.169998,43.380001,38.109558,2465200
2011-02-25,43.630001,44.660000,43.494999,44.595001,39.176960,2939200
2011-02-28,44.849998,46.459999,44.529999,46.330002,40.701160,5776000
2011-03-01,46.584999,46.720001,45.375000,45.474998,39.950035,3943000
2011-03-02,45.365002,45.630001,44.910000,45.564999,40.029110,3086000
2011-03-03,45.794998,46.380001,45.455002,46.255001,40.635273,2709400
2011-03-04,45.904999,46.904999,45.904999,46.849998,41.157978,3197800
2011-03-07,47.060001,47.500000,46.305000,46.735001,41.056953,3319400
2011-03-08,46.735001,46.740002,45.424999,45.514999,39.985180,2288600
2011-03-09,45.500000,45.775002,44.915001,45.580002,40.042282,2564400
2011-03-10,45.049999,45.174999,43.674999,43.764999,38.447788,2757200
2011-03-11,43.380001,45.075001,43.125000,44.825001,39.379009,1984800
2011-03-14,44.709999,45.160000,44.189999,44.980000,39.515167,2173200
2011-03-15,43.840000,45.580002,43.650002,45.375000,39.862183,3667400
2011-03-16,45.514999,46.529999,43.924999,43.990002,38.645458,6694400
2011-03-17,45.110001,46.535000,45.055000,46.314999,40.687984,3443200
2011-03-18,46.889999,47.055000,46.154999,46.654999,40.986675,5039400
2011-03-21,47.020000,47.935001,46.950001,47.919998,42.097977,2648000
2011-03-22,47.900002,48.355000,47.650002,48.014999,42.181442,2367800
2011-03-23,48.099998,48.369999,47.165001,48.110001,42.264896,2345200
2011-03-24,48.314999,48.465000,47.275002,48.040001,42.203388,1715000
2011-03-25,47.919998,49.000000,47.855000,48.709999,42.792007,2110000
2011-03-28,48.685001,49.044998,48.095001,48.134998,42.286854,1871600
2011-03-29,48.165001,48.990002,48.044998,48.849998,42.914986,2785400
2011-03-30,49.064999,49.494999,48.775002,49.000000,43.046768,3116600
2011-03-31,49.099998,49.395000,47.994999,48.325001,42.453773,3394000
2011-04-01,46.965000,48.919998,46.950001,47.834999,42.023308,4795200
2011-04-04,48.185001,48.724998,47.895000,48.605000,42.699745,2091800
2011-04-05,48.459999,49.115002,48.165001,48.570000,42.669014,2685800
2011-04-06,48.910000,49.360001,48.055000,48.470001,42.581158,2328400
2011-04-07,48.349998,48.639999,47.939999,48.264999,42.401058,2587800
2011-04-08,48.500000,48.770000,48.119999,48.474998,42.585552,2223000
2011-04-11,48.474998,48.505001,47.009998,47.369999,41.614803,1867200
2011-04-12,47.005001,47.009998,45.490002,45.794998,40.231163,3280800
2011-04-13,46.160000,46.680000,45.799999,46.255001,40.635273,1522600
2011-04-14,45.875000,46.535000,45.580002,46.375000,40.740696,1998200
2011-04-15,46.514999,47.080002,45.924999,46.930000,41.228252,2626800
2011-04-18,46.235001,46.299999,45.595001,45.985001,40.398083,2791600
2011-04-19,45.985001,46.810001,45.660000,46.615002,40.951523,2421600
2011-04-20,47.465000,48.130001,47.465000,48.055000,42.216576,3005400
2011-04-21,48.105000,48.294998,47.450001,47.779999,41.974991,2145800
2011-04-25,47.990002,47.990002,47.125000,47.500000,41.729008,1958400
2011-04-26,47.485001,47.750000,47.305000,47.525002,41.750961,2400000
2011-04-27,47.764999,47.764999,46.799999,47.665001,41.873970,2625800
2011-04-28,47.959999,48.549999,46.950001,48.055000,42.216576,2712400
2011-04-29,47.939999,48.535000,47.505001,48.134998,42.286854,3444200
2011-05-02,48.410000,48.500000,46.419998,46.674999,41.004234,4410400
2011-05-03,46.375000,46.375000,44.860001,45.299999,39.796295,5336200
2011-05-04,45.340000,45.340000,44.169998,44.564999,39.150597,3355600
2011-05-05,43.919998,44.685001,43.165001,43.915001,38.736019,3192000
2011-05-06,44.360001,45.099998,43.500000,44.070000,38.872734,2532400
2011-05-09,44.235001,44.904999,44.049999,44.615002,39.353477,2065200
2011-05-10,44.709999,45.450001,44.404999,45.169998,39.843018,2833200
2011-05-11,44.990002,45.000000,43.060001,43.814999,38.647823,2209800
2011-05-12,43.634998,44.009998,43.000000,43.695000,38.541973,2400000
2011-05-13,43.805000,44.389999,43.209999,43.814999,38.647823,2324600
2011-05-16,43.570000,43.994999,42.895000,43.040001,37.964207,2701200
2011-05-17,42.869999,44.049999,42.605000,43.955002,38.771320,3980400
2011-05-18,44.285000,45.240002,44.205002,44.980000,39.675419,3363400
2011-05-19,45.070000,45.154999,44.115002,44.599998,39.340237,2099000
2011-05-20,44.705002,45.275002,43.910000,44.840000,39.551941,2901600
2011-05-23,44.125000,44.310001,43.634998,43.814999,38.647823,2183600
2011-05-24,44.195000,45.044998,43.939999,44.490002,39.243206,2489400
2011-05-25,44.224998,45.299999,44.105000,45.055000,39.741581,2230200
2011-05-26,44.855000,45.500000,44.705002,45.395000,40.041481,2260200
2011-05-27,46.020000,46.240002,45.555000,46.195000,40.747135,3533800
2011-05-31,46.865002,47.005001,46.134998,46.599998,41.104382,3716000
2011-06-01,46.650002,46.895000,45.075001,45.244999,39.909184,2979600
2011-06-02,45.244999,45.595001,44.540001,45.055000,39.741581,2105800
2011-06-03,44.485001,45.415001,44.099998,44.820000,39.534298,2293200
2011-06-06,44.605000,45.110001,43.459999,43.615002,38.471409,2267200
2011-06-07,44.150002,44.435001,43.544998,43.689999,38.537556,3252000
2011-06-08,43.735001,44.485001,43.560001,43.700001,38.546383,1804000
2011-06-09,43.919998,44.474998,43.650002,44.340000,39.110909,1778000
2011-06-10,43.974998,44.139999,43.310001,43.334999,38.224426,2106400
2011-06-13,43.500000,43.849998,42.064999,42.610001,37.584927,2368000
2011-06-14,43.145000,43.799999,43.040001,43.455002,38.330273,2625000
2011-06-15,42.955002,43.180000,41.820000,42.264999,37.280602,2923400
2011-06-16,42.310001,42.689999,41.250000,41.865002,36.927780,3810600
2011-06-17,42.275002,42.325001,41.459999,41.709999,36.791073,3327600
2011-06-20,41.494999,42.005001,41.299999,41.779999,36.852802,2268000
2011-06-21,41.990002,43.064999,41.939999,42.924999,37.862774,2551600
2011-06-22,42.825001,43.514999,42.700001,42.735001,37.695183,2137000
2011-06-23,41.985001,42.889999,41.349998,42.814999,37.765755,3069200
2011-06-24,42.660000,42.965000,42.360001,42.660000,37.629032,3582000
2011-06-27,42.459999,43.005001,42.264999,42.849998,37.796608,1712400
2011-06-28,43.125000,44.349998,43.020000,44.340000,39.110909,2999200
2011-06-29,44.410000,45.279999,44.064999,44.674999,39.406399,3005000
2011-06-30,44.799999,45.095001,44.400002,44.814999,39.529881,3659600
2011-07-01,44.825001,45.244999,44.285000,45.180000,39.851841,2183400
2011-07-05,45.180000,46.035000,45.044998,45.650002,40.266422,3041800
2011-07-06,45.590000,45.634998,44.945000,45.380001,40.028255,1458400
2011-07-07,46.105000,46.299999,45.485001,46.009998,40.583954,2091600
2011-07-08,45.275002,45.994999,45.205002,45.715000,40.323753,2269800
2011-07-11,44.895000,45.150002,44.410000,44.630001,39.366699,1832600
2011-07-12,44.485001,45.255001,44.485001,44.744999,39.468147,2041600
2011-07-13,44.994999,45.750000,44.884998,45.185001,39.856247,1892600
2011-07-14,45.435001,45.700001,44.865002,44.924999,39.626904,2176400
2011-07-15,45.490002,46.540001,45.380001,46.494999,41.011761,3806400
2011-07-18,46.264999,46.384998,45.590000,46.025002,40.597187,2030400
2011-07-19,46.355000,47.080002,46.230000,47.049999,41.501305,2202600
2011-07-20,47.259998,47.290001,46.805000,47.049999,41.501305,2335200
2011-07-21,47.345001,48.709999,47.270000,48.435001,42.722965,3242800
2011-07-22,48.404999,48.799999,47.889999,48.785000,43.031704,2010800
2011-07-25,48.224998,49.235001,48.014999,48.814999,43.058159,2399400
2011-07-26,48.730000,49.310001,48.345001,48.735001,42.987587,2740600
2011-07-27,48.424999,48.485001,47.450001,47.665001,42.043793,3121600
2011-07-28,47.445000,50.205002,47.165001,49.505001,43.666790,5642800
2011-07-29,48.790001,50.230000,48.080002,49.840000,43.962284,6035200
2011-08-01,50.520000,50.634998,49.139999,49.810001,43.935822,3240600
2011-08-02,49.439999,50.099998,48.099998,48.115002,42.440712,3364600
2011-08-03,48.115002,48.404999,46.889999,48.035000,42.370140,3801000
2011-08-04,47.235001,47.235001,44.294998,44.389999,39.335159,5840000
2011-08-05,45.139999,45.654999,42.735001,44.525002,39.454788,6057800
2011-08-08,43.290001,43.610001,41.095001,41.230000,36.535004,5663000
2011-08-09,42.049999,43.345001,40.389999,43.255001,38.329414,5757800
2011-08-10,42.220001,43.525002,41.259998,41.555000,36.822998,4656400
2011-08-11,42.195000,44.369999,41.459999,43.724998,38.745884,4872600
2011-08-12,44.330002,44.480000,43.345001,43.724998,38.745884,2692400
2011-08-15,44.070000,45.345001,44.070000,44.924999,39.809231,2504200
2011-08-16,44.305000,44.865002,43.369999,43.950001,38.945274,2311600
2011-08-17,44.294998,45.334999,43.744999,43.970001,38.962994,2275400
2011-08-18,42.865002,42.959999,40.884998,41.514999,36.787540,5184600
2011-08-19,40.955002,42.185001,40.549999,40.619999,35.994469,3825200
2011-08-22,41.500000,41.935001,39.570000,39.750000,35.223522,3872400
2011-08-23,40.075001,41.750000,39.669998,41.724998,36.973640,3390400
2011-08-24,41.450001,41.985001,41.099998,41.915001,37.142006,1967800
2011-08-25,42.145000,42.575001,40.654999,40.889999,36.233719,4544600
2011-08-26,40.485001,41.410000,39.500000,41.230000,36.535004,3691000
2011-08-29,41.939999,42.529999,41.764999,42.494999,37.655949,3083400
2011-08-30,42.185001,43.724998,41.985001,43.424999,38.480049,3806400
2011-08-31,43.825001,44.575001,43.625000,44.180000,39.149071,4951400
2011-09-01,44.494999,45.215000,43.665001,43.785000,38.799053,3755400
2011-09-02,42.660000,43.305000,42.205002,42.985001,38.090160,2778600
2011-09-06,41.340000,42.320000,40.660000,42.250000,37.438843,3490600
2011-09-07,42.915001,43.494999,42.645000,42.985001,38.090160,3318800
2011-09-08,42.689999,43.195000,41.849998,42.154999,37.354668,5078000
2011-09-09,41.669998,42.020000,40.529999,40.970001,36.304604,3778400
2011-09-12,40.365002,41.134998,39.025002,40.294998,35.706478,5591400
2011-09-13,40.480000,40.720001,39.794998,40.264999,35.679890,3999000
2011-09-14,40.470001,41.224998,39.625000,40.605000,35.981174,3677200
2011-09-15,41.119999,41.310001,40.490002,41.240002,36.543850,3090000
2011-09-16,41.480000,41.525002,40.570000,40.935001,36.273590,4457400
2011-09-19,40.095001,40.230000,39.224998,39.740002,35.214687,4934000
2011-09-20,40.639999,41.919998,40.430000,40.674999,36.043205,5608600
2011-09-21,40.575001,40.575001,38.535000,38.544998,34.155754,6761200
2011-09-22,36.980000,36.980000,34.625000,35.560001,31.510664,8533000
2011-09-23,35.209999,36.134998,34.980000,35.125000,31.125198,4209600
2011-09-26,35.279999,36.494999,34.990002,36.465000,32.312607,4361200
2011-09-27,37.389999,38.220001,37.145000,37.365002,33.110123,4925200
2011-09-28,37.305000,37.485001,35.615002,35.695000,31.630293,3161800
2011-09-29,36.889999,36.900002,35.505001,36.389999,32.246155,3514800
2011-09-30,35.730000,36.325001,35.244999,35.400002,31.368885,4280400
2011-10-03,34.945000,35.669998,34.285000,34.285000,30.380852,4485600
2011-10-04,33.580002,36.305000,32.955002,36.230000,32.104370,5800000
2011-10-05,36.424999,37.230000,35.555000,37.040001,32.822132,4411200
2011-10-06,36.790001,38.650002,36.500000,38.255001,33.898769,3769600
2011-10-07,38.349998,38.465000,37.169998,37.639999,33.353806,3837200
2011-10-10,38.485001,39.365002,38.485001,39.365002,34.882374,2626400
2011-10-11,39.154999,40.595001,39.150002,40.270000,35.684322,4467800
2011-10-12,40.685001,41.525002,40.224998,40.705002,36.069782,3716400
2011-10-13,40.334999,40.715000,39.459999,40.549999,35.932430,2773200
2011-10-14,41.424999,41.910000,41.070000,41.820000,37.057816,2666400
2011-10-17,41.650002,41.834999,40.595001,40.744999,36.105236,3928000
2011-10-18,40.549999,42.060001,39.759998,41.830002,37.066677,4207200
2011-10-19,41.599998,43.060001,41.235001,42.070000,37.279354,4966000
2011-10-20,42.020000,43.630001,41.830002,43.404999,38.462334,6229200
2011-10-21,43.855000,45.055000,43.529999,45.035000,39.906715,5205000
2011-10-24,45.500000,45.669998,44.639999,45.165001,40.021912,4185600
2011-10-25,44.840000,44.869999,43.334999,43.625000,38.657261,3191400
2011-10-26,44.514999,44.680000,43.044998,44.395000,39.339596,2587800
2011-10-27,45.439999,47.439999,45.439999,46.865002,41.528332,4707200
2011-10-28,46.445000,47.180000,46.355000,46.855000,41.519455,2364400
2011-10-31,46.244999,46.244999,44.650002,44.669998,39.583275,3181000
2011-11-01,43.220001,43.290001,42.169998,42.494999,37.655949,5217200
2011-11-02,43.505001,44.310001,42.930000,44.224998,39.188946,3411400
2011-11-03,44.799999,45.799999,43.955002,45.660000,40.662815,2982400
2011-11-04,45.264999,45.685001,44.605000,45.549999,40.564857,2175600
2011-11-07,45.494999,45.924999,44.799999,45.605000,40.613842,1756000
2011-11-08,45.884998,46.740002,45.509998,46.650002,41.544472,2526000
2011-11-09,45.220001,45.259998,44.255001,44.334999,39.482841,3462800
2011-11-10,45.080002,46.514999,44.625000,46.355000,41.281757,4263000
2011-11-11,46.860001,47.750000,46.770000,47.375000,42.190132,2834200
2011-11-14,47.139999,47.750000,46.955002,47.419998,42.230198,3108600
2011-11-15,47.404999,47.830002,46.369999,47.224998,42.056538,3877000
2011-11-16,46.985001,48.395000,46.799999,47.330002,42.150055,4009000
2011-11-17,47.070000,47.924999,45.959999,46.430000,41.348545,4241400
2011-11-18,46.959999,47.330002,45.805000,46.270000,41.206059,2628400
2011-11-21,45.630001,45.805000,43.709999,44.939999,40.021606,3532400
2011-11-22,44.730000,45.845001,44.185001,45.185001,40.239807,3506800
2011-11-23,44.410000,44.555000,43.205002,43.494999,38.734764,3021400
2011-11-25,43.485001,43.900002,43.060001,43.099998,38.382988,730800
2011-11-28,44.825001,46.220001,44.799999,45.724998,40.720695,3147800
2011-11-29,46.099998,46.930000,45.500000,45.994999,40.961155,4308000
2011-11-30,47.994999,49.270000,47.494999,49.195000,43.810928,4864000
2011-12-01,48.959999,49.494999,48.654999,48.799999,43.459160,2141600
2011-12-02,49.435001,49.549999,48.514999,48.665001,43.338947,2612000
2011-12-05,49.395000,49.520000,48.485001,49.005001,43.641731,2682000
2011-12-06,49.064999,49.584999,48.650002,49.189999,43.806473,2277000
2011-12-07,48.915001,48.974998,47.509998,48.040001,42.782356,3594400
2011-12-08,47.805000,48.049999,46.435001,46.584999,41.486584,2170800
2011-12-09,47.049999,47.900002,47.049999,47.764999,42.537441,2554000
2011-12-12,47.130001,47.195000,45.564999,46.134998,41.085831,2389800
2011-12-13,46.415001,47.139999,45.250000,45.730000,40.725163,2443400
2011-12-14,45.195000,45.290001,43.865002,44.255001,39.411579,3025600
2011-12-15,45.009998,45.314999,44.270000,44.529999,39.656494,2741000
2011-12-16,44.950001,45.575001,44.590000,45.029999,40.101776,2820200
2011-12-19,45.299999,45.299999,43.759998,43.889999,39.086533,1944000
2011-12-20,45.070000,46.480000,45.055000,46.404999,41.326290,2717000
2011-12-21,46.785000,47.724998,46.330002,47.279999,42.105518,2996200
2011-12-22,47.294998,47.695000,46.715000,47.404999,42.216839,2261200
2011-12-23,47.639999,48.070000,47.150002,47.689999,42.470657,1288400
2011-12-27,47.575001,48.099998,47.384998,47.820000,42.586426,1037800
2011-12-28,48.384998,48.494999,46.930000,47.009998,41.865070,3850800
2011-12-29,47.235001,48.290001,47.180000,48.014999,42.760078,2553400
2011-12-30,47.849998,47.994999,47.115002,47.195000,42.029839,2015200
2012-01-03,48.435001,49.189999,48.250000,48.880001,43.530415,2494400
2012-01-04,48.680000,49.349998,48.174999,49.290001,43.895546,2322200
2012-01-05,48.770000,49.095001,48.500000,48.750000,43.414646,2637400
2012-01-06,48.775002,48.775002,48.049999,48.360001,43.067318,1468000
2012-01-09,48.500000,49.349998,48.365002,49.165001,43.784218,1923000
2012-01-10,49.915001,49.990002,48.855000,49.365002,43.962334,2553800
2012-01-11,49.025002,49.110001,48.470001,48.744999,43.410191,2448200
2012-01-12,48.705002,48.750000,47.540001,47.615002,42.403862,2422600
2012-01-13,47.244999,47.985001,47.020000,47.955002,42.706646,2287400
2012-01-17,48.580002,48.705002,47.360001,47.930000,42.684380,2526200
2012-01-18,48.040001,48.709999,47.740002,48.695000,43.365658,1727800
2012-01-19,48.814999,49.509998,48.599998,48.744999,43.410191,2593000
2012-01-20,48.660000,48.805000,47.764999,48.160000,42.889206,1951000
2012-01-23,48.250000,51.285000,48.250000,51.105000,45.511902,5663800
2012-01-24,50.595001,50.875000,49.980000,50.230000,44.732662,2372000
2012-01-25,50.000000,51.250000,49.410000,51.055000,45.467377,2885800
2012-01-26,51.290001,51.580002,49.715000,50.044998,44.567909,2521600
2012-01-27,49.990002,50.794998,49.709999,50.250000,44.750481,2459800
2012-01-30,49.785000,50.680000,49.450001,50.615002,45.075535,2277800
2012-01-31,50.990002,51.235001,50.205002,50.334999,44.826164,2538600
2012-02-01,50.875000,51.099998,50.150002,50.910000,45.338242,1927600
2012-02-02,50.900002,51.599998,50.480000,51.134998,45.736252,1972800
2012-02-03,51.750000,51.950001,51.009998,51.480000,46.044842,2835000
2012-02-06,51.285000,51.974998,51.000000,51.884998,46.407078,2004600
2012-02-07,51.825001,52.209999,50.235001,51.834999,46.362358,4616800
2012-02-08,51.794998,52.500000,51.689999,52.180000,46.670933,3418400
2012-02-09,50.825001,52.500000,50.744999,51.764999,46.299751,6153400
2012-02-10,51.070000,51.160000,50.134998,50.575001,45.235378,4259600
2012-02-13,51.375000,51.884998,50.465000,51.875000,46.398140,3870200
2012-02-14,51.674999,52.110001,51.445000,51.994999,46.505459,2808600
2012-02-15,52.080002,52.540001,51.419998,51.654999,46.201355,3065600
2012-02-16,51.650002,52.070000,51.049999,51.830002,46.357883,2256600
2012-02-17,52.165001,52.730000,51.525002,52.005001,46.514412,2494800
2012-02-21,52.435001,52.580002,51.049999,51.590000,46.143230,2558800
2012-02-22,51.490002,52.365002,51.419998,51.740002,46.277382,2141800
2012-02-23,51.709999,52.299999,51.110001,52.240002,46.724594,2174800
2012-02-24,52.314999,52.544998,52.029999,52.285000,46.764839,2015000
2012-02-27,51.930000,52.185001,51.320000,51.330002,45.910675,2235800
2012-02-28,51.465000,52.044998,51.025002,51.240002,45.830189,2302400
2012-02-29,51.264999,51.349998,48.750000,48.825001,43.670147,5784200
2012-03-01,48.959999,49.040001,47.145000,47.965000,42.900955,7980600
2012-03-02,47.790001,48.389999,47.014999,47.240002,42.252487,4220600
2012-03-05,46.900002,48.375000,46.785000,48.275002,43.178211,3818200
2012-03-06,47.330002,47.650002,46.950001,47.375000,42.373226,2699400
2012-03-07,47.270000,47.875000,47.110001,47.700001,42.663921,1564200
2012-03-08,48.130001,48.250000,47.345001,47.724998,42.686275,1805800
2012-03-09,47.930000,48.805000,47.849998,48.264999,43.169262,2827400
2012-03-12,48.230000,48.230000,47.509998,48.035000,42.963554,2013600
2012-03-13,48.224998,48.845001,47.814999,48.775002,43.625431,3140600
2012-03-14,48.849998,49.845001,48.785000,49.110001,43.925064,3433200
2012-03-15,50.134998,50.450001,49.435001,49.529999,44.300713,3675800
2012-03-16,49.634998,50.259998,49.605000,49.845001,44.582462,3643200
2012-03-19,50.020000,50.264999,49.345001,50.070000,44.783707,1666800
2012-03-20,49.494999,49.605000,49.000000,49.349998,44.139717,2352400
2012-03-21,49.654999,49.770000,48.799999,49.634998,44.394627,3433000
2012-03-22,49.020000,49.020000,47.470001,47.645000,42.614735,2833400
2012-03-23,47.650002,48.424999,47.410000,48.180000,43.093239,2023600
2012-03-26,48.764999,49.744999,48.744999,49.525002,44.296238,3412600
2012-03-27,49.610001,49.750000,49.009998,49.230000,44.032394,2015200
2012-03-28,48.930000,49.084999,48.540001,48.919998,43.755119,2380400
2012-03-29,48.415001,49.169998,48.250000,49.084999,43.902683,2199200
2012-03-30,49.349998,49.744999,48.814999,48.889999,43.728275,2166400
2012-04-02,48.840000,50.490002,48.665001,50.130001,44.837364,2497800
2012-04-03,49.930000,49.985001,49.044998,49.455002,44.233643,2624000
2012-04-04,48.814999,49.049999,47.970001,48.549999,43.424183,1969200
2012-04-05,48.360001,48.875000,48.005001,48.255001,43.160328,1693400
2012-04-09,47.439999,48.119999,47.290001,47.875000,42.820442,1541000
2012-04-10,47.840000,47.840000,46.404999,46.580002,41.662170,2701600
2012-04-11,47.029999,47.400002,46.130001,46.224998,41.344654,2407000
2012-04-12,46.334999,47.500000,46.230000,47.410000,42.404530,1993400
2012-04-13,47.375000,47.689999,46.994999,47.230000,42.243549,2193600
2012-04-16,47.365002,47.590000,46.365002,46.855000,41.908142,1711000
2012-04-17,47.439999,47.805000,47.145000,47.375000,42.373226,1850800
2012-04-18,46.965000,47.305000,46.689999,46.950001,41.993118,1748800
2012-04-19,47.110001,47.439999,46.560001,46.865002,41.917080,1582000
2012-04-20,46.970001,47.389999,46.575001,46.814999,41.872360,2867400
2012-04-23,46.040001,46.994999,45.880001,46.919998,41.966278,2197000
2012-04-24,47.025002,47.285000,46.615002,46.990002,42.028881,2106400
2012-04-25,47.535000,48.090000,47.255001,47.865002,42.811501,2891000
2012-04-26,47.935001,49.875000,47.650002,49.634998,44.394627,3365600
2012-04-27,49.764999,50.165001,49.419998,50.025002,44.743446,2099800
2012-04-30,50.049999,50.049999,49.220001,49.660000,44.416992,2200000
2012-05-01,49.915001,50.375000,49.320000,49.945000,44.671898,2320000
2012-05-02,49.525002,49.645000,48.950001,49.235001,44.036854,1994800
2012-05-03,49.424999,49.599998,48.230000,48.455002,43.533749,2782400
2012-05-04,48.055000,48.139999,47.055000,47.514999,42.689205,2490400
2012-05-07,47.294998,47.525002,46.775002,47.009998,42.235489,2119000
2012-05-08,46.720001,46.790001,45.060001,45.865002,41.206783,4489600
2012-05-09,45.134998,45.700001,44.654999,45.064999,40.488033,3665000
2012-05-10,45.575001,45.935001,44.974998,45.084999,40.506001,3127000
2012-05-11,45.044998,45.320000,44.485001,44.595001,40.065773,1791800
2012-05-14,43.930000,44.009998,43.349998,43.430000,39.019104,2282200
2012-05-15,43.430000,43.750000,42.340000,42.500000,38.183552,2555600
2012-05-16,42.660000,43.345001,41.880001,41.910000,37.653473,2372000
2012-05-17,41.855000,42.139999,41.230000,41.230000,37.042534,2398000
2012-05-18,41.424999,41.834999,40.750000,40.924999,36.768505,2507800
2012-05-21,41.110001,42.404999,41.014999,42.380001,38.075748,2555200
2012-05-22,42.334999,42.805000,41.939999,42.250000,37.958942,3050200
2012-05-23,41.794998,42.474998,40.945000,42.355000,38.053268,2309000
2012-05-24,42.549999,42.575001,41.544998,42.174999,37.891556,1644000
2012-05-25,42.270000,42.555000,41.825001,41.970001,37.707382,1762800
2012-05-29,42.355000,43.255001,42.314999,43.105000,38.727100,2454400
2012-05-30,42.470001,42.474998,41.590000,42.020000,37.752300,2388000
2012-05-31,42.080002,42.529999,40.799999,42.230000,37.940968,3209400
2012-06-01,41.320000,41.330002,40.125000,40.474998,36.364212,3912800
2012-06-04,40.680000,40.845001,39.980000,40.660000,36.530434,3386400
2012-06-05,40.500000,41.395000,40.400002,41.244999,37.056011,2489200
2012-06-06,41.980000,42.740002,41.724998,42.724998,38.385689,2616200
2012-06-07,43.334999,43.570000,42.189999,42.314999,38.017334,2876000
2012-06-08,41.825001,42.520000,41.415001,42.439999,38.129639,1779200
2012-06-11,42.799999,42.910000,41.535000,41.595001,37.370457,1997000
2012-06-12,41.939999,42.299999,41.360001,42.080002,37.806210,1992200
2012-06-13,41.830002,42.185001,40.915001,41.209999,37.024555,2552400
2012-06-14,41.264999,41.744999,40.770000,41.490002,37.276131,2734400
2012-06-15,41.625000,42.154999,41.220001,42.119999,37.842136,3057800
2012-06-18,41.825001,41.825001,41.235001,41.410000,37.204243,2369200
2012-06-19,41.650002,42.439999,41.494999,42.165001,37.882576,1373200
2012-06-20,42.075001,42.389999,40.985001,41.325001,37.127888,2360600
2012-06-21,41.459999,41.459999,39.645000,39.695000,35.663433,3390000
2012-06-22,40.025002,40.169998,39.395000,39.875000,35.825142,2815200
2012-06-25,39.250000,39.389999,38.415001,38.794998,34.854843,2675800
2012-06-26,38.799999,39.400002,38.529999,39.255001,35.268120,2342600
2012-06-27,39.375000,40.459999,39.290001,40.340000,36.242928,2777000
2012-06-28,39.814999,40.820000,39.750000,40.630001,36.503471,2800000
2012-06-29,41.619999,42.410000,41.389999,42.410000,38.102688,3971000
2012-07-02,42.500000,42.560001,41.575001,42.060001,37.788235,2096600
2012-07-03,42.430000,44.075001,42.330002,44.049999,39.576122,1827600
2012-07-05,43.625000,43.764999,42.830002,43.125000,38.745071,2454200
2012-07-06,42.455002,42.875000,42.165001,42.549999,38.228466,1906800
2012-07-09,42.389999,42.825001,42.134998,42.439999,38.129639,1442200
2012-07-10,42.875000,42.935001,41.279999,41.529999,37.312054,2054000
2012-07-11,41.680000,42.650002,41.549999,42.435001,38.125153,2079400
2012-07-12,41.985001,42.189999,41.165001,41.724998,37.487267,1988800
2012-07-13,41.904999,42.474998,41.845001,42.400002,38.093708,1805200
2012-07-16,42.250000,43.090000,42.095001,42.744999,38.403660,2589200
2012-07-17,42.930000,43.250000,41.865002,42.735001,38.394688,2230000
2012-07-18,42.549999,43.334999,42.500000,43.095001,38.718109,2894600
2012-07-19,43.415001,44.334999,43.185001,44.250000,39.755810,2957000
2012-07-20,43.900002,44.375000,43.470001,44.060001,39.585110,3205800
2012-07-23,42.884998,43.310001,42.700001,42.980000,38.614796,2027400
2012-07-24,43.035000,43.320000,41.490002,42.115002,37.837650,2285400
2012-07-25,42.299999,42.529999,41.685001,42.455002,38.143127,1780000
2012-07-26,42.709999,44.000000,42.485001,43.494999,39.077488,3604800
2012-07-27,43.575001,45.025002,42.919998,44.775002,40.227493,3698800
2012-07-30,44.939999,45.615002,44.365002,44.549999,40.025330,3028600
2012-07-31,44.544998,45.290001,43.540001,43.715000,39.275150,2865200
2012-08-01,43.980000,44.525002,43.334999,44.259998,39.764786,2485600
2012-08-02,43.215000,43.634998,42.599998,43.075001,38.893478,1652400
2012-08-03,44.040001,44.279999,43.625000,43.849998,39.593227,1715400
2012-08-06,44.000000,44.380001,43.459999,43.685001,39.444263,2180200
2012-08-07,44.099998,44.900002,44.099998,44.500000,40.180134,2195200
2012-08-08,44.430000,45.020000,44.035000,44.945000,40.581940,2912800
2012-08-09,44.685001,45.349998,44.490002,44.900002,40.541309,1600200
2012-08-10,44.599998,45.509998,44.340000,45.455002,41.042431,2136400
2012-08-13,45.330002,45.424999,44.935001,45.025002,40.654175,1818800
2012-08-14,45.134998,45.415001,44.645000,44.775002,40.428448,1293400
2012-08-15,44.535000,44.935001,44.389999,44.705002,40.365238,2570400
2012-08-16,44.805000,45.410000,44.724998,45.349998,40.947624,1427200
2012-08-17,45.410000,45.410000,44.785000,44.939999,40.577435,1424400
2012-08-20,44.884998,44.974998,44.029999,44.325001,40.022133,1367600
2012-08-21,44.590000,44.740002,43.904999,43.974998,39.706097,1561600
2012-08-22,43.955002,44.355000,43.790001,44.230000,39.936348,1767400
2012-08-23,44.160000,44.299999,43.240002,43.299999,39.096622,1482200
2012-08-24,43.105000,43.790001,43.000000,43.634998,39.399117,1655800
2012-08-27,43.755001,43.889999,43.310001,43.529999,39.304298,1633400
2012-08-28,43.485001,43.735001,43.250000,43.654999,39.417164,2117400
2012-08-29,43.755001,43.955002,43.355000,43.630001,39.394588,1388400
2012-08-30,43.259998,43.880001,43.150002,43.494999,39.272697,1785200
2012-08-31,43.930000,44.195000,43.474998,43.950001,39.683521,1623800
2012-09-04,43.560001,43.764999,43.169998,43.365002,39.155327,1907600
2012-09-05,43.365002,43.540001,42.974998,43.099998,38.916046,1670200
2012-09-06,43.595001,45.025002,43.544998,44.685001,40.347179,2204800
2012-09-07,44.535000,45.794998,44.474998,45.750000,41.308796,2132800
2012-09-10,45.799999,47.049999,45.634998,46.555000,42.035656,4480200
2012-09-11,46.630001,47.090000,46.555000,46.970001,42.410362,2437000
2012-09-12,47.230000,47.375000,46.775002,46.915001,42.360703,1421200
2012-09-13,46.865002,48.235001,46.630001,47.849998,43.204941,1336600
2012-09-14,48.029999,48.799999,48.020000,48.384998,43.688004,2544800
2012-09-17,48.235001,48.275002,47.330002,47.525002,42.911491,2170600
2012-09-18,47.400002,47.560001,46.755001,47.150002,42.572887,1965800
2012-09-19,47.110001,47.224998,46.560001,46.689999,42.157543,1610600
2012-09-20,46.384998,46.840000,45.810001,46.610001,42.085308,2034600
2012-09-21,47.005001,47.145000,46.415001,46.634998,42.107880,2403000
2012-09-24,46.375000,46.610001,46.220001,46.375000,41.873119,1431200
2012-09-25,46.580002,46.904999,45.959999,45.970001,41.507442,1503800
2012-09-26,45.845001,46.049999,45.439999,45.590000,41.164333,1665600
2012-09-27,45.904999,46.695000,45.814999,46.555000,42.035656,1427400
2012-09-28,46.205002,46.590000,46.020000,46.355000,41.855057,1656600
2012-10-01,45.529999,46.799999,45.529999,46.115002,41.638359,2284600
2012-10-02,46.560001,47.005001,46.025002,46.939999,42.383270,2280200
2012-10-03,46.974998,47.075001,46.105000,46.395000,41.891182,1795800
2012-10-04,46.584999,46.945000,46.220001,46.424999,41.918274,1702400
2012-10-05,46.619999,46.820000,46.244999,46.689999,42.157543,2937000
2012-10-08,46.334999,47.200001,46.255001,47.150002,42.572887,2172600
2012-10-09,47.275002,47.584999,46.919998,47.185001,42.604492,1808200
2012-10-10,47.150002,47.750000,46.950001,47.055000,42.487114,2149200
2012-10-11,47.264999,47.375000,46.505001,46.645000,42.116909,2661400
2012-10-12,46.590000,47.000000,46.365002,46.889999,42.338127,1941400
2012-10-15,47.000000,47.000000,46.250000,46.884998,42.333611,1428200
2012-10-16,47.000000,47.705002,46.884998,47.345001,42.748970,1408000
2012-10-17,47.555000,48.195000,47.380001,48.070000,43.403576,1436200
2012-10-18,47.910000,48.380001,47.770000,48.250000,43.566109,1700000
2012-10-19,48.125000,48.224998,47.044998,47.119999,42.545799,1607600
2012-10-22,46.730000,48.119999,46.520000,47.134998,42.559349,2539600
2012-10-23,46.224998,46.330002,45.505001,45.755001,41.313309,1928400
2012-10-24,46.139999,46.139999,45.000000,45.090000,40.712868,2251600
2012-10-25,45.250000,46.470001,45.009998,46.435001,41.927296,3072200
2012-10-26,46.365002,47.700001,46.264999,47.224998,42.640602,2640600
2012-10-31,46.660000,47.674999,46.660000,47.505001,42.893429,2931600
2012-11-01,47.500000,47.730000,46.810001,47.700001,43.297367,1937400
2012-11-02,47.805000,48.080002,47.355000,47.500000,43.115807,1790000
2012-11-05,47.505001,47.930000,47.044998,47.840000,43.424438,1411800
2012-11-06,48.099998,48.549999,47.755001,48.355000,43.891911,2437600
2012-11-07,47.709999,47.764999,47.099998,47.500000,43.115807,1958800
2012-11-08,47.500000,47.855000,47.294998,47.365002,42.993279,3182200
2012-11-09,47.290001,47.974998,47.240002,47.505001,43.120354,1729200
2012-11-12,47.625000,47.650002,47.240002,47.500000,43.115807,1261800
2012-11-13,47.014999,47.865002,46.974998,47.500000,43.115807,1584200
2012-11-14,47.645000,47.645000,46.799999,47.250000,42.888889,2196400
2012-11-15,47.294998,47.605000,45.930000,46.290001,42.017498,4447200
2012-11-16,46.564999,46.759998,45.605000,45.939999,41.699802,4724800
2012-11-19,46.544998,47.250000,46.525002,46.915001,42.584820,2353000
2012-11-20,47.115002,47.924999,46.875000,47.400002,43.025051,2835000
2012-11-21,47.625000,47.904999,47.255001,47.654999,43.256504,2042400
2012-11-23,47.799999,48.310001,47.570000,48.275002,43.819283,1006400
2012-11-26,48.095001,48.369999,47.525002,48.325001,43.864670,2769200
2012-11-27,48.044998,48.415001,47.639999,48.095001,43.655891,2018200
2012-11-28,47.500000,48.520000,47.235001,48.480000,44.005352,1631800
2012-11-29,48.750000,49.285000,48.654999,48.900002,44.386593,2375800
2012-11-30,48.994999,49.259998,48.619999,48.875000,44.363899,2150800
2012-12-03,49.415001,49.500000,48.075001,48.134998,43.692200,2710200
2012-12-04,48.000000,48.305000,47.755001,47.974998,43.546970,1340000
2012-12-05,48.220001,48.630001,47.764999,48.020000,43.587822,2715200
2012-12-06,48.259998,49.685001,48.259998,49.665001,45.080990,4513600
2012-12-07,49.790001,50.845001,49.445000,50.724998,46.043152,3007400
2012-12-10,51.279999,51.279999,50.064999,50.200001,45.566601,2142200
2012-12-11,50.340000,50.674999,50.294998,50.540001,45.875237,1623600
2012-12-12,50.705002,51.145000,50.264999,50.910000,46.211075,1959600
2012-12-13,50.720001,50.875000,49.520000,49.650002,45.067364,1907000
2012-12-14,49.715000,50.029999,49.380001,50.009998,45.394142,2413200
2012-12-17,50.130001,50.709999,49.820000,50.299999,45.657375,2136000
2012-12-18,50.255001,51.540001,50.055000,51.404999,46.660389,2011600
2012-12-19,51.314999,51.404999,50.720001,50.855000,46.161152,1431000
2012-12-20,50.810001,51.349998,50.570000,51.349998,46.610466,1626400
2012-12-21,50.705002,51.465000,50.584999,51.285000,46.551476,2558800
2012-12-24,51.055000,51.285000,50.770000,50.820000,46.129387,504200
2012-12-26,51.020000,51.400002,50.355000,50.480000,45.820763,939800
2012-12-27,50.480000,50.689999,49.915001,50.345001,45.698227,999000
2012-12-28,50.244999,50.450001,49.415001,49.455002,44.890373,1652400
2012-12-31,49.389999,50.939999,49.330002,50.869999,46.174770,1693000
2013-01-02,51.715000,51.910000,50.930000,51.625000,46.860081,1560200
2013-01-03,51.465000,52.119999,51.165001,51.619999,46.855541,1424800
2013-01-04,51.610001,52.485001,51.610001,52.450001,47.608936,1511800
2013-01-07,52.220001,52.605000,51.915001,52.544998,47.695168,1605000
2013-01-08,52.080002,52.080002,51.424999,52.029999,47.227699,2363400
2013-01-09,52.325001,52.360001,51.645000,51.919998,47.127872,1713400
2013-01-10,52.310001,52.415001,51.889999,52.294998,47.468246,1789000
2013-01-11,52.244999,52.790001,52.029999,52.785000,47.913021,1995400
2013-01-14,52.654999,52.950001,52.564999,52.715000,47.849483,1074800
2013-01-15,52.424999,52.700001,52.084999,52.654999,47.795006,1121000
2013-01-16,52.535000,53.035000,52.400002,52.875000,47.994709,863800
2013-01-17,53.255001,53.639999,53.025002,53.485001,48.548412,2209000
2013-01-18,53.500000,53.500000,52.529999,53.310001,48.389549,2075600
2013-01-22,53.360001,54.520000,53.174999,54.520000,49.487873,2059600
2013-01-23,54.330002,54.330002,53.564999,53.654999,48.702702,1016200
2013-01-24,53.674999,54.380001,53.435001,53.799999,48.834339,1254400
2013-01-25,53.915001,54.325001,53.580002,54.150002,49.152027,1094800
2013-01-28,54.314999,54.314999,53.445000,53.779999,48.816181,1113400
2013-01-29,53.860001,54.709999,53.709999,54.630001,49.587727,1239800
2013-01-30,54.660000,55.040001,54.020000,54.115002,49.120262,1475000
2013-01-31,53.950001,54.330002,53.560001,53.895000,48.920559,1580400
2013-02-01,54.255001,54.689999,53.935001,54.595001,49.555958,1651400
2013-02-04,54.130001,54.544998,53.860001,54.384998,49.365337,1312400
2013-02-05,54.750000,56.009998,54.695000,55.959999,50.794971,2702600
2013-02-06,55.494999,56.834999,55.445000,56.785000,51.543816,2381800
2013-02-07,56.419998,57.189999,55.980000,56.825001,51.808212,2090800
2013-02-08,56.994999,57.794998,56.700001,57.680000,52.587734,1981000
2013-02-11,57.474998,57.509998,56.075001,56.375000,51.397945,2435400
2013-02-12,56.099998,56.365002,55.750000,56.110001,51.156345,1759600
2013-02-13,56.215000,56.685001,56.060001,56.134998,51.179138,1612400
2013-02-14,56.000000,56.369999,55.865002,56.075001,51.124432,1665600
2013-02-15,56.154999,56.230000,55.540001,56.009998,51.065166,2486800
2013-02-19,56.255001,57.035000,56.255001,56.950001,51.922188,3757000
2013-02-20,57.000000,57.090000,55.625000,55.669998,50.755188,1984800
2013-02-21,55.645000,55.750000,54.930000,55.029999,50.171688,1921600
2013-02-22,55.480000,55.849998,55.095001,55.794998,50.869164,2272800
2013-02-25,56.000000,56.195000,54.209999,54.215000,49.428635,2519000
2013-02-26,54.674999,54.674999,53.630001,54.395000,49.592758,1919200
2013-02-27,54.404999,55.320000,54.404999,55.139999,50.271984,2194800
2013-02-28,55.244999,55.820000,55.005001,55.415001,50.522701,2033000
2013-03-01,55.075001,55.209999,54.505001,55.020000,50.162567,1800800
2013-03-04,55.000000,55.044998,54.115002,55.035000,50.176254,1902200
2013-03-05,55.430000,55.625000,54.014999,54.674999,49.848034,4095400
2013-03-06,54.910000,55.134998,54.529999,54.959999,50.107868,2310600
2013-03-07,55.025002,56.275002,55.020000,56.174999,51.215588,2319400
2013-03-08,56.404999,56.404999,55.610001,56.244999,51.279430,2149000
2013-03-11,56.139999,56.720001,55.849998,56.514999,51.525585,1465600
2013-03-12,56.615002,56.935001,56.250000,56.900002,51.876602,1414200
2013-03-13,56.805000,57.250000,56.669998,57.154999,52.109089,1931400
2013-03-14,57.154999,58.125000,57.115002,57.990002,52.870369,2019800
2013-03-15,57.830002,58.320000,57.709999,58.224998,53.084614,3561600
2013-03-18,57.509998,58.049999,57.310001,57.825001,52.719929,2090000
2013-03-19,57.930000,57.965000,56.860001,57.125000,52.081730,1602800
2013-03-20,57.450001,57.825001,56.705002,56.985001,51.954098,1893000
2013-03-21,56.584999,57.075001,56.195000,56.500000,51.511906,1400000
2013-03-22,56.705002,57.209999,56.584999,57.080002,52.040710,1660600
2013-03-25,57.349998,57.610001,56.380001,56.595001,51.598522,1142200
2013-03-26,56.865002,57.900002,56.865002,57.799999,52.697136,954400
2013-03-27,57.525002,57.830002,57.020000,57.615002,52.528473,829600
2013-03-28,57.705002,58.224998,57.340000,57.830002,52.724495,1680400
2013-04-01,58.174999,58.355000,57.294998,58.000000,52.879471,1123400
2013-04-02,57.974998,58.325001,57.654999,57.939999,52.824791,1546000
2013-04-03,58.294998,58.790001,57.125000,57.619999,52.533031,2142000
2013-04-04,57.834999,58.025002,56.250000,56.355000,51.379715,3610800
2013-04-05,55.485001,56.029999,55.195000,55.785000,50.860039,3189000
2013-04-08,56.105000,57.834999,56.009998,57.794998,52.692589,2169400
2013-04-09,57.805000,58.849998,57.540001,58.439999,53.280640,1466000
2013-04-10,58.720001,58.855000,58.270000,58.330002,53.180347,1912400
2013-04-11,58.895000,59.240002,58.209999,58.980000,53.772964,2559600
2013-04-12,58.689999,58.689999,56.639999,56.770000,51.758076,3300000
2013-04-15,56.299999,56.330002,53.994999,53.994999,49.228069,2869600
2013-04-16,54.645000,55.325001,53.974998,54.965000,50.112431,2901600
2013-04-17,54.294998,54.294998,52.945000,53.244999,48.544273,3027600
2013-04-18,53.439999,54.150002,52.619999,53.805000,49.054836,2311800
2013-04-19,53.965000,54.090000,52.974998,53.605000,48.872494,1733600
2013-04-22,53.790001,54.509998,53.165001,54.305000,49.510696,1593000
2013-04-23,54.625000,55.474998,54.424999,55.360001,50.472549,3011400
2013-04-24,55.575001,56.755001,55.435001,56.310001,51.338676,2540800
2013-04-25,56.669998,58.189999,56.099998,56.785000,51.771744,2983000
2013-04-26,56.785000,56.919998,55.320000,55.845001,50.914742,2445000
2013-04-29,56.275002,56.860001,55.900002,56.520000,51.530140,1763200
2013-04-30,56.404999,56.900002,56.005001,56.645000,51.644108,1891200
2013-05-01,56.305000,56.305000,55.060001,55.455002,50.559166,2399600
2013-05-02,55.514999,55.860001,55.099998,55.410000,50.774509,2965200
2013-05-03,55.955002,56.645000,55.875000,56.535000,51.805393,3183600
2013-05-06,56.610001,57.095001,56.294998,57.040001,52.268154,1852200
2013-05-07,57.430000,58.724998,57.430000,58.404999,53.518951,2694800
2013-05-08,58.404999,58.740002,58.005001,58.715000,53.803017,2929000
2013-05-09,58.590000,58.900002,57.785000,58.005001,53.152420,3872800
2013-05-10,57.680000,57.849998,57.064999,57.389999,52.588871,2393600
2013-05-13,57.189999,57.840000,57.070000,57.825001,52.987473,1951400
2013-05-14,57.750000,58.834999,57.750000,58.805000,53.885494,2163200
2013-05-15,59.264999,59.424999,58.180000,58.994999,54.059593,3296400
2013-05-16,58.865002,59.169998,58.250000,58.910000,53.981712,2623000
2013-05-17,59.169998,60.680000,59.154999,60.650002,55.576141,3124200
2013-05-20,60.685001,61.535000,60.619999,61.250000,56.125950,2147400
2013-05-21,61.244999,61.525002,60.555000,60.570000,55.502827,1745600
2013-05-22,60.970001,61.605000,58.930000,59.535000,54.554424,3989600
2013-05-23,58.654999,59.404999,58.035000,59.375000,54.407806,2398000
2013-05-24,59.009998,59.084999,57.810001,58.689999,53.780106,2480200
2013-05-28,59.250000,60.139999,58.764999,59.130001,54.183304,4322200
2013-05-29,58.830002,59.349998,58.270000,59.119999,54.174137,915400
2013-05-30,59.430000,59.639999,58.459999,59.099998,54.155815,1228800
2013-05-31,58.799999,59.040001,57.639999,57.650002,52.827126,1490000
2013-06-03,57.790001,58.830002,57.470001,57.770000,52.937084,1896500
2013-06-04,57.619999,58.240002,57.160000,57.750000,52.918751,1992000
2013-06-05,57.419998,57.610001,56.700001,56.750000,52.002399,2075300
2013-06-06,56.759998,57.369999,56.259998,57.369999,52.570541,1332800
2013-06-07,57.799999,58.660000,57.360001,58.610001,53.706806,1257500
2013-06-10,58.650002,58.700001,57.900002,58.459999,53.569355,1056900
2013-06-11,57.709999,58.299999,57.169998,57.759998,52.927914,1528900
2013-06-12,58.330002,58.340000,57.000000,57.200001,52.414764,2094700
2013-06-13,57.169998,58.419998,56.919998,58.340000,53.459396,1258700
2013-06-14,58.189999,58.520000,57.459999,57.910000,53.065353,1144500
2013-06-17,58.400002,59.779999,58.400002,59.700001,54.705624,1933100
2013-06-18,59.669998,60.869999,59.560001,60.689999,55.612797,1781300
2013-06-19,60.580002,61.610001,60.520000,60.529999,55.466183,1725500
2013-06-20,59.580002,59.889999,58.480000,58.790001,53.871746,2310500
2013-06-21,59.169998,59.740002,58.380001,59.439999,54.467365,2652000
2013-06-24,58.610001,60.209999,57.630001,59.610001,54.623146,2711900
2013-06-25,60.270000,60.439999,59.250000,59.770000,54.769764,2121700
2013-06-26,60.290001,60.340000,59.009998,60.189999,55.154621,2021600
2013-06-27,60.900002,61.770000,60.709999,60.880001,55.786900,2378700
2013-06-28,60.549999,61.130001,60.029999,60.040001,55.017166,3246700
2013-07-01,60.310001,60.830002,59.849998,59.880001,54.870564,2464900
2013-07-02,59.990002,61.360001,59.919998,61.040001,55.933514,1692300
2013-07-03,61.040001,61.689999,60.790001,61.630001,56.474148,1076200
2013-07-05,62.090000,62.759998,61.470001,62.709999,57.463806,1189400
2013-07-08,62.730000,62.740002,62.040001,62.290001,57.078953,2312700
2013-07-09,62.840000,64.059998,62.750000,63.860001,58.517605,1716900
2013-07-10,64.139999,64.500000,63.570000,63.750000,58.416805,1882200
2013-07-11,64.370003,64.620003,63.570000,64.529999,59.131546,1351400
2013-07-12,64.339996,64.440002,63.779999,64.300003,58.920795,1322400
2013-07-15,64.300003,64.790001,63.509998,63.549999,58.233528,1567300
2013-07-16,63.740002,64.000000,62.759998,63.070000,57.793694,1299000
2013-07-17,63.200001,64.199997,63.200001,63.860001,58.517605,1131900
2013-07-18,64.209999,65.820000,64.150002,65.660004,60.167019,1663500
2013-07-19,65.769997,66.089996,65.080002,66.070000,60.542706,1476500
2013-07-22,66.010002,66.300003,65.650002,65.970001,60.451088,1673100
2013-07-23,66.070000,66.110001,65.169998,65.180000,59.727169,1317400
2013-07-24,65.440002,65.559998,64.129997,64.540001,59.140717,1359000
2013-07-25,63.009998,64.620003,62.560001,64.379997,58.994087,2110100
2013-07-26,63.930000,64.260002,63.200001,63.430000,58.123577,2112100
2013-07-29,62.689999,63.150002,62.000000,62.070000,56.877338,2222600
2013-07-30,62.470001,62.650002,61.779999,62.520000,57.289703,1656700
2013-07-31,62.849998,63.220001,62.340000,62.490002,57.262207,2011600
2013-08-01,63.160000,64.519997,63.150002,64.320000,59.071457,2194800
2013-08-02,64.339996,64.959999,64.120003,64.959999,59.659229,1620200
2013-08-05,64.779999,65.160004,64.500000,64.919998,59.622498,1390800
2013-08-06,64.919998,64.959999,63.610001,64.139999,58.906151,1433800
2013-08-07,63.849998,64.040001,63.230000,63.759998,58.557144,1832400
2013-08-08,63.930000,64.470001,63.139999,63.980000,58.759205,1567600
2013-08-09,64.050003,64.139999,63.529999,63.830002,58.621437,838400
2013-08-12,63.500000,64.000000,63.200001,63.419998,58.244892,863700
2013-08-13,63.450001,63.910000,62.919998,63.750000,58.547970,984300
2013-08-14,63.689999,63.869999,62.970001,62.980000,57.840794,1056800
2013-08-15,62.669998,63.320000,62.150002,63.000000,57.859173,888400
2013-08-16,62.509998,63.009998,62.240002,62.650002,57.537735,1528000
2013-08-19,62.680000,63.099998,61.779999,61.810001,56.766277,1191100
2013-08-20,61.939999,62.770000,61.790001,62.240002,57.161186,961800
2013-08-21,62.250000,62.520000,61.700001,61.790001,56.747902,1015600
2013-08-22,61.919998,62.750000,61.709999,62.490002,57.390785,622700
2013-08-23,62.570000,63.070000,61.970001,62.959999,57.822430,858600
2013-08-26,63.119999,63.700001,62.730000,62.840000,57.712231,710900
2013-08-27,62.040001,62.939999,61.270000,61.369999,56.362179,1884400
2013-08-28,61.369999,62.080002,61.369999,61.750000,56.711166,2073900
2013-08-29,61.700001,61.959999,61.230000,61.349998,56.343807,1349600
2013-08-30,61.509998,61.840000,61.000000,61.430000,56.417282,1581400
2013-09-03,62.099998,62.389999,61.650002,62.180000,57.106075,1398900
2013-09-04,62.099998,62.790001,61.810001,62.619999,57.510170,1054700
2013-09-05,62.750000,63.230000,62.520000,62.900002,57.767334,1045700
2013-09-06,63.099998,63.820000,62.630001,62.910000,57.776512,1497400
2013-09-09,63.180000,64.150002,63.040001,64.129997,58.896957,1674100
2013-09-10,64.400002,65.089996,63.860001,65.059998,59.751076,2180100
2013-09-11,65.500000,66.190002,65.180000,66.169998,60.770496,1918600
2013-09-12,66.139999,67.260002,66.099998,66.750000,61.303158,2135800
2013-09-13,66.750000,67.070000,66.389999,66.519997,61.091934,1611900
2013-09-16,67.070000,67.120003,65.660004,65.900002,60.522526,1575100
2013-09-17,65.779999,66.290001,65.510002,66.099998,60.706215,1244800
2013-09-18,66.099998,67.959999,65.820000,67.769997,62.239941,1363200
2013-09-19,67.870003,68.430000,67.330002,67.440002,61.936863,1247900
2013-09-20,67.489998,67.739998,66.930000,67.290001,61.799095,1726900
2013-09-23,67.180000,67.349998,66.519997,67.010002,61.541958,780500
2013-09-24,66.870003,67.849998,66.660004,67.139999,61.661346,1107900
2013-09-25,67.279999,67.690002,66.800003,67.019997,61.551121,1220100
2013-09-26,67.230003,67.349998,66.430000,67.320000,61.826656,1348600
2013-09-27,67.120003,67.300003,66.540001,67.010002,61.541958,911900
2013-09-30,66.309998,67.290001,66.099998,67.010002,61.541958,1214000
2013-10-01,67.059998,68.000000,66.949997,67.989998,62.441986,2085800
2013-10-02,67.629997,67.989998,66.790001,67.830002,62.295055,1392300
2013-10-03,67.290001,67.400002,65.629997,66.370003,60.954174,2061600
2013-10-04,66.559998,67.769997,66.089996,67.230003,61.744011,1338100
2013-10-07,66.389999,67.459999,66.250000,66.370003,60.954174,1277400
2013-10-08,66.410004,66.900002,65.220001,65.250000,59.925560,935300
2013-10-09,65.309998,65.629997,64.360001,64.800003,59.512295,1135600
2013-10-10,65.519997,66.449997,65.139999,66.449997,61.027649,1455900
2013-10-11,66.169998,67.410004,65.879997,67.000000,61.532768,1054800
2013-10-14,66.519997,67.430000,66.260002,67.400002,61.900124,1291400
2013-10-15,67.959999,69.070000,67.559998,68.309998,62.735859,2800300
2013-10-16,68.849998,70.300003,68.690002,70.209999,64.480827,1921900
2013-10-17,69.970001,70.779999,69.860001,70.730003,64.958397,1640100
2013-10-18,71.239998,72.620003,70.830002,72.559998,66.639061,2246900
2013-10-21,72.300003,73.089996,71.919998,72.360001,66.455383,1926500
2013-10-22,72.769997,73.879997,72.510002,73.279999,67.300308,3068200
2013-10-23,72.889999,73.139999,70.570000,71.379997,65.555351,2728300
2013-10-24,71.500000,76.589996,71.040001,74.519997,68.439125,3838700
2013-10-25,75.660004,76.599998,74.879997,76.510002,70.266777,3423900
2013-10-28,76.389999,77.040001,75.940002,76.540001,70.294296,2346200
2013-10-29,76.570000,77.330002,76.500000,77.129997,70.836159,1664600
2013-10-30,77.129997,78.010002,75.279999,76.089996,69.881004,1695200
2013-10-31,76.000000,76.180000,74.639999,74.930000,68.942520,2016500
2013-11-01,75.110001,75.470001,73.500000,75.190002,69.181755,1788700
2013-11-04,75.650002,76.919998,75.529999,76.129997,70.046638,1850700
2013-11-05,75.709999,76.029999,74.720001,75.010002,69.016136,1592200
2013-11-06,75.160004,75.970001,74.010002,74.589996,68.629684,1715300
2013-11-07,74.959999,75.099998,72.160004,72.650002,66.844719,3689900
2013-11-08,72.699997,75.690002,72.699997,75.599998,69.558990,2482200
2013-11-11,75.550003,75.970001,74.879997,75.209999,69.200157,933500
2013-11-12,75.239998,75.250000,73.589996,73.690002,67.801613,1621800
2013-11-13,73.370003,74.529999,73.000000,74.000000,68.086845,1852700
2013-11-14,74.070000,74.379997,73.480003,74.199997,68.270844,1628000
2013-11-15,74.260002,74.970001,73.940002,74.930000,68.942520,1377100
2013-11-18,75.050003,75.269997,72.889999,73.180000,67.332367,2509700
2013-11-19,73.110001,73.750000,72.389999,73.000000,67.166725,2050600
2013-11-20,73.480003,73.839996,72.489998,72.849998,67.028740,1450700
2013-11-21,73.250000,74.639999,73.199997,73.980003,68.068428,1420900
2013-11-22,74.559998,74.720001,73.339996,73.580002,67.700401,1793000
2013-11-25,73.660004,73.660004,71.910004,72.940002,67.111534,1383500
2013-11-26,73.000000,73.680000,72.300003,73.180000,67.332367,1787800
2013-11-27,72.750000,72.959999,68.580002,69.870003,64.286858,5196300
2013-11-29,69.910004,71.019997,69.080002,70.239998,64.627296,1523100
2013-12-02,70.099998,70.580002,69.070000,69.800003,64.222443,2035200
2013-12-03,69.800003,70.260002,69.309998,69.510002,63.955616,3196000
2013-12-04,70.250000,70.739998,69.309998,69.639999,64.075233,3141900
2013-12-05,69.000000,69.849998,68.790001,69.040001,63.523190,2373000
2013-12-06,69.739998,69.889999,69.190002,69.500000,63.946426,2700500
2013-12-09,69.400002,69.500000,67.610001,68.589996,63.109146,3781200
2013-12-10,68.389999,69.760002,68.309998,69.480003,63.928028,2432000
2013-12-11,69.419998,69.669998,67.900002,68.160004,62.713493,2329000
2013-12-12,68.239998,69.239998,67.589996,68.680000,63.191956,2102700
2013-12-13,68.559998,68.779999,67.589996,68.680000,63.191956,2266900
2013-12-16,68.970001,69.660004,68.699997,69.400002,63.854412,2026200
2013-12-17,69.870003,69.879997,67.570000,67.610001,62.207451,3601800
2013-12-18,67.919998,67.980003,65.790001,67.449997,62.060238,4136800
2013-12-19,66.629997,68.160004,66.570000,67.870003,62.446678,2349700
2013-12-20,68.029999,68.750000,67.879997,67.940002,62.511089,3057500
2013-12-23,68.500000,68.830002,67.510002,67.620003,62.216652,2266300
2013-12-24,67.620003,68.050003,67.279999,67.919998,62.492672,695800
2013-12-26,68.040001,68.339996,67.730003,68.050003,62.612297,674300
2013-12-27,68.000000,68.470001,67.699997,68.209999,62.759491,1107100
2013-12-30,68.320000,68.730003,67.059998,67.169998,61.802589,1452000
2013-12-31,67.470001,68.230003,66.760002,68.110001,62.667488,1624300
2014-01-02,67.860001,67.949997,66.110001,66.589996,61.268959,2281300
2014-01-03,66.760002,67.300003,65.870003,66.139999,60.854900,1755200
2014-01-06,66.180000,66.199997,65.180000,65.750000,60.496071,1555400
2014-01-07,66.000000,66.629997,65.400002,65.849998,60.588089,2469000
2014-01-08,66.040001,66.559998,65.279999,65.709999,60.459270,1957100
2014-01-09,66.389999,66.860001,64.430000,65.349998,60.128040,2735700
2014-01-10,65.290001,65.639999,64.500000,64.739998,59.566784,2699200
2014-01-13,64.400002,64.989998,63.000000,63.169998,58.122238,2340700
2014-01-14,63.389999,64.790001,63.320000,64.360001,59.217148,2240500
2014-01-15,64.260002,64.800003,64.180000,64.449997,59.299953,1556400
2014-01-16,64.250000,64.989998,64.050003,64.660004,59.493172,1506400
2014-01-17,64.660004,64.980003,63.860001,63.900002,58.793907,1874300
2014-01-21,64.180000,64.500000,63.119999,64.070000,58.950329,2342400
2014-01-22,64.739998,65.889999,64.430000,65.680000,60.431675,2383900
2014-01-23,65.199997,65.440002,64.800003,65.110001,59.907219,3224000
2014-01-24,64.669998,64.699997,62.799999,62.970001,57.938225,3256500
2014-01-27,62.880001,63.060001,61.750000,62.139999,57.174545,2238200
2014-01-28,62.849998,63.660000,62.380001,63.310001,58.251041,2001800
2014-01-29,62.619999,63.919998,62.189999,63.250000,58.195847,2592100
2014-01-30,63.540001,63.700001,62.860001,62.980000,57.947414,1645200
2014-01-31,61.970001,63.009998,61.790001,62.330002,57.349369,2496100
2014-02-03,62.419998,63.340000,61.700001,61.790001,56.852501,2684300
2014-02-04,62.169998,63.049999,61.849998,62.340000,57.358551,2753900
2014-02-05,62.380001,62.500000,61.099998,61.189999,56.300457,2700700
2014-02-06,60.750000,62.810001,60.139999,62.610001,57.739090,7679400
2014-02-07,63.419998,66.440002,63.419998,66.199997,61.049797,5992300
2014-02-10,66.080002,66.760002,65.019997,66.650002,61.464794,4255900
2014-02-11,66.750000,66.779999,66.120003,66.330002,61.169689,3814300
2014-02-12,66.680000,66.900002,66.070000,66.540001,61.363346,2005600
2014-02-13,65.769997,66.970001,65.599998,66.449997,61.280361,2303100
2014-02-14,66.410004,66.750000,65.760002,66.360001,61.197342,2069500
2014-02-18,66.339996,66.910004,66.150002,66.550003,61.372574,2646500
2014-02-19,66.080002,67.419998,66.080002,66.599998,61.418686,3994200
2014-02-20,66.199997,67.419998,66.089996,67.120003,61.898232,2835600
2014-02-21,67.529999,67.570000,66.790001,66.860001,61.658447,2117900
2014-02-24,67.180000,70.500000,67.180000,69.330002,63.936302,3729500
2014-02-25,69.150002,69.379997,68.250000,68.779999,63.429073,2326800
2014-02-26,68.720001,69.580002,68.220001,68.489998,63.161613,2398600
2014-02-27,68.309998,68.580002,67.610001,67.940002,62.654438,2285700
2014-02-28,68.070000,69.099998,67.930000,68.760002,63.410652,2200300
2014-03-03,68.480003,69.699997,67.860001,67.970001,62.682087,1878700
2014-03-04,68.820000,69.220001,68.139999,69.019997,63.650410,1598000
2014-03-05,69.160004,69.190002,67.879997,68.139999,62.838863,1560300
2014-03-06,68.019997,68.989998,67.750000,68.779999,63.429073,1426100
2014-03-07,69.040001,69.250000,68.500000,69.230003,63.844090,1321800
2014-03-10,69.199997,69.199997,68.629997,69.070000,63.696533,1439100
2014-03-11,68.970001,69.870003,68.180000,68.349998,63.032528,2543300
2014-03-12,67.839996,68.260002,67.000000,68.199997,62.894211,1292800
2014-03-13,68.379997,68.379997,66.680000,66.940002,61.732227,1502800
2014-03-14,66.750000,67.089996,66.250000,66.639999,61.455570,2384500
2014-03-17,66.800003,67.190002,66.379997,66.650002,61.464794,1116900
2014-03-18,66.739998,67.599998,66.459999,67.400002,62.156441,1294600
2014-03-19,67.339996,67.379997,65.699997,65.959999,60.828465,2064300
2014-03-20,65.779999,66.910004,65.370003,66.830002,61.630779,1227400
2014-03-21,67.339996,67.709999,66.550003,67.120003,61.898232,2075400
2014-03-24,67.379997,67.690002,66.250000,66.779999,61.584675,1068900
2014-03-25,67.250000,67.889999,67.019997,67.620003,62.359325,1335700
2014-03-26,67.959999,68.680000,67.449997,67.680000,62.414669,1357700
2014-03-27,67.800003,69.489998,67.360001,69.029999,63.659618,2148200
2014-03-28,69.370003,71.320000,69.199997,71.139999,65.605469,2953800
2014-03-31,71.309998,71.980003,70.349998,71.040001,65.513260,2132500
2014-04-01,71.070000,71.160004,70.230003,70.570000,65.079819,2189100
2014-04-02,69.849998,70.610001,69.620003,70.379997,64.904617,1674900
2014-04-03,70.769997,71.720001,70.570000,71.290001,65.743805,2002400
2014-04-04,71.910004,72.650002,70.209999,70.349998,64.876930,2530500
2014-04-07,70.169998,70.400002,69.220001,69.370003,63.973186,1208000
2014-04-08,69.290001,70.769997,69.279999,70.550003,65.061409,1585400
2014-04-09,70.739998,70.930000,70.139999,70.779999,65.273491,1286200
2014-04-10,70.839996,70.980003,69.279999,69.529999,64.120743,1341400
2014-04-11,69.230003,70.349998,69.230003,69.449997,64.046959,1369500
2014-04-14,70.260002,70.980003,69.519997,70.580002,65.089050,985700
2014-04-15,70.459999,71.879997,70.019997,71.849998,66.260231,1655300
2014-04-16,72.629997,72.940002,72.220001,72.900002,67.228554,1716200
2014-04-17,72.690002,74.650002,72.629997,74.419998,68.630318,2210500
2014-04-21,74.349998,74.779999,73.940002,74.660004,68.851639,1371100
2014-04-22,74.379997,74.620003,73.849998,74.300003,68.519653,1629800
2014-04-23,73.330002,75.199997,73.330002,75.070000,69.229729,2554000
2014-04-24,73.320000,76.290001,72.599998,74.949997,69.119072,2906300
2014-04-25,74.459999,74.570000,72.230003,72.790001,67.127113,2530400
2014-04-28,73.139999,73.260002,71.510002,72.169998,66.555344,2375000
2014-04-29,72.989998,73.760002,72.300003,73.059998,67.376091,2395800
2014-04-30,73.190002,73.250000,71.500000,71.779999,66.195679,1805900
2014-05-01,71.540001,71.940002,70.879997,71.230003,65.853622,1716300
2014-05-02,71.129997,72.150002,70.870003,71.290001,65.909088,1523400
2014-05-05,70.849998,71.510002,70.540001,71.089996,65.724190,3302400
2014-05-06,71.139999,71.930000,70.820000,71.190002,65.816643,2410400
2014-05-07,71.830002,72.220001,70.690002,71.720001,66.306641,1800300
2014-05-08,71.419998,71.790001,70.660004,70.739998,65.400589,1229200
2014-05-09,70.639999,70.739998,69.919998,70.720001,65.382118,1306600
2014-05-12,71.160004,71.190002,70.459999,70.690002,65.354385,2405400
2014-05-13,70.610001,71.459999,70.610001,71.040001,65.677963,2173500
2014-05-14,71.279999,71.750000,70.470001,70.699997,65.363632,1289400
2014-05-15,70.580002,70.650002,68.830002,69.620003,64.365143,1608000
2014-05-16,69.709999,70.250000,69.220001,69.730003,64.466850,1551700
2014-05-19,69.440002,70.089996,69.199997,69.559998,64.309669,1602600
2014-05-20,69.559998,69.849998,69.129997,69.339996,64.106285,937200
2014-05-21,69.000000,70.570000,69.000000,70.330002,65.021568,1773000
2014-05-22,70.580002,71.180000,70.169998,70.190002,64.892105,1506100
2014-05-23,70.330002,70.550003,69.949997,70.000000,64.716454,906400
2014-05-27,70.139999,70.279999,69.610001,69.839996,64.568550,1456800
2014-05-28,69.970001,71.040001,69.779999,70.769997,65.428329,1990700
2014-05-29,71.000000,71.970001,70.870003,71.889999,66.463791,1660300
2014-05-30,71.849998,72.459999,71.720001,72.070000,66.630226,2143600
2014-06-02,72.360001,72.500000,71.570000,71.669998,66.260399,1308600
2014-06-03,71.349998,72.050003,71.260002,72.010002,66.574745,1093300
2014-06-04,72.000000,72.489998,71.559998,72.160004,66.713425,1069800
2014-06-05,72.080002,72.400002,71.519997,72.360001,66.898315,1511900
2014-06-06,72.360001,74.099998,72.349998,74.000000,68.414520,1969000
2014-06-09,74.139999,74.959999,73.919998,74.230003,68.627197,1427300
2014-06-10,74.010002,74.809998,73.940002,74.779999,69.135666,1843200
2014-06-11,74.300003,75.940002,74.150002,75.379997,69.690376,2095900
2014-06-12,76.010002,77.400002,75.470001,75.809998,70.087914,1963700
2014-06-13,76.010002,76.220001,75.150002,76.190002,70.439247,1195100
2014-06-16,76.290001,76.500000,75.699997,76.250000,70.494705,1214900
2014-06-17,76.129997,76.510002,75.470001,76.019997,70.282074,1625600
2014-06-18,76.000000,76.709999,75.529999,76.610001,70.827530,1412900
2014-06-19,76.769997,77.440002,76.629997,77.419998,71.576401,1428400
2014-06-20,77.709999,78.680000,77.510002,78.639999,72.704323,2653000
2014-06-23,78.959999,79.629997,78.620003,79.230003,73.249771,2199000
2014-06-24,78.900002,79.010002,77.430000,77.500000,71.650368,2565600
2014-06-25,77.220001,78.750000,77.209999,78.570000,72.639595,2067500
2014-06-26,78.570000,78.629997,77.720001,78.129997,72.232803,1601100
2014-06-27,77.760002,78.279999,76.709999,77.419998,71.576401,4454600
2014-06-30,77.650002,78.239998,76.870003,77.459999,71.613365,2366000
2014-07-01,77.830002,77.930000,75.889999,76.339996,70.577919,2439700
2014-07-02,76.279999,76.639999,75.570000,75.779999,70.060188,1817600
2014-07-03,75.690002,76.059998,75.080002,75.790001,70.069450,904800
2014-07-07,75.610001,75.730003,74.379997,74.720001,69.080208,1946600
2014-07-08,74.820000,75.610001,74.750000,75.339996,69.653412,1415700
2014-07-09,75.269997,75.849998,74.980003,75.790001,70.069450,1479600
2014-07-10,74.849998,75.500000,74.290001,74.910004,69.255867,1469100
2014-07-11,74.870003,74.910004,73.599998,73.690002,68.127937,1541800
2014-07-14,74.120003,74.980003,74.120003,74.830002,69.181892,1455200
2014-07-15,74.589996,74.930000,73.760002,74.160004,68.562477,1784600
2014-07-16,74.400002,76.190002,74.349998,76.129997,70.383774,2078200
2014-07-17,76.139999,76.430000,73.660004,73.709999,68.146439,2190100
2014-07-18,73.550003,73.760002,72.949997,73.010002,67.499275,2838300
2014-07-21,72.839996,73.089996,72.440002,72.919998,67.416054,1507100
2014-07-22,73.220001,73.669998,72.709999,73.470001,67.924561,1544600
2014-07-23,73.570000,74.379997,73.209999,74.209999,68.608696,2614500
2014-07-24,70.230003,72.820000,69.830002,71.629997,66.223419,7557500
2014-07-25,71.500000,71.599998,69.190002,69.570000,64.318924,6736900
2014-07-28,69.779999,70.220001,68.980003,69.129997,63.912132,4872400
2014-07-29,69.129997,69.139999,68.360001,68.440002,63.274212,3707900
2014-07-30,68.870003,69.220001,66.660004,67.040001,61.979877,4436200
2014-07-31,66.269997,67.150002,65.669998,66.489998,61.636883,5083700
2014-08-01,66.050003,67.360001,65.879997,66.750000,61.877899,5843700
2014-08-04,66.750000,72.849998,66.320000,70.230003,65.103897,8083200
2014-08-05,69.809998,69.900002,67.949997,68.410004,63.416740,3673900
2014-08-06,67.959999,69.610001,67.860001,68.980003,63.945145,3237100
2014-08-07,69.080002,69.330002,68.110001,68.779999,63.759727,3374400
2014-08-08,69.000000,70.529999,68.809998,70.459999,65.317101,2199900
2014-08-11,70.739998,70.989998,69.599998,69.769997,64.677460,1983900
2014-08-12,69.400002,69.800003,68.900002,69.089996,64.047112,1928900
2014-08-13,69.519997,69.959999,68.989998,69.559998,64.482803,1363200
2014-08-14,69.570000,70.250000,69.110001,69.500000,64.427170,3568600
2014-08-15,69.739998,70.169998,69.489998,70.010002,64.899971,1840000
2014-08-18,70.110001,70.580002,69.559998,69.820000,64.723824,1721000
2014-08-19,69.910004,70.809998,69.830002,70.250000,65.122429,1107100
2014-08-20,70.089996,70.300003,69.430000,69.910004,64.807266,1708600
2014-08-21,70.099998,70.279999,69.610001,70.139999,65.020454,1402600
2014-08-22,69.669998,70.029999,69.059998,69.550003,64.473526,1741900
2014-08-25,69.940002,71.059998,69.779999,71.029999,65.845505,1257600
2014-08-26,71.309998,72.070000,71.089996,71.400002,66.188515,1865900
2014-08-27,71.309998,71.629997,70.639999,70.919998,65.743530,900200
2014-08-28,70.879997,71.029999,70.360001,70.919998,65.743530,1136200
2014-08-29,71.110001,72.160004,70.820000,72.139999,66.874496,1755500
2014-09-02,71.930000,72.059998,70.459999,70.550003,65.400558,1626300
2014-09-03,70.900002,71.620003,70.900002,71.209999,66.012352,1297600
2014-09-04,71.139999,71.440002,70.099998,71.000000,65.817703,2260300
2014-09-05,70.730003,71.680000,70.440002,71.660004,66.429520,2038000
2014-09-08,71.019997,71.220001,70.220001,70.610001,65.456161,1781500
2014-09-09,70.599998,71.820000,70.320000,70.589996,65.437630,1861800
2014-09-10,70.269997,70.290001,69.040001,69.940002,64.835068,2223300
2014-09-11,69.309998,70.160004,68.949997,70.000000,64.890678,1325800
2014-09-12,69.790001,70.059998,68.739998,68.800003,63.778263,1531200
2014-09-15,68.970001,69.830002,68.510002,69.480003,64.408638,1959800
2014-09-16,69.699997,71.430000,69.309998,71.110001,65.919678,2233500
2014-09-17,71.500000,71.629997,70.580002,71.169998,65.975273,1955600
2014-09-18,71.220001,71.459999,70.809998,71.220001,66.021637,2740800
2014-09-19,71.550003,72.059998,71.160004,71.290001,66.086525,2726000
2014-09-22,70.949997,70.949997,69.900002,70.360001,65.224426,2201900
2014-09-23,70.269997,71.190002,70.010002,70.300003,65.168785,2338100
2014-09-24,69.790001,70.919998,69.129997,70.419998,65.280014,1799100
2014-09-25,70.430000,70.430000,68.989998,69.199997,64.149071,2459700
2014-09-26,69.029999,70.209999,68.559998,69.879997,64.779442,1617100
2014-09-29,69.150002,70.019997,69.080002,69.889999,64.788719,1666200
2014-09-30,69.639999,69.779999,67.900002,68.360001,63.370392,2335900
2014-10-01,68.339996,68.730003,66.529999,66.790001,61.914989,2593400
2014-10-02,66.160004,66.349998,64.510002,66.139999,61.312420,3417100
2014-10-03,66.029999,66.540001,65.160004,65.169998,60.413223,2701000
2014-10-06,65.459999,65.699997,64.529999,64.919998,60.181469,2110700
2014-10-07,64.370003,64.470001,62.580002,62.580002,58.012272,3101200
2014-10-08,62.230000,63.080002,61.029999,63.009998,58.410881,2880300
2014-10-09,62.500000,62.500000,60.230000,60.299999,55.898682,2976200
2014-10-10,60.410000,60.580002,58.709999,58.720001,54.434017,3386900
2014-10-13,58.540001,59.279999,55.509998,55.570000,51.513935,3472800
2014-10-14,55.919998,56.500000,54.459999,54.790001,50.790871,4134700
2014-10-15,53.669998,54.959999,52.650002,54.849998,50.846493,5319100
2014-10-16,53.500000,57.750000,53.299999,56.669998,52.533642,4292600
2014-10-17,57.790001,58.529999,56.160000,56.590000,52.459484,3137200
2014-10-20,56.549999,57.770000,56.459999,57.509998,53.312332,2046100
2014-10-21,58.040001,59.500000,58.000000,58.889999,54.591610,3150400
2014-10-22,59.259998,59.400002,57.110001,57.130001,52.960079,3114100
2014-10-23,58.169998,58.910000,57.730000,58.480000,54.211533,2486400
2014-10-24,58.389999,58.500000,57.080002,57.430000,53.238174,2663800
2014-10-27,56.250000,56.549999,55.360001,56.380001,52.264812,3327900
2014-10-28,56.560001,58.480000,55.180000,58.360001,54.100296,3305100
2014-10-29,58.849998,60.299999,57.560001,58.130001,53.887085,3350800
2014-10-30,57.570000,58.500000,55.099998,57.160000,52.987877,2718800
2014-10-31,56.639999,57.689999,55.730000,57.630001,53.592346,4056300
2014-11-03,58.080002,58.200001,55.750000,55.869999,51.955650,3799000
2014-11-04,55.060001,55.220001,53.639999,54.200001,50.402649,3222000
2014-11-05,54.919998,55.950001,54.160000,55.549999,51.658073,2599600
2014-11-06,54.910000,55.290001,54.230000,54.799999,50.960617,4548800
2014-11-07,55.160000,57.070000,55.049999,56.509998,52.550808,4604800
2014-11-10,57.299999,57.700001,55.930000,56.230000,52.290424,3167600
2014-11-11,56.389999,56.520000,55.279999,56.139999,52.206734,3366300
2014-11-12,55.529999,56.259998,55.139999,55.220001,51.351189,2703100
2014-11-13,55.099998,55.709999,53.270000,53.990002,50.207363,3158700
2014-11-14,54.349998,56.279999,54.250000,56.110001,52.178829,2577600
2014-11-17,55.360001,55.529999,54.279999,54.709999,50.876923,3402200
2014-11-18,54.750000,55.419998,54.259998,55.009998,51.155907,1934800
2014-11-19,55.360001,55.419998,54.020000,54.770000,50.932716,2789800
2014-11-20,54.770000,56.820000,54.669998,56.540001,52.578705,3358700
2014-11-21,57.660000,58.020000,56.830002,57.709999,53.666729,3252500
2014-11-24,57.340000,57.849998,56.480000,56.689999,52.718193,3901800
2014-11-25,56.840000,57.009998,55.110001,55.419998,51.537182,2255400
2014-11-26,55.040001,55.060001,53.770000,53.830002,50.058575,2091600
2014-11-28,51.009998,51.169998,48.939999,49.180000,45.734360,3881500
2014-12-01,49.110001,49.790001,47.750000,49.700001,46.217934,5976400
2014-12-02,49.349998,50.830002,49.139999,50.549999,47.008373,4978900
2014-12-03,50.860001,52.360001,50.529999,52.139999,48.486977,4349900
2014-12-04,51.380001,52.209999,51.090000,51.580002,47.966213,4211000
2014-12-05,51.160000,51.400002,50.049999,50.590000,47.045570,2932300
2014-12-08,49.799999,49.799999,47.520000,47.610001,44.274361,4897800
2014-12-09,47.049999,48.529999,46.919998,47.889999,44.534737,5749600
2014-12-10,47.060001,47.060001,45.330002,45.779999,42.572567,4918500
2014-12-11,45.439999,46.820000,45.139999,45.389999,42.209896,3032200
2014-12-12,44.709999,45.450001,43.650002,43.860001,40.787083,4236400
2014-12-15,44.490002,44.880001,42.919998,43.000000,39.987335,3834300
2014-12-16,42.650002,44.939999,42.110001,43.560001,40.508106,5206100
2014-12-17,43.770000,48.200001,43.770000,47.939999,44.581234,6716200
2014-12-18,49.400002,49.980000,47.680000,49.419998,45.957546,5930700
2014-12-19,49.900002,51.240002,49.410000,51.189999,47.603535,5030800
2014-12-22,50.410000,51.080002,49.680000,50.950001,47.380344,3748000
2014-12-23,50.869999,50.970001,48.430000,48.980000,45.548370,6276700
2014-12-24,48.560001,48.669998,47.540001,48.500000,45.102005,2284800
2014-12-26,48.619999,49.049999,46.919998,47.220001,43.911686,2918900
2014-12-29,47.599998,48.630001,47.500000,47.830002,44.478951,3143500
2014-12-30,47.520000,48.020000,47.000000,47.330002,44.013977,2460000
2014-12-31,46.900002,48.000000,46.290001,47.430000,44.106968,2447800
2015-01-02,47.070000,47.599998,45.959999,46.880001,43.595501,2962000
2015-01-05,46.040001,46.209999,42.189999,42.389999,39.420082,7058600
2015-01-06,42.279999,42.880001,41.310001,41.900002,38.964420,3825800
2015-01-07,42.500000,42.939999,41.490002,41.740002,38.815617,3108500
2015-01-08,42.139999,43.419998,41.560001,43.180000,40.154732,3824800
2015-01-09,43.209999,43.880001,42.590000,43.570000,40.517410,2998000
2015-01-12,42.490002,42.820000,41.009998,41.520000,38.611034,3513400
2015-01-13,41.779999,42.820000,41.320000,42.540001,39.559574,5022900
2015-01-14,42.040001,42.959999,41.389999,42.849998,39.847851,3661800
2015-01-15,43.779999,44.220001,42.950001,42.980000,39.968739,4062200
2015-01-16,43.340000,45.529999,43.240002,45.490002,42.302898,3466700
2015-01-20,44.880001,46.049999,44.160000,45.910000,42.693459,4095500
2015-01-21,46.360001,47.439999,46.299999,46.930000,43.642002,3183900
2015-01-22,47.150002,47.360001,45.799999,46.740002,43.465313,2552600
2015-01-23,46.290001,46.990002,46.040001,46.270000,43.028248,2820500
2015-01-26,46.419998,47.570000,45.680000,47.520000,44.190662,3087800
2015-01-27,47.259998,48.110001,46.619999,47.580002,44.246456,3009300
2015-01-28,47.060001,47.299999,45.500000,46.060001,42.832951,4143000
2015-01-29,46.540001,47.580002,45.090000,47.509998,44.181362,3649700
2015-01-30,46.919998,48.139999,46.259998,47.740002,44.395252,3959500
2015-02-02,48.750000,49.759998,48.340000,49.730000,46.245827,3691800
2015-02-03,50.709999,52.419998,49.660000,50.209999,46.692200,5787000
2015-02-04,49.189999,49.250000,47.630001,47.889999,44.534737,4475800
2015-02-05,48.450001,49.099998,47.990002,48.490002,45.262829,2973400
2015-02-06,49.119999,49.200001,46.830002,47.720001,44.544079,3899000
2015-02-09,48.090000,48.580002,46.869999,46.980000,43.853325,3236300
2015-02-10,47.009998,48.000000,45.770000,47.880001,44.693428,3327200
2015-02-11,46.820000,48.430000,46.610001,47.939999,44.749435,3110200
2015-02-12,48.950001,49.470001,48.330002,48.849998,45.598869,2392700
2015-02-13,49.680000,50.880001,49.529999,50.790001,47.409760,3158600
2015-02-17,50.419998,51.299999,50.049999,50.810001,47.428417,3032800
2015-02-18,50.160000,51.770000,49.900002,50.689999,47.316410,4653800
2015-02-19,48.369999,49.770000,47.340000,49.700001,46.392300,5125500
2015-02-20,49.610001,50.139999,48.580002,49.080002,45.813572,2955100
2015-02-23,48.459999,49.270000,48.119999,48.500000,45.272163,2338900
2015-02-24,49.139999,49.709999,48.500000,49.669998,46.364288,2632900
2015-02-25,49.349998,50.040001,49.169998,49.810001,46.494980,2207200
2015-02-26,47.470001,48.169998,47.029999,47.320000,44.170692,19819000
2015-02-27,47.849998,48.150002,46.750000,47.230000,44.086693,6800600
2015-03-02,47.230000,47.230000,46.180000,46.410000,43.321274,6016000
2015-03-03,46.779999,47.580002,46.430000,46.980000,43.853325,4292300
2015-03-04,47.060001,47.450001,46.110001,47.209999,44.068027,4021800
2015-03-05,46.970001,47.500000,46.009998,46.070000,43.003876,5837900
2015-03-06,45.450001,46.580002,45.189999,45.389999,42.369144,5692600
2015-03-09,45.389999,45.900002,45.000000,45.020000,42.023773,3258700
2015-03-10,44.330002,45.330002,44.270000,44.270000,41.323685,2520800
2015-03-11,44.299999,44.689999,43.970001,44.380001,41.426361,3101900
2015-03-12,44.730000,44.799999,44.130001,44.250000,41.305016,2309900
2015-03-13,43.689999,44.270000,43.310001,44.029999,41.099648,3543500
2015-03-16,43.660000,45.650002,43.619999,45.610001,42.574501,4153600
2015-03-17,45.320000,46.070000,44.910000,45.610001,42.574501,3563800
2015-03-18,45.250000,48.700001,45.169998,48.119999,44.917450,5033700
2015-03-19,47.099998,47.900002,46.810001,47.580002,44.413399,3171000
2015-03-20,48.000000,48.820000,47.639999,47.840000,44.656090,5140300
2015-03-23,48.020000,48.480000,46.380001,46.400002,43.311928,3238700
2015-03-24,46.560001,46.639999,45.580002,45.889999,42.835873,3505600
2015-03-25,46.320000,47.200001,45.470001,46.770000,43.657303,3905500
2015-03-26,47.779999,48.150002,46.919998,47.939999,44.749435,3267100
2015-03-27,47.470001,48.619999,47.200001,48.000000,44.805439,3383400
2015-03-30,48.509998,49.160000,47.720001,49.049999,45.785561,3237400
2015-03-31,48.259998,49.720001,48.230000,48.900002,45.645538,4132300
2015-04-01,49.270000,49.860001,48.770000,48.869999,45.617535,3238500
2015-04-02,48.509998,49.990002,48.240002,49.919998,46.597656,3100200
2015-04-06,50.520000,50.930000,49.880001,50.650002,47.279076,2592000
2015-04-07,50.660000,51.419998,50.139999,50.299999,46.952366,2802200
2015-04-08,50.650002,51.049999,49.860001,49.930000,46.606995,2454800
2015-04-09,50.209999,50.980000,49.880001,50.919998,47.531101,3061900
2015-04-10,51.060001,51.290001,50.700001,50.919998,47.531101,1560400
2015-04-13,51.369999,51.610001,50.340000,50.570000,47.204395,1896800
2015-04-14,51.009998,51.740002,50.830002,51.730000,48.287193,2734300
2015-04-15,52.160000,53.680000,51.790001,53.470001,49.911400,3495400
2015-04-16,53.060001,53.430000,52.529999,52.590000,49.089958,3608400
2015-04-17,52.230000,52.910000,51.830002,52.099998,48.632565,3880300
2015-04-20,52.299999,53.230000,52.169998,52.759998,49.248634,2301000
2015-04-21,52.330002,52.630001,51.020000,51.130001,47.727123,2703800
2015-04-22,51.669998,51.889999,50.919998,51.180000,47.773800,2424400
2015-04-23,51.290001,52.299999,51.290001,51.509998,48.081829,2314800
2015-04-24,51.250000,51.380001,50.009998,50.490002,47.129715,2979700
2015-04-27,50.939999,51.150002,49.590000,49.770000,46.457642,3872300
2015-04-28,49.680000,50.150002,49.139999,50.090000,46.756344,4144800
2015-04-29,49.930000,51.130001,49.750000,50.619999,47.251072,3198800
2015-04-30,50.889999,51.360001,50.049999,50.720001,47.344414,3113900
2015-05-01,50.759998,51.000000,50.090000,50.240002,46.896366,2429400
2015-05-04,50.360001,51.200001,50.110001,50.990002,47.596447,3722200
2015-05-05,52.340000,52.689999,49.779999,49.790001,46.476307,7426700
2015-05-06,50.400002,51.139999,48.650002,49.180000,45.906906,3697600
2015-05-07,48.919998,48.919998,47.490002,48.119999,45.082447,3640600
2015-05-08,48.610001,49.380001,47.750000,49.119999,46.019337,4166800
2015-05-11,46.720001,47.349998,45.310001,46.070000,43.161854,20886900
2015-05-12,45.869999,46.320000,45.630001,46.000000,43.096279,6719300
2015-05-13,46.430000,46.630001,45.130001,45.279999,42.421726,6508400
2015-05-14,45.439999,45.520000,44.220001,44.500000,41.690964,6765100
2015-05-15,44.480000,45.250000,44.110001,44.880001,42.046978,4237900
2015-05-18,44.930000,45.270000,44.599998,45.110001,42.262459,3486800
2015-05-19,44.599998,44.709999,43.869999,44.230000,41.438019,3482900
2015-05-20,44.240002,44.369999,43.459999,44.009998,41.231892,3468100
2015-05-21,44.439999,44.490002,43.740002,43.799999,41.035152,4967100
2015-05-22,43.430000,44.200001,43.160000,43.799999,41.035152,3883300
2015-05-26,43.939999,44.779999,43.730000,44.150002,41.363056,6190400
2015-05-27,44.090000,44.349998,42.980000,43.320000,40.585449,4745300
2015-05-28,43.180000,43.919998,42.799999,43.650002,40.894627,5196000
2015-05-29,43.779999,44.259998,43.259998,43.779999,41.016415,4578400
2015-06-01,43.580002,43.770000,42.990002,43.330002,40.594826,4066000
2015-06-02,43.669998,44.450001,43.090000,44.029999,41.250629,2709900
2015-06-03,43.959999,44.430000,43.650002,44.310001,41.512966,3965900
2015-06-04,43.820000,44.000000,43.400002,43.700001,40.941471,5211200
2015-06-05,43.389999,44.959999,43.380001,44.590000,41.775288,5337800
2015-06-08,44.340000,44.759998,44.110001,44.689999,41.868977,5231500
2015-06-09,45.430000,46.560001,45.410000,45.750000,42.862057,6903900
2015-06-10,46.610001,46.900002,46.209999,46.630001,43.686512,4936200
2015-06-11,46.669998,46.930000,46.169998,46.639999,43.695885,3634300
2015-06-12,46.410000,46.759998,46.080002,46.369999,43.442924,3494100
2015-06-15,45.950001,46.330002,45.349998,45.380001,42.515419,3411400
2015-06-16,45.279999,45.680000,45.009998,45.500000,42.627842,3532100
2015-06-17,45.930000,46.290001,44.740002,44.910000,42.075089,3652200
2015-06-18,45.150002,45.389999,44.389999,44.459999,41.653492,3456200
2015-06-19,44.180000,44.540001,43.320000,43.529999,40.782192,4021400
2015-06-22,43.740002,44.599998,43.200001,44.320000,41.522324,2786600
2015-06-23,44.349998,45.040001,44.130001,44.799999,41.972034,3567000
2015-06-24,44.540001,44.910000,44.110001,44.730000,41.906448,3339700
2015-06-25,44.919998,45.299999,44.660000,44.930000,42.093834,3961600
2015-06-26,44.820000,44.980000,44.450001,44.810001,41.981392,8807300
2015-06-29,44.119999,44.509998,42.439999,42.660000,39.967117,5670300
2015-06-30,43.209999,43.270000,42.130001,42.680000,39.985851,5329400
2015-07-01,43.029999,43.029999,41.070000,41.299999,38.692970,4585600
2015-07-02,41.139999,41.740002,40.930000,41.020000,38.430641,3578900
2015-07-06,40.250000,40.730000,39.709999,40.189999,37.653030,4776200
2015-07-07,40.330002,40.980000,38.779999,40.770000,38.196426,5919700
2015-07-08,40.349998,40.610001,38.720001,39.060001,36.594368,5533500
2015-07-09,39.869999,40.119999,39.310001,39.310001,36.828583,4453300
2015-07-10,39.669998,39.950001,38.889999,39.060001,36.594368,3640100
2015-07-13,39.230000,39.230000,38.590000,38.900002,36.444473,4769600
2015-07-14,39.240002,39.709999,38.730000,39.599998,37.100273,5447500
2015-07-15,39.310001,39.919998,38.580002,38.750000,36.303932,4132100
2015-07-16,39.070000,39.070000,38.209999,38.380001,35.957291,3424400
2015-07-17,38.380001,38.880001,37.540001,38.340000,35.919815,5592600
2015-07-20,38.090000,38.090000,36.910000,36.970001,34.636288,9410600
2015-07-21,37.029999,37.540001,36.820000,36.849998,34.523865,7612100
2015-07-22,36.939999,37.279999,36.410000,36.900002,34.570724,7017200
2015-07-23,36.939999,37.189999,36.209999,36.700001,34.383339,3993200
2015-07-24,36.830002,36.840000,35.320000,35.369999,33.137287,4751500
2015-07-27,34.750000,35.470001,34.250000,34.730000,32.537689,4661800
2015-07-28,35.360001,37.070000,34.730000,35.500000,33.259087,8547300
2015-07-29,35.340000,36.450001,35.240002,36.160000,33.877422,6516300
2015-07-30,35.980000,36.650002,35.540001,36.150002,34.037495,4844900
2015-07-31,35.900002,36.290001,34.990002,35.230000,33.171253,5629100
2015-08-03,34.970001,34.970001,33.669998,33.750000,31.777740,6915300
2015-08-04,34.060001,34.750000,33.709999,34.009998,32.022545,5022000
2015-08-05,34.540001,35.070000,33.369999,33.410000,31.457603,4921400
2015-08-06,33.060001,33.990002,32.389999,33.910000,31.928383,6189300
2015-08-07,33.750000,34.240002,32.439999,32.700001,30.789103,4168400
2015-08-10,32.799999,34.320000,32.610001,34.240002,32.239109,4565700
2015-08-11,33.290001,34.209999,32.980000,34.169998,32.173199,4045800
2015-08-12,33.950001,35.599998,33.880001,35.310001,33.246574,5075800
2015-08-13,35.869999,36.320000,34.849998,36.299999,34.178722,12258600
2015-08-14,36.209999,37.099998,35.820000,36.000000,33.896252,6692400
2015-08-17,35.349998,36.099998,35.189999,35.439999,33.368980,4279400
2015-08-18,35.570000,35.650002,34.840000,35.099998,33.048851,5064600
2015-08-19,34.840000,35.099998,33.720001,34.220001,32.220272,4985000
2015-08-20,34.110001,34.480000,33.119999,33.119999,31.184559,4247000
2015-08-21,32.910000,33.349998,32.380001,32.849998,30.930336,5688200
2015-08-24,29.200001,32.369999,29.170000,31.170000,29.348503,9179600
2015-08-25,32.610001,32.630001,30.600000,30.700001,28.905975,6645300
2015-08-26,31.490000,31.770000,30.840000,31.750000,29.894611,5143900
2015-08-27,32.459999,34.240002,32.259998,33.669998,31.702412,7281700
2015-08-28,33.419998,35.270000,33.320000,34.529999,32.512157,5596700
2015-08-31,32.500000,34.090000,31.559999,33.410000,31.457603,13431700
2015-09-01,32.369999,32.520000,30.680000,31.110001,29.292019,10712900
2015-09-02,31.680000,31.760000,29.480000,30.340000,28.567015,14312000
2015-09-03,30.760000,31.690001,29.900000,30.209999,28.444607,13545900
2015-09-04,29.889999,31.120001,29.559999,30.730000,28.934217,15210700
2015-09-08,31.320000,31.559999,30.360001,31.420000,29.583895,9292300
2015-09-09,30.940001,31.719999,29.889999,30.190001,28.425776,10660300
2015-09-10,30.180000,31.080000,29.959999,30.750000,28.953051,6811600
2015-09-11,30.379999,31.200001,30.030001,31.190001,29.367342,7003800
2015-09-14,31.080000,31.150000,30.450001,30.900000,29.094282,7121600
2015-09-15,31.110001,31.799999,30.900000,31.549999,29.706301,5139800
2015-09-16,31.840000,33.310001,31.830000,33.250000,31.306955,7470600
2015-09-17,33.200001,33.990002,32.820000,33.110001,31.175140,7894100
2015-09-18,32.439999,32.740002,31.950001,32.330002,30.440722,7277800
2015-09-21,32.660000,33.099998,32.299999,32.750000,30.836176,4928600
2015-09-22,32.169998,33.389999,32.000000,32.310001,30.421886,4683900
2015-09-23,32.480000,32.919998,31.680000,31.870001,30.007603,5384600
2015-09-24,31.570000,32.540001,31.309999,32.180000,30.299486,4764600
2015-09-25,32.520000,32.650002,31.420000,31.610001,29.762794,4580000
2015-09-28,31.320000,31.330000,29.559999,29.580000,27.851423,5472200
2015-09-29,29.969999,30.030001,29.129999,29.700001,27.964411,4043000
2015-09-30,30.000000,30.540001,29.600000,30.180000,28.416361,4035300
2015-10-01,30.690001,31.340000,29.700001,30.110001,28.350452,5501500
2015-10-02,29.850000,31.629999,29.559999,31.620001,29.772211,4287200
2015-10-05,31.990000,33.270000,31.870001,33.259998,31.316364,5348300
2015-10-06,33.369999,34.599998,33.169998,34.509998,32.493324,6563600
2015-10-07,35.070000,35.680000,34.330002,35.049999,33.001774,6751500
2015-10-08,35.020000,37.410000,34.799999,37.270000,35.092041,9433200
2015-10-09,37.509998,37.880001,36.389999,36.720001,34.574184,5885600
2015-10-12,36.700001,36.759998,34.980000,35.480000,33.406631,4368800
2015-10-13,34.990002,35.570000,34.490002,34.560001,32.540405,4697900
2015-10-14,34.540001,35.049999,34.299999,34.779999,32.747543,4731700
2015-10-15,34.599998,36.810001,34.570000,36.410000,34.282291,5661800
2015-10-16,36.490002,37.200001,35.959999,37.099998,34.931969,5035500
2015-10-19,36.110001,36.720001,35.980000,36.209999,34.093987,5159800
2015-10-20,36.180000,36.919998,36.020000,36.529999,34.395283,3194300
2015-10-21,36.320000,36.720001,35.770000,35.849998,33.755020,3688200
2015-10-22,36.209999,36.740002,35.849998,36.480000,34.348209,4813300
2015-10-23,36.240002,36.360001,35.540001,35.930000,33.830349,3912700
2015-10-26,35.790001,35.860001,34.450001,34.590000,32.568649,3915900
2015-10-27,33.689999,34.020000,32.820000,32.980000,31.052736,10418100
2015-10-28,33.110001,35.139999,32.910000,34.840000,32.804047,5612400
2015-10-29,34.529999,35.599998,34.400002,35.099998,33.220482,4357400
2015-10-30,35.270000,36.450001,34.509998,35.840000,33.920860,5208800
2015-11-02,36.450001,38.560001,36.000000,37.970001,35.936798,7692200
2015-11-03,38.520000,39.849998,38.389999,38.700001,36.627716,6031400
2015-11-04,38.689999,38.880001,37.090000,37.840000,35.813759,4486800
2015-11-05,37.419998,38.650002,37.080002,37.650002,35.633938,3703500
2015-11-06,37.139999,37.650002,36.290001,36.790001,34.819981,3698300
2015-11-09,36.849998,37.520000,36.330002,37.220001,35.226971,3291900
2015-11-10,37.029999,38.299999,36.810001,37.840000,35.813759,3180900
2015-11-11,37.799999,37.860001,36.520000,36.880001,34.905174,4342400
2015-11-12,35.970001,36.430000,35.189999,35.279999,33.390842,3917800
2015-11-13,35.150002,35.310001,34.250000,35.200001,33.315132,4561600
2015-11-16,35.240002,37.040001,35.090000,37.000000,35.018742,3698300
2015-11-17,35.240002,37.000000,35.240002,36.459999,34.507645,3664300
2015-11-18,36.689999,37.529999,36.340000,37.400002,35.397327,4017000
2015-11-19,36.959999,37.160000,35.980000,36.599998,34.640156,2304400
2015-11-20,36.540001,36.560001,35.180000,35.660000,33.750492,4051400
2015-11-23,35.590000,36.389999,35.169998,36.299999,34.356224,4267000
2015-11-24,36.540001,37.459999,36.540001,37.000000,35.018742,3725600
2015-11-25,36.599998,37.369999,35.860001,36.939999,34.961956,1920500
2015-11-27,36.509998,36.919998,36.279999,36.549999,34.592838,1365200
2015-11-30,36.840000,37.430000,36.430000,36.669998,34.706409,2934900
2015-12-01,36.759998,37.040001,36.389999,36.990002,35.009274,2621100
2015-12-02,36.639999,37.020000,35.180000,35.419998,33.523350,5575200
2015-12-03,35.779999,36.279999,35.110001,35.480000,33.580124,3860600
2015-12-04,34.950001,35.080002,33.820000,33.869999,32.056339,5704200
2015-12-07,32.700001,32.759998,31.520000,32.169998,30.447371,6987900
2015-12-08,31.330000,32.570000,31.129999,32.299999,30.570415,3811200
2015-12-09,33.580002,34.250000,32.560001,33.060001,31.289717,5233200
2015-12-10,32.990002,34.369999,32.650002,34.000000,32.179382,4730400
2015-12-11,33.639999,33.689999,32.450001,32.630001,30.882744,5740400
2015-12-14,32.400002,32.570000,31.049999,31.750000,30.049864,6995000
2015-12-15,32.310001,32.880001,31.910000,32.820000,31.062571,4069200
2015-12-16,32.450001,33.169998,31.840000,32.419998,30.683989,4402000
2015-12-17,32.480000,32.570000,30.520000,31.219999,29.548246,5759100
2015-12-18,31.170000,31.900000,30.959999,30.959999,29.302168,5370900
2015-12-21,31.080000,31.580000,30.389999,31.490000,29.803787,4055900
2015-12-22,31.650000,32.590000,31.469999,32.369999,30.636665,4629000
2015-12-23,33.360001,34.259998,33.029999,34.250000,32.415993,4231500
2015-12-24,34.250000,34.369999,33.540001,34.090000,32.264565,1288800
2015-12-28,33.290001,33.480000,32.680000,33.020000,31.251860,2890900
2015-12-29,33.889999,33.970001,33.139999,33.400002,31.611511,2481500
2015-12-30,32.820000,33.590000,31.700001,32.220001,30.494698,4394500
2015-12-31,31.910000,33.259998,31.610001,32.930000,31.166672,3828800
2016-01-04,32.639999,33.549999,32.410000,33.500000,31.706154,4321700
2016-01-05,33.439999,33.869999,32.970001,33.650002,31.848127,4027200
2016-01-06,32.720001,32.720001,31.530001,31.690001,29.993078,5893300
2016-01-07,31.190001,32.669998,30.639999,30.889999,29.235912,5508600
2016-01-08,31.129999,31.370001,30.389999,30.830000,29.179129,4062700
2016-01-11,30.840000,30.990000,28.690001,28.990000,27.437656,6406700
2016-01-12,29.450001,29.549999,27.340000,28.600000,27.068539,7032700
2016-01-13,29.120001,29.639999,27.770000,27.940001,26.443884,6731500
2016-01-14,28.340000,29.219999,27.570000,29.070000,27.513374,7228500
2016-01-15,27.650000,28.320000,26.760000,27.629999,26.150482,6643200
2016-01-19,27.889999,28.000000,25.219999,25.820000,24.437403,7155200
2016-01-20,25.160000,26.120001,23.770000,25.719999,24.342758,8345800
2016-01-21,26.129999,28.709999,25.799999,28.389999,26.869787,7597200
2016-01-22,29.690001,30.219999,28.139999,29.030001,27.475513,6668900
2016-01-25,28.200001,29.350000,27.240000,27.270000,25.809757,5457100
2016-01-26,27.950001,28.830000,27.170000,28.760000,27.219971,5767600
2016-01-27,28.450001,30.430000,28.190001,29.870001,28.270536,10647800
2016-01-28,31.410000,31.510000,29.879999,30.969999,29.311628,5445700
2016-01-29,31.180000,32.630001,31.160000,32.369999,30.636665,7390800
2016-02-01,31.709999,32.130001,30.950001,31.650000,29.955221,4417300
2016-02-02,30.610001,31.260000,29.969999,30.670000,29.027699,3882400
2016-02-03,31.410000,32.259998,29.969999,32.240002,30.513630,5280000
2016-02-04,32.509998,33.040001,31.270000,31.379999,29.792086,6135800
2016-02-05,30.940001,30.940001,28.610001,29.260000,27.779362,8960600
2016-02-08,28.580000,28.639999,27.219999,28.360001,26.924911,7756900
2016-02-09,27.740000,28.469999,27.000000,27.860001,26.450207,7705600
2016-02-10,27.879999,28.940001,27.440001,28.090000,26.668570,6096400
2016-02-11,27.500000,28.170000,26.709999,27.910000,26.497681,5922900
2016-02-12,28.600000,29.320000,28.280001,28.730000,27.276184,5051900
2016-02-16,29.610001,29.610001,28.270000,28.639999,27.190737,5664300
2016-02-17,29.410000,31.129999,29.240000,30.420000,28.880663,8360100
2016-02-18,30.770000,30.770000,28.360001,29.180000,27.703415,6660500
2016-02-19,28.830000,29.860001,28.370001,29.850000,28.339508,5409800
2016-02-22,30.770000,31.990000,30.770000,31.620001,30.019941,4736500
2016-02-23,31.219999,31.370001,29.770000,29.889999,28.377481,4059100
2016-02-24,28.860001,30.049999,28.760000,29.840000,28.330019,3971000
2016-02-25,29.709999,30.570000,29.139999,30.260000,28.728760,2837600
2016-02-26,31.049999,31.090000,29.600000,29.730000,28.225578,6388000
2016-02-29,29.799999,30.540001,28.809999,29.500000,28.007217,5073100
2016-03-01,29.670000,29.670000,27.850000,29.190001,27.712908,6028500
2016-03-02,29.129999,31.070000,28.940001,31.049999,29.478785,4186300
2016-03-03,30.889999,31.940001,30.510000,31.870001,30.257292,6905200
2016-03-04,32.330002,33.570000,31.889999,32.430000,30.788950,6897600
2016-03-07,32.380001,33.040001,31.400000,32.709999,31.054781,7496700
2016-03-08,32.150002,32.180000,30.600000,30.750000,29.193966,5172200
2016-03-09,31.350000,32.389999,30.459999,32.060001,30.437679,4240100
2016-03-10,31.780001,32.119999,31.030001,31.980000,30.361727,3224400
2016-03-11,32.750000,33.860001,32.740002,33.540001,31.842789,4167100
2016-03-14,32.790001,33.549999,32.590000,33.220001,31.538977,2850800
2016-03-15,32.570000,32.779999,31.920000,32.490002,30.845924,4868600
2016-03-16,32.750000,33.950001,32.680000,33.790001,32.080139,4129900
2016-03-17,34.270000,34.419998,33.049999,34.060001,32.336472,4467900
2016-03-18,34.480000,34.990002,33.810001,34.470001,32.725723,6001500
2016-03-21,34.200001,35.040001,33.680000,34.160000,32.431412,3266500
2016-03-22,33.810001,34.529999,33.639999,33.740002,32.032665,2983900
2016-03-23,33.330002,33.459999,32.279999,32.549999,30.902882,2938700
2016-03-24,31.870001,32.380001,31.200001,32.340000,30.703503,3556800
2016-03-28,31.540001,31.760000,29.240000,29.690001,28.187605,10586800
2016-03-29,29.110001,30.160000,28.820000,30.049999,28.529387,5605600
2016-03-30,30.570000,31.070000,30.110001,30.780001,29.222446,5048300
2016-03-31,30.709999,31.680000,30.370001,31.410000,29.820570,4078600
2016-04-01,30.559999,31.150000,30.430000,30.860001,29.298401,4394900
2016-04-04,31.219999,31.530001,29.940001,30.000000,28.481920,3246500
2016-04-05,29.570000,30.549999,29.469999,30.170000,28.643318,3766100
2016-04-06,30.549999,31.490000,30.260000,31.260000,29.678158,3585700
2016-04-07,30.940001,31.450001,30.580000,31.010000,29.440809,2784500
2016-04-08,31.950001,32.270000,31.400000,31.760000,30.152859,3046700
2016-04-11,32.090000,32.590000,32.080002,32.230000,30.599077,3460100
2016-04-12,32.529999,34.009998,31.950001,33.639999,31.937721,4522300
2016-04-13,33.720001,33.770000,32.740002,32.950001,31.282642,4371200
2016-04-14,33.180000,33.220001,32.570000,33.070000,31.396564,3646100
2016-04-15,32.700001,32.770000,31.980000,32.150002,30.523123,2638500
2016-04-18,31.040001,32.599998,30.860001,32.570000,30.921865,5773800
2016-04-19,32.990002,34.630001,32.779999,34.340000,32.602306,5531800
2016-04-20,34.000000,35.110001,33.639999,34.720001,32.963074,4599100
2016-04-21,34.830002,35.590000,34.200001,35.200001,33.418785,5991100
2016-04-22,35.279999,36.200001,35.279999,36.040001,34.216278,4171600
2016-04-25,35.820000,35.919998,34.599998,35.080002,33.304852,4238800
2016-04-26,35.549999,36.500000,35.049999,36.490002,34.643513,5149900
2016-04-27,36.889999,37.570000,36.279999,37.110001,35.232132,4257600
2016-04-28,36.740002,37.090000,35.660000,35.750000,33.940952,4344100
2016-04-29,36.040001,36.580002,35.119999,36.110001,34.282742,4901500
2016-05-02,36.000000,36.919998,35.529999,36.439999,34.596035,3789600
2016-05-03,35.730000,36.060001,35.070000,35.209999,33.428276,4132900
2016-05-04,36.060001,37.340000,35.020000,35.590000,33.789051,5505300
2016-05-05,36.320000,36.790001,34.700001,35.169998,33.484390,6682000
2016-05-06,34.959999,35.939999,34.939999,35.500000,33.798569,3616800
2016-05-09,35.099998,35.520000,34.630001,35.240002,33.551033,2927600
2016-05-10,35.439999,36.360001,35.410000,36.349998,34.607822,4340400
2016-05-11,36.310001,37.110001,35.919998,36.389999,34.645905,3049200
2016-05-12,36.970001,37.480000,36.130001,36.369999,34.626873,3752000
2016-05-13,36.160000,36.349998,35.099998,35.209999,33.522461,2950700
2016-05-16,35.959999,36.580002,35.820000,36.119999,34.388844,3597800
2016-05-17,36.150002,36.430000,35.500000,36.020000,34.293648,4182300
2016-05-18,36.070000,36.529999,34.959999,35.259998,33.570065,4871700
2016-05-19,34.669998,35.049999,34.150002,34.849998,33.179729,3513900
2016-05-20,35.180000,35.720001,34.869999,35.619999,33.912823,3563000
2016-05-23,35.369999,36.090000,35.060001,35.700001,33.988987,3504200
2016-05-24,35.939999,36.070000,35.209999,35.330002,33.636723,3895600
2016-05-25,35.930000,36.790001,35.759998,36.279999,34.541183,3766600
2016-05-26,36.590000,36.660000,35.540001,35.639999,33.931854,5295100
2016-05-27,35.400002,35.919998,34.820000,35.880001,34.160362,3629700
2016-05-31,36.139999,36.580002,35.520000,35.750000,34.036583,2561500
2016-06-01,34.959999,35.520000,34.740002,35.480000,33.779526,3588500
2016-06-02,35.189999,35.500000,35.049999,35.439999,33.741447,3695300
2016-06-03,35.490002,35.700001,34.520000,34.650002,32.989307,3206900
2016-06-06,35.180000,35.959999,34.910000,35.950001,34.227005,3563900
2016-06-07,36.290001,37.529999,36.119999,37.490002,35.693199,4877000
2016-06-08,37.950001,38.619999,37.590000,37.720001,35.912170,4860800
2016-06-09,37.070000,37.840000,36.880001,37.480000,35.683670,3554600
2016-06-10,36.900002,37.209999,36.369999,36.520000,34.769676,4164800
2016-06-13,36.119999,36.889999,35.990002,36.169998,34.436455,3501400
2016-06-14,36.029999,36.709999,36.029999,36.669998,34.912495,3279800
2016-06-15,36.360001,37.180000,36.169998,36.520000,34.769676,3631000
2016-06-16,36.200001,36.240002,35.169998,35.900002,34.179398,4120700
2016-06-17,36.180000,36.950001,36.180000,36.900002,35.131474,3921300
2016-06-20,37.700001,37.840000,36.730000,36.750000,34.988663,3250900
2016-06-21,36.619999,36.919998,36.150002,36.869999,35.102909,3347200
2016-06-22,37.080002,37.080002,36.290001,36.790001,35.026733,3481600
2016-06-23,37.029999,37.169998,36.689999,36.950001,35.179081,4071900
2016-06-24,35.049999,35.970001,34.880001,35.090000,33.408222,3765200
2016-06-27,34.869999,35.209999,33.779999,33.990002,32.360947,4045400
2016-06-28,34.689999,35.110001,34.330002,35.070000,33.389179,3416400
2016-06-29,35.560001,36.580002,35.330002,36.310001,34.569748,3136600
2016-06-30,36.360001,36.360001,35.439999,35.869999,34.150833,3147400
2016-07-01,35.900002,36.639999,35.700001,36.290001,34.550705,2532100
2016-07-05,35.549999,35.799999,35.189999,35.680000,33.969948,3408200
2016-07-06,35.570000,36.270000,35.430000,36.240002,34.503105,3094300
2016-07-07,36.599998,37.090000,35.770000,36.130001,34.398369,4224500
2016-07-08,36.770000,36.910000,35.509998,35.980000,34.255550,2996600
2016-07-11,36.169998,36.520000,35.919998,35.959999,34.236515,2307300
2016-07-12,36.630001,37.410000,36.560001,37.119999,35.340931,2967300
2016-07-13,37.180000,37.279999,35.849998,36.560001,34.807770,2091100
2016-07-14,37.169998,37.189999,36.410000,36.650002,34.893456,1835900
2016-07-15,36.790001,37.150002,36.630001,36.799999,35.036263,1899900
2016-07-18,36.720001,37.220001,36.560001,36.889999,35.121952,2324300
2016-07-19,36.680000,36.799999,36.189999,36.369999,34.626873,1913200
2016-07-20,36.020000,36.380001,35.529999,36.020000,34.293648,2525700
2016-07-21,36.020000,36.570000,35.189999,35.250000,33.560555,2224500
2016-07-22,35.450001,35.450001,34.770000,35.029999,33.351093,2636000
2016-07-25,34.660000,34.840000,33.990002,34.500000,32.846500,2587800
2016-07-26,34.310001,34.930000,34.049999,34.910000,33.236851,2508300
2016-07-27,35.009998,35.500000,34.320000,34.849998,33.179729,4037800
2016-07-28,34.750000,35.540001,34.660000,35.230000,33.541508,4068900
2016-07-29,34.810001,35.790001,34.689999,35.720001,34.008018,3814600
2016-08-01,35.290001,35.310001,34.299999,34.389999,32.741768,4012600
2016-08-02,34.590000,34.959999,33.889999,34.450001,32.798889,5320800
2016-08-03,34.560001,34.650002,33.200001,34.049999,32.418068,8056500
2016-08-04,33.790001,34.049999,33.049999,33.200001,31.701904,5575700
2016-08-05,33.139999,33.500000,32.709999,33.349998,31.845139,5798000
2016-08-08,33.750000,34.240002,33.389999,33.480000,31.969276,6411000
2016-08-09,33.700001,34.360001,32.910000,34.029999,32.494453,6194400
2016-08-10,34.099998,34.509998,33.799999,33.849998,32.322578,3131500
2016-08-11,34.110001,35.220001,33.939999,34.919998,33.344296,3326200
2016-08-12,35.000000,35.369999,34.650002,35.180000,33.592567,2295500
2016-08-15,35.320000,35.529999,35.090000,35.360001,33.764439,2097600
2016-08-16,35.200001,36.049999,34.720001,35.840000,34.222782,3206000
2016-08-17,35.750000,35.860001,35.439999,35.580002,33.974518,2200600
2016-08-18,35.810001,36.169998,35.560001,35.950001,34.327816,9232100
2016-08-19,35.790001,36.209999,35.450001,36.110001,34.480602,3058600
2016-08-22,35.669998,35.830002,35.189999,35.570000,33.964962,3054400
2016-08-23,35.490002,35.930000,35.330002,35.709999,34.098640,2401900
2016-08-24,35.480000,36.119999,35.299999,35.750000,34.136833,3190900
2016-08-25,35.669998,35.970001,35.470001,35.740002,34.127296,2323400
2016-08-26,35.750000,36.060001,35.040001,35.340000,33.745342,2540400
2016-08-29,35.270000,36.000000,35.060001,35.990002,34.366013,2447000
2016-08-30,36.009998,36.209999,35.549999,35.630001,34.022259,2407400
2016-08-31,35.360001,35.570000,34.380001,34.480000,32.924152,3152700
2016-09-01,34.240002,34.570000,33.619999,33.849998,32.322578,4606700
2016-09-02,34.240002,34.400002,33.970001,34.250000,32.704517,7070200
2016-09-06,34.360001,35.060001,34.230000,35.060001,33.477982,4314400
2016-09-07,35.240002,35.680000,35.070000,35.529999,33.926765,3601600
2016-09-08,35.889999,37.500000,35.799999,37.250000,35.569157,4873000
2016-09-09,36.849998,37.250000,36.080002,36.080002,34.451950,4111200
2016-09-12,35.849998,36.869999,35.470001,36.639999,34.986683,3568400
2016-09-13,35.990002,36.040001,34.549999,34.750000,33.181961,3824100
2016-09-14,34.570000,34.980000,33.689999,33.869999,32.341667,3337000
2016-09-15,34.040001,34.580002,33.869999,33.919998,32.389412,2854500
2016-09-16,33.270000,33.880001,33.270000,33.799999,32.274834,4003300
2016-09-19,34.099998,34.230000,33.240002,33.540001,32.026569,2934200
2016-09-20,33.410000,33.509998,33.020000,33.099998,31.606421,2189200
2016-09-21,33.500000,33.990002,33.299999,33.919998,32.389412,3237100
2016-09-22,34.490002,34.669998,33.730000,34.029999,32.494453,2514400
2016-09-23,33.790001,33.919998,32.770000,33.020000,31.530031,2683100
2016-09-26,33.619999,34.320000,33.500000,33.619999,32.102955,3140700
2016-09-27,33.099998,33.299999,32.790001,33.189999,31.692354,3262200
2016-09-28,33.369999,34.759998,32.750000,34.700001,33.134224,5080500
2016-09-29,34.779999,35.980000,34.750000,35.549999,33.945866,5459600
2016-09-30,35.860001,36.029999,35.270000,35.740002,34.127296,2500600
2016-10-03,35.910000,36.160000,35.259998,36.090000,34.461502,2416400
2016-10-04,36.250000,36.270000,35.430000,35.560001,33.955418,1899100
2016-10-05,36.139999,36.520000,35.799999,36.200001,34.566540,3568200
2016-10-06,36.400002,36.490002,35.410000,35.599998,33.993607,3370700
2016-10-07,35.540001,35.779999,35.250000,35.340000,33.745342,1659500
2016-10-10,35.660000,36.220001,35.660000,36.040001,34.413757,2341300
2016-10-11,35.939999,36.240002,35.529999,35.740002,34.127296,5048200
2016-10-12,35.570000,35.810001,35.189999,35.590000,33.984062,2379600
2016-10-13,35.209999,35.810001,35.009998,35.450001,33.850380,2614800
2016-10-14,35.799999,35.990002,35.110001,35.180000,33.592567,3380500
2016-10-17,35.090000,35.419998,34.810001,35.270000,33.678505,2271400
2016-10-18,35.799999,35.799999,34.980000,35.090000,33.506626,2206700
2016-10-19,35.400002,36.639999,35.369999,35.910000,34.289623,3326900
2016-10-20,35.540001,36.360001,35.299999,35.919998,34.299164,3192400
2016-10-21,35.619999,35.980000,35.430000,35.740002,34.127296,2453300
2016-10-24,35.709999,35.939999,34.939999,35.380001,33.783539,2304600
2016-10-25,35.180000,35.580002,34.259998,34.279999,32.733166,2460900
2016-10-26,33.750000,35.270000,33.750000,35.130001,33.544823,4694100
2016-10-27,35.340000,36.320000,35.060001,35.880001,34.260983,3790100
2016-10-28,35.810001,36.090000,34.970001,35.500000,33.898121,3274600
2016-10-31,35.380001,35.470001,34.320000,34.470001,32.914600,4129400
2016-11-01,34.820000,35.200001,34.240002,35.150002,33.563923,5811100
2016-11-02,35.540001,37.259998,35.520000,36.849998,35.187199,6711800
2016-11-03,36.889999,37.430000,36.400002,37.320000,35.732964,4002300
2016-11-04,37.189999,37.700001,36.669998,37.080002,35.503178,4198300
2016-11-07,37.689999,37.770000,37.099998,37.480000,35.886162,2947200
2016-11-08,37.279999,37.880001,37.000000,37.419998,35.828709,2503000
2016-11-09,37.509998,38.099998,37.000000,37.580002,35.981915,3560600
2016-11-10,37.130001,37.799999,36.880001,37.320000,35.732964,3292500
2016-11-11,37.009998,37.259998,36.130001,36.150002,34.612720,3369900
2016-11-14,35.970001,36.180000,34.910000,36.099998,34.564842,5300800
2016-11-15,36.709999,37.849998,36.669998,37.470001,35.876591,6998900
2016-11-16,37.410000,37.900002,36.549999,36.610001,35.053158,6302800
2016-11-17,36.980000,37.169998,35.220001,35.340000,33.837154,7309200
2016-11-18,35.330002,35.669998,34.900002,35.000000,33.511620,6717300
2016-11-21,35.919998,36.320000,35.750000,36.299999,34.756340,4281800
2016-11-22,36.380001,36.439999,34.910000,35.759998,34.239304,4526300
2016-11-23,35.560001,36.529999,35.279999,36.220001,34.679749,2647900
2016-11-25,36.040001,36.160000,35.619999,35.950001,34.421227,1096000
2016-11-28,36.240002,36.480000,34.810001,34.880001,33.396736,3050500
2016-11-29,34.169998,34.930000,33.910000,34.669998,33.195656,4146000
2016-11-30,35.980000,38.919998,35.980000,38.160000,36.537251,7851300
2016-12-01,39.119999,40.090000,38.470001,38.869999,37.217056,6185400
2016-12-02,38.529999,39.160000,38.410000,38.820000,37.169182,3524500
2016-12-05,39.290001,40.380001,39.189999,39.500000,37.820263,3804500
2016-12-06,39.110001,40.020000,38.930000,39.869999,38.174530,2568500
2016-12-07,39.770000,39.830002,38.900002,39.630001,37.944729,4669000
2016-12-08,39.830002,40.070000,38.849998,39.570000,37.887287,4676600
2016-12-09,39.380001,39.529999,38.680000,39.299999,37.628765,3580500
2016-12-12,40.349998,40.830002,39.549999,39.840000,38.145809,3981500
2016-12-13,40.250000,41.759998,39.939999,41.639999,39.869259,6442400
2016-12-14,41.049999,42.029999,40.660000,40.790001,39.055405,5792700
2016-12-15,40.509998,41.240002,40.209999,40.910000,39.170300,3406400
2016-12-16,41.119999,41.470001,40.709999,41.160000,39.409672,3729700
2016-12-19,41.169998,41.310001,39.980000,40.250000,38.538361,3470600
2016-12-20,40.650002,40.860001,40.000000,40.150002,38.442627,2726100
2016-12-21,40.360001,40.459999,39.490002,39.599998,37.916004,2738900
2016-12-22,39.799999,40.000000,39.349998,39.529999,37.848988,3398000
2016-12-23,39.360001,39.529999,39.139999,39.189999,37.523438,1415000
2016-12-27,39.349998,39.610001,39.110001,39.310001,37.638344,2454000
2016-12-28,39.310001,39.490002,38.700001,38.799999,37.150036,2054200
2016-12-29,38.730000,38.880001,38.130001,38.270000,36.642563,2254100
2016-12-30,38.180000,38.700001,37.889999,38.060001,36.441502,2221100
2017-01-03,38.639999,39.279999,37.709999,38.430000,36.795773,3738600
2017-01-04,38.299999,38.540001,37.570000,38.330002,36.700016,3190700
2017-01-05,38.380001,38.689999,37.880001,38.160000,36.537251,3182900
2017-01-06,38.310001,38.380001,37.709999,38.139999,36.518093,2255400
2017-01-09,37.770000,37.889999,37.240002,37.400002,35.809563,4008500
2017-01-10,37.570000,37.630001,36.970001,36.990002,35.416996,2916800
2017-01-11,37.599998,37.599998,36.939999,37.340000,35.752113,3766900
2017-01-12,37.669998,37.669998,36.939999,37.180000,35.598919,3322100
2017-01-13,36.970001,37.570000,36.799999,37.389999,35.799995,4352400
2017-01-17,38.330002,40.840000,38.299999,40.049999,38.346874,17521500
2017-01-18,39.689999,40.540001,39.400002,39.790001,38.097931,6414900
2017-01-19,39.750000,40.599998,39.570000,40.270000,38.557514,5363700
2017-01-20,40.709999,40.889999,40.160000,40.209999,38.500072,4074300
2017-01-23,39.779999,40.380001,39.660000,39.770000,38.078789,3594900
2017-01-24,39.990002,40.599998,39.709999,40.029999,38.327713,4057500
2017-01-25,40.020000,40.290001,39.529999,39.790001,38.097931,5353000
2017-01-26,40.070000,40.500000,39.750000,40.230000,38.519218,4669300
2017-01-27,40.099998,40.470001,39.950001,40.270000,38.557514,5356600
2017-01-30,40.139999,40.150002,38.840000,39.520000,37.839417,5917500
2017-01-31,39.720001,39.910000,39.150002,39.759998,38.069202,4183000
2017-02-01,39.959999,40.230000,39.139999,39.459999,37.781960,3844600
2017-02-02,39.520000,39.840000,38.799999,39.730000,38.137131,4002800
2017-02-03,39.689999,40.570000,39.310001,40.299999,38.684277,3869100
2017-02-06,40.290001,40.520000,39.610001,39.860001,38.261917,2769800
2017-02-07,39.520000,39.720001,38.450001,38.799999,37.244419,3969500
2017-02-08,38.470001,38.700001,37.660000,38.250000,36.716469,4992800
2017-02-09,38.250000,39.080002,38.240002,38.389999,36.850849,3811100
2017-02-10,38.950001,39.290001,38.400002,38.869999,37.311607,3083600
2017-02-13,38.700001,38.720001,38.040001,38.459999,36.918049,4755900
2017-02-14,39.500000,39.599998,36.930000,37.650002,36.140526,6909700
2017-02-15,37.470001,37.810001,37.189999,37.470001,35.967735,4666100
2017-02-16,37.660000,37.910000,37.130001,37.209999,35.718163,3521900
2017-02-17,37.160000,37.400002,36.990002,37.049999,35.564579,2770100
2017-02-21,37.549999,37.820000,37.310001,37.540001,36.034927,3471900
2017-02-22,37.160000,37.330002,36.639999,36.669998,35.199806,2972300
2017-02-23,37.369999,37.779999,37.020000,37.419998,35.919746,5826300
2017-02-24,37.200001,37.700001,36.509998,36.779999,35.305393,3665300
2017-02-27,36.919998,37.099998,36.549999,36.750000,35.276604,3970400
2017-02-28,36.419998,36.669998,36.200001,36.410000,34.950233,4078400
2017-03-01,36.869999,37.330002,36.669998,37.270000,35.775761,3161200
2017-03-02,37.000000,37.259998,36.779999,36.820000,35.343796,3451900
2017-03-03,36.919998,37.230000,36.650002,36.709999,35.238205,2418100
2017-03-06,36.500000,36.959999,36.340000,36.810001,35.334202,3758400
2017-03-07,36.860001,36.970001,35.840000,35.880001,34.441486,3590600
2017-03-08,35.619999,35.750000,34.070000,34.090000,32.723255,5928400
2017-03-09,33.900002,34.730000,33.570000,34.630001,33.241604,5863900
2017-03-10,34.900002,34.930000,33.930000,34.070000,32.704052,3347900
2017-03-13,34.070000,34.450001,33.849998,34.049999,32.684853,5425200
2017-03-14,33.570000,33.880001,33.240002,33.689999,32.339283,5597100
2017-03-15,34.139999,34.490002,33.709999,34.410000,33.030426,4360600
2017-03-16,34.430000,34.590000,33.750000,33.910000,32.550468,3163300
2017-03-17,34.119999,34.270000,33.680000,33.860001,32.502468,6209900
2017-03-20,33.590000,34.020000,33.340000,33.919998,32.560070,2833700
2017-03-21,34.000000,34.090000,33.119999,33.330002,31.993721,3341000
2017-03-22,33.169998,33.639999,33.060001,33.509998,32.166500,3548100
2017-03-23,33.320000,33.380001,32.910000,32.970001,31.648151,6147200
2017-03-24,33.130001,33.189999,32.709999,32.820000,31.504168,3722700
2017-03-27,32.360001,32.930000,32.330002,32.849998,31.532967,2937700
2017-03-28,32.919998,34.220001,32.889999,34.150002,32.780846,5804700
2017-03-29,34.060001,34.910000,34.049999,34.750000,33.356789,5327100
2017-03-30,34.959999,35.009998,34.299999,34.310001,32.934429,7355500
2017-03-31,34.310001,34.709999,33.919998,34.340000,32.963234,4417000
2017-04-03,34.230000,34.310001,33.799999,33.970001,32.608059,3397400
2017-04-04,34.110001,34.419998,33.750000,34.400002,33.020821,3016700
2017-04-05,34.900002,35.209999,33.970001,34.040001,32.675243,4475800
2017-04-06,34.349998,34.849998,34.180000,34.689999,33.299198,2475500
2017-04-07,34.689999,34.930000,34.509998,34.580002,33.193600,3003500
2017-04-10,34.770000,35.580002,34.720001,35.310001,33.894329,3931900
2017-04-11,35.279999,35.279999,34.660000,35.240002,33.827145,2970500
2017-04-12,35.189999,35.740002,35.029999,35.240002,33.827145,3954400
2017-04-13,35.150002,35.520000,34.770000,34.919998,33.519978,4848100
2017-04-17,35.060001,35.509998,34.840000,35.360001,33.942329,4786200
2017-04-18,34.910000,35.180000,34.099998,34.119999,32.752045,5262700
2017-04-19,34.290001,34.349998,33.529999,33.619999,32.272091,4616400
2017-04-20,33.799999,34.480000,33.650002,34.180000,32.809647,5062300
2017-04-21,33.930000,34.480000,33.869999,34.150002,32.780846,3926900
2017-04-24,34.419998,34.619999,34.090000,34.169998,32.800041,9717000
2017-04-25,34.299999,34.540001,34.119999,34.430000,33.049614,3831100
2017-04-26,34.189999,34.950001,34.119999,34.160000,32.790443,2855600
2017-04-27,33.849998,33.849998,32.380001,32.570000,31.264185,10692900
2017-04-28,32.900002,32.930000,32.270000,32.330002,31.033813,5116500
2017-05-01,32.180000,32.380001,31.870001,32.299999,31.005014,6917200
2017-05-02,33.220001,33.270000,31.160000,31.420000,30.160295,9479200
2017-05-03,30.520000,30.580000,29.389999,30.180000,28.970011,19413400
2017-05-04,30.000000,30.639999,29.820000,30.610001,29.480455,14074200
2017-05-05,30.620001,31.150000,30.510000,31.030001,29.884956,9712000
2017-05-08,31.049999,31.420000,30.840000,31.240000,30.087208,6467500
2017-05-09,31.250000,31.320000,30.860001,31.090000,29.942741,7387100
2017-05-10,31.400000,31.799999,31.190001,31.480000,30.318348,8127500
2017-05-11,31.719999,31.799999,31.290001,31.340000,30.183517,6985900
2017-05-12,31.299999,31.680000,31.299999,31.530001,30.366507,8213100
2017-05-15,32.180000,32.209999,31.709999,31.969999,30.790266,7758600
2017-05-16,32.099998,32.180000,31.540001,31.610001,30.443556,4627600
2017-05-17,31.610001,31.900000,31.240000,31.360001,30.202778,5654400
2017-05-18,31.090000,31.250000,30.700001,30.719999,29.586393,7873800
2017-05-19,31.030001,31.400000,30.799999,31.240000,30.087208,7152700
2017-05-22,31.559999,31.730000,31.070000,31.090000,29.942741,4891800
2017-05-23,31.110001,31.180000,30.549999,30.809999,29.673071,5944800
2017-05-24,30.860001,31.059999,30.340000,30.450001,29.326359,4790400
2017-05-25,30.330000,30.969999,29.430000,29.730000,28.632925,7626100
2017-05-26,29.709999,29.790001,29.330000,29.450001,28.363262,8855400
2017-05-30,29.160000,29.280001,28.930000,28.969999,27.900970,8432400
2017-05-31,28.540001,28.900000,28.290001,28.690001,27.631306,6778700
2017-06-01,28.709999,29.400000,28.549999,29.030001,27.958757,6170900
2017-06-02,28.840000,28.950001,28.400000,28.510000,27.457945,4435200
2017-06-05,28.420000,28.879999,28.379999,28.680000,27.621675,6230200
2017-06-06,28.950001,29.360001,28.620001,29.110001,28.035809,5861200
2017-06-07,28.950001,29.370001,28.129999,28.450001,27.400162,6746200
2017-06-08,28.450001,28.620001,27.920000,27.940001,26.908981,4374800
2017-06-09,27.969999,29.219999,27.969999,29.120001,28.045435,5456100
2017-06-12,29.500000,30.020000,29.450001,29.680000,28.584772,8305400
2017-06-13,29.709999,30.190001,29.639999,30.190001,29.075953,4110100
2017-06-14,29.930000,30.000000,29.309999,29.629999,28.536615,4098500
2017-06-15,29.530001,30.120001,29.520000,29.719999,28.623297,7709600
2017-06-16,29.879999,29.920000,29.190001,29.500000,28.411413,15470800
2017-06-19,29.450001,29.600000,29.170000,29.200001,28.122488,4047300
2017-06-20,28.770000,28.790001,28.150000,28.500000,27.448315,6570000
2017-06-21,28.110001,28.459999,27.719999,28.120001,27.082336,7812900
2017-06-22,28.139999,28.260000,27.660000,27.760000,26.735622,4064100
2017-06-23,27.790001,28.340000,27.670000,28.200001,27.159388,6950900
2017-06-26,28.270000,28.750000,28.110001,28.270000,27.226803,5658300
2017-06-27,28.480000,28.590000,27.760000,27.780001,26.754887,6626700
2017-06-28,27.870001,28.299999,27.709999,28.020000,26.986029,4118200
2017-06-29,28.139999,28.879999,28.110001,28.650000,27.592779,7841200
2017-06-30,28.860001,28.940001,28.290001,28.299999,27.255695,6501300
2017-07-03,28.469999,29.049999,28.410000,28.930000,27.862448,3050100
2017-07-05,28.629999,28.730000,28.010000,28.070000,27.034184,3975100
2017-07-06,28.219999,28.370001,27.100000,27.160000,26.157763,4697300
2017-07-07,27.000000,27.090000,26.559999,27.000000,26.003666,4611500
2017-07-10,26.969999,27.860001,26.969999,27.730000,26.706728,4320100
2017-07-11,27.740000,28.110001,27.549999,27.680000,26.658577,5341800
2017-07-12,28.010000,28.100000,27.590000,27.840000,26.812672,6608100
2017-07-13,27.820000,28.280001,27.780001,28.200001,27.159388,3611100
2017-07-14,28.180000,28.389999,28.070000,28.260000,27.217171,3601700
2017-07-17,28.260000,28.900000,28.209999,28.700001,27.640934,3588400
2017-07-18,28.910000,29.040001,28.290001,28.350000,27.303850,3881900
2017-07-19,28.250000,29.809999,28.209999,29.709999,28.613663,4608700
2017-07-20,29.950001,30.059999,28.700001,28.730000,27.669828,3799400
2017-07-21,28.690001,28.740000,28.190001,28.379999,27.332743,3760400
2017-07-24,28.469999,28.590000,28.139999,28.180000,27.140123,2278600
2017-07-25,28.600000,29.430000,28.600000,29.020000,27.949127,3519400
2017-07-26,29.290001,29.340000,28.620001,28.639999,27.583147,5085800
2017-07-27,28.610001,29.160000,28.490000,29.150000,28.074327,3339100
2017-07-28,29.110001,29.580000,28.730000,29.000000,27.929867,5886600
2017-07-31,29.000000,29.230000,28.680000,28.910000,27.843185,3247800
2017-08-01,28.820000,28.820000,28.350000,28.420000,27.371267,2991800
2017-08-02,28.299999,28.400000,27.830000,28.139999,27.101599,4597200
2017-08-03,27.400000,27.700001,25.230000,25.889999,25.023556,9546900
2017-08-04,25.660000,26.049999,25.459999,25.920000,25.052547,7544400
2017-08-07,25.790001,25.790001,25.150000,25.540001,24.685266,5138800
2017-08-08,25.379999,25.709999,25.270000,25.389999,24.540285,7152100
2017-08-09,25.520000,25.700001,25.100000,25.280001,24.433968,5478300
2017-08-10,25.450001,25.700001,24.840000,24.920000,24.086020,5916300
2017-08-11,24.959999,25.190001,24.629999,24.650000,23.825054,4006400
2017-08-14,24.709999,24.850000,24.530001,24.590000,23.767061,5042400
2017-08-15,24.490000,24.700001,24.250000,24.570000,23.747728,3438600
2017-08-16,24.600000,24.660000,23.700001,23.760000,22.964836,5175300
2017-08-17,23.670000,24.030001,23.010000,23.020000,22.249601,7527000
2017-08-18,23.049999,23.809999,23.010000,23.650000,22.858519,6508000
2017-08-21,23.520000,23.799999,23.410000,23.540001,22.752201,4260700
2017-08-22,23.639999,23.760000,23.400000,23.490000,22.703873,4881500
2017-08-23,23.490000,24.010000,23.360001,23.719999,22.926176,3032600
2017-08-24,23.590000,23.690001,23.450001,23.540001,22.752201,3315400
2017-08-25,23.650000,23.809999,23.490000,23.650000,22.858519,2207900
2017-08-28,23.740000,23.780001,22.990000,23.410000,22.626551,3843500
2017-08-29,23.040001,23.690001,23.000000,23.580000,22.790863,4851300
2017-08-30,23.410000,23.809999,23.139999,23.719999,22.926176,4218900
2017-08-31,23.940001,24.030001,23.650000,23.770000,22.974504,5628900
2017-09-01,23.780001,24.360001,23.590000,24.219999,23.409441,3846900
2017-09-05,24.459999,24.680000,24.059999,24.360001,23.544760,4740800
2017-09-06,24.610001,25.430000,24.590000,25.219999,24.375977,6715600
2017-09-07,25.129999,25.379999,24.700001,25.170000,24.327646,4415200
2017-09-08,25.070000,25.219999,24.379999,24.620001,23.796057,6080400
2017-09-11,24.690001,25.129999,24.670000,25.040001,24.202003,4915000
2017-09-12,25.059999,25.480000,24.959999,25.110001,24.269657,5178500
2017-09-13,25.200001,26.000000,25.200001,25.990000,25.120209,8264400
2017-09-14,26.129999,26.580000,25.920000,25.980000,25.110540,8439800
2017-09-15,25.980000,26.120001,25.850000,26.049999,25.178198,12220700
2017-09-18,25.910000,26.219999,25.809999,26.090000,25.216858,6198600
2017-09-19,26.209999,26.530001,26.139999,26.420000,25.535814,7287500
2017-09-20,26.559999,26.910000,26.430000,26.840000,25.941761,5593300
2017-09-21,26.770000,26.969999,26.510000,26.950001,26.048080,5349500
2017-09-22,26.790001,27.100000,26.750000,27.020000,26.115736,4395200
2017-09-25,27.350000,27.990000,27.139999,27.760000,26.830971,5937900
2017-09-26,27.639999,27.950001,27.389999,27.889999,26.956617,3728700
2017-09-27,28.059999,28.379999,27.629999,28.309999,27.362564,4559800
2017-09-28,28.309999,28.610001,27.760000,28.309999,27.362564,6043500
2017-09-29,28.150000,28.410000,28.059999,28.360001,27.410892,3180800
2017-10-02,27.879999,28.430000,27.540001,28.299999,27.352900,5797000
2017-10-03,28.299999,28.299999,27.879999,28.209999,27.265909,4600800
2017-10-04,28.340000,28.629999,28.120001,28.330000,27.381895,4546100
2017-10-05,28.480000,28.920000,28.350000,28.840000,27.874830,4515700
2017-10-06,28.480000,28.590000,28.190001,28.309999,27.362564,3912900
2017-10-09,28.400000,28.510000,27.950001,28.049999,27.111263,5000700
2017-10-10,27.940001,28.389999,27.469999,27.540001,26.618338,5760000
2017-10-11,27.570000,27.840000,27.219999,27.790001,26.859968,4129400
2017-10-12,27.469999,27.549999,27.110001,27.290001,26.376699,3784000
2017-10-13,27.639999,27.660000,27.129999,27.150000,26.241388,2875900
2017-10-16,27.400000,27.900000,27.340000,27.900000,26.966286,4093100
2017-10-17,27.920000,28.350000,27.660000,27.740000,26.811638,4778100
2017-10-18,27.809999,28.379999,27.760000,27.879999,26.946957,4901200
2017-10-19,27.559999,28.049999,27.280001,27.370001,26.454025,3562700
2017-10-20,27.540001,27.830000,27.299999,27.760000,26.830971,2907000
2017-10-23,27.950001,28.010000,27.270000,27.299999,26.386364,3920400
2017-10-24,27.400000,27.480000,27.010000,27.129999,26.222052,3996400
2017-10-25,27.000000,27.030001,26.549999,26.740000,25.845106,4022700
2017-10-26,26.830000,27.030001,26.370001,26.870001,25.970757,4505700
2017-10-27,26.709999,27.959999,26.540001,27.950001,27.014614,5597400
2017-10-30,28.000000,28.379999,27.870001,28.270000,27.323902,4753200
2017-10-31,27.389999,28.260000,27.240000,27.870001,26.937288,5946100
2017-11-01,28.290001,28.740000,28.059999,28.549999,27.594532,5590700
2017-11-02,28.490000,28.590000,27.430000,27.850000,26.917957,6137700
2017-11-03,27.650000,28.430000,27.530001,28.299999,27.451468,5888900
2017-11-06,28.420000,29.049999,28.290001,29.000000,28.130482,6059300
2017-11-07,29.049999,29.139999,28.590000,28.910000,28.043179,5245000
2017-11-08,28.920000,28.920000,28.190001,28.430000,27.577570,5173600
2017-11-09,28.280001,28.820000,28.100000,28.450001,27.596973,5640900
2017-11-10,28.340000,28.459999,27.549999,28.110001,27.267166,3410300
2017-11-13,28.040001,28.129999,27.510000,27.530001,26.704556,3316700
2017-11-14,27.379999,27.490000,26.639999,26.670000,25.870342,4489300
2017-11-15,26.120001,26.459999,25.850000,25.990000,25.210732,6274700
2017-11-16,25.950001,26.049999,25.559999,25.799999,25.026426,4600900
2017-11-17,25.920000,26.110001,25.740000,25.959999,25.181629,4017200
2017-11-20,25.879999,25.950001,25.530001,25.760000,24.987627,3267200
2017-11-21,25.910000,25.980000,25.360001,25.570000,24.803322,4429400
2017-11-22,25.790001,26.049999,25.690001,25.879999,25.104025,3978400
2017-11-24,26.139999,26.219999,25.940001,25.990000,25.210732,1312200
2017-11-27,25.780001,25.920000,25.459999,25.540001,24.774221,4596300
2017-11-28,25.559999,25.969999,25.379999,25.850000,25.074928,3209300
2017-11-29,25.790001,26.370001,25.639999,25.910000,25.133127,3973300
2017-11-30,26.080000,26.700001,26.040001,26.299999,25.511435,4845000
2017-12-01,26.620001,27.469999,26.469999,27.000000,26.190447,4379500
2017-12-04,26.969999,27.650000,26.709999,26.840000,26.035244,4080800
2017-12-05,26.730000,26.900000,26.420000,26.629999,25.831541,4079100
2017-12-06,26.410000,26.459999,25.860001,25.900000,25.123428,4328400
2017-12-07,25.920000,26.209999,25.790001,25.900000,25.123428,5074300
2017-12-08,26.969999,27.240000,26.160000,26.940001,26.132248,6705000
2017-12-11,26.959999,27.250000,26.820000,26.879999,26.074045,5291000
2017-12-12,27.070000,27.110001,26.530001,26.850000,26.044943,4181200
2017-12-13,26.850000,26.910000,26.450001,26.690001,25.889740,5055500
2017-12-14,26.690001,26.750000,26.440001,26.459999,25.666636,3775700
2017-12-15,26.629999,26.760000,25.590000,25.660000,24.890625,7322400
2017-12-18,25.809999,26.450001,25.760000,26.290001,25.501736,6092300
2017-12-19,26.690001,27.500000,26.480000,27.230000,26.413549,6129500
2017-12-20,27.830000,28.000000,27.200001,27.860001,27.024660,5386100
2017-12-21,27.910000,28.760000,27.700001,28.700001,27.839474,5822800
2017-12-22,28.719999,29.100000,28.610001,28.790001,27.926777,4073500
2017-12-26,28.889999,29.549999,28.790001,29.540001,28.654291,3087600
2017-12-27,29.520000,29.580000,29.180000,29.209999,28.334179,2317200
2017-12-28,29.219999,29.430000,29.129999,29.330000,28.450584,2259600
2017-12-29,29.420000,29.450001,28.889999,29.139999,28.266281,2939500
2018-01-02,29.400000,30.209999,29.320000,30.190001,29.284798,3863200
2018-01-03,30.389999,31.860001,30.219999,31.010000,30.080212,6995300
2018-01-04,31.090000,31.900000,30.920000,31.719999,30.768921,5690900
2018-01-05,31.610001,31.760000,31.290001,31.500000,30.555521,3350000
2018-01-08,31.480000,31.680000,31.280001,31.680000,30.730124,3130100
2018-01-09,31.799999,31.799999,31.180000,31.270000,30.332417,2923600
2018-01-10,31.490000,31.719999,31.180000,31.340000,30.400320,3306700
2018-01-11,31.510000,32.500000,31.290001,32.139999,31.176331,3882700
2018-01-12,32.250000,32.580002,31.820000,32.230000,31.263632,4255600
2018-01-16,32.470001,32.599998,31.660000,31.670000,30.720423,4399500
2018-01-17,31.900000,32.139999,31.389999,31.889999,30.933828,2258800
2018-01-18,31.549999,32.049999,31.240000,31.629999,30.681622,3524100
2018-01-19,31.379999,31.709999,31.040001,31.690001,30.739826,3982800
2018-01-22,31.809999,32.959999,31.809999,32.939999,31.952337,5122800
2018-01-23,33.000000,33.310001,32.540001,33.130001,32.136650,3978900
2018-01-24,33.200001,33.459999,32.759998,33.090000,32.097847,4622600
2018-01-25,33.270000,33.320000,32.450001,32.619999,31.641939,4399200
2018-01-26,32.669998,32.939999,32.410000,32.549999,31.574036,3716900
2018-01-29,32.360001,32.709999,32.029999,32.130001,31.166632,3345600
2018-01-30,31.690001,31.750000,30.280001,30.400000,29.488501,6279700
2018-01-31,30.469999,30.660000,29.840000,30.520000,29.604904,5809200
2018-02-01,30.600000,31.190001,30.330000,30.889999,29.963810,4720500
2018-02-02,30.200001,30.490000,29.100000,29.200001,28.324484,6180300
2018-02-05,28.459999,29.469999,27.809999,27.969999,27.131363,7671600
2018-02-06,27.370001,28.330000,27.070000,28.170000,27.325365,8064600
2018-02-07,28.090000,28.629999,27.070000,27.080000,26.268047,6199600
2018-02-08,27.190001,27.410000,25.430000,25.430000,24.667519,9041800
2018-02-09,25.670000,26.010000,24.290001,25.680000,25.008366,12053600
2018-02-12,26.059999,26.559999,25.510000,25.969999,25.290779,7218100
2018-02-13,25.680000,25.930000,25.280001,25.530001,24.862291,4237000
2018-02-14,25.160000,26.520000,25.040001,26.459999,25.767965,9043800
2018-02-15,27.240000,27.480000,26.150000,26.370001,25.680321,9613700
2018-02-16,26.170000,26.520000,25.990000,26.280001,25.592674,6180700
2018-02-20,27.379999,29.540001,27.260000,29.120001,28.358397,16320400
2018-02-21,29.379999,30.190001,29.020000,29.129999,28.368137,10846300
2018-02-22,29.400000,30.230000,29.230000,29.389999,28.621336,8716600
2018-02-23,29.590000,30.780001,29.549999,30.660000,29.858120,5323100
2018-02-26,30.910000,31.680000,30.850000,31.430000,30.607981,7183400
2018-02-27,31.240000,31.750000,30.139999,30.190001,29.400412,6184500
2018-02-28,30.400000,30.600000,29.799999,29.830000,29.049828,5074300
2018-03-01,29.910000,30.510000,29.850000,30.049999,29.264071,5815400
2018-03-02,29.959999,30.540001,29.110001,30.440001,29.643873,5070300
2018-03-05,30.139999,31.110001,30.129999,30.950001,30.140537,4254700
2018-03-06,31.070000,31.219999,30.549999,30.690001,29.887335,3049600
2018-03-07,30.410000,31.059999,30.389999,30.719999,29.916548,4261800
2018-03-08,30.809999,30.940001,30.280001,30.680000,29.877596,3110000
2018-03-09,31.020000,31.469999,31.010000,31.080000,30.267136,4448000
2018-03-12,31.049999,31.400000,30.700001,30.879999,30.072365,4877100
2018-03-13,31.100000,31.200001,30.100000,30.180000,29.390673,4244300
2018-03-14,30.340000,30.480000,29.610001,29.700001,28.923231,4878000
2018-03-15,29.930000,30.020000,29.080000,29.330000,28.562904,4056500
2018-03-16,29.330000,29.780001,29.160000,29.400000,28.631073,5531800
2018-03-19,29.040001,29.400000,28.490000,28.780001,28.027290,5504500
2018-03-20,29.020000,29.389999,29.020000,29.250000,28.484997,4270400
2018-03-21,29.490000,31.290001,29.379999,30.990000,30.179487,5715600
2018-03-22,30.510000,31.059999,30.410000,30.549999,29.750996,4670500
2018-03-23,30.820000,31.290001,30.230000,30.240000,29.449102,5835700
2018-03-26,30.670000,30.740000,29.840000,30.430000,29.634136,4326100
2018-03-27,30.480000,31.020000,30.000000,30.209999,29.419888,3896400
2018-03-28,30.330000,30.570000,29.280001,29.360001,28.592121,3910200
2018-03-29,29.480000,30.440001,29.320000,30.299999,29.507534,4289300
2018-04-02,29.940001,30.040001,28.590000,29.110001,28.348660,4041200
2018-04-03,29.309999,29.879999,28.809999,29.809999,29.030352,3523200
2018-04-04,29.230000,29.799999,29.040001,29.709999,28.932964,2860300
2018-04-05,29.900000,30.520000,29.840000,30.330000,29.536751,3807300
2018-04-06,30.100000,30.219999,28.790001,29.260000,28.494736,3257600
2018-04-09,29.559999,30.450001,29.410000,29.719999,28.942705,3939100
2018-04-10,30.250000,31.270000,30.150000,31.139999,30.325563,5175600
2018-04-11,31.049999,31.670000,30.820000,31.430000,30.607981,3394100
2018-04-12,31.420000,31.690001,31.090000,31.500000,30.676151,2686700
2018-04-13,31.830000,32.529999,31.709999,32.099998,31.260456,3239800
2018-04-16,32.110001,32.200001,31.770000,32.000000,31.163074,3971500
2018-04-17,32.119999,32.580002,31.860001,32.330002,31.484444,3247200
2018-04-18,32.830002,34.189999,32.770000,33.619999,32.740704,5501100
2018-04-19,33.910000,34.250000,33.470001,33.830002,32.945213,4499500
2018-04-20,33.889999,33.950001,33.279999,33.770000,32.886780,3486700
2018-04-23,33.490002,33.880001,33.110001,33.820000,32.935471,5079800
2018-04-24,33.820000,34.310001,33.040001,33.270000,32.399860,4554400
2018-04-25,33.610001,34.029999,33.200001,33.860001,32.974430,3460200
2018-04-26,34.000000,34.529999,33.750000,34.070000,33.178932,3810800
2018-04-27,33.869999,34.060001,33.520000,33.700001,32.818611,2787800
2018-04-30,33.549999,34.040001,33.400002,33.830002,32.945213,4387300
2018-05-01,33.040001,33.270000,32.410000,33.070000,32.205086,5662700
2018-05-02,33.009998,33.669998,32.950001,33.070000,32.205086,3767300
2018-05-03,32.740002,32.820000,32.150002,32.470001,31.620785,3095500
2018-05-04,32.380001,32.990002,32.259998,32.730000,31.982332,3279500
2018-05-07,32.980000,33.930000,32.770000,32.869999,32.119129,3056200
2018-05-08,32.880001,33.610001,32.240002,33.439999,32.676105,5252300
2018-05-09,33.880001,35.320000,33.880001,34.900002,34.102764,7724200
2018-05-10,35.130001,35.290001,34.549999,35.250000,34.444763,4624100
2018-05-11,35.200001,35.340000,34.799999,34.860001,34.063667,3442500
2018-05-14,34.930000,35.490002,34.919998,35.240002,34.434994,2856000
2018-05-15,35.230000,35.349998,34.849998,35.310001,34.503391,2446700
2018-05-16,35.209999,35.630001,34.919998,35.560001,34.747684,2128900
2018-05-17,35.869999,36.529999,35.740002,36.250000,35.421921,2918800
2018-05-18,36.279999,36.509998,36.099998,36.230000,35.402378,3013800
2018-05-21,36.590000,37.169998,36.450001,36.930000,36.086380,2338500
2018-05-22,36.959999,37.669998,36.619999,36.799999,35.959354,6134500
2018-05-23,36.540001,37.099998,36.099998,36.849998,36.008209,3870300
2018-05-24,36.130001,36.660000,35.970001,36.570000,35.734612,3017900
2018-05-25,35.630001,35.700001,34.520000,35.340000,34.532707,3386900
2018-05-29,34.860001,35.520000,34.740002,35.320000,34.513161,3500700
2018-05-30,35.689999,36.799999,35.639999,36.490002,35.656441,2968500
2018-05-31,36.060001,36.509998,35.660000,35.700001,34.884487,5251400
2018-06-01,35.689999,36.250000,35.360001,35.650002,34.835625,4208700
2018-06-04,35.880001,36.049999,34.520000,34.700001,33.907333,5526600
2018-06-05,34.630001,34.869999,34.230000,34.459999,33.672806,3431600
2018-06-06,34.570000,34.849998,34.009998,34.450001,33.663040,4061200
2018-06-07,34.700001,35.290001,34.529999,34.849998,34.053898,4600700
2018-06-08,34.570000,34.630001,33.689999,34.060001,33.281948,6858500
2018-06-11,34.080002,34.610001,33.380001,34.330002,33.545776,3997500
2018-06-12,34.389999,34.889999,34.099998,34.279999,33.496918,2879300
2018-06-13,33.860001,34.860001,33.740002,34.520000,33.731441,4175600
2018-06-14,34.740002,34.919998,34.220001,34.570000,33.780296,5607800
2018-06-15,34.570000,34.639999,33.250000,33.840000,33.066971,8294300
2018-06-18,33.939999,35.509998,33.889999,34.980000,34.180931,6163300
2018-06-19,34.450001,35.020000,34.200001,34.849998,34.053898,4197200
2018-06-20,35.259998,35.889999,35.180000,35.799999,34.982201,3457000
2018-06-21,35.529999,35.630001,34.759998,34.959999,34.161388,2885200
2018-06-22,36.110001,36.919998,35.900002,36.080002,35.255806,6029200
2018-06-25,36.080002,36.180000,34.450001,34.730000,33.936642,3313000
2018-06-26,34.599998,35.639999,34.509998,35.430000,34.620651,3205500
2018-06-27,35.959999,36.630001,35.570000,35.709999,34.894253,4372100
2018-06-28,35.970001,35.970001,34.720001,35.099998,34.298191,6948600
2018-06-29,34.990002,35.889999,34.990002,35.279999,34.474079,4082400
2018-07-02,34.860001,35.000000,33.959999,33.990002,33.213551,4551300
2018-07-03,34.509998,35.500000,34.490002,34.680000,33.887783,4428800
2018-07-05,34.869999,35.500000,34.700001,34.849998,34.053898,5307800
2018-07-06,34.680000,35.480000,34.540001,35.209999,34.405678,3988200
2018-07-09,35.619999,36.980000,35.570000,36.820000,35.978897,5868900
2018-07-10,37.040001,37.759998,37.000000,37.230000,36.379532,5226600
2018-07-11,36.880001,37.000000,35.630001,35.869999,35.050598,4080600
2018-07-12,36.020000,36.490002,35.299999,35.950001,35.128769,3293600
2018-07-13,35.980000,36.529999,35.849998,36.020000,35.197174,3591200
2018-07-16,35.590000,35.750000,34.540001,34.860001,34.063667,2883100
2018-07-17,34.700001,34.700001,34.000000,34.450001,33.663040,2832300
2018-07-18,34.099998,34.490002,33.560001,34.330002,33.545776,3292100
2018-07-19,34.419998,35.009998,34.400002,34.750000,33.956181,2975900
2018-07-20,34.799999,34.939999,34.340000,34.680000,33.887783,2187600
2018-07-23,34.889999,35.090000,34.480000,34.580002,33.790070,2212900
2018-07-24,35.029999,35.820000,34.790001,35.279999,34.474079,3132900
2018-07-25,35.299999,35.779999,34.939999,35.700001,34.884487,2778200
2018-07-26,35.750000,35.959999,35.259998,35.860001,35.040829,2564700
2018-07-27,34.900002,35.980000,34.900002,35.340000,34.532707,1770900
2018-07-30,35.830002,36.220001,35.750000,36.200001,35.373062,2443100
2018-07-31,36.230000,36.270000,35.639999,36.090000,35.265575,2512600
2018-08-01,35.549999,35.590000,34.720001,35.139999,34.337273,3675000
2018-08-02,34.950001,35.990002,34.750000,35.830002,35.011517,4849800
2018-08-03,33.020000,33.500000,32.130001,32.889999,32.237644,16035000
2018-08-06,32.540001,32.799999,31.620001,32.380001,31.737764,7593800
2018-08-07,32.549999,32.549999,31.170000,31.230000,30.610571,10841700
2018-08-08,30.790001,31.090000,30.420000,30.780001,30.169497,5329200
2018-08-09,30.840000,31.000000,30.549999,30.629999,30.022472,4777700
2018-08-10,30.610001,30.670000,30.270000,30.580000,29.973463,5541200
2018-08-13,30.469999,30.850000,30.110001,30.250000,29.650009,4853800
2018-08-14,30.650000,30.879999,30.120001,30.299999,29.699017,5820200
2018-08-15,29.830000,29.959999,28.639999,28.930000,28.356190,5947700
2018-08-16,29.170000,29.809999,28.950001,29.230000,28.650240,4149500
2018-08-17,29.370001,29.450001,28.620001,28.770000,28.199362,4024500
2018-08-20,28.660000,28.870001,28.459999,28.809999,28.238569,2721800
2018-08-21,29.129999,29.299999,28.700001,28.730000,28.160154,4928000
2018-08-22,29.070000,30.170000,29.070000,29.860001,29.267744,6027200
2018-08-23,29.629999,29.770000,29.240000,29.549999,28.963892,4414900
2018-08-24,30.000000,30.190001,29.480000,29.520000,28.934490,2439800
2018-08-27,29.580000,30.430000,29.580000,30.360001,29.757826,5116900
2018-08-28,30.290001,30.530001,29.930000,30.219999,29.620602,5700700
2018-08-29,30.410000,30.780001,29.809999,30.270000,29.669613,5795900
2018-08-30,30.260000,30.500000,29.459999,29.889999,29.297148,4593900
2018-08-31,29.709999,30.030001,29.510000,29.719999,29.130522,2961600
2018-09-04,29.799999,29.910000,28.920000,29.139999,28.562023,2967400
2018-09-05,28.889999,30.030001,28.700001,29.830000,29.238337,5976900
2018-09-06,29.639999,30.090000,29.309999,29.340000,28.758057,4704800
2018-09-07,29.129999,29.280001,28.570000,29.080000,28.503214,3204400
2018-09-10,29.230000,29.320000,28.840000,28.879999,28.307182,2628900
2018-09-11,28.820000,29.610001,28.820000,29.350000,28.767859,3589500
2018-09-12,29.750000,29.799999,28.940001,29.260000,28.679644,4472900
2018-09-13,29.170000,29.309999,28.709999,29.160000,28.581627,2479000
2018-09-14,29.170000,29.590000,29.170000,29.379999,28.797262,3031200
2018-09-17,29.540001,29.969999,29.420000,29.730000,29.140322,3777800
2018-09-18,30.020000,30.480000,30.000000,30.309999,29.708817,4496300
2018-09-19,30.100000,31.010000,30.040001,30.780001,30.169497,4150900
2018-09-20,30.910000,30.959999,29.920000,30.270000,29.669613,4618600
2018-09-21,30.299999,30.620001,30.059999,30.469999,29.865643,5768800
2018-09-24,30.959999,31.250000,30.200001,30.910000,30.296917,3708000
2018-09-25,31.150000,31.420000,30.730000,31.170000,30.551760,3775100
2018-09-26,30.950001,31.480000,30.799999,31.100000,30.483149,3656900
2018-09-27,31.420000,31.520000,31.030001,31.350000,30.728191,2838900
2018-09-28,31.219999,31.910000,30.980000,31.190001,30.571365,3842900
2018-10-01,31.340000,32.200001,31.280001,31.760000,31.130060,4340300
2018-10-02,31.809999,31.809999,31.230000,31.320000,30.698786,3354900
2018-10-03,31.340000,31.900000,31.080000,31.730000,31.100655,3898800
2018-10-04,31.450001,31.990000,31.160000,31.400000,30.777199,2467700
2018-10-05,31.469999,32.029999,31.370001,31.690001,31.061447,4516000
2018-10-08,31.410000,32.029999,31.240000,31.959999,31.326090,3218600
2018-10-09,32.009998,32.730000,31.850000,32.520000,31.874985,2490300
2018-10-10,32.369999,32.540001,31.219999,31.260000,30.639975,3697000
2018-10-11,31.059999,31.600000,30.680000,30.980000,30.365528,3830500
2018-10-12,31.600000,31.969999,30.969999,31.610001,30.983034,4940700
2018-10-15,31.780001,32.160000,31.440001,31.900000,31.267281,3432400
2018-10-16,32.009998,32.009998,31.510000,31.799999,31.169266,3877400
2018-10-17,31.660000,31.719999,31.030001,31.400000,30.777199,2373000
2018-10-18,30.940001,31.209999,30.410000,30.700001,30.091085,3531500
2018-10-19,30.690001,30.690001,29.129999,29.219999,28.640436,10446100
2018-10-22,29.120001,29.370001,28.879999,29.000000,28.424803,5977800
2018-10-23,28.410000,28.469999,27.670000,27.990000,27.434832,6383600
2018-10-24,28.200001,28.200001,26.040001,26.120001,25.601927,7647000
2018-10-25,26.510000,27.020000,26.170000,26.610001,26.082207,6397100
2018-10-26,26.180000,26.400000,25.320000,25.660000,25.151049,9831800
2018-10-29,25.799999,25.820000,23.830000,24.250000,23.769014,10564800
2018-10-30,24.110001,24.980000,23.959999,24.770000,24.278700,7566900
2018-10-31,25.190001,25.540001,24.790001,24.850000,24.357113,7109200
2018-11-01,25.100000,26.400000,24.700001,26.230000,25.709742,9839700
2018-11-02,26.469999,27.469999,26.129999,26.340000,25.926289,9492500
2018-11-05,26.870001,27.219999,26.480000,26.930000,26.507021,5769300
2018-11-06,26.950001,27.139999,26.370001,27.030001,26.605450,6280700
2018-11-07,28.809999,28.959999,27.780001,28.160000,27.717701,16652700
2018-11-08,27.850000,28.040001,26.809999,26.900000,26.477491,7249200
2018-11-09,26.309999,26.860001,26.070000,26.520000,26.103460,5507700
2018-11-12,26.709999,26.709999,25.040001,25.090000,24.695921,7507400
2018-11-13,24.959999,25.330000,24.450001,24.580000,24.193932,8209600
2018-11-14,25.240000,25.600000,24.540001,24.740000,24.351418,5599800
2018-11-15,24.450001,25.709999,24.430000,25.500000,25.099482,6182700
2018-11-16,25.520000,25.799999,25.020000,25.170000,24.774664,5833100
2018-11-19,24.660000,25.360001,24.570000,24.940001,24.548275,7321200
2018-11-20,24.410000,24.500000,23.520000,23.709999,23.337595,7140600
2018-11-21,24.020000,24.950001,24.020000,24.480000,24.095501,5318800
2018-11-23,23.510000,24.150000,23.490000,23.740000,23.367125,2730100
2018-11-26,24.080000,24.870001,24.040001,24.410000,24.026600,5689900
2018-11-27,24.250000,24.480000,23.760000,23.990000,23.613197,4416000
2018-11-28,24.070000,24.280001,23.690001,24.059999,23.682098,4130400
2018-11-29,24.110001,24.549999,24.000000,24.270000,23.888802,3257700
2018-11-30,24.000000,24.160000,23.559999,23.740000,23.367125,4975900
2018-12-03,24.610001,25.070000,24.320000,25.000000,24.607334,6527300
2018-12-04,25.020000,25.219999,24.290001,24.330000,23.947859,8744300
2018-12-06,23.730000,23.950001,23.219999,23.840000,23.465555,11933400
2018-12-07,24.440001,24.750000,23.690001,23.780001,23.406496,8575600
2018-12-10,23.389999,23.639999,22.440001,22.820000,22.461573,8172300
2018-12-11,23.370001,23.459999,22.350000,22.480000,22.126915,7766700
2018-12-12,22.980000,23.370001,22.809999,22.820000,22.461573,5887700
2018-12-13,22.600000,22.969999,22.480000,22.709999,22.353300,4066500
2018-12-14,22.480000,22.590000,21.700001,21.790001,21.447752,4449400
2018-12-17,21.610001,21.940001,21.000000,21.160000,20.827646,5893100
2018-12-18,21.160000,21.160000,20.320000,20.530001,20.207544,6037600
2018-12-19,20.549999,21.040001,19.969999,20.070000,19.754766,8583100
2018-12-20,19.680000,19.860001,18.750000,18.830000,18.534245,8036300
2018-12-21,18.750000,18.850000,18.049999,18.170000,17.884611,10411800
2018-12-24,17.980000,18.090000,17.330000,17.360001,17.087334,4073800
2018-12-26,17.650000,19.100000,17.110001,19.080000,18.780317,7197200
2018-12-27,18.700001,18.910000,18.010000,18.900000,18.603144,5907300
2018-12-28,19.000000,19.120001,18.400000,18.430000,18.140526,5325200
2018-12-31,18.559999,18.920000,18.280001,18.760000,18.465343,4521000
2019-01-02,18.320000,19.360001,17.980000,19.330000,19.026392,6947500
2019-01-03,19.330000,19.480000,18.629999,19.150000,18.849218,7002300
2019-01-04,19.620001,20.730000,19.490000,20.680000,20.355186,7727300
2019-01-07,20.770000,21.690001,20.510000,21.389999,21.054033,6315300
2019-01-08,21.639999,21.889999,21.240000,21.320000,20.985134,4370200
2019-01-09,21.780001,22.480000,21.450001,22.230000,21.880840,7729800
2019-01-10,21.820000,22.520000,21.660000,22.370001,22.018642,5792700
2019-01-11,22.070000,22.250000,21.780001,22.190001,21.841469,4186600
2019-01-14,21.900000,22.389999,21.780001,22.309999,21.959583,6635600
2019-01-15,22.629999,23.000000,22.500000,22.709999,22.353300,7092600
2019-01-16,22.680000,23.370001,22.650000,22.980000,22.619061,8872600
2019-01-17,22.670000,23.389999,22.580000,23.190001,22.825764,4372100
2019-01-18,23.430000,23.670000,23.120001,23.389999,23.022621,6683600
2019-01-22,23.080000,23.110001,22.379999,22.450001,22.097387,4155500
2019-01-23,22.610001,22.750000,21.459999,21.570000,21.231207,6118200
2019-01-24,21.559999,21.600000,20.930000,21.290001,20.955606,8183800
2019-01-25,21.530001,22.170000,21.490000,21.930000,21.585554,4097500
2019-01-28,21.440001,21.879999,21.379999,21.809999,21.467438,3379800
2019-01-29,22.020000,22.879999,21.889999,22.639999,22.284401,8039900
2019-01-30,22.809999,23.000000,22.520000,22.980000,22.619061,5008300
2019-01-31,23.110001,23.200001,22.170000,22.340000,21.989113,4004400
2019-02-01,22.440001,22.740000,22.160000,22.389999,22.038328,4456600
2019-02-04,22.170000,22.959999,22.129999,22.910000,22.550161,4480200
2019-02-05,22.959999,23.230000,22.760000,22.860001,22.500946,4878100
2019-02-06,22.670000,22.700001,22.270000,22.370001,22.018642,3943500
2019-02-07,22.209999,22.219999,20.980000,21.059999,20.729218,4952200
2019-02-08,20.889999,20.990000,19.910000,20.639999,20.422483,5913900
2019-02-11,20.379999,21.010000,20.129999,21.000000,20.778690,5516900
2019-02-12,21.469999,21.760000,21.129999,21.209999,20.986477,6236900
2019-02-13,21.330000,21.950001,21.330000,21.889999,21.659309,4228000
2019-02-14,21.709999,22.139999,21.600000,22.010000,21.778048,4803700
2019-02-15,22.260000,22.870001,22.160000,22.639999,22.401407,11177000
2019-02-19,22.250000,24.110001,21.750000,23.700001,23.450237,15742300
2019-02-20,23.430000,24.200001,23.209999,24.049999,23.796547,9402400
2019-02-21,23.879999,24.230000,23.680000,23.860001,23.608551,8385400
2019-02-22,24.090000,24.100000,23.020000,23.160000,22.915928,7021200
2019-02-25,22.940001,23.389999,22.709999,22.719999,22.480564,5269700
2019-02-26,22.670000,22.889999,22.080000,22.110001,21.876993,7552800
2019-02-27,22.290001,22.660000,21.760000,22.480000,22.243093,8418600
2019-02-28,22.580000,22.600000,21.780001,22.150000,21.916571,7986700
2019-03-01,22.250000,22.830000,22.160000,22.830000,22.589405,7432900
2019-03-04,23.000000,23.650000,23.000000,23.629999,23.380974,8705500
2019-03-05,23.770000,23.850000,23.299999,23.580000,23.331503,5817100
2019-03-06,23.370001,23.620001,22.930000,23.000000,22.757614,7621700
2019-03-07,22.950001,22.990000,22.410000,22.639999,22.401407,4816600
2019-03-08,22.120001,22.160000,21.320000,21.420000,21.194265,7056600
2019-03-11,21.530001,22.080000,21.410000,22.040001,21.807732,4750900
2019-03-12,22.200001,22.590000,21.950001,22.440001,22.203514,4379500
2019-03-13,22.570000,22.760000,21.900000,22.469999,22.233198,5168100
2019-03-14,22.480000,22.809999,22.320000,22.690001,22.450880,5174600
2019-03-15,22.459999,23.230000,22.450001,23.100000,22.856560,7739200
2019-03-18,23.240000,23.900000,23.240000,23.799999,23.549181,4334300
2019-03-19,24.540001,24.600000,23.850000,24.000000,23.747076,6786200
2019-03-20,23.980000,25.170000,23.799999,24.870001,24.607906,7169100
2019-03-21,24.719999,25.049999,24.469999,24.940001,24.677168,4102900
2019-03-22,24.660000,24.760000,23.510000,23.969999,23.717392,6234600
2019-03-25,23.920000,24.480000,23.629999,24.440001,24.182438,4802800
2019-03-26,24.870001,25.340000,24.850000,25.080000,24.815695,3963500
2019-03-27,24.990000,25.200001,24.469999,24.650000,24.390226,4503800
2019-03-28,24.379999,25.000000,24.260000,24.889999,24.627695,3111800
2019-03-29,25.230000,25.549999,24.670000,24.730000,24.469381,3849300
2019-04-01,25.010000,25.820000,25.010000,25.680000,25.409370,5644800
2019-04-02,25.799999,25.950001,25.510000,25.520000,25.251057,5216100
2019-04-03,25.650000,25.719999,24.650000,25.000000,24.736536,4849200
2019-04-04,25.070000,25.190001,24.639999,24.870001,24.607906,4088300
2019-04-05,24.969999,25.809999,24.969999,25.730000,25.458843,5460000
2019-04-08,25.760000,26.010000,25.320000,25.469999,25.201584,5591500
2019-04-09,25.309999,25.420000,24.430000,24.500000,24.241806,5879600
2019-04-10,24.740000,25.320000,24.610001,25.230000,24.964111,5371100
2019-04-11,25.040001,25.530001,24.809999,25.129999,24.865166,4067100
2019-04-12,27.000000,27.650000,26.580000,26.870001,26.586830,12459700
2019-04-15,26.540001,27.110001,26.370001,26.459999,26.181149,6552900
2019-04-16,26.559999,27.100000,26.350000,27.100000,26.814405,5860200
2019-04-17,27.379999,27.840000,27.120001,27.209999,26.923244,7224900
2019-04-18,27.270000,27.420000,26.790001,27.110001,26.824301,5323700
2019-04-22,27.549999,28.059999,27.219999,27.879999,27.586185,4638700
2019-04-23,27.950001,28.299999,27.530001,27.860001,27.566397,4577400
2019-04-24,28.010000,28.400000,27.580000,27.580000,27.289347,5886400
2019-04-25,27.540001,27.660000,26.680000,27.250000,26.962826,7937000
2019-04-26,26.900000,27.559999,26.780001,27.080000,26.794615,7858400
2019-04-29,27.080000,27.670000,27.080000,27.420000,27.131033,5910800
2019-04-30,27.809999,27.860001,27.030001,27.059999,26.774828,5164200
2019-05-01,27.100000,27.240000,26.010000,26.020000,25.745789,6151600
2019-05-02,25.580000,26.090000,25.330000,25.480000,25.211477,7029400
2019-05-03,25.379999,25.799999,24.760000,24.930000,24.783997,9871500
2019-05-06,24.540001,24.860001,24.160000,24.770000,24.624935,8079600
2019-05-07,24.450001,24.600000,23.860001,24.280001,24.137804,7783500
2019-05-08,24.209999,24.820000,24.180000,24.549999,24.406221,3856100
2019-05-09,24.219999,24.530001,23.690001,24.340000,24.197453,5381600
2019-05-10,24.270000,24.330000,23.570000,24.110001,23.968800,4876100
2019-05-13,23.799999,23.950001,23.240000,23.490000,23.352430,4167300
2019-05-14,23.520000,24.350000,23.520000,24.070000,23.929033,3668500
2019-05-15,23.690001,24.260000,23.610001,24.160000,24.018507,4059200
2019-05-16,24.299999,24.549999,24.270000,24.500000,24.356516,3919100
2019-05-17,24.260000,24.340000,23.770000,23.850000,23.710323,2846100
2019-05-20,23.820000,24.139999,23.750000,24.030001,23.889269,4636200
2019-05-21,24.090000,24.650000,24.080000,24.270000,24.127863,3485000
2019-05-22,23.990000,24.040001,23.379999,23.389999,23.253016,3491000
2019-05-23,22.860001,22.879999,21.610001,21.770000,21.642504,6963800
2019-05-24,21.990000,22.299999,21.580000,21.700001,21.572914,4867900
2019-05-28,21.830000,22.049999,21.639999,21.680000,21.553032,5000900
2019-05-29,21.340000,21.889999,21.209999,21.840000,21.712093,5059100
2019-05-30,21.780001,22.059999,21.530001,21.719999,21.592796,4704900
2019-05-31,21.209999,21.700001,21.090000,21.400000,21.274670,6176600
2019-06-03,21.559999,21.770000,21.320000,21.510000,21.384027,4780200
2019-06-04,21.860001,21.910000,21.340000,21.510000,21.384027,5270400
2019-06-05,21.540001,21.549999,20.500000,20.780001,20.658302,4511200
2019-06-06,20.900000,21.170000,20.600000,20.730000,20.608595,8959400
2019-06-07,20.660000,20.950001,20.290001,20.690001,20.568829,8020900
2019-06-10,20.740000,21.370001,20.740000,21.040001,20.916780,5234300
2019-06-11,21.280001,21.520000,21.160000,21.290001,21.165316,7456900
2019-06-12,21.030001,21.030001,20.299999,20.360001,20.240763,5551700
2019-06-13,20.660000,20.790001,20.510000,20.770000,20.648361,3937600
2019-06-14,20.690001,20.870001,19.680000,19.730000,19.614450,5833100
2019-06-17,19.530001,20.299999,19.480000,20.219999,20.101580,5005500
2019-06-18,20.250000,20.760000,20.230000,20.350000,20.230820,7319200
2019-06-19,20.360001,20.719999,20.139999,20.490000,20.369999,7054200
2019-06-20,21.070000,21.820000,21.059999,21.750000,21.622622,8835000
2019-06-21,21.820000,22.030001,21.540001,21.559999,21.433733,6055600
2019-06-24,21.510000,21.690001,21.170000,21.260000,21.135490,4833000
2019-06-25,21.049999,21.400000,20.930000,21.190001,21.065901,3911400
2019-06-26,21.549999,22.240000,21.420000,21.770000,21.642504,6019400
2019-06-27,21.770000,22.209999,21.770000,21.820000,21.692211,4845700
2019-06-28,21.879999,22.410000,21.879999,22.400000,22.268814,6287800
2019-07-01,23.000000,23.129999,22.320000,22.490000,22.358286,4932800
2019-07-02,22.480000,22.480000,21.629999,21.799999,21.672327,4652600
2019-07-03,21.980000,22.110001,21.730000,22.100000,21.970572,1799700
2019-07-05,21.950001,22.129999,21.590000,21.920000,21.791626,2967000
2019-07-08,21.709999,22.000000,21.320000,21.340000,21.215023,4805200
2019-07-09,21.309999,21.600000,21.070000,21.510000,21.384027,4027600
2019-07-10,21.639999,22.459999,21.639999,22.320000,22.189281,4523000
2019-07-11,22.400000,22.459999,21.940001,22.280001,22.149517,4344800
2019-07-12,22.350000,22.950001,22.260000,22.740000,22.606823,4832100
2019-07-15,22.719999,22.879999,21.610001,21.750000,21.622622,6815000
2019-07-16,21.780001,21.850000,20.950001,21.100000,20.976427,4540800
2019-07-17,21.090000,21.200001,20.549999,20.570000,20.449532,3729000
2019-07-18,20.400000,20.870001,20.370001,20.840000,20.717951,5624400
2019-07-19,20.879999,21.260000,20.690001,21.190001,21.065901,2680800
2019-07-22,21.260000,21.420000,20.549999,20.889999,20.767656,5029600
2019-07-23,20.900000,21.219999,20.700001,21.190001,21.065901,3487900
2019-07-24,21.219999,21.809999,21.150000,21.500000,21.374084,4173900
2019-07-25,21.870001,22.030001,20.910000,20.980000,20.857130,3440600
2019-07-26,20.940001,21.209999,20.610001,20.750000,20.628477,4088100
2019-07-29,20.709999,20.920000,20.330000,20.870001,20.747776,4544200
2019-07-30,20.770000,22.290001,20.719999,22.100000,21.970572,4959200
2019-07-31,21.980000,22.570000,21.709999,22.080000,21.950687,5122200
2019-08-01,21.709999,21.709999,20.389999,20.490000,20.369999,10966600
2019-08-02,22.500000,23.320000,21.450001,21.879999,21.879999,12090200
2019-08-05,21.280001,22.309999,21.090000,21.549999,21.549999,10793300
