Date,Open,High,Low,Close,Adj Close,Volume
1980-12-12,13.000000,13.600000,13.000000,13.400000,8.340264,237700
1980-12-15,13.400000,13.933333,13.366667,13.400000,8.340264,201000
1980-12-16,13.166667,13.166667,12.933333,13.133333,8.174291,124100
1980-12-17,13.133333,13.133333,12.966666,12.966666,8.070553,239600
1980-12-18,12.966666,13.066667,12.800000,12.866667,8.008317,138300
1980-12-19,12.866667,12.866667,12.700000,12.833333,7.987566,239200
1980-12-22,12.866667,13.000000,12.866667,12.933333,8.049810,166100
1980-12-23,12.933333,13.033334,12.833333,12.866667,8.008317,153000
1980-12-24,12.866667,12.933333,12.666667,12.933333,8.049810,42300
1980-12-26,12.933333,13.000000,12.800000,12.800000,7.966823,25100
1980-12-29,12.500000,12.500000,12.200000,12.266666,7.634872,135000
1980-12-30,12.266666,12.333333,11.833333,12.100000,7.531137,188600
1980-12-31,12.100000,12.433333,11.966666,12.400000,7.717859,83200
1981-01-02,12.400000,12.533334,12.333333,12.466666,7.759355,81300
1981-01-05,12.666667,13.233334,12.666667,12.800000,7.966823,427100
1981-01-06,12.800000,13.000000,12.800000,12.900000,8.029060,519000
1981-01-07,12.533334,12.533334,12.200000,12.400000,7.717859,233200
1981-01-08,12.400000,12.433333,11.733334,11.900000,7.406654,223800
1981-01-09,11.900000,11.966666,11.733334,11.966666,7.448150,270700
1981-01-12,11.966666,12.066667,11.533334,11.633333,7.240678,176200
1981-01-13,11.633333,11.900000,11.633333,11.900000,7.406654,181800
1981-01-14,11.900000,11.933333,11.800000,11.933333,7.427403,263600
1981-01-15,11.933333,12.066667,11.666667,11.733334,7.302917,143200
1981-01-16,11.733334,11.966666,11.666667,11.966666,7.448150,255700
1981-01-19,11.966666,12.300000,11.800000,12.266666,7.634872,250800
1981-01-20,12.266666,12.266666,11.933333,11.966666,7.448150,205800
1981-01-21,11.966666,12.966666,11.933333,12.833333,7.987566,252300
1981-01-22,12.833333,12.900000,12.166667,12.433333,7.738605,198300
1981-01-23,12.433333,12.600000,12.366667,12.466666,7.759355,153000
1981-01-26,12.433333,12.433333,12.000000,12.166667,7.572629,246700
1981-01-27,12.166667,12.366667,11.966666,12.366667,7.697114,306000
1981-01-28,12.366667,13.666667,12.333333,13.666667,8.506245,447700
1981-01-29,13.666667,14.866667,13.066667,13.566667,8.444004,1257700
1981-01-30,13.566667,13.733334,13.200000,13.200000,8.215780,246300
1981-02-02,13.166667,13.166667,12.300000,12.466666,7.759355,294300
1981-02-03,12.466666,12.600000,12.300000,12.600000,7.842339,223800
1981-02-04,12.600000,12.800000,12.400000,12.600000,7.842339,196800
1981-02-05,12.600000,12.733334,12.533334,12.600000,7.842339,201000
1981-02-06,12.600000,12.766666,12.500000,12.500000,7.780100,93700
1981-02-09,12.500000,12.533334,12.300000,12.333333,7.676367,142100
1981-02-10,12.333333,12.400000,12.300000,12.300000,7.655621,57300
1981-02-11,12.300000,12.333333,12.266666,12.266666,7.634872,70100
1981-02-12,12.266666,12.266666,12.100000,12.266666,7.634872,92600
1981-02-13,12.266666,12.533334,12.200000,12.533334,7.800844,210300
1981-02-17,12.533334,12.600000,12.400000,12.400000,7.717859,103800
1981-02-18,12.400000,12.733334,12.333333,12.733334,7.925330,96300
1981-02-19,12.733334,12.866667,12.433333,12.666667,7.883833,199100
1981-02-20,12.666667,12.666667,12.266666,12.466666,7.759355,186300
1981-02-23,12.466666,12.533334,12.300000,12.300000,7.655621,205500
1981-02-24,12.300000,12.400000,12.066667,12.166667,7.572629,721800
1981-02-25,12.166667,12.200000,11.800000,11.966666,7.448150,308200
1981-02-26,11.966666,12.300000,11.933333,12.200000,7.593379,204000
1981-02-27,12.200000,12.700000,12.066667,12.533334,7.800844,244800
1981-03-02,12.466666,12.466666,12.133333,12.166667,7.572629,158600
1981-03-03,12.166667,12.233334,11.966666,12.000000,7.468894,223800
1981-03-04,12.000000,12.000000,11.766666,11.866667,7.385907,188200
1981-03-05,11.866667,12.233334,11.800000,12.000000,7.468894,175100
1981-03-06,12.133333,12.500000,12.133333,12.466666,7.759355,371600
1981-03-09,12.466666,13.066667,12.466666,13.066667,8.132796,556100
1981-03-10,13.066667,13.300000,12.533334,12.600000,7.842339,382100
1981-03-11,12.800000,13.400000,12.800000,13.333333,8.298775,795000
1981-03-12,13.600000,14.633333,13.600000,14.533334,9.045664,972000
1981-03-13,14.700000,15.400000,14.700000,15.266666,9.502096,1549100
1981-03-16,15.133333,15.133333,14.700000,14.833333,9.232382,691800
1981-03-17,14.833333,15.066667,14.666667,14.700000,9.149394,420300
1981-03-18,14.700000,14.966666,14.633333,14.700000,9.149394,343800
1981-03-19,14.800000,16.466667,14.800000,16.466667,10.248981,1023300
1981-03-20,16.466667,16.466667,15.666667,16.133333,10.041512,1269700
1981-03-23,16.100000,16.100000,15.866667,15.933333,9.917032,715100
1981-03-24,15.933333,15.966666,15.600000,15.600000,9.709563,560200
1981-03-25,15.600000,15.866667,15.266666,15.666667,9.751059,322500
1981-03-26,15.666667,15.900000,15.566667,15.733334,9.792552,617200
1981-03-27,15.800000,16.400000,15.800000,16.166666,10.062260,553100
1981-03-30,16.166666,16.166666,15.900000,15.900000,9.896288,297300
1981-03-31,16.100000,16.766666,16.100000,16.533333,10.290479,562500
1981-04-01,16.533333,17.000000,16.533333,16.966667,10.560190,397500
1981-04-02,16.933332,16.933332,16.733334,16.799999,10.456448,410200
1981-04-03,16.799999,16.900000,16.766666,16.833334,10.477203,276300
1981-04-06,16.766666,16.766666,16.533333,16.700001,10.394217,485600
1981-04-07,16.700001,16.966667,16.533333,16.799999,10.456448,472100
1981-04-08,16.799999,17.466667,16.700001,16.866667,10.497950,395200
1981-04-09,17.200001,17.533333,17.200001,17.466667,10.871393,679800
1981-04-10,17.466667,17.666666,17.400000,17.666666,10.995874,309700
1981-04-13,17.633333,17.633333,16.333334,16.333334,10.165997,651700
1981-04-14,16.066668,16.066668,15.400000,15.400000,9.585088,601100
1981-04-15,15.400000,16.200001,15.400000,16.200001,10.083011,805500
1981-04-16,16.233334,16.600000,16.233334,16.533333,10.290479,600700
1981-04-20,16.533333,16.533333,16.433332,16.466667,10.248981,125200
1981-04-21,16.466667,16.533333,16.433332,16.433332,10.228234,435000
1981-04-22,16.366667,16.366667,15.700000,16.000000,9.958530,408700
1981-04-23,15.933333,15.933333,15.533334,15.900000,9.896288,406100
1981-04-24,15.900000,16.766666,15.766666,16.466667,10.248981,595100
1981-04-27,16.466667,17.000000,16.400000,16.666666,10.373467,622500
1981-04-28,17.400000,18.266666,17.400000,18.233334,11.348575,1143300
1981-04-29,18.233334,18.799999,18.166666,18.433332,11.473055,1497300
1981-04-30,18.433332,18.666666,17.666666,18.066668,11.244841,927300
1981-05-01,18.066668,18.166666,17.766666,17.966667,11.182604,600000
1981-05-04,17.666666,17.666666,16.833334,17.066668,10.622426,702700
1981-05-05,17.066668,17.733334,17.000000,17.600000,10.954383,642700
1981-05-06,17.600000,17.666666,17.200001,17.233334,10.726165,352800
1981-05-07,17.233334,17.400000,17.200001,17.299999,10.767657,126000
1981-05-08,17.666666,18.233334,17.666666,17.933332,11.161848,797200
1981-05-11,17.933332,17.933332,17.400000,17.433332,10.850644,526500
1981-05-12,17.433332,17.533333,17.233334,17.533333,10.912884,404600
1981-05-13,17.533333,17.900000,17.500000,17.799999,11.078857,331500
1981-05-14,17.799999,18.133333,17.733334,18.000000,11.203338,202500
1981-05-15,18.066668,18.299999,18.066668,18.266666,11.369316,251600
1981-05-18,18.200001,18.200001,17.799999,17.933332,11.161848,99700
1981-05-19,17.900000,17.900000,17.500000,17.500000,10.892136,122600
1981-05-20,17.500000,17.533333,17.100000,17.233334,10.726165,257200
1981-05-21,17.233334,17.233334,16.866667,16.866667,10.497950,419600
1981-05-22,16.866667,16.933332,16.666666,16.733334,10.414960,249000
1981-05-26,16.733334,16.766666,16.266666,16.466667,10.248981,194600
1981-05-27,16.466667,16.933332,16.133333,16.866667,10.497950,381000
1981-05-28,16.866667,16.966667,16.266666,16.299999,10.145247,202800
1981-05-29,16.299999,16.366667,16.233334,16.266666,10.124504,117700
1981-06-01,16.266666,16.666666,16.266666,16.266666,10.124504,355100
1981-06-02,16.266666,16.666666,16.066668,16.566668,10.311226,355500
1981-06-03,16.600000,16.866667,16.600000,16.666666,10.373467,292800
1981-06-04,16.700001,17.366667,16.700001,17.100000,10.643172,399000
1981-06-05,17.100000,17.133333,16.700001,16.700001,10.394217,196100
1981-06-08,16.700001,16.833334,16.700001,16.700001,10.394217,217800
1981-06-09,16.700001,16.733334,16.200001,16.266666,10.124504,147000
1981-06-10,16.266666,16.733334,16.266666,16.600000,10.331974,279000
1981-06-11,16.600000,16.933332,16.466667,16.766666,10.435708,190500
1981-06-12,16.833334,17.166666,16.833334,17.000000,10.580937,372000
1981-06-15,17.000000,17.033333,16.733334,16.733334,10.414960,193800
1981-06-16,16.733334,16.766666,16.266666,16.266666,10.124504,182200
1981-06-17,16.266666,16.400000,16.133333,16.233334,10.103755,162700
1981-06-18,16.200001,16.200001,16.100000,16.133333,10.041512,118500
1981-06-19,16.000000,16.000000,15.733334,15.900000,9.896288,502100
1981-06-22,15.900000,16.033333,15.266666,15.333333,9.543588,373500
1981-06-23,15.333333,15.700000,15.300000,15.700000,9.771805,289100
1981-06-24,15.700000,16.000000,15.700000,15.800000,9.834050,224600
1981-06-25,15.800000,15.966666,15.666667,15.866667,9.875542,159300
1981-06-26,15.866667,16.600000,15.833333,16.133333,10.041512,460800
1981-06-29,16.333334,16.766666,16.333334,16.733334,10.414960,270700
1981-06-30,16.933332,17.733334,16.933332,17.533333,10.912884,691800
1981-07-01,17.666666,18.333334,17.666666,18.033333,11.224087,656600
1981-07-02,18.033333,18.233334,17.333334,17.566668,10.933633,757800
1981-07-06,17.333334,17.333334,16.966667,16.966667,10.560190,251600
1981-07-07,16.966667,17.299999,16.666666,16.933332,10.539438,301100
1981-07-08,16.933332,17.133333,16.633333,16.933332,10.539438,246300
1981-07-09,16.933332,17.133333,16.933332,17.100000,10.643172,258000
1981-07-10,17.100000,17.833334,17.100000,17.466667,10.871393,346500
1981-07-13,17.533333,18.066668,17.533333,17.799999,11.078857,429300
1981-07-14,17.799999,17.866667,17.566668,17.766666,11.058116,228300
1981-07-15,17.766666,18.766666,17.766666,18.600000,11.576795,1652200
1981-07-16,18.600000,19.233334,18.433332,18.700001,11.639033,887600
1981-07-17,18.700001,19.133333,18.266666,18.266666,11.369316,518600
1981-07-20,18.266666,18.333334,17.866667,18.000000,11.203338,199100
1981-07-21,18.000000,18.266666,17.733334,17.900000,11.141097,255000
1981-07-22,17.900000,18.066668,17.533333,17.933332,11.161848,289100
1981-07-23,17.933332,17.933332,17.666666,17.866667,11.120356,235500
1981-07-24,17.866667,17.966667,17.766666,17.799999,11.078857,96700
1981-07-27,17.799999,17.933332,17.566668,17.900000,11.141097,255700
1981-07-28,17.900000,17.900000,17.600000,17.666666,10.995874,161600
1981-07-29,17.666666,17.866667,17.666666,17.733334,11.037363,224600
1981-07-30,17.733334,17.833334,17.700001,17.799999,11.078857,83200
1981-07-31,17.799999,18.266666,17.799999,17.866667,11.120356,298100
1981-08-03,17.866667,18.066668,17.833334,18.000000,11.203338,114300
1981-08-04,18.133333,18.600000,18.133333,18.333334,11.410805,266200
1981-08-05,18.466667,18.766666,18.466667,18.533333,11.535297,517800
1981-08-06,18.833334,19.600000,18.833334,19.366667,12.053967,887600
1981-08-07,19.266666,19.266666,18.866667,18.900000,11.763509,346500
1981-08-10,18.900000,19.233334,18.799999,18.900000,11.763509,414700
1981-08-11,18.900000,19.266666,18.866667,19.200001,11.950233,434600
1981-08-12,19.266666,20.000000,19.266666,19.900000,12.385917,822000
1981-08-13,19.900000,20.866667,19.733334,20.666666,12.863089,834300
1981-08-14,20.666666,21.133333,20.533333,20.799999,12.946081,716600
1981-08-17,20.799999,20.833334,19.866667,19.933332,12.406668,448100
1981-08-18,19.933332,20.033333,19.266666,19.500000,12.136956,473600
1981-08-19,19.500000,19.533333,19.133333,19.266666,11.991724,512600
1981-08-20,18.933332,18.933332,18.700001,18.799999,11.701269,348300
1981-08-21,18.766666,18.766666,18.266666,18.333334,11.410805,354700
1981-08-24,18.233334,18.233334,17.533333,17.600000,10.954383,449200
1981-08-25,17.466667,17.466667,17.133333,17.266666,10.746912,609700
1981-08-26,17.266666,17.566668,17.266666,17.433332,10.850644,537700
1981-08-27,17.433332,17.500000,17.033333,17.066668,10.622426,507300
1981-08-28,17.066668,17.233334,16.866667,17.033333,10.601685,287600
1981-08-31,17.033333,17.333334,15.966666,16.033333,9.979277,394800
1981-09-01,16.033333,16.466667,15.566667,16.100000,10.020763,568800
1981-09-02,16.100000,16.400000,16.000000,16.033333,9.979277,275600
1981-09-03,16.033333,16.200001,15.466666,15.533334,9.668075,271100
1981-09-04,15.533334,15.566667,15.133333,15.266666,9.502096,310500
1981-09-08,15.200000,15.200000,14.133333,14.366667,8.941925,470600
1981-09-09,14.366667,14.900000,14.200000,14.900000,9.273881,480300
1981-09-10,15.200000,16.000000,15.200000,16.000000,9.958530,463100
1981-09-11,16.000000,16.600000,15.600000,16.466667,10.248981,427500
1981-09-14,16.466667,16.466667,15.933333,16.333334,10.165997,282000
1981-09-15,16.333334,16.466667,15.766666,15.833333,9.854788,271500
1981-09-16,15.833333,16.000000,15.700000,15.866667,9.875542,293600
1981-09-17,15.866667,16.500000,15.833333,16.000000,9.958530,540300
1981-09-18,16.000000,16.600000,16.000000,16.133333,10.041512,635600
1981-09-21,16.133333,16.266666,15.966666,16.000000,9.958530,222300
1981-09-22,16.000000,16.333334,15.666667,15.666667,9.751059,280800
1981-09-23,15.066667,15.066667,14.466666,14.833333,9.232382,466800
1981-09-24,14.833333,15.033334,14.533334,14.666667,9.128648,602200
1981-09-25,14.600000,14.600000,13.733334,13.733334,8.547733,374200
1981-09-28,13.666667,13.666667,13.133333,13.666667,8.506245,437200
1981-09-29,13.666667,13.766666,13.333333,13.666667,8.506245,275600
1981-09-30,13.666667,13.966666,13.366667,13.933333,8.672223,223500
1981-10-01,14.400000,15.500000,14.400000,15.500000,9.647324,613100
1981-10-02,15.500000,15.900000,15.500000,15.666667,9.751059,503200
1981-10-05,15.666667,15.900000,15.333333,15.366667,9.564330,267300
1981-10-06,15.366667,15.800000,15.266666,15.633333,9.730313,308200
1981-10-07,16.500000,17.400000,16.500000,17.400000,10.829899,660000
1981-10-08,17.400000,17.933332,17.233334,17.466667,10.871393,457500
1981-10-09,17.466667,17.766666,17.233334,17.333334,10.788402,416600
1981-10-12,17.333334,17.333334,16.933332,17.133333,10.663919,282300
1981-10-13,17.133333,17.400000,16.866667,16.966667,10.560190,409500
1981-10-14,16.966667,16.966667,16.166666,16.166666,10.062260,484500
1981-10-15,16.166666,16.866667,15.600000,16.566668,10.311226,1438500
1981-10-16,16.566668,16.799999,16.233334,16.266666,10.124504,342300
1981-10-19,15.600000,15.600000,15.233334,15.433333,9.605834,421800
1981-10-20,15.433333,15.600000,14.966666,15.200000,9.460599,615300
1981-10-21,15.200000,15.333333,14.300000,14.300000,8.900437,420300
1981-10-22,13.866667,13.866667,12.800000,13.066667,8.132796,3779200
1981-10-23,13.066667,13.133333,12.200000,12.266666,7.634872,1525100
1981-10-26,12.200000,12.200000,11.733334,12.033334,7.489644,1299300
1981-10-27,12.133333,12.466666,12.133333,12.300000,7.655621,568500
1981-10-28,12.300000,12.500000,12.200000,12.466666,7.759355,472500
1981-10-29,12.466666,12.566667,12.200000,12.300000,7.655621,343100
1981-10-30,12.300000,12.600000,12.300000,12.600000,7.842339,662200
1981-11-02,12.666667,13.033334,12.666667,12.833333,7.987566,290600
1981-11-03,12.833333,12.866667,12.533334,12.566667,7.821592,205800
1981-11-04,12.566667,12.566667,12.433333,12.533334,7.800844,240700
1981-11-05,12.533334,12.700000,12.400000,12.466666,7.759355,212600
1981-11-06,12.466666,12.566667,12.366667,12.533334,7.800844,238800
1981-11-09,12.500000,12.500000,11.866667,12.000000,7.468894,273300
1981-11-10,12.066667,12.433333,12.066667,12.166667,7.572629,250500
1981-11-11,12.166667,12.333333,12.100000,12.300000,7.655621,457800
1981-11-12,12.366667,12.733334,12.366667,12.700000,7.904582,172100
1981-11-13,12.733334,13.266666,12.733334,12.800000,7.966823,351700
1981-11-16,12.733334,12.733334,12.500000,12.533334,7.800844,76500
1981-11-17,12.533334,12.733334,12.500000,12.733334,7.925330,108000
1981-11-18,12.733334,12.733334,12.600000,12.666667,7.883833,86200
1981-11-19,12.666667,12.933333,12.533334,12.800000,7.966823,280800
1981-11-20,12.833333,13.000000,12.833333,12.933333,8.049810,181100
1981-11-23,12.933333,13.100000,12.866667,12.866667,8.008317,151100
1981-11-24,12.866667,13.333333,12.833333,13.233334,8.236536,221600
1981-11-25,13.233334,13.266666,13.000000,13.033334,8.112051,238800
1981-11-27,13.033334,13.066667,12.833333,13.000000,8.091304,117700
1981-11-30,13.000000,13.166667,12.933333,13.166667,8.195038,136500
1981-12-01,13.133333,13.133333,12.900000,12.966666,8.070553,110200
1981-12-02,12.900000,12.900000,12.400000,12.433333,7.738605,259800
1981-12-03,12.466666,12.633333,12.466666,12.566667,7.821592,215200
1981-12-04,12.566667,12.733334,12.433333,12.433333,7.738605,116600
1981-12-07,12.433333,12.533334,12.133333,12.133333,7.551886,77600
1981-12-08,12.133333,12.166667,11.966666,12.066667,7.510390,108700
1981-12-09,12.066667,12.366667,12.066667,12.300000,7.655621,512600
1981-12-10,12.300000,12.333333,12.100000,12.233334,7.614125,255300
1981-12-11,12.133333,12.133333,11.833333,11.900000,7.406654,110200
1981-12-14,11.866667,11.866667,11.666667,11.666667,7.261430,113600
1981-12-15,11.666667,11.666667,11.566667,11.633333,7.240678,162000
1981-12-16,11.633333,11.800000,11.633333,11.766666,7.323667,186700
1981-12-17,11.766666,11.866667,11.700000,11.766666,7.323667,140600
1981-12-18,11.800000,12.000000,11.800000,11.833333,7.365160,149600
1981-12-21,11.833333,11.900000,11.800000,11.800000,7.344419,157100
1981-12-22,11.800000,11.933333,11.733334,11.833333,7.365160,80600
1981-12-23,11.833333,11.833333,11.733334,11.733334,7.302917,72700
1981-12-24,11.733334,11.766666,11.700000,11.766666,7.323667,43100
1981-12-28,11.766666,11.800000,11.700000,11.700000,7.282172,51000
1981-12-29,11.666667,11.666667,11.400000,11.433333,7.116195,276700
1981-12-30,11.433333,11.600000,11.366667,11.500000,7.157693,432300
1981-12-31,11.500000,11.533334,11.433333,11.500000,7.157693,197600
1982-01-04,11.500000,11.600000,11.466666,11.600000,7.219933,29600
1982-01-05,11.600000,11.600000,11.200000,11.200000,6.970971,113600
1982-01-06,11.200000,11.200000,10.800000,10.900000,6.784246,249700
1982-01-07,10.833333,10.833333,10.700000,10.800000,6.722008,563600
1982-01-08,10.800000,10.866667,10.733334,10.800000,6.722008,98200
1982-01-11,10.800000,10.866667,10.333333,10.466666,6.514537,545200
1982-01-12,10.366667,10.366667,10.133333,10.233334,6.369312,171700
1982-01-13,10.233334,10.233334,9.833333,9.866667,6.141092,176600
1982-01-14,9.866667,10.000000,9.766666,9.966666,6.203334,132300
1982-01-15,10.000000,10.166667,10.000000,10.066667,6.265574,144700
1982-01-18,10.000000,10.000000,9.600000,9.733334,6.058102,157100
1982-01-19,9.733334,9.866667,9.466666,9.466666,5.892131,224200
1982-01-20,9.466666,9.533334,9.333333,9.466666,5.892131,150700
1982-01-21,9.466666,9.533334,9.366667,9.500000,5.912874,222300
1982-01-22,9.500000,9.700000,9.500000,9.700000,6.037358,145500
1982-01-25,9.700000,9.766666,9.566667,9.733334,6.058102,56600
1982-01-26,9.733334,9.733334,9.600000,9.600000,5.975117,88500
1982-01-27,9.600000,9.733334,9.600000,9.633333,5.995862,76500
1982-01-28,9.633333,9.966666,9.633333,9.933333,6.182587,99000
1982-01-29,9.933333,10.133333,9.933333,10.133333,6.307070,130800
1982-02-01,10.033334,10.033334,9.900000,9.900000,6.161838,65600
1982-02-02,9.933333,10.266666,9.933333,10.266666,6.390055,93300
1982-02-03,10.333333,10.533334,10.333333,10.366667,6.452295,202800
1982-02-04,10.366667,10.400000,9.966666,10.066667,6.265574,198700
1982-02-05,10.066667,10.133333,9.800000,9.800000,6.099602,66700
1982-02-08,9.733334,9.733334,9.666667,9.700000,6.037358,193100
1982-02-09,9.700000,9.733334,9.366667,9.400000,5.850635,92200
1982-02-10,9.400000,9.600000,9.400000,9.533334,5.933623,76500
1982-02-11,9.533334,9.700000,9.466666,9.700000,6.037358,247800
1982-02-12,9.700000,9.833333,9.666667,9.733334,6.058102,37100
1982-02-16,9.666667,9.666667,9.533334,9.600000,5.975117,103500
1982-02-17,9.533334,9.533334,9.400000,9.433333,5.871381,99700
1982-02-18,9.433333,9.533334,9.433333,9.466666,5.892131,100500
1982-02-19,9.466666,9.533334,9.433333,9.533334,5.933623,119600
1982-02-22,9.600000,9.733334,9.600000,9.666667,6.016607,150300
1982-02-23,9.666667,9.666667,9.466666,9.533334,5.933623,46800
1982-02-24,9.533334,9.533334,9.333333,9.466666,5.892131,130800
1982-02-25,9.466666,9.566667,9.400000,9.466666,5.892131,30300
1982-02-26,9.433333,9.433333,9.333333,9.333333,5.809140,87300
1982-03-01,9.300000,9.300000,9.233334,9.233334,5.746902,95600
1982-03-02,9.233334,9.300000,9.233334,9.233334,5.746902,138700
1982-03-03,9.233334,9.233334,8.933333,8.933333,5.560178,126000
1982-03-04,8.933333,8.933333,8.666667,8.666667,5.394201,103100
1982-03-05,8.666667,8.800000,8.500000,8.500000,5.290469,150000
1982-03-08,8.500000,8.533334,8.200000,8.200000,5.103744,406500
1982-03-09,8.200000,8.200000,7.866667,8.200000,5.103744,273700
1982-03-10,8.166667,8.166667,8.033334,8.033334,5.000009,85500
1982-03-11,8.033334,8.166667,8.000000,8.033334,5.000009,73500
1982-03-12,8.033334,8.033334,7.766667,7.833333,4.875529,90700
1982-03-15,7.833333,8.000000,7.766667,7.966667,4.958516,96300
1982-03-16,8.033334,8.266666,8.033334,8.100000,5.041505,145100
1982-03-17,8.100000,8.200000,8.033334,8.166667,5.082998,26600
1982-03-18,8.166667,8.533334,8.133333,8.533334,5.311213,139800
1982-03-19,8.566667,8.700000,8.566667,8.566667,5.331960,358800
1982-03-22,8.600000,8.933333,8.600000,8.900000,5.539429,65200
1982-03-23,8.966666,9.200000,8.966666,9.200000,5.726151,108000
1982-03-24,9.200000,9.300000,9.066667,9.166667,5.705402,108300
1982-03-25,9.166667,9.233334,9.066667,9.100000,5.663914,210300
1982-03-26,9.066667,9.066667,8.933333,8.966666,5.580924,50600
1982-03-29,8.866667,8.866667,8.800000,8.800000,5.477191,81700
1982-03-30,8.800000,8.900000,8.700000,8.700000,5.414949,40100
1982-03-31,8.733334,8.866667,8.733334,8.800000,5.477191,43800
1982-04-01,8.800000,9.166667,8.733334,9.166667,5.705402,68200
1982-04-02,9.166667,9.366667,9.133333,9.366667,5.829891,106500
1982-04-05,9.500000,9.600000,9.500000,9.566667,5.954370,76100
1982-04-06,9.566667,9.566667,9.366667,9.433333,5.871381,102000
1982-04-07,9.466666,9.666667,9.466666,9.500000,5.912874,113200
1982-04-08,9.500000,9.600000,9.400000,9.600000,5.975117,30300
1982-04-12,9.566667,9.566667,9.500000,9.566667,5.954370,46800
1982-04-13,9.600000,9.733334,9.600000,9.733334,6.058102,56600
1982-04-14,9.733334,9.966666,9.733334,9.966666,6.203334,83600
1982-04-15,9.966666,10.100000,9.866667,10.100000,6.286321,156300
1982-04-16,10.100000,10.166667,10.033334,10.066667,6.265574,263200
1982-04-19,10.066667,10.100000,9.900000,9.900000,6.161838,248200
1982-04-20,9.900000,9.933333,9.800000,9.833333,6.120347,112100
1982-04-21,9.833333,9.833333,9.666667,9.833333,6.120347,75000
1982-04-22,9.833333,9.933333,9.800000,9.866667,6.141092,36300
1982-04-23,9.866667,10.000000,9.833333,10.000000,6.224082,127500
1982-04-26,10.000000,10.066667,9.866667,10.000000,6.224082,31800
1982-04-27,10.033334,10.200000,10.033334,10.100000,6.286321,53600
1982-04-28,10.100000,10.133333,9.666667,9.666667,6.016607,172100
1982-04-29,9.666667,9.733334,9.233334,9.266666,5.767649,629200
1982-04-30,9.266666,9.333333,9.133333,9.200000,5.726151,51700
1982-05-03,9.200000,9.300000,9.166667,9.200000,5.726151,20600
1982-05-04,9.333333,9.533334,9.333333,9.466666,5.892131,61500
1982-05-05,9.533334,9.700000,9.533334,9.533334,5.933623,138300
1982-05-06,9.533334,9.633333,9.466666,9.500000,5.912874,45000
1982-05-07,9.500000,9.566667,9.366667,9.366667,5.829891,58100
1982-05-10,9.333333,9.333333,9.233334,9.233334,5.746902,30000
1982-05-11,9.233334,9.533334,9.200000,9.433333,5.871381,54300
1982-05-12,9.433333,9.433333,9.333333,9.333333,5.809140,69700
1982-05-13,9.333333,9.333333,9.166667,9.266666,5.767649,33000
1982-05-14,9.266666,9.366667,9.266666,9.333333,5.809140,19800
1982-05-17,9.333333,9.333333,9.300000,9.300000,5.788397,25800
1982-05-18,9.300000,9.400000,9.300000,9.333333,5.809140,45000
1982-05-19,9.333333,9.400000,9.300000,9.333333,5.809140,38200
1982-05-20,9.300000,9.300000,9.233334,9.233334,5.746902,57000
1982-05-21,9.233334,9.300000,9.166667,9.233334,5.746902,104600
1982-05-24,9.233334,9.233334,9.166667,9.200000,5.726151,40800
1982-05-25,9.200000,9.300000,9.133333,9.133333,5.684658,42300
1982-05-26,9.133333,9.166667,9.033334,9.100000,5.663914,39700
1982-05-27,9.033334,9.033334,8.933333,9.000000,5.601669,80200
1982-05-28,8.933333,8.933333,8.900000,8.900000,5.539429,40500
1982-06-01,8.866667,8.866667,8.666667,8.666667,5.394201,133500
1982-06-02,8.666667,8.666667,8.433333,8.533334,5.311213,219300
1982-06-03,8.533334,8.700000,8.466666,8.700000,5.414949,25800
1982-06-04,8.700000,8.766666,8.666667,8.700000,5.414949,77200
1982-06-07,8.700000,8.766666,8.500000,8.500000,5.290469,57700
1982-06-08,8.500000,8.533334,8.433333,8.433333,5.248975,146200
1982-06-09,8.433333,8.466666,8.366667,8.433333,5.248975,45700
1982-06-10,8.433333,8.466666,8.333333,8.400000,5.228224,35200
1982-06-11,8.400000,8.633333,8.333333,8.466666,5.269719,91800
1982-06-14,8.466666,8.500000,8.366667,8.366667,5.207480,127100
1982-06-15,8.333333,8.333333,8.233334,8.266666,5.145239,60000
1982-06-16,8.266666,8.366667,8.233334,8.233334,5.124491,45000
1982-06-17,8.233334,8.233334,7.766667,7.833333,4.875529,141300
1982-06-18,7.800000,7.800000,7.633333,7.666667,4.771794,233200
1982-06-21,7.533333,7.533333,7.400000,7.400000,4.605818,117000
1982-06-22,7.400000,7.866667,7.366667,7.866667,4.896276,210000
1982-06-23,7.866667,7.933333,7.766667,7.866667,4.896276,254200
1982-06-24,7.866667,7.933333,7.866667,7.900000,4.917025,256800
1982-06-25,7.900000,8.166667,7.900000,8.166667,5.082998,45000
1982-06-28,8.166667,8.333333,8.133333,8.300000,5.165987,106500
1982-06-29,8.300000,8.433333,8.300000,8.333333,5.186734,110600
1982-06-30,8.566667,8.666667,8.566667,8.633333,5.373456,105700
1982-07-01,8.666667,8.800000,8.666667,8.700000,5.414949,86200
1982-07-02,8.700000,8.733334,8.666667,8.733334,5.435697,58800
1982-07-06,8.666667,8.666667,8.566667,8.600000,5.352708,51700
1982-07-07,8.466666,8.466666,8.133333,8.133333,5.062252,163100
1982-07-08,8.133333,8.200000,7.833333,8.000000,4.979265,392200
1982-07-09,8.000000,8.400000,8.000000,8.233334,5.124491,311600
1982-07-12,8.666667,8.800000,8.666667,8.700000,5.414949,205100
1982-07-13,8.700000,9.066667,8.700000,8.900000,5.539429,87000
1982-07-14,8.900000,8.933333,8.500000,8.500000,5.290469,44600
1982-07-15,8.600000,8.700000,8.600000,8.633333,5.373456,78000
1982-07-16,8.633333,8.733334,8.500000,8.500000,5.290469,86600
1982-07-19,8.500000,8.600000,8.500000,8.533334,5.311213,48300
1982-07-20,8.533334,8.766666,8.500000,8.766666,5.456442,97800
1982-07-21,9.066667,9.333333,9.066667,9.100000,5.663914,187800
1982-07-22,9.100000,9.300000,9.066667,9.300000,5.788397,89600
1982-07-23,9.366667,9.500000,9.366667,9.500000,5.912874,66300
1982-07-26,9.333333,9.333333,9.166667,9.200000,5.726151,120000
1982-07-27,9.200000,9.266666,9.133333,9.133333,5.684658,81300
1982-07-28,9.133333,9.133333,8.866667,8.866667,5.518682,87000
1982-07-29,8.733334,8.733334,8.566667,8.600000,5.352708,70800
1982-07-30,8.633333,8.700000,8.633333,8.633333,5.373456,31500
1982-08-02,8.700000,8.900000,8.700000,8.900000,5.539429,109100
1982-08-03,9.000000,9.266666,9.000000,9.233334,5.746902,98200
1982-08-04,9.166667,9.166667,9.066667,9.100000,5.663914,174000
1982-08-05,9.100000,9.133333,9.000000,9.066667,5.643166,64500
1982-08-06,9.100000,9.433333,9.100000,9.266666,5.767649,316800
1982-08-09,9.200000,9.200000,9.000000,9.066667,5.643166,249000
1982-08-10,9.066667,9.133333,9.000000,9.133333,5.684658,223500
1982-08-11,9.133333,9.133333,9.066667,9.066667,5.643166,204300
1982-08-12,9.066667,9.066667,8.866667,8.866667,5.518682,184100
1982-08-13,8.866667,8.966666,8.833333,8.900000,5.539429,63700
1982-08-16,8.966666,9.133333,8.966666,9.100000,5.663914,26200
1982-08-17,9.100000,9.466666,9.033334,9.433333,5.871381,115100
1982-08-18,9.533334,9.800000,9.533334,9.533334,5.933623,205500
1982-08-19,9.533334,9.633333,9.500000,9.600000,5.975117,252700
1982-08-20,9.866667,10.233334,9.866667,10.233334,6.369312,180700
1982-08-23,10.233334,10.733334,10.233334,10.666667,6.639020,304100
1982-08-24,10.800000,11.033334,10.800000,10.966666,6.825737,614200
1982-08-25,10.966666,11.166667,10.933333,11.133333,6.929470,439100
1982-08-26,11.133333,11.733334,11.100000,11.233334,6.991718,718800
1982-08-27,11.233334,11.266666,11.066667,11.066667,6.887980,157500
1982-08-30,11.066667,11.133333,10.966666,11.133333,6.929470,376800
1982-08-31,11.133333,11.433333,11.100000,11.333333,7.053956,101200
1982-09-01,11.333333,11.400000,11.300000,11.366667,7.074702,121500
1982-09-02,11.366667,11.666667,11.300000,11.533334,7.178439,150000
1982-09-03,11.533334,12.066667,11.533334,11.900000,7.406654,364500
1982-09-07,12.000000,12.333333,12.000000,12.133333,7.551886,376500
1982-09-08,12.133333,12.266666,12.033334,12.133333,7.551886,359200
1982-09-09,12.133333,12.133333,11.900000,11.933333,7.427403,380600
1982-09-10,11.933333,12.133333,11.866667,12.133333,7.551886,1027100
1982-09-13,12.133333,12.166667,11.666667,11.900000,7.406654,1240100
1982-09-14,11.900000,12.000000,11.733334,11.733334,7.302917,527600
1982-09-15,11.533334,11.533334,11.333333,11.533334,7.178439,486000
1982-09-16,11.533334,11.533334,11.333333,11.400000,7.095450,385500
1982-09-17,11.400000,11.600000,11.366667,11.600000,7.219933,414000
1982-09-20,11.600000,11.600000,11.466666,11.533334,7.178439,198700
1982-09-21,11.533334,11.800000,11.466666,11.766666,7.323667,459700
1982-09-22,11.766666,12.000000,11.666667,11.700000,7.282172,485600
1982-09-23,11.533334,11.533334,11.066667,11.200000,6.970971,196100
1982-09-24,11.200000,11.266666,10.466666,10.533334,6.556033,243000
1982-09-27,10.533334,10.533334,10.333333,10.333333,6.431544,351700
1982-09-28,10.333333,10.333333,10.066667,10.133333,6.307070,225000
1982-09-29,10.066667,10.066667,9.700000,9.733334,6.058102,122600
1982-09-30,9.733334,9.766666,9.633333,9.700000,6.037358,161600
1982-10-01,9.700000,10.066667,9.700000,10.033334,6.244825,131200
1982-10-04,10.033334,10.166667,9.866667,10.033334,6.244825,113600
1982-10-05,10.100000,10.333333,10.100000,10.266666,6.390055,35200
1982-10-06,10.333333,10.600000,10.333333,10.500000,6.535286,156700
1982-10-07,10.933333,11.200000,10.933333,11.033334,6.867238,350200
1982-10-08,11.033334,11.333333,11.033334,11.166667,6.950218,153700
1982-10-11,11.366667,11.700000,11.366667,11.566667,7.199186,155200
1982-10-12,11.700000,12.133333,11.700000,11.866667,7.385907,449600
1982-10-13,11.866667,12.200000,11.866667,12.000000,7.468894,198300
1982-10-14,12.066667,12.333333,12.066667,12.066667,7.510390,990700
1982-10-15,12.066667,12.166667,12.000000,12.033334,7.489644,257600
1982-10-18,12.033334,12.133333,11.900000,11.900000,7.406654,299200
1982-10-19,11.933333,12.100000,11.933333,12.000000,7.468894,768300
1982-10-20,12.000000,12.000000,11.733334,11.900000,7.406654,206600
1982-10-21,11.900000,12.133333,11.533334,11.766666,7.323667,318700
1982-10-22,11.733334,11.733334,11.466666,11.466666,7.136947,214800
1982-10-25,11.400000,11.400000,10.866667,10.866667,6.763499,309000
1982-10-26,10.866667,11.000000,10.766666,11.000000,6.846493,255700
1982-10-27,11.000000,11.200000,10.933333,11.066667,6.887980,367800
1982-10-28,11.066667,11.133333,10.633333,10.733334,6.680512,922500
1982-10-29,10.733334,10.800000,10.500000,10.666667,6.639020,248200
1982-11-01,10.666667,11.033334,10.666667,11.033334,6.867238,219700
1982-11-02,11.033334,11.166667,10.933333,11.133333,6.929470,484100
1982-11-03,11.133333,11.400000,11.133333,11.266666,7.012461,283500
1982-11-04,11.666667,12.100000,11.666667,11.766666,7.323667,265100
1982-11-05,11.766666,11.900000,11.633333,11.833333,7.365160,220500
1982-11-08,11.700000,11.700000,11.433333,11.433333,7.116195,331800
1982-11-09,11.433333,11.466666,11.233334,11.333333,7.053956,390000
1982-11-10,11.366667,11.700000,11.366667,11.633333,7.240678,227600
1982-11-11,11.633333,11.766666,11.533334,11.766666,7.323667,86200
1982-11-12,11.800000,12.000000,11.800000,11.866667,7.385907,252000
1982-11-15,11.866667,11.900000,11.766666,11.833333,7.365160,109100
1982-11-16,11.833333,11.833333,11.633333,11.733334,7.302917,157100
1982-11-17,11.733334,11.866667,11.666667,11.866667,7.385907,100800
1982-11-18,11.866667,11.933333,11.733334,11.866667,7.385907,289800
1982-11-19,11.866667,12.000000,11.600000,11.600000,7.219933,142100
1982-11-22,11.600000,11.666667,11.000000,11.200000,6.970971,88800
1982-11-23,11.166667,11.166667,10.933333,10.933333,6.804991,110200
1982-11-24,10.933333,11.033334,10.866667,10.933333,6.804991,195000
1982-11-26,10.933333,11.333333,10.833333,11.266666,7.012461,91100
1982-11-29,11.333333,11.600000,11.333333,11.433333,7.116195,106500
1982-11-30,11.500000,12.133333,11.500000,12.133333,7.551886,156000
1982-12-01,12.133333,12.733334,11.866667,12.466666,7.759355,358100
1982-12-02,12.466666,12.733334,12.400000,12.600000,7.842339,213300
1982-12-03,12.633333,12.800000,12.633333,12.766666,7.946072,89600
1982-12-06,12.766666,13.166667,12.700000,13.166667,8.195038,146600
1982-12-07,13.200000,13.566667,13.200000,13.233334,8.236536,250800
1982-12-08,13.233334,13.233334,12.866667,12.866667,8.008317,183000
1982-12-09,12.833333,12.833333,12.600000,12.733334,7.925330,507000
1982-12-10,12.733334,12.933333,12.733334,12.866667,8.008317,129700
1982-12-13,12.866667,13.300000,12.866667,13.300000,8.278030,119200
1982-12-14,13.300000,13.733334,12.800000,12.933333,8.049810,323600
1982-12-15,12.933333,13.000000,12.600000,12.666667,7.883833,278200
1982-12-16,12.666667,12.866667,12.666667,12.733334,7.925330,144300
1982-12-17,12.800000,13.066667,12.800000,13.000000,8.091304,104200
1982-12-20,13.033334,13.266666,13.033334,13.066667,8.132796,129300
1982-12-21,13.100000,13.566667,13.100000,13.566667,8.444004,157500
1982-12-22,13.633333,13.933333,13.633333,13.766666,8.568483,235500
1982-12-23,13.766666,13.866667,13.633333,13.833333,8.609976,194200
1982-12-27,13.833333,14.366667,13.800000,14.300000,8.900437,310500
1982-12-28,14.300000,14.400000,14.166667,14.266666,8.879687,259800
1982-12-29,14.266666,14.633333,14.166667,14.566667,9.066414,264300
1982-12-30,14.566667,14.800000,14.533334,14.733334,9.170145,217500
1982-12-31,14.733334,14.766666,14.533334,14.666667,9.128648,138000
1983-01-03,14.666667,15.033334,14.433333,14.433333,8.983422,176200
1983-01-04,14.433333,14.500000,14.200000,14.366667,8.941925,257200
1983-01-05,14.400000,14.733334,14.400000,14.533334,9.045664,277100
1983-01-06,14.533334,15.466666,14.533334,15.366667,9.564330,721100
1983-01-07,15.366667,15.733334,14.933333,15.600000,9.709563,711300
1983-01-10,15.600000,16.533333,15.600000,16.466667,10.248981,717000
1983-01-11,16.366667,16.366667,15.766666,15.866667,9.875542,387000
1983-01-12,15.866667,16.333334,15.800000,16.166666,10.062260,636700
1983-01-13,16.166666,16.333334,15.900000,15.900000,9.896288,519700
1983-01-14,15.800000,15.800000,15.533334,15.600000,9.709563,717700
1983-01-17,15.600000,15.833333,15.100000,15.166667,9.439856,461200
1983-01-18,15.166667,15.266666,14.866667,15.200000,9.460599,231700
1983-01-19,15.200000,15.366667,14.866667,15.066667,9.377613,297700
1983-01-20,14.966666,14.966666,14.666667,14.833333,9.232382,173600
1983-01-21,14.733334,14.733334,14.600000,14.666667,9.128648,701600
1983-01-24,14.400000,14.400000,13.900000,14.133333,8.796698,282300
1983-01-25,14.366667,14.500000,14.366667,14.466666,9.004165,303300
1983-01-26,14.466666,14.666667,14.400000,14.533334,9.045664,637100
1983-01-27,14.766666,15.066667,14.766666,14.933333,9.294627,397500
1983-01-28,15.100000,15.433333,15.100000,15.366667,9.564330,517100
1983-01-31,15.500000,15.800000,15.500000,15.800000,9.834050,524200
1983-02-01,15.800000,15.833333,15.200000,15.200000,9.460599,284600
1983-02-02,15.200000,15.333333,14.933333,15.133333,9.419111,237000
1983-02-03,15.133333,15.166667,15.000000,15.066667,9.377613,164600
1983-02-04,15.066667,15.133333,14.800000,15.066667,9.377613,169500
1983-02-07,15.066667,15.333333,14.866667,15.200000,9.460599,1326000
1983-02-08,15.200000,15.200000,14.933333,15.000000,9.336125,93300
1983-02-09,15.033334,15.333333,15.033334,15.100000,9.398362,45300
1983-02-10,15.166667,15.733334,15.166667,15.533334,9.668075,245200
1983-02-11,15.533334,15.733334,15.366667,15.433333,9.605834,447700
1983-02-14,15.433333,15.633333,15.366667,15.500000,9.647324,470200
1983-02-15,15.500000,15.633333,15.233334,15.300000,9.522843,249000
1983-02-16,15.300000,15.466666,15.200000,15.333333,9.543588,127100
1983-02-17,15.333333,15.533334,15.066667,15.066667,9.377613,114700
1983-02-18,15.000000,15.000000,14.800000,14.966666,9.315371,146600
1983-02-22,14.833333,14.833333,14.400000,14.533334,9.045664,190100
1983-02-23,14.266666,14.266666,14.000000,14.066667,8.755202,246700
1983-02-24,14.066667,14.933333,14.066667,14.933333,9.294627,367800
1983-02-25,14.933333,15.000000,14.266666,14.400000,8.962671,319800
1983-02-28,13.733334,13.733334,13.466666,13.466666,8.381759,367500
1983-03-01,13.466666,13.866667,13.366667,13.733334,8.547733,1063100
1983-03-02,13.733334,13.933333,13.700000,13.766666,8.568483,716600
1983-03-03,13.766666,14.066667,13.766666,14.066667,8.755202,535800
1983-03-04,14.066667,14.200000,14.000000,14.133333,8.796698,338200
1983-03-07,14.133333,14.266666,14.000000,14.200000,8.838193,298800
1983-03-08,14.200000,14.266666,14.000000,14.066667,8.755202,433500
1983-03-09,14.066667,14.200000,14.000000,14.133333,8.796698,456000
1983-03-10,14.133333,14.300000,14.000000,14.000000,8.713713,431200
1983-03-11,13.866667,13.866667,13.700000,13.833333,8.609976,325100
1983-03-14,13.833333,14.033334,13.633333,14.033334,8.734458,83200
1983-03-15,14.033334,14.066667,13.733334,13.766666,8.568483,84000
1983-03-16,13.766666,13.866667,13.400000,13.533334,8.423255,231700
1983-03-17,13.533334,13.566667,13.233334,13.333333,8.298775,562500
1983-03-18,13.333333,13.333333,13.133333,13.300000,8.278030,227600
1983-03-21,13.233334,13.233334,12.933333,13.233334,8.236536,131200
1983-03-22,13.233334,13.366667,13.100000,13.166667,8.195038,130500
1983-03-23,13.166667,13.166667,12.933333,13.133333,8.174291,153700
1983-03-24,13.133333,13.466666,13.100000,13.200000,8.215780,301100
1983-03-25,13.200000,13.366667,13.200000,13.300000,8.278030,126700
1983-03-28,13.233334,13.233334,13.000000,13.133333,8.174291,40800
1983-03-29,13.133333,13.266666,13.066667,13.233334,8.236536,144300
1983-03-30,13.300000,13.433333,13.300000,13.433333,8.361021,118100
1983-03-31,13.600000,13.933333,13.600000,13.800000,8.589231,184500
1983-04-04,13.800000,14.133333,13.600000,14.133333,8.796698,359600
1983-04-05,14.133333,14.400000,14.133333,14.266666,8.879687,131600
1983-04-06,14.366667,14.400000,14.200000,14.300000,8.900437,94800
1983-04-07,14.300000,14.400000,14.133333,14.400000,8.962671,43100
1983-04-08,14.133333,14.366667,14.033334,14.333333,8.921182,163100
1983-04-11,14.400000,14.666667,14.366667,14.633333,9.107903,276700
1983-04-12,14.733334,14.800000,14.666667,14.666667,9.128648,118500
1983-04-13,14.766666,14.833333,14.533334,14.600000,9.087151,204000
1983-04-14,14.666667,14.866667,14.400000,14.866667,9.253130,249000
1983-04-15,14.900000,14.900000,14.466666,14.533334,9.045664,416200
1983-04-18,14.733334,14.800000,14.666667,14.666667,9.128648,130500
1983-04-19,14.666667,14.733334,14.300000,14.300000,8.900437,266600
1983-04-20,14.400000,14.600000,14.333333,14.533334,9.045664,63700
1983-04-21,14.633333,14.633333,14.133333,14.400000,8.962671,315000
1983-04-22,14.400000,14.400000,14.066667,14.233334,8.858939,134600
1983-04-25,14.500000,14.666667,14.333333,14.400000,8.962671,119600
1983-04-26,14.500000,14.666667,14.333333,14.666667,9.128648,63000
1983-04-27,14.566667,14.733334,14.400000,14.533334,9.045664,905200
1983-04-28,14.500000,14.600000,14.400000,14.533334,9.045664,167200
1983-04-29,14.366667,14.400000,14.333333,14.400000,8.962671,136800
1983-05-02,14.266666,14.500000,14.000000,14.266666,8.879687,468000
1983-05-03,14.400000,14.466666,14.333333,14.466666,9.004165,109500
1983-05-04,14.633333,14.800000,14.466666,14.633333,9.107903,487500
1983-05-05,14.600000,14.666667,14.533334,14.533334,9.045664,754100
1983-05-06,14.466666,14.800000,14.433333,14.766666,9.190891,284600
1983-05-09,14.666667,15.133333,14.633333,14.866667,9.253130,501300
1983-05-10,15.000000,15.400000,14.966666,15.400000,9.585088,532500
1983-05-11,15.333333,15.400000,15.066667,15.066667,9.377613,258000
1983-05-12,15.200000,15.200000,14.666667,14.866667,9.253130,925800
1983-05-13,14.800000,15.000000,14.800000,14.900000,9.273881,169500
1983-05-16,14.966666,14.966666,14.733334,14.800000,9.211636,111300
1983-05-17,14.966666,15.133333,14.800000,15.133333,9.419111,226800
1983-05-18,15.200000,15.566667,15.133333,15.333333,9.543588,397500
1983-05-19,15.533334,15.566667,15.066667,15.400000,9.585088,223100
1983-05-20,15.266666,15.366667,15.066667,15.133333,9.419111,217100
1983-05-23,15.200000,15.466666,15.033334,15.366667,9.564330,128600
1983-05-24,15.400000,15.866667,15.333333,15.833333,9.854788,279700
1983-05-25,16.000000,16.000000,15.733334,15.833333,9.854788,279000
1983-05-26,15.933333,15.966666,15.666667,15.666667,9.751059,218600
1983-05-27,15.733334,15.733334,15.266666,15.266666,9.502096,169500
1983-05-31,15.333333,15.800000,15.200000,15.200000,9.460599,124800
1983-06-01,14.733334,15.066667,14.733334,15.066667,9.377613,355500
1983-06-02,15.200000,15.200000,14.966666,15.066667,9.377613,70100
1983-06-03,15.166667,15.466666,15.100000,15.333333,9.543588,195700
1983-06-06,15.233334,15.233334,14.966666,15.066667,9.377613,57000
1983-06-07,15.000000,15.000000,14.833333,14.866667,9.253130,88100
1983-06-08,14.933333,14.933333,14.800000,14.933333,9.294627,149600
1983-06-09,15.000000,15.400000,14.966666,15.400000,9.585088,169500
1983-06-10,15.333333,15.400000,15.300000,15.333333,9.543588,78700
1983-06-13,15.366667,15.533334,15.333333,15.500000,9.647324,69700
1983-06-14,15.433333,15.566667,15.266666,15.266666,9.502096,169100
1983-06-15,15.200000,15.266666,15.100000,15.266666,9.502096,66000
1983-06-16,15.200000,15.433333,14.866667,14.900000,9.273881,336000
1983-06-17,14.933333,14.933333,14.666667,14.700000,9.149394,108700
1983-06-20,14.766666,14.766666,14.400000,14.666667,9.128648,169800
1983-06-21,14.733334,14.866667,14.666667,14.866667,9.253130,153700
1983-06-22,14.866667,15.000000,14.700000,14.933333,9.294627,67100
1983-06-23,14.866667,14.900000,14.733334,14.833333,9.232382,132700
1983-06-24,14.833333,14.833333,14.700000,14.800000,9.211636,73800
1983-06-27,14.666667,14.766666,14.333333,14.533334,9.045664,112800
1983-06-28,14.600000,14.600000,14.133333,14.166667,8.817448,67100
1983-06-29,14.066667,14.133333,13.933333,14.100000,8.775952,68200
1983-06-30,14.033334,14.266666,13.866667,14.000000,8.713713,93000
1983-07-01,14.133333,14.433333,14.066667,14.433333,8.983422,118100
1983-07-05,14.366667,14.433333,14.266666,14.266666,8.879687,112500
1983-07-06,14.266666,14.466666,14.266666,14.466666,9.004165,44200
1983-07-07,14.633333,15.133333,14.600000,14.933333,9.294627,132000
1983-07-08,15.000000,15.033334,14.733334,14.733334,9.170145,301500
1983-07-11,14.933333,15.166667,14.866667,15.066667,9.377613,66700
1983-07-12,15.066667,15.066667,14.866667,14.866667,9.253130,58800
1983-07-13,14.933333,14.933333,14.733334,14.933333,9.294627,109500
1983-07-14,14.933333,15.000000,14.733334,14.733334,9.170145,47600
1983-07-15,14.666667,14.866667,14.400000,14.400000,8.962671,158200
1983-07-18,14.466666,14.500000,14.066667,14.200000,8.838193,265500
1983-07-19,14.266666,14.466666,14.266666,14.400000,8.962671,88800
1983-07-20,14.600000,14.933333,14.600000,14.933333,9.294627,265800
1983-07-21,14.933333,15.300000,14.933333,15.066667,9.377613,138300
1983-07-22,15.066667,15.200000,14.933333,15.100000,9.398362,93700
1983-07-25,15.033334,15.333333,15.000000,15.333333,9.543588,44200
1983-07-26,15.466666,15.666667,15.466666,15.566667,9.688820,161200
1983-07-27,15.666667,15.833333,15.600000,15.600000,9.709563,370100
1983-07-28,15.666667,15.666667,15.500000,15.533334,9.668075,44200
1983-07-29,15.533334,15.533334,15.333333,15.433333,9.605834,111700
1983-08-01,15.266666,15.433333,15.266666,15.333333,9.543588,42300
1983-08-02,15.333333,15.533334,15.300000,15.500000,9.647324,108700
1983-08-03,15.400000,15.666667,15.366667,15.466666,9.626577,115800
1983-08-04,15.400000,15.466666,15.233334,15.266666,9.502096,73800
1983-08-05,15.333333,15.400000,15.333333,15.400000,9.585088,93300
1983-08-08,15.333333,15.400000,15.166667,15.233334,9.481346,79500
1983-08-09,15.200000,15.200000,15.066667,15.200000,9.460599,208800
1983-08-10,15.200000,15.266666,15.066667,15.266666,9.502096,71200
1983-08-11,15.233334,15.300000,15.000000,15.166667,9.439856,59200
1983-08-12,15.100000,15.233334,15.033334,15.200000,9.460599,51300
1983-08-15,15.200000,15.533334,15.200000,15.466666,9.626577,77200
1983-08-16,15.533334,15.666667,15.400000,15.566667,9.688820,70800
1983-08-17,15.666667,15.733334,15.533334,15.666667,9.751059,121800
1983-08-18,15.666667,15.733334,15.233334,15.400000,9.585088,100800
1983-08-19,15.266666,15.333333,15.066667,15.300000,9.522843,57000
1983-08-22,15.466666,15.666667,15.366667,15.366667,9.564330,106500
1983-08-23,15.266666,15.600000,15.266666,15.400000,9.585088,121800
1983-08-24,15.300000,15.533334,15.233334,15.266666,9.502096,66000
1983-08-25,15.266666,15.333333,15.200000,15.333333,9.543588,46800
1983-08-26,15.400000,15.666667,15.400000,15.666667,9.751059,41600
1983-08-29,15.700000,16.233334,15.700000,16.233334,10.103755,292100
1983-08-30,16.100000,16.200001,16.000000,16.033333,9.979277,86200
1983-08-31,15.966666,15.966666,15.833333,15.833333,9.854788,144000
1983-09-01,15.900000,15.933333,15.633333,15.633333,9.730313,163100
1983-09-02,15.633333,15.866667,15.600000,15.800000,9.834050,84000
1983-09-06,15.866667,16.133333,15.866667,16.100000,10.020763,120000
1983-09-07,15.966666,16.033333,15.533334,15.600000,9.709563,228700
1983-09-08,15.600000,15.666667,15.400000,15.533334,9.668075,132700
1983-09-09,15.600000,15.733334,15.466666,15.666667,9.751059,53600
1983-09-12,15.733334,16.000000,15.400000,15.400000,9.585088,318700
1983-09-13,15.433333,15.433333,14.766666,14.900000,9.273881,459300
1983-09-14,14.800000,14.900000,14.533334,14.733334,9.170145,323200
1983-09-15,14.666667,14.666667,14.333333,14.400000,8.962671,164600
1983-09-16,13.933333,14.266666,13.933333,14.266666,8.879687,151800
1983-09-19,14.133333,14.500000,14.133333,14.433333,8.983422,87300
1983-09-20,14.500000,14.633333,14.466666,14.500000,9.024915,154100
1983-09-21,14.266666,14.466666,14.266666,14.266666,8.879687,144000
1983-09-22,14.200000,14.266666,14.000000,14.033334,8.734458,106100
1983-09-23,14.200000,14.300000,13.966666,14.100000,8.775952,123300
1983-09-26,14.166667,14.333333,14.066667,14.266666,8.879687,170600
1983-09-27,14.300000,14.366667,14.066667,14.133333,8.796698,65200
1983-09-28,14.200000,14.233334,14.066667,14.066667,8.755202,84300
1983-09-29,14.066667,14.133333,13.266666,13.333333,8.298775,471700
1983-09-30,13.266666,13.333333,12.800000,12.866667,8.008317,186700
1983-10-03,12.400000,12.533334,12.133333,12.466666,7.759355,194200
1983-10-04,12.533334,12.666667,12.466666,12.500000,7.780100,143600
1983-10-05,12.433333,12.600000,12.333333,12.600000,7.842339,598100
1983-10-06,12.600000,12.600000,12.400000,12.533334,7.800844,280100
1983-10-07,12.533334,13.133333,12.533334,13.066667,8.132796,229500
1983-10-10,13.000000,13.233334,12.933333,13.233334,8.236536,58800
1983-10-11,13.233334,13.333333,13.066667,13.166667,8.195038,97800
1983-10-12,13.100000,13.333333,13.066667,13.200000,8.215780,47200
1983-10-13,13.300000,13.400000,13.266666,13.366667,8.319521,90000
1983-10-14,13.300000,13.500000,13.300000,13.466666,8.381759,112800
1983-10-17,13.466666,13.466666,13.233334,13.233334,8.236536,142500
1983-10-18,13.100000,13.166667,13.000000,13.066667,8.132796,75000
1983-10-19,13.066667,13.200000,12.933333,13.166667,8.195038,177700
1983-10-20,13.000000,13.066667,12.566667,12.700000,7.904582,96000
1983-10-21,12.700000,12.733334,12.266666,12.533334,7.800844,141000
1983-10-24,12.533334,13.433333,12.400000,13.433333,8.361021,530200
1983-10-25,13.366667,13.533334,13.100000,13.200000,8.215780,192700
1983-10-26,13.166667,13.300000,12.833333,13.100000,8.153547,136500
1983-10-27,12.866667,12.866667,12.566667,12.800000,7.966823,207000
1983-10-28,12.733334,12.866667,12.600000,12.800000,7.966823,82800
1983-10-31,12.666667,12.733334,12.566667,12.566667,7.821592,100500
1983-11-01,12.500000,12.600000,12.333333,12.433333,7.738605,144000
1983-11-02,12.600000,12.666667,12.533334,12.533334,7.800844,234000
1983-11-03,12.566667,12.566667,12.333333,12.400000,7.717859,163100
1983-11-04,12.466666,12.500000,12.433333,12.466666,7.759355,69700
1983-11-07,12.466666,12.466666,12.300000,12.300000,7.655621,94800
1983-11-08,12.300000,12.466666,12.300000,12.400000,7.717859,97500
1983-11-09,12.466666,12.766666,12.400000,12.533334,7.800844,127500
1983-11-10,12.666667,13.066667,12.666667,13.066667,8.132796,90700
1983-11-11,12.933333,13.200000,12.933333,13.133333,8.174291,160100
1983-11-14,13.333333,13.600000,13.333333,13.500000,8.402510,52500
1983-11-15,13.666667,13.666667,13.600000,13.666667,8.506245,96300
1983-11-16,13.866667,13.866667,13.233334,13.400000,8.340264,171700
1983-11-17,13.333333,13.500000,13.200000,13.333333,8.298775,108700
1983-11-18,13.200000,13.333333,13.066667,13.266666,8.257277,74600
1983-11-21,13.000000,13.500000,13.000000,13.333333,8.298775,332200
1983-11-22,13.366667,13.566667,13.333333,13.500000,8.402510,63700
1983-11-23,13.600000,13.666667,13.466666,13.533334,8.423255,151500
1983-11-25,13.333333,13.666667,13.333333,13.600000,8.464746,99000
1983-11-28,13.866667,14.133333,13.866667,13.966666,8.692965,177000
1983-11-29,14.066667,14.133333,13.933333,14.133333,8.796698,266200
1983-11-30,14.200000,14.533334,14.200000,14.500000,9.024915,353200
1983-12-01,14.333333,14.566667,14.333333,14.533334,9.045664,186700
1983-12-02,14.733334,14.800000,14.400000,14.400000,8.962671,71200
1983-12-05,14.466666,14.600000,14.433333,14.600000,9.087151,103100
1983-12-06,14.466666,14.500000,14.400000,14.433333,8.983422,159000
1983-12-07,14.500000,14.533334,14.400000,14.500000,9.024915,556800
1983-12-08,14.533334,14.666667,14.400000,14.400000,8.962671,314200
1983-12-09,14.300000,14.333333,14.066667,14.066667,8.755202,571100
1983-12-12,14.100000,14.100000,13.866667,13.900000,8.651464,148100
1983-12-13,13.866667,14.033334,13.766666,13.933333,8.672223,115500
1983-12-14,14.066667,14.266666,14.066667,14.066667,8.755202,91500
1983-12-15,13.866667,13.933333,13.733334,13.766666,8.568483,153300
1983-12-16,13.766666,13.933333,13.766666,13.800000,8.589231,65200
1983-12-19,13.800000,13.800000,13.600000,13.666667,8.506245,97500
1983-12-20,13.733334,13.733334,13.566667,13.566667,8.444004,166800
1983-12-21,13.600000,13.600000,13.433333,13.433333,8.361021,105300
1983-12-22,13.433333,13.733334,13.400000,13.666667,8.506245,146600
1983-12-23,13.600000,13.666667,13.533334,13.533334,8.423255,136100
1983-12-27,13.666667,13.666667,13.533334,13.533334,8.423255,82800
1983-12-28,13.600000,13.666667,13.533334,13.533334,8.423255,152600
1983-12-29,13.600000,13.666667,13.533334,13.533334,8.423255,64500
1983-12-30,13.600000,13.600000,13.533334,13.533334,8.423255,148500
1984-01-03,13.466666,13.466666,13.400000,13.466666,8.381759,172800
1984-01-04,13.533334,13.600000,13.400000,13.400000,8.340264,283100
1984-01-05,13.400000,13.433333,13.300000,13.400000,8.340264,216000
1984-01-06,13.266666,13.266666,12.800000,12.933333,8.049810,166500
1984-01-09,12.800000,12.933333,12.700000,12.866667,8.008317,403800
1984-01-10,12.933333,12.933333,12.666667,12.733334,7.925330,249700
1984-01-11,12.800000,12.800000,12.666667,12.733334,7.925330,129700
1984-01-12,12.666667,12.766666,12.666667,12.733334,7.925330,114000
1984-01-13,12.733334,12.766666,12.600000,12.666667,7.883833,107200
1984-01-16,12.600000,12.633333,12.500000,12.633333,7.863086,84000
1984-01-17,12.600000,12.733334,12.600000,12.666667,7.883833,45700
1984-01-18,12.666667,12.733334,12.633333,12.633333,7.863086,137200
1984-01-19,12.600000,12.733334,12.600000,12.733334,7.925330,116600
1984-01-20,12.733334,12.800000,12.633333,12.666667,7.883833,124800
1984-01-23,12.733334,12.733334,12.600000,12.600000,7.842339,88500
1984-01-24,12.666667,12.700000,12.600000,12.600000,7.842339,118800
1984-01-25,12.600000,12.733334,12.466666,12.466666,7.759355,205800
1984-01-26,12.533334,12.933333,12.466666,12.933333,8.049810,362200
1984-01-27,12.866667,12.866667,12.400000,12.500000,7.780100,293200
1984-01-30,12.566667,12.566667,12.300000,12.300000,7.655621,264700
1984-01-31,12.533334,12.600000,12.366667,12.533334,7.800844,656600
1984-02-01,12.666667,12.933333,12.666667,12.900000,8.029060,577500
1984-02-02,13.333333,13.400000,13.266666,13.333333,8.298775,546700
1984-02-03,13.333333,13.466666,13.333333,13.366667,8.319521,730500
1984-02-06,13.300000,13.300000,13.066667,13.233334,8.236536,207300
1984-02-07,13.066667,13.200000,12.933333,13.033334,8.112051,123700
1984-02-08,13.000000,13.000000,12.600000,12.666667,7.883833,200600
1984-02-09,12.666667,12.666667,12.266666,12.400000,7.717859,142500
1984-02-10,12.333333,12.466666,12.200000,12.333333,7.676367,56600
1984-02-13,12.266666,12.400000,12.266666,12.266666,7.634872,67500
1984-02-14,12.300000,12.500000,12.266666,12.333333,7.676367,81000
1984-02-15,12.333333,12.600000,12.333333,12.466666,7.759355,440200
1984-02-16,12.400000,12.600000,12.400000,12.466666,7.759355,190100
1984-02-17,12.500000,12.500000,12.333333,12.400000,7.717859,80600
1984-02-21,12.733334,12.866667,12.633333,12.766666,7.946072,250800
1984-02-22,13.066667,13.400000,13.000000,13.400000,8.340264,426000
1984-02-23,13.400000,13.933333,13.366667,13.933333,8.672223,732700
1984-02-24,13.866667,14.466666,13.866667,14.200000,8.838193,378700
1984-02-27,14.166667,14.633333,14.166667,14.533334,9.045664,321700
1984-02-28,14.400000,14.500000,14.266666,14.333333,8.921182,207000
1984-02-29,14.333333,14.333333,14.033334,14.200000,8.838193,87700
1984-03-01,14.133333,14.200000,13.933333,13.933333,8.672223,126000
1984-03-02,14.066667,14.333333,14.066667,14.333333,8.921182,174000
1984-03-05,14.533334,14.566667,14.400000,14.466666,9.004165,462700
1984-03-06,14.400000,14.533334,14.200000,14.433333,8.983422,237000
1984-03-07,14.433333,14.433333,14.133333,14.200000,8.838193,453700
1984-03-08,13.866667,14.333333,13.833333,14.266666,8.879687,218600
1984-03-09,14.200000,14.266666,14.133333,14.266666,8.879687,448500
1984-03-12,14.333333,14.333333,14.200000,14.233334,8.858939,60000
1984-03-13,14.300000,14.500000,14.266666,14.400000,8.962671,616500
1984-03-14,14.466666,14.500000,14.066667,14.066667,8.755202,415100
1984-03-15,14.000000,14.066667,13.933333,14.000000,8.713713,99700
1984-03-16,14.133333,14.133333,13.733334,13.866667,8.630725,87700
1984-03-19,13.933333,13.933333,13.600000,13.666667,8.506245,58500
1984-03-20,13.733334,13.733334,13.400000,13.533334,8.423255,285000
1984-03-21,13.566667,13.666667,13.566667,13.600000,8.464746,72700
1984-03-22,13.666667,13.866667,13.633333,13.733334,8.547733,135000
1984-03-23,13.733334,13.733334,13.600000,13.733334,8.547733,324000
1984-03-26,13.666667,13.733334,13.600000,13.600000,8.464746,223100
1984-03-27,13.600000,13.666667,13.600000,13.600000,8.464746,43500
1984-03-28,13.600000,13.866667,13.566667,13.866667,8.630725,159000
1984-03-29,13.866667,13.866667,13.800000,13.833333,8.609976,48000
1984-03-30,13.800000,13.833333,13.666667,13.666667,8.506245,58100
1984-04-02,13.600000,13.800000,13.600000,13.800000,8.589231,83200
1984-04-03,13.733334,13.733334,13.600000,13.633333,8.485496,32600
1984-04-04,13.566667,13.700000,13.566667,13.633333,8.485496,24300
1984-04-05,13.600000,13.600000,13.433333,13.433333,8.361021,69700
1984-04-06,13.400000,13.566667,13.333333,13.500000,8.402510,37500
1984-04-09,13.666667,13.833333,13.600000,13.700000,8.526994,152600
1984-04-10,13.766666,13.766666,13.600000,13.633333,8.485496,51300
1984-04-11,13.666667,13.800000,13.600000,13.733334,8.547733,326600
1984-04-12,13.666667,13.833333,13.600000,13.833333,8.609976,89600
1984-04-13,13.833333,13.833333,13.466666,13.466666,8.381759,53200
1984-04-16,13.400000,13.466666,13.266666,13.466666,8.381759,114000
1984-04-17,13.400000,13.400000,13.266666,13.400000,8.340264,29600
1984-04-18,13.400000,13.666667,13.300000,13.366667,8.319521,246700
1984-04-19,13.400000,13.400000,13.200000,13.200000,8.215780,60300
1984-04-23,13.266666,13.400000,13.233334,13.333333,8.298775,124800
1984-04-24,13.333333,13.333333,13.166667,13.200000,8.215780,97800
1984-04-25,13.200000,13.266666,13.066667,13.066667,8.132796,83600
1984-04-26,13.000000,13.000000,12.900000,12.900000,8.029060,105300
1984-04-27,12.900000,12.966666,12.900000,12.933333,8.049810,102000
1984-04-30,12.866667,12.933333,12.666667,12.766666,7.946072,117300
1984-05-01,12.800000,13.000000,12.800000,12.800000,7.966823,121500
1984-05-02,12.900000,13.000000,12.833333,12.833333,7.987566,18000
1984-05-03,12.900000,12.933333,12.833333,12.933333,8.049810,20200
1984-05-04,13.000000,13.000000,12.833333,12.866667,8.008317,54000
1984-05-07,12.900000,13.000000,12.833333,12.900000,8.029060,60000
1984-05-08,12.866667,12.966666,12.866667,12.900000,8.029060,92200
1984-05-09,12.966666,12.966666,12.666667,12.733334,7.925330,97100
1984-05-10,12.666667,12.766666,12.633333,12.700000,7.904582,122200
1984-05-11,12.766666,12.766666,12.333333,12.400000,7.717859,192700
1984-05-14,12.333333,12.333333,11.933333,12.133333,7.551886,216000
1984-05-15,12.133333,12.166667,11.866667,11.933333,7.427403,162300
1984-05-16,11.966666,11.966666,11.733334,11.766666,7.323667,139500
1984-05-17,11.866667,12.133333,11.866667,12.066667,7.510390,111700
1984-05-18,11.933333,11.966666,11.866667,11.933333,7.427403,114000
1984-05-21,12.000000,12.200000,11.966666,11.966666,7.448150,42300
1984-05-22,11.900000,12.133333,11.900000,12.066667,7.510390,102300
1984-05-23,12.066667,12.066667,12.000000,12.066667,7.510390,33300
1984-05-24,12.033334,12.066667,11.800000,11.833333,7.365160,298800
1984-05-25,11.933333,12.000000,11.800000,11.800000,7.344419,313100
1984-05-29,11.766666,11.766666,11.633333,11.700000,7.282172,60700
1984-05-30,11.600000,11.600000,11.333333,11.333333,7.053956,163800
1984-05-31,11.266666,11.266666,10.733334,10.766666,6.701259,179600
1984-06-01,11.066667,11.533334,11.066667,11.333333,7.053956,390700
1984-06-04,11.333333,11.333333,11.066667,11.133333,6.929470,408300
1984-06-05,11.166667,11.166667,11.066667,11.100000,6.908731,106500
1984-06-06,11.066667,11.166667,10.933333,11.166667,6.950218,34800
1984-06-07,11.133333,11.133333,11.000000,11.066667,6.887980,29600
1984-06-08,11.066667,11.066667,10.733334,10.800000,6.722008,100100
1984-06-11,10.700000,10.766666,10.400000,10.433333,6.493787,194600
1984-06-12,10.500000,10.533334,10.333333,10.400000,6.473041,163500
1984-06-13,10.333333,10.400000,10.266666,10.300000,6.410803,218600
1984-06-14,10.333333,10.433333,10.266666,10.266666,6.390055,55500
1984-06-15,10.266666,10.266666,9.900000,9.966666,6.203334,98600
1984-06-18,9.900000,10.266666,9.900000,10.200000,6.348564,99700
1984-06-19,10.233334,10.266666,10.133333,10.166667,6.327815,136800
1984-06-20,10.000000,10.066667,9.966666,10.000000,6.224082,78300
1984-06-21,9.900000,9.933333,9.866667,9.900000,6.161838,114700
1984-06-22,9.900000,9.900000,9.766666,9.833333,6.120347,24000
1984-06-25,9.866667,9.866667,9.700000,9.800000,6.099602,130800
1984-06-26,9.733334,9.766666,9.600000,9.733334,6.058102,30300
1984-06-27,9.733334,9.800000,9.700000,9.733334,6.058102,75000
1984-06-28,9.733334,9.800000,9.666667,9.733334,6.058102,72000
1984-06-29,9.800000,9.900000,9.700000,9.866667,6.141092,314600
1984-07-02,9.900000,9.933333,9.833333,9.933333,6.182587,75000
1984-07-03,9.866667,9.866667,9.733334,9.766666,6.078851,195700
1984-07-05,9.600000,9.600000,9.000000,9.066667,5.643166,1111800
1984-07-06,8.933333,9.133333,8.666667,9.066667,5.643166,264700
1984-07-09,9.133333,9.133333,8.966666,9.066667,5.643166,237300
1984-07-10,9.133333,9.333333,9.066667,9.066667,5.643166,131600
1984-07-11,9.066667,9.266666,9.000000,9.066667,5.643166,74600
1984-07-12,9.000000,9.000000,8.800000,8.800000,5.477191,321700
1984-07-13,8.866667,9.266666,8.866667,9.266666,5.767649,100500
1984-07-16,9.333333,9.400000,9.066667,9.400000,5.850635,130800
1984-07-17,9.466666,9.533334,9.266666,9.433333,5.871381,163800
1984-07-18,9.400000,9.400000,9.066667,9.133333,5.684658,141300
1984-07-19,9.200000,9.200000,9.000000,9.066667,5.643166,43500
1984-07-20,9.066667,9.066667,8.800000,8.800000,5.477191,285000
1984-07-23,8.666667,8.866667,8.333333,8.733334,5.435697,207300
1984-07-24,8.733334,8.733334,8.533334,8.533334,5.311213,113200
1984-07-25,8.466666,8.533334,8.333333,8.533334,5.311213,210300
1984-07-26,8.533334,8.600000,8.333333,8.400000,5.228224,76500
1984-07-27,8.333333,8.666667,8.266666,8.666667,5.394201,121100
1984-07-30,8.600000,8.600000,8.466666,8.500000,5.290469,84000
1984-07-31,8.500000,8.600000,8.500000,8.600000,5.352708,234300
1984-08-01,8.533334,8.566667,8.433333,8.566667,5.331960,196800
1984-08-02,8.600000,9.133333,8.533334,9.066667,5.643166,1435800
1984-08-03,9.200000,10.066667,9.200000,9.800000,6.099602,666000
1984-08-06,9.800000,10.200000,9.400000,9.400000,5.850635,286800
1984-08-07,9.266666,9.466666,9.133333,9.200000,5.726151,107200
1984-08-08,9.233334,9.300000,8.733334,8.733334,5.435697,95200
1984-08-09,8.733334,9.000000,8.666667,8.933333,5.560178,347200
1984-08-10,9.333333,9.800000,9.333333,9.666667,6.016607,1387100
1984-08-13,9.600000,10.000000,9.600000,9.933333,6.182587,139500
1984-08-14,10.133333,10.333333,10.133333,10.233334,6.369312,278600
1984-08-15,10.066667,10.433333,10.066667,10.400000,6.473041,384700
1984-08-16,10.400000,10.400000,10.066667,10.200000,6.348564,780700
1984-08-17,10.266666,10.266666,10.100000,10.133333,6.307070,85800
1984-08-20,10.133333,10.200000,10.066667,10.133333,6.307070,91500
1984-08-21,10.033334,10.133333,9.666667,9.733334,6.058102,162300
1984-08-22,9.666667,9.800000,9.400000,9.800000,6.099602,130800
1984-08-23,9.866667,10.000000,9.666667,9.800000,6.099602,204000
1984-08-24,9.866667,9.866667,9.666667,9.766666,6.078851,373100
1984-08-27,9.800000,9.800000,9.533334,9.566667,5.954370,36000
1984-08-28,9.666667,9.800000,9.600000,9.800000,6.099602,98600
1984-08-29,9.866667,10.233334,9.866667,10.133333,6.307070,489700
1984-08-30,10.133333,10.133333,10.066667,10.100000,6.286321,67100
1984-08-31,10.133333,10.266666,10.133333,10.266666,6.390055,26200
1984-09-04,10.066667,10.133333,10.033334,10.100000,6.286321,235100
1984-09-05,10.100000,10.200000,10.100000,10.133333,6.307070,149600
1984-09-06,10.133333,10.300000,10.133333,10.300000,6.410803,129000
1984-09-07,10.266666,10.300000,10.033334,10.066667,6.265574,422200
1984-09-10,10.066667,10.100000,9.800000,9.966666,6.203334,109100
1984-09-11,10.066667,10.133333,9.866667,9.866667,6.141092,43100
1984-09-12,9.800000,9.866667,9.733334,9.800000,6.099602,62200
1984-09-13,9.733334,9.733334,9.666667,9.700000,6.037358,48300
1984-09-14,9.766666,9.866667,9.466666,9.466666,5.892131,192300
1984-09-17,9.466666,9.466666,9.200000,9.266666,5.767649,93000
1984-09-18,9.266666,9.333333,9.233334,9.333333,5.809140,162300
1984-09-19,9.333333,9.333333,9.200000,9.200000,5.726151,161200
1984-09-20,9.133333,9.400000,9.133333,9.400000,5.850635,175800
1984-09-21,9.533334,9.800000,9.500000,9.666667,6.016607,349500
1984-09-24,9.733334,9.800000,9.666667,9.666667,6.016607,44600
1984-09-25,9.600000,9.666667,9.466666,9.600000,5.975117,66700
1984-09-26,9.666667,9.800000,9.400000,9.533334,5.933623,144300
1984-09-27,9.566667,9.666667,9.566667,9.566667,5.954370,47200
1984-09-28,9.533334,9.533334,9.333333,9.466666,5.892131,129000
1984-10-01,9.466666,9.733334,9.466666,9.600000,5.975117,76800
1984-10-02,9.666667,9.700000,9.533334,9.600000,5.975117,64800
1984-10-03,9.666667,9.966666,9.666667,9.800000,6.099602,202100
1984-10-04,9.766666,10.000000,9.766666,9.900000,6.161838,88100
1984-10-05,9.900000,9.966666,9.766666,9.866667,6.141092,162000
1984-10-08,9.833333,9.833333,9.733334,9.800000,6.099602,49800
1984-10-09,9.766666,9.833333,9.700000,9.700000,6.037358,79100
1984-10-10,9.633333,9.666667,9.400000,9.433333,5.871381,136800
1984-10-11,9.466666,9.500000,9.366667,9.366667,5.829891,123000
1984-10-12,9.366667,9.500000,9.266666,9.333333,5.809140,150700
1984-10-15,9.333333,9.400000,9.266666,9.333333,5.809140,285000
1984-10-16,9.333333,9.400000,9.333333,9.333333,5.809140,31800
1984-10-17,9.300000,9.400000,9.300000,9.300000,5.788397,82800
1984-10-18,9.266666,9.433333,9.200000,9.400000,5.850635,96700
1984-10-19,9.466666,9.566667,9.400000,9.433333,5.871381,135700
1984-10-22,9.433333,9.433333,9.333333,9.333333,5.809140,44600
1984-10-23,9.333333,9.600000,9.333333,9.533334,5.933623,80600
1984-10-24,9.466666,9.533334,9.400000,9.400000,5.850635,166500
1984-10-25,9.400000,9.566667,9.333333,9.466666,5.892131,246300
1984-10-26,9.400000,9.466666,9.333333,9.400000,5.850635,170200
1984-10-29,9.333333,9.500000,9.333333,9.500000,5.912874,124500
1984-10-30,9.466666,9.566667,9.466666,9.566667,5.954370,45700
1984-10-31,9.600000,9.633333,9.500000,9.500000,5.912874,23200
1984-11-01,9.500000,9.800000,9.500000,9.733334,6.058102,173600
1984-11-02,10.066667,10.333333,10.033334,10.333333,6.431544,378700
1984-11-05,10.400000,10.733334,10.400000,10.666667,6.639020,258300
1984-11-06,10.733334,10.766666,10.633333,10.733334,6.680512,406800
1984-11-07,10.700000,10.833333,10.700000,10.800000,6.722008,117000
1984-11-08,10.666667,10.866667,10.666667,10.800000,6.722008,301800
1984-11-09,10.833333,10.933333,10.800000,10.800000,6.722008,361800
1984-11-12,10.800000,10.866667,10.800000,10.866667,6.763499,111000
1984-11-13,10.933333,11.033334,10.933333,10.933333,6.804991,217800
1984-11-14,10.933333,10.966666,10.833333,10.833333,6.742750,167600
1984-11-15,10.800000,10.833333,10.766666,10.800000,6.722008,132300
1984-11-16,10.766666,10.800000,10.733334,10.800000,6.722008,264700
1984-11-19,10.733334,10.766666,10.700000,10.700000,6.659763,135700
1984-11-20,10.700000,10.733334,10.700000,10.733334,6.680512,37500
1984-11-21,10.700000,10.700000,10.500000,10.600000,6.597523,95600
1984-11-23,10.533334,10.666667,10.533334,10.600000,6.597523,93300
1984-11-26,10.633333,10.633333,10.400000,10.433333,6.493787,97500
1984-11-27,10.366667,10.366667,9.966666,10.000000,6.224082,229100
1984-11-28,9.866667,9.933333,9.600000,9.600000,5.975117,356600
1984-11-29,9.600000,9.733334,9.533334,9.533334,5.933623,85800
1984-11-30,9.600000,9.666667,9.533334,9.666667,6.016607,98200
1984-12-03,9.600000,9.666667,9.533334,9.566667,5.954370,75300
1984-12-04,9.600000,9.700000,9.600000,9.633333,5.995862,90700
1984-12-05,9.600000,9.700000,9.600000,9.666667,6.016607,72700
1984-12-06,9.666667,9.800000,9.666667,9.700000,6.037358,114000
1984-12-07,9.700000,9.800000,9.700000,9.733334,6.058102,102700
1984-12-10,9.666667,9.700000,9.600000,9.600000,5.975117,85100
1984-12-11,9.600000,9.666667,9.600000,9.666667,6.016607,36700
1984-12-12,9.700000,9.733334,9.633333,9.666667,6.016607,46800
1984-12-13,9.600000,9.600000,9.433333,9.466666,5.892131,270300
1984-12-14,9.500000,9.566667,9.400000,9.500000,5.912874,355500
1984-12-17,9.366667,9.566667,9.366667,9.566667,5.954370,233200
1984-12-18,9.466666,9.566667,9.466666,9.566667,5.954370,684700
1984-12-19,9.533334,9.533334,9.300000,9.366667,5.829891,475100
1984-12-20,9.300000,9.333333,9.166667,9.233334,5.746902,205800
1984-12-21,9.200000,9.233334,9.133333,9.166667,5.705402,181100
1984-12-24,9.200000,9.400000,9.166667,9.366667,5.829891,508800
1984-12-26,9.333333,9.466666,9.333333,9.433333,5.871381,79500
1984-12-27,9.433333,9.466666,9.300000,9.300000,5.788397,1057800
1984-12-28,9.433333,9.433333,9.366667,9.433333,5.871381,135700
1984-12-31,9.400000,9.566667,9.400000,9.566667,5.954370,96000
1985-01-02,9.533334,9.633333,9.533334,9.566667,5.954370,115500
1985-01-03,9.533334,9.700000,9.466666,9.700000,6.037358,128600
1985-01-04,9.700000,9.700000,9.600000,9.666667,6.016607,135300
1985-01-07,9.600000,9.766666,9.600000,9.733334,6.058102,148800
1985-01-08,9.733334,9.766666,9.733334,9.766666,6.078851,80600
1985-01-09,9.700000,9.866667,9.700000,9.766666,6.078851,139500
1985-01-10,9.766666,9.833333,9.766666,9.833333,6.120347,91500
1985-01-11,9.800000,9.900000,9.800000,9.900000,6.161838,69300
1985-01-14,9.866667,10.133333,9.800000,10.066667,6.265574,287600
1985-01-15,10.066667,10.333333,10.066667,10.300000,6.410803,232500
1985-01-16,10.233334,10.300000,10.166667,10.233334,6.369312,48700
1985-01-17,10.166667,10.233334,10.133333,10.200000,6.348564,43500
1985-01-18,10.166667,10.500000,10.166667,10.500000,6.535286,95600
1985-01-21,10.433333,10.866667,10.433333,10.833333,6.742750,207000
1985-01-22,10.800000,10.933333,10.700000,10.733334,6.680512,424500
1985-01-23,10.733334,10.933333,10.700000,10.933333,6.804991,298800
1985-01-24,10.866667,10.933333,10.866667,10.866667,6.763499,287200
1985-01-25,10.900000,10.900000,10.700000,10.800000,6.722008,172800
1985-01-28,10.800000,10.800000,10.633333,10.733334,6.680512,202800
1985-01-29,10.800000,10.933333,10.766666,10.933333,6.804991,229500
1985-01-30,11.000000,11.266666,10.966666,11.266666,7.012461,819000
1985-01-31,11.333333,11.866667,11.300000,11.800000,7.344419,488600
1985-02-01,11.733334,11.733334,11.566667,11.666667,7.261430,331800
1985-02-04,11.466666,11.466666,11.233334,11.300000,7.033212,190500
1985-02-05,11.233334,11.500000,11.233334,11.433333,7.116195,312300
1985-02-06,11.466666,11.600000,11.466666,11.500000,7.157693,158600
1985-02-07,11.533334,11.733334,11.500000,11.733334,7.302917,209200
1985-02-08,11.733334,12.166667,11.633333,11.633333,7.240678,268500
1985-02-11,11.600000,11.700000,11.600000,11.633333,7.240678,283500
1985-02-12,11.700000,11.700000,11.566667,11.633333,7.240678,57300
1985-02-13,11.566667,11.733334,11.533334,11.733334,7.302917,64100
1985-02-14,11.666667,11.800000,11.633333,11.633333,7.240678,582000
1985-02-15,11.633333,11.700000,11.633333,11.633333,7.240678,79100
1985-02-19,11.600000,11.633333,11.533334,11.533334,7.178439,51700
1985-02-20,11.533334,11.566667,11.500000,11.500000,7.157693,63300
1985-02-21,11.466666,11.466666,11.333333,11.333333,7.053956,202800
1985-02-22,11.333333,11.433333,11.300000,11.333333,7.053956,136100
1985-02-25,11.233334,11.266666,11.133333,11.266666,7.012461,823500
1985-02-26,11.233334,11.333333,11.200000,11.233334,6.991718,468700
1985-02-27,11.300000,11.433333,11.266666,11.366667,7.074702,107200
1985-02-28,11.433333,11.433333,11.233334,11.366667,7.074702,423000
1985-03-01,11.333333,11.466666,11.333333,11.466666,7.136947,164600
1985-03-04,11.400000,11.400000,11.333333,11.366667,7.074702,51700
1985-03-05,11.366667,11.366667,11.266666,11.266666,7.012461,77200
1985-03-06,11.200000,11.300000,11.200000,11.233334,6.991718,211800
1985-03-07,11.300000,11.300000,11.200000,11.266666,7.012461,154800
1985-03-08,11.300000,11.333333,11.200000,11.200000,6.970971,239200
1985-03-11,11.166667,11.166667,11.100000,11.100000,6.908731,91500
1985-03-12,11.066667,11.166667,11.066667,11.133333,6.929470,75300
1985-03-13,11.200000,11.266666,11.033334,11.033334,6.867238,547100
1985-03-14,11.033334,11.066667,10.966666,10.966666,6.825737,16100
1985-03-15,10.900000,10.900000,10.600000,10.666667,6.639020,318300
1985-03-18,10.666667,10.733334,10.500000,10.600000,6.597523,262500
1985-03-19,10.933333,11.166667,10.600000,11.100000,6.908731,862800
1985-03-20,11.033334,11.133333,10.966666,11.000000,6.846493,323200
1985-03-21,11.100000,11.266666,11.066667,11.133333,6.929470,322100
1985-03-22,11.166667,11.166667,11.033334,11.133333,6.929470,166500
1985-03-25,11.133333,11.133333,11.100000,11.100000,6.908731,62200
1985-03-26,11.200000,11.266666,11.133333,11.200000,6.970971,255000
1985-03-27,11.366667,11.533334,11.333333,11.500000,7.157693,211500
1985-03-28,11.566667,11.700000,11.566667,11.666667,7.261430,124500
1985-03-29,11.666667,11.833333,11.666667,11.800000,7.344419,60700
1985-04-01,11.700000,11.700000,11.633333,11.633333,7.240678,80600
1985-04-02,11.700000,11.733334,11.566667,11.566667,7.199186,150700
1985-04-03,11.600000,11.733334,11.566667,11.600000,7.219933,152200
1985-04-04,11.666667,11.733334,11.600000,11.600000,7.219933,95200
1985-04-08,11.666667,11.800000,11.633333,11.633333,7.240678,144000
1985-04-09,11.633333,11.733334,11.600000,11.633333,7.240678,40100
1985-04-10,11.766666,11.800000,11.666667,11.666667,7.261430,259500
1985-04-11,11.700000,11.833333,11.666667,11.800000,7.344419,330700
1985-04-12,11.800000,11.866667,11.700000,11.800000,7.344419,288000
1985-04-15,11.866667,12.200000,11.866667,12.200000,7.593379,360000
1985-04-16,12.266666,12.466666,12.233334,12.400000,7.717859,227600
1985-04-17,12.400000,12.433333,12.333333,12.333333,7.676367,67500
1985-04-18,12.333333,12.400000,12.333333,12.333333,7.676367,96300
1985-04-19,12.333333,12.333333,12.300000,12.333333,7.676367,75300
1985-04-22,12.266666,12.333333,12.066667,12.100000,7.531137,225000
1985-04-23,12.033334,12.100000,11.933333,12.066667,7.510390,91100
1985-04-24,12.100000,12.100000,11.833333,11.866667,7.385907,82800
1985-04-25,11.800000,11.933333,11.733334,11.933333,7.427403,137600
1985-04-26,11.933333,12.000000,11.633333,11.666667,7.261430,169500
1985-04-29,11.600000,11.833333,11.600000,11.800000,7.344419,33300
1985-04-30,11.800000,11.833333,11.766666,11.800000,7.344419,129300
1985-05-01,11.766666,11.800000,11.733334,11.733334,7.302917,74200
1985-05-02,11.766666,11.833333,11.733334,11.800000,7.344419,252300
1985-05-03,11.766666,11.833333,11.766666,11.800000,7.344419,190800
1985-05-06,11.800000,11.966666,11.800000,11.866667,7.385907,159300
1985-05-07,11.866667,12.000000,11.866667,12.000000,7.468894,215600
1985-05-08,11.933333,12.000000,11.833333,11.866667,7.385907,72000
1985-05-09,11.900000,11.900000,11.833333,11.833333,7.365160,40800
1985-05-10,11.833333,12.000000,11.833333,11.900000,7.406654,76100
1985-05-13,11.866667,12.166667,11.866667,12.166667,7.572629,315300
1985-05-14,12.200000,12.266666,12.100000,12.133333,7.551886,410600
1985-05-15,12.100000,12.100000,12.000000,12.000000,7.468894,413600
1985-05-16,12.033334,12.033334,11.966666,11.966666,7.448150,102700
1985-05-17,12.000000,12.133333,12.000000,12.100000,7.531137,36300
1985-05-20,12.100000,12.200000,12.033334,12.100000,7.531137,323600
1985-05-21,12.066667,12.100000,12.033334,12.100000,7.531137,227600
1985-05-22,12.100000,12.100000,11.966666,12.000000,7.468894,491200
1985-05-23,11.966666,11.966666,11.866667,11.900000,7.406654,203600
1985-05-24,11.866667,11.933333,11.800000,11.800000,7.344419,240000
1985-05-28,11.866667,11.933333,11.766666,11.866667,7.385907,311600
1985-05-29,11.866667,12.000000,11.833333,11.933333,7.427403,272600
1985-05-30,11.900000,11.933333,11.866667,11.900000,7.406654,68600
1985-05-31,11.833333,12.033334,11.833333,12.033334,7.489644,150000
1985-06-03,12.033334,12.033334,11.833333,11.866667,7.385907,190100
1985-06-04,11.866667,11.966666,11.833333,11.866667,7.385907,798700
1985-06-05,11.900000,11.966666,11.766666,11.766666,7.323667,112500
1985-06-06,11.733334,11.900000,11.700000,11.833333,7.365160,241800
1985-06-07,11.800000,11.866667,11.800000,11.866667,7.385907,74600
1985-06-10,11.800000,11.800000,11.733334,11.733334,7.302917,105300
1985-06-11,11.700000,11.733334,11.666667,11.700000,7.282172,66700
1985-06-12,11.666667,11.766666,11.633333,11.666667,7.261430,237000
1985-06-13,11.666667,11.666667,11.366667,11.366667,7.074702,156300
1985-06-14,11.500000,11.566667,11.400000,11.566667,7.199186,171000
1985-06-17,11.500000,11.500000,11.400000,11.466666,7.136947,39700
1985-06-18,11.466666,11.700000,11.433333,11.633333,7.240678,189300
1985-06-19,11.633333,11.633333,11.500000,11.500000,7.157693,87300
1985-06-20,11.433333,11.433333,11.233334,11.233334,6.991718,75000
1985-06-21,11.200000,11.266666,11.033334,11.266666,7.012461,164200
1985-06-24,11.333333,11.366667,11.266666,11.300000,7.033212,60300
1985-06-25,11.266666,11.333333,11.266666,11.300000,7.033212,63700
1985-06-26,11.300000,11.366667,11.300000,11.333333,7.053956,15000
1985-06-27,11.300000,11.300000,11.100000,11.100000,6.908731,107600
1985-06-28,11.100000,11.200000,11.100000,11.133333,6.929470,86600
1985-07-01,11.066667,11.133333,10.966666,10.966666,6.825737,24000
1985-07-02,11.000000,11.033334,10.933333,10.933333,6.804991,141700
1985-07-03,11.000000,11.000000,10.733334,10.733334,6.680512,261300
1985-07-05,10.700000,11.000000,10.700000,11.000000,6.846493,256800
1985-07-08,10.933333,11.033334,10.800000,10.966666,6.825737,99300
1985-07-09,11.033334,11.333333,11.033334,11.266666,7.012461,129300
1985-07-10,11.266666,11.400000,11.266666,11.333333,7.053956,79500
1985-07-11,11.333333,11.500000,11.333333,11.433333,7.116195,166100
1985-07-12,11.433333,11.466666,11.333333,11.400000,7.095450,126300
1985-07-15,11.366667,11.366667,11.266666,11.333333,7.053956,256800
1985-07-16,11.366667,11.466666,11.166667,11.466666,7.136947,576700
1985-07-17,11.833333,12.033334,11.833333,12.000000,7.468894,698600
1985-07-18,11.933333,12.400000,11.866667,12.266666,7.634872,369300
1985-07-19,12.266666,12.266666,12.166667,12.266666,7.634872,279300
1985-07-22,12.233334,12.266666,12.166667,12.266666,7.634872,273300
1985-07-23,12.266666,12.466666,12.233334,12.300000,7.655621,335600
1985-07-24,12.333333,12.400000,11.866667,11.900000,7.406654,138300
1985-07-25,11.966666,12.200000,11.966666,12.000000,7.468894,75000
1985-07-26,12.100000,12.166667,12.033334,12.133333,7.551886,64100
1985-07-29,12.333333,12.366667,12.100000,12.133333,7.551886,214100
1985-07-30,12.100000,12.166667,11.800000,11.833333,7.365160,170600
1985-07-31,11.833333,11.966666,11.833333,11.933333,7.427403,224200
1985-08-01,11.933333,11.966666,11.833333,11.833333,7.365160,50200
1985-08-02,11.800000,11.800000,11.600000,11.600000,7.219933,87300
1985-08-05,11.666667,11.666667,11.600000,11.600000,7.219933,28800
1985-08-06,11.666667,11.800000,11.666667,11.666667,7.261430,141300
1985-08-07,11.666667,11.733334,11.666667,11.700000,7.282172,97100
1985-08-08,11.766666,11.800000,11.700000,11.766666,7.323667,51300
1985-08-09,11.766666,11.800000,11.700000,11.766666,7.323667,112100
1985-08-12,11.766666,12.000000,11.766666,11.933333,7.427403,84700
1985-08-13,11.966666,12.066667,11.933333,12.000000,7.468894,61800
1985-08-14,12.000000,12.133333,12.000000,12.033334,7.489644,63000
1985-08-15,12.100000,12.200000,12.100000,12.133333,7.551886,105300
1985-08-16,12.200000,12.433333,12.200000,12.266666,7.634872,63000
1985-08-19,12.400000,12.466666,12.300000,12.300000,7.655621,93000
1985-08-20,12.166667,12.300000,12.066667,12.166667,7.572629,228300
1985-08-21,12.133333,12.266666,12.133333,12.200000,7.593379,76100
1985-08-22,12.300000,12.300000,12.133333,12.133333,7.551886,99700
1985-08-23,12.133333,12.166667,12.033334,12.033334,7.489644,126000
1985-08-26,11.966666,11.966666,11.800000,11.900000,7.406654,24000
1985-08-27,12.000000,12.000000,11.933333,11.933333,7.427403,79100
1985-08-28,11.900000,11.966666,11.833333,11.900000,7.406654,174700
1985-08-29,11.966666,12.066667,11.933333,11.966666,7.448150,133100
1985-08-30,12.033334,12.133333,11.933333,12.066667,7.510390,142800
1985-09-03,12.100000,12.100000,12.000000,12.000000,7.468894,42300
1985-09-04,12.000000,12.033334,11.966666,11.966666,7.448150,57300
1985-09-05,11.966666,12.000000,11.900000,11.933333,7.427403,208100
1985-09-06,12.000000,12.000000,11.900000,11.933333,7.427403,42700
1985-09-09,11.900000,12.100000,11.866667,12.066667,7.510390,159000
1985-09-10,12.166667,12.466666,12.166667,12.266666,7.634872,219000
1985-09-11,12.200000,12.266666,12.133333,12.133333,7.551886,498700
1985-09-12,12.166667,12.166667,12.000000,12.000000,7.468894,67100
1985-09-13,12.033334,12.100000,12.033334,12.033334,7.489644,247800
1985-09-16,12.033334,12.100000,12.000000,12.033334,7.489644,25100
1985-09-17,12.000000,12.033334,11.600000,11.766666,7.323667,102300
1985-09-18,11.766666,11.766666,11.000000,11.266666,7.012461,166800
1985-09-19,11.200000,11.266666,11.000000,11.266666,7.012461,184500
1985-09-20,11.400000,11.566667,11.166667,11.166667,6.950218,192300
1985-09-23,11.333333,11.600000,11.333333,11.400000,7.095450,268100
1985-09-24,11.433333,11.733334,11.433333,11.666667,7.261430,193100
1985-09-25,11.666667,11.733334,11.633333,11.700000,7.282172,85500
1985-09-26,11.666667,11.666667,11.466666,11.500000,7.157693,132700
1985-09-30,11.466666,11.466666,11.233334,11.233334,6.991718,133100
1985-10-01,11.233334,11.266666,11.200000,11.200000,6.970971,230600
1985-10-02,11.266666,11.533334,11.266666,11.500000,7.157693,291700
1985-10-03,11.600000,11.866667,11.500000,11.766666,7.323667,586500
1985-10-04,11.833333,11.900000,11.700000,11.900000,7.406654,109500
1985-10-07,11.966666,12.066667,11.933333,12.066667,7.510390,183700
1985-10-08,12.033334,12.066667,11.933333,12.000000,7.468894,81300
1985-10-09,12.066667,12.100000,12.000000,12.066667,7.510390,76800
1985-10-10,12.033334,12.066667,11.900000,11.933333,7.427403,98200
1985-10-11,11.933333,11.933333,11.666667,11.866667,7.385907,132300
1985-10-14,11.866667,11.933333,11.800000,11.933333,7.427403,271100
1985-10-15,12.100000,12.166667,12.000000,12.166667,7.572629,43800
1985-10-16,12.166667,12.166667,12.000000,12.033334,7.489644,45300
1985-10-17,11.966666,12.033334,11.900000,11.900000,7.406654,108300
1985-10-18,11.900000,11.933333,11.866667,11.900000,7.406654,73500
1985-10-21,11.866667,11.900000,11.866667,11.900000,7.406654,28100
1985-10-22,11.866667,11.933333,11.866667,11.933333,7.427403,188200
1985-10-23,11.900000,12.133333,11.900000,12.100000,7.531137,279300
1985-10-24,12.066667,12.166667,12.066667,12.133333,7.551886,96700
1985-10-25,12.133333,12.133333,12.033334,12.033334,7.489644,44600
1985-10-28,12.000000,12.033334,11.966666,12.033334,7.489644,74600
1985-10-29,11.966666,12.066667,11.933333,12.000000,7.468894,60300
1985-10-30,12.033334,12.066667,12.000000,12.033334,7.489644,70800
1985-10-31,12.033334,12.033334,11.866667,11.900000,7.406654,113200
1985-11-01,11.933333,12.033334,11.833333,12.033334,7.489644,66000
1985-11-04,12.000000,12.000000,11.833333,11.866667,7.385907,76100
1985-11-05,11.866667,11.933333,11.733334,11.900000,7.406654,475800
1985-11-06,11.966666,12.000000,11.900000,11.933333,7.427403,90700
1985-11-07,11.900000,12.000000,11.766666,11.766666,7.323667,139800
1985-11-08,11.766666,11.933333,11.700000,11.933333,7.427403,106500
1985-11-11,11.866667,12.000000,11.733334,11.966666,7.448150,170600
1985-11-12,12.033334,12.033334,11.866667,11.900000,7.406654,138000
1985-11-13,11.933333,12.100000,11.933333,11.933333,7.427403,124800
1985-11-14,12.000000,12.066667,11.933333,12.000000,7.468894,137600
1985-11-15,11.933333,11.966666,11.866667,11.900000,7.406654,104600
1985-11-18,11.966666,12.100000,11.933333,12.100000,7.531137,168700
1985-11-19,11.933333,12.066667,11.933333,11.933333,7.427403,79500
1985-11-20,11.933333,12.000000,11.866667,11.866667,7.385907,157100
1985-11-21,11.900000,11.900000,11.666667,11.800000,7.344419,63000
1985-11-22,11.900000,12.200000,11.866667,12.133333,7.551886,427500
1985-11-25,12.333333,12.666667,12.066667,12.633333,7.863086,445100
1985-11-26,12.700000,12.900000,12.633333,12.833333,7.987566,447300
1985-11-27,12.800000,13.033334,12.800000,12.900000,8.029060,189000
1985-11-29,12.833333,12.900000,12.766666,12.800000,7.966823,227200
1985-12-02,12.766666,12.866667,12.633333,12.633333,7.863086,320600
1985-12-03,12.666667,12.766666,12.500000,12.633333,7.863086,102700
1985-12-04,12.600000,12.766666,12.600000,12.766666,7.946072,72700
1985-12-05,12.766666,12.966666,12.733334,12.900000,8.029060,111000
1985-12-06,12.833333,13.000000,12.666667,12.900000,8.029060,111000
1985-12-09,12.600000,13.066667,12.533334,12.966666,8.070553,324000
1985-12-10,12.966666,13.033334,12.700000,12.733334,7.925330,195700
1985-12-11,12.666667,12.666667,12.566667,12.666667,7.883833,81700
1985-12-12,12.600000,12.600000,12.200000,12.200000,7.593379,133100
1985-12-13,12.400000,12.533334,12.166667,12.400000,7.717859,118800
1985-12-16,12.500000,12.666667,12.300000,12.600000,7.842339,144300
1985-12-17,12.666667,12.733334,12.533334,12.533334,7.800844,112100
1985-12-18,12.466666,12.633333,12.466666,12.633333,7.863086,77200
1985-12-19,12.566667,12.633333,12.466666,12.466666,7.759355,335200
1985-12-20,12.533334,12.600000,12.466666,12.600000,7.842339,245200
1985-12-23,12.533334,12.533334,12.300000,12.300000,7.655621,224600
1985-12-24,12.366667,12.366667,12.300000,12.300000,7.655621,267000
1985-12-26,12.300000,12.333333,12.200000,12.233334,7.614125,85800
1985-12-27,12.166667,12.366667,12.166667,12.300000,7.655621,81000
1985-12-30,12.333333,12.333333,12.066667,12.233334,7.614125,77600
1985-12-31,12.266666,12.566667,12.266666,12.566667,7.821592,204000
1986-01-02,12.500000,12.566667,12.466666,12.500000,7.780100,433800
1986-01-03,12.500000,12.633333,12.500000,12.633333,7.863086,134600
1986-01-06,12.633333,12.633333,12.566667,12.600000,7.842339,145800
1986-01-07,12.600000,12.666667,12.533334,12.633333,7.863086,87700
1986-01-08,12.700000,12.700000,12.566667,12.633333,7.863086,151800
1986-01-09,12.633333,13.100000,12.633333,13.000000,8.091304,234300
1986-01-10,13.200000,13.333333,13.133333,13.200000,8.215780,327300
1986-01-13,13.233334,13.466666,13.000000,13.366667,8.319521,214800
1986-01-14,13.400000,13.400000,13.266666,13.266666,8.257277,153700
1986-01-15,13.466666,13.733334,13.466666,13.733334,8.547733,436500
1986-01-16,14.133333,14.366667,14.000000,14.100000,8.775952,491600
1986-01-17,14.066667,14.066667,13.866667,13.900000,8.651464,306000
1986-01-20,13.866667,13.933333,13.800000,13.866667,8.630725,129300
1986-01-21,13.866667,13.900000,13.800000,13.833333,8.609976,389600
1986-01-22,13.766666,13.833333,13.600000,13.600000,8.464746,104600
1986-01-23,13.533334,13.533334,13.233334,13.233334,8.236536,167600
1986-01-24,13.333333,13.533334,13.300000,13.533334,8.423255,110200
1986-01-27,13.733334,13.766666,13.633333,13.733334,8.547733,355100
1986-01-28,13.733334,13.800000,13.666667,13.800000,8.589231,55100
1986-01-29,13.800000,13.966666,13.733334,13.966666,8.692965,376100
1986-01-30,13.966666,14.033334,13.800000,13.800000,8.589231,216000
1986-01-31,13.733334,13.766666,13.333333,13.533334,8.423255,165700
1986-02-03,13.566667,13.566667,13.066667,13.066667,8.132796,122200
1986-02-04,12.800000,12.933333,12.666667,12.800000,7.966823,380200
1986-02-05,12.700000,12.800000,12.700000,12.800000,7.966823,94500
1986-02-06,12.733334,12.866667,12.733334,12.733334,7.925330,268800
1986-02-07,12.733334,12.800000,12.700000,12.766666,7.946072,175100
1986-02-10,12.866667,12.900000,12.800000,12.800000,7.966823,352100
1986-02-11,12.800000,12.800000,12.600000,12.600000,7.842339,214500
1986-02-12,12.666667,12.833333,12.666667,12.833333,7.987566,311200
1986-02-13,12.866667,12.933333,12.733334,12.733334,7.925330,208100
1986-02-14,12.666667,12.666667,12.533334,12.666667,8.009767,301500
1986-02-18,12.733334,12.866667,12.700000,12.800000,8.094081,140200
1986-02-19,12.833333,12.966666,12.766666,12.800000,8.094081,391800
1986-02-20,12.733334,12.866667,12.733334,12.866667,8.136236,149200
1986-02-21,12.866667,12.966666,12.733334,12.833333,8.115158,70100
1986-02-24,12.766666,12.933333,12.733334,12.900000,8.157316,177700
1986-02-25,12.900000,13.033334,12.900000,13.033334,8.241630,190500
1986-02-26,12.966666,13.000000,12.766666,12.766666,8.073004,198700
1986-02-27,12.833333,12.833333,12.733334,12.800000,8.094081,111300
1986-02-28,12.800000,12.966666,12.766666,12.933333,8.178394,223100
1986-03-03,12.966666,12.966666,12.700000,12.766666,8.073004,341600
1986-03-04,12.700000,12.800000,12.533334,12.800000,8.094081,516700
1986-03-05,12.733334,12.833333,12.633333,12.766666,8.073004,618000
1986-03-06,12.733334,12.800000,12.666667,12.733334,8.051926,194600
1986-03-07,12.666667,12.900000,12.633333,12.900000,8.157316,221200
1986-03-10,12.900000,13.166667,12.766666,13.033334,8.241630,209200
1986-03-11,13.100000,13.400000,13.100000,13.333333,8.431335,227600
1986-03-12,13.333333,13.566667,13.333333,13.500000,8.536726,168300
1986-03-13,13.500000,13.600000,13.466666,13.533334,8.557804,61100
1986-03-14,13.466666,13.833333,13.466666,13.833333,8.747508,163100
1986-03-17,13.800000,13.800000,13.600000,13.600000,8.599961,147700
1986-03-18,13.666667,13.866667,13.533334,13.666667,8.642121,327000
1986-03-19,13.666667,13.700000,13.500000,13.566667,8.578883,58100
1986-03-20,13.500000,13.566667,13.466666,13.566667,8.578883,342700
1986-03-21,13.533334,13.700000,13.500000,13.566667,8.578883,369000
1986-03-24,13.500000,13.533334,13.266666,13.400000,8.473488,280800
1986-03-25,13.400000,13.700000,13.400000,13.633333,8.621041,416600
1986-03-26,13.633333,13.633333,13.466666,13.600000,8.599961,273000
1986-03-27,13.533334,13.600000,13.466666,13.566667,8.578883,549000
1986-03-31,13.333333,13.333333,13.166667,13.200000,8.347016,199800
1986-04-01,13.133333,13.133333,12.500000,12.733334,8.051926,285700
1986-04-02,12.800000,12.866667,12.666667,12.800000,8.094081,278200
1986-04-03,12.833333,12.833333,12.000000,12.166667,7.693591,111700
1986-04-04,12.233334,12.333333,11.866667,11.933333,7.546045,184100
1986-04-07,11.933333,12.133333,11.866667,12.066667,7.630356,211800
1986-04-08,12.066667,12.100000,11.933333,11.966666,7.567125,349500
1986-04-09,12.033334,12.366667,12.033334,12.366667,7.820067,776200
1986-04-10,12.466666,12.600000,12.333333,12.533334,7.925453,93000
1986-04-11,12.533334,12.666667,12.366667,12.533334,7.925453,150000
1986-04-14,12.466666,12.566667,12.400000,12.533334,7.925453,85500
1986-04-15,12.533334,12.633333,12.466666,12.500000,7.904378,135700
1986-04-16,12.533334,12.533334,12.300000,12.500000,7.904378,153000
1986-04-17,12.400000,12.466666,12.366667,12.466666,7.883297,66700
1986-04-18,12.466666,12.466666,12.266666,12.400000,7.841142,1448200
1986-04-21,12.333333,12.333333,12.133333,12.133333,7.672517,238500
1986-04-22,12.100000,12.100000,11.866667,11.966666,7.567125,351300
1986-04-23,11.900000,11.966666,11.866667,11.900000,7.524965,269600
1986-04-24,11.833333,12.000000,11.766666,11.866667,7.503887,181800
1986-04-25,11.833333,11.966666,11.800000,11.966666,7.567125,151800
1986-04-28,11.966666,12.000000,11.900000,12.000000,7.588199,81700
1986-04-29,11.933333,12.066667,11.900000,11.933333,7.546045,42700
1986-04-30,11.933333,11.966666,11.500000,11.566667,7.314183,84000
1986-05-01,11.500000,11.633333,11.066667,11.166667,7.061241,160800
1986-05-02,11.233334,11.533334,11.166667,11.300000,7.145557,148800
1986-05-05,11.366667,11.433333,11.333333,11.366667,7.187711,62200
1986-05-06,11.333333,11.366667,11.300000,11.333333,7.166635,197200
1986-05-07,11.366667,11.366667,10.933333,11.300000,7.145557,294700
1986-05-08,11.466666,11.466666,11.400000,11.466666,7.250951,123000
1986-05-09,11.466666,11.733334,11.366667,11.733334,7.419570,115500
1986-05-12,11.666667,12.266666,11.666667,12.233334,7.735749,1144500
1986-05-13,12.266666,12.666667,12.233334,12.366667,7.820067,707600
1986-05-14,12.300000,12.333333,12.100000,12.333333,7.798988,402700
1986-05-15,12.400000,12.500000,12.133333,12.200000,7.714670,240300
1986-05-16,12.166667,12.233334,11.933333,12.233334,7.735749,203200
1986-05-19,12.266666,12.400000,12.233334,12.266666,7.756829,862500
1986-05-20,12.400000,12.533334,12.200000,12.400000,7.971238,146200
1986-05-21,12.400000,12.566667,12.300000,12.533334,8.056949,346500
1986-05-22,12.533334,12.600000,12.433333,12.566667,8.078372,162700
1986-05-23,12.566667,12.633333,12.500000,12.566667,8.078372,19800
1986-05-27,12.500000,12.600000,12.433333,12.533334,8.056949,74200
1986-05-28,12.600000,13.333333,12.600000,13.266666,8.528362,271800
1986-05-29,13.200000,13.200000,12.933333,13.100000,8.421227,199800
1986-05-30,13.066667,13.266666,13.066667,13.266666,8.528362,297300
1986-06-02,13.200000,13.200000,12.900000,12.933333,8.314086,138000
1986-06-03,12.833333,12.966666,12.800000,12.933333,8.314086,189000
1986-06-04,13.000000,13.033334,12.800000,12.933333,8.314086,243000
1986-06-05,12.933333,13.466666,12.900000,13.433333,8.635513,588700
1986-06-06,13.366667,13.833333,13.300000,13.833333,8.892641,309700
1986-06-09,14.000000,14.000000,13.400000,13.800000,8.871218,451100
1986-06-10,13.900000,13.900000,13.733334,13.800000,8.871218,290200
1986-06-11,13.800000,14.300000,13.800000,14.000000,8.999786,453300
1986-06-12,14.066667,14.066667,13.766666,13.800000,8.871218,355800
1986-06-13,13.866667,13.900000,13.766666,13.766666,8.849784,177700
1986-06-16,13.700000,13.700000,13.200000,13.300000,8.549796,455200
1986-06-17,13.266666,13.266666,12.800000,12.800000,8.228372,745500
1986-06-18,12.700000,12.766666,12.433333,12.600000,8.099806,418500
1986-06-19,12.533334,12.533334,12.200000,12.200000,7.842670,384000
1986-06-20,12.266666,12.300000,12.200000,12.300000,7.906954,398200
1986-06-23,12.333333,12.433333,12.233334,12.233334,7.864100,127800
1986-06-24,12.266666,12.366667,12.133333,12.300000,7.906954,233600
1986-06-25,12.400000,12.733334,12.333333,12.366667,7.949810,205500
1986-06-26,12.300000,12.366667,12.200000,12.200000,7.842670,78300
1986-06-27,12.266666,12.400000,12.233334,12.400000,7.971238,96300
1986-06-30,12.433333,12.500000,12.366667,12.500000,8.035523,106100
1986-07-01,12.500000,12.500000,12.400000,12.466666,8.014092,119200
1986-07-02,12.500000,12.500000,12.333333,12.400000,7.971238,271100
1986-07-03,12.433333,12.433333,12.300000,12.333333,7.928384,105700
1986-07-07,12.333333,12.333333,11.666667,11.833333,7.606959,332600
1986-07-08,11.800000,12.500000,11.733334,12.500000,8.035523,261300
1986-07-09,12.433333,12.566667,12.400000,12.500000,8.035523,112800
1986-07-10,12.500000,12.500000,12.333333,12.500000,8.035523,118100
1986-07-11,12.500000,12.500000,12.133333,12.266666,7.885520,129000
1986-07-14,12.200000,12.200000,12.100000,12.100000,7.778387,102700
1986-07-15,12.066667,12.066667,11.866667,11.933333,7.671244,211800
1986-07-16,11.900000,12.000000,11.833333,11.900000,7.649816,67800
1986-07-17,11.833333,11.866667,11.766666,11.833333,7.606959,56600
1986-07-18,11.800000,12.000000,11.666667,11.866667,7.628386,187800
1986-07-21,11.800000,11.800000,11.466666,11.533334,7.414115,151800
1986-07-22,11.533334,11.633333,11.533334,11.566667,7.435537,182600
1986-07-23,11.533334,11.666667,11.366667,11.533334,7.414115,281600
1986-07-24,11.533334,11.600000,11.400000,11.400000,7.328396,117000
1986-07-25,11.433333,11.566667,11.433333,11.566667,7.435537,112100
1986-07-28,11.666667,12.033334,11.633333,12.033334,7.735532,223100
1986-07-29,11.900000,11.933333,11.700000,11.700000,7.521248,280500
1986-07-30,11.700000,11.733334,11.600000,11.666667,7.499824,156700
1986-07-31,11.966666,12.200000,11.933333,12.166667,7.821245,219700
1986-08-01,12.166667,12.433333,12.100000,12.400000,7.971238,919800
1986-08-04,12.333333,12.400000,12.266666,12.266666,7.885520,832800
1986-08-05,12.266666,12.333333,12.233334,12.300000,7.906954,295800
1986-08-06,12.266666,13.200000,12.266666,13.066667,8.399798,1125000
1986-08-07,13.133333,13.533334,13.100000,13.366667,8.592649,493100
1986-08-08,13.433333,13.800000,13.400000,13.633333,8.764076,330700
1986-08-11,14.133333,14.600000,13.900000,14.566667,9.364065,1059000
1986-08-12,14.566667,14.566667,13.933333,14.266666,9.171207,326600
1986-08-13,14.333333,14.366667,13.733334,13.866667,8.914074,261000
1986-08-14,13.933333,13.933333,13.800000,13.933333,8.956931,291000
1986-08-15,13.933333,13.933333,13.833333,13.866667,8.914074,154100
1986-08-18,13.466666,13.466666,13.166667,13.266666,8.528362,438300
1986-08-19,13.133333,13.466666,12.933333,13.466666,8.656936,780300
1986-08-20,13.600000,13.633333,13.400000,13.600000,8.874579,154100
1986-08-21,13.600000,13.800000,13.533334,13.733334,8.961587,142100
1986-08-22,13.733334,13.866667,13.333333,13.433333,8.765828,185600
1986-08-25,13.433333,13.633333,13.333333,13.533334,8.831078,213300
1986-08-26,13.533334,13.900000,13.533334,13.866667,9.048595,292100
1986-08-27,13.800000,14.133333,13.800000,14.133333,9.222605,221600
1986-08-28,14.400000,14.633333,14.266666,14.433333,9.418362,492700
1986-08-29,14.466666,14.533334,14.133333,14.333333,9.353107,208100
1986-09-02,14.400000,14.900000,14.333333,14.766666,9.635880,797600
1986-09-03,14.933333,15.200000,14.800000,15.200000,9.918643,1003800
1986-09-04,15.266666,15.433333,15.133333,15.400000,10.049158,1021500
1986-09-05,15.800000,16.000000,15.733334,15.900000,10.375437,1043200
1986-09-08,15.666667,15.733334,15.566667,15.666667,10.223165,404600
1986-09-09,15.533334,15.533334,15.333333,15.466666,10.092661,441000
1986-09-10,15.633333,15.933333,15.500000,15.633333,10.201418,799100
1986-09-11,15.466666,15.466666,14.533334,15.066667,9.831641,542200
1986-09-12,15.333333,15.466666,15.100000,15.300000,9.983905,397500
1986-09-15,15.333333,15.433333,14.800000,15.433333,10.070913,337800
1986-09-16,15.433333,15.600000,15.333333,15.566667,10.157917,632600
1986-09-17,15.633333,15.800000,15.600000,15.733334,10.266670,481100
1986-09-18,15.666667,16.033333,15.600000,16.000000,10.440680,1143000
1986-09-19,16.233334,16.666666,16.233334,16.633333,10.853956,755200
1986-09-22,16.733334,16.733334,16.166666,16.366667,10.679944,473600
1986-09-23,16.166666,16.166666,15.933333,16.066668,10.484184,257600
1986-09-24,16.166666,16.166666,15.933333,16.066668,10.484184,276000
1986-09-25,16.066668,16.066668,15.966666,16.033333,10.462439,297700
1986-09-26,15.966666,16.066668,15.933333,16.000000,10.440680,251200
1986-09-29,16.000000,16.000000,15.300000,15.466666,10.092661,430500
1986-09-30,15.600000,15.933333,15.600000,15.933333,10.397177,520100
1986-10-01,15.966666,16.066668,15.933333,16.000000,10.440680,358500
1986-10-02,16.100000,16.633333,16.100000,16.533333,10.788708,870300
1986-10-03,16.500000,16.533333,16.299999,16.500000,10.766953,499800
1986-10-06,16.466667,16.533333,16.433332,16.466667,10.745202,268100
1986-10-07,16.400000,16.400000,16.266666,16.366667,10.679944,355500
1986-10-08,16.266666,16.633333,16.266666,16.533333,10.788708,318300
1986-10-09,16.466667,16.566668,16.266666,16.266666,10.614699,258300
1986-10-10,16.299999,16.433332,16.233334,16.400000,10.701698,198700
1986-10-13,16.366667,16.566668,16.366667,16.566668,10.810455,246000
1986-10-14,16.566668,16.566668,16.433332,16.533333,10.788708,503200
1986-10-15,16.466667,16.566668,16.433332,16.500000,10.766953,319100
1986-10-16,16.600000,16.633333,16.533333,16.633333,10.853956,149600
1986-10-17,16.533333,16.533333,16.100000,16.166666,10.549437,261300
1986-10-20,16.166666,16.233334,16.033333,16.100000,10.505936,169100
1986-10-21,16.133333,16.133333,15.866667,15.933333,10.397177,137600
1986-10-22,16.000000,16.400000,16.000000,16.400000,10.701698,575600
1986-10-23,16.400000,16.400000,16.233334,16.233334,10.592945,222300
1986-10-24,16.033333,16.033333,15.766666,15.766666,10.288423,209200
1986-10-27,15.800000,15.900000,15.766666,15.833333,10.331927,131600
1986-10-28,15.933333,16.200001,15.933333,16.133333,10.527685,228000
1986-10-29,15.800000,15.900000,15.766666,15.766666,10.288423,215600
1986-10-30,15.766666,15.933333,15.666667,15.933333,10.397177,454800
1986-10-31,15.666667,15.966666,15.600000,15.900000,10.375437,199800
1986-11-03,16.066668,16.900000,16.033333,16.866667,11.006220,283500
1986-11-04,16.799999,16.799999,16.466667,16.466667,10.745202,268800
1986-11-05,16.500000,16.666666,16.433332,16.633333,10.853956,301500
1986-11-06,16.700001,16.700001,16.466667,16.633333,10.853956,109800
1986-11-07,16.600000,16.666666,16.566668,16.600000,10.832210,322100
1986-11-10,16.666666,16.666666,16.533333,16.633333,10.853956,299200
1986-11-11,16.666666,16.700001,16.533333,16.633333,10.853956,501700
1986-11-12,16.600000,16.666666,16.566668,16.666666,10.875714,231700
1986-11-13,16.666666,16.666666,16.299999,16.400000,10.701698,307100
1986-11-14,16.333334,16.366667,15.833333,15.833333,10.331927,232800
1986-11-17,15.700000,15.900000,15.700000,15.733334,10.266670,570300
1986-11-18,15.733334,15.733334,15.266666,15.333333,10.005655,774000
1986-11-19,15.433333,15.566667,15.233334,15.433333,10.204144,662600
1986-11-20,15.466666,15.633333,15.433333,15.600000,10.314331,126700
1986-11-21,15.600000,15.600000,15.333333,15.400000,10.182100,691500
1986-11-24,15.400000,15.666667,15.333333,15.666667,10.358416,641600
1986-11-25,15.600000,15.900000,15.600000,15.900000,10.512689,109100
1986-11-26,15.900000,16.000000,15.866667,15.933333,10.534718,599200
1986-11-28,16.133333,16.166666,16.066668,16.100000,10.644921,325100
1986-12-01,16.100000,16.133333,15.900000,15.900000,10.512689,280800
1986-12-02,15.966666,16.466667,15.933333,16.366667,10.821239,720300
1986-12-03,16.366667,16.400000,16.166666,16.200001,10.711040,556800
1986-12-04,16.333334,16.333334,16.166666,16.266666,10.755121,135700
1986-12-05,16.200001,16.366667,16.200001,16.299999,10.777157,1111800
1986-12-08,16.200001,16.266666,16.033333,16.166666,10.688999,311600
1986-12-09,16.266666,16.266666,15.966666,15.966666,10.556770,220100
1986-12-10,16.033333,16.166666,15.933333,16.066668,10.622882,265800
1986-12-11,16.066668,16.066668,15.866667,15.900000,10.512689,151800
1986-12-12,15.933333,16.000000,15.866667,16.000000,10.578807,79500
1986-12-15,16.033333,16.033333,15.800000,15.966666,10.556770,385800
1986-12-16,15.900000,16.000000,15.800000,15.866667,10.490650,177700
1986-12-17,15.866667,15.933333,15.800000,15.833333,10.468603,73500
1986-12-18,15.833333,15.866667,15.666667,15.766666,10.424526,159700
1986-12-19,15.666667,16.133333,15.666667,16.066668,10.622882,502500
1986-12-22,16.133333,16.133333,15.966666,16.033333,10.600848,843700
1986-12-23,15.966666,16.000000,15.866667,15.866667,10.490650,107600
1986-12-24,15.900000,16.100000,15.900000,16.100000,10.644921,142800
1986-12-26,16.133333,16.133333,16.066668,16.100000,10.644921,16100
1986-12-29,16.066668,16.133333,15.966666,16.000000,10.578807,107200
1986-12-30,16.033333,16.033333,15.900000,15.933333,10.534718,70500
1986-12-31,15.866667,16.400000,15.866667,16.400000,10.843272,352100
1987-01-02,16.500000,16.533333,16.366667,16.400000,10.843272,185200
1987-01-05,16.500000,17.033333,16.400000,16.966667,11.217942,502800
1987-01-06,17.033333,17.233334,17.033333,17.233334,11.394250,859100
1987-01-07,17.133333,17.233334,17.000000,17.233334,11.394250,298500
1987-01-08,17.299999,17.500000,17.266666,17.466667,11.548529,597300
1987-01-09,17.000000,17.033333,16.799999,16.833334,11.129785,1018500
1987-01-12,16.933332,17.033333,16.933332,16.966667,11.217942,340800
1987-01-13,17.033333,17.166666,17.000000,17.133333,11.328134,504300
1987-01-14,17.299999,17.700001,17.299999,17.666666,11.680765,590200
1987-01-15,17.666666,17.833334,17.566668,17.766666,11.746883,788600
1987-01-16,17.766666,17.866667,17.600000,17.666666,11.680765,359600
1987-01-19,18.100000,18.299999,18.033333,18.266666,12.077466,600700
1987-01-20,18.333334,18.433332,18.000000,18.100000,11.967277,1008700
1987-01-21,17.600000,17.833334,17.600000,17.600000,11.636682,568500
1987-01-22,17.666666,18.133333,17.666666,18.066668,11.945233,206200
1987-01-23,18.266666,18.600000,18.133333,18.266666,12.077466,954300
1987-01-26,18.066668,18.333334,18.066668,18.266666,12.077466,231300
1987-01-27,18.233334,18.733334,18.233334,18.633333,12.319904,1004200
1987-01-28,18.799999,19.133333,18.799999,18.900000,12.496220,933700
1987-01-29,19.000000,19.000000,18.733334,18.766666,12.408051,259100
1987-01-30,18.666666,18.700001,18.566668,18.633333,12.319904,703100
1987-02-02,18.600000,18.633333,18.533333,18.566668,12.275825,291300
1987-02-03,18.500000,18.666666,18.400000,18.566668,12.275825,480300
1987-02-04,18.566668,19.066668,18.500000,19.000000,12.562321,660300
1987-02-05,19.200001,19.533333,19.133333,19.533333,12.914960,627700
1987-02-06,19.433332,19.633333,19.433332,19.466667,12.870874,295100
1987-02-09,19.266666,19.466667,19.233334,19.400000,12.826796,863600
1987-02-10,19.266666,19.533333,19.266666,19.533333,12.914960,273700
1987-02-11,19.533333,20.299999,19.533333,19.933332,13.179423,710600
1987-02-12,20.533333,20.966667,20.433332,20.466667,13.532062,1127600
1987-02-13,20.200001,20.366667,20.166666,20.266666,13.399818,636700
1987-02-17,20.233334,20.266666,20.066668,20.233334,13.511254,280800
1987-02-18,20.000000,20.200001,19.933332,19.933332,13.310915,767200
1987-02-19,19.933332,20.566668,19.900000,20.566668,13.733843,263600
1987-02-20,20.600000,21.333334,20.600000,21.166666,14.134499,361100
1987-02-23,21.033333,21.266666,21.000000,21.200001,14.156766,493500
1987-02-24,21.200001,21.433332,21.100000,21.433332,14.312574,255300
1987-02-25,21.400000,21.733334,21.366667,21.500000,14.357100,733100
1987-02-26,21.500000,22.200001,21.433332,22.066668,14.735501,350200
1987-02-27,22.133333,22.533333,21.600000,21.866667,14.601944,347600
1987-03-02,21.799999,21.933332,21.666666,21.700001,14.490646,311200
1987-03-03,21.766666,21.799999,21.466667,21.633333,14.446128,283800
1987-03-04,21.733334,22.200001,21.566668,22.166666,14.802269,423000
1987-03-05,22.166666,22.900000,22.166666,22.366667,14.935832,502800
1987-03-06,22.166666,22.333334,22.033333,22.233334,14.846795,232800
1987-03-09,22.266666,22.266666,21.866667,21.966667,14.668717,258700
1987-03-10,21.966667,22.500000,21.733334,22.466667,15.002614,341200
1987-03-11,23.066668,23.133333,22.733334,22.733334,15.180681,785200
1987-03-12,22.933332,23.433332,22.799999,23.433332,15.648116,811100
1987-03-13,23.600000,24.666666,23.600000,24.133333,16.115555,1091600
1987-03-16,24.066668,24.066668,23.299999,23.566668,15.737150,558700
1987-03-17,23.366667,23.366667,22.733334,22.799999,15.225195,718100
1987-03-18,23.000000,23.133333,22.433332,22.700001,15.158419,583100
1987-03-19,22.700001,22.833334,22.600000,22.633333,15.113898,316100
1987-03-20,22.566668,22.833334,22.533333,22.700001,15.158419,940500
1987-03-23,22.400000,23.000000,22.333334,23.000000,15.358738,488200
1987-03-24,22.966667,23.333334,22.866667,23.333334,15.581335,1712600
1987-03-25,23.533333,24.000000,23.533333,24.000000,16.026525,2464800
1987-03-26,23.900000,24.000000,23.600000,23.733334,15.848447,511800
1987-03-27,24.000000,25.466667,24.000000,25.400000,16.961405,912000
1987-03-30,25.066668,25.799999,25.066668,25.766666,17.206255,797600
1987-03-31,25.600000,25.600000,25.066668,25.166666,16.805578,1112600
1987-04-01,25.033333,25.133333,24.033333,24.033333,16.048780,723700
1987-04-02,24.200001,24.666666,24.100000,24.433332,16.315893,1011300
1987-04-03,24.433332,24.700001,24.333334,24.666666,16.471695,917200
1987-04-06,24.733334,25.666666,24.666666,25.299999,16.894627,801000
1987-04-07,25.299999,26.400000,25.200001,25.600000,17.094952,657700
1987-04-08,25.666666,25.966667,25.133333,25.400000,16.961405,799800
1987-04-09,25.500000,27.200001,25.333334,27.200001,18.163389,1497300
1987-04-10,26.533333,27.966667,26.200001,26.533333,17.718206,1297100
1987-04-13,26.600000,27.166666,26.000000,26.266666,17.540144,535800
1987-04-14,27.066668,27.066668,25.666666,26.533333,17.718206,1186800
1987-04-15,26.266666,26.266666,25.000000,25.200001,16.827841,853500
1987-04-16,25.000000,25.466667,24.466667,25.400000,16.961405,1460600
1987-04-20,25.333334,26.400000,25.266666,26.299999,17.562397,393000
1987-04-21,26.366667,26.533333,25.700001,25.733334,17.183990,560600
1987-04-22,25.666666,26.133333,25.433332,25.933332,17.317543,686200
1987-04-23,26.200001,27.133333,25.933332,26.600000,17.762714,847800
1987-04-24,27.200001,27.200001,26.200001,26.266666,17.540144,845600
1987-04-27,26.733334,26.799999,24.266666,24.533333,16.382666,1387100
1987-04-28,24.866667,24.866667,24.000000,24.000000,16.026525,1859200
1987-04-29,24.000000,24.400000,24.000000,24.400000,16.293625,760500
1987-04-30,24.466667,24.566668,24.066668,24.200001,16.160072,643800
1987-05-01,24.266666,24.500000,24.266666,24.433332,16.315893,213300
1987-05-04,24.633333,25.566668,24.566668,25.466667,17.005913,561300
1987-05-05,25.333334,25.833334,25.233334,25.666666,17.139477,492300
1987-05-06,25.600000,26.400000,25.566668,26.266666,17.540144,576300
1987-05-07,26.333334,26.333334,25.799999,25.900000,17.295288,475100
1987-05-08,26.100000,27.733334,25.866667,27.133333,18.118872,907100
1987-05-11,27.066668,27.533333,27.000000,27.200001,18.163389,613100
1987-05-12,27.400000,27.533333,27.133333,27.133333,18.118872,198000
1987-05-13,27.466667,28.133333,27.400000,27.700001,18.497280,786000
1987-05-14,27.333334,27.366667,26.600000,26.900000,18.120319,422200
1987-05-15,27.733334,28.400000,27.600000,28.000000,18.861303,732300
1987-05-18,28.133333,28.799999,28.133333,28.466667,19.175657,606700
1987-05-19,28.666666,28.799999,28.433332,28.799999,19.400185,552000
1987-05-20,29.200001,29.200001,28.266666,28.600000,19.265465,567300
1987-05-21,28.633333,28.633333,27.333334,27.333334,18.412214,646800
1987-05-22,27.333334,27.333334,27.000000,27.133333,18.277496,360000
1987-05-26,26.400000,26.466667,25.533333,25.633333,17.267067,958800
1987-05-27,25.600000,25.933332,25.400000,25.733334,17.334419,501700
1987-05-28,26.133333,26.666666,26.133333,26.400000,17.783504,482600
1987-05-29,26.500000,26.566668,26.333334,26.433332,17.805967,445100
1987-06-01,26.133333,26.166666,25.766666,26.066668,17.558969,391800
1987-06-02,26.233334,26.833334,26.200001,26.666666,17.963146,865800
1987-06-03,26.666666,26.666666,26.166666,26.600000,17.918236,387000
1987-06-04,26.466667,26.733334,26.333334,26.733334,18.008059,273000
1987-06-05,26.799999,26.799999,26.133333,26.233334,17.671242,555300
1987-06-08,26.400000,26.466667,26.200001,26.266666,17.693691,193100
1987-06-09,26.400000,26.466667,26.266666,26.366667,17.761065,283100
1987-06-10,26.400000,26.533333,26.333334,26.433332,17.805967,205100
1987-06-11,26.933332,27.066668,26.333334,26.933332,18.142776,398700
1987-06-12,26.733334,26.799999,26.333334,26.333334,17.738607,278200
1987-06-15,26.133333,26.333334,25.666666,25.933332,17.469151,279300
1987-06-16,26.000000,26.000000,24.933332,25.000000,16.840446,353300
1987-06-17,25.133333,25.266666,23.933332,24.133333,16.256643,420100
1987-06-18,24.000000,24.200001,24.000000,24.066668,16.211737,594700
1987-06-19,24.133333,24.466667,24.066668,24.266666,16.346455,509200
1987-06-22,24.000000,24.000000,23.400000,23.533333,15.852466,1767500
1987-06-23,23.600000,24.200001,23.600000,24.200001,16.301552,678000
1987-06-24,24.333334,24.600000,24.200001,24.400000,16.436287,1241000
1987-06-25,24.400000,24.666666,24.333334,24.533333,16.526089,410700
1987-06-26,24.666666,24.666666,24.466667,24.533333,16.526089,200300
1987-06-29,24.400000,24.866667,24.400000,24.866667,16.750633,278600
1987-06-30,24.666666,25.133333,24.666666,25.133333,16.930264,295600
1987-07-01,25.266666,25.466667,25.066668,25.400000,17.109896,363500
1987-07-02,25.333334,25.866667,25.333334,25.866667,17.424253,241500
1987-07-06,25.666666,26.533333,25.533333,26.400000,17.783504,537000
1987-07-07,26.400000,27.666666,26.333334,27.600000,18.591850,815200
1987-07-08,27.666666,29.666666,27.600000,28.799999,19.400185,912800
1987-07-09,28.600000,29.200001,28.466667,29.066668,19.579830,525300
1987-07-10,29.066668,29.066668,28.733334,28.933332,19.490019,160500
1987-07-13,28.799999,28.933332,28.600000,28.933332,19.490019,288500
1987-07-14,29.133333,29.600000,28.933332,29.400000,19.804363,802600
1987-07-15,30.000000,30.799999,29.733334,30.533333,20.567802,313800
1987-07-16,30.866667,31.333334,30.400000,30.933332,20.837252,765000
1987-07-17,30.866667,31.333334,30.600000,30.933332,20.837252,671000
1987-07-20,31.466667,32.400002,31.466667,32.333332,21.780319,857300
1987-07-21,31.933332,32.400002,31.866667,31.933332,21.510855,907600
1987-07-22,31.933332,33.466667,31.799999,33.333332,22.453930,1309600
1987-07-23,33.333332,33.400002,31.866667,32.066666,21.600691,897500
1987-07-24,31.866667,32.400002,31.666666,32.266666,21.735397,728700
1987-07-27,32.000000,32.400002,31.933332,32.000000,21.555767,344700
1987-07-28,32.066666,32.666668,32.000000,32.666668,22.004841,185700
1987-07-29,32.933334,34.000000,32.866665,34.000000,22.903009,687000
1987-07-30,34.599998,35.666668,34.466667,35.466667,23.890974,684800
1987-07-31,35.933334,37.066666,35.599998,36.933334,24.878962,670200
1987-08-03,39.466667,40.133335,38.466667,40.133335,27.034525,1405200
1987-08-04,39.466667,40.400002,38.466667,39.733334,26.765079,2137500
1987-08-05,38.400002,38.533333,37.866665,38.200001,25.732227,867100
1987-08-06,37.599998,37.733334,36.866665,37.200001,25.058582,1250000
1987-08-07,37.333332,37.666668,36.933334,37.000000,24.923851,852700
1987-08-10,38.533333,39.666668,38.133335,39.666668,26.720165,1764300
1987-08-11,40.400002,40.466667,39.599998,40.200001,27.079430,1102100
1987-08-12,40.066666,41.400002,39.933334,41.200001,27.753054,1098700
1987-08-13,41.066666,41.200001,40.466667,41.066666,27.663225,950300
1987-08-14,44.799999,44.799999,42.000000,42.533333,28.651224,3281200
1987-08-17,42.799999,44.666668,42.799999,44.599998,30.043360,2550000
1987-08-18,45.066666,45.333332,43.066666,44.266666,29.818810,2250000
1987-08-19,44.133335,44.133335,42.799999,43.599998,29.369734,2025000
1987-08-20,41.733334,43.666668,41.599998,41.733334,28.190031,1379000
1987-08-21,41.066666,42.466667,41.000000,42.333332,28.595312,1074300
1987-08-24,42.133335,42.466667,41.599998,42.066666,28.415201,562800
1987-08-25,42.400002,44.666668,42.400002,44.666668,30.171438,1522600
1987-08-26,44.266666,45.333332,43.599998,44.533333,30.081373,1440300
1987-08-27,44.266666,44.400002,43.733334,44.266666,29.901245,546100
1987-08-28,44.266666,45.200001,43.933334,44.000000,29.721127,582800
1987-08-31,50.666668,50.666668,48.533333,49.066666,33.143551,6099300
1987-09-01,49.066666,49.133335,47.200001,47.200001,31.882662,3646800
1987-09-02,47.599998,47.599998,46.133335,46.400002,31.342276,2343700
1987-09-03,47.533333,47.933334,46.866665,47.533333,32.107803,2475000
1987-09-04,47.666668,47.733334,47.133335,47.133335,31.837626,684000
1987-09-08,48.133335,48.533333,47.466667,48.133335,32.513123,1987500
1987-09-09,48.533333,49.066666,48.333332,48.733334,32.918407,2137500
1987-09-10,49.000000,49.799999,48.866665,49.533333,33.458786,1950000
1987-09-11,49.599998,50.133335,49.533333,50.066666,33.819027,2306200
1987-09-14,49.866665,51.066666,49.866665,50.933334,34.404449,2437500
1987-09-15,53.866665,54.533333,53.333332,53.933334,36.430874,3375000
1987-09-16,53.733334,53.799999,52.333332,52.866665,35.710377,4968700
1987-09-17,53.200001,54.000000,52.933334,53.666668,36.250763,2475000
1987-09-18,53.333332,54.066666,53.333332,53.933334,36.430874,1360100
1987-09-21,50.133335,52.933334,48.799999,50.133335,33.864063,5550000
1987-09-22,51.200001,52.799999,50.133335,50.666668,34.224339,35325000
1987-09-23,50.666668,51.400002,49.200001,49.466667,33.413738,5632500
1987-09-24,49.599998,50.200001,49.400002,50.000000,33.774014,1581000
1987-09-25,50.666668,50.666668,49.599998,50.666668,34.246258,1464500
1987-09-28,50.400002,52.533333,50.266666,51.733334,34.967209,2025000
1987-09-29,52.066666,53.200001,52.066666,52.733334,35.643131,1702600
1987-09-30,52.333332,53.333332,52.266666,52.733334,35.643131,1672500
1987-10-01,52.266666,52.666668,51.533333,51.733334,34.967209,1154600
1987-10-02,51.466667,51.533333,50.799999,50.933334,34.426476,944000
1987-10-05,50.400002,52.000000,50.200001,51.866665,35.057320,587300
1987-10-06,52.000000,52.000000,51.400002,51.799999,35.012272,686700
1987-10-07,51.466667,51.666668,50.933334,51.400002,34.741909,783000
1987-10-08,50.933334,51.333332,50.533333,50.533333,34.156109,570300
1987-10-09,49.400002,50.299999,49.000000,49.400002,33.390099,414800
1987-10-12,49.400002,49.400002,48.000000,48.599998,32.849361,241700
1987-10-13,48.799999,49.099998,48.000000,48.500000,32.781761,224300
1987-10-14,48.200001,48.400002,46.700001,47.000000,31.767910,454800
1987-10-15,47.000000,49.599998,46.700001,46.900002,31.700296,468700
1987-10-16,40.400002,41.099998,35.700001,36.500000,24.670797,1752300
1987-10-19,38.000000,38.000000,28.799999,28.799999,19.466282,1841000
1987-10-20,28.400000,29.000000,19.600000,22.200001,15.005263,684000
1987-10-21,26.400000,27.000000,24.600000,26.200001,17.708912,1426600
1987-10-22,25.200001,27.200001,24.799999,25.000000,16.897820,819800
1987-10-23,25.400000,27.200001,25.100000,26.400000,17.844091,446000
1987-10-26,25.700001,25.700001,24.299999,24.299999,16.424681,292600
1987-10-27,24.400000,24.900000,22.200001,23.200001,15.681170,649800
1987-10-28,22.200001,25.700001,21.799999,25.500000,17.235769,570700
1987-10-29,25.299999,27.500000,24.000000,26.600000,17.979273,517500
1987-10-30,28.799999,29.400000,27.799999,28.700001,19.398697,495300
1987-11-02,29.400000,30.200001,29.200001,30.000000,20.277382,307100
1987-11-03,30.000000,30.100000,28.799999,30.000000,20.277382,278600
1987-11-04,29.600000,30.000000,29.400000,29.799999,20.142202,209200
1987-11-05,28.400000,29.000000,28.100000,28.799999,19.466282,342500
1987-11-06,28.600000,29.799999,26.799999,26.799999,18.114452,204100
1987-11-09,26.400000,27.100000,26.100000,26.900000,18.182055,96200
1987-11-10,26.600000,26.900000,26.299999,26.500000,17.911690,95300
1987-11-11,26.700001,27.200001,25.400000,26.000000,17.573723,94700
1987-11-12,26.600000,28.799999,26.299999,27.500000,18.587593,181300
1987-11-13,27.700001,28.700001,27.600000,28.000000,18.925558,190000
1987-11-16,28.000000,28.700001,27.000000,27.400000,18.520006,112800
1987-11-17,27.100000,27.299999,26.400000,26.700001,18.046877,96200
1987-11-18,25.799999,26.200001,24.299999,25.600000,17.303360,138500
1987-11-19,25.400000,26.100000,24.600000,25.000000,16.977533,124300
1987-11-20,25.200001,26.700001,24.799999,25.799999,17.520803,206700
1987-11-23,25.600000,28.000000,25.600000,27.600000,18.743196,195100
1987-11-24,27.799999,29.200001,27.799999,29.200001,19.829760,340500
1987-11-25,29.400000,31.600000,29.299999,31.600000,21.459593,340500
1987-11-27,32.099998,32.799999,31.700001,32.200001,21.867054,473200
1987-11-30,36.400002,36.400002,29.600000,30.500000,20.712591,1117500
1987-12-01,30.200001,31.100000,29.799999,30.600000,20.780500,469200
1987-12-02,30.600000,31.500000,29.799999,30.200001,20.508862,325700
1987-12-03,30.000000,30.400000,26.600000,26.799999,18.199913,183300
1987-12-04,27.000000,27.200001,25.000000,25.700001,17.452908,337500
1987-12-07,25.799999,27.799999,25.600000,27.799999,18.879019,153700
1987-12-08,27.500000,28.500000,27.299999,28.500000,19.354378,73300
1987-12-09,28.299999,28.500000,28.000000,28.299999,19.218573,51500
1987-12-10,28.299999,29.500000,28.100000,29.299999,19.897663,126200
1987-12-11,29.900000,30.700001,29.600000,30.600000,20.780500,239000
1987-12-14,31.900000,32.000000,30.500000,30.500000,20.712591,400600
1987-12-15,30.100000,30.299999,28.200001,28.400000,19.286472,230100
1987-12-16,28.299999,29.400000,28.299999,29.200001,19.829760,111300
1987-12-17,29.000000,29.000000,28.200001,28.500000,19.354378,169200
1987-12-18,28.000000,28.400000,28.000000,28.200001,19.150660,337700
1987-12-21,28.400000,28.600000,27.200001,28.000000,19.014843,186300
1987-12-22,28.100000,29.200001,28.000000,29.100000,19.761845,145500
1987-12-23,28.799999,29.000000,28.200001,28.700001,19.490206,81700
1987-12-24,28.799999,28.799999,28.299999,28.799999,19.558107,49300
1987-12-28,28.299999,28.799999,28.000000,28.400000,19.286472,95500
1987-12-29,28.000000,28.100000,27.200001,27.799999,18.879019,111300
1987-12-30,27.700001,28.000000,27.299999,27.400000,18.607370,161000
1987-12-31,27.600000,28.600000,27.400000,28.200001,19.150660,168000
1988-01-04,27.600000,27.799999,26.799999,27.000000,18.335730,171000
1988-01-05,26.799999,27.000000,26.299999,26.900000,18.267824,300100
1988-01-06,26.500000,27.400000,26.400000,27.299999,18.539463,220300
1988-01-07,27.500000,27.700001,26.900000,27.400000,18.607370,96100
1988-01-08,27.200001,27.600000,25.400000,25.600000,17.384991,109500
1988-01-11,25.400000,25.799999,24.299999,25.500000,17.317081,180600
1988-01-12,25.500000,26.200001,24.400000,26.000000,17.656631,274200
1988-01-13,26.600000,27.500000,26.100000,27.200001,18.471552,222600
1988-01-14,27.200001,28.000000,27.200001,27.799999,18.879019,301200
1988-01-15,27.700001,27.900000,27.000000,27.200001,18.471552,230300
1988-01-18,27.299999,28.000000,27.299999,27.799999,18.879019,175500
1988-01-19,27.600000,27.700001,27.200001,27.299999,18.539463,61800
1988-01-20,27.299999,28.400000,27.100000,27.700001,18.811108,520100
1988-01-21,28.200001,28.299999,27.799999,28.100000,19.082745,149500
1988-01-22,28.100000,28.100000,27.500000,27.900000,18.946917,88000
1988-01-25,27.900000,27.900000,26.400000,27.299999,18.539463,239600
1988-01-26,27.500000,27.700001,26.900000,26.900000,18.267824,110600
1988-01-27,27.500000,28.600000,27.200001,27.299999,18.539463,2632700
1988-01-28,27.500000,27.700001,27.200001,27.400000,18.607370,1412500
1988-01-29,27.400000,27.500000,25.100000,26.100000,17.724537,765000
1988-02-01,26.100000,26.200001,25.500000,25.799999,17.520803,169700
1988-02-02,25.799999,26.200001,25.700001,25.799999,17.520803,326300
1988-02-03,25.299999,25.799999,24.200001,24.700001,16.773802,239800
1988-02-04,24.799999,25.000000,24.299999,24.600000,16.705883,130500
1988-02-05,24.799999,25.100000,24.700001,24.900000,16.909632,69200
1988-02-08,25.100000,25.700001,24.799999,25.100000,17.045439,99000
1988-02-09,25.200001,25.600000,24.700001,25.400000,17.249172,93300
1988-02-10,25.600000,26.000000,25.600000,26.000000,17.656631,71200
1988-02-11,26.100000,26.200001,25.600000,25.600000,17.384991,193300
1988-02-12,26.000000,26.799999,26.000000,26.400000,17.928265,223300
1988-02-16,26.299999,27.000000,26.299999,26.799999,18.199913,101500
1988-02-17,26.900000,27.200001,26.900000,26.900000,18.267824,142200
1988-02-18,26.700001,27.200001,26.500000,26.799999,18.281593,163500
1988-02-19,26.799999,27.200001,26.500000,26.700001,18.213385,134000
1988-02-22,26.600000,27.600000,26.500000,27.400000,18.690889,155100
1988-02-23,27.200001,27.299999,26.600000,27.000000,18.418034,151600
1988-02-24,27.000000,27.000000,25.900000,26.100000,17.804090,141100
1988-02-25,25.900000,26.799999,25.799999,26.000000,17.735880,135600
1988-02-26,25.900000,26.700001,25.900000,26.400000,18.008736,75500
1988-02-29,26.200001,27.500000,26.200001,27.500000,18.759104,161500
1988-03-01,27.200001,27.400000,26.700001,27.000000,18.418034,195300
1988-03-02,27.000000,27.200001,26.700001,26.900000,18.349815,52200
1988-03-03,26.799999,28.400000,26.700001,28.299999,19.304831,168200
1988-03-04,28.200001,28.799999,27.799999,28.400000,19.373032,110300
1988-03-07,28.600000,28.799999,27.799999,28.000000,19.100182,88300
1988-03-08,28.200001,29.200001,28.100000,28.700001,19.577682,162100
1988-03-09,29.100000,29.700001,28.799999,28.799999,19.645905,391600
1988-03-10,29.200001,29.400000,28.600000,28.799999,19.645905,187600
1988-03-11,28.400000,28.400000,27.600000,27.900000,19.031967,102000
1988-03-14,27.900000,28.200001,27.700001,28.000000,19.100182,82600
1988-03-15,28.000000,28.400000,27.400000,27.799999,18.963749,209600
1988-03-16,27.900000,27.900000,26.900000,27.100000,18.486250,111800
1988-03-17,27.400000,27.799999,27.299999,27.799999,18.963749,200000
1988-03-18,28.100000,28.100000,27.600000,27.600000,18.827320,169500
1988-03-21,27.799999,28.299999,27.799999,28.000000,19.100182,84700
1988-03-22,28.000000,28.100000,27.700001,27.900000,19.031967,55000
1988-03-23,28.000000,28.299999,28.000000,28.299999,19.304831,57800
1988-03-24,28.400000,28.500000,27.600000,27.799999,18.963749,160100
1988-03-25,27.400000,27.500000,27.100000,27.400000,18.690889,55200
1988-03-28,27.299999,27.400000,26.900000,27.200001,18.554457,92200
1988-03-29,27.400000,27.700001,27.400000,27.700001,18.895540,126800
1988-03-30,27.600000,27.799999,27.299999,27.500000,18.759104,84100
1988-03-31,27.500000,27.900000,27.500000,27.600000,18.827320,164200
1988-04-04,27.600000,28.200001,27.600000,28.200001,19.236614,98500
1988-04-05,28.200001,28.299999,27.799999,28.000000,19.100182,74500
1988-04-06,27.900000,28.200001,27.799999,28.100000,19.168394,118600
1988-04-07,28.000000,29.100000,28.000000,28.799999,19.645905,145500
1988-04-08,28.799999,29.000000,28.600000,28.799999,19.645905,129800
1988-04-11,28.799999,28.799999,28.500000,28.600000,19.509470,89100
1988-04-12,28.700001,29.000000,28.500000,29.000000,19.782333,202200
1988-04-13,28.900000,29.299999,28.900000,29.200001,19.918758,199200
1988-04-14,28.799999,29.100000,28.400000,28.400000,19.373032,695000
1988-04-15,28.600000,28.900000,28.200001,28.799999,19.645905,84600
1988-04-18,28.799999,29.299999,28.799999,29.000000,19.782333,299800
1988-04-19,29.000000,29.200001,28.799999,29.100000,19.850554,123300
1988-04-20,28.799999,29.200001,28.799999,28.900000,19.714117,87200
1988-04-21,28.900000,29.299999,28.100000,28.500000,19.441246,89800
1988-04-22,28.200001,28.799999,28.100000,28.400000,19.373032,232600
1988-04-25,28.600000,29.100000,28.600000,28.799999,19.645905,87000
1988-04-26,28.900000,29.000000,28.500000,28.900000,19.714117,79800
1988-04-27,28.700001,28.900000,28.600000,28.600000,19.509470,33200
1988-04-28,28.700001,28.700001,28.200001,28.500000,19.441246,94000
1988-04-29,28.299999,28.400000,27.799999,28.200001,19.236614,72800
1988-05-02,28.100000,28.100000,27.700001,27.799999,18.963749,61800
1988-05-03,27.799999,28.100000,27.799999,28.100000,19.168394,55000
1988-05-04,28.000000,28.200001,27.700001,28.000000,19.100182,58200
1988-05-05,27.900000,28.000000,27.500000,28.000000,19.100182,91700
1988-05-06,27.799999,28.000000,27.700001,27.900000,19.031967,72300
1988-05-09,27.900000,28.200001,27.900000,28.200001,19.236614,47600
1988-05-10,28.100000,28.900000,28.100000,28.900000,19.714117,120000
1988-05-11,28.900000,28.900000,28.200001,28.400000,19.373032,45500
1988-05-12,28.299999,28.799999,28.299999,28.799999,19.645905,52700
1988-05-13,29.000000,29.200001,28.900000,29.100000,19.850554,82100
1988-05-16,29.000000,29.200001,29.000000,29.000000,19.782333,87100
1988-05-17,29.100000,29.400000,28.400000,28.400000,19.373032,95300
1988-05-18,28.299999,28.799999,28.299999,28.700001,19.577682,41100
1988-05-19,29.200001,29.600000,29.000000,29.500000,20.123404,319800
1988-05-20,29.299999,29.400000,29.000000,29.299999,20.068743,145600
1988-05-23,29.600000,30.100000,29.400000,30.100000,20.616703,205600
1988-05-24,30.000000,30.100000,29.600000,30.100000,20.616703,167700
1988-05-25,30.000000,30.000000,29.500000,29.600000,20.274225,53300
1988-05-26,29.500000,30.000000,29.500000,29.900000,20.479706,67200
1988-05-27,30.000000,30.100000,30.000000,30.100000,20.616703,164300
1988-05-31,30.299999,30.700001,30.200001,30.500000,20.890665,301000
1988-06-01,30.700001,30.700001,30.299999,30.500000,20.890665,198000
1988-06-02,30.600000,31.600000,30.200001,31.200001,21.370131,273700
1988-06-03,31.500000,33.599998,31.299999,33.599998,23.013981,797500
1988-06-06,33.599998,35.000000,33.500000,34.000000,23.287970,395200
1988-06-07,34.000000,35.099998,33.799999,33.799999,23.150969,396600
1988-06-08,34.400002,34.500000,33.900002,34.299999,23.493446,154600
1988-06-09,33.900002,34.799999,33.599998,34.500000,23.630432,220600
1988-06-10,34.700001,35.500000,34.500000,35.200001,24.109900,224000
1988-06-13,34.099998,35.900002,33.799999,35.799999,24.520855,244000
1988-06-14,36.200001,36.599998,35.700001,35.700001,24.452366,726300
1988-06-15,35.799999,36.400002,35.500000,36.099998,24.726339,342100
1988-06-16,36.200001,36.599998,35.700001,35.799999,24.520855,211300
1988-06-17,36.000000,36.700001,36.000000,36.700001,25.137306,512700
1988-06-20,36.799999,37.200001,36.700001,37.000000,25.342781,226000
1988-06-21,37.099998,37.299999,36.900002,37.299999,25.548264,145600
1988-06-22,37.299999,37.299999,36.400002,36.500000,25.000319,250600
1988-06-23,36.200001,36.400002,35.599998,35.599998,24.383867,176200
1988-06-24,34.200001,34.500000,33.400002,33.500000,22.945499,438500
1988-06-27,33.799999,33.799999,33.400002,33.500000,22.945499,193200
1988-06-28,34.000000,34.000000,33.599998,33.700001,23.082479,154000
1988-06-29,33.900002,33.900002,32.400002,33.000000,22.603031,226300
1988-06-30,32.799999,33.299999,32.599998,32.799999,22.466034,146000
1988-07-01,32.900002,33.000000,32.400002,32.500000,22.260559,63800
1988-07-05,32.700001,32.799999,32.500000,32.799999,22.466034,67500
1988-07-06,32.799999,33.000000,32.500000,32.900002,22.534529,183200
1988-07-07,33.099998,34.000000,32.900002,33.900002,23.219469,209300
1988-07-08,34.200001,35.099998,34.200001,34.799999,23.835920,219200
1988-07-11,34.900002,35.000000,34.000000,34.000000,23.287970,117500
1988-07-12,33.799999,34.000000,33.299999,33.599998,23.013981,100800
1988-07-13,33.799999,34.000000,33.500000,34.000000,23.287970,234300
1988-07-14,34.000000,34.799999,33.799999,34.599998,23.698923,386600
1988-07-15,34.599998,35.099998,34.200001,34.599998,23.698923,198000
1988-07-18,34.200001,34.200001,33.299999,33.599998,23.013981,79100
1988-07-19,33.700001,34.799999,32.799999,34.599998,23.698923,379500
1988-07-20,34.599998,35.599998,34.599998,35.599998,24.383867,466700
1988-07-21,35.400002,35.400002,33.799999,34.099998,23.356466,215700
1988-07-22,34.200001,34.200001,33.400002,33.599998,23.013981,110300
1988-07-25,33.599998,33.799999,32.099998,32.500000,22.260559,181600
1988-07-26,32.299999,32.799999,32.299999,32.400002,22.192047,120200
1988-07-27,32.500000,32.799999,32.000000,32.000000,21.918076,70600
1988-07-28,31.700001,31.700001,31.200001,31.600000,21.644106,83500
1988-07-29,31.799999,33.200001,31.799999,33.200001,22.740017,156300
1988-08-01,33.099998,33.299999,32.700001,32.700001,22.397547,48000
1988-08-02,32.900002,33.099998,31.799999,31.799999,21.781092,150200
1988-08-03,31.900000,32.299999,31.700001,31.700001,21.712608,129500
1988-08-04,31.900000,32.500000,31.500000,32.299999,22.123568,71300
1988-08-05,32.000000,32.000000,31.500000,31.900000,21.849598,106000
1988-08-08,31.600000,32.099998,31.600000,31.600000,21.644106,92600
1988-08-09,31.700001,31.700001,29.900000,30.200001,20.685184,225800
1988-08-10,30.400000,30.600000,29.799999,30.000000,20.548201,104600
1988-08-11,30.000000,30.000000,29.200001,29.900000,20.479706,109200
1988-08-12,30.100000,30.500000,29.799999,30.200001,20.685184,76800
1988-08-15,30.000000,30.000000,29.200001,29.400000,20.137238,143000
1988-08-16,29.799999,30.400000,29.600000,30.299999,20.753698,95700
1988-08-17,30.299999,30.299999,29.400000,29.500000,20.205736,95300
1988-08-18,29.600000,29.799999,29.400000,29.400000,20.137238,64500
1988-08-19,29.200001,30.000000,29.200001,29.900000,20.563780,128100
1988-08-22,30.200001,30.200001,29.700001,29.700001,20.426231,70500
1988-08-23,29.900000,29.900000,29.100000,29.600000,20.357462,74800
1988-08-24,29.400000,30.100000,29.400000,29.799999,20.495018,128300
1988-08-25,29.700001,29.700001,29.000000,29.500000,20.288683,85200
1988-08-26,29.600000,29.600000,29.200001,29.299999,20.151133,57800
1988-08-29,29.500000,29.600000,29.200001,29.299999,20.151133,32700
1988-08-30,29.500000,29.500000,29.200001,29.400000,20.219906,92300
1988-08-31,29.600000,29.700001,29.400000,29.400000,20.219906,73600
1988-09-01,29.400000,29.400000,27.700001,28.000000,19.257050,185600
1988-09-02,28.100000,28.500000,27.799999,28.200001,19.394608,120000
1988-09-06,28.799999,29.200001,28.400000,28.700001,19.738480,338200
1988-09-07,28.799999,28.900000,28.400000,28.700001,19.738480,115800
1988-09-08,28.799999,28.799999,28.100000,28.200001,19.394608,181200
1988-09-09,28.200001,28.299999,27.799999,28.000000,19.257050,119500
1988-09-12,27.900000,28.100000,27.700001,27.900000,19.188284,77300
1988-09-13,28.100000,28.299999,27.799999,28.299999,19.463383,65100
1988-09-14,28.500000,28.600000,28.100000,28.400000,19.532146,33100
1988-09-15,28.200001,28.400000,27.900000,27.900000,19.188284,69300
1988-09-16,27.700001,27.799999,27.200001,27.500000,18.913179,167500
1988-09-19,27.400000,27.400000,26.600000,26.799999,18.431746,103500
1988-09-20,26.799999,27.700001,26.799999,27.400000,18.844412,159600
1988-09-21,28.799999,29.600000,28.799999,29.000000,19.944813,952700
1988-09-22,29.000000,29.000000,28.400000,28.900000,19.876034,241800
1988-09-23,28.900000,28.900000,28.200001,28.400000,19.532146,107100
1988-09-26,28.000000,28.000000,27.700001,27.900000,19.188284,98800
1988-09-27,27.900000,27.900000,27.600000,27.799999,19.119505,76800
1988-09-28,27.700001,28.900000,27.700001,28.900000,19.876034,164800
1988-09-29,28.900000,29.100000,28.700001,28.799999,19.807264,112800
1988-09-30,28.500000,28.700001,28.100000,28.299999,19.463383,99800
1988-10-03,28.500000,28.600000,28.000000,28.600000,19.669708,62700
1988-10-04,28.299999,28.600000,28.000000,28.200001,19.394608,31500
1988-10-05,28.100000,28.400000,27.799999,28.299999,19.463383,61800
1988-10-06,28.500000,28.500000,27.900000,28.200001,19.394608,82000
1988-10-07,28.200001,29.200001,27.799999,29.200001,20.082352,121800
1988-10-10,29.400000,30.400000,29.100000,30.000000,20.632561,102100
1988-10-11,30.200001,30.200001,29.500000,29.700001,20.426231,73800
1988-10-12,29.500000,29.600000,29.299999,29.400000,20.219906,78500
1988-10-13,29.500000,29.600000,29.100000,29.100000,20.013586,60200
1988-10-14,29.000000,29.299999,28.600000,28.799999,19.807264,32000
1988-10-17,28.799999,29.400000,28.799999,29.299999,20.151133,60500
1988-10-18,29.200001,29.400000,29.000000,29.400000,20.219906,200200
1988-10-19,29.400000,29.500000,28.000000,28.799999,19.807264,77700
1988-10-20,28.799999,29.200001,28.700001,29.200001,20.082352,50500
1988-10-21,29.400000,29.500000,29.200001,29.400000,20.219906,127100
1988-10-24,29.200001,29.299999,29.000000,29.200001,20.082352,67500
1988-10-25,29.000000,29.000000,28.100000,28.200001,19.394608,121100
1988-10-26,28.299999,28.299999,27.900000,28.000000,19.257050,71800
1988-10-27,28.000000,28.000000,27.299999,27.400000,18.844412,66500
1988-10-28,27.600000,27.900000,27.500000,27.700001,19.050732,32200
1988-10-31,27.500000,27.900000,27.500000,27.900000,19.188284,46500
1988-11-01,27.900000,27.900000,27.600000,27.900000,19.188284,37100
1988-11-02,28.100000,28.900000,27.900000,28.799999,19.807264,180500
1988-11-03,29.000000,29.299999,28.799999,28.799999,19.807264,272200
1988-11-04,28.700001,28.700001,28.100000,28.400000,19.532146,105000
1988-11-07,28.500000,28.500000,28.100000,28.400000,19.532146,52000
1988-11-08,28.299999,28.600000,28.200001,28.400000,19.532146,90300
1988-11-09,28.299999,29.100000,28.100000,28.700001,19.738480,77000
1988-11-10,28.700001,28.900000,28.299999,28.700001,19.738480,77100
1988-11-11,28.900000,29.100000,28.100000,28.100000,19.325827,106500
1988-11-14,28.100000,28.299999,27.900000,27.900000,19.188284,119000
1988-11-15,27.700001,28.299999,27.700001,28.000000,19.257050,52600
1988-11-16,27.900000,28.200001,27.799999,28.000000,19.257050,85000
1988-11-17,27.799999,27.900000,27.400000,27.500000,18.994720,45000
1988-11-18,27.700001,27.700001,27.500000,27.600000,19.063789,28300
1988-11-21,27.600000,27.600000,26.799999,27.200001,18.787498,173600
1988-11-22,27.000000,27.299999,26.799999,27.200001,18.787498,35500
1988-11-23,27.000000,27.299999,26.900000,27.000000,18.649363,36500
1988-11-25,27.200001,27.299999,26.799999,27.299999,18.856573,47000
1988-11-28,27.299999,27.400000,27.100000,27.200001,18.787498,75600
1988-11-29,27.400000,27.500000,27.100000,27.100000,18.718435,42500
1988-11-30,27.100000,28.400000,27.100000,28.400000,19.616375,234000
1988-12-01,28.400000,28.400000,27.900000,28.000000,19.340076,49300
1988-12-02,28.000000,28.500000,27.500000,28.400000,19.616375,687700
1988-12-05,28.400000,28.400000,28.100000,28.100000,19.409149,82600
1988-12-06,28.299999,28.400000,28.000000,28.200001,19.478222,130200
1988-12-07,28.000000,28.200001,27.600000,27.700001,19.132853,51300
1988-12-08,27.700001,28.000000,27.500000,27.700001,19.132853,45100
1988-12-09,27.500000,27.700001,27.500000,27.600000,19.063789,20000
1988-12-12,27.600000,27.600000,27.299999,27.299999,18.856573,30000
1988-12-13,27.200001,27.299999,27.100000,27.100000,18.718435,153600
1988-12-14,27.200001,27.200001,27.100000,27.200001,18.787498,97500
1988-12-15,27.000000,27.100000,26.200001,26.299999,18.165855,103200
1988-12-16,26.100000,26.299999,25.799999,26.000000,17.958647,181300
1988-12-19,26.200001,26.799999,26.100000,26.700001,18.442142,98600
1988-12-20,26.500000,26.700001,26.400000,26.400000,18.234932,52800
1988-12-21,26.600000,26.700001,26.000000,26.299999,18.165855,123200
1988-12-22,26.500000,26.500000,26.100000,26.100000,18.027708,55800
1988-12-23,26.200001,26.400000,26.100000,26.200001,18.096790,53600
1988-12-27,26.000000,26.200001,25.700001,25.700001,17.751427,41500
1988-12-28,25.799999,26.100000,25.200001,25.900000,17.889576,92300
1988-12-29,26.100000,26.400000,25.900000,26.200001,18.096790,59700
1988-12-30,26.100000,26.900000,26.100000,26.500000,18.304001,72800
1989-01-03,26.600000,26.600000,25.600000,25.700001,17.751427,73600
1989-01-04,25.900000,25.900000,25.299999,25.299999,17.475138,125800
1989-01-05,25.400000,26.400000,25.299999,26.100000,18.027708,194000
1989-01-06,26.299999,27.100000,26.299999,26.799999,18.511217,103800
1989-01-09,26.400000,27.000000,26.299999,27.000000,18.649363,104100
1989-01-10,26.900000,27.100000,26.700001,26.700001,18.442142,56500
1989-01-11,26.500000,27.100000,26.500000,27.100000,18.718435,43300
1989-01-12,27.299999,28.100000,27.299999,27.700001,19.132853,197700
1989-01-13,27.600000,28.500000,27.600000,28.200001,19.478222,168000
1989-01-16,28.100000,28.200001,28.000000,28.000000,19.340076,72300
1989-01-17,28.000000,28.200001,27.600000,28.000000,19.340076,63600
1989-01-18,28.000000,28.299999,27.900000,28.200001,19.478222,127600
1989-01-19,28.200001,28.400000,28.100000,28.400000,19.616375,46100
1989-01-20,28.500000,30.400000,28.500000,30.200001,20.859659,267600
1989-01-23,30.000000,30.400000,30.000000,30.400000,20.997795,143000
1989-01-24,30.200001,31.799999,30.200001,31.400000,21.688507,181800
1989-01-25,31.299999,31.299999,30.299999,31.000000,21.412233,147800
1989-01-26,30.799999,31.600000,30.600000,31.600000,21.826666,110800
1989-01-27,31.100000,31.200001,29.400000,29.799999,20.583366,256100
1989-01-30,29.600000,29.600000,28.600000,28.600000,19.754503,237700
1989-01-31,28.799999,29.700001,28.799999,29.600000,20.445225,230200
1989-02-01,29.700001,30.299999,29.299999,29.600000,20.445225,391300
1989-02-02,32.400002,33.200001,32.000000,32.000000,22.102945,1246800
1989-02-03,32.000000,34.500000,31.600000,33.799999,23.346231,1438500
1989-02-06,33.400002,33.900002,32.200001,33.400002,23.069950,671700
1989-02-07,33.500000,33.500000,32.900002,33.200001,22.931807,299700
1989-02-08,32.799999,33.099998,32.599998,32.700001,22.586451,293500
1989-02-09,32.700001,34.000000,32.500000,33.799999,23.346231,569000
1989-02-10,33.200001,33.900002,33.200001,33.599998,23.208099,339200
1989-02-13,33.599998,33.900002,33.299999,33.799999,23.346231,423000
1989-02-14,33.900002,34.000000,33.599998,33.700001,23.277166,242300
1989-02-15,33.200001,33.900002,33.000000,33.799999,23.429808,305200
1989-02-16,33.900002,35.799999,33.500000,35.799999,24.816191,484000
1989-02-17,35.400002,35.700001,35.000000,35.200001,24.400274,345100
1989-02-21,35.400002,36.200001,34.599998,36.200001,25.093458,674200
1989-02-22,36.000000,36.700001,35.799999,36.599998,25.370739,557200
1989-02-23,35.799999,36.500000,35.799999,36.000000,24.954819,454600
1989-02-24,35.900002,36.000000,34.799999,35.200001,24.400274,369000
1989-02-27,35.599998,35.700001,35.000000,35.200001,24.400274,205500
1989-02-28,35.200001,35.200001,34.000000,34.400002,23.845720,240200
1989-03-01,34.400002,34.799999,33.400002,34.000000,23.568449,220200
1989-03-02,33.799999,35.000000,33.599998,34.799999,24.122992,391800
1989-03-03,34.599998,34.700001,34.400002,34.599998,23.984356,176200
1989-03-06,34.599998,34.599998,34.299999,34.599998,23.984356,164800
1989-03-07,34.400002,34.400002,33.799999,34.200001,23.707079,302600
1989-03-08,34.299999,34.599998,34.000000,34.299999,23.776403,259300
1989-03-09,34.200001,34.200001,32.799999,33.400002,23.152529,576300
1989-03-10,33.500000,33.500000,32.799999,33.099998,22.944571,186200
1989-03-13,33.200001,33.299999,32.900002,32.900002,22.805941,77100
1989-03-14,33.000000,33.299999,32.900002,32.900002,22.805941,106500
1989-03-15,33.099998,33.099998,32.400002,32.599998,22.597980,76300
1989-03-16,32.700001,33.200001,32.099998,32.900002,22.805941,154000
1989-03-17,32.400002,32.799999,32.000000,32.200001,22.320705,239800
1989-03-20,32.000000,32.299999,30.900000,31.400000,21.766144,196300
1989-03-21,31.600000,32.299999,31.200001,32.200001,22.320705,190100
1989-03-22,32.700001,32.799999,29.600000,30.100000,20.865005,463700
1989-03-23,29.799999,30.500000,29.799999,30.200001,20.934322,267100
1989-03-27,30.400000,30.799999,30.400000,30.799999,21.350239,103100
1989-03-28,30.600000,31.100000,30.400000,30.600000,21.211586,98600
1989-03-29,30.799999,31.900000,30.600000,31.900000,22.112749,226500
1989-03-30,32.000000,32.099998,31.299999,31.600000,21.904787,136200
1989-03-31,31.500000,31.900000,31.500000,31.799999,22.043419,37100
1989-04-03,31.600000,31.600000,30.700001,31.000000,21.488874,171000
1989-04-04,30.900000,31.299999,30.700001,30.900000,21.419561,91700
1989-04-05,30.900000,30.900000,30.700001,30.700001,21.280920,146000
1989-04-06,32.000000,32.000000,31.400000,31.600000,21.904787,345800
1989-04-07,31.400000,31.900000,31.200001,31.700001,21.974117,77300
1989-04-10,31.500000,31.600000,31.000000,31.500000,21.835474,207000
1989-04-11,31.299999,31.500000,31.200001,31.500000,21.835474,93500
1989-04-12,31.299999,32.200001,31.299999,31.900000,22.112749,174300
1989-04-13,31.700001,31.799999,31.100000,31.200001,21.627504,54200
1989-04-14,31.299999,31.500000,31.100000,31.400000,21.766144,93700
1989-04-17,31.299999,31.700001,29.000000,29.200001,20.241129,412800
1989-04-18,29.400000,29.700001,28.900000,29.200001,20.241129,489500
1989-04-19,29.200001,29.799999,28.600000,28.900000,20.033178,748600
1989-04-20,29.200001,29.799999,29.100000,29.600000,20.518406,401500
1989-04-21,29.799999,30.799999,29.799999,30.500000,21.142282,291600
1989-04-24,30.400000,31.100000,29.400000,29.400000,20.379770,377300
1989-04-25,29.100000,29.900000,29.000000,29.400000,20.379770,325200
1989-04-26,29.200001,31.799999,28.900000,31.000000,21.488874,852700
1989-04-27,31.200001,31.299999,30.500000,30.700001,21.280920,284000
1989-04-28,30.500000,30.500000,29.500000,29.799999,20.657055,385600
1989-05-01,29.600000,30.200001,29.400000,30.200001,20.934322,118100
1989-05-02,30.200001,30.299999,29.900000,30.100000,20.865005,196700
1989-05-03,30.100000,30.200001,30.000000,30.200001,20.934322,168700
1989-05-04,30.299999,31.000000,30.299999,30.900000,21.419561,224800
1989-05-05,31.000000,31.000000,29.600000,29.900000,20.726366,276100
1989-05-08,29.700001,30.000000,29.500000,30.000000,20.795687,120300
1989-05-09,30.799999,32.700001,30.299999,31.400000,21.766144,1455800
1989-05-10,31.400000,33.099998,30.900000,32.200001,22.320705,1272000
1989-05-11,32.000000,33.299999,32.000000,33.299999,23.083218,1092800
1989-05-12,33.400002,33.700001,31.400000,31.400000,21.766144,1235300
1989-05-15,31.200001,31.600000,30.600000,30.900000,21.419561,415300
1989-05-16,31.100000,31.200001,28.799999,29.200001,20.241129,1570500
1989-05-17,29.100000,29.600000,28.200001,28.200001,19.547949,506500
1989-05-18,28.200001,29.200001,28.100000,28.600000,19.825216,337800
1989-05-19,28.400000,29.000000,28.400000,28.799999,19.963861,279800
1989-05-22,28.600000,28.700001,27.900000,28.000000,19.409300,176100
1989-05-23,27.799999,28.000000,27.500000,27.700001,19.284134,280700
1989-05-24,27.700001,28.100000,27.700001,27.900000,19.423374,130600
1989-05-25,27.799999,27.900000,27.400000,27.600000,19.214520,193600
1989-05-26,27.700001,28.000000,27.500000,27.900000,19.423374,153000
1989-05-30,27.700001,28.000000,27.500000,27.799999,19.353748,174000
1989-05-31,27.600000,28.000000,27.600000,27.799999,19.353748,73700
1989-06-01,27.700001,27.799999,27.299999,27.299999,19.005663,98700
1989-06-02,27.200001,27.700001,27.100000,27.500000,19.144899,93000
1989-06-05,27.299999,27.600000,27.200001,27.200001,18.936043,76300
1989-06-06,27.200001,28.100000,27.200001,28.000000,19.492987,174300
1989-06-07,28.100000,28.400000,27.799999,28.000000,19.492987,167300
1989-06-08,28.000000,28.000000,27.600000,27.799999,19.353748,120000
1989-06-09,27.600000,28.200001,27.400000,27.400000,19.075283,163300
1989-06-12,27.400000,27.500000,27.100000,27.299999,19.005663,168200
1989-06-13,27.200001,27.799999,27.100000,27.600000,19.214520,224300
1989-06-14,27.700001,28.100000,27.500000,28.100000,19.562611,104000
1989-06-15,27.900000,28.100000,27.700001,27.900000,19.423374,147300
1989-06-16,27.799999,28.200001,27.700001,28.000000,19.492987,281800
1989-06-19,27.900000,27.900000,27.600000,27.600000,19.214520,135800
1989-06-20,27.600000,27.799999,27.400000,27.600000,19.214520,243100
1989-06-21,27.400000,27.900000,27.400000,27.900000,19.423374,172600
1989-06-22,32.700001,32.700001,31.799999,32.099998,22.347322,1549200
1989-06-23,32.000000,32.200001,30.799999,31.799999,22.138462,979000
1989-06-26,31.700001,32.799999,31.600000,32.299999,22.486557,570300
1989-06-27,32.500000,32.700001,32.000000,32.000000,22.277708,233100
1989-06-28,32.200001,32.500000,31.799999,32.099998,22.347322,228300
1989-06-29,32.000000,32.000000,31.200001,31.700001,22.068851,174500
1989-06-30,31.600000,31.700001,31.200001,31.600000,21.999231,196100
1989-07-03,31.299999,31.400000,31.000000,31.400000,21.859989,107500
1989-07-05,30.700001,31.900000,30.700001,31.799999,22.138462,750000
1989-07-06,32.000000,32.000000,31.700001,31.700001,22.068851,177700
1989-07-07,31.799999,32.400002,31.700001,32.000000,22.277708,356000
1989-07-10,31.799999,31.900000,31.000000,31.400000,21.859989,236000
1989-07-11,31.100000,31.400000,31.000000,31.299999,21.790377,119100
1989-07-12,31.200001,31.700001,31.100000,31.600000,21.999231,118500
1989-07-13,31.400000,31.500000,31.299999,31.500000,21.929613,107600
1989-07-14,31.299999,31.299999,30.700001,31.100000,21.651146,137200
1989-07-17,30.700001,30.900000,30.400000,30.799999,21.442286,122000
1989-07-18,30.799999,30.799999,30.400000,30.400000,21.163818,22300
1989-07-19,30.500000,30.900000,30.000000,30.400000,21.163818,115500
1989-07-20,30.200001,30.600000,30.000000,30.400000,21.163818,78700
1989-07-21,30.400000,30.600000,30.200001,30.299999,21.094196,119800
1989-07-24,30.200001,30.400000,30.100000,30.200001,21.024580,40300
1989-07-25,30.299999,30.799999,30.200001,30.299999,21.094196,180100
1989-07-26,30.400000,31.100000,30.299999,31.100000,21.651146,116800
1989-07-27,31.100000,31.100000,30.600000,30.799999,21.442286,314200
1989-07-28,31.000000,31.100000,30.600000,30.799999,21.442286,35300
1989-07-31,30.799999,31.600000,30.799999,31.299999,21.790377,163100
1989-08-01,31.400000,31.500000,30.200001,30.600000,21.303047,136700
1989-08-02,30.600000,31.200001,30.600000,31.200001,21.720747,40500
1989-08-03,31.200001,31.600000,30.900000,31.500000,21.929613,114300
1989-08-04,31.200001,31.700001,31.100000,31.600000,21.999231,90500
1989-08-07,31.700001,32.599998,31.600000,32.599998,22.695396,307700
1989-08-08,32.700001,33.299999,32.599998,33.099998,23.043493,485500
1989-08-09,33.000000,33.200001,32.700001,32.700001,22.765024,228300
1989-08-10,32.400002,32.900002,32.400002,32.799999,22.834641,140800
1989-08-11,32.700001,32.900002,32.200001,32.299999,22.486557,240200
1989-08-14,32.099998,32.299999,31.799999,31.900000,22.208080,102300
1989-08-15,32.099998,32.299999,31.799999,32.000000,22.277708,192100
1989-08-16,32.000000,32.200001,31.900000,31.900000,22.208080,114300
1989-08-17,31.900000,32.799999,31.100000,31.100000,21.651146,331500
1989-08-18,31.299999,31.799999,31.299999,31.500000,21.929613,102500
1989-08-21,31.600000,31.799999,30.799999,30.799999,21.442286,100200
1989-08-22,30.900000,31.200001,30.900000,31.100000,21.651146,30100
1989-08-23,31.299999,31.500000,31.100000,31.400000,21.859989,42500
1989-08-24,31.299999,31.799999,31.299999,31.600000,21.999231,139300
1989-08-25,31.600000,31.799999,31.299999,31.799999,22.138462,118500
1989-08-28,31.600000,32.299999,31.500000,32.299999,22.486557,84600
1989-08-29,32.099998,32.099998,31.600000,31.900000,22.291033,114500
1989-08-30,31.900000,32.000000,31.900000,32.000000,22.360916,88200
1989-08-31,32.000000,32.099998,31.900000,32.099998,22.430784,63200
1989-09-01,32.000000,32.200001,32.000000,32.099998,22.430784,49500
1989-09-05,32.000000,32.000000,31.600000,31.799999,22.221165,44100
1989-09-06,31.799999,31.900000,31.600000,31.799999,22.221165,99200
1989-09-07,31.900000,32.200001,31.799999,31.799999,22.221165,82300
1989-09-08,32.000000,32.200001,31.700001,32.000000,22.360916,141600
1989-09-11,32.200001,32.200001,31.799999,32.099998,22.430784,84200
1989-09-12,32.000000,32.299999,32.000000,32.000000,22.360916,196500
1989-09-13,32.099998,32.099998,31.400000,31.700001,22.151283,219300
1989-09-14,31.600000,31.700001,30.900000,31.100000,21.732010,131000
1989-09-15,31.200001,31.200001,30.200001,30.799999,21.522379,337200
1989-09-18,30.700001,31.200001,30.700001,31.200001,21.801891,65500
1989-09-19,31.200001,31.200001,31.000000,31.100000,21.732010,52100
1989-09-20,31.200001,31.799999,31.000000,31.600000,22.081396,232500
1989-09-21,31.799999,31.799999,31.200001,31.400000,21.941650,129500
1989-09-22,31.600000,32.099998,31.400000,31.799999,22.221165,139200
1989-09-25,31.799999,32.500000,31.700001,32.500000,22.710302,174700
1989-09-26,32.500000,33.099998,32.099998,32.500000,22.710302,292200
1989-09-27,32.400002,32.799999,31.799999,31.799999,22.221165,114200
1989-09-28,32.000000,32.400002,31.600000,32.400002,22.640423,76700
1989-09-29,32.500000,32.700001,32.099998,32.200001,22.500673,121000
1989-10-02,32.099998,32.200001,31.900000,32.200001,22.500673,32200
1989-10-03,32.299999,32.299999,31.900000,32.000000,22.360916,71800
1989-10-04,31.600000,31.900000,31.600000,31.900000,22.291033,81100
1989-10-05,31.900000,32.099998,31.500000,31.500000,22.011530,107200
1989-10-06,31.600000,32.200001,31.500000,32.200001,22.500673,165600
1989-10-09,32.500000,32.599998,32.099998,32.299999,22.570543,80500
1989-10-10,32.700001,33.200001,32.500000,32.599998,22.780178,342100
1989-10-11,32.799999,32.900002,32.500000,32.799999,22.919939,183100
1989-10-12,32.799999,33.599998,32.700001,33.299999,23.269329,222200
1989-10-13,33.099998,33.299999,30.900000,31.700001,22.151283,219300
1989-10-16,31.000000,31.100000,29.799999,31.100000,21.732010,429600
1989-10-17,31.000000,31.200001,29.900000,31.000000,21.662134,90600
1989-10-18,31.000000,31.600000,30.400000,30.600000,21.382614,199100
1989-10-19,30.799999,30.900000,29.900000,30.100000,21.033228,167300
1989-10-20,30.000000,30.000000,29.100000,29.700001,20.753727,196300
1989-10-23,29.799999,29.799999,28.900000,29.100000,20.334457,159600
1989-10-24,29.299999,29.900000,29.000000,29.700001,20.753727,126300
1989-10-25,29.700001,30.400000,29.700001,29.900000,20.893467,141700
1989-10-26,29.799999,30.799999,29.299999,30.600000,21.382614,216000
1989-10-27,31.500000,32.799999,31.400000,32.200001,22.500673,647100
1989-10-30,32.799999,32.799999,32.099998,32.400002,22.640423,309600
1989-10-31,32.400002,32.400002,31.700001,32.000000,22.360916,180000
1989-11-01,32.000000,32.299999,32.000000,32.299999,22.570543,165200
1989-11-02,32.299999,33.200001,32.200001,32.900002,22.989811,311300
1989-11-03,33.000000,33.599998,32.900002,33.099998,23.129576,308800
1989-11-06,33.200001,34.400002,32.799999,34.299999,23.968105,319700
1989-11-07,34.799999,35.599998,34.599998,35.500000,24.806635,381600
1989-11-08,35.099998,35.299999,34.299999,35.299999,24.666885,375500
1989-11-09,35.000000,35.099998,34.099998,34.400002,24.037987,280000
1989-11-10,34.299999,34.700001,34.000000,34.700001,24.247614,228800
1989-11-13,35.200001,35.599998,35.099998,35.599998,24.876507,273100
1989-11-14,35.599998,35.799999,35.200001,35.400002,24.736771,336700
1989-11-15,35.299999,35.299999,33.799999,33.900002,23.688601,234200
1989-11-16,34.099998,34.200001,33.400002,34.000000,23.758472,285300
1989-11-17,34.099998,34.200001,33.799999,34.200001,23.898224,283700
1989-11-20,34.400002,35.000000,34.200001,35.000000,24.457243,422000
1989-11-21,35.299999,35.900002,35.099998,35.700001,24.946396,507300
1989-11-22,36.099998,37.099998,36.000000,36.700001,25.645178,686800
1989-11-24,37.000000,37.900002,36.900002,37.700001,26.430508,375100
1989-11-27,37.099998,37.900002,36.000000,36.099998,25.308790,398600
1989-11-28,35.299999,36.299999,35.099998,36.000000,25.238686,322500
1989-11-29,36.000000,36.599998,35.599998,35.599998,24.958252,210600
1989-11-30,35.299999,36.400002,35.200001,35.799999,25.098467,174500
1989-12-01,36.200001,37.000000,36.200001,36.700001,25.729456,286500
1989-12-04,35.900002,36.200001,35.500000,35.599998,24.958252,165300
1989-12-05,35.700001,36.000000,35.599998,35.799999,25.098467,124600
1989-12-06,36.000000,36.299999,35.799999,36.000000,25.238686,94600
1989-12-07,36.000000,37.000000,35.700001,36.900002,25.869654,210600
1989-12-08,36.799999,37.700001,36.799999,37.500000,26.290318,246000
1989-12-11,37.500000,39.099998,37.500000,38.799999,27.201687,461500
1989-12-12,38.900002,39.599998,38.599998,39.299999,27.552248,284700
1989-12-13,39.200001,39.299999,37.900002,38.200001,26.781061,212600
1989-12-14,37.799999,38.500000,37.799999,38.299999,26.851158,140000
1989-12-15,38.799999,39.299999,38.599998,39.299999,27.552248,297100
1989-12-18,38.900002,39.799999,38.299999,39.799999,27.902775,374100
1989-12-19,39.599998,39.799999,38.799999,39.200001,27.482128,157300
1989-12-20,39.200001,39.400002,38.500000,38.900002,27.271816,302500
1989-12-21,38.500000,38.700001,38.000000,38.200001,26.781061,155200
1989-12-22,38.000000,38.200001,37.700001,37.799999,26.500612,109800
1989-12-26,37.599998,37.599998,36.500000,36.700001,25.729456,108200
1989-12-27,36.799999,37.200001,36.200001,36.299999,25.449001,152700
1989-12-28,36.400002,36.700001,36.200001,36.599998,25.659327,55500
1989-12-29,36.799999,38.000000,36.799999,38.000000,26.640835,109100
1990-01-02,37.400002,38.099998,37.299999,38.099998,26.710945,138800
1990-01-03,38.200001,38.500000,37.200001,37.799999,26.500612,247000
1990-01-04,37.599998,38.000000,37.400002,38.000000,26.640835,143600
1990-01-05,38.200001,39.000000,38.099998,39.000000,27.341921,389100
1990-01-08,38.799999,39.000000,37.900002,38.099998,26.710945,152600
1990-01-09,38.400002,38.400002,37.900002,38.099998,26.710945,261500
1990-01-10,39.200001,40.400002,39.000000,40.299999,28.253317,516800
1990-01-11,40.599998,41.599998,40.599998,41.599998,29.164707,402000
1990-01-12,41.500000,42.799999,40.000000,40.299999,28.253317,571000
1990-01-15,40.700001,41.500000,40.700001,41.299999,28.954386,344200
1990-01-16,41.200001,41.200001,40.700001,40.900002,28.673950,253000
1990-01-17,40.400002,41.200001,40.299999,41.000000,28.744068,438600
1990-01-18,41.299999,41.400002,40.099998,40.599998,28.463644,214100
1990-01-19,40.000000,40.200001,39.700001,40.099998,28.113098,197800
1990-01-22,39.799999,40.500000,39.099998,40.400002,28.323408,319700
1990-01-23,40.099998,41.700001,39.900002,41.200001,28.884274,260500
1990-01-24,42.099998,42.299999,41.400002,41.500000,29.094625,279800
1990-01-25,41.299999,41.599998,40.200001,41.000000,28.744068,163600
1990-01-26,41.599998,42.400002,41.400002,42.299999,29.655466,315700
1990-01-29,42.299999,43.299999,41.599998,43.099998,30.216303,321200
1990-01-30,42.900002,43.400002,42.700001,43.000000,30.146223,283500
1990-01-31,43.200001,43.200001,41.200001,41.400002,29.024479,309000
1990-02-01,41.799999,42.000000,41.599998,42.000000,29.445147,155100
1990-02-02,42.099998,42.099998,41.599998,41.900002,29.375032,102600
1990-02-05,42.400002,43.400002,42.400002,43.400002,30.426641,335100
1990-02-06,42.500000,42.900002,42.099998,42.200001,29.585360,170200
1990-02-07,42.599998,43.299999,42.099998,42.400002,29.725561,245000
1990-02-08,42.299999,42.799999,42.099998,42.299999,29.655466,248600
1990-02-09,42.000000,42.099998,41.400002,41.700001,29.234798,115500
1990-02-12,41.599998,42.299999,41.500000,41.900002,29.375032,160200
1990-02-13,41.500000,42.400002,41.400002,42.400002,29.811096,210700
1990-02-14,42.099998,42.400002,41.599998,42.400002,29.811096,130800
1990-02-15,42.700001,43.099998,41.400002,41.400002,29.107983,156700
1990-02-16,42.299999,42.900002,42.200001,42.599998,29.951706,519800
1990-02-20,43.099998,43.200001,42.599998,42.900002,30.162636,131300
1990-02-21,42.900002,43.299999,42.700001,43.299999,30.443867,305000
1990-02-22,43.400002,43.500000,42.799999,42.900002,30.162636,115300
1990-02-23,42.500000,43.200001,42.500000,42.799999,30.092329,134800
1990-02-26,42.400002,42.599998,41.200001,41.500000,29.178328,266200
1990-02-27,41.299999,42.400002,41.000000,42.400002,29.811096,177500
1990-02-28,41.799999,42.099998,41.599998,41.599998,29.248608,175300
1990-03-01,41.500000,42.299999,41.400002,42.299999,29.740786,143100
1990-03-02,42.099998,42.200001,41.900002,42.200001,29.670479,126200
1990-03-05,42.299999,42.400002,41.700001,41.700001,29.318918,136700
1990-03-06,41.799999,42.299999,41.799999,42.200001,29.670479,118800
1990-03-07,41.799999,41.900002,40.599998,40.799999,28.686132,235300
1990-03-08,40.900002,41.500000,40.900002,41.500000,29.178328,77100
1990-03-09,41.200001,41.299999,40.299999,40.700001,28.615822,203300
1990-03-12,40.599998,40.599998,40.200001,40.500000,28.475229,98300
1990-03-13,39.799999,40.000000,38.599998,39.299999,27.631516,524800
1990-03-14,39.400002,39.500000,39.000000,39.500000,27.772121,147600
1990-03-15,39.599998,40.599998,39.599998,40.599998,28.545528,170800
1990-03-16,40.599998,41.500000,40.599998,41.299999,29.037682,309300
1990-03-19,41.299999,42.000000,41.299999,41.599998,29.248608,90100
1990-03-20,41.400002,41.400002,39.900002,40.000000,28.123671,156800
1990-03-21,40.000000,40.000000,39.000000,39.799999,27.983061,469300
1990-03-22,39.400002,39.599998,38.700001,39.599998,27.842445,228100
1990-03-23,39.599998,39.599998,38.000000,38.900002,27.350279,227700
1990-03-26,37.000000,37.500000,36.700001,36.700001,25.803474,365500
1990-03-27,37.099998,37.400002,36.000000,36.099998,25.381615,263200
1990-03-28,36.200001,36.500000,36.000000,36.299999,25.522221,177200
1990-03-29,38.599998,38.599998,38.000000,38.299999,26.928411,415200
1990-03-30,38.400002,38.400002,37.799999,38.000000,26.717485,181100
1990-04-02,37.799999,37.799999,36.799999,36.799999,25.873783,182600
1990-04-03,37.099998,37.599998,36.900002,37.400002,26.295618,188800
1990-04-04,37.200001,37.200001,36.799999,37.200001,26.155008,134000
1990-04-05,37.000000,37.299999,36.799999,37.200001,26.155008,140600
1990-04-06,37.400002,37.799999,37.400002,37.700001,26.506546,95600
1990-04-09,37.400002,37.500000,36.799999,36.799999,25.873783,56800
1990-04-10,36.799999,36.900002,36.099998,36.299999,25.522221,142600
1990-04-11,36.200001,36.200001,34.400002,34.500000,24.256659,266200
1990-04-12,34.400002,35.200001,34.400002,34.900002,24.537903,142700
1990-04-16,34.900002,35.099998,33.700001,34.000000,23.905117,312200
1990-04-17,33.799999,33.900002,33.500000,33.799999,23.764498,193100
1990-04-18,34.000000,35.099998,33.599998,35.099998,24.678522,324300
1990-04-19,35.099998,35.200001,34.599998,35.000000,24.608206,181300
1990-04-20,34.799999,34.900002,34.000000,34.099998,23.975416,186300
1990-04-23,33.900002,34.599998,33.900002,34.299999,24.116039,173100
1990-04-24,34.099998,34.400002,33.799999,34.000000,23.905117,109800
1990-04-25,33.799999,33.900002,33.400002,33.799999,23.764498,154100
1990-04-26,33.900002,34.099998,33.900002,34.000000,23.905117,133500
1990-04-27,34.099998,34.200001,33.599998,33.599998,23.623875,88800
1990-04-30,33.500000,33.700001,33.299999,33.599998,23.623875,65200
1990-05-01,33.599998,34.299999,33.599998,34.200001,24.045731,120800
1990-05-02,34.099998,34.099998,33.799999,34.099998,23.975416,96200
1990-05-03,34.299999,34.400002,34.099998,34.400002,24.186359,51300
1990-05-04,34.599998,34.799999,34.400002,34.799999,24.467594,149600
1990-05-07,34.500000,35.000000,34.500000,34.900002,24.537903,71600
1990-05-08,35.099998,35.099998,34.200001,34.599998,24.326965,72000
1990-05-09,34.599998,36.000000,34.599998,36.000000,25.311302,235600
1990-05-10,35.900002,36.400002,35.799999,36.299999,25.522221,130000
1990-05-11,36.000000,36.799999,35.900002,36.799999,25.873783,224000
1990-05-14,36.799999,36.900002,36.500000,36.500000,25.662851,116600
1990-05-15,36.299999,36.400002,35.700001,35.799999,25.170675,152200
1990-05-16,35.700001,35.799999,35.400002,35.700001,25.100370,59500
1990-05-17,35.599998,35.700001,35.099998,35.200001,24.832445,61200
1990-05-18,35.400002,36.299999,35.200001,36.200001,25.537907,273000
1990-05-21,36.299999,37.299999,36.299999,37.299999,26.313927,250600
1990-05-22,37.599998,38.299999,37.599998,38.000000,26.807745,213800
1990-05-23,36.599998,37.200001,36.599998,37.000000,26.102280,289800
1990-05-24,37.000000,37.200001,36.900002,37.099998,26.172813,85500
1990-05-25,36.799999,37.000000,36.599998,36.599998,25.820082,69600
1990-05-29,36.500000,37.200001,36.500000,36.900002,26.031733,111700
1990-05-30,37.099998,37.200001,36.200001,36.599998,25.820082,205500
1990-05-31,36.500000,36.799999,36.500000,36.599998,25.820082,120100
1990-06-01,36.599998,36.799999,36.099998,36.200001,25.537907,134300
1990-06-04,36.000000,36.000000,35.099998,35.700001,25.185177,178500
1990-06-05,35.700001,35.700001,35.400002,35.700001,25.185177,188200
1990-06-06,35.400002,35.700001,35.099998,35.299999,24.902985,136300
1990-06-07,35.000000,35.099998,34.099998,34.099998,24.056412,159000
1990-06-08,33.000000,33.500000,33.000000,33.400002,23.562586,367600
1990-06-11,33.299999,34.200001,33.299999,34.200001,24.126963,126300
1990-06-12,34.299999,34.599998,34.200001,34.599998,24.409157,83800
1990-06-13,34.000000,34.099998,33.599998,33.599998,23.703684,85800
1990-06-14,33.599998,33.599998,31.900000,32.599998,22.998236,727300
1990-06-15,32.500000,33.400002,32.500000,33.400002,23.562586,357100
1990-06-18,33.400002,33.799999,33.400002,33.500000,23.633142,189700
1990-06-19,33.599998,33.700001,33.599998,33.599998,23.703684,98000
1990-06-20,33.500000,34.599998,33.500000,34.500000,24.338604,176600
1990-06-21,34.299999,34.500000,34.200001,34.500000,24.338604,122200
1990-06-22,34.299999,34.400002,33.599998,33.700001,23.774229,247200
1990-06-25,34.099998,34.400002,33.700001,33.900002,23.915340,151200
1990-06-26,33.599998,33.900002,33.599998,33.599998,23.703684,159800
1990-06-27,33.799999,34.200001,33.700001,34.099998,24.056412,61200
1990-06-28,34.299999,34.400002,33.700001,34.099998,24.056412,68300
1990-06-29,33.900002,35.099998,33.900002,34.900002,24.620800,238200
1990-07-02,34.900002,35.099998,34.700001,35.000000,24.691341,71700
1990-07-03,34.799999,36.299999,34.799999,36.200001,25.537907,184800
1990-07-05,35.799999,35.900002,35.000000,35.200001,24.832445,172700
1990-07-06,35.099998,35.700001,35.000000,35.700001,25.185177,91100
1990-07-09,35.599998,35.700001,35.000000,35.000000,24.691341,78700
1990-07-10,34.700001,34.700001,34.400002,34.599998,24.409157,88700
1990-07-11,34.599998,34.700001,34.299999,34.599998,24.409157,59000
1990-07-12,34.200001,35.599998,33.799999,35.599998,25.114603,218800
1990-07-13,35.799999,37.400002,35.799999,36.799999,25.961197,410800
1990-07-16,36.500000,37.000000,36.500000,36.900002,26.031733,149200
1990-07-17,36.700001,37.900002,36.700001,37.400002,26.384460,175300
1990-07-18,37.000000,37.400002,35.900002,35.900002,25.326265,362700
1990-07-19,36.200001,36.700001,36.000000,36.700001,25.890648,198600
1990-07-20,36.500000,36.799999,36.299999,36.500000,25.749542,52700
1990-07-23,37.000000,37.900002,37.000000,37.599998,26.525564,279500
1990-07-24,37.599998,37.799999,36.900002,37.299999,26.313927,101300
1990-07-25,38.000000,38.599998,37.900002,38.299999,27.019377,223300
1990-07-26,38.000000,38.200001,37.400002,38.200001,26.948845,256700
1990-07-27,38.000000,38.599998,38.000000,38.599998,27.231020,188000
1990-07-30,38.799999,39.000000,38.599998,39.000000,27.513220,68000
1990-07-31,39.599998,39.900002,39.299999,39.599998,27.936491,126200
1990-08-01,39.400002,40.400002,39.400002,39.900002,28.148119,178600
1990-08-02,41.500000,41.799999,41.000000,41.299999,29.135792,701700
1990-08-03,41.200001,41.599998,40.900002,41.000000,28.924170,378000
1990-08-06,41.700001,41.900002,40.599998,41.000000,28.924170,195700
1990-08-07,40.599998,41.200001,40.200001,41.200001,29.065231,170100
1990-08-08,41.200001,41.299999,40.799999,41.200001,29.065231,293200
1990-08-09,41.000000,41.299999,40.700001,41.000000,28.924170,147500
1990-08-10,41.299999,42.200001,41.200001,42.000000,29.629618,219600
1990-08-13,43.200001,43.299999,42.799999,43.099998,30.405609,263600
1990-08-14,43.299999,43.799999,42.200001,42.500000,29.982347,398300
1990-08-15,42.000000,43.099998,41.900002,42.799999,30.279615,236000
1990-08-16,42.700001,43.400002,42.700001,43.400002,30.704105,398200
1990-08-17,43.299999,43.299999,42.700001,43.099998,30.491850,168500
1990-08-20,43.000000,43.200001,42.599998,42.599998,30.138128,56300
1990-08-21,42.700001,43.000000,42.099998,42.299999,29.925892,177600
1990-08-22,42.200001,42.400002,41.900002,42.200001,29.855143,162700
1990-08-23,42.400002,42.700001,42.000000,42.200001,29.855143,229100
1990-08-24,41.599998,41.599998,40.299999,40.500000,28.652451,349100
1990-08-27,38.799999,39.000000,37.599998,37.599998,26.600790,207200
1990-08-28,38.799999,38.799999,37.900002,38.099998,26.954525,293700
1990-08-29,38.200001,38.900002,38.200001,38.299999,27.096014,233800
1990-08-30,35.400002,36.400002,35.400002,35.599998,25.185833,550700
1990-08-31,35.799999,35.799999,34.900002,35.099998,24.832123,232000
1990-09-04,34.799999,35.599998,34.799999,35.299999,24.973621,96600
1990-09-05,35.400002,36.200001,35.299999,36.000000,25.468842,298000
1990-09-06,35.700001,36.400002,35.599998,35.599998,25.185833,181300
1990-09-07,35.400002,35.599998,35.200001,35.400002,25.044371,48300
1990-09-10,35.000000,35.099998,33.500000,34.200001,24.195396,320500
1990-09-11,34.099998,34.299999,33.900002,34.299999,24.266150,280600
1990-09-12,34.299999,34.400002,33.799999,34.000000,24.053917,59500
1990-09-13,34.000000,34.000000,33.599998,34.000000,24.053917,134000
1990-09-14,34.400002,34.500000,34.099998,34.400002,24.336897,79600
1990-09-17,34.400002,35.299999,34.400002,35.099998,24.832123,166100
1990-09-18,34.599998,34.799999,34.299999,34.400002,24.336897,145600
1990-09-19,34.400002,34.400002,33.500000,33.500000,23.700171,183200
1990-09-20,33.400002,33.500000,32.500000,33.400002,23.629416,292600
1990-09-21,33.400002,33.799999,33.200001,33.599998,23.770918,205200
1990-09-24,34.599998,35.299999,34.099998,35.299999,24.973621,352700
1990-09-25,35.599998,35.900002,35.599998,35.599998,25.185833,436500
1990-09-26,34.799999,35.000000,34.299999,34.500000,24.407635,603800
1990-09-27,34.000000,34.200001,33.099998,33.200001,23.487942,205200
1990-09-28,33.099998,33.500000,33.000000,33.000000,23.346437,187100
1990-10-01,32.500000,32.599998,31.799999,31.900000,22.568220,180000
1990-10-02,31.900000,32.599998,31.700001,32.099998,22.709717,198600
1990-10-03,32.099998,32.400002,32.000000,32.099998,22.709717,140100
1990-10-04,32.200001,32.400002,31.600000,31.900000,22.568220,121500
1990-10-05,32.200001,32.200001,31.799999,32.099998,22.709717,63300
1990-10-08,31.900000,32.000000,31.500000,32.000000,22.638969,115800
1990-10-09,32.000000,32.000000,30.000000,30.299999,21.436274,301100
1990-10-10,30.299999,30.299999,29.799999,30.000000,21.224024,129500
1990-10-11,29.600000,30.000000,28.299999,28.400000,20.092085,262700
1990-10-12,28.900000,29.700001,28.900000,29.700001,21.011791,295800
1990-10-15,29.400000,29.400000,28.000000,28.000000,19.809095,220500
1990-10-16,27.500000,29.799999,26.700001,27.799999,19.667603,807700
1990-10-17,27.900000,28.400000,27.700001,27.900000,19.738356,233700
1990-10-18,28.000000,28.200001,27.799999,28.200001,19.950602,176500
1990-10-19,28.400000,28.600000,28.200001,28.400000,20.092085,152800
1990-10-22,28.200001,29.200001,27.900000,29.000000,20.516565,139800
1990-10-23,29.000000,29.400000,29.000000,29.000000,20.516565,156100
1990-10-24,28.799999,29.500000,28.700001,29.200001,20.658051,162700
1990-10-25,29.600000,30.600000,29.600000,29.700001,21.011791,228800
1990-10-26,29.500000,29.500000,28.700001,28.700001,20.304327,155200
1990-10-29,28.400000,29.000000,28.299999,28.799999,20.375082,144100
1990-10-30,28.900000,29.600000,28.500000,29.400000,20.799553,282100
1990-10-31,29.600000,29.600000,29.200001,29.400000,20.799553,361200
1990-11-01,29.400000,29.600000,29.000000,29.500000,20.870295,156800
1990-11-02,29.500000,29.600000,29.299999,29.400000,20.799553,136300
1990-11-05,29.400000,30.200001,29.400000,29.900000,21.153282,89000
1990-11-06,30.200001,30.400000,29.799999,29.900000,21.153282,166800
1990-11-07,29.700001,30.100000,29.600000,29.700001,21.011791,74100
1990-11-08,29.799999,30.299999,29.600000,30.000000,21.224024,199100
1990-11-09,30.000000,30.600000,29.900000,30.400000,21.507021,153000
1990-11-12,30.299999,30.299999,29.900000,30.299999,21.436274,98000
1990-11-13,30.100000,30.600000,30.100000,30.400000,21.507021,67500
1990-11-14,30.299999,30.500000,29.600000,29.600000,20.941059,204600
1990-11-15,29.400000,29.900000,29.200001,29.500000,20.870295,61100
1990-11-16,29.600000,29.600000,28.799999,28.799999,20.375082,267800
1990-11-19,28.400000,29.000000,28.400000,28.700001,20.304327,454200
1990-11-20,28.500000,28.500000,27.799999,27.900000,19.821363,87600
1990-11-21,27.700001,27.900000,27.600000,27.900000,19.821363,170300
1990-11-23,28.100000,28.500000,28.100000,28.299999,20.105549,35600
1990-11-26,28.600000,28.700001,28.299999,28.500000,20.247631,136300
1990-11-27,28.400000,28.500000,28.200001,28.400000,20.176586,122800
1990-11-28,28.200001,28.799999,28.200001,28.500000,20.247631,162800
1990-11-29,28.299999,28.500000,28.100000,28.400000,20.176586,142600
1990-11-30,28.400000,28.400000,28.000000,28.299999,20.105549,167300
1990-12-03,28.299999,28.400000,27.500000,27.600000,19.608238,99000
1990-12-04,27.600000,27.700001,27.299999,27.700001,19.679268,71300
1990-12-05,27.299999,27.500000,26.400000,26.500000,18.826744,139100
1990-12-06,25.799999,26.100000,25.299999,26.100000,18.542578,231300
1990-12-07,26.200001,26.700001,26.200001,26.500000,18.826744,100500
1990-12-10,26.500000,27.200001,26.400000,27.100000,19.253017,179700
1990-12-11,26.900000,27.000000,26.500000,26.500000,18.826744,104100
1990-12-12,26.500000,27.200001,26.500000,27.100000,19.253017,77200
1990-12-13,26.799999,27.500000,26.799999,27.400000,19.466139,79700
1990-12-14,27.200001,27.700001,27.100000,27.500000,19.537184,80500
1990-12-17,27.700001,27.700001,27.500000,27.600000,19.608238,61800
1990-12-18,27.600000,27.700001,27.200001,27.299999,19.395105,64500
1990-12-19,27.299999,29.100000,27.299999,29.100000,20.673897,218000
1990-12-20,29.400000,29.799999,29.200001,29.600000,21.029133,166600
1990-12-21,30.100000,30.100000,29.299999,29.500000,20.958075,223100
1990-12-24,29.500000,29.900000,29.299999,29.799999,21.171209,42700
1990-12-26,29.799999,30.200001,29.799999,30.100000,21.384340,30600
1990-12-27,29.900000,30.100000,29.400000,29.500000,20.958075,93200
1990-12-28,29.600000,31.600000,29.600000,31.500000,22.378965,157800
1990-12-31,31.200001,32.700001,31.200001,32.700001,23.231499,136600
1991-01-02,32.500000,32.500000,32.000000,32.000000,22.734179,327200
1991-01-03,31.500000,31.600000,31.000000,31.100000,22.094788,115200
1991-01-04,31.299999,31.400000,30.500000,30.600000,21.739563,104200
1991-01-07,31.200001,33.400002,31.200001,33.400002,23.728802,264500
1991-01-08,33.000000,33.000000,32.500000,32.900002,23.373585,224000
1991-01-09,32.500000,32.799999,31.000000,32.599998,23.160456,328100
1991-01-10,32.299999,32.500000,32.000000,32.099998,22.805229,110500
1991-01-11,32.200001,32.500000,32.099998,32.299999,22.947317,96600
1991-01-14,32.799999,34.000000,32.500000,32.900002,23.373585,287500
1991-01-15,32.700001,32.700001,31.900000,32.400002,23.018362,161800
1991-01-16,32.799999,33.000000,31.500000,31.700001,22.521059,329700
1991-01-17,28.000000,29.299999,28.000000,28.799999,20.460775,447200
1991-01-18,29.200001,29.900000,29.200001,29.600000,21.029133,183500
1991-01-21,30.200001,30.200001,29.900000,30.100000,21.384340,127600
1991-01-22,30.500000,30.500000,30.100000,30.200001,21.455379,116000
1991-01-23,30.000000,30.400000,29.500000,29.600000,21.029133,63800
1991-01-24,28.799999,29.400000,28.799999,29.299999,20.816004,207600
1991-01-25,29.100000,29.299999,29.000000,29.299999,20.816004,68700
1991-01-28,29.000000,29.100000,28.700001,28.700001,20.389721,262500
1991-01-29,28.900000,29.100000,28.600000,28.799999,20.460775,131200
1991-01-30,28.200001,28.400000,28.000000,28.299999,20.105549,120800
1991-01-31,28.299999,28.900000,28.299999,28.700001,20.389721,74600
1991-02-01,28.600000,28.799999,28.400000,28.799999,20.460775,170600
1991-02-04,28.600000,28.600000,27.799999,28.000000,19.892412,214700
1991-02-05,28.000000,28.100000,27.799999,28.000000,19.892412,163100
1991-02-06,27.700001,28.799999,27.500000,28.799999,20.460775,475800
1991-02-07,28.900000,29.900000,28.900000,29.799999,21.171209,230800
1991-02-08,29.600000,30.200001,29.600000,29.799999,21.171209,132200
1991-02-11,29.900000,29.900000,29.100000,29.299999,20.816004,124600
1991-02-12,28.799999,30.200001,28.700001,30.000000,21.313290,254700
1991-02-13,30.000000,30.299999,29.799999,29.900000,21.327705,138800
1991-02-14,30.200001,30.299999,29.700001,30.100000,21.470366,105700
1991-02-15,29.600000,29.900000,29.000000,29.299999,20.899740,153100
1991-02-19,28.900000,28.900000,28.400000,28.400000,20.257755,162700
1991-02-20,28.600000,28.799999,28.500000,28.700001,20.471743,110000
1991-02-21,28.600000,28.600000,28.400000,28.600000,20.400410,79000
1991-02-22,28.000000,28.299999,27.500000,27.600000,19.687117,244100
1991-02-25,27.600000,28.200001,27.600000,28.100000,20.043781,169300
1991-02-26,28.200001,28.299999,28.000000,28.100000,20.043781,77800
1991-02-27,28.299999,28.500000,28.200001,28.299999,20.186428,204100
1991-02-28,28.299999,29.400000,28.299999,29.100000,20.757069,349000
1991-03-01,29.400000,29.600000,29.200001,29.500000,21.042381,197600
1991-03-04,29.500000,31.000000,29.100000,30.900000,22.041019,201500
1991-03-05,30.799999,30.799999,30.400000,30.600000,21.827017,120500
1991-03-06,30.600000,31.500000,30.400000,31.000000,22.112337,212800
1991-03-07,30.700001,31.100000,30.700001,30.799999,21.969679,157100
1991-03-08,30.799999,31.600000,30.799999,31.400000,22.397661,278600
1991-03-11,31.600000,31.700001,30.600000,30.600000,21.827017,417500
1991-03-12,30.400000,30.900000,30.400000,30.799999,21.969679,275100
1991-03-13,30.799999,31.700001,30.799999,31.600000,22.540318,285200
1991-03-14,31.299999,31.299999,30.900000,31.100000,22.183670,187700
1991-03-15,30.900000,31.000000,30.200001,30.299999,21.613028,357100
1991-03-18,30.100000,30.100000,29.600000,29.799999,21.256374,117000
1991-03-19,29.299999,30.200001,29.299999,29.600000,21.113728,147000
1991-03-20,29.500000,29.799999,29.000000,29.200001,20.828396,136300
1991-03-21,28.900000,29.200001,28.799999,28.900000,20.614412,202300
1991-03-22,28.799999,29.100000,28.799999,28.799999,20.543085,123300
1991-03-25,28.700001,28.799999,28.400000,28.600000,20.400410,96100
1991-03-26,28.299999,28.500000,28.299999,28.400000,20.257755,86300
1991-03-27,28.200001,28.600000,28.000000,28.200001,20.115101,152000
1991-03-28,28.100000,28.700001,28.100000,28.299999,20.186428,73500
1991-04-01,28.400000,28.900000,28.400000,28.700001,20.471743,149600
1991-04-02,28.700001,29.000000,28.500000,28.900000,20.614412,53300
1991-04-03,29.100000,29.600000,28.900000,29.299999,20.899740,218000
1991-04-04,29.299999,29.500000,29.000000,29.200001,20.828396,89500
1991-04-05,29.000000,29.100000,28.400000,28.700001,20.471743,173300
1991-04-08,29.000000,29.100000,28.799999,29.000000,20.685738,79000
1991-04-09,29.400000,29.700001,29.400000,29.500000,21.042381,132200
1991-04-10,29.600000,29.600000,29.200001,29.400000,20.971054,103000
1991-04-11,29.400000,29.500000,28.500000,28.500000,20.329084,185200
1991-04-12,28.500000,28.700001,28.100000,28.299999,20.186428,86600
1991-04-15,28.400000,28.500000,28.299999,28.400000,20.257755,83100
1991-04-16,28.200001,28.299999,28.000000,28.000000,19.972433,114300
1991-04-17,28.200001,29.000000,28.200001,28.900000,20.614412,260300
1991-04-18,28.600000,28.900000,28.000000,28.100000,20.043781,143100
1991-04-19,28.100000,28.100000,27.799999,27.799999,19.829773,87700
1991-04-22,27.900000,28.500000,27.700001,28.500000,20.329084,115700
1991-04-23,28.500000,28.500000,28.000000,28.299999,20.186428,163700
1991-04-24,28.299999,28.400000,27.900000,28.299999,20.186428,75600
1991-04-25,28.000000,28.000000,27.799999,27.799999,19.829773,52500
1991-04-26,27.799999,28.100000,27.700001,28.000000,19.972433,52000
1991-04-29,27.799999,27.900000,27.500000,27.500000,19.615784,67000
1991-04-30,28.000000,28.299999,27.900000,28.299999,20.186428,203300
1991-05-01,28.400000,28.400000,28.200001,28.200001,20.115101,64700
1991-05-02,28.200001,28.400000,28.100000,28.400000,20.257755,47300
1991-05-03,28.299999,28.400000,27.600000,27.900000,19.901108,128000
1991-05-06,27.799999,28.200001,27.700001,28.200001,20.115101,95000
1991-05-07,28.100000,28.299999,27.900000,28.000000,19.972433,137300
1991-05-08,27.799999,28.200001,27.799999,28.000000,19.972433,60800
1991-05-09,28.000000,28.100000,27.700001,27.900000,19.901108,98600
1991-05-10,27.700001,27.799999,27.400000,27.500000,19.615784,85500
1991-05-13,27.600000,27.900000,27.299999,27.900000,19.901108,83700
1991-05-14,27.700001,27.799999,27.400000,27.500000,19.615784,178100
1991-05-15,27.600000,28.200001,27.600000,28.000000,19.972433,184300
1991-05-16,27.799999,27.799999,27.500000,27.600000,19.771992,78700
1991-05-17,27.700001,27.700001,27.400000,27.400000,19.628714,105700
1991-05-20,27.400000,27.600000,27.400000,27.500000,19.700354,28800
1991-05-21,27.500000,27.600000,27.400000,27.600000,19.771992,62800
1991-05-22,27.600000,27.700001,27.200001,27.299999,19.557085,80200
1991-05-23,27.100000,27.200001,26.600000,26.600000,19.055614,136300
1991-05-24,26.799999,27.000000,26.400000,26.700001,19.127245,75500
1991-05-28,27.600000,28.900000,27.600000,28.900000,20.703287,458200
1991-05-29,28.500000,29.100000,28.500000,29.000000,20.774923,269800
1991-05-30,28.700001,29.600000,28.700001,29.400000,21.061474,250600
1991-05-31,29.500000,29.500000,29.100000,29.400000,21.061474,177600
1991-06-03,29.600000,30.000000,29.400000,29.799999,21.348026,215800
1991-06-04,29.700001,29.700001,29.500000,29.700001,21.276392,92500
1991-06-05,29.600000,29.799999,29.299999,29.600000,21.204744,99300
1991-06-06,29.799999,31.100000,29.799999,31.100000,22.279318,314500
1991-06-07,31.100000,31.299999,30.799999,30.900000,22.136032,228700
1991-06-10,31.600000,31.700001,31.500000,31.600000,22.637497,249800
1991-06-11,31.600000,31.600000,31.000000,31.500000,22.565870,226800
1991-06-12,31.400000,31.600000,31.100000,31.299999,22.422588,177500
1991-06-13,30.900000,31.299999,30.900000,31.200001,22.350948,297300
1991-06-14,31.299999,31.299999,30.600000,30.799999,22.064398,92500
1991-06-17,30.500000,30.700001,30.500000,30.700001,21.992760,113100
1991-06-18,31.000000,31.500000,31.000000,31.299999,22.422588,220800
1991-06-19,31.400000,31.500000,31.000000,31.500000,22.565870,80300
1991-06-20,31.400000,31.500000,31.000000,31.200001,22.350948,73300
1991-06-21,31.000000,31.100000,30.299999,30.400000,21.777849,269000
1991-06-24,30.299999,30.299999,29.700001,30.100000,21.562937,117100
1991-06-25,30.100000,30.400000,30.000000,30.200001,21.634562,162000
1991-06-26,30.400000,31.100000,30.400000,30.900000,22.136032,135500
1991-06-27,30.900000,31.500000,30.900000,31.400000,22.494226,93000
1991-06-28,31.600000,31.900000,31.500000,31.799999,22.780787,129200
1991-07-01,32.000000,32.500000,31.700001,32.500000,23.282240,222600
1991-07-02,32.299999,32.299999,32.000000,32.200001,23.067326,154700
1991-07-03,32.099998,33.200001,32.099998,33.099998,23.712069,298600
1991-07-05,33.000000,33.500000,32.799999,32.900002,23.568790,109200
1991-07-08,33.200001,33.500000,33.000000,33.500000,23.998608,200000
1991-07-09,33.299999,33.500000,33.000000,33.299999,23.855352,182300
1991-07-10,33.500000,33.900002,33.299999,33.299999,23.855352,128500
1991-07-11,33.000000,33.299999,32.400002,32.400002,23.210604,337000
1991-07-12,32.400002,32.900002,32.400002,32.700001,23.425512,86300
1991-07-15,32.900002,33.299999,32.900002,33.200001,23.783705,100300
1991-07-16,33.099998,33.400002,33.000000,33.099998,23.712069,121500
1991-07-17,33.200001,33.400002,33.099998,33.299999,23.855352,79700
1991-07-18,33.599998,33.700001,31.299999,31.700001,22.709141,543000
1991-07-19,31.900000,32.099998,31.799999,32.099998,22.995678,202700
1991-07-22,32.000000,32.000000,31.500000,31.500000,22.565870,143500
1991-07-23,31.799999,32.900002,31.799999,32.799999,23.497149,515200
1991-07-24,33.000000,33.000000,32.500000,32.500000,23.282240,173600
1991-07-25,32.799999,32.799999,32.000000,32.299999,23.138964,208800
1991-07-26,32.000000,32.400002,31.700001,32.400002,23.210604,75000
1991-07-29,32.200001,32.599998,32.099998,32.500000,23.282240,91800
1991-07-30,32.099998,32.099998,31.600000,31.799999,22.780787,138200
1991-07-31,31.700001,31.799999,30.799999,30.799999,22.064398,117000
1991-08-01,30.799999,31.100000,30.700001,30.799999,22.064398,79600
1991-08-02,30.600000,30.600000,29.900000,30.100000,21.562937,158800
1991-08-05,30.100000,30.100000,29.799999,29.799999,21.348026,38000
1991-08-06,29.700001,30.000000,29.400000,29.500000,21.133102,113000
1991-08-07,29.500000,29.600000,29.200001,29.500000,21.133102,100100
1991-08-08,29.700001,30.000000,29.600000,30.000000,21.491306,127600
1991-08-09,30.000000,30.400000,30.000000,30.299999,21.706211,47200
1991-08-12,30.200001,30.200001,30.000000,30.000000,21.491306,88100
1991-08-13,30.100000,30.299999,29.799999,30.000000,21.491306,66700
1991-08-14,29.799999,30.200001,29.700001,30.100000,21.562937,169600
1991-08-15,29.900000,29.900000,29.700001,29.799999,21.433620,38200
1991-08-16,29.900000,29.900000,29.299999,29.400000,21.145918,85300
1991-08-19,29.500000,30.200001,28.700001,29.600000,21.289768,458000
1991-08-20,29.400000,29.500000,28.799999,29.299999,21.073994,195000
1991-08-21,29.200001,29.299999,28.700001,28.799999,20.714369,192300
1991-08-22,28.600000,29.000000,28.500000,28.700001,20.642439,102600
1991-08-23,28.700001,28.799999,28.200001,28.500000,20.498587,118100
1991-08-26,28.400000,28.799999,28.400000,28.799999,20.714369,56600
1991-08-27,28.600000,28.900000,28.500000,28.799999,20.714369,124700
1991-08-28,28.799999,29.000000,28.799999,29.000000,20.858221,87200
1991-08-29,28.900000,28.900000,28.600000,28.799999,20.714369,125000
1991-08-30,28.500000,28.500000,28.200001,28.400000,20.426666,67500
1991-09-03,28.600000,28.900000,28.400000,28.799999,20.714369,159800
1991-09-04,28.600000,28.799999,28.400000,28.600000,20.570513,79600
1991-09-05,28.400000,28.600000,28.299999,28.400000,20.426666,51200
1991-09-06,28.400000,28.600000,28.200001,28.600000,20.570513,82500
1991-09-09,28.600000,29.000000,28.600000,28.700001,20.642439,74800
1991-09-10,28.700001,28.799999,28.400000,28.799999,20.714369,139100
1991-09-11,28.200001,28.500000,28.200001,28.200001,20.282806,99300
1991-09-12,28.299999,28.400000,28.000000,28.100000,20.210888,90100
1991-09-13,28.200001,28.299999,27.799999,27.799999,19.995119,85300
1991-09-16,27.900000,28.200001,27.799999,28.200001,20.282806,106300
1991-09-17,28.200001,28.400000,28.000000,28.100000,20.210888,170800
1991-09-18,28.299999,29.299999,28.200001,29.299999,21.073994,114700
1991-09-19,29.299999,29.400000,28.900000,29.000000,20.858221,218200
1991-09-20,28.900000,28.900000,28.500000,28.799999,20.714369,152100
1991-09-23,28.700001,29.600000,28.700001,29.600000,21.289768,217600
1991-09-24,29.500000,30.700001,29.500000,30.500000,21.937086,195800
1991-09-25,30.299999,30.500000,30.299999,30.400000,21.865162,102600
1991-09-26,30.400000,30.400000,29.799999,29.799999,21.433620,240300
1991-09-27,29.600000,29.900000,29.299999,29.900000,21.505531,155500
1991-09-30,30.400000,30.600000,30.299999,30.400000,21.865162,167300
1991-10-01,30.299999,30.400000,30.100000,30.100000,21.649387,125500
1991-10-02,30.299999,30.799999,30.299999,30.700001,22.080940,140200
1991-10-03,30.700001,31.600000,30.700001,31.500000,22.656336,209000
1991-10-04,31.299999,31.500000,31.000000,31.500000,22.656336,94700
1991-10-07,31.299999,31.600000,31.200001,31.400000,22.584410,114300
1991-10-08,31.400000,31.400000,30.400000,30.400000,21.865162,160700
1991-10-09,30.400000,31.299999,30.400000,31.299999,22.512487,246200
1991-10-10,31.200001,31.200001,30.900000,31.000000,22.296713,78700
1991-10-11,31.000000,31.700001,30.900000,31.700001,22.800196,138100
1991-10-14,31.600000,32.099998,31.600000,31.900000,22.944038,82600
1991-10-15,31.700001,32.200001,31.600000,31.900000,22.944038,129600
1991-10-16,31.700001,32.000000,31.700001,31.900000,22.944038,61300
1991-10-17,31.900000,32.799999,31.799999,32.799999,23.591358,180300
1991-10-18,32.799999,33.000000,32.299999,33.000000,23.735207,316600
1991-10-21,33.099998,33.299999,32.700001,32.799999,23.591358,163800
1991-10-22,32.700001,33.099998,32.400002,33.099998,23.807135,119800
1991-10-23,33.000000,33.299999,32.900002,32.900002,23.663284,166000
1991-10-24,32.700001,33.000000,32.599998,32.900002,23.663284,116500
1991-10-25,32.900002,33.299999,32.900002,33.000000,23.735207,224600
1991-10-28,33.000000,33.099998,32.700001,32.900002,23.663284,146700
1991-10-29,32.799999,33.200001,32.700001,33.200001,23.879065,140800
1991-10-30,33.099998,33.200001,32.200001,32.400002,23.303667,77200
1991-10-31,32.200001,32.299999,32.099998,32.200001,23.159813,149800
1991-11-01,32.200001,32.299999,32.000000,32.200001,23.159813,69100
1991-11-04,32.200001,32.200001,31.000000,31.000000,22.296713,215100
1991-11-05,31.299999,31.400000,31.000000,31.100000,22.368639,123700
1991-11-06,31.000000,31.100000,30.700001,30.799999,22.152864,114300
1991-11-07,30.799999,30.900000,30.600000,30.900000,22.224787,50200
1991-11-08,30.700001,30.799999,30.600000,30.700001,22.080940,48500
1991-11-11,30.900000,31.100000,30.799999,30.900000,22.224787,66700
1991-11-12,30.799999,30.799999,30.400000,30.500000,21.937086,101100
1991-11-13,30.600000,31.000000,30.400000,30.799999,22.152864,310000
1991-11-14,30.799999,31.000000,30.500000,30.500000,21.937086,40200
1991-11-15,30.400000,31.700001,30.400000,31.200001,22.440565,147700
1991-11-18,31.100000,31.100000,30.299999,30.400000,21.865162,251600
1991-11-19,30.700001,30.900000,30.500000,30.700001,22.080940,258000
1991-11-20,30.700001,30.700001,30.100000,30.600000,22.009008,187600
1991-11-21,30.400000,31.900000,30.200001,31.900000,23.034517,409300
1991-11-22,31.700001,31.900000,31.600000,31.799999,22.962301,339500
1991-11-25,32.000000,32.299999,32.000000,32.200001,23.251139,194200
1991-11-26,32.000000,32.099998,31.700001,31.900000,23.034517,235100
1991-11-27,31.900000,32.400002,31.900000,32.400002,23.395563,143800
1991-11-29,32.500000,32.599998,32.299999,32.500000,23.467770,57600
1991-12-02,32.700001,33.599998,32.599998,33.299999,24.045435,258000
1991-12-03,33.000000,33.099998,32.799999,33.000000,23.828815,181000
1991-12-04,33.099998,33.500000,33.000000,33.299999,24.045435,98200
1991-12-05,33.299999,33.900002,32.900002,33.900002,24.478689,185500
1991-12-06,33.900002,34.599998,33.799999,34.200001,24.695301,244000
1991-12-09,34.700001,35.099998,34.700001,34.900002,25.200779,268100
1991-12-10,34.799999,35.200001,34.700001,34.799999,25.128550,160600
1991-12-11,34.700001,34.799999,34.400002,34.500000,24.911934,267600
1991-12-12,34.299999,34.299999,32.700001,32.799999,23.684395,237200
1991-12-13,33.000000,33.000000,32.599998,32.700001,23.612188,172100
1991-12-16,32.900002,32.900002,32.299999,32.599998,23.539978,82300
1991-12-17,32.400002,32.400002,31.799999,31.900000,23.034517,252500
1991-12-18,32.099998,32.200001,31.000000,31.100000,22.456858,295300
1991-12-19,31.200001,31.500000,31.100000,31.500000,22.745682,246000
1991-12-20,31.900000,31.900000,31.299999,31.299999,22.601269,230500
1991-12-23,31.400000,31.600000,31.200001,31.500000,22.745682,127600
1991-12-24,31.600000,31.600000,31.299999,31.500000,22.745682,68800
1991-12-26,31.600000,31.600000,30.600000,30.600000,22.095804,77700
1991-12-27,30.799999,31.000000,30.500000,30.900000,22.312428,90600
1991-12-30,31.000000,31.100000,30.299999,30.500000,22.023598,228300
1991-12-31,30.700001,32.299999,30.700001,32.299999,23.323347,212800
1992-01-02,32.000000,32.599998,31.799999,32.400002,23.395563,187600
1992-01-03,32.400002,32.599998,32.299999,32.599998,23.539978,100800
1992-01-06,32.200001,32.400002,31.900000,31.900000,23.034517,96500
1992-01-07,31.700001,32.200001,31.600000,32.000000,23.106722,162800
1992-01-08,32.099998,32.599998,32.099998,32.299999,23.323347,181000
1992-01-09,32.200001,34.799999,32.000000,34.400002,24.839737,381500
1992-01-10,34.500000,35.099998,34.500000,34.900002,25.200779,317600
1992-01-13,34.599998,34.599998,34.200001,34.200001,24.695301,160600
1992-01-14,34.200001,34.700001,34.000000,34.200001,24.695301,129600
1992-01-15,34.400002,34.700001,34.299999,34.400002,24.839737,88200
1992-01-16,34.700001,36.299999,34.599998,36.000000,25.995056,403500
1992-01-17,36.000000,36.500000,35.900002,36.099998,26.067274,427600
1992-01-20,36.599998,37.799999,36.599998,37.799999,27.294813,246100
1992-01-21,37.599998,37.599998,36.799999,36.799999,26.572737,291100
1992-01-22,36.700001,37.000000,36.599998,36.799999,26.572737,233600
1992-01-23,36.700001,36.700001,36.099998,36.200001,26.139486,125700
1992-01-24,35.900002,36.099998,35.599998,36.000000,25.995056,93800
1992-01-27,36.200001,36.599998,36.099998,36.599998,26.428324,144600
1992-01-28,37.000000,37.299999,36.799999,37.000000,26.717150,123500
1992-01-29,36.799999,37.000000,35.799999,35.799999,25.850651,149800
1992-01-30,35.900002,36.099998,35.200001,35.500000,25.634016,129100
1992-01-31,35.299999,37.000000,35.299999,37.000000,26.717150,190700
1992-02-03,36.799999,37.500000,36.700001,37.299999,26.933781,205100
1992-02-04,37.099998,37.299999,36.900002,36.900002,26.644949,102600
1992-02-05,36.700001,36.700001,36.200001,36.200001,26.139486,185800
1992-02-06,36.400002,36.900002,36.299999,36.599998,26.428324,111000
1992-02-07,36.599998,36.599998,35.799999,36.000000,25.995056,79000
1992-02-10,36.099998,36.500000,36.000000,36.500000,26.356104,29100
1992-02-11,36.900002,36.900002,36.700001,36.799999,26.572737,50300
1992-02-12,36.799999,37.799999,36.799999,37.799999,27.294813,156100
1992-02-13,37.700001,37.700001,36.799999,36.799999,26.572737,84600
1992-02-14,36.200001,36.500000,35.599998,35.599998,25.706232,76800
1992-02-18,35.599998,36.200001,35.599998,36.200001,26.139486,91100
1992-02-19,36.299999,37.200001,36.200001,36.799999,26.572737,68000
1992-02-20,36.700001,36.900002,36.500000,36.900002,26.732258,61200
1992-02-21,36.900002,36.900002,36.099998,36.099998,26.152697,99800
1992-02-24,35.799999,36.000000,35.599998,36.000000,26.080244,71700
1992-02-25,36.000000,36.299999,35.700001,35.700001,25.862919,67700
1992-02-26,35.400002,35.500000,35.200001,35.299999,25.573141,68500
1992-02-27,35.599998,36.000000,35.599998,36.000000,26.080244,119200
1992-02-28,35.900002,36.099998,35.599998,35.700001,25.862919,73000
1992-03-02,35.299999,35.299999,34.799999,35.099998,25.428251,87200
1992-03-03,34.099998,34.700001,34.099998,34.700001,25.138474,105300
1992-03-04,34.400002,34.599998,34.400002,34.500000,24.993570,55500
1992-03-05,34.299999,34.900002,34.299999,34.799999,25.210903,79700
1992-03-06,33.799999,34.200001,33.799999,34.000000,24.631355,167800
1992-03-09,33.799999,33.799999,33.400002,33.500000,24.269114,61000
1992-03-10,33.500000,33.700001,33.200001,33.500000,24.269114,81700
1992-03-11,33.299999,33.799999,32.900002,33.400002,24.196684,130800
1992-03-12,32.799999,32.900002,31.900000,31.900000,23.109997,163800
1992-03-13,32.099998,32.099998,31.700001,32.099998,23.254894,61300
1992-03-16,32.000000,32.000000,31.500000,31.600000,22.892662,44500
1992-03-17,30.600000,31.400000,30.500000,31.200001,22.602880,197800
1992-03-18,31.200001,31.200001,30.200001,30.200001,21.878435,110800
1992-03-19,29.799999,30.900000,29.799999,30.900000,22.385559,221200
1992-03-20,30.799999,31.100000,30.700001,30.700001,22.240664,161100
1992-03-23,30.900000,31.100000,30.700001,31.000000,22.458004,111100
1992-03-24,31.200001,31.299999,30.799999,31.100000,22.530434,90800
1992-03-25,31.100000,31.100000,30.100000,30.200001,21.878435,189700
1992-03-26,30.299999,30.500000,30.200001,30.200001,21.878435,53000
1992-03-27,30.200001,30.200001,29.799999,30.200001,21.878435,91300
1992-03-30,30.400000,30.400000,30.000000,30.000000,21.733547,54700
1992-03-31,29.799999,30.700001,29.700001,30.400000,22.023327,100500
1992-04-01,30.400000,30.799999,30.400000,30.799999,22.313107,159300
1992-04-02,30.500000,30.799999,30.500000,30.799999,22.313107,111100
1992-04-03,30.799999,31.200001,30.700001,31.200001,22.602880,120000
1992-04-06,31.100000,31.299999,30.900000,31.200001,22.602880,100000
1992-04-07,31.100000,31.100000,30.400000,30.400000,22.023327,103100
1992-04-08,30.400000,30.500000,29.600000,29.600000,21.443764,68100
1992-04-09,29.700001,31.000000,29.700001,30.900000,22.385559,122200
1992-04-10,31.200001,31.799999,31.200001,31.700001,22.965115,108600
1992-04-13,31.500000,31.799999,31.500000,31.700001,22.965115,99500
1992-04-14,31.500000,31.799999,31.500000,31.700001,22.965115,61200
1992-04-15,31.799999,31.799999,30.200001,30.600000,22.168213,183500
1992-04-16,30.700001,30.700001,29.900000,29.900000,21.661089,151500
1992-04-20,29.700001,30.100000,29.299999,29.299999,21.226427,157700
1992-04-21,29.400000,30.700001,29.299999,30.500000,22.095764,198600
1992-04-22,30.200001,30.200001,29.700001,29.799999,21.588655,85000
1992-04-23,29.799999,30.200001,29.799999,30.200001,21.878435,65600
1992-04-24,30.100000,30.299999,29.900000,30.000000,21.733547,58700
1992-04-27,30.000000,30.000000,29.400000,29.400000,21.298878,101100
1992-04-28,29.500000,29.700001,29.299999,29.500000,21.371313,79000
1992-04-29,29.400000,29.400000,28.900000,28.900000,20.936657,89500
1992-04-30,29.000000,30.299999,29.000000,30.299999,21.950878,174500
1992-05-01,30.200001,31.299999,29.700001,31.299999,22.675331,221700
1992-05-04,31.100000,31.100000,30.700001,31.100000,22.530434,68500
1992-05-05,30.900000,32.400002,30.799999,32.299999,23.399792,188500
1992-05-06,32.200001,32.500000,32.099998,32.099998,23.254894,118500
1992-05-07,31.900000,31.900000,31.500000,31.799999,23.037550,146600
1992-05-08,31.799999,32.500000,31.799999,32.099998,23.254894,132200
1992-05-11,32.299999,32.299999,31.700001,31.799999,23.037550,38800
1992-05-12,31.799999,32.099998,31.299999,31.900000,23.109997,135100
1992-05-13,31.799999,32.400002,31.799999,32.200001,23.327332,104500
1992-05-14,32.099998,33.900002,32.099998,33.900002,24.558912,358000
1992-05-15,34.000000,34.299999,33.599998,33.799999,24.486475,203800
1992-05-18,34.000000,34.400002,33.799999,34.099998,24.703779,187500
1992-05-19,34.400002,34.700001,34.099998,34.400002,24.921137,234500
1992-05-20,34.200001,34.599998,34.000000,34.400002,25.008520,217800
1992-05-21,34.299999,34.299999,34.099998,34.200001,24.863113,64100
1992-05-22,34.400002,34.599998,34.299999,34.500000,25.081215,63000
1992-05-26,34.299999,34.900002,34.200001,34.799999,25.299295,98100
1992-05-27,34.799999,35.500000,34.799999,35.099998,25.517412,137700
1992-05-28,35.099998,35.099998,34.500000,34.599998,25.153898,83700
1992-05-29,34.799999,34.900002,33.799999,34.200001,24.863113,102800
1992-06-01,34.599998,34.799999,34.299999,34.799999,25.299295,105300
1992-06-02,35.000000,35.099998,34.500000,35.000000,25.444719,87700
1992-06-03,35.099998,35.299999,34.799999,34.799999,25.299295,88200
1992-06-04,34.799999,34.900002,34.700001,34.900002,25.372011,30100
1992-06-05,34.900002,35.200001,34.799999,35.000000,25.444719,64300
1992-06-08,35.099998,35.599998,35.000000,35.599998,25.880903,115100
1992-06-09,35.700001,36.299999,35.599998,36.099998,26.244402,280800
1992-06-10,36.000000,36.099998,35.900002,36.000000,26.171700,92300
1992-06-11,36.000000,37.000000,35.900002,36.799999,26.753296,135600
1992-06-12,37.500000,37.599998,36.799999,37.599998,27.334883,238800
1992-06-15,37.400002,39.099998,37.099998,38.900002,28.279984,261300
1992-06-16,38.599998,38.799999,38.099998,38.099998,27.698372,340300
1992-06-17,37.799999,38.000000,37.299999,37.299999,27.116796,204100
1992-06-18,37.200001,38.099998,37.200001,37.700001,27.407585,110600
1992-06-19,37.700001,38.200001,37.599998,37.599998,27.334883,280100
1992-06-22,37.799999,39.200001,37.599998,39.200001,28.498075,252000
1992-06-23,39.000000,39.200001,38.599998,38.700001,28.134584,441600
1992-06-24,38.599998,38.700001,38.000000,38.200001,27.771090,215200
1992-06-25,38.299999,38.400002,37.799999,37.799999,27.480280,158700
1992-06-26,37.700001,38.000000,37.200001,37.299999,27.116796,68200
1992-06-29,37.299999,38.299999,36.599998,38.299999,27.843769,130200
1992-06-30,38.599998,38.799999,38.200001,38.799999,28.207272,238700
1992-07-01,38.700001,39.599998,38.700001,39.299999,28.570784,237200
1992-07-02,39.799999,40.200001,39.500000,39.900002,29.006973,224600
1992-07-06,39.900002,41.299999,39.900002,41.000000,29.806669,206300
1992-07-07,40.799999,40.799999,40.099998,40.299999,29.297775,286000
1992-07-08,40.200001,40.400002,39.599998,40.000000,29.079674,232500
1992-07-09,39.799999,39.900002,39.599998,39.799999,28.934282,219800
1992-07-10,40.000000,40.000000,39.599998,39.799999,28.934282,60100
1992-07-13,40.000000,40.000000,39.500000,39.799999,28.934282,75200
1992-07-14,39.900002,40.799999,39.799999,40.799999,29.661249,189200
1992-07-15,40.599998,41.700001,40.500000,41.700001,30.315550,123000
1992-07-16,41.700001,42.099998,41.500000,41.700001,30.315550,216800
1992-07-17,42.299999,43.099998,42.099998,42.400002,30.824451,211600
1992-07-20,42.799999,43.099998,42.200001,42.299999,30.751741,236700
1992-07-21,42.099998,42.099998,40.900002,41.200001,29.952042,182800
1992-07-22,41.700001,41.700001,40.500000,40.799999,29.661249,242300
1992-07-23,41.000000,41.000000,40.700001,41.000000,29.806669,144200
1992-07-24,40.799999,40.799999,39.900002,40.500000,29.443169,216000
1992-07-27,40.099998,40.299999,39.500000,39.700001,28.861561,237700
1992-07-28,39.799999,40.200001,39.799999,40.200001,29.225065,185000
1992-07-29,40.200001,40.400002,39.900002,40.000000,29.079674,184500
1992-07-30,39.700001,39.900002,39.000000,39.200001,28.498075,190300
1992-07-31,39.599998,39.700001,39.299999,39.500000,28.716169,63100
1992-08-03,39.200001,39.200001,38.200001,38.200001,27.771090,156600
1992-08-04,38.099998,38.599998,37.900002,38.599998,28.061880,155600
1992-08-05,38.200001,38.299999,38.000000,38.200001,27.771090,101100
1992-08-06,38.299999,39.500000,38.299999,39.500000,28.716169,181800
1992-08-07,39.700001,40.000000,39.400002,39.500000,28.716169,166200
1992-08-10,39.299999,39.400002,39.000000,39.099998,28.425377,102100
1992-08-11,38.799999,38.799999,38.599998,38.799999,28.207272,116500
1992-08-12,38.299999,38.400002,35.500000,35.799999,26.026297,341600
1992-08-13,35.400002,35.400002,34.200001,34.700001,25.311600,590000
1992-08-14,35.099998,35.900002,35.000000,35.599998,25.968092,200200
1992-08-17,35.599998,36.200001,35.200001,35.200001,25.676325,154100
1992-08-18,35.000000,35.000000,34.500000,34.799999,25.384535,94500
1992-08-19,35.099998,35.500000,35.099998,35.400002,25.822206,127800
1992-08-20,35.099998,35.200001,34.700001,35.000000,25.530436,139000
1992-08-21,35.099998,35.900002,34.700001,35.799999,26.113981,196700
1992-08-24,36.799999,37.000000,36.599998,36.900002,26.916367,308700
1992-08-25,36.900002,37.000000,36.599998,36.799999,26.843431,278500
1992-08-26,36.599998,36.799999,36.400002,36.700001,26.770489,215000
1992-08-27,36.599998,37.500000,36.599998,37.400002,27.281084,194700
1992-08-28,37.599998,38.000000,37.599998,38.000000,27.718740,135200
1992-08-31,38.000000,38.900002,38.000000,38.500000,28.083485,156800
1992-09-01,38.599998,38.799999,38.200001,38.299999,27.937567,182000
1992-09-02,38.200001,38.299999,37.599998,37.599998,27.426970,162700
1992-09-03,37.599998,38.200001,37.599998,38.099998,27.791681,164600
1992-09-04,38.000000,38.200001,37.799999,37.799999,27.572857,57600
1992-09-08,37.700001,38.099998,37.700001,37.799999,27.572857,47000
1992-09-09,37.900002,38.299999,37.900002,38.000000,27.718740,106700
1992-09-10,38.000000,38.099998,37.799999,38.099998,27.791681,90200
1992-09-11,38.000000,38.000000,37.200001,37.299999,27.208143,205800
1992-09-14,38.000000,38.099998,37.799999,37.900002,27.645800,284700
1992-09-15,37.900002,38.900002,37.700001,38.900002,28.375250,18800
1992-09-16,39.099998,40.500000,39.099998,40.400002,29.469408,427000
1992-09-17,40.299999,40.299999,39.500000,39.700001,28.958799,272500
1992-09-18,39.700001,40.299999,39.299999,39.299999,28.667034,267800
1992-09-21,39.299999,39.299999,38.700001,38.900002,28.375250,174000
1992-09-22,39.200001,39.599998,39.200001,39.299999,28.667034,215600
1992-09-23,39.200001,39.599998,39.000000,39.200001,28.594084,172500
1992-09-24,39.099998,39.400002,38.900002,39.299999,28.667034,102600
1992-09-25,39.400002,39.599998,39.099998,39.099998,28.521139,183500
1992-09-28,39.000000,39.099998,38.900002,39.000000,28.448204,52700
1992-09-29,38.799999,39.000000,38.700001,39.000000,28.448204,40800
1992-09-30,38.799999,39.000000,38.200001,38.200001,27.864655,59500
1992-10-01,38.400002,38.400002,37.000000,37.500000,27.354029,141100
1992-10-02,37.400002,37.799999,37.099998,37.799999,27.572857,118500
1992-10-05,37.400002,39.500000,37.400002,38.700001,28.229368,236800
1992-10-06,38.700001,38.700001,38.400002,38.599998,28.156416,68200
1992-10-07,38.200001,38.500000,38.200001,38.500000,28.083485,61300
1992-10-08,38.400002,38.400002,37.900002,38.099998,27.791681,104300
1992-10-09,38.099998,38.099998,37.700001,37.700001,27.499912,121700
1992-10-12,37.299999,37.299999,36.400002,36.400002,26.551649,113800
1992-10-13,36.200001,36.400002,35.400002,36.299999,26.478706,275800
1992-10-14,36.099998,36.400002,36.000000,36.099998,26.332813,98600
1992-10-15,35.900002,36.700001,35.900002,36.500000,26.624598,156000
1992-10-16,36.900002,37.000000,36.599998,36.799999,26.843431,119200
1992-10-19,36.599998,37.099998,36.599998,36.799999,26.843431,69300
1992-10-20,37.000000,37.900002,37.000000,37.700001,27.499912,202100
1992-10-21,37.599998,37.700001,37.400002,37.700001,27.499912,58700
1992-10-22,37.200001,37.500000,36.900002,37.000000,26.989307,113100
1992-10-23,37.200001,37.299999,36.700001,36.799999,26.843431,25500
1992-10-26,36.299999,36.299999,35.500000,35.900002,26.186930,98800
1992-10-27,35.500000,35.500000,34.900002,35.299999,25.749266,129500
1992-10-28,35.700001,35.900002,35.299999,35.900002,26.186930,113300
1992-10-29,36.099998,37.099998,36.099998,37.000000,26.989307,132700
1992-10-30,36.900002,36.900002,36.500000,36.700001,26.770489,185100
1992-11-02,36.500000,36.799999,36.299999,36.799999,26.843431,110600
1992-11-03,36.700001,37.099998,35.599998,37.000000,26.989307,483100
1992-11-04,37.099998,37.900002,36.799999,37.700001,27.499912,284800
1992-11-05,37.500000,38.200001,37.000000,37.099998,27.062252,464700
1992-11-06,36.900002,36.900002,35.900002,36.000000,26.259865,146700
1992-11-09,35.799999,35.799999,34.599998,34.599998,25.238638,207800
1992-11-10,33.400002,33.900002,32.099998,32.400002,23.633892,438600
1992-11-11,32.500000,32.799999,31.900000,32.000000,23.342102,284300
1992-11-12,32.200001,32.599998,31.299999,31.500000,22.977394,424000
1992-11-13,31.500000,31.700001,31.200001,31.200001,22.758556,920800
1992-11-16,31.299999,31.299999,30.700001,31.100000,22.685606,426200
1992-11-17,30.799999,31.100000,30.500000,30.600000,22.320885,310600
1992-11-18,30.600000,31.000000,30.400000,30.600000,22.320885,300700
1992-11-19,30.400000,30.500000,29.700001,30.000000,21.969524,374800
1992-11-20,30.299999,30.400000,29.900000,30.000000,21.969524,146600
1992-11-23,29.900000,29.900000,29.600000,29.600000,21.676600,267300
1992-11-24,29.700001,29.700001,29.200001,29.500000,21.603365,357200
1992-11-25,29.600000,29.600000,29.299999,29.600000,21.676600,166300
1992-11-27,29.600000,30.200001,29.600000,30.100000,22.042757,176000
1992-11-30,30.100000,30.600000,30.000000,30.500000,22.335682,326500
1992-12-01,30.700001,31.100000,30.600000,31.000000,22.701838,862600
1992-12-02,31.299999,31.500000,31.100000,31.299999,22.921528,728700
1992-12-03,31.400000,31.400000,30.900000,31.299999,22.921528,322300
1992-12-04,31.299999,31.299999,31.100000,31.200001,22.848309,206200
1992-12-07,31.100000,31.400000,31.100000,31.400000,22.994770,395000
1992-12-08,31.299999,32.000000,31.299999,32.000000,23.434158,406300
1992-12-09,31.600000,31.799999,31.400000,31.700001,23.214474,323300
1992-12-10,31.799999,32.099998,31.700001,32.000000,23.434158,430200
1992-12-11,32.099998,32.799999,32.099998,32.799999,24.020008,451300
1992-12-14,32.599998,32.799999,32.000000,32.200001,23.580629,177000
1992-12-15,32.400002,32.400002,32.200001,32.200001,23.580629,113300
1992-12-16,32.599998,32.799999,32.400002,32.500000,23.800325,321700
1992-12-17,32.500000,32.900002,32.500000,32.799999,24.020008,308700
1992-12-18,32.799999,32.799999,32.099998,32.400002,23.727093,322800
1992-12-21,31.799999,32.000000,31.500000,32.000000,23.434158,303000
1992-12-22,31.799999,32.000000,31.600000,31.900000,23.360928,285100
1992-12-23,31.900000,32.299999,31.900000,31.900000,23.360928,211300
1992-12-24,32.000000,32.099998,31.799999,32.000000,23.434158,37200
1992-12-28,32.099998,32.200001,31.900000,32.099998,23.507383,45700
1992-12-29,32.000000,32.000000,31.600000,31.799999,23.287701,243700
1992-12-30,31.900000,32.599998,31.700001,32.299999,23.653858,156000
1992-12-31,32.500000,32.900002,32.000000,32.900002,24.093248,238600
1993-01-04,32.500000,32.500000,32.099998,32.400002,23.727093,411100
1993-01-05,32.299999,32.799999,32.200001,32.700001,23.946772,213100
1993-01-06,32.700001,32.700001,32.200001,32.400002,23.727093,135700
1993-01-07,32.200001,32.299999,31.600000,31.900000,23.360928,82200
1993-01-08,31.900000,32.200001,31.700001,31.799999,23.287701,91300
1993-01-11,31.600000,31.700001,31.200001,31.400000,22.994770,246000
1993-01-12,31.400000,31.500000,30.900000,31.000000,22.701838,415300
1993-01-13,30.799999,30.900000,30.400000,30.500000,22.335682,279300
1993-01-14,30.400000,30.500000,30.000000,30.299999,22.189232,300200
1993-01-15,30.299999,30.299999,30.000000,30.100000,22.042757,65800
1993-01-18,30.000000,30.100000,29.600000,29.799999,21.823053,197200
1993-01-19,29.799999,30.299999,29.799999,29.900000,21.896292,139200
1993-01-20,29.799999,30.799999,29.799999,30.600000,22.408918,200700
1993-01-21,30.799999,31.000000,30.600000,30.799999,22.555376,233700
1993-01-22,30.600000,30.700001,29.700001,30.100000,22.042757,328500
1993-01-25,30.100000,30.100000,29.900000,30.000000,21.969524,113200
1993-01-26,30.400000,30.799999,30.400000,30.700001,22.482149,347200
1993-01-27,30.600000,30.700001,29.700001,30.100000,22.042757,225800
1993-01-28,29.900000,31.100000,29.600000,31.100000,22.775072,513700
1993-01-29,31.400000,31.400000,30.500000,30.500000,22.335682,216100
1993-02-01,30.400000,30.500000,30.000000,30.200001,22.115988,208300
1993-02-02,30.100000,30.799999,30.100000,30.600000,22.408918,321600
1993-02-03,30.600000,30.900000,30.400000,30.799999,22.555376,335200
1993-02-04,31.000000,31.700001,31.000000,31.500000,23.067993,289300
1993-02-05,31.500000,31.600000,31.100000,31.600000,23.141239,436200
1993-02-08,31.600000,31.799999,31.299999,31.400000,22.994770,349700
1993-02-09,31.400000,32.200001,31.100000,32.200001,23.580629,594500
1993-02-10,32.299999,33.599998,32.200001,33.500000,24.532623,733500
1993-02-11,33.299999,33.299999,32.299999,32.500000,23.800325,3249300
1993-02-12,32.299999,32.299999,31.600000,31.600000,23.141239,312300
1993-02-16,31.799999,32.400002,31.700001,32.099998,23.507383,674300
1993-02-17,32.099998,32.099998,31.700001,32.000000,23.434158,205600
1993-02-18,31.900000,31.900000,31.200001,31.600000,23.228485,222500
1993-02-19,31.700001,32.200001,31.600000,31.900000,23.449011,333500
1993-02-22,31.900000,32.700001,31.900000,31.900000,23.449011,422100
1993-02-23,32.299999,33.500000,32.299999,33.299999,24.478115,500600
1993-02-24,33.099998,33.299999,32.000000,32.099998,23.596027,279200
1993-02-25,32.099998,32.299999,31.299999,31.600000,23.228485,193600
1993-02-26,30.799999,31.100000,30.799999,31.100000,22.860941,218000
1993-03-01,30.900000,31.000000,30.500000,30.500000,22.419895,459600
1993-03-02,30.700001,32.000000,30.600000,32.000000,23.522514,404000
1993-03-03,31.900000,31.900000,31.299999,31.500000,23.154976,146600
1993-03-04,31.799999,31.799999,31.200001,31.400000,23.081469,278100
1993-03-05,31.600000,32.200001,31.500000,31.700001,23.301996,481300
1993-03-08,30.900000,31.299999,30.900000,31.100000,22.860941,249300
1993-03-09,31.299999,31.400000,30.799999,31.400000,23.081469,420500
1993-03-10,31.200001,31.500000,30.900000,31.500000,23.154976,590200
1993-03-11,31.900000,31.900000,31.500000,31.700001,23.301996,227100
1993-03-12,31.500000,32.400002,31.200001,31.799999,23.375498,661200
1993-03-15,32.000000,32.900002,32.000000,32.799999,24.110582,508000
1993-03-16,32.599998,32.599998,32.099998,32.299999,23.743036,355500
1993-03-17,32.500000,33.299999,32.400002,33.099998,24.331099,460000
1993-03-18,32.900002,34.299999,32.900002,34.299999,25.213196,772500
1993-03-19,34.700001,35.400002,34.400002,35.200001,25.874771,704500
1993-03-22,35.500000,35.500000,34.400002,35.000000,25.727741,508200
1993-03-23,34.700001,34.799999,34.299999,34.400002,25.286695,300500
1993-03-24,34.400002,34.900002,34.000000,34.599998,25.433706,277300
1993-03-25,34.799999,35.000000,34.599998,34.799999,25.580736,178800
1993-03-26,34.799999,34.799999,34.500000,34.599998,25.433706,124200
1993-03-29,34.299999,34.400002,33.700001,33.799999,24.845661,132600
1993-03-30,34.700001,35.500000,34.700001,35.500000,26.095291,612300
1993-03-31,35.700001,35.900002,35.000000,35.200001,25.874771,298700
1993-04-01,35.200001,35.500000,34.599998,35.299999,25.948286,373300
1993-04-02,36.000000,36.400002,35.500000,35.900002,26.389336,662500
1993-04-05,35.700001,35.799999,35.200001,35.400002,26.021786,233700
1993-04-06,35.099998,35.299999,34.599998,34.799999,25.580736,197300
1993-04-07,34.799999,34.900002,34.400002,34.799999,25.580736,170000
1993-04-08,34.400002,34.500000,33.900002,34.000000,24.992662,140600
1993-04-12,33.099998,33.500000,32.099998,32.400002,23.816547,459300
1993-04-13,32.599998,32.900002,32.400002,32.799999,24.110582,173300
1993-04-14,33.299999,34.299999,33.299999,33.799999,24.845661,335200
1993-04-15,33.900002,33.900002,32.599998,32.900002,24.184092,397000
1993-04-16,33.200001,33.700001,33.099998,33.400002,24.551624,411100
1993-04-19,33.599998,34.000000,33.400002,33.400002,24.551624,254100
1993-04-20,33.900002,34.099998,33.700001,34.000000,24.992662,385700
1993-04-21,33.599998,33.799999,33.400002,33.500000,24.625134,246500
1993-04-22,33.400002,34.299999,33.299999,34.299999,25.213196,242600
1993-04-23,35.799999,36.900002,35.400002,36.700001,26.977388,1200600
1993-04-26,38.000000,38.200001,37.400002,37.500000,27.565447,1643600
1993-04-27,37.700001,37.700001,37.000000,37.299999,27.418438,895500
1993-04-28,37.099998,38.099998,36.900002,37.700001,27.712452,604300
1993-04-29,38.200001,38.400002,37.599998,38.299999,28.153509,649500
1993-04-30,38.200001,39.000000,38.099998,39.000000,28.668070,862500
1993-05-03,39.099998,39.200001,37.500000,37.700001,27.712452,557000
1993-05-04,37.799999,38.799999,37.799999,38.700001,28.447552,433500
1993-05-05,38.700001,38.700001,38.200001,38.400002,28.227020,437600
1993-05-06,38.599998,40.000000,38.500000,39.900002,29.329647,721000
1993-05-07,39.599998,39.900002,39.200001,39.200001,28.815086,446100
1993-05-10,38.400002,38.700001,37.700001,38.299999,28.153509,1385700
1993-05-11,38.299999,38.299999,37.799999,38.200001,28.079994,428300
1993-05-12,38.200001,40.500000,38.000000,40.400002,29.697184,1543000
1993-05-13,40.599998,41.700001,40.000000,40.000000,29.403156,2331000
1993-05-14,40.200001,40.400002,39.700001,40.299999,29.623665,880200
1993-05-17,40.400002,40.500000,38.799999,39.299999,28.888597,760200
1993-05-18,39.400002,41.500000,39.099998,41.500000,30.505751,1502600
1993-05-19,42.299999,42.299999,40.200001,40.299999,29.623665,1720700
1993-05-20,39.900002,40.500000,39.700001,39.700001,29.269926,777700
1993-05-21,39.799999,41.799999,39.799999,41.700001,30.744478,856100
1993-05-24,41.799999,42.200001,40.400002,40.599998,29.933470,789100
1993-05-25,40.599998,41.700001,40.599998,41.099998,30.302105,450200
1993-05-26,40.200001,40.599998,40.200001,40.299999,29.712290,402100
1993-05-27,40.400002,41.799999,40.299999,41.799999,30.818214,410300
1993-05-28,41.599998,42.599998,40.700001,41.900002,30.891935,969000
1993-06-01,42.000000,42.099998,40.000000,40.200001,29.638563,463100
1993-06-02,40.000000,41.000000,39.900002,40.599998,29.933470,711200
1993-06-03,41.099998,41.400002,41.000000,41.200001,30.375837,331100
1993-06-04,41.700001,41.799999,41.099998,41.200001,30.375837,212600
1993-06-07,40.700001,41.000000,40.500000,40.799999,30.080925,233500
1993-06-08,40.599998,40.700001,39.299999,39.400002,29.048738,474000
1993-06-09,39.099998,39.200001,38.700001,38.900002,28.680111,394300
1993-06-10,39.200001,39.299999,38.900002,39.000000,28.753819,256100
1993-06-11,39.099998,39.700001,37.599998,37.700001,27.795364,495200
1993-06-14,37.599998,38.299999,36.099998,37.400002,27.574183,886700
1993-06-15,38.000000,38.799999,37.599998,38.799999,28.606386,416800
1993-06-16,38.700001,39.400002,38.200001,39.299999,28.975012,382100
1993-06-17,38.799999,39.700001,38.799999,39.299999,28.975012,196500
1993-06-18,39.299999,39.700001,38.599998,38.799999,28.606386,650700
1993-06-21,39.299999,39.299999,38.700001,39.000000,28.753819,336000
1993-06-22,38.900002,38.900002,38.500000,38.799999,28.606386,233500
1993-06-23,38.500000,39.700001,38.400002,39.700001,29.269926,588000
1993-06-24,39.299999,40.200001,39.299999,40.000000,29.491100,426500
1993-06-25,40.299999,41.500000,40.299999,41.400002,30.523287,549600
1993-06-28,41.500000,42.299999,40.900002,41.799999,30.818214,809800
1993-06-29,42.099998,43.200001,42.000000,42.799999,31.555490,943200
1993-06-30,42.200001,42.299999,41.799999,42.000000,30.965681,636500
1993-07-01,41.900002,43.900002,41.799999,43.599998,32.145321,1590700
1993-07-02,44.099998,46.200001,44.000000,45.700001,33.693573,1501100
1993-07-06,46.200001,47.000000,45.900002,46.799999,34.504604,862200
1993-07-07,47.000000,47.099998,44.099998,44.099998,32.513943,1862300
1993-07-08,43.799999,44.000000,42.599998,43.200001,31.850388,2589500
1993-07-09,43.099998,43.700001,43.099998,43.500000,32.071579,891300
1993-07-12,43.700001,44.299999,43.599998,44.000000,32.440220,679300
1993-07-13,43.700001,43.900002,43.500000,43.500000,32.071579,500500
1993-07-14,43.900002,44.000000,42.400002,42.500000,31.334309,878200
1993-07-15,42.799999,43.299999,42.599998,42.900002,31.629221,814100
1993-07-16,42.599998,43.000000,42.000000,42.000000,30.965681,299300
1993-07-19,42.599998,42.599998,41.799999,42.000000,30.965681,430300
1993-07-20,41.900002,42.400002,41.500000,42.000000,30.965681,260000
1993-07-21,41.900002,42.400002,41.700001,41.700001,30.744478,491000
1993-07-22,41.599998,42.000000,41.299999,41.900002,30.891935,800000
1993-07-23,41.900002,42.000000,41.299999,41.799999,30.818214,173700
1993-07-26,42.299999,43.000000,42.099998,43.000000,31.702940,465700
1993-07-27,43.000000,43.500000,42.700001,43.099998,31.776665,634800
1993-07-28,43.900002,44.299999,43.599998,43.599998,32.145321,976600
1993-07-29,43.700001,45.900002,43.400002,45.900002,33.841030,771800
1993-07-30,47.000000,47.000000,46.200001,46.400002,34.209682,1466500
1993-08-02,46.400002,47.099998,45.700001,47.099998,34.725773,674700
1993-08-03,46.000000,46.500000,45.900002,45.900002,33.841030,755800
1993-08-04,46.000000,46.000000,44.599998,44.799999,33.030037,342600
1993-08-05,43.500000,43.900002,42.400002,42.700001,31.481770,1738600
1993-08-06,43.200001,43.599998,41.599998,41.799999,30.818214,2087300
1993-08-09,42.500000,43.000000,42.200001,42.299999,31.186850,969600
1993-08-10,42.299999,42.299999,41.400002,41.500000,30.597015,627700
1993-08-11,41.299999,41.299999,39.500000,40.299999,29.712290,1115700
1993-08-12,40.400002,40.400002,37.099998,37.900002,27.942814,5360000
1993-08-13,38.400002,38.599998,37.799999,38.299999,28.237738,1466500
1993-08-16,38.799999,39.299999,38.500000,39.099998,28.827547,755700
1993-08-17,39.099998,39.700001,39.000000,39.500000,29.122458,626700
1993-08-18,39.700001,40.700001,39.599998,40.700001,30.007189,690700
1993-08-19,40.500000,40.599998,39.599998,39.700001,29.356617,336300
1993-08-20,39.900002,40.400002,39.900002,40.299999,29.800291,345800
1993-08-23,40.200001,40.900002,40.000000,40.599998,30.022118,430700
1993-08-24,40.599998,41.200001,40.599998,41.099998,30.391870,335500
1993-08-25,41.099998,41.299999,40.700001,41.000000,30.317924,317800
1993-08-26,40.900002,41.000000,39.700001,40.000000,29.578465,432000
1993-08-27,40.000000,40.400002,39.500000,40.000000,29.578465,370800
1993-08-30,39.799999,40.599998,39.799999,40.099998,29.652407,627100
1993-08-31,40.200001,40.400002,40.000000,40.400002,29.874252,304500
1993-09-01,40.000000,40.000000,39.400002,39.799999,29.430563,252600
1993-09-02,39.799999,39.799999,38.299999,39.000000,28.838991,669100
1993-09-03,38.599998,38.799999,38.299999,38.400002,28.395311,552600
1993-09-07,37.599998,37.599998,36.000000,36.200001,26.768490,2217200
1993-09-08,36.400002,36.500000,36.000000,36.500000,26.990347,1095300
1993-09-09,37.000000,37.500000,36.900002,37.400002,27.655859,635100
1993-09-10,37.200001,37.500000,36.799999,37.299999,27.581907,749300
1993-09-13,36.900002,36.900002,35.799999,35.799999,26.472721,1046700
1993-09-14,36.299999,36.599998,35.799999,35.900002,26.546679,1680800
1993-09-15,36.099998,36.400002,36.000000,36.200001,26.768490,652800
1993-09-16,37.000000,37.299999,36.799999,37.299999,27.581907,707200
1993-09-17,37.299999,37.599998,36.799999,36.900002,27.286133,504000
1993-09-20,37.099998,37.700001,36.799999,36.900002,27.286133,383800
1993-09-21,37.299999,39.200001,36.799999,39.200001,28.986902,1100100
1993-09-22,37.799999,38.299999,37.400002,38.299999,28.321360,533100
1993-09-23,38.299999,39.099998,38.299999,39.000000,28.838991,307000
1993-09-24,38.900002,40.099998,38.799999,40.000000,29.578465,518100
1993-09-27,39.900002,39.900002,38.299999,38.299999,28.321360,297000
1993-09-28,38.400002,38.700001,37.799999,37.900002,28.025585,327800
1993-09-29,37.700001,37.700001,36.900002,37.000000,27.360069,515200
1993-09-30,37.400002,38.000000,37.400002,37.900002,28.025585,501200
1993-10-01,38.099998,38.099998,37.599998,37.799999,27.951639,298300
1993-10-04,37.799999,38.200001,37.599998,38.099998,28.173491,382300
1993-10-05,38.500000,38.500000,38.200001,38.299999,28.321360,254300
1993-10-06,38.900002,39.799999,38.900002,39.599998,29.282658,456800
1993-10-07,39.700001,39.900002,39.299999,39.599998,29.282658,672000
1993-10-08,39.599998,40.099998,39.500000,39.900002,29.504520,490000
1993-10-11,40.000000,40.200001,39.599998,39.900002,29.504520,404600
1993-10-12,39.799999,41.900002,39.799999,41.400002,30.613699,1179500
1993-10-13,41.400002,41.400002,41.099998,41.099998,30.391870,471500
1993-10-14,41.400002,41.900002,40.799999,40.799999,30.170013,417800
1993-10-15,41.000000,41.000000,40.500000,40.599998,30.022118,326700
1993-10-18,40.599998,41.799999,40.599998,41.500000,30.687653,919100
1993-10-19,41.299999,42.000000,40.700001,41.700001,30.835533,425200
1993-10-20,42.099998,42.900002,42.099998,42.900002,31.722910,863600
1993-10-21,42.200001,42.599998,41.099998,41.099998,30.391870,515800
1993-10-22,40.599998,41.599998,40.400002,41.400002,30.613699,405000
1993-10-25,41.599998,41.700001,41.200001,41.400002,30.613699,317600
1993-10-26,41.299999,43.099998,40.799999,43.099998,31.870779,468700
1993-10-27,43.000000,43.400002,42.400002,42.599998,31.501051,668300
1993-10-28,42.599998,42.700001,41.900002,41.900002,30.983446,168200
1993-10-29,42.000000,42.400002,41.500000,41.900002,30.983446,406200
1993-11-01,41.400002,41.500000,40.599998,41.099998,30.391870,397500
1993-11-02,41.200001,41.400002,40.799999,41.200001,30.465816,256200
1993-11-03,41.299999,43.099998,41.299999,42.700001,31.575020,707300
1993-11-04,43.200001,43.599998,42.900002,43.099998,31.870779,750000
1993-11-05,43.799999,43.900002,42.700001,43.599998,32.240520,1144000
1993-11-08,43.200001,43.599998,43.000000,43.500000,32.166580,475500
1993-11-09,43.500000,43.900002,42.900002,43.799999,32.388405,375500
1993-11-10,43.900002,45.099998,43.900002,45.099998,33.349686,1514100
1993-11-11,45.200001,45.500000,44.799999,44.799999,33.127880,676800
1993-11-12,45.000000,45.000000,44.599998,44.599998,32.979973,479700
1993-11-15,44.799999,45.400002,44.700001,45.400002,33.571564,337000
1993-11-16,45.200001,45.500000,44.299999,44.299999,32.758141,404200
1993-11-17,43.500000,45.000000,43.500000,44.599998,32.979973,837600
1993-11-18,44.599998,44.599998,44.000000,44.299999,32.846664,486100
1993-11-19,44.500000,44.599998,44.000000,44.200001,32.772530,705100
1993-11-22,44.500000,44.799999,44.000000,44.000000,32.624237,299600
1993-11-23,43.799999,43.900002,42.599998,43.700001,32.401779,433000
1993-11-24,43.700001,44.299999,43.500000,44.200001,32.772530,492700
1993-11-26,44.200001,44.200001,43.599998,43.599998,32.327648,86700
1993-11-29,42.799999,42.799999,41.599998,41.599998,30.844721,713000
1993-11-30,41.599998,42.299999,41.400002,41.500000,30.770586,390800
1993-12-01,41.599998,42.700001,41.599998,42.200001,31.289610,389500
1993-12-02,42.099998,42.299999,41.900002,42.200001,31.289610,278000
1993-12-03,42.500000,43.000000,42.299999,43.000000,31.882765,553600
1993-12-06,42.799999,42.900002,42.299999,42.500000,31.512022,255500
1993-12-07,42.400002,42.599998,41.900002,42.400002,31.437901,377200
1993-12-08,43.200001,44.900002,43.000000,44.799999,33.217400,959000
1993-12-09,44.599998,45.000000,44.099998,44.900002,33.291553,737800
1993-12-10,44.799999,45.500000,44.299999,45.500000,33.736412,475100
1993-12-13,45.900002,46.299999,45.700001,46.200001,34.255440,733500
1993-12-14,46.299999,46.299999,45.200001,45.400002,33.662285,489000
1993-12-15,45.500000,45.500000,44.700001,45.200001,33.513981,251600
1993-12-16,45.200001,45.299999,44.700001,45.099998,33.439831,319100
1993-12-17,45.299999,45.299999,45.000000,45.200001,33.513981,320500
1993-12-20,45.599998,46.000000,45.200001,45.599998,33.810551,434500
1993-12-21,45.500000,45.599998,44.799999,44.900002,33.291553,181300
1993-12-22,44.900002,44.900002,44.500000,44.700001,33.143261,262100
1993-12-23,44.599998,45.400002,44.599998,45.200001,33.513981,281000
1993-12-27,45.200001,45.500000,45.099998,45.200001,33.513981,186500
1993-12-28,45.099998,45.200001,44.900002,45.200001,33.513981,124600
1993-12-29,45.000000,45.799999,44.900002,45.599998,33.810551,286100
1993-12-30,46.000000,46.299999,45.500000,46.000000,34.107143,312100
1993-12-31,45.799999,46.099998,45.599998,46.099998,34.181297,111200
1994-01-03,46.099998,47.900002,46.099998,47.700001,35.367645,1122700
1994-01-04,47.599998,47.799999,47.000000,47.700001,35.367645,772200
1994-01-05,47.799999,48.000000,47.400002,47.400002,35.145199,1024200
1994-01-06,47.000000,47.700001,46.500000,47.299999,35.071033,730600
1994-01-07,47.599998,47.599998,45.700001,45.700001,33.884724,664600
1994-01-10,45.500000,45.599998,44.799999,45.500000,33.736412,648800
1994-01-11,45.400002,46.299999,45.299999,45.900002,34.033001,593500
1994-01-12,45.900002,46.000000,45.599998,45.900002,34.033001,303300
1994-01-13,46.200001,46.799999,46.200001,46.400002,34.403736,376700
1994-01-14,46.500000,46.900002,46.200001,46.900002,34.774456,242800
1994-01-17,47.400002,47.700001,46.599998,46.599998,34.552017,1103300
1994-01-18,46.599998,47.000000,46.500000,46.500000,34.477886,558200
1994-01-19,46.400002,46.599998,45.700001,45.700001,33.884724,540700
1994-01-20,45.599998,46.099998,44.599998,44.599998,33.069107,357500
1994-01-21,44.400002,44.500000,43.599998,44.200001,32.772530,599600
1994-01-24,43.900002,43.900002,43.000000,43.799999,32.475929,592800
1994-01-25,44.000000,44.099998,43.099998,43.200001,32.031063,325800
1994-01-26,43.200001,44.400002,43.200001,44.299999,32.846664,610600
1994-01-27,44.500000,44.500000,43.000000,43.299999,32.105221,375500
1994-01-28,43.200001,43.799999,42.700001,42.799999,31.734459,770600
1994-01-31,42.900002,43.299999,42.400002,42.900002,31.808624,958300
1994-02-01,43.099998,44.400002,42.900002,44.400002,32.920803,820100
1994-02-02,44.500000,44.599998,43.599998,43.599998,32.327648,461600
1994-02-03,43.599998,44.500000,43.599998,44.299999,32.846664,408500
1994-02-04,44.799999,45.000000,43.500000,43.700001,32.401779,731600
1994-02-07,43.099998,43.299999,41.599998,41.599998,30.844721,625700
1994-02-08,42.099998,42.299999,41.200001,41.299999,30.622293,1331000
1994-02-09,41.099998,42.099998,41.099998,41.900002,31.067165,811700
1994-02-10,42.000000,42.700001,41.799999,42.099998,31.215448,514600
1994-02-11,41.900002,42.099998,41.299999,41.599998,30.844721,308200
1994-02-14,42.099998,42.700001,42.099998,42.500000,31.512022,498500
1994-02-15,42.299999,43.000000,42.299999,42.500000,31.512022,410000
1994-02-16,42.700001,43.200001,42.500000,43.200001,32.031063,264300
1994-02-17,43.000000,43.799999,42.900002,43.099998,31.956911,586700
1994-02-18,42.700001,42.900002,42.000000,42.000000,31.141298,282300
1994-02-22,42.099998,42.200001,41.599998,41.599998,30.844721,293300
1994-02-23,41.500000,41.900002,41.000000,41.200001,30.636663,467200
1994-02-24,40.900002,42.000000,40.900002,41.799999,31.082830,500100
1994-02-25,42.099998,42.400002,41.900002,42.400002,31.529003,270000
1994-02-28,42.599998,43.500000,42.599998,43.400002,32.272610,302600
1994-03-01,43.299999,43.700001,42.599998,42.700001,31.752087,323000
1994-03-02,42.500000,42.700001,42.000000,42.599998,31.677710,457200
1994-03-03,42.400002,42.599998,41.900002,42.400002,31.529003,225800
1994-03-04,42.200001,42.400002,41.900002,41.900002,31.157179,338300
1994-03-07,41.700001,42.099998,41.000000,41.000000,30.487949,276600
1994-03-08,41.000000,41.500000,40.900002,41.200001,30.636663,382000
1994-03-09,40.900002,41.900002,40.599998,41.900002,31.157179,1055200
1994-03-10,41.900002,42.900002,41.900002,42.700001,31.752087,910700
1994-03-11,42.900002,43.700001,42.799999,42.799999,31.826416,875700
1994-03-14,42.900002,43.299999,42.700001,42.799999,31.826416,572600
1994-03-15,42.799999,42.900002,42.299999,42.900002,31.900799,573100
1994-03-16,42.599998,42.700001,42.500000,42.599998,31.677710,246800
1994-03-17,42.400002,43.000000,42.400002,42.599998,31.677710,300600
1994-03-18,43.200001,43.900002,43.200001,43.599998,32.421326,707000
1994-03-21,43.500000,43.799999,43.000000,43.200001,32.123875,196300
1994-03-22,43.799999,44.799999,43.700001,44.799999,33.313641,708500
1994-03-23,44.700001,45.799999,44.500000,45.799999,34.057262,514600
1994-03-24,46.000000,47.000000,46.000000,46.799999,34.800880,1059100
1994-03-25,46.599998,47.099998,46.500000,47.099998,35.095943,746800
1994-03-28,46.700001,47.200001,46.400002,46.599998,34.723373,457500
1994-03-29,46.400002,46.900002,45.500000,45.700001,34.052761,1056000
1994-03-30,45.900002,46.000000,45.299999,45.299999,33.754692,332800
1994-03-31,45.799999,46.900002,45.500000,45.900002,34.201790,917700
1994-04-04,45.599998,45.599998,44.000000,44.000000,32.786018,470600
1994-04-05,43.700001,44.500000,43.700001,44.000000,32.786018,808200
1994-04-06,43.900002,44.200001,43.500000,43.500000,32.413445,450000
1994-04-07,43.599998,43.900002,43.099998,43.500000,32.413445,360000
1994-04-08,43.700001,43.900002,42.700001,42.700001,31.817354,593200
1994-04-11,42.700001,42.700001,41.799999,42.400002,31.593811,654800
1994-04-12,42.000000,42.400002,41.599998,41.700001,31.072193,484500
1994-04-13,41.900002,42.000000,41.099998,41.400002,30.848660,376100
1994-04-14,41.599998,41.900002,41.200001,41.500000,30.923172,323800
1994-04-15,41.099998,41.299999,39.900002,40.099998,29.879990,662200
1994-04-18,40.500000,40.599998,39.299999,39.400002,29.358391,486600
1994-04-19,38.900002,39.400002,38.500000,38.799999,28.911306,825500
1994-04-20,38.900002,39.000000,38.000000,38.200001,28.464222,647000
1994-04-21,38.099998,39.000000,38.099998,38.700001,28.836794,560600
1994-04-22,38.250000,38.750000,37.625000,38.500000,28.687777,582900
1994-04-25,39.000000,40.500000,39.000000,40.375000,30.084900,401400
1994-04-26,41.250000,41.250000,40.500000,40.500000,30.178038,320900
1994-04-28,40.625000,41.875000,40.250000,41.500000,30.923172,320000
1994-04-29,41.500000,41.875000,41.250000,41.250000,30.736881,229500
1994-05-02,41.250000,41.375000,40.750000,41.125000,30.643744,291500
1994-05-03,41.125000,41.125000,40.125000,40.250000,29.991749,206300
1994-05-04,40.000000,40.625000,39.750000,40.625000,30.271170,306500
1994-05-05,40.250000,40.375000,39.750000,39.750000,29.619179,288900
1994-05-06,39.625000,41.375000,39.250000,40.625000,30.271170,1152900
1994-05-09,40.750000,41.000000,40.500000,40.750000,30.364317,372100
1994-05-10,40.625000,40.750000,39.750000,39.750000,29.619179,126200
1994-05-11,40.000000,40.625000,39.500000,39.500000,29.432899,578800
1994-05-12,39.250000,39.875000,38.875000,39.500000,29.432899,217000
1994-05-13,39.750000,40.125000,39.250000,39.875000,29.712320,311800
1994-05-16,39.625000,40.375000,39.375000,39.750000,29.619179,331000
1994-05-17,39.875000,39.875000,39.125000,39.250000,29.246616,188600
1994-05-18,39.125000,40.125000,38.875000,39.875000,29.712320,359300
1994-05-19,39.875000,40.625000,39.750000,39.875000,29.712320,540700
1994-05-20,40.250000,40.875000,40.250000,40.750000,30.364317,735200
1994-05-23,40.750000,42.375000,40.625000,42.250000,31.575005,715000
1994-05-24,42.000000,42.000000,40.500000,40.500000,30.267162,544200
1994-05-25,40.875000,41.000000,40.375000,40.750000,30.453995,339900
1994-05-26,40.625000,40.625000,40.125000,40.250000,30.080334,319400
1994-05-27,40.375000,41.125000,40.375000,40.625000,30.360584,463200
1994-05-31,41.250000,41.625000,41.125000,41.250000,30.827665,376100
1994-06-01,41.125000,41.125000,40.125000,40.250000,30.080334,438800
1994-06-02,40.000000,40.375000,39.875000,39.875000,29.800079,153300
1994-06-03,40.000000,40.000000,38.500000,38.500000,28.772505,222100
1994-06-06,38.625000,39.125000,38.375000,39.000000,29.146156,463800
1994-06-07,39.250000,39.375000,38.750000,39.125000,29.239569,423700
1994-06-08,39.625000,39.625000,39.000000,39.000000,29.146156,132100
1994-06-09,39.000000,39.625000,39.000000,39.250000,29.332994,289600
1994-06-10,39.000000,39.375000,38.750000,39.000000,29.146156,367500
1994-06-13,39.250000,39.500000,38.875000,39.500000,29.519829,228500
1994-06-14,39.750000,40.125000,39.625000,39.750000,29.706654,235000
1994-06-15,39.750000,40.250000,39.500000,40.000000,29.893505,551900
1994-06-16,40.000000,40.125000,39.625000,39.875000,29.800079,205700
1994-06-17,40.250000,41.250000,40.000000,41.000000,30.640844,676600
1994-06-20,40.750000,41.500000,40.750000,41.000000,30.640844,338500
1994-06-21,41.000000,41.750000,40.875000,41.500000,31.014511,535200
1994-06-22,41.375000,41.625000,41.000000,41.375000,30.921097,669200
1994-06-23,41.500000,41.875000,41.125000,41.750000,31.201342,166800
1994-06-24,41.750000,41.750000,40.625000,40.750000,30.453995,179900
1994-06-27,40.750000,40.750000,39.375000,40.125000,29.986921,379000
1994-06-28,40.500000,40.500000,39.625000,39.625000,29.613253,227600
1994-06-29,39.750000,39.875000,39.500000,39.875000,29.800079,128200
1994-06-30,40.000000,40.500000,39.750000,40.250000,30.080334,194100
1994-07-01,40.250000,40.250000,40.000000,40.250000,30.080334,63500
1994-07-05,40.250000,40.500000,39.750000,40.000000,29.893505,121200
1994-07-06,39.875000,40.000000,39.750000,39.750000,29.706654,152600
1994-07-07,39.750000,40.125000,39.750000,40.000000,29.893505,345800
1994-07-08,40.125000,40.125000,39.750000,40.000000,29.893505,103800
1994-07-11,40.250000,40.750000,40.125000,40.625000,30.360584,208500
1994-07-12,40.625000,41.000000,40.500000,40.625000,30.360584,344800
1994-07-13,40.500000,40.750000,39.750000,39.750000,29.706654,150400
1994-07-14,39.750000,39.875000,39.250000,39.625000,29.613253,414100
1994-07-15,39.875000,40.125000,39.750000,39.750000,29.706654,211700
1994-07-18,39.750000,39.875000,39.500000,39.500000,29.519829,226500
1994-07-19,39.375000,40.250000,39.125000,40.250000,30.080334,228500
1994-07-20,40.250000,40.625000,40.250000,40.250000,30.080334,226800
1994-07-21,40.375000,40.625000,40.375000,40.500000,30.267162,83500
1994-07-22,40.625000,40.875000,39.750000,40.000000,29.893505,154300
1994-07-25,39.875000,40.250000,39.875000,40.000000,29.893505,96300
1994-07-26,40.375000,40.500000,39.625000,40.000000,29.893505,402500
1994-07-27,40.250000,40.625000,40.125000,40.375000,30.173763,191000
1994-07-28,40.125000,40.375000,39.875000,39.875000,29.800079,209200
1994-07-29,39.875000,40.000000,39.500000,39.500000,29.519829,173500
1994-08-01,39.625000,39.750000,39.375000,39.500000,29.519829,189000
1994-08-02,39.250000,39.375000,38.875000,39.000000,29.146156,431200
1994-08-03,39.625000,39.625000,39.000000,39.000000,29.146156,134400
1994-08-04,39.125000,39.375000,38.750000,39.000000,29.146156,343700
1994-08-05,39.250000,39.625000,38.750000,38.750000,28.959335,279200
1994-08-08,38.750000,38.875000,38.375000,38.750000,28.959335,64300
1994-08-09,39.000000,39.125000,38.625000,38.750000,28.959335,103700
1994-08-10,38.875000,39.000000,38.625000,38.875000,29.052748,96300
1994-08-11,38.500000,39.375000,38.500000,39.125000,29.239569,206000
1994-08-12,39.125000,39.125000,38.625000,38.875000,29.052748,275800
1994-08-15,38.875000,39.250000,38.875000,39.000000,29.146156,101000
1994-08-16,39.000000,39.125000,38.500000,38.500000,28.772505,387800
1994-08-17,38.625000,38.750000,38.250000,38.625000,28.865915,374200
1994-08-18,38.750000,39.875000,38.750000,39.750000,29.799227,408900
1994-08-19,39.875000,40.625000,39.625000,40.625000,30.455198,468600
1994-08-22,40.500000,40.625000,40.125000,40.625000,30.455198,239700
1994-08-23,40.375000,40.625000,40.000000,40.250000,30.174072,241800
1994-08-24,40.625000,41.250000,40.500000,41.250000,30.923737,326100
1994-08-25,41.250000,41.375000,41.125000,41.375000,31.017462,199400
1994-08-26,41.500000,41.500000,40.750000,40.750000,30.548901,187400
1994-08-29,40.750000,41.750000,40.375000,41.625000,31.204876,623200
1994-08-30,41.625000,42.250000,41.375000,42.000000,31.486000,495900
1994-08-31,42.250000,43.000000,41.750000,42.875000,32.141949,349900
1994-09-01,42.750000,43.500000,42.625000,43.250000,32.423077,366500
1994-09-02,43.250000,44.000000,43.125000,44.000000,32.985340,421500
1994-09-06,44.000000,44.375000,43.875000,44.375000,33.266460,377800
1994-09-07,44.250000,44.625000,43.750000,44.250000,33.172729,501100
1994-09-08,44.375000,44.625000,44.125000,44.500000,33.360157,464500
1994-09-09,44.500000,44.875000,44.125000,44.500000,33.360157,473500
1994-09-12,44.375000,45.000000,44.250000,44.875000,33.641289,292000
1994-09-13,44.625000,44.625000,44.250000,44.375000,33.266460,241000
1994-09-14,44.500000,44.500000,43.750000,44.000000,32.985340,177100
1994-09-15,43.750000,43.875000,42.750000,43.250000,32.423077,186600
1994-09-16,43.375000,44.000000,43.250000,44.000000,32.985340,1098900
1994-09-19,43.750000,45.375000,43.750000,45.250000,33.922421,449300
1994-09-20,45.625000,46.125000,45.375000,45.875000,34.390953,663700
1994-09-21,46.000000,46.000000,45.250000,45.500000,34.109825,432100
1994-09-22,45.375000,46.250000,45.000000,46.000000,34.484665,494600
1994-09-23,46.000000,46.500000,45.250000,46.375000,34.765778,831100
1994-09-26,46.250000,46.500000,45.375000,45.750000,34.297237,382500
1994-09-27,45.875000,46.750000,45.625000,46.750000,35.046902,437300
1994-09-28,46.375000,46.500000,45.500000,45.500000,34.109825,473700
1994-09-29,45.375000,45.750000,45.000000,45.000000,33.734985,382400
1994-09-30,45.000000,45.250000,44.750000,45.000000,33.734985,290400
1994-10-03,45.000000,45.500000,44.875000,44.875000,33.641289,420700
1994-10-04,44.500000,44.625000,43.875000,43.875000,32.891628,586400
1994-10-05,44.000000,44.250000,42.750000,42.750000,32.048260,328800
1994-10-06,43.000000,43.625000,42.875000,43.375000,32.516781,640100
1994-10-07,43.500000,43.875000,43.375000,43.375000,32.516781,384800
1994-10-10,43.625000,43.625000,43.250000,43.625000,32.704216,69300
1994-10-11,43.125000,43.500000,42.875000,43.500000,32.610504,554200
1994-10-12,43.250000,43.625000,43.125000,43.250000,32.423077,463300
1994-10-13,43.250000,43.375000,42.125000,42.750000,32.048260,422200
1994-10-14,43.000000,43.250000,42.000000,42.125000,31.579716,190000
1994-10-17,42.375000,42.875000,42.375000,42.875000,32.141949,256800
1994-10-18,42.625000,42.875000,42.250000,42.625000,31.954529,153500
1994-10-19,42.875000,43.375000,42.750000,42.875000,32.141949,268800
1994-10-20,43.125000,44.375000,43.125000,44.125000,33.079033,473800
1994-10-21,43.750000,43.750000,42.625000,42.625000,31.954529,281200
1994-10-24,42.875000,42.875000,42.250000,42.375000,31.767124,255800
1994-10-25,42.375000,42.750000,42.125000,42.375000,31.767124,240300
1994-10-26,42.250000,42.500000,41.750000,42.000000,31.486000,533300
1994-10-27,42.250000,42.250000,40.500000,40.750000,30.548901,442900
1994-10-28,40.875000,41.125000,40.125000,40.375000,30.267796,302100
1994-10-31,40.250000,41.625000,40.125000,41.375000,31.017462,459200
1994-11-01,41.375000,42.000000,41.250000,41.500000,31.111156,379500
1994-11-02,41.500000,41.500000,41.125000,41.250000,30.923737,175800
1994-11-03,41.375000,41.375000,40.500000,40.625000,30.455198,347000
1994-11-04,40.875000,41.000000,40.625000,40.625000,30.455198,215300
1994-11-07,40.750000,40.875000,40.500000,40.500000,30.361492,134700
1994-11-08,41.000000,41.125000,40.500000,40.500000,30.361492,282000
1994-11-09,40.625000,40.750000,40.000000,40.125000,30.080378,375600
1994-11-10,40.125000,40.500000,40.000000,40.375000,30.267796,239000
1994-11-11,40.375000,40.625000,40.250000,40.250000,30.174072,130700
1994-11-14,40.125000,40.375000,40.000000,40.000000,29.986670,116600
1994-11-15,40.250000,40.500000,39.625000,39.750000,29.799227,313700
1994-11-16,39.875000,40.250000,39.875000,40.250000,30.174072,351700
1994-11-17,40.250000,40.375000,39.750000,39.750000,29.799227,282300
1994-11-18,39.875000,39.875000,39.500000,39.875000,29.983463,626000
1994-11-21,39.750000,39.812500,38.875000,39.125000,29.419502,414100
1994-11-22,39.375000,39.375000,38.250000,38.250000,28.761562,601300
1994-11-23,38.375000,38.375000,37.375000,37.375000,28.103622,246400
1994-11-25,37.625000,38.000000,37.625000,38.000000,28.573601,304100
1994-11-28,38.000000,38.375000,37.250000,37.250000,28.009636,360200
1994-11-29,37.375000,37.875000,37.250000,37.625000,28.291624,289400
1994-11-30,37.875000,37.875000,36.500000,36.625000,27.539688,555900
1994-12-01,36.625000,37.000000,36.250000,36.250000,27.257700,607200
1994-12-02,36.250000,36.500000,35.500000,36.250000,27.257700,437200
1994-12-05,36.375000,36.375000,35.625000,35.625000,26.787750,298000
1994-12-06,35.875000,36.125000,35.250000,36.125000,27.163715,363600
1994-12-07,36.000000,36.375000,35.375000,35.875000,26.975729,778700
1994-12-08,35.750000,35.750000,34.750000,34.875000,26.223799,613700
1994-12-09,34.875000,35.500000,34.750000,35.500000,26.693743,446300
1994-12-12,35.375000,36.125000,35.250000,35.625000,26.787750,734900
1994-12-13,35.750000,36.125000,35.250000,35.250000,26.505760,639300
1994-12-14,35.500000,36.000000,35.500000,35.750000,26.881727,324100
1994-12-15,35.750000,36.000000,35.125000,35.250000,26.505760,448600
1994-12-16,35.375000,35.625000,34.375000,34.500000,25.941818,668400
1994-12-19,34.500000,35.125000,34.500000,35.000000,26.317787,350000
1994-12-20,35.375000,35.500000,35.000000,35.125000,26.411779,310900
1994-12-21,35.125000,35.375000,34.625000,34.875000,26.223799,422600
1994-12-22,34.750000,34.750000,34.000000,34.000000,25.565844,294900
1994-12-23,34.000000,34.375000,33.875000,34.375000,25.847815,230400
1994-12-27,34.250000,34.625000,34.125000,34.250000,25.753830,312900
1994-12-28,34.250000,35.375000,34.125000,35.125000,26.411779,720600
1994-12-29,35.375000,35.875000,34.750000,35.750000,26.881727,775000
1994-12-30,35.750000,36.125000,35.750000,36.000000,27.069717,283200
1995-01-03,36.000000,36.000000,35.250000,35.250000,26.505760,342700
1995-01-04,35.000000,35.000000,33.250000,33.671875,25.319113,923500
1995-01-05,33.875000,34.000000,33.375000,33.875000,25.471855,324100
1995-01-06,33.875000,34.250000,33.625000,33.750000,25.377855,463200
1995-01-09,33.625000,34.125000,33.500000,34.125000,25.659834,320800
1995-01-10,34.125000,34.500000,34.000000,34.500000,25.941818,288700
1995-01-11,34.750000,35.875000,34.625000,35.875000,26.975729,577700
1995-01-12,36.375000,37.375000,36.375000,36.875000,27.727655,887400
1995-01-13,36.500000,36.625000,36.125000,36.375000,27.351686,392600
1995-01-16,36.125000,36.125000,35.625000,35.750000,26.881727,235000
1995-01-17,36.125000,36.500000,36.000000,36.125000,27.163715,295900
1995-01-18,36.500000,36.875000,36.500000,36.625000,27.539688,371700
1995-01-19,36.875000,37.250000,36.500000,37.250000,28.009636,371500
1995-01-20,37.375000,37.500000,36.875000,37.250000,28.009636,493100
1995-01-23,36.625000,36.750000,35.875000,36.000000,27.069717,241900
1995-01-24,36.125000,36.125000,35.500000,35.750000,26.881727,286700
1995-01-25,35.625000,36.250000,35.500000,35.500000,26.693743,563600
1995-01-26,35.500000,35.750000,34.875000,34.875000,26.223799,356600
1995-01-27,34.625000,34.750000,33.875000,33.875000,25.471855,351200
1995-01-30,34.125000,34.375000,33.875000,34.375000,25.847815,258900
1995-01-31,34.000000,34.750000,33.875000,34.375000,25.847815,431200
1995-02-01,34.500000,35.125000,34.500000,34.750000,26.129805,235200
1995-02-02,35.125000,35.125000,34.625000,35.000000,26.408981,307700
1995-02-03,34.750000,34.750000,33.750000,34.250000,25.843069,348800
1995-02-06,34.250000,34.250000,33.750000,34.125000,25.748745,924200
1995-02-07,33.875000,34.000000,33.125000,33.250000,25.088528,684300
1995-02-08,33.500000,33.750000,33.250000,33.750000,25.465796,519500
1995-02-09,33.875000,34.250000,33.875000,34.250000,25.843069,444000
1995-02-10,34.250000,34.500000,34.125000,34.250000,25.843069,178700
1995-02-13,34.250000,34.250000,33.875000,34.125000,25.748745,391800
1995-02-14,34.125000,34.500000,34.000000,34.125000,25.748745,423500
1995-02-15,34.375000,34.500000,34.125000,34.125000,25.748745,298300
1995-02-16,34.250000,34.750000,34.250000,34.500000,26.031708,283000
1995-02-17,34.625000,36.000000,34.625000,35.625000,26.880566,494100
1995-02-21,35.750000,36.500000,35.750000,36.500000,27.540800,521500
1995-02-22,36.500000,37.250000,36.375000,37.125000,28.012383,499500
1995-02-23,37.250000,37.375000,36.250000,36.250000,27.352146,427800
1995-02-24,36.500000,36.500000,35.625000,36.125000,27.257841,381600
1995-02-27,36.000000,36.125000,35.500000,36.000000,27.163511,265000
1995-02-28,36.125000,36.125000,35.875000,36.125000,27.257841,273300
1995-03-01,35.875000,36.000000,35.250000,35.375000,26.691931,261900
1995-03-02,35.375000,36.875000,35.375000,36.250000,27.352146,659100
1995-03-03,36.375000,36.750000,35.250000,35.375000,26.691931,342700
1995-03-06,35.875000,37.625000,35.750000,37.625000,28.389643,726700
1995-03-07,38.250000,40.750000,38.125000,40.625000,30.653276,1999300
1995-03-08,39.875000,40.250000,39.125000,39.250000,29.615765,1321000
1995-03-09,39.375000,40.500000,39.375000,39.875000,30.087374,613100
1995-03-10,39.875000,39.875000,38.750000,39.125000,29.521450,591100
1995-03-13,39.875000,40.125000,39.625000,39.625000,29.898746,541800
1995-03-14,39.625000,40.125000,39.500000,40.125000,30.276012,248300
1995-03-15,40.375000,40.875000,40.000000,40.250000,30.370310,396800
1995-03-16,39.750000,39.875000,39.500000,39.750000,29.993042,412000
1995-03-17,39.750000,41.125000,39.500000,40.750000,30.747597,758500
1995-03-20,40.375000,42.125000,40.375000,41.500000,31.313513,465600
1995-03-21,41.375000,42.000000,40.875000,40.875000,30.841909,357700
1995-03-22,40.750000,41.500000,40.750000,40.750000,30.747597,261300
1995-03-23,40.750000,41.125000,40.500000,41.000000,30.936251,299400
1995-03-24,41.000000,41.000000,40.250000,40.250000,30.370310,399000
1995-03-27,40.375000,40.750000,39.875000,40.750000,30.747597,248500
1995-03-28,40.625000,41.375000,40.375000,41.375000,31.219185,317100
1995-03-29,41.375000,41.875000,41.000000,41.000000,30.936251,400900
1995-03-30,41.250000,43.125000,41.250000,42.625000,32.162350,876100
1995-03-31,43.750000,43.875000,42.375000,42.750000,32.256699,1038800
1995-04-03,42.875000,43.125000,42.375000,43.125000,32.539627,437700
1995-04-04,43.375000,43.375000,42.500000,42.625000,32.162350,228400
1995-04-05,42.875000,43.750000,42.500000,43.750000,33.011230,492600
1995-04-06,43.500000,44.125000,43.250000,43.250000,32.633961,405100
1995-04-07,43.250000,43.500000,42.625000,43.000000,32.445301,345700
1995-04-10,42.500000,42.500000,41.875000,42.375000,31.973742,287300
1995-04-11,42.500000,43.000000,42.250000,42.750000,32.256699,204000
1995-04-12,42.750000,43.125000,42.750000,43.000000,32.445301,246200
1995-04-13,42.750000,42.875000,41.500000,41.625000,31.407822,410400
1995-04-17,42.125000,43.875000,42.125000,43.750000,33.011230,783700
1995-04-18,43.750000,44.375000,43.125000,43.875000,33.105534,879000
1995-04-19,43.875000,44.375000,43.250000,43.375000,32.728279,1023300
1995-04-20,43.125000,43.250000,41.750000,41.875000,31.596455,502100
1995-04-21,41.750000,42.500000,41.500000,42.500000,32.068047,348700
1995-04-24,42.500000,43.000000,42.375000,42.875000,32.350994,209200
1995-04-25,42.500000,43.125000,42.375000,42.875000,32.350994,192200
1995-04-26,42.875000,42.875000,41.750000,41.750000,31.502142,476700
1995-04-27,41.750000,43.000000,41.625000,43.000000,32.445301,463500
1995-04-28,43.000000,43.250000,41.750000,41.875000,31.596455,439600
1995-05-01,42.125000,42.500000,41.375000,42.125000,31.785080,506000
1995-05-02,41.875000,42.875000,41.875000,42.125000,31.785080,348800
1995-05-03,41.875000,42.250000,41.750000,41.875000,31.596455,416700
1995-05-04,41.875000,42.750000,41.625000,42.250000,31.879410,472500
1995-05-05,42.000000,42.125000,41.125000,41.500000,31.313513,225100
1995-05-08,41.500000,42.000000,41.375000,41.500000,31.313513,152800
1995-05-09,41.500000,41.500000,39.000000,39.500000,29.804415,709300
1995-05-10,39.375000,39.750000,38.750000,39.000000,29.427147,578900
1995-05-11,39.000000,39.000000,38.250000,38.375000,28.955555,693100
1995-05-12,38.625000,38.875000,38.250000,38.500000,29.049892,501200
1995-05-15,38.750000,39.875000,38.625000,39.625000,29.898746,389300
1995-05-16,39.500000,40.125000,39.375000,39.875000,30.087374,281800
1995-05-17,39.625000,40.500000,39.375000,40.500000,30.558958,367800
1995-05-18,40.250000,41.250000,40.250000,41.250000,31.124865,555900
1995-05-19,41.000000,41.375000,40.875000,40.875000,30.841909,328600
1995-05-22,40.750000,41.125000,40.625000,40.625000,30.653276,233300
1995-05-23,40.750000,41.250000,40.625000,41.250000,31.124865,499400
1995-05-24,41.375000,42.375000,41.250000,42.375000,31.973742,459500
1995-05-25,42.625000,42.750000,42.000000,42.125000,31.875360,374200
1995-05-26,42.125000,43.000000,41.750000,42.000000,31.780777,501600
1995-05-30,42.000000,42.125000,41.125000,41.125000,31.118677,181800
1995-05-31,41.125000,41.750000,40.875000,41.750000,31.591585,287000
1995-06-01,41.500000,42.750000,41.375000,42.750000,32.348305,318800
1995-06-02,42.375000,42.750000,41.625000,41.875000,31.686184,312300
1995-06-05,41.500000,42.625000,41.375000,42.375000,32.064533,260700
1995-06-06,42.375000,42.375000,41.750000,41.875000,31.686184,188200
1995-06-07,42.125000,43.250000,42.125000,42.875000,32.442883,421500
1995-06-08,42.625000,43.375000,42.500000,43.000000,32.537460,362500
1995-06-09,42.875000,43.625000,42.750000,42.750000,32.348305,429600
1995-06-12,42.750000,43.000000,42.625000,42.875000,32.442883,268700
1995-06-13,43.000000,43.375000,42.875000,43.250000,32.726612,228800
1995-06-14,43.375000,44.000000,43.375000,44.000000,33.294155,433200
1995-06-15,43.875000,45.250000,43.750000,44.875000,33.956245,1020000
1995-06-16,44.875000,45.000000,44.375000,44.375000,33.577900,376400
1995-06-19,44.750000,45.250000,44.625000,45.125000,34.145420,413400
1995-06-20,44.625000,44.875000,43.625000,43.875000,33.199562,343700
1995-06-21,43.875000,44.250000,43.750000,44.250000,33.483303,300700
1995-06-22,43.875000,44.750000,43.750000,44.625000,33.767059,351700
1995-06-23,44.500000,44.750000,44.250000,44.375000,33.577900,280500
1995-06-26,44.000000,44.125000,43.375000,43.375000,32.821205,233800
1995-06-27,43.250000,43.625000,43.250000,43.500000,32.915802,318200
1995-06-28,43.375000,43.375000,42.375000,42.500000,32.159107,315100
1995-06-29,42.625000,42.875000,42.500000,42.500000,32.159107,201700
1995-06-30,42.500000,42.625000,41.500000,41.875000,31.686184,405400
1995-07-03,41.875000,42.000000,41.625000,42.000000,31.780777,96600
1995-07-05,42.000000,42.375000,41.625000,41.750000,31.591585,217200
1995-07-06,42.000000,43.125000,41.750000,43.125000,32.632053,351900
1995-07-07,43.375000,43.750000,42.750000,43.750000,33.104973,436800
1995-07-10,43.750000,43.750000,42.875000,43.375000,32.821205,243600
1995-07-11,43.125000,44.750000,42.875000,44.750000,33.861671,438100
1995-07-12,45.000000,46.250000,44.375000,45.000000,34.050831,996400
1995-07-13,45.000000,45.375000,44.125000,44.375000,33.577900,389300
1995-07-14,44.500000,45.625000,44.250000,45.000000,34.050831,465000
1995-07-17,45.125000,46.125000,45.000000,45.750000,34.618336,716800
1995-07-18,45.750000,46.000000,45.250000,45.375000,34.334591,389700
1995-07-19,45.625000,46.125000,43.750000,44.125000,33.388718,919900
1995-07-20,44.000000,44.750000,42.875000,43.125000,32.632053,305500
1995-07-21,42.750000,43.750000,42.750000,43.375000,32.821205,316900
1995-07-24,43.625000,44.250000,43.250000,44.250000,33.483303,245300
1995-07-25,43.875000,44.250000,43.375000,43.500000,32.915802,283700
1995-07-26,43.625000,45.500000,43.625000,45.125000,34.145420,344700
1995-07-27,45.125000,45.125000,43.000000,43.125000,32.632053,635600
1995-07-28,43.375000,44.125000,43.000000,43.875000,33.199562,437800
1995-07-31,43.750000,43.750000,42.625000,42.750000,32.437016,216500
1995-08-01,42.750000,45.000000,42.750000,45.000000,34.144218,639000
1995-08-02,44.750000,44.875000,44.375000,44.750000,33.954529,376200
1995-08-03,45.000000,45.625000,44.875000,45.375000,34.428749,291200
1995-08-04,45.125000,45.250000,44.250000,44.375000,33.669991,200400
1995-08-07,44.375000,45.125000,44.125000,44.125000,33.480286,278500
1995-08-08,44.375000,45.125000,44.375000,44.875000,34.049370,255400
1995-08-09,45.125000,45.125000,43.875000,44.000000,33.385464,234700
1995-08-10,43.750000,43.875000,43.500000,43.625000,33.100914,178000
1995-08-11,43.500000,43.500000,42.750000,43.125000,32.721542,267000
1995-08-14,43.125000,45.000000,43.125000,45.000000,34.144218,495300
1995-08-15,45.250000,45.750000,44.500000,45.625000,34.618439,376200
1995-08-16,45.000000,45.000000,44.625000,44.750000,33.954529,394400
1995-08-17,45.250000,45.375000,44.875000,44.875000,34.049370,375900
1995-08-18,45.125000,45.250000,44.625000,45.125000,34.239067,320800
1995-08-21,45.375000,45.625000,45.000000,45.125000,34.239067,315100
1995-08-22,44.875000,45.000000,44.625000,44.750000,33.954529,180700
1995-08-23,44.750000,45.500000,44.750000,45.500000,34.523602,446200
1995-08-24,45.500000,45.875000,44.750000,45.125000,34.239067,149100
1995-08-25,44.875000,45.375000,44.750000,45.250000,34.333900,138200
1995-08-28,45.125000,45.437500,44.875000,45.125000,34.239067,91800
1995-08-29,44.875000,45.000000,44.500000,44.500000,33.764835,114100
1995-08-30,44.250000,44.375000,43.500000,43.500000,33.006077,153300
1995-08-31,43.750000,44.250000,43.375000,43.500000,33.006077,249600
1995-09-01,43.375000,43.500000,43.000000,43.375000,32.911221,204600
1995-09-05,43.375000,43.625000,43.125000,43.625000,33.100914,275200
1995-09-06,43.750000,44.125000,43.625000,44.000000,33.385464,443200
1995-09-07,44.125000,44.500000,44.125000,44.375000,33.669991,532900
1995-09-08,44.500000,44.500000,44.000000,44.375000,33.669991,266500
1995-09-11,44.500000,44.750000,44.500000,44.625000,33.859669,424900
1995-09-12,44.750000,45.750000,44.500000,45.625000,34.618439,577700
1995-09-13,45.375000,45.375000,44.625000,44.875000,34.049370,278000
1995-09-14,45.000000,45.750000,45.000000,45.250000,34.333900,345300
1995-09-15,45.250000,45.375000,44.750000,44.750000,33.954529,248400
1995-09-18,44.625000,45.000000,44.500000,44.875000,34.049370,279400
1995-09-19,44.500000,44.625000,43.875000,44.000000,33.385464,289300
1995-09-20,43.875000,44.000000,43.500000,43.625000,33.100914,139600
1995-09-21,43.750000,44.625000,43.625000,44.625000,33.859669,356300
1995-09-22,44.375000,44.375000,43.625000,43.875000,33.290607,287400
1995-09-25,43.625000,43.750000,43.125000,43.125000,32.721542,350900
1995-09-26,43.500000,43.500000,42.750000,43.000000,32.626690,636300
1995-09-27,42.625000,42.875000,42.500000,42.625000,32.342167,214500
1995-09-28,42.625000,42.750000,42.125000,42.375000,32.152466,184700
1995-09-29,42.250000,42.625000,42.125000,42.500000,32.247307,180100
1995-10-02,42.625000,42.625000,41.875000,41.875000,31.773083,317500
1995-10-03,42.000000,42.125000,41.125000,41.625000,31.583384,335200
1995-10-04,41.750000,42.125000,41.500000,41.625000,31.583384,375300
1995-10-05,41.875000,42.000000,41.375000,41.625000,31.583384,121000
1995-10-06,41.875000,42.000000,41.750000,42.000000,31.867941,177500
1995-10-09,42.000000,42.375000,41.625000,42.375000,32.152466,355100
1995-10-10,42.500000,42.625000,41.875000,42.375000,32.152466,267100
1995-10-11,42.375000,42.375000,41.750000,41.875000,31.773083,103200
1995-10-12,42.000000,42.000000,40.500000,40.625000,30.824640,337300
1995-10-13,40.625000,40.875000,40.250000,40.750000,30.919474,537400
1995-10-16,40.375000,40.375000,39.000000,39.375000,29.876171,461900
1995-10-17,39.375000,39.875000,39.000000,39.500000,29.971022,498300
1995-10-18,39.625000,39.750000,38.375000,38.375000,29.117430,920800
1995-10-19,38.250000,38.875000,37.875000,38.375000,29.117430,539000
1995-10-20,38.250000,39.250000,38.250000,38.875000,29.496813,452700
1995-10-23,39.000000,39.625000,37.875000,38.000000,28.832899,358300
1995-10-24,38.000000,38.375000,37.750000,38.000000,28.832899,376200
1995-10-25,38.125000,38.750000,38.125000,38.750000,29.401958,478500
1995-10-26,38.875000,38.875000,37.500000,38.125000,28.927740,656800
1995-10-27,37.875000,38.125000,36.625000,37.625000,28.548357,984900
1995-10-30,37.750000,38.375000,37.375000,37.750000,28.643204,365900
1995-10-31,38.250000,38.375000,37.750000,37.750000,28.643204,283000
1995-11-01,37.875000,38.375000,37.750000,38.250000,29.022589,551100
1995-11-02,38.375000,39.125000,38.125000,39.125000,29.686501,715200
1995-11-03,38.875000,39.000000,37.625000,38.625000,29.307117,556300
1995-11-06,39.250000,40.000000,39.125000,39.750000,30.160728,837100
1995-11-07,40.250000,41.750000,40.250000,41.500000,31.488565,1475800
1995-11-08,41.500000,41.750000,41.000000,41.750000,31.678226,584900
1995-11-09,41.875000,42.875000,41.625000,42.750000,32.437016,490100
1995-11-10,43.250000,43.625000,43.125000,43.125000,32.721542,600900
1995-11-13,42.875000,42.875000,41.625000,41.625000,31.583384,737900
1995-11-14,40.000000,40.375000,39.750000,40.375000,30.634951,1680400
1995-11-15,40.250000,40.750000,40.125000,40.625000,30.824640,888600
1995-11-16,40.750000,40.875000,40.250000,40.500000,30.729795,363700
1995-11-17,40.750000,40.875000,40.375000,40.875000,31.014336,816200
1995-11-20,40.625000,40.625000,40.125000,40.500000,30.729795,286700
1995-11-21,40.375000,40.500000,40.000000,40.250000,30.540106,439700
1995-11-22,40.000000,40.125000,39.625000,39.625000,30.155796,456700
1995-11-24,39.750000,40.375000,39.750000,40.250000,30.631422,322800
1995-11-27,40.750000,41.375000,40.625000,41.125000,31.297310,513500
1995-11-28,42.500000,43.000000,42.375000,42.875000,32.629131,675900
1995-11-29,42.750000,43.000000,42.375000,43.000000,32.724247,522800
1995-11-30,43.000000,43.125000,42.625000,43.125000,32.819370,284700
1995-12-01,43.000000,43.125000,42.500000,43.125000,32.819370,245800
1995-12-04,43.125000,44.000000,43.125000,43.875000,33.390152,347400
1995-12-05,44.125000,44.625000,43.875000,44.500000,33.865795,576300
1995-12-06,44.750000,44.875000,44.250000,44.500000,33.865795,487600
1995-12-07,44.250000,45.250000,44.000000,44.375000,33.770679,854900
1995-12-08,44.625000,45.125000,44.500000,44.875000,34.151180,512500
1995-12-11,44.625000,45.125000,44.625000,44.875000,34.151180,319800
1995-12-12,45.000000,45.000000,44.500000,44.500000,33.865795,352700
1995-12-13,44.750000,44.750000,43.375000,43.625000,33.199894,598000
1995-12-14,43.500000,44.250000,43.375000,44.000000,33.485294,291900
1995-12-15,44.500000,44.750000,44.250000,44.750000,34.056049,867800
1995-12-18,44.875000,45.875000,44.875000,45.750000,34.817074,869200
1995-12-19,45.500000,45.750000,44.875000,45.250000,34.436565,684200
1995-12-20,45.500000,46.000000,45.125000,45.875000,34.912216,559500
1995-12-21,45.750000,46.000000,45.250000,46.000000,35.007343,221000
1995-12-22,45.750000,45.750000,45.250000,45.625000,34.721973,326900
1995-12-26,45.500000,45.625000,45.500000,45.625000,34.721973,99200
1995-12-27,45.500000,45.500000,44.625000,44.750000,34.056049,253000
1995-12-28,44.875000,45.500000,44.875000,45.125000,34.341446,257200
1995-12-29,45.250000,45.375000,44.875000,45.375000,34.531708,260600
1996-01-02,45.625000,47.875000,45.625000,47.750000,36.339130,695700
1996-01-03,48.000000,49.000000,48.000000,48.625000,37.005047,1353300
1996-01-04,48.625000,48.750000,48.375000,48.500000,36.909904,580300
1996-01-05,49.125000,50.375000,49.125000,49.875000,37.956337,777800
1996-01-08,50.000000,51.125000,50.000000,51.000000,38.812504,262700
1996-01-09,51.500000,52.625000,50.625000,52.625000,40.049168,1264700
1996-01-10,52.250000,54.875000,52.250000,54.250000,41.285820,1811700
1996-01-11,54.375000,54.375000,53.250000,53.750000,40.905315,1447800
1996-01-12,52.250000,52.875000,50.625000,51.250000,39.002743,5950200
1996-01-15,51.000000,51.750000,50.500000,51.750000,39.383247,680600
1996-01-16,52.500000,52.500000,51.125000,51.250000,39.002743,720400
1996-01-17,51.500000,52.500000,51.250000,52.375000,39.858910,569600
1996-01-18,52.000000,52.000000,51.500000,51.625000,39.288128,297200
1996-01-19,52.250000,53.875000,52.125000,53.875000,41.000446,696000
1996-01-22,54.875000,56.750000,54.625000,56.125000,42.712753,1261400
1996-01-23,56.000000,56.000000,54.375000,56.000000,42.617626,1198200
1996-01-24,55.375000,55.500000,54.375000,54.500000,41.476089,1037000
1996-01-25,55.000000,56.250000,55.000000,55.625000,42.332230,2042200
1996-01-26,55.500000,56.625000,55.375000,56.375000,42.903015,809700
1996-01-29,56.250000,56.750000,56.125000,56.375000,42.903015,1435200
1996-01-30,56.625000,57.125000,55.875000,56.375000,42.903015,1222900
1996-01-31,56.625000,56.750000,55.375000,56.000000,42.617626,800500
1996-02-01,56.625000,58.750000,56.625000,58.125000,44.234829,1680800
1996-02-02,58.625000,59.375000,58.500000,59.125000,44.995853,1883800
1996-02-05,59.625000,59.875000,58.875000,59.875000,45.659290,1707800
1996-02-06,59.875000,60.000000,59.125000,59.750000,45.563984,681200
1996-02-07,60.000000,60.750000,57.000000,57.000000,43.466881,1274400
1996-02-08,56.750000,56.750000,54.000000,55.375000,42.227688,1743200
1996-02-09,54.875000,55.750000,54.000000,55.000000,41.941727,849100
1996-02-12,54.750000,56.125000,54.000000,54.625000,41.655754,827000
1996-02-13,54.750000,55.125000,54.000000,54.875000,41.846409,787200
1996-02-14,55.000000,57.500000,54.750000,57.375000,43.752846,898700
1996-02-15,57.500000,57.750000,55.250000,55.250000,42.132374,611100
1996-02-16,55.875000,56.375000,55.500000,56.125000,42.799629,580500
1996-02-20,55.375000,56.250000,54.125000,54.500000,41.560436,694700
1996-02-21,54.000000,56.000000,53.000000,56.000000,42.704319,985900
1996-02-22,55.625000,55.750000,54.750000,55.500000,42.323025,528700
1996-02-23,55.000000,55.625000,54.500000,55.375000,42.227688,566300
1996-02-26,55.625000,57.125000,55.625000,57.125000,43.562222,684000
1996-02-27,56.750000,57.375000,56.125000,56.500000,43.085606,628600
1996-02-28,56.625000,57.000000,55.875000,56.500000,43.085606,642300
1996-02-29,57.000000,57.375000,56.750000,56.875000,43.371563,467000
1996-03-01,56.875000,57.000000,55.375000,55.875000,42.608982,524000
1996-03-04,54.250000,54.625000,52.750000,53.000000,40.416573,721300
1996-03-05,53.125000,53.750000,52.750000,53.125000,40.511909,665500
1996-03-06,53.500000,53.875000,52.750000,53.000000,40.416573,503600
1996-03-07,53.125000,54.250000,53.000000,54.250000,41.369804,592900
1996-03-08,55.000000,55.750000,53.250000,53.500000,40.797863,867600
1996-03-11,53.250000,54.375000,53.000000,54.250000,41.369804,544000
1996-03-12,54.000000,55.000000,53.750000,53.750000,40.988499,409300
1996-03-13,54.000000,54.875000,53.375000,54.625000,41.655754,375400
1996-03-14,54.125000,54.750000,53.750000,54.375000,41.465130,598600
1996-03-15,54.500000,55.125000,54.000000,54.625000,41.655754,650800
1996-03-18,53.750000,54.000000,53.000000,54.000000,41.179146,1044600
1996-03-19,54.000000,55.125000,54.000000,54.500000,41.560436,564800
1996-03-20,54.375000,54.750000,53.750000,54.000000,41.179146,371300
1996-03-21,54.500000,55.375000,54.375000,54.875000,41.846409,453000
1996-03-22,55.000000,56.375000,54.875000,56.250000,42.894943,482800
1996-03-25,55.875000,57.125000,55.625000,57.125000,43.562222,589200
1996-03-26,57.375000,60.000000,57.375000,59.750000,45.563984,900500
1996-03-27,59.500000,59.625000,58.500000,58.875000,44.896706,437000
1996-03-28,58.500000,58.500000,56.625000,56.750000,43.276245,502900
1996-03-29,57.000000,57.500000,56.625000,56.625000,43.180912,322700
1996-04-01,56.375000,56.625000,55.750000,55.875000,42.608982,502400
1996-04-02,56.125000,56.125000,55.250000,56.000000,42.704319,375200
1996-04-03,56.000000,58.375000,56.000000,58.000000,44.229462,567100
1996-04-04,57.750000,57.750000,56.875000,57.375000,43.752846,304500
1996-04-08,57.250000,59.500000,57.000000,59.250000,45.182690,584800
1996-04-09,58.250000,59.000000,57.750000,57.875000,44.134132,653000
1996-04-10,57.500000,59.250000,57.125000,59.250000,45.182690,594500
1996-04-11,58.500000,60.500000,58.375000,59.625000,45.468632,1416900
1996-04-12,59.250000,59.250000,57.375000,57.625000,43.943489,390900
1996-04-15,57.125000,57.250000,56.625000,57.125000,43.562222,258400
1996-04-16,57.375000,58.250000,55.875000,56.000000,42.704319,718200
1996-04-17,56.000000,56.500000,55.250000,56.000000,42.704319,351600
1996-04-18,56.250000,56.750000,55.625000,56.000000,42.704319,672600
1996-04-19,56.000000,56.000000,54.000000,54.000000,41.179146,645400
1996-04-22,54.250000,55.500000,54.250000,55.500000,42.323025,440000
1996-04-23,56.000000,56.375000,55.500000,55.750000,42.513680,403500
1996-04-24,55.750000,56.250000,55.625000,55.625000,42.418324,259200
1996-04-25,56.750000,58.125000,56.625000,58.000000,44.229462,554200
1996-04-26,57.375000,57.500000,56.750000,56.875000,43.371563,354400
1996-04-29,56.875000,57.500000,56.625000,56.750000,43.276245,186300
1996-04-30,57.000000,58.125000,56.750000,57.875000,44.134132,454800
1996-05-01,58.000000,58.875000,57.250000,57.625000,43.943489,417600
1996-05-02,57.375000,58.125000,57.250000,57.625000,43.943489,525900
1996-05-03,57.000000,57.750000,56.125000,56.500000,43.085606,404000
1996-05-06,57.125000,59.375000,57.000000,58.500000,44.610752,588400
1996-05-07,58.750000,60.125000,58.750000,59.250000,45.182690,866700
1996-05-08,59.750000,60.125000,58.375000,58.500000,44.610752,858300
1996-05-09,58.625000,58.750000,57.875000,58.625000,44.706074,380200
1996-05-10,58.750000,58.750000,58.000000,58.500000,44.610752,317300
1996-05-13,58.750000,59.250000,58.625000,59.125000,45.087349,313800
1996-05-14,58.625000,58.875000,58.250000,58.875000,44.896706,396100
1996-05-15,58.875000,59.250000,58.750000,59.125000,45.087349,353900
1996-05-16,58.750000,59.125000,58.500000,58.750000,44.801392,138900
1996-05-17,58.875000,58.875000,58.250000,58.500000,44.610752,242400
1996-05-20,58.250000,58.250000,56.875000,57.250000,43.657543,573400
1996-05-21,57.500000,58.750000,56.625000,58.375000,44.515427,1070000
1996-05-22,58.375000,58.500000,57.625000,58.000000,44.229462,406400
1996-05-23,58.000000,58.000000,57.125000,57.125000,43.562222,348300
1996-05-24,56.750000,57.000000,56.250000,56.500000,43.176304,479100
1996-05-28,57.000000,57.500000,56.750000,57.000000,43.558384,635900
1996-05-29,57.000000,57.125000,56.625000,56.875000,43.462864,307800
1996-05-30,57.125000,58.125000,57.125000,58.000000,44.322563,449400
1996-05-31,58.500000,60.250000,58.000000,60.250000,46.041977,778900
1996-06-03,60.375000,60.375000,58.750000,58.875000,44.991219,546800
1996-06-04,58.875000,58.875000,56.875000,57.250000,43.749428,389500
1996-06-05,56.875000,57.000000,53.625000,54.000000,41.265820,799600
1996-06-06,54.000000,54.500000,52.750000,53.000000,40.501659,850000
1996-06-07,53.750000,54.375000,51.000000,52.250000,39.928524,1046300
1996-06-10,52.500000,52.625000,51.000000,51.375000,39.259876,632500
1996-06-11,50.500000,51.375000,49.625000,51.000000,38.973301,1041100
1996-06-12,51.375000,51.625000,50.375000,50.500000,38.591202,769300
1996-06-13,50.750000,51.500000,50.625000,50.625000,38.686710,579800
1996-06-14,50.625000,51.125000,50.000000,50.500000,38.591202,624100
1996-06-17,50.375000,51.125000,50.125000,50.125000,38.304642,320500
1996-06-18,50.125000,50.625000,49.875000,50.000000,38.209114,694300
1996-06-19,50.250000,50.750000,50.250000,50.375000,38.495678,793400
1996-06-20,50.500000,51.125000,50.375000,50.875000,38.877769,420500
1996-06-21,50.750000,50.750000,49.875000,49.875000,38.113594,851700
1996-06-24,50.000000,51.500000,49.625000,51.500000,39.355373,708000
1996-06-25,51.750000,52.125000,50.250000,50.375000,38.495678,448600
1996-06-26,50.500000,50.750000,48.750000,49.375000,37.731495,529400
1996-06-27,49.625000,50.000000,49.375000,49.375000,37.731495,440400
1996-06-28,49.625000,50.250000,49.250000,49.375000,37.731495,346400
1996-07-01,50.250000,51.000000,50.125000,50.250000,38.400154,452700
1996-07-02,50.000000,50.500000,49.500000,49.500000,37.827023,458300
1996-07-03,49.750000,50.250000,49.375000,49.750000,38.018063,371000
1996-07-05,49.750000,52.125000,49.750000,51.750000,39.546413,475700
1996-07-08,51.875000,52.125000,51.125000,51.375000,39.259876,702500
1996-07-09,52.000000,53.000000,51.750000,53.000000,40.501659,783800
1996-07-10,53.500000,53.750000,52.625000,53.000000,40.501659,477200
1996-07-11,53.250000,53.250000,51.375000,51.750000,39.546413,478100
1996-07-12,51.875000,51.875000,50.125000,50.125000,38.304642,264200
1996-07-15,49.750000,50.875000,49.500000,49.500000,37.827023,406400
1996-07-16,49.250000,49.500000,47.500000,48.625000,37.158367,824700
1996-07-17,48.750000,48.875000,47.625000,47.625000,36.394173,505800
1996-07-18,47.875000,48.500000,47.875000,48.250000,36.871788,415700
1996-07-19,48.375000,49.250000,48.375000,49.125000,37.540447,556700
1996-07-22,48.750000,49.375000,48.500000,48.875000,37.349396,338600
1996-07-23,49.125000,49.250000,48.000000,48.125000,36.776272,295900
1996-07-24,47.750000,47.750000,46.875000,46.875000,35.821045,438700
1996-07-25,47.125000,47.250000,46.875000,47.000000,35.916557,602000
1996-07-26,47.000000,48.125000,46.875000,47.875000,36.585243,927900
1996-07-29,47.750000,47.750000,46.625000,46.750000,35.815292,328300
1996-07-30,46.875000,46.875000,46.000000,46.000000,35.240715,313800
1996-07-31,46.750000,49.375000,46.375000,48.125000,36.868679,901300
1996-08-01,49.000000,50.750000,48.625000,49.875000,38.209358,775900
1996-08-02,49.875000,50.375000,49.125000,50.125000,38.400894,811900
1996-08-05,51.625000,53.125000,51.500000,52.625000,40.316151,942800
1996-08-06,52.125000,52.125000,51.500000,51.875000,39.741550,515600
1996-08-07,51.875000,52.125000,51.000000,51.125000,39.166977,382300
1996-08-08,51.125000,53.000000,51.125000,52.875000,40.507683,440000
1996-08-09,52.625000,52.750000,51.625000,51.750000,39.645790,327800
1996-08-12,51.875000,52.625000,51.875000,52.500000,40.220379,287800
1996-08-13,52.375000,52.500000,51.750000,51.875000,39.741550,158300
1996-08-14,51.250000,51.375000,50.875000,51.125000,39.166977,382900
1996-08-15,51.125000,52.000000,51.125000,51.375000,39.358528,437900
1996-08-16,51.250000,51.375000,50.750000,50.875000,38.975468,333900
1996-08-19,50.875000,52.875000,50.875000,52.875000,40.507683,449000
1996-08-20,52.625000,53.750000,52.250000,53.750000,41.178013,455500
1996-08-21,53.500000,53.500000,53.000000,53.125000,40.699196,233500
1996-08-22,53.250000,54.250000,53.250000,54.000000,41.369537,375400
1996-08-23,53.750000,54.250000,53.500000,53.500000,40.986485,328600
1996-08-26,54.000000,54.750000,54.000000,54.500000,41.752598,673300
1996-08-27,54.375000,54.375000,53.750000,54.250000,41.561050,495400
1996-08-28,54.000000,54.250000,53.875000,54.000000,41.369537,615800
1996-08-29,54.000000,54.250000,53.250000,53.375000,40.890724,279600
1996-08-30,53.000000,53.000000,52.375000,52.875000,40.507683,323800
1996-09-03,52.750000,53.875000,52.375000,53.625000,41.082237,214100
1996-09-04,53.500000,53.500000,52.750000,53.250000,40.794952,176700
1996-09-05,53.500000,54.125000,53.125000,53.375000,40.890724,227100
1996-09-06,53.375000,53.625000,52.625000,52.875000,40.507683,171600
1996-09-09,53.000000,53.000000,51.125000,51.750000,39.645790,460800
1996-09-10,51.375000,51.625000,51.125000,51.250000,39.262753,502200
1996-09-11,51.500000,51.875000,51.375000,51.750000,39.645790,246200
1996-09-12,51.500000,51.500000,51.000000,51.375000,39.358528,190800
1996-09-13,51.500000,53.000000,51.500000,52.125000,39.933094,514900
1996-09-16,52.125000,52.125000,51.125000,51.250000,39.262753,503100
1996-09-17,51.375000,51.500000,50.250000,50.500000,38.688171,437400
1996-09-18,50.500000,50.625000,49.625000,49.750000,38.113605,517500
1996-09-19,49.875000,50.000000,49.375000,49.500000,37.922077,267800
1996-09-20,49.500000,49.500000,48.750000,49.000000,37.539024,671800
1996-09-23,49.125000,49.375000,48.375000,48.375000,37.060211,517100
1996-09-24,48.875000,49.625000,48.500000,49.625000,38.017838,917000
1996-09-25,49.625000,49.875000,48.625000,48.625000,37.251751,378500
1996-09-26,47.875000,48.000000,47.125000,47.750000,36.581402,908900
1996-09-27,47.875000,48.000000,47.125000,47.125000,36.102566,516200
1996-09-30,47.000000,47.625000,46.500000,47.250000,36.198334,553100
1996-10-01,47.500000,48.125000,47.125000,47.250000,36.198334,433900
1996-10-02,47.750000,49.000000,47.500000,48.625000,37.251751,718000
1996-10-03,48.625000,48.625000,47.625000,47.750000,36.581402,390700
1996-10-04,48.000000,48.500000,47.375000,48.000000,36.772907,400500
1996-10-07,48.000000,48.625000,47.625000,47.875000,36.677174,248400
1996-10-08,48.375000,48.500000,47.000000,47.125000,36.102566,470600
1996-10-09,47.375000,47.500000,46.875000,47.250000,36.198334,332400
1996-10-10,47.250000,48.125000,47.125000,48.125000,36.868679,441000
1996-10-11,47.500000,47.625000,46.625000,47.125000,36.102566,251600
1996-10-14,47.125000,47.250000,46.750000,46.875000,35.911045,233800
1996-10-15,46.625000,47.250000,46.250000,46.875000,35.911045,440600
1996-10-16,47.000000,47.375000,46.500000,46.875000,35.911045,768700
1996-10-17,46.375000,46.625000,45.625000,45.625000,34.953438,922400
1996-10-18,45.375000,45.375000,44.875000,44.875000,34.378845,538700
1996-10-21,45.000000,45.875000,44.875000,45.875000,35.144958,1147300
1996-10-22,46.000000,46.875000,45.750000,46.500000,35.623764,858500
1996-10-23,46.125000,47.125000,45.875000,47.125000,36.102566,603600
1996-10-24,46.750000,46.750000,46.375000,46.625000,35.719517,393100
1996-10-25,46.500000,47.375000,46.375000,47.000000,36.006824,459100
1996-10-28,47.000000,48.000000,46.875000,47.250000,36.198334,272600
1996-10-29,46.625000,46.625000,46.125000,46.125000,35.336479,516200
1996-10-30,46.250000,46.875000,46.062500,46.875000,35.911045,255100
1996-10-31,46.875000,47.500000,46.250000,46.250000,35.432247,525700
1996-11-01,46.250000,46.500000,45.875000,46.500000,35.623764,288700
1996-11-04,46.875000,47.000000,46.500000,46.625000,35.719517,182000
1996-11-05,46.625000,47.250000,46.375000,46.625000,35.719517,351500
1996-11-06,46.875000,46.875000,46.000000,46.000000,35.240715,389100
1996-11-07,46.125000,48.250000,45.875000,48.000000,36.772907,1316700
1996-11-08,47.875000,48.875000,47.375000,48.875000,37.443260,892700
1996-11-11,49.500000,49.625000,48.500000,49.500000,37.922077,576100
1996-11-12,49.250000,50.875000,49.000000,50.625000,38.783936,709000
1996-11-13,50.625000,53.125000,50.625000,52.125000,39.933094,1183000
1996-11-14,52.125000,52.125000,51.250000,51.750000,39.645790,844400
1996-11-15,51.250000,51.375000,50.625000,51.250000,39.262753,766200
1996-11-18,50.875000,50.875000,50.250000,50.375000,38.592403,288500
1996-11-19,49.875000,50.375000,49.750000,50.375000,38.592403,286200
1996-11-20,51.875000,52.625000,51.250000,52.500000,40.220379,1010300
1996-11-21,52.375000,52.375000,50.250000,50.250000,38.496662,824300
1996-11-22,50.500000,50.500000,48.750000,49.000000,37.539024,788600
1996-11-25,48.750000,48.750000,48.000000,48.375000,37.060211,801700
1996-11-26,48.500000,49.250000,47.500000,48.250000,36.964447,1425500
1996-11-27,47.875000,48.625000,47.625000,47.875000,36.677174,667900
1996-11-29,47.875000,48.000000,47.625000,47.875000,36.677174,174400
1996-12-02,47.500000,47.625000,46.750000,46.875000,35.911045,842300
1996-12-03,46.500000,46.625000,45.500000,46.375000,35.619190,1490100
1996-12-04,47.500000,47.750000,47.000000,47.500000,36.483257,1051700
1996-12-05,46.875000,48.625000,46.500000,48.500000,37.251316,1682300
1996-12-06,47.000000,47.000000,46.000000,46.875000,36.003216,830000
1996-12-09,47.000000,47.500000,46.375000,47.000000,36.099232,647700
1996-12-10,47.250000,47.500000,45.750000,46.625000,35.811199,679100
1996-12-11,46.500000,46.750000,45.125000,45.375000,34.851131,544500
1996-12-12,45.625000,45.750000,45.125000,45.125000,34.659100,358000
1996-12-13,45.125000,45.500000,44.750000,45.000000,34.563095,325500
1996-12-16,44.875000,45.500000,44.750000,45.125000,34.659100,387300
1996-12-17,45.125000,46.250000,45.000000,45.500000,34.947113,773500
1996-12-18,45.625000,45.750000,44.250000,44.375000,34.083057,658000
1996-12-19,44.375000,44.625000,43.875000,44.625000,34.275059,363300
1996-12-20,45.125000,45.250000,44.500000,44.875000,34.467079,644100
1996-12-23,44.875000,45.750000,44.750000,45.500000,34.947113,417300
1996-12-24,45.625000,45.625000,45.125000,45.375000,34.851131,64400
1996-12-26,45.625000,46.125000,45.125000,45.125000,34.659100,183200
1996-12-27,45.375000,45.375000,44.875000,45.000000,34.563095,191100
1996-12-30,45.000000,45.750000,44.875000,45.250000,34.755104,288800
1996-12-31,45.125000,45.250000,44.125000,44.750000,34.371082,425300
1997-01-02,44.625000,44.625000,43.500000,44.000000,33.795052,415300
1997-01-03,44.000000,44.375000,43.250000,43.625000,33.507004,692200
1997-01-06,43.250000,43.250000,41.250000,41.250000,31.682833,755400
1997-01-07,41.500000,41.625000,39.875000,40.500000,31.106792,1619700
1997-01-08,40.000000,40.125000,39.375000,39.875000,30.626734,1628600
1997-01-09,40.000000,41.375000,40.000000,41.125000,31.586819,2036300
1997-01-10,41.000000,41.125000,40.375000,41.000000,31.490810,958900
1997-01-13,41.125000,41.125000,40.125000,40.500000,31.106792,365300
1997-01-14,40.500000,40.500000,39.500000,39.750000,30.530729,362300
1997-01-15,39.375000,40.250000,39.375000,39.375000,30.242710,601000
1997-01-16,39.875000,40.625000,39.875000,40.250000,30.914759,591900
1997-01-17,40.375000,41.250000,40.375000,41.000000,31.490810,872800
1997-01-20,40.750000,40.875000,40.375000,40.625000,31.202791,320400
1997-01-21,41.000000,41.375000,40.375000,40.625000,31.202791,376300
1997-01-22,40.250000,40.250000,39.625000,39.625000,30.434729,513900
1997-01-23,39.500000,39.875000,39.000000,39.500000,30.338718,989800
1997-01-24,40.000000,40.875000,39.875000,40.750000,31.298798,1195300
1997-01-27,41.000000,42.125000,40.875000,41.625000,31.970869,1391000
1997-01-28,41.250000,41.250000,40.750000,40.875000,31.394798,672500
1997-01-29,40.625000,40.750000,40.250000,40.625000,31.202791,417100
1997-01-30,40.500000,40.500000,39.875000,40.000000,30.722757,595100
1997-01-31,40.000000,40.000000,39.250000,39.875000,30.626734,640600
1997-02-03,40.000000,41.000000,40.000000,40.625000,31.202791,731700
1997-02-04,40.625000,40.625000,40.125000,40.500000,31.106792,758900
1997-02-05,40.500000,40.750000,39.750000,39.875000,30.626734,572400
1997-02-06,39.625000,39.750000,38.625000,38.875000,29.858683,684400
1997-02-07,38.375000,39.500000,38.375000,39.500000,30.338718,1066000
1997-02-10,39.375000,39.625000,39.000000,39.500000,30.431168,649300
1997-02-11,39.250000,39.250000,38.625000,39.000000,30.045967,963800
1997-02-12,38.750000,41.250000,38.250000,41.250000,31.779375,2411900
1997-02-13,41.250000,42.375000,40.875000,41.000000,31.586771,1577600
1997-02-14,41.750000,43.000000,41.500000,42.750000,32.934998,1163600
1997-02-18,43.125000,44.000000,42.875000,44.000000,33.898033,999300
1997-02-19,44.875000,45.000000,44.125000,44.250000,34.090599,1197500
1997-02-20,44.250000,46.250000,44.000000,46.125000,35.535141,1402200
1997-02-21,46.750000,47.000000,45.375000,45.375000,34.957333,1528800
1997-02-24,45.750000,46.625000,45.625000,46.625000,35.920326,882300
1997-02-25,46.375000,46.875000,46.000000,46.750000,36.016636,867700
1997-02-26,47.000000,47.250000,45.375000,45.750000,35.246208,764200
1997-02-27,47.000000,47.250000,46.750000,46.875000,36.112926,1555900
1997-02-28,46.875000,47.500000,46.625000,47.500000,36.594433,1237300
1997-03-03,47.250000,47.375000,46.875000,47.000000,36.209240,759300
1997-03-04,46.250000,46.250000,45.875000,45.875000,35.342529,437500
1997-03-05,45.250000,45.250000,44.250000,45.250000,34.861012,1232900
1997-03-06,45.250000,45.250000,44.875000,45.000000,34.668415,697300
1997-03-07,44.750000,44.875000,44.000000,44.125000,33.994305,402800
1997-03-10,43.625000,43.750000,42.375000,43.000000,33.127598,3275700
1997-03-11,43.000000,43.250000,42.875000,43.125000,33.223888,1298500
1997-03-12,43.125000,43.125000,42.625000,42.750000,32.934998,663900
1997-03-13,42.875000,43.375000,42.687500,43.250000,33.320198,823900
1997-03-14,43.000000,43.125000,42.750000,43.000000,33.127598,466500
1997-03-17,43.000000,43.000000,42.250000,42.500000,32.742390,413800
1997-03-18,42.000000,42.375000,41.625000,42.000000,32.357182,1119000
1997-03-19,42.000000,42.125000,41.500000,41.625000,32.068291,1109900
1997-03-20,41.750000,41.750000,40.500000,40.875000,31.490465,838800
1997-03-21,40.875000,41.375000,40.750000,40.875000,31.490465,989800
1997-03-24,40.125000,40.375000,40.000000,40.250000,31.008963,1146400
1997-03-25,40.000000,40.125000,39.875000,39.875000,30.720062,777700
1997-03-26,39.750000,41.625000,39.500000,41.375000,31.875706,1526700
1997-03-27,40.750000,40.750000,39.125000,39.625000,30.527470,1311100
1997-03-31,39.375000,39.375000,38.562500,38.750000,29.853369,939100
1997-04-01,38.875000,39.125000,38.750000,38.875000,29.949667,622400
1997-04-02,38.750000,39.625000,38.750000,39.375000,30.334867,914800
1997-04-03,38.750000,39.250000,38.750000,38.875000,29.949667,564100
1997-04-04,38.875000,38.875000,38.625000,38.750000,29.853369,666400
1997-04-07,38.750000,39.000000,38.250000,38.375000,29.564466,558100
1997-04-08,38.250000,39.000000,38.250000,38.750000,29.853369,577600
1997-04-09,38.625000,39.000000,38.250000,38.250000,29.468157,444900
1997-04-10,38.375000,39.625000,38.375000,39.250000,30.238567,931300
1997-04-11,39.125000,39.375000,37.875000,37.875000,29.179243,735500
1997-04-14,38.000000,38.125000,37.250000,37.625000,28.986660,628600
1997-04-15,36.625000,37.000000,35.625000,36.375000,28.023624,1651800
1997-04-16,35.875000,37.125000,35.750000,37.125000,28.601448,1051800
1997-04-17,37.000000,37.875000,36.625000,37.000000,28.505140,1126200
1997-04-18,37.000000,37.000000,36.000000,36.000000,27.734730,833800
1997-04-21,36.250000,36.375000,35.125000,35.125000,27.060633,1039700
1997-04-22,34.875000,34.875000,34.000000,34.375000,26.482815,904200
1997-04-23,34.500000,34.750000,33.875000,34.250000,26.386517,681400
1997-04-24,34.375000,34.500000,33.625000,33.750000,26.001316,937000
1997-04-25,34.375000,34.500000,33.750000,34.125000,26.290207,736700
1997-04-28,33.875000,34.000000,33.500000,33.875000,26.097609,788700
1997-04-29,34.000000,34.750000,34.000000,34.500000,26.579119,814300
1997-04-30,34.875000,34.875000,34.500000,34.625000,26.675421,917100
1997-05-01,34.625000,35.750000,34.500000,35.625000,27.445824,1316100
1997-05-02,35.625000,36.250000,35.625000,36.250000,27.927343,835000
1997-05-05,36.750000,36.875000,36.375000,36.500000,28.119944,1104400
1997-05-06,36.500000,36.500000,35.750000,36.000000,27.734730,1444300
1997-05-07,36.375000,38.375000,36.125000,38.250000,29.468157,1523200
1997-05-08,39.500000,39.500000,38.500000,38.875000,29.949667,1621000
1997-05-09,39.000000,39.500000,38.500000,39.375000,30.334867,1073700
1997-05-12,39.500000,39.875000,38.500000,38.625000,29.757046,930000
1997-05-13,38.625000,38.750000,37.625000,37.875000,29.179243,1057600
1997-05-14,37.750000,38.000000,36.875000,37.000000,28.505140,753400
1997-05-15,37.125000,38.125000,36.750000,38.125000,29.371862,771000
1997-05-16,37.375000,37.625000,36.875000,37.125000,28.601448,959800
1997-05-19,36.625000,38.125000,36.375000,37.750000,29.082945,1004600
1997-05-20,38.125000,38.250000,37.375000,37.875000,29.179243,764500
1997-05-21,37.625000,38.125000,37.500000,37.750000,29.082945,631900
1997-05-22,37.750000,38.125000,37.500000,37.750000,29.082945,444500
1997-05-23,38.000000,38.500000,38.000000,38.250000,29.468157,463100
1997-05-27,38.375000,39.000000,38.375000,39.000000,30.045967,736900
1997-05-28,38.750000,39.125000,38.375000,38.750000,29.853369,492500
1997-05-29,38.875000,39.750000,38.375000,39.750000,30.623766,862600
1997-05-30,39.375000,39.625000,39.000000,39.125000,30.142265,641500
1997-06-02,39.125000,39.250000,38.500000,38.625000,29.757046,481200
1997-06-03,38.125000,38.250000,37.500000,37.625000,29.076996,621100
1997-06-04,37.000000,37.375000,36.500000,36.750000,28.400772,595800
1997-06-05,36.875000,37.875000,36.875000,37.625000,29.076996,971100
1997-06-06,37.875000,38.000000,37.375000,37.500000,28.980389,947900
1997-06-09,37.750000,38.125000,37.625000,38.125000,29.463398,656000
1997-06-10,38.125000,38.125000,37.625000,37.875000,29.270180,403500
1997-06-11,37.750000,38.500000,37.625000,37.875000,29.270180,755600
1997-06-12,37.625000,38.625000,37.375000,38.625000,29.849783,1096700
1997-06-13,38.625000,39.375000,38.625000,39.125000,30.236202,703500
1997-06-16,39.250000,39.375000,38.750000,38.750000,29.946405,637200
1997-06-17,38.625000,38.875000,38.375000,38.750000,29.946405,747200
1997-06-18,38.750000,38.875000,38.375000,38.500000,29.753201,864200
1997-06-19,38.875000,39.000000,38.500000,38.875000,30.043005,838600
1997-06-20,38.500000,38.625000,37.875000,38.000000,29.366787,1053200
1997-06-23,37.750000,38.125000,37.375000,37.750000,29.173580,951900
1997-06-24,37.250000,37.562500,37.062500,37.437500,28.932074,589900
1997-06-25,37.562500,38.875000,37.562500,38.687500,29.898094,1256000
1997-06-26,38.875000,39.125000,38.562500,38.812500,29.994692,810900
1997-06-27,38.562500,38.750000,38.312500,38.750000,29.946405,1062900
1997-06-30,38.750000,39.062500,38.375000,39.000000,30.139605,641300
1997-07-01,39.250000,40.250000,39.250000,39.625000,30.622608,1047000
1997-07-02,39.375000,39.375000,38.500000,38.687500,29.898094,297800
1997-07-03,38.687500,38.937500,37.812500,37.875000,29.270180,508500
1997-07-07,35.750000,36.250000,35.250000,35.437500,27.386448,2832400
1997-07-08,35.625000,36.812500,35.500000,36.062500,27.869469,2223400
1997-07-09,35.937500,36.187500,35.562500,36.125000,27.917759,1366700
1997-07-10,36.625000,37.937500,36.625000,37.500000,28.980389,1000400
1997-07-11,37.437500,38.375000,37.312500,38.000000,29.366787,714300
1997-07-14,37.625000,37.937500,37.062500,37.125000,28.690584,502200
1997-07-15,36.625000,37.125000,36.062500,36.187500,27.966068,666100
1997-07-16,36.312500,36.750000,36.000000,36.437500,28.159269,668800
1997-07-17,36.437500,37.625000,35.875000,37.625000,29.076996,2629900
1997-07-18,37.625000,38.750000,37.250000,38.500000,29.753201,1305600
1997-07-21,38.187500,38.187500,37.750000,37.750000,29.173580,879000
1997-07-22,38.187500,38.937500,38.187500,38.562500,29.801487,818400
1997-07-23,38.250000,38.625000,37.937500,38.187500,29.511690,942900
1997-07-24,38.125000,39.187500,37.812500,38.812500,29.994692,1122400
1997-07-25,38.562500,39.250000,38.562500,39.062500,30.187893,907100
1997-07-28,39.062500,39.937500,39.062500,39.625000,30.716974,667700
1997-07-29,39.437500,39.625000,39.062500,39.562500,30.668507,706700
1997-07-30,39.812500,40.875000,39.812500,40.812500,31.637495,859900
1997-07-31,40.812500,41.750000,40.500000,41.250000,31.976635,750500
1997-08-01,41.250000,41.437500,40.875000,41.312500,32.025101,460700
1997-08-04,41.062500,41.187500,41.000000,41.062500,31.831312,430700
1997-08-05,40.687500,40.687500,40.000000,40.250000,31.201452,689500
1997-08-06,40.000000,41.437500,39.875000,41.375000,32.073566,659700
1997-08-07,41.375000,42.000000,41.375000,41.500000,32.170452,551100
1997-08-08,41.937500,43.750000,41.812500,43.125000,33.430138,1751200
1997-08-11,43.000000,43.250000,42.750000,42.875000,33.236343,674700
1997-08-12,42.875000,43.187500,42.375000,42.937500,33.284790,592300
1997-08-13,42.375000,43.437500,42.375000,43.125000,33.430138,953600
1997-08-14,42.625000,42.625000,41.500000,41.687500,32.315792,878900
1997-08-15,41.625000,42.375000,41.500000,42.250000,32.751839,787300
1997-08-18,41.937500,41.937500,41.312500,41.875000,32.461143,504000
1997-08-19,42.000000,42.312500,41.625000,41.625000,32.267353,337300
1997-08-20,41.375000,42.000000,41.312500,41.750000,32.364246,414600
1997-08-21,42.000000,42.500000,42.000000,42.375000,32.848743,582500
1997-08-22,42.375000,43.125000,42.375000,42.875000,33.236343,609900
1997-08-25,42.625000,42.875000,42.375000,42.562500,32.994091,284500
1997-08-26,42.750000,43.000000,42.437500,42.781250,33.163670,464100
1997-08-27,42.375000,42.500000,41.875000,41.937500,32.509602,492200
1997-08-28,42.062500,42.687500,42.062500,42.437500,32.897198,593300
1997-08-29,42.500000,42.687500,42.250000,42.312500,32.800301,224400
1997-09-02,42.187500,42.562500,41.875000,42.437500,32.897198,466200
1997-09-03,42.437500,42.500000,42.062500,42.062500,32.606503,578400
1997-09-04,42.125000,42.750000,42.125000,42.750000,33.139442,431500
1997-09-05,42.500000,42.500000,41.875000,42.187500,32.703411,424100
1997-09-08,42.062500,42.125000,41.187500,41.250000,31.976635,436700
1997-09-09,41.000000,41.125000,40.750000,40.750000,31.589058,465800
1997-09-10,40.562500,41.125000,40.437500,40.562500,31.443718,572100
1997-09-11,40.562500,40.937500,40.000000,40.187500,31.153009,669300
1997-09-12,39.875000,40.312500,39.875000,40.125000,31.104567,426100
1997-09-15,39.875000,40.187500,39.812500,40.062500,31.056103,413400
1997-09-16,39.875000,40.000000,39.500000,39.625000,30.716974,462900
1997-09-17,39.625000,40.125000,39.500000,39.500000,30.620071,384300
1997-09-18,39.625000,40.187500,39.625000,39.937500,30.959208,667100
1997-09-19,39.937500,40.562500,39.875000,40.062500,31.056103,1359000
1997-09-22,40.062500,40.375000,39.625000,39.687500,30.765408,408300
1997-09-23,39.687500,40.125000,39.500000,40.125000,31.104567,605400
1997-09-24,40.500000,41.500000,40.312500,41.250000,31.976635,712100
1997-09-25,41.625000,43.250000,41.625000,43.250000,33.527031,1306600
1997-09-26,43.000000,43.375000,42.437500,43.000000,33.333241,771100
1997-09-29,43.375000,44.562500,43.125000,44.500000,34.496025,1233400
1997-09-30,45.500000,45.875000,44.750000,44.937500,34.835163,1995600
1997-10-01,45.250000,45.625000,44.125000,44.437500,34.447556,1661900
1997-10-02,44.687500,45.250000,44.375000,44.875000,34.786724,792100
1997-10-03,44.687500,45.062500,44.562500,44.937500,34.835163,773500
1997-10-06,44.750000,44.750000,43.812500,44.250000,34.302212,483600
1997-10-07,44.125000,44.375000,43.812500,44.250000,34.302212,244800
1997-10-08,44.375000,45.125000,44.343750,45.062500,34.932064,753600
1997-10-09,45.500000,45.625000,43.437500,43.750000,33.914646,1612800
1997-10-10,44.250000,44.687500,43.562500,44.500000,34.496025,788400
1997-10-13,44.500000,44.625000,44.125000,44.500000,34.496025,481000
1997-10-14,44.250000,44.437500,44.062500,44.187500,34.253788,276100
1997-10-15,43.937500,44.062500,43.500000,43.500000,33.720829,344100
1997-10-16,43.500000,43.687500,43.062500,43.125000,33.430138,472300
1997-10-17,42.625000,42.875000,41.812500,42.062500,32.606503,765500
1997-10-20,42.062500,42.062500,41.562500,41.562500,32.218895,304800
1997-10-21,41.500000,42.812500,41.312500,42.812500,33.187889,589200
1997-10-22,42.812500,44.000000,42.375000,44.000000,34.108444,608100
1997-10-23,44.750000,45.000000,44.625000,44.937500,34.835163,2084500
1997-10-24,41.750000,42.875000,41.562500,41.562500,32.218895,1540400
1997-10-27,41.437500,41.500000,34.625000,34.625000,26.841013,2214000
1997-10-28,33.000000,36.750000,32.875000,35.937500,27.858438,2954200
1997-10-29,35.937500,35.937500,34.562500,35.187500,27.277040,887100
1997-10-30,35.000000,37.500000,34.937500,36.250000,28.100702,2059800
1997-10-31,35.375000,36.125000,34.875000,35.000000,27.131712,1063500
1997-11-03,35.500000,35.687500,35.000000,35.125000,27.228615,912700
1997-11-04,35.500000,35.625000,34.687500,35.062500,27.180162,575000
1997-11-05,34.937500,35.125000,33.937500,34.625000,26.841013,547900
1997-11-06,34.000000,34.375000,33.937500,34.125000,26.453407,431200
1997-11-07,33.125000,33.312500,32.375000,33.000000,25.581327,996400
1997-11-10,33.000000,33.625000,31.750000,32.062500,24.854582,1305000
1997-11-11,32.562500,32.812500,31.875000,32.187500,24.951483,1225900
1997-11-12,31.875000,32.062500,30.312500,30.937500,23.982491,1072300
1997-11-13,31.062500,32.250000,31.062500,31.750000,24.612333,1164500
1997-11-14,31.125000,31.187500,30.250000,31.062500,24.079393,2135100
1997-11-17,31.500000,31.875000,31.437500,31.625000,24.515432,917700
1997-11-18,31.812500,32.187500,31.312500,31.312500,24.273178,960300
1997-11-19,31.062500,31.750000,30.250000,30.500000,23.643345,1002700
1997-11-20,30.312500,31.500000,29.625000,31.500000,24.418535,1738800
1997-11-21,32.125000,32.250000,31.750000,31.937500,24.757685,983700
1997-11-24,31.875000,32.062500,31.000000,31.000000,24.030937,1028200
1997-11-25,31.125000,31.187500,30.562500,30.812500,23.885584,906100
1997-11-26,30.625000,30.750000,29.750000,30.187500,23.401102,1298300
1997-11-28,30.187500,30.187500,29.937500,30.000000,23.255751,414900
1997-12-01,29.750000,30.437500,29.750000,30.375000,23.546444,1238900
1997-12-02,30.500000,30.750000,30.062500,30.625000,23.763720,1117500
1997-12-03,30.250000,30.500000,29.312500,29.312500,22.745268,1500900
1997-12-04,29.000000,29.000000,27.625000,27.750000,21.532835,2055900
1997-12-05,27.937500,28.812500,27.937500,28.500000,22.114799,1160800
1997-12-08,28.500000,28.500000,27.875000,27.937500,21.678328,918200
1997-12-09,27.562500,27.625000,26.562500,27.000000,20.950863,1461100
1997-12-10,27.500000,28.125000,27.500000,27.875000,21.629837,2381900
1997-12-11,27.625000,28.000000,26.750000,27.000000,20.950863,1117700
1997-12-12,27.187500,27.562500,26.687500,27.437500,21.290344,1230500
1997-12-15,27.687500,28.125000,27.437500,27.500000,21.338840,1404600
1997-12-16,27.625000,28.000000,27.437500,27.500000,21.338840,1205300
1997-12-17,28.187500,30.000000,28.062500,29.937500,23.230246,2174900
1997-12-18,29.937500,30.312500,28.812500,28.812500,22.357283,1482100
1997-12-19,28.812500,29.187500,28.062500,28.500000,22.114799,790800
1997-12-22,29.000000,29.250000,28.687500,28.812500,22.357283,602800
1997-12-23,29.000000,29.750000,28.937500,29.687500,23.036249,1065400
1997-12-24,29.750000,30.125000,29.562500,29.937500,23.230246,843700
1997-12-26,29.687500,29.750000,29.500000,29.562500,22.939247,230000
1997-12-29,29.500000,29.500000,28.562500,28.625000,22.211800,833200
1997-12-30,28.625000,29.937500,28.000000,29.875000,23.181751,1199200
1997-12-31,29.500000,29.500000,28.937500,29.375000,22.793772,1045400
1998-01-02,29.187500,30.187500,29.187500,30.000000,23.278742,462500
1998-01-05,29.875000,29.937500,28.187500,28.562500,22.163294,1043300
1998-01-06,28.750000,29.187500,28.437500,28.812500,22.357283,907300
1998-01-07,28.625000,28.625000,27.687500,28.375000,22.017813,1639300
1998-01-08,28.000000,28.062500,26.437500,26.687500,20.708378,1273300
1998-01-09,26.437500,26.437500,24.812500,25.312500,19.641434,1736400
1998-01-12,24.500000,25.000000,23.750000,23.875000,18.525995,1058400
1998-01-13,24.187500,25.375000,24.187500,25.250000,19.592939,2531500
1998-01-14,26.500000,26.500000,24.687500,24.937500,19.350456,1446300
1998-01-15,25.000000,26.125000,24.750000,26.000000,20.174904,1283200
1998-01-16,26.937500,27.500000,26.500000,27.062500,20.999361,1669400
1998-01-20,26.000000,26.687500,25.812500,26.500000,20.562881,1175700
1998-01-21,26.625000,27.437500,26.562500,27.187500,21.096365,635400
1998-01-22,27.312500,27.937500,26.500000,26.687500,20.708378,868100
1998-01-23,26.937500,30.312500,26.750000,30.062500,23.327236,2639800
1998-01-26,30.250000,30.312500,28.062500,28.562500,22.163294,2529400
1998-01-27,28.937500,29.062500,28.625000,29.062500,22.551287,1394900
1998-01-28,28.500000,29.500000,28.500000,29.375000,22.793772,1178300
1998-01-29,29.187500,29.187500,27.937500,28.062500,21.775322,1056700
1998-01-30,28.312500,28.625000,28.125000,28.500000,22.114799,820000
1998-02-02,28.500000,28.562500,27.125000,28.000000,21.726824,1007400
1998-02-03,27.625000,27.625000,26.312500,26.375000,20.465885,1065000
1998-02-04,27.125000,28.187500,27.062500,27.750000,21.532835,1645100
1998-02-05,28.625000,28.687500,27.500000,27.750000,21.532835,1397700
1998-02-06,28.000000,28.562500,27.937500,28.250000,21.920820,909800
1998-02-09,28.937500,29.187500,28.687500,28.937500,22.478149,1509900
1998-02-10,29.000000,29.062500,28.125000,28.187500,21.895571,696800
1998-02-11,28.062500,28.062500,27.625000,27.750000,21.555729,624700
1998-02-12,28.000000,28.500000,27.750000,28.500000,22.138313,747700
1998-02-13,28.437500,29.062500,28.250000,28.875000,22.429598,717200
1998-02-17,29.062500,29.062500,27.562500,27.562500,21.410072,650600
1998-02-18,27.687500,27.937500,27.187500,27.500000,21.361521,514900
1998-02-19,27.437500,27.625000,27.062500,27.250000,21.167334,708600
1998-02-20,27.000000,27.125000,26.750000,26.937500,20.924578,923200
1998-02-23,26.500000,27.125000,26.437500,27.000000,20.973137,913100
1998-02-24,26.750000,26.937500,26.437500,26.625000,20.681849,755700
1998-02-25,26.875000,27.187500,26.750000,27.062500,21.021679,393100
1998-02-26,27.000000,28.750000,27.000000,28.687500,22.283960,1049900
1998-02-27,28.937500,29.250000,28.750000,29.000000,22.526699,1210200
1998-03-02,29.125000,29.125000,28.625000,28.750000,22.332512,563300
1998-03-03,28.312500,28.562500,27.750000,28.187500,21.895571,608200
1998-03-04,28.187500,28.812500,27.875000,27.937500,21.701374,508900
1998-03-05,27.812500,27.875000,27.000000,27.125000,21.070236,741500
1998-03-06,27.375000,27.750000,27.312500,27.750000,21.555729,850500
1998-03-09,27.750000,28.750000,27.562500,28.687500,22.283960,642400
1998-03-10,28.687500,29.000000,28.437500,28.812500,22.381054,599600
1998-03-11,28.312500,28.437500,27.875000,27.875000,21.652830,479400
1998-03-12,27.625000,28.187500,27.500000,27.937500,21.701374,520800
1998-03-13,27.937500,28.562500,27.875000,27.937500,21.701374,556800
1998-03-16,28.062500,28.187500,27.562500,27.812500,21.604277,329600
1998-03-17,27.562500,27.750000,27.000000,27.000000,20.973137,584300
1998-03-18,26.687500,27.000000,26.562500,27.000000,20.973137,876800
1998-03-19,27.000000,27.562500,26.875000,27.187500,21.118797,737700
1998-03-20,27.250000,27.312500,26.500000,26.500000,20.584742,938900
1998-03-23,27.125000,28.937500,27.000000,28.875000,22.429598,1569300
1998-03-24,29.000000,29.187500,28.250000,28.562500,22.186855,1354700
1998-03-25,28.875000,29.250000,28.625000,28.625000,22.235411,1506700
1998-03-26,28.937500,30.937500,28.812500,30.875000,23.983170,4409400
1998-03-27,30.562500,31.625000,30.125000,31.125000,24.177366,4219200
1998-03-30,31.375000,31.625000,30.500000,30.625000,23.788984,1360200
1998-03-31,30.000000,30.750000,29.937500,30.562500,23.740423,1265100
1998-04-01,30.625000,30.625000,30.000000,30.000000,23.303493,769200
1998-04-02,30.437500,31.187500,30.375000,30.375000,23.594780,1141100
1998-04-03,31.000000,32.875000,31.000000,32.875000,25.536743,2457400
1998-04-06,34.000000,34.000000,32.875000,33.062500,25.682384,3139000
1998-04-07,33.187500,33.250000,31.875000,31.937500,24.808502,1712400
1998-04-08,31.937500,33.437500,31.687500,33.125000,25.730936,1703200
1998-04-09,32.812500,32.937500,32.250000,32.500000,25.245451,986900
1998-04-13,32.937500,33.000000,32.000000,32.312500,25.099791,952500
1998-04-14,32.125000,32.750000,31.937500,31.937500,24.808502,956700
1998-04-15,32.000000,32.437500,31.750000,32.125000,24.954151,693000
1998-04-16,31.937500,33.062500,31.812500,32.437500,25.196894,931800
1998-04-17,32.562500,32.625000,31.625000,31.750000,24.662863,693200
1998-04-20,31.750000,32.250000,31.062500,31.375000,24.371555,1298100
1998-04-21,31.312500,33.562500,31.187500,33.375000,25.925123,1627400
1998-04-22,33.812500,34.875000,33.187500,34.625000,26.896112,2080800
1998-04-23,34.750000,34.875000,33.750000,34.250000,26.604820,1026500
1998-04-24,34.000000,34.125000,33.125000,33.312500,25.876574,504500
1998-04-27,32.125000,32.937500,31.250000,31.687500,24.614307,895600
1998-04-28,31.625000,32.000000,31.312500,32.000000,24.857050,1141300
1998-04-29,32.187500,33.250000,31.875000,32.875000,25.536743,1073500
1998-04-30,33.500000,33.500000,31.375000,32.187500,25.002695,1216100
1998-05-01,32.000000,32.062500,30.437500,31.000000,24.080275,1187900
1998-05-04,31.375000,31.437500,30.500000,31.125000,24.177366,1163700
1998-05-05,31.187500,31.750000,30.625000,31.312500,24.323006,1147700
1998-05-06,30.875000,31.312500,30.250000,31.000000,24.080275,933900
1998-05-07,30.500000,30.625000,29.750000,30.000000,23.303493,1144900
1998-05-08,30.125000,30.937500,30.000000,30.312500,23.546232,813200
1998-05-11,30.125000,31.125000,30.062500,30.500000,23.691875,851800
1998-05-12,30.375000,30.437500,29.250000,29.437500,22.866549,1315700
1998-05-13,29.000000,29.812500,29.000000,29.312500,22.769449,1261000
1998-05-14,29.125000,29.875000,28.750000,29.812500,23.157839,1008900
1998-05-15,30.500000,30.625000,29.937500,29.937500,23.254940,964900
1998-05-18,29.687500,29.812500,28.562500,28.625000,22.235411,662200
1998-05-19,28.687500,28.812500,27.812500,28.062500,21.798471,880200
1998-05-20,28.750000,28.812500,27.750000,27.812500,21.604277,920000
1998-05-21,28.000000,28.312500,27.312500,27.750000,21.555729,790700
1998-05-22,27.750000,27.812500,27.062500,27.437500,21.312984,683500
1998-05-26,27.375000,27.375000,26.187500,26.375000,20.487646,998300
1998-05-27,25.750000,25.750000,25.000000,25.312500,19.662315,2064300
1998-05-28,25.375000,26.250000,25.250000,25.562500,19.856516,1931100
1998-05-29,25.812500,25.812500,24.937500,24.937500,19.371023,1090700
1998-06-01,24.750000,24.750000,23.625000,23.875000,18.545694,962500
1998-06-02,24.000000,24.875000,24.000000,24.562500,19.079727,1164100
1998-06-03,25.000000,25.062500,24.437500,24.625000,19.128281,966200
1998-06-04,24.500000,24.937500,24.250000,24.375000,18.934082,681900
1998-06-05,24.500000,24.812500,23.937500,24.812500,19.273932,686000
1998-06-08,25.125000,26.125000,25.125000,26.125000,20.293453,1448000
1998-06-09,26.062500,26.562500,25.062500,25.187500,19.587708,1666600
1998-06-10,25.250000,25.375000,24.812500,24.812500,19.296095,514900
1998-06-11,24.562500,24.562500,22.562500,22.875000,17.789335,2391700
1998-06-12,23.125000,23.312500,21.875000,22.687500,17.643526,1729700
1998-06-15,22.187500,22.500000,21.750000,21.875000,17.011656,1106300
1998-06-16,22.125000,23.062500,22.125000,23.000000,17.886545,1494300
1998-06-17,23.875000,23.875000,22.937500,23.125000,17.983749,1527700
1998-06-18,22.812500,22.937500,22.250000,22.937500,17.837946,701100
1998-06-19,23.375000,23.875000,23.187500,23.312500,18.129570,1578600
1998-06-22,22.937500,23.125000,22.375000,22.500000,17.497707,626100
1998-06-23,22.500000,23.000000,22.312500,23.000000,17.886545,706900
1998-06-24,22.875000,22.875000,22.250000,22.250000,17.303286,469500
1998-06-25,22.437500,22.937500,22.437500,22.750000,17.692133,1255500
1998-06-26,22.750000,22.937500,22.250000,22.437500,17.449106,912700
1998-06-29,22.562500,22.750000,22.125000,22.187500,17.254696,595800
1998-06-30,22.750000,23.687500,22.500000,23.625000,18.372595,1672000
1998-07-01,23.375000,23.625000,22.812500,23.000000,17.886545,970600
1998-07-02,22.250000,22.875000,22.250000,22.812500,17.740732,698400
1998-07-06,22.562500,22.812500,22.500000,22.562500,17.546310,1006800
1998-07-07,22.875000,23.437500,22.562500,23.000000,17.886545,1913100
1998-07-08,22.625000,22.687500,22.312500,22.437500,17.449106,924600
1998-07-09,22.312500,22.312500,21.750000,22.062500,17.157473,1268700
1998-07-10,21.875000,22.062500,21.437500,21.625000,16.817244,1134700
1998-07-13,21.625000,22.062500,21.562500,21.687500,16.865852,1682700
1998-07-14,22.187500,22.250000,21.875000,22.000000,17.108875,793500
1998-07-15,21.937500,22.000000,21.625000,21.937500,17.060261,986300
1998-07-16,22.000000,22.750000,22.000000,22.687500,17.643526,1150500
1998-07-17,22.687500,23.312500,22.375000,23.312500,18.129570,1159100
1998-07-20,23.000000,23.250000,22.812500,23.062500,17.935156,840400
1998-07-21,22.875000,23.312500,22.750000,22.750000,17.692133,495500
1998-07-22,22.812500,23.375000,22.812500,23.250000,18.080971,776700
1998-07-23,23.062500,23.187500,21.875000,22.000000,17.108875,1209100
1998-07-24,22.250000,22.375000,21.000000,21.125000,16.428404,1246500
1998-07-27,20.750000,20.875000,20.250000,20.437500,15.916353,1134000
1998-07-28,20.500000,21.062500,20.187500,20.562500,16.013702,1488000
1998-07-29,20.437500,20.625000,20.000000,20.062500,15.624311,1378100
1998-07-30,20.000000,20.187500,19.687500,20.062500,15.624311,959100
1998-07-31,20.187500,20.250000,18.562500,18.875000,14.699508,1858600
1998-08-03,19.000000,19.000000,17.750000,17.875000,13.920729,1566600
1998-08-04,18.250000,19.187500,18.000000,18.687500,14.553489,2382400
1998-08-05,18.937500,19.000000,18.187500,18.375000,14.310123,914400
1998-08-06,18.437500,18.500000,18.125000,18.437500,14.358790,647000
1998-08-07,18.250000,18.500000,18.250000,18.312500,14.261446,600100
1998-08-10,18.312500,18.312500,17.812500,17.937500,13.969401,886000
1998-08-11,17.312500,17.500000,16.937500,17.125000,13.336636,702300
1998-08-12,17.500000,17.687500,16.437500,16.562500,12.898579,766900
1998-08-13,16.687500,17.437500,16.687500,17.000000,13.239289,1598500
1998-08-14,16.875000,16.937500,16.687500,16.875000,13.141942,685600
1998-08-17,17.125000,17.625000,16.875000,17.062500,13.287960,826700
1998-08-18,17.000000,17.187500,16.875000,17.000000,13.239289,565300
1998-08-19,17.437500,17.937500,17.187500,17.687500,13.774703,1064400
1998-08-20,18.187500,18.375000,17.812500,18.187500,14.164099,1659300
1998-08-21,17.625000,17.937500,17.187500,17.375000,13.531334,865800
1998-08-24,17.187500,17.500000,16.875000,17.000000,13.239289,917500
1998-08-25,16.937500,16.937500,16.687500,16.875000,13.141942,737700
1998-08-26,16.812500,16.875000,16.000000,16.000000,12.460513,1194800
1998-08-27,15.000000,15.500000,13.875000,14.750000,11.487032,2734600
1998-08-28,14.750000,15.437500,14.250000,14.437500,11.243661,2104900
1998-08-31,14.750000,14.937500,13.250000,13.687500,10.659579,1328200
1998-09-01,14.375000,14.937500,13.937500,14.312500,11.146317,1148900
1998-09-02,14.437500,15.000000,14.187500,14.500000,11.292336,1024300
1998-09-03,14.250000,17.812500,13.812500,17.250000,13.433989,3423000
1998-09-04,17.375000,20.312500,17.312500,20.000000,15.575637,5282000
1998-09-08,20.062500,20.375000,17.875000,19.000000,14.796860,1977800
1998-09-09,18.125000,18.375000,17.687500,18.000000,14.018074,1993300
1998-09-10,19.375000,21.062500,19.375000,20.937500,16.305744,3448900
1998-09-11,21.937500,22.250000,20.250000,20.562500,16.013702,4110300
1998-09-14,20.312500,20.312500,19.250000,19.750000,15.380941,1437800
1998-09-15,20.062500,20.312500,19.375000,19.375000,15.088901,1605300
1998-09-16,19.375000,19.375000,18.812500,18.875000,14.699508,1014900
1998-09-17,19.500000,20.875000,19.500000,20.812500,16.208399,2277100
1998-09-18,20.625000,21.312500,20.062500,20.937500,16.305744,1735800
1998-09-21,21.812500,22.000000,19.687500,19.687500,15.332265,1364300
1998-09-22,19.250000,19.937500,19.125000,19.250000,14.991552,1416800
1998-09-23,19.437500,20.687500,19.000000,20.625000,16.062374,1316800
1998-09-24,20.875000,23.687500,20.875000,23.375000,18.204021,3363000
1998-09-25,24.937500,25.250000,22.750000,22.875000,17.814642,3786800
1998-09-28,22.000000,24.812500,22.000000,24.750000,19.274858,2603700
1998-09-29,24.812500,25.000000,22.937500,23.687500,18.447401,1690100
1998-09-30,22.750000,24.750000,22.250000,24.250000,18.885464,1858500
1998-10-01,25.500000,26.375000,24.750000,26.375000,20.540375,5551000
1998-10-02,26.375000,28.750000,26.000000,28.625000,22.292633,5737500
1998-10-05,27.625000,28.250000,27.250000,27.250000,21.221804,4138000
1998-10-06,26.250000,28.437500,25.812500,28.062500,21.854563,3089800
1998-10-07,28.250000,30.062500,27.750000,30.062500,23.412123,3656900
1998-10-08,30.250000,30.312500,28.937500,29.312500,22.828043,3385500
1998-10-09,28.562500,29.250000,25.187500,25.625000,19.956284,3075600
1998-10-12,24.500000,25.875000,22.750000,24.187500,18.836786,4512400
1998-10-13,23.625000,24.062500,22.875000,22.937500,17.863312,2281500
1998-10-14,22.500000,22.687500,21.500000,21.812500,16.987177,2045700
1998-10-15,22.812500,23.812500,22.000000,23.500000,18.301376,2875100
1998-10-16,23.375000,23.875000,22.375000,23.625000,18.398724,3890900
1998-10-19,23.250000,23.250000,21.687500,22.125000,17.230549,1476300
1998-10-20,21.875000,22.812500,21.500000,22.812500,17.765965,1902800
1998-10-21,23.125000,23.187500,22.375000,22.437500,17.473917,1525000
1998-10-22,21.562500,22.312500,21.375000,21.625000,16.841162,1389800
1998-10-23,21.562500,22.187500,21.250000,21.687500,16.889837,951000
1998-10-26,21.312500,21.312500,20.250000,20.625000,16.062374,2164900
1998-10-27,21.500000,23.125000,20.875000,23.000000,17.911982,2831000
1998-10-28,22.875000,22.875000,21.187500,22.375000,17.425241,2193900
1998-10-29,22.375000,22.875000,21.250000,21.437500,16.695127,2354100
1998-10-30,21.000000,21.312500,20.500000,21.250000,16.549116,1850300
1998-11-02,21.625000,21.875000,21.187500,21.500000,16.743814,987700
1998-11-03,21.375000,22.000000,20.625000,20.750000,16.159723,1738300
1998-11-04,21.187500,23.000000,21.125000,23.000000,17.911982,2317400
1998-11-05,22.750000,24.875000,22.312500,24.062500,18.739441,2909500
1998-11-06,23.687500,24.250000,22.562500,22.750000,17.717293,1458500
1998-11-09,22.750000,23.000000,22.000000,22.312500,17.376566,836400
1998-11-10,22.312500,23.250000,22.062500,22.250000,17.327887,1292900
1998-11-11,22.562500,23.000000,22.000000,22.062500,17.181883,917200
1998-11-12,22.500000,24.187500,22.437500,23.875000,18.593420,2313000
1998-11-13,24.000000,24.062500,22.625000,22.687500,17.668621,1310100
1998-11-16,22.562500,22.875000,21.375000,21.375000,16.646458,1125300
1998-11-17,20.750000,22.625000,20.750000,21.750000,16.938503,1285600
1998-11-18,22.625000,23.375000,22.625000,22.625000,17.619938,1796600
1998-11-19,22.687500,22.812500,21.625000,22.187500,17.279226,1450600
1998-11-20,22.562500,22.750000,21.937500,21.937500,17.084530,1034200
1998-11-23,22.312500,22.312500,21.375000,22.000000,17.133204,1470000
1998-11-24,22.062500,22.625000,21.562500,21.562500,16.792484,1605200
1998-11-25,21.312500,21.812500,20.875000,21.312500,16.597792,1065100
1998-11-27,21.375000,21.437500,21.000000,21.125000,16.451767,339000
1998-11-30,20.937500,21.031250,19.375000,19.875000,15.478292,1978000
1998-12-01,20.125000,20.937500,19.750000,19.937500,15.526958,1282000
1998-12-02,20.187500,20.437500,19.500000,19.812500,15.429614,788700
1998-12-03,19.562500,19.687500,18.062500,18.250000,14.212772,1819800
1998-12-04,18.125000,18.375000,17.375000,17.750000,13.823372,2605300
1998-12-07,19.000000,19.187500,18.250000,19.000000,14.796860,1681900
1998-12-08,18.750000,18.812500,17.750000,18.187500,14.186497,1047100
1998-12-09,18.437500,18.500000,17.875000,18.000000,14.040239,684100
1998-12-10,18.000000,19.562500,18.000000,19.562500,15.259014,1865900
1998-12-11,18.500000,18.687500,18.062500,18.125000,14.137739,1658700
1998-12-14,18.187500,19.062500,17.937500,18.250000,14.235243,1405000
1998-12-15,18.312500,18.812500,18.250000,18.375000,14.332747,897600
1998-12-16,18.750000,19.875000,18.687500,19.750000,15.405266,1440900
1998-12-17,18.625000,19.125000,18.625000,18.750000,14.625253,1395300
1998-12-18,18.687500,19.000000,17.812500,17.812500,13.893991,1332400
1998-12-21,17.687500,17.750000,16.750000,17.125000,13.357730,1560100
1998-12-22,17.125000,17.125000,16.500000,16.750000,13.065225,848400
1998-12-23,16.437500,17.625000,16.250000,17.500000,13.650236,1169500
1998-12-24,17.625000,17.687500,17.125000,17.500000,13.650236,354400
1998-12-28,17.312500,17.375000,16.500000,16.750000,13.065225,1147500
1998-12-29,17.000000,18.375000,17.000000,17.937500,13.991495,1745400
1998-12-30,17.937500,18.500000,17.562500,17.687500,13.796485,1221400
1998-12-31,17.687500,18.437500,17.312500,18.250000,14.235243,1108600
1999-01-04,18.062500,18.062500,17.500000,17.875000,13.942747,896100
1999-01-05,17.562500,18.562500,17.375000,18.437500,14.381501,1119100
1999-01-06,18.937500,19.500000,18.500000,19.500000,15.210259,1328900
1999-01-07,19.812500,20.750000,19.562500,20.625000,16.087774,1860400
1999-01-08,20.500000,20.500000,19.812500,20.250000,15.795278,1891500
1999-01-11,20.187500,21.250000,19.937500,20.562500,16.039022,2316800
1999-01-12,19.500000,19.875000,19.500000,19.812500,15.454022,1716800
1999-01-13,19.000000,19.562500,19.000000,19.375000,15.112762,805100
1999-01-14,19.375000,20.125000,19.062500,19.375000,15.112762,1084400
1999-01-15,19.000000,19.562500,19.000000,19.312500,15.064015,849700
1999-01-19,19.250000,19.375000,18.625000,18.750000,14.625253,932400
1999-01-20,18.562500,19.000000,18.187500,19.000000,14.820262,975800
1999-01-21,19.187500,19.500000,18.500000,18.812500,14.674001,1047100
1999-01-22,18.375000,18.750000,18.375000,18.562500,14.478998,728000
1999-01-25,18.812500,19.312500,18.562500,18.625000,14.527749,1948600
1999-01-26,18.562500,18.625000,17.750000,17.937500,13.991495,1302800
1999-01-27,17.625000,17.625000,17.187500,17.187500,13.406475,1316400
1999-01-28,17.437500,17.875000,17.312500,17.312500,13.503984,968900
1999-01-29,17.312500,17.937500,17.312500,17.687500,13.796485,996700
1999-02-01,18.000000,18.500000,17.625000,18.437500,14.381501,1182900
1999-02-02,18.437500,18.937500,18.140625,18.562500,14.478998,1310800
1999-02-03,18.187500,18.250000,17.812500,17.937500,13.991495,752800
1999-02-04,18.312500,19.687500,18.000000,19.375000,15.112762,1763500
1999-02-05,19.500000,19.875000,18.937500,19.312500,15.064015,1265600
1999-02-08,19.375000,20.062500,19.062500,19.812500,15.454022,1440700
1999-02-09,19.312500,19.312500,18.500000,18.500000,14.430248,700800
1999-02-10,18.687500,19.000000,18.562500,18.875000,14.722753,822600
1999-02-11,18.875000,19.062500,18.062500,18.187500,14.186497,924000
1999-02-12,19.125000,19.500000,18.750000,19.437500,15.161507,996000
1999-02-16,18.562500,18.750000,18.187500,18.250000,14.235243,1216300
1999-02-17,18.375000,18.375000,17.625000,17.750000,13.845243,1033000
1999-02-18,17.812500,18.187500,17.250000,17.750000,13.845243,1658700
1999-02-19,17.750000,18.000000,17.375000,17.687500,13.796485,1187700
1999-02-22,17.687500,17.750000,17.500000,17.625000,13.747732,558400
1999-02-23,17.687500,17.812500,17.500000,17.625000,13.747732,571100
1999-02-24,17.562500,18.250000,17.500000,17.750000,13.845243,1177700
1999-02-25,17.625000,17.812500,17.312500,17.750000,13.845243,1212300
1999-02-26,17.750000,17.750000,16.875000,17.250000,13.455236,1102800
1999-03-01,17.250000,17.375000,16.937500,17.312500,13.527516,546400
1999-03-02,17.562500,18.375000,17.500000,17.500000,13.674021,1800000
1999-03-03,17.812500,18.062500,17.562500,18.062500,14.113547,1117200
1999-03-04,18.312500,18.562500,18.000000,18.437500,14.406558,1095700
1999-03-05,18.062500,18.437500,17.875000,18.125000,14.162368,905000
1999-03-08,18.500000,19.500000,18.437500,19.500000,15.236762,1881200
1999-03-09,20.062500,20.187500,19.000000,19.000000,14.846081,2335500
1999-03-10,19.062500,19.625000,19.000000,19.500000,15.236762,903400
1999-03-11,19.750000,20.437500,19.625000,19.687500,15.383271,1971500
1999-03-12,19.437500,19.437500,18.625000,18.625000,14.553063,1239400
1999-03-15,18.687500,18.687500,17.750000,17.812500,13.918195,1296200
1999-03-16,17.750000,18.312500,17.375000,18.312500,14.308887,1173000
1999-03-17,18.500000,18.562500,17.937500,18.312500,14.308887,972700
1999-03-18,18.250000,18.375000,17.625000,17.687500,13.820523,1311400
1999-03-19,17.875000,18.062500,17.625000,17.812500,13.918195,1325700
1999-03-22,17.937500,18.250000,17.812500,17.812500,13.918195,661200
1999-03-23,17.875000,18.062500,17.562500,17.625000,13.771690,1146400
1999-03-24,17.687500,18.250000,17.562500,18.250000,14.260048,826600
1999-03-25,18.250000,18.250000,17.750000,18.187500,14.211210,873900
1999-03-26,17.562500,17.687500,17.250000,17.562500,13.722849,1381500
1999-03-29,17.625000,17.750000,16.875000,17.062500,13.332167,1942700
1999-03-30,16.812500,16.937500,16.625000,16.625000,12.990316,945000
1999-03-31,16.812500,17.812500,16.812500,17.500000,13.674021,1450600
1999-04-01,17.500000,17.812500,17.187500,17.187500,13.429836,772800
1999-04-05,17.062500,17.062500,16.687500,16.750000,13.087986,619600
1999-04-06,16.687500,17.375000,16.687500,17.062500,13.332167,994000
1999-04-07,17.250000,17.437500,16.812500,16.812500,13.136826,589500
1999-04-08,17.000000,17.250000,16.625000,16.750000,13.087986,707800
1999-04-09,16.687500,17.812500,16.687500,17.812500,13.918195,1442100
1999-04-12,18.250000,18.875000,18.125000,18.750000,14.650731,2015100
1999-04-13,18.750000,19.125000,18.562500,18.687500,14.601892,1387800
1999-04-14,18.500000,18.812500,17.875000,17.937500,14.015867,1677500
1999-04-15,18.375000,19.750000,18.109375,19.500000,15.236762,1973100
1999-04-16,19.937500,21.250000,19.875000,21.250000,16.604164,3956500
1999-04-19,21.250000,22.187500,20.625000,22.062500,17.239031,2668400
1999-04-20,22.187500,22.187500,20.875000,21.562500,16.848345,1990000
1999-04-21,21.187500,21.312500,20.375000,20.812500,16.262312,1685100
1999-04-22,20.375000,21.437500,19.875000,21.437500,16.750662,1812600
1999-04-23,21.437500,21.750000,20.875000,21.312500,16.652996,1024600
1999-04-26,20.937500,20.937500,19.937500,20.187500,15.773958,932100
1999-04-27,20.625000,22.000000,20.250000,22.000000,17.190193,1755000
1999-04-28,22.375000,23.312500,22.125000,23.250000,18.166904,2580200
1999-04-29,23.000000,24.250000,22.312500,23.875000,18.655264,2639000
1999-04-30,23.750000,24.187500,23.562500,24.062500,18.801775,1778100
1999-05-03,23.687500,24.562500,23.187500,24.562500,19.192457,1432900
1999-05-04,24.000000,24.250000,23.625000,23.875000,18.655264,1337000
1999-05-05,23.875000,25.687500,23.687500,25.687500,20.071495,2519000
1999-05-06,26.437500,26.437500,25.812500,26.062500,20.364523,2948800
1999-05-07,23.000000,23.437500,21.562500,22.750000,17.776224,6210200
1999-05-10,21.625000,21.812500,20.375000,20.437500,15.969294,3702100
1999-05-11,20.750000,21.062500,20.187500,20.875000,16.311146,2788100
1999-05-12,20.375000,21.000000,20.312500,20.312500,15.871628,1894200
1999-05-13,20.437500,20.812500,20.375000,20.812500,16.262312,1634200
1999-05-14,20.812500,22.062500,20.750000,21.125000,16.506487,2420700
1999-05-17,21.250000,21.312500,19.875000,20.000000,15.627455,1557200
1999-05-18,20.125000,20.187500,18.937500,19.437500,15.187932,1612600
1999-05-19,18.500000,19.812500,18.187500,19.750000,15.432098,2781800
1999-05-20,19.812500,19.812500,18.812500,18.875000,14.748405,1462400
1999-05-21,18.312500,19.000000,18.312500,18.812500,14.699565,1007700
1999-05-24,18.875000,19.625000,18.625000,18.750000,14.650731,901900
1999-05-25,18.750000,18.875000,18.000000,18.000000,14.064702,1238200
1999-05-26,18.062500,18.250000,17.625000,17.937500,14.015867,1703200
1999-05-27,18.187500,18.625000,17.750000,18.437500,14.406558,1657400
1999-05-28,18.125000,18.125000,17.375000,17.812500,13.940880,1845000
1999-06-01,16.750000,17.625000,16.687500,17.500000,13.696303,2103500
1999-06-02,17.562500,18.000000,17.250000,17.687500,13.843049,1390300
1999-06-03,17.875000,18.437500,17.625000,18.187500,14.234373,1613600
1999-06-04,18.687500,18.687500,18.000000,18.375000,14.381116,1225000
1999-06-07,18.500000,18.687500,18.062500,18.125000,14.185450,563000
1999-06-08,17.875000,18.062500,17.687500,17.937500,14.038708,998700
1999-06-09,17.875000,18.125000,17.250000,17.562500,13.745215,1139300
1999-06-10,17.562500,18.312500,17.500000,18.250000,14.283288,1704200
1999-06-11,18.250000,19.000000,18.062500,18.875000,14.772443,1679700
1999-06-14,18.750000,19.312500,18.625000,18.687500,14.625690,1821900
1999-06-15,18.500000,18.656250,18.062500,18.250000,14.283288,675300
1999-06-16,18.125000,18.187500,17.750000,18.000000,14.087626,1035800
1999-06-17,18.187500,18.312500,17.812500,18.125000,14.185450,806700
1999-06-18,18.125000,18.312500,18.000000,18.062500,14.136549,1147100
1999-06-21,18.125000,18.125000,17.562500,17.562500,13.745215,867600
1999-06-22,17.500000,17.687500,17.312500,17.375000,13.598478,1219800
1999-06-23,17.312500,18.375000,17.312500,18.375000,14.381116,1383100
1999-06-24,18.500000,18.875000,18.437500,18.500000,14.478952,1668300
1999-06-25,18.500000,19.000000,18.375000,18.875000,14.772443,1104900
1999-06-28,19.125000,19.375000,18.750000,19.062500,14.919188,851600
1999-06-29,19.062500,19.375000,18.625000,19.125000,14.968100,666500
1999-06-30,19.187500,19.937500,19.000000,19.875000,15.555090,1875200
1999-07-01,19.875000,20.000000,19.250000,19.437500,15.212687,804500
1999-07-02,19.437500,19.687500,19.250000,19.625000,15.359425,471100
1999-07-06,19.000000,19.000000,17.875000,17.937500,14.038708,1920500
1999-07-07,18.000000,18.500000,17.562500,17.812500,13.940880,1738700
1999-07-08,17.937500,18.125000,17.250000,17.375000,13.598478,1322300
1999-07-09,17.750000,18.125000,17.625000,18.125000,14.185450,1154100
1999-07-12,17.937500,18.062500,17.625000,17.687500,13.843049,597100
1999-07-13,17.500000,17.937500,17.437500,17.812500,13.940880,822400
1999-07-14,17.625000,17.625000,17.250000,17.437500,13.647388,1043700
1999-07-15,17.312500,17.375000,16.937500,16.937500,13.256065,1871500
1999-07-16,17.187500,17.375000,16.812500,16.937500,13.256065,1407800
1999-07-19,16.937500,16.937500,16.375000,16.437500,12.864745,1108700
1999-07-20,16.812500,17.250000,16.562500,17.062500,13.353896,1673200
1999-07-21,17.312500,18.312500,17.187500,18.250000,14.283288,1754100
1999-07-22,18.187500,18.437500,17.500000,18.187500,14.234373,1716400
1999-07-23,18.187500,18.250000,18.000000,18.062500,14.136549,1092900
1999-07-26,17.875000,18.000000,17.625000,17.812500,13.940880,416700
1999-07-27,18.250000,18.312500,17.937500,18.062500,14.136549,977100
1999-07-28,17.937500,18.312500,17.875000,18.250000,14.283288,839400
1999-07-29,18.187500,19.500000,18.125000,19.375000,15.163764,3399100
1999-07-30,19.125000,19.250000,18.375000,18.500000,14.478952,1625500
1999-08-02,18.250000,18.375000,17.812500,18.312500,14.332210,878600
1999-08-03,18.375000,19.187500,18.375000,19.187500,15.017027,1740800
1999-08-04,19.250000,19.937500,19.187500,19.875000,15.555090,1903400
1999-08-05,19.812500,19.875000,19.312500,19.812500,15.506171,1593200
1999-08-06,19.500000,19.562500,18.750000,19.062500,14.919188,1261600
1999-08-09,19.187500,20.937500,19.187500,20.875000,16.337730,1825400
1999-08-10,20.437500,20.875000,20.125000,20.187500,15.799665,1292400
1999-08-11,20.625000,21.500000,20.250000,21.250000,16.631229,2330100
1999-08-12,21.625000,22.000000,20.625000,20.875000,16.337730,1945300
1999-08-13,20.812500,20.937500,20.125000,20.812500,16.288822,981700
1999-08-16,20.000000,20.375000,19.687500,19.937500,15.604007,1255000
1999-08-17,19.687500,20.687500,19.687500,20.500000,16.044237,2425300
1999-08-18,20.437500,20.812500,19.312500,19.312500,15.114848,1585700
1999-08-19,19.250000,20.625000,19.062500,20.250000,15.848575,1676400
1999-08-20,20.000000,20.750000,19.937500,20.250000,15.848575,1382000
1999-08-23,19.875000,20.437500,19.812500,20.437500,15.995323,1553200
1999-08-24,20.062500,20.375000,19.500000,19.500000,15.261592,1178400
1999-08-25,19.312500,19.937500,19.250000,19.250000,15.065934,1488200
1999-08-26,19.500000,20.062500,19.312500,19.875000,15.555090,1026900
1999-08-27,20.375000,20.500000,19.750000,19.812500,15.506171,736900
1999-08-30,20.062500,20.062500,19.687500,19.687500,15.431711,806800
1999-08-31,20.125000,20.625000,19.875000,20.437500,16.019581,1209000
1999-09-01,20.187500,20.312500,19.937500,20.250000,15.872608,853400
1999-09-02,20.250000,21.000000,20.187500,20.500000,16.068575,1047500
1999-09-03,20.062500,20.312500,19.812500,19.875000,15.578678,1012900
1999-09-07,20.125000,20.812500,20.125000,20.500000,16.068575,1738500
1999-09-08,20.375000,20.875000,20.281250,20.312500,15.921598,1173700
1999-09-09,20.812500,21.125000,20.500000,21.000000,16.460484,1132900
1999-09-10,20.562500,20.687500,20.312500,20.625000,16.166546,766200
1999-09-13,20.500000,20.562500,19.687500,19.875000,15.578678,1460800
1999-09-14,19.625000,20.375000,19.625000,20.062500,15.725655,785200
1999-09-15,20.000000,20.125000,19.562500,19.625000,15.382718,698300
1999-09-16,19.625000,19.937500,19.375000,19.812500,15.529685,663200
1999-09-17,19.562500,19.625000,19.187500,19.500000,15.284739,845700
1999-09-20,19.625000,20.250000,19.562500,19.875000,15.578678,734300
1999-09-21,21.000000,21.812500,20.812500,21.812500,17.097355,2753500
1999-09-22,22.500000,22.687500,21.312500,21.312500,16.705441,3359200
1999-09-23,21.375000,22.187500,21.312500,21.562500,16.901394,1615900
1999-09-24,22.000000,23.062500,21.937500,22.937500,17.979168,3007900
1999-09-27,25.750000,27.937500,25.500000,27.812500,21.800348,9118000
1999-09-28,30.000000,30.000000,26.875000,27.000000,21.163477,10095000
1999-09-29,26.812500,26.875000,25.562500,25.812500,20.232681,4217500
1999-09-30,26.000000,26.312500,25.625000,25.875000,20.281672,3177800
1999-10-01,26.875000,27.187500,25.875000,26.562500,20.820559,2413100
1999-10-04,26.937500,29.750000,26.875000,29.750000,23.319033,2628800
1999-10-05,29.687500,30.062500,28.875000,28.875000,22.633169,4810500
1999-10-06,28.000000,28.312500,26.312500,27.000000,21.163477,3664800
1999-10-07,26.750000,27.125000,26.125000,26.625000,20.869547,1507400
1999-10-08,26.562500,27.625000,24.750000,25.125000,19.693800,2287700
1999-10-11,24.937500,27.000000,24.812500,27.000000,21.163477,1460800
1999-10-12,27.000000,27.375000,25.500000,25.625000,20.085718,1913000
1999-10-13,26.375000,27.125000,26.250000,26.937500,21.114500,1749500
1999-10-14,27.062500,27.187500,25.875000,26.000000,20.379648,1747900
1999-10-15,26.875000,27.062500,25.562500,26.125000,20.477631,1346500
1999-10-18,25.750000,25.937500,25.250000,25.375000,19.889755,720500
1999-10-19,25.000000,25.000000,24.125000,24.125000,18.909975,1543100
1999-10-20,24.500000,24.812500,23.750000,24.187500,18.958954,690000
1999-10-21,24.187500,25.375000,23.500000,25.375000,19.889755,1231400
1999-10-22,24.500000,25.000000,24.500000,24.812500,19.448854,904400
1999-10-25,24.687500,25.625000,24.187500,24.562500,19.252897,1323100
1999-10-26,24.000000,24.125000,22.125000,22.375000,17.538256,2653700
1999-10-27,23.000000,23.062500,22.437500,22.562500,17.685228,2703400
1999-10-28,23.187500,23.187500,21.687500,21.937500,17.195337,2899400
1999-10-29,22.125000,22.312500,21.562500,21.937500,17.195337,2075600
1999-11-01,21.187500,21.437500,20.500000,20.625000,16.166546,1742300
1999-11-02,20.750000,21.562500,20.625000,21.562500,16.901394,1551700
1999-11-03,21.812500,21.812500,21.187500,21.500000,16.852407,914100
1999-11-04,21.500000,21.500000,20.937500,21.375000,16.754423,1502200
1999-11-05,21.125000,21.250000,20.562500,20.562500,16.117563,1063800
1999-11-08,20.500000,21.312500,20.375000,21.312500,16.705441,2036100
1999-11-09,21.250000,22.250000,21.000000,21.625000,16.950388,2618100
1999-11-10,21.812500,23.250000,21.750000,23.000000,18.028152,2713400
1999-11-11,22.875000,22.875000,21.937500,22.250000,17.440277,1462200
1999-11-12,22.000000,22.562500,21.062500,21.937500,17.195337,1138200
1999-11-15,22.000000,23.250000,21.937500,23.000000,18.028152,1346600
1999-11-16,23.375000,23.500000,22.500000,22.750000,17.832188,1226400
1999-11-17,22.750000,23.187500,21.750000,21.937500,17.195337,1344800
1999-11-18,21.812500,22.375000,21.812500,22.000000,17.244312,463200
1999-11-19,21.937500,22.375000,21.500000,21.812500,17.097355,951900
1999-11-22,21.750000,22.187500,21.250000,21.250000,16.656454,1090200
1999-11-23,21.812500,23.312500,21.687500,23.312500,18.273098,1776000
1999-11-24,23.687500,25.000000,23.375000,24.937500,19.546827,2410100
1999-11-26,24.812500,25.125000,24.312500,24.937500,19.546827,968800
1999-11-29,23.000000,23.625000,22.250000,23.562500,18.491304,2629200
1999-11-30,23.500000,23.687500,23.250000,23.687500,18.589397,974600
1999-12-01,23.437500,23.562500,22.937500,22.937500,18.000822,940400
1999-12-02,22.875000,22.875000,22.000000,22.625000,17.755577,1101800
1999-12-03,22.312500,22.750000,22.000000,22.125000,17.363194,954600
1999-12-06,21.250000,21.812500,21.250000,21.687500,17.019854,909600
1999-12-07,21.875000,23.562500,21.875000,23.500000,18.442259,2179700
1999-12-08,23.125000,23.625000,22.875000,23.062500,18.098913,982700
1999-12-09,22.875000,22.875000,22.125000,22.187500,17.412243,668600
1999-12-10,22.625000,22.750000,22.375000,22.437500,17.608425,445600
1999-12-13,22.312500,23.500000,22.312500,23.500000,18.442259,976400
1999-12-14,23.312500,23.375000,22.250000,22.437500,17.608425,778100
1999-12-15,22.375000,23.687500,22.187500,23.125000,18.147959,1280400
1999-12-16,23.187500,24.750000,23.062500,24.437500,19.177986,1638000
1999-12-17,25.000000,25.187500,24.312500,24.437500,19.177986,1478800
1999-12-20,24.500000,24.625000,23.687500,23.812500,18.687502,576900
1999-12-21,23.250000,24.500000,23.125000,24.250000,19.030838,1180400
1999-12-22,24.187500,24.187500,23.125000,23.250000,18.246059,1001700
1999-12-23,23.625000,24.000000,23.500000,23.625000,18.540358,576800
1999-12-27,24.000000,24.937500,23.750000,24.750000,19.423235,1135800
1999-12-28,25.000000,25.437500,24.687500,24.812500,19.472281,949200
1999-12-29,25.000000,25.375000,24.375000,24.812500,19.472281,875400
1999-12-30,24.750000,25.000000,24.250000,24.250000,19.030838,842300
1999-12-31,24.750000,24.750000,24.250000,24.500000,19.227036,298600
2000-01-03,24.000000,24.875000,23.750000,24.062500,18.883694,906900
2000-01-04,23.250000,23.625000,22.187500,22.250000,17.461285,1783800
2000-01-05,22.500000,23.187500,22.500000,22.500000,17.657473,1180300
2000-01-06,22.062500,22.375000,21.937500,22.250000,17.461285,1688400
2000-01-07,22.500000,22.687500,21.250000,21.437500,16.823654,1528800
2000-01-10,21.500000,21.687500,21.312500,21.375000,16.774603,1222900
2000-01-11,21.625000,22.625000,21.500000,22.625000,17.755577,1595500
2000-01-12,22.187500,22.312500,21.812500,22.125000,17.363194,2195200
2000-01-13,22.125000,22.125000,21.250000,21.375000,16.774603,3962600
2000-01-14,21.375000,21.437500,20.500000,20.812500,16.333164,3470900
2000-01-18,21.062500,22.125000,20.937500,22.125000,17.363194,3087200
2000-01-19,22.125000,22.187500,21.562500,21.875000,17.166998,1759200
2000-01-20,21.187500,21.250000,20.687500,21.062500,16.529364,1913300
2000-01-21,20.937500,21.375000,20.812500,21.187500,16.627466,1359300
2000-01-24,20.250000,20.687500,20.125000,20.500000,16.087927,1240000
2000-01-25,20.500000,20.500000,19.125000,19.375000,15.205053,1482500
2000-01-26,19.937500,19.937500,19.437500,19.625000,15.401241,1015800
2000-01-27,20.125000,21.437500,19.750000,21.437500,16.823654,1753900
2000-01-28,21.437500,21.687500,19.750000,20.062500,15.744589,1453500
2000-01-31,20.250000,20.500000,20.062500,20.375000,15.989840,914500
2000-02-01,20.125000,20.125000,19.625000,19.875000,15.597436,925900
2000-02-02,20.375000,21.125000,20.312500,20.875000,16.382210,1665000
2000-02-03,20.812500,21.375000,20.312500,21.250000,16.676514,1779500
2000-02-04,22.437500,24.625000,22.250000,24.000000,18.834641,5190800
2000-02-07,25.437500,25.437500,22.625000,22.750000,17.853680,4931900
2000-02-08,22.625000,22.625000,22.000000,22.000000,17.265083,1513600
2000-02-09,23.437500,24.375000,23.187500,23.875000,18.736549,2560300
2000-02-10,24.187500,25.125000,23.375000,24.625000,19.325129,2603400
2000-02-11,24.187500,24.500000,23.625000,23.937500,18.785595,1541200
2000-02-14,23.875000,23.875000,23.000000,23.187500,18.197012,1458800
2000-02-15,22.812500,24.187500,22.187500,24.000000,18.834641,1736300
2000-02-16,24.437500,24.687500,23.187500,24.250000,19.030838,1374600
2000-02-17,24.375000,24.500000,23.000000,23.062500,18.098913,1133600
2000-02-18,23.625000,24.687500,23.437500,24.500000,19.227036,1470000
2000-02-22,24.250000,25.937500,23.875000,25.062500,19.668463,2265500
2000-02-23,24.500000,24.625000,23.250000,23.250000,18.246059,1700800
2000-02-24,23.375000,23.562500,22.875000,23.187500,18.197012,1593000
2000-02-25,22.500000,22.562500,22.062500,22.312500,17.510336,1001700
2000-02-28,22.437500,23.062500,22.062500,22.125000,17.363194,1258900
2000-02-29,22.375000,22.687500,21.875000,22.125000,17.363194,980900
2000-03-01,22.062500,22.625000,22.062500,22.625000,17.755577,681700
2000-03-02,22.000000,22.312500,21.187500,21.625000,16.970810,1231400
2000-03-03,21.562500,22.187500,21.437500,21.562500,16.945255,765000
2000-03-06,21.562500,22.250000,21.500000,22.000000,17.289076,464200
2000-03-07,22.375000,24.875000,22.375000,24.437500,19.204620,2578900
2000-03-08,23.750000,24.687500,23.187500,23.312500,18.320532,1810700
2000-03-09,23.500000,24.187500,23.437500,24.000000,18.860807,1111200
2000-03-10,23.500000,23.812500,23.062500,23.250000,18.271406,1048900
2000-03-13,23.625000,24.312500,23.500000,23.687500,18.615229,899800
2000-03-14,24.000000,24.312500,23.500000,24.312500,19.106398,907300
2000-03-15,24.250000,24.437500,23.625000,23.875000,18.762575,649800
2000-03-16,23.750000,23.750000,22.500000,22.750000,17.878473,1426500
2000-03-17,22.875000,23.312500,22.312500,22.812500,17.927593,1405100
2000-03-20,22.937500,23.312500,22.750000,23.000000,18.074951,1118300
2000-03-21,23.000000,24.312500,22.875000,24.125000,18.959045,1724600
2000-03-22,23.375000,23.625000,23.250000,23.312500,18.320532,1305400
2000-03-23,23.000000,23.125000,22.625000,23.000000,18.074951,1091500
2000-03-24,23.000000,23.812500,23.000000,23.375000,18.369646,936600
2000-03-27,23.062500,23.125000,22.500000,22.687500,17.829359,1200900
2000-03-28,22.812500,22.875000,22.562500,22.625000,17.780252,1082200
2000-03-29,22.625000,23.437500,22.062500,22.312500,17.534657,1840700
2000-03-30,22.312500,22.812500,22.312500,22.375000,17.583784,915300
2000-03-31,22.312500,23.062500,22.312500,22.437500,17.632891,1074300
2000-04-03,22.375000,22.750000,22.125000,22.437500,17.632891,1063500
2000-04-04,22.250000,24.312500,22.000000,23.500000,18.467875,2355700
2000-04-05,23.500000,23.750000,22.875000,23.625000,18.566114,1095200
2000-04-06,23.375000,23.437500,22.812500,23.062500,18.124069,549100
2000-04-07,23.062500,23.500000,22.750000,23.187500,18.222296,715200
2000-04-10,23.500000,23.562500,23.000000,23.062500,18.124069,976600
2000-04-11,23.250000,23.687500,23.187500,23.375000,18.369646,932600
2000-04-12,23.000000,23.562500,22.375000,22.437500,17.632891,1779600
2000-04-13,22.500000,22.625000,21.250000,21.312500,16.748795,2369000
2000-04-14,22.187500,22.937500,22.125000,22.312500,17.534657,2650500
2000-04-17,22.687500,23.500000,22.250000,23.375000,18.369646,2094700
2000-04-18,23.562500,23.562500,22.500000,23.500000,18.467875,1382200
2000-04-19,23.187500,24.125000,23.125000,24.062500,18.909931,1135000
2000-04-20,24.000000,24.687500,23.750000,23.812500,18.713467,1061100
2000-04-24,24.062500,24.437500,23.937500,24.062500,18.909931,785200
2000-04-25,24.000000,24.000000,22.750000,23.187500,18.222296,1199800
2000-04-26,22.875000,23.875000,22.812500,23.625000,18.566114,822000
2000-04-27,24.500000,24.500000,23.312500,24.000000,18.860807,1667100
2000-04-28,23.000000,23.437500,22.937500,23.437500,18.418756,1087000
2000-05-01,23.312500,23.437500,22.875000,23.437500,18.418756,1073700
2000-05-02,23.750000,27.000000,23.750000,26.375000,20.727249,3672600
2000-05-03,25.250000,27.125000,25.000000,26.250000,20.629007,3493600
2000-05-04,26.500000,28.375000,26.312500,27.750000,21.807816,3529600
2000-05-05,27.375000,27.500000,25.437500,26.437500,20.776360,2215500
2000-05-08,26.062500,26.750000,25.687500,26.687500,20.972824,1191100
2000-05-09,26.312500,27.500000,26.062500,26.875000,21.120176,1749600
2000-05-10,27.062500,27.750000,26.312500,26.687500,20.972824,1516000
2000-05-11,26.187500,26.187500,25.125000,26.000000,20.432541,1151400
2000-05-12,26.000000,26.375000,24.687500,25.125000,19.744911,1693500
2000-05-15,25.125000,26.125000,24.812500,25.312500,19.892258,1499800
2000-05-16,25.250000,25.875000,25.000000,25.312500,19.892258,1072300
2000-05-17,25.000000,25.125000,24.062500,24.062500,18.909931,801300
2000-05-18,24.187500,24.687500,24.000000,24.062500,18.909931,988400
2000-05-19,24.312500,25.437500,24.250000,24.687500,19.401096,1315500
2000-05-22,24.812500,26.375000,24.625000,24.875000,19.548445,2112800
2000-05-23,24.750000,25.687500,24.562500,25.437500,19.990496,1332100
2000-05-24,25.250000,25.875000,24.687500,24.875000,19.548445,1396000
2000-05-25,25.000000,25.250000,24.375000,24.625000,19.351988,885700
2000-05-26,24.375000,25.125000,24.125000,24.375000,19.155510,902800
2000-05-30,24.437500,24.750000,24.062500,24.062500,18.909931,935000
2000-05-31,24.187500,24.312500,23.000000,23.062500,18.124069,1577800
2000-06-01,23.187500,23.375000,22.937500,23.000000,18.074951,909600
2000-06-02,23.625000,24.437500,23.500000,23.625000,18.566114,2025200
2000-06-05,24.250000,25.937500,23.500000,25.500000,20.065100,2527100
2000-06-06,26.250000,26.500000,25.187500,25.500000,20.065100,2213700
2000-06-07,24.812500,25.062500,24.125000,24.250000,19.081503,1582900
2000-06-08,23.875000,24.937500,23.875000,24.437500,19.229034,796800
2000-06-09,24.687500,24.812500,23.750000,23.812500,18.737263,644100
2000-06-12,23.875000,24.937500,23.875000,24.750000,19.474941,1114900
2000-06-13,25.750000,25.812500,24.062500,24.250000,19.081503,1741700
2000-06-14,24.500000,25.250000,24.187500,24.562500,19.327406,1365000
2000-06-15,24.125000,24.375000,23.812500,24.250000,19.081503,1100500
2000-06-16,24.125000,24.750000,24.000000,24.218750,19.056917,1093200
2000-06-19,23.875000,23.875000,23.000000,23.062500,18.147102,1124200
2000-06-20,23.312500,23.437500,22.687500,23.062500,18.147102,965000
2000-06-21,22.875000,23.125000,22.125000,22.437500,17.655312,1744100
2000-06-22,22.625000,22.968750,21.812500,21.937500,17.261883,1398900
2000-06-23,21.875000,22.125000,21.000000,21.562500,16.966803,1112100
2000-06-26,21.625000,21.687500,21.125000,21.250000,16.720911,900000
2000-06-27,21.250000,21.812500,20.875000,21.750000,17.114342,1280300
2000-06-28,22.000000,23.000000,21.687500,22.765625,17.913506,2254100
2000-06-29,22.562500,22.625000,21.062500,21.187500,16.671734,1480900
2000-06-30,21.250000,21.875000,21.062500,21.625000,17.015993,976000
2000-07-03,21.687500,21.687500,21.312500,21.500000,16.917627,185200
2000-07-05,21.000000,21.125000,19.875000,19.937500,15.688145,1218300
2000-07-06,20.375000,20.625000,20.062500,20.250000,15.934036,1140300
2000-07-07,20.375000,20.500000,19.875000,19.937500,15.688145,630900
2000-07-10,20.062500,20.375000,19.687500,20.000000,15.737330,776800
2000-07-11,20.000000,20.875000,19.812500,20.875000,16.425842,1052400
2000-07-12,20.500000,20.500000,19.875000,20.062500,15.786510,1148800
2000-07-13,20.125000,20.500000,19.937500,20.125000,15.835685,680800
2000-07-14,20.062500,20.187500,19.187500,19.375000,15.245539,1176800
2000-07-17,19.500000,19.687500,19.312500,19.437500,15.294714,1149300
2000-07-18,19.375000,19.875000,19.312500,19.437500,15.294714,886500
2000-07-19,19.250000,19.250000,18.812500,18.937500,14.901278,919800
2000-07-20,18.937500,19.062500,18.000000,18.187500,14.311128,1902300
2000-07-21,18.187500,18.375000,17.687500,17.750000,13.966878,1274100
2000-07-24,18.000000,18.062500,17.562500,17.625000,13.868524,1562400
2000-07-25,17.937500,18.000000,17.375000,17.437500,13.720981,1010600
2000-07-26,17.625000,17.750000,17.375000,17.625000,13.868524,1750000
2000-07-27,17.812500,18.000000,17.437500,17.562500,13.819330,1260000
2000-07-28,17.562500,18.125000,17.562500,18.125000,14.261949,1206400
2000-07-31,18.125000,18.187500,17.625000,17.687500,13.917700,799100
2000-08-01,17.875000,18.000000,17.562500,17.937500,14.114411,701500
2000-08-02,18.062500,18.312500,17.625000,18.187500,14.311128,960100
2000-08-03,18.187500,18.187500,17.000000,17.062500,13.425905,1399300
2000-08-04,17.250000,17.562500,16.937500,17.437500,13.720981,830100
2000-08-07,17.562500,17.812500,17.437500,17.562500,13.819330,453500
2000-08-08,17.562500,17.687500,17.312500,17.687500,13.917700,415000
2000-08-09,17.437500,17.687500,17.312500,17.437500,13.720981,457000
2000-08-10,17.375000,17.937500,17.375000,17.812500,14.016051,661300
2000-08-11,17.875000,18.812500,17.687500,18.687500,14.704564,1372100
2000-08-14,18.687500,18.687500,18.062500,18.625000,14.655379,740800
2000-08-15,18.625000,18.750000,18.187500,18.625000,14.655379,1142000
2000-08-16,18.875000,19.187500,18.625000,18.937500,14.901278,1619000
2000-08-17,19.000000,19.000000,18.437500,18.562500,14.606205,726700
2000-08-18,18.187500,18.437500,18.125000,18.125000,14.261949,848400
2000-08-21,18.125000,18.187500,17.812500,17.875000,14.065230,887400
2000-08-22,17.750000,18.125000,17.562500,17.687500,13.917700,885600
2000-08-23,17.937500,18.125000,17.625000,17.750000,13.966878,746600
2000-08-24,17.937500,18.312500,17.812500,17.875000,14.065230,1318900
2000-08-25,18.000000,18.187500,17.937500,18.000000,14.163593,731300
2000-08-28,17.937500,18.125000,17.750000,17.750000,13.966878,597700
2000-08-29,17.687500,17.875000,17.500000,17.500000,13.770160,746900
2000-08-30,17.625000,17.687500,17.375000,17.687500,13.917700,565300
2000-08-31,18.000000,19.000000,18.000000,18.562500,14.606205,3363500
2000-09-01,18.437500,18.750000,18.312500,18.687500,14.704564,806700
2000-09-05,18.562500,18.687500,18.375000,18.562500,14.629689,998600
2000-09-06,18.437500,19.437500,18.312500,19.375000,15.270052,1148300
2000-09-07,19.250000,19.312500,18.625000,18.875000,14.875978,1426500
2000-09-08,18.687500,19.750000,18.562500,19.562500,15.417819,1849200
2000-09-11,19.500000,19.625000,19.125000,19.562500,15.417819,1370500
2000-09-12,19.437500,19.812500,18.562500,18.750000,14.777464,1661400
2000-09-13,18.687500,18.750000,18.250000,18.375000,14.481916,895300
2000-09-14,18.437500,18.437500,18.062500,18.125000,14.284882,547900
2000-09-15,18.000000,18.375000,17.812500,17.812500,14.038589,1563900
2000-09-18,17.937500,18.125000,17.625000,18.000000,14.186367,1112200
2000-09-19,17.812500,17.937500,17.187500,17.187500,13.546010,1446000
2000-09-20,17.250000,17.437500,16.562500,16.625000,13.102690,1804300
2000-09-21,16.937500,17.125000,16.687500,17.125000,13.496747,1163700
2000-09-22,17.500000,17.687500,16.750000,16.812500,13.250464,1614200
2000-09-25,16.750000,16.937500,16.500000,16.625000,13.102690,921600
2000-09-26,16.812500,16.937500,16.375000,16.375000,12.905656,1240500
2000-09-27,16.375000,17.750000,16.375000,17.625000,13.890823,2954100
2000-09-28,17.375000,17.375000,16.875000,17.000000,13.398235,1574100
2000-09-29,16.687500,17.250000,16.562500,17.000000,13.398235,1302600
2000-10-02,16.875000,16.937500,16.375000,16.500000,13.004169,1034300
2000-10-03,16.375000,16.437500,15.937500,16.062500,12.659361,1760800
2000-10-04,16.062500,16.500000,15.937500,16.125000,12.708619,981100
2000-10-05,15.875000,15.875000,15.187500,15.250000,12.019005,1319400
2000-10-06,15.437500,15.687500,14.750000,14.750000,11.624935,1044000
2000-10-09,15.062500,15.375000,14.937500,15.187500,11.969748,1094100
2000-10-10,15.312500,15.875000,15.187500,15.562500,12.265299,1310400
2000-10-11,15.750000,15.875000,14.000000,14.625000,11.526423,1484900
2000-10-12,14.875000,16.500000,14.687500,15.875000,12.511587,5169000
2000-10-13,15.687500,15.750000,14.687500,14.812500,11.674200,2343900
2000-10-16,14.562500,15.062500,14.437500,14.750000,11.624935,988200
2000-10-17,14.625000,14.687500,14.312500,14.375000,11.329389,1640900
2000-10-18,14.750000,14.812500,13.750000,14.062500,11.083101,2085500
2000-10-19,14.000000,14.312500,13.812500,14.000000,11.033841,1135600
2000-10-20,14.000000,14.187500,13.812500,13.937500,10.984579,1191500
2000-10-23,13.937500,14.125000,13.875000,14.000000,11.033841,1106000
2000-10-24,13.875000,14.062500,13.375000,13.375000,10.541261,1580700
2000-10-25,13.000000,13.125000,12.750000,13.000000,10.245708,2203400
2000-10-26,12.937500,13.500000,12.812500,13.312500,10.491997,1846000
2000-10-27,13.187500,13.750000,12.937500,13.687500,10.787546,2939600
2000-10-30,13.687500,14.187500,13.437500,13.875000,10.935325,1768100
2000-10-31,13.875000,13.875000,13.437500,13.562500,10.689031,1405300
2000-11-01,13.625000,13.875000,13.250000,13.437500,10.590520,1545400
2000-11-02,13.625000,13.687500,13.187500,13.312500,10.491997,1173300
2000-11-03,13.187500,13.437500,13.125000,13.375000,10.541261,999300
2000-11-06,13.250000,13.812500,13.250000,13.750000,10.836803,1371200
2000-11-07,13.875000,13.937500,13.500000,13.812500,10.886067,1495800
2000-11-08,13.812500,13.812500,13.312500,13.500000,10.639774,881700
2000-11-09,13.312500,14.250000,13.312500,13.875000,10.935325,1993400
2000-11-10,13.750000,13.875000,13.250000,13.437500,10.590520,1009100
2000-11-13,13.375000,13.812500,13.250000,13.250000,10.442739,1275800
2000-11-14,13.250000,13.375000,13.062500,13.125000,10.344223,658400
2000-11-15,13.250000,13.500000,12.937500,13.500000,10.639774,1178100
2000-11-16,13.750000,13.812500,13.312500,13.750000,10.836803,908100
2000-11-17,13.750000,13.750000,13.250000,13.250000,10.442739,1019700
2000-11-20,13.437500,13.562500,13.250000,13.312500,10.491997,634100
2000-11-21,13.312500,14.250000,13.312500,14.125000,11.132357,2476700
2000-11-22,14.437500,15.375000,14.250000,15.187500,11.969748,2723700
2000-11-24,14.937500,14.937500,14.562500,14.812500,11.674200,586800
2000-11-27,15.125000,15.937500,14.875000,15.687500,12.363812,2818000
2000-11-28,15.375000,16.125000,15.375000,16.062500,12.659361,1975300
2000-11-29,15.687500,15.812500,14.937500,15.250000,12.019005,1733400
2000-11-30,15.625000,15.875000,15.375000,15.625000,12.314553,1796100
2000-12-01,15.875000,16.375000,15.562500,16.250000,12.807137,1605500
2000-12-04,16.500000,16.937500,16.437500,16.625000,13.102690,1547000
2000-12-05,16.000000,16.250000,15.250000,15.437500,12.188774,2379800
2000-12-06,15.562500,16.937500,15.312500,16.750000,13.225068,2455800
2000-12-07,16.687500,17.062500,16.250000,16.812500,13.274420,1608800
2000-12-08,16.500000,16.937500,16.187500,16.625000,13.126376,1576600
2000-12-11,16.375000,16.437500,15.750000,16.312500,12.879639,1131000
2000-12-12,16.437500,16.625000,16.312500,16.625000,13.126376,806000
2000-12-13,16.375000,16.437500,15.250000,15.687500,12.386164,1350400
2000-12-14,15.562500,16.187500,15.562500,15.750000,12.435506,1504800
2000-12-15,15.500000,16.562500,15.500000,16.187500,12.780936,1920100
2000-12-18,16.375000,16.625000,16.187500,16.500000,13.027678,1359500
2000-12-19,16.437500,16.750000,16.312500,16.687500,13.175716,847400
2000-12-20,17.375000,18.250000,17.187500,18.187500,14.360052,3045000
2000-12-21,18.187500,18.187500,17.437500,17.750000,14.014626,2343500
2000-12-22,17.687500,17.687500,17.375000,17.687500,13.965281,1045700
2000-12-26,17.812500,18.125000,17.750000,17.937500,14.162663,1055400
2000-12-27,17.750000,17.937500,17.375000,17.687500,13.965281,1046500
2000-12-28,17.687500,17.750000,17.312500,17.562500,13.866575,896600
2000-12-29,17.437500,17.500000,17.000000,17.062500,13.471804,1288200
2001-01-02,17.312500,18.187500,17.187500,17.937500,14.162663,2589800
2001-01-03,17.875000,17.937500,17.375000,17.437500,13.767886,2462500
2001-01-04,17.500000,17.812500,17.000000,17.125000,13.521147,1460600
2001-01-05,17.187500,17.625000,16.750000,16.875000,13.323760,1777600
2001-01-08,16.875000,17.187500,16.750000,16.937500,13.373110,1066100
2001-01-09,16.625000,16.750000,16.125000,16.625000,13.126376,2047200
2001-01-10,16.625000,17.312500,16.500000,16.812500,13.274420,3004600
2001-01-11,16.812500,16.812500,16.500000,16.562500,13.077028,1182900
2001-01-12,16.437500,16.937500,16.125000,16.875000,13.323760,1712700
2001-01-16,16.875000,17.000000,16.500000,16.875000,13.323760,1552600
2001-01-17,16.687500,16.750000,16.500000,16.500000,13.027678,1423000
2001-01-18,16.625000,16.750000,16.437500,16.500000,13.027678,1540600
2001-01-19,16.500000,16.750000,16.187500,16.312500,12.879639,1333700
2001-01-22,16.312500,17.500000,16.312500,17.500000,13.817235,4216800
2001-01-23,17.250000,17.312500,16.687500,16.875000,13.323760,2339500
2001-01-24,16.562500,16.625000,15.750000,16.000000,12.632898,2269000
2001-01-25,15.937500,16.187500,15.625000,15.750000,12.435506,2086400
2001-01-26,15.812500,15.875000,15.312500,15.750000,12.435506,1234500
2001-01-29,15.750000,15.900000,15.000000,15.100000,11.922304,1982100
2001-01-30,15.480000,15.740000,15.200000,15.590000,12.309183,3242300
2001-01-31,15.500000,15.660000,15.360000,15.450000,12.198645,1249600
2001-02-01,15.740000,15.920000,15.300000,15.650000,12.356556,2525100
2001-02-02,15.500000,15.700000,15.300000,15.440000,12.190744,1709800
2001-02-05,15.400000,15.400000,15.110000,15.220000,12.017041,1155800
2001-02-06,15.010000,15.100000,14.540000,14.950000,11.803864,1801800
2001-02-07,14.850000,15.100000,14.460000,15.080000,11.906511,1631500
2001-02-08,15.000000,15.100000,14.310000,14.320000,11.306445,1753900
2001-02-09,14.400000,14.900000,14.340000,14.450000,11.409088,1691400
2001-02-12,14.650000,14.940000,14.520000,14.560000,11.495941,1202800
2001-02-13,14.600000,14.900000,14.450000,14.460000,11.416982,1044000
2001-02-14,14.470000,14.540000,14.000000,14.090000,11.124846,1377000
2001-02-15,14.150000,14.400000,14.020000,14.130000,11.156432,1461700
2001-02-16,14.850000,15.300000,14.620000,15.030000,11.867031,3782000
2001-02-20,15.190000,15.190000,14.670000,14.810000,11.693330,1474100
2001-02-21,15.400000,15.400000,14.710000,15.010000,11.851241,2225400
2001-02-22,15.000000,15.390000,14.910000,15.360000,12.127583,2446400
2001-02-23,15.300000,16.290001,15.300000,15.960000,12.601317,4616400
2001-02-26,16.250000,17.139999,16.110001,17.070000,13.477735,3740100
2001-02-27,17.250000,17.600000,16.830000,17.170000,13.556682,3848800
2001-02-28,17.070000,17.070000,16.400000,16.850000,13.304022,2309500
2001-03-01,16.830000,17.110001,16.650000,16.879999,13.327704,1759700
2001-03-02,16.500000,16.940001,16.389999,16.600000,13.129974,1466300
2001-03-05,16.590000,17.100000,16.410000,16.990000,13.438443,1285600
2001-03-06,16.750000,16.790001,16.459999,16.680000,13.193247,1178300
2001-03-07,16.709999,17.090000,16.510000,16.920000,13.383078,1096400
2001-03-08,16.990000,18.930000,16.950001,18.850000,14.909632,4895800
2001-03-09,19.100000,19.240000,17.900000,17.990000,14.229403,5050100
2001-03-12,18.150000,18.670000,18.000000,18.000000,14.237316,3586700
2001-03-13,17.420000,17.740000,17.209999,17.559999,13.889298,2369900
2001-03-14,17.590000,17.750000,17.110001,17.500000,13.841834,2339300
2001-03-15,17.250000,17.250000,16.500000,16.709999,13.216975,2969300
2001-03-16,16.719999,16.790001,15.950000,16.049999,12.694938,2267500
2001-03-19,16.059999,16.700001,16.059999,16.490000,13.042961,2124300
2001-03-20,16.500000,17.190001,16.469999,16.770000,13.264432,1742700
2001-03-21,16.780001,17.150000,16.740000,16.990000,13.438443,2014100
2001-03-22,16.950001,17.100000,16.809999,17.049999,13.485895,1921400
2001-03-23,17.049999,17.100000,16.389999,16.500000,13.050871,1235700
2001-03-26,16.410000,16.559999,16.200001,16.510000,13.058782,837700
2001-03-27,16.549999,16.549999,15.810000,16.049999,12.694938,1472700
2001-03-28,15.900000,16.090000,15.510000,15.960000,12.623752,1157200
2001-03-29,15.960000,16.090000,15.600000,15.840000,12.528842,839700
2001-03-30,15.840000,16.129999,15.280000,16.120001,12.750309,1296400
2001-04-02,16.000000,16.000000,15.160000,15.380000,12.164995,1598900
2001-04-03,15.630000,16.700001,15.560000,16.459999,13.019232,2326200
2001-04-04,17.200001,17.360001,16.950001,17.150000,13.564994,3125000
2001-04-05,16.950001,17.139999,16.700001,17.139999,13.557091,1186400
2001-04-06,17.020000,17.629999,16.980000,17.150000,13.564994,1730400
2001-04-09,17.150000,17.490000,17.010000,17.209999,13.612455,835600
2001-04-10,17.080000,17.360001,16.700001,16.980000,13.430532,2105100
2001-04-11,16.510000,16.930000,16.240000,16.250000,12.853133,2535000
2001-04-12,16.490000,16.740000,16.309999,16.549999,13.090422,1224200
2001-04-16,16.790001,17.160000,16.790001,17.160000,13.572906,1479700
2001-04-17,16.760000,16.969999,16.410000,16.750000,13.248614,1235400
2001-04-18,16.500000,17.240000,16.219999,17.200001,13.604546,2357100
2001-04-19,17.250000,17.490000,16.910000,17.160000,13.572906,1871300
2001-04-20,17.000000,17.100000,16.610001,16.780001,13.272340,1788600
2001-04-23,16.709999,16.780001,16.430000,16.770000,13.264432,783700
2001-04-24,16.700001,17.200001,16.700001,17.150000,13.564994,1472000
2001-04-25,17.240000,17.240000,16.879999,17.020000,13.462175,1103300
2001-04-26,17.129999,18.290001,17.049999,18.240000,14.427152,2425400
2001-04-27,18.280001,18.590000,17.969999,18.389999,14.545787,2402100
2001-04-30,18.299999,18.379999,17.950001,18.230000,14.419240,1187600
2001-05-01,18.230000,19.020000,18.010000,19.010000,15.036190,1721800
2001-05-02,18.850000,19.090000,18.500000,18.809999,14.877995,1766300
2001-05-03,19.049999,19.190001,18.260000,18.469999,14.609064,1315200
2001-05-04,18.469999,18.870001,18.129999,18.270000,14.450879,994100
2001-05-07,18.160000,18.990000,18.160000,18.459999,14.601157,1406700
2001-05-08,18.500000,18.950001,18.400000,18.770000,14.846360,1026500
2001-05-09,19.480000,21.520000,19.379999,20.730000,16.396643,7168200
2001-05-10,20.750000,21.610001,20.160000,21.309999,16.855404,5202900
2001-05-11,21.049999,21.350000,20.530001,20.980000,16.594379,2140500
2001-05-14,20.799999,21.150000,20.570000,20.920000,16.546913,1582600
2001-05-15,20.900000,21.450001,20.610001,20.809999,16.459923,1962300
2001-05-16,21.500000,22.900000,21.400000,22.709999,17.962751,5899900
2001-05-17,22.950001,23.290001,22.350000,23.000000,18.192133,4130800
2001-05-18,23.250000,24.600000,23.010000,24.000000,18.983086,6130200
2001-05-21,24.200001,24.250000,23.660000,24.049999,19.022638,5476700
2001-05-22,23.580000,23.580000,22.430000,22.500000,17.796648,4406500
2001-05-23,22.200001,22.379999,21.719999,22.270000,17.614731,2914900
2001-05-24,22.850000,23.230000,21.350000,21.440001,16.958221,3613500
2001-05-25,21.299999,22.200001,21.230000,21.969999,17.377443,2558200
2001-05-29,21.620001,21.700001,20.850000,21.600000,17.084782,2129500
2001-05-30,21.100000,21.490000,20.459999,20.709999,16.380821,3457600
2001-05-31,20.719999,20.990000,20.250000,20.490000,16.206812,1861800
2001-06-01,20.480000,20.959999,20.320000,20.830000,16.475737,2720300
2001-06-04,20.980000,21.320000,20.459999,20.930000,16.578714,1425100
2001-06-05,21.180000,21.570000,20.959999,21.290001,16.863867,1700800
2001-06-06,21.540001,21.540001,20.370001,20.500000,16.238111,1671300
2001-06-07,20.500000,20.709999,20.280001,20.500000,16.238111,799400
2001-06-08,20.500000,21.770000,20.500000,21.420000,16.966846,1966000
2001-06-11,21.250000,21.280001,20.760000,20.900000,16.554951,1646500
2001-06-12,21.490000,21.870001,21.299999,21.620001,17.125256,2185900
2001-06-13,21.950001,22.090000,21.410000,21.860001,17.315367,2022500
2001-06-14,21.870001,23.150000,21.559999,22.670000,17.956970,3057500
2001-06-15,22.670000,22.670000,21.629999,21.889999,17.339128,2161700
2001-06-18,21.820000,22.280001,21.350000,21.500000,17.030216,1686300
2001-06-19,21.500000,21.950001,21.450001,21.610001,17.117336,1017900
2001-06-20,21.360001,21.430000,20.750000,20.780001,16.459896,1542400
2001-06-21,20.980000,20.980000,20.190001,20.450001,16.198511,1888900
2001-06-22,20.500000,20.850000,20.299999,20.410000,16.166813,1765300
2001-06-25,21.000000,21.139999,20.000000,20.100000,15.921260,2329600
2001-06-26,20.150000,20.740000,19.879999,20.170000,15.976705,3294200
2001-06-27,20.190001,20.230000,19.260000,19.260000,15.255895,2285700
2001-06-28,19.500000,19.500000,18.750000,18.790001,14.883610,2281200
2001-06-29,18.950001,19.139999,18.610001,18.610001,14.741031,2181500
2001-07-02,18.520000,18.590000,18.240000,18.360001,14.543013,2032000
2001-07-03,18.360001,18.770000,18.299999,18.660000,14.780630,1164400
2001-07-05,18.500000,18.600000,17.969999,18.260000,14.463798,1697900
2001-07-06,18.260000,18.450001,18.000000,18.240000,14.447961,1290600
2001-07-09,18.240000,18.480000,18.070000,18.320000,14.511329,1105200
2001-07-10,18.330000,18.840000,18.240000,18.799999,14.891532,1953400
2001-07-11,19.299999,19.840000,18.260000,19.290001,15.279667,2386500
2001-07-12,18.889999,19.379999,18.760000,19.200001,15.208376,1374600
2001-07-13,19.150000,19.160000,18.850000,18.860001,14.939059,849400
2001-07-16,18.870001,18.959999,18.299999,18.500000,14.653902,1447600
2001-07-17,18.500000,18.799999,18.389999,18.600000,14.733109,1051600
2001-07-18,18.620001,19.950001,18.620001,19.780001,15.667798,3382400
2001-07-19,19.950001,19.980000,19.420000,19.750000,15.644028,1517300
2001-07-20,20.000000,20.190001,19.799999,19.969999,15.818295,2286900
2001-07-23,19.840000,19.940001,19.510000,19.700001,15.604427,1059700
2001-07-24,19.740000,20.639999,19.600000,20.639999,16.348999,2362100
2001-07-25,20.350000,20.590000,19.959999,20.040001,15.873747,1938300
2001-07-26,19.700001,19.760000,18.750000,19.000000,15.049953,2237000
2001-07-27,19.010000,19.559999,18.799999,19.430000,15.390555,1349000
2001-07-30,19.330000,19.330000,18.610001,18.709999,14.820244,938300
2001-07-31,18.750000,19.290001,18.660000,18.700001,14.812318,1142000
2001-08-01,18.870001,19.150000,18.809999,18.860001,14.939059,868800
2001-08-02,18.889999,18.889999,18.350000,18.830000,14.915297,1126800
2001-08-03,18.520000,18.799999,18.469999,18.770000,14.867775,1210700
2001-08-06,18.520000,19.080000,18.350000,18.910000,14.978661,871700
2001-08-07,18.920000,18.920000,18.559999,18.629999,14.756869,1184900
2001-08-08,18.530001,19.370001,18.510000,19.139999,15.160845,1517800
2001-08-09,19.500000,20.650000,19.420000,20.500000,16.238111,3928800
2001-08-10,20.750000,20.750000,19.799999,20.049999,15.881659,2119900
2001-08-13,20.150000,20.990000,19.900000,20.950001,16.594547,1911700
2001-08-14,20.500000,20.590000,20.070000,20.440001,16.190584,1843200
2001-08-15,20.690001,21.240000,20.459999,21.059999,16.681679,2036300
2001-08-16,21.299999,21.450001,20.700001,21.139999,16.745045,2597700
2001-08-17,21.600000,22.020000,21.180000,21.480000,17.014364,3082200
2001-08-20,20.969999,21.200001,20.639999,21.110001,16.721292,1467100
2001-08-21,21.389999,21.450001,20.700001,21.150000,16.752981,2016000
2001-08-22,21.250000,21.600000,21.059999,21.299999,16.871786,1220300
2001-08-23,21.200001,21.639999,21.170000,21.430000,16.974758,1219300
2001-08-24,21.139999,21.790001,21.010000,21.700001,17.188629,1710900
2001-08-27,21.520000,21.799999,21.240000,21.490000,17.022291,971900
2001-08-28,21.180000,21.230000,20.600000,20.930000,16.578714,1954000
2001-08-29,21.000000,21.250000,20.770000,20.940001,16.586637,1223900
2001-08-30,20.840000,21.120001,20.610001,20.860001,16.523268,1065600
2001-08-31,20.900000,20.959999,20.629999,20.740000,16.428211,627900
2001-09-04,20.549999,20.650000,20.219999,20.290001,16.095049,1255900
2001-09-05,20.280001,20.719999,20.129999,20.670000,16.396479,967300
2001-09-06,20.600000,20.740000,20.180000,20.209999,16.031590,975500
2001-09-07,20.360001,20.860001,20.360001,20.790001,16.491674,2027000
2001-09-10,20.450001,21.209999,20.450001,21.150000,16.777248,1769900
2001-09-17,23.000000,23.469999,21.600000,22.280001,17.673615,4947300
2001-09-18,22.270000,22.490000,21.309999,22.340000,17.721209,2761800
2001-09-19,22.469999,23.160000,22.160000,22.799999,18.086107,4061000
2001-09-20,22.700001,23.900000,22.400000,23.900000,18.958681,4040200
2001-09-21,24.299999,24.799999,22.200001,22.270000,17.665688,6480400
2001-09-24,21.700001,21.920000,21.110001,21.600000,17.134201,2556000
2001-09-25,21.990000,22.180000,21.260000,21.940001,17.403912,2053600
2001-09-26,22.049999,23.700001,22.000000,23.370001,18.538261,3094100
2001-09-27,22.950001,23.889999,22.730000,23.650000,18.760368,2674000
2001-09-28,23.600000,24.040001,23.219999,23.600000,18.720711,1597300
2001-10-01,23.350000,25.000000,23.110001,24.830000,19.696402,2799300
2001-10-02,24.799999,25.230000,23.980000,24.549999,19.474297,3149500
2001-10-03,24.600000,24.790001,22.830000,23.080000,18.308214,2775300
2001-10-04,23.250000,23.580000,22.799999,23.059999,18.292347,2603400
2001-10-05,23.309999,24.010000,23.150000,24.000000,19.038006,2042500
2001-10-08,24.000000,24.450001,23.500000,23.740000,18.831755,2407400
2001-10-09,23.500000,23.670000,22.799999,22.870001,18.141638,1450100
2001-10-10,22.850000,23.000000,21.700001,21.799999,17.292852,3137600
2001-10-11,21.350000,21.459999,20.450001,21.200001,16.816910,4760200
2001-10-12,21.510000,22.690001,21.240000,22.100000,17.530825,3474700
2001-10-15,22.030001,22.500000,21.639999,21.660000,17.181791,1482900
2001-10-16,21.290001,22.070000,21.200001,21.910000,17.380108,1819100
2001-10-17,21.750000,22.940001,21.500000,22.879999,18.149567,2754100
2001-10-18,22.410000,22.650000,22.020000,22.230000,17.633963,2334000
2001-10-19,22.120001,22.480000,21.760000,21.910000,17.380108,1790400
2001-10-22,21.350000,21.540001,21.040001,21.090000,16.729654,2175300
2001-10-23,20.950001,21.629999,20.930000,21.139999,16.769300,2055300
2001-10-24,21.280001,21.670000,21.120001,21.240000,16.848631,1765000
2001-10-25,21.500000,22.190001,21.200001,21.610001,17.142132,2323600
2001-10-26,21.860001,21.860001,21.110001,21.290001,16.888296,1691300
2001-10-29,21.500000,21.980000,21.459999,21.660000,17.181791,1425100
2001-10-30,22.240000,23.160000,21.990000,23.020000,18.260620,3626900
2001-10-31,23.110001,23.410000,22.660000,23.200001,18.403400,2671400
2001-11-01,23.430000,23.490000,22.879999,23.440001,18.593792,1201200
2001-11-02,23.280001,23.940001,23.160000,23.860001,18.926941,1469300
2001-11-05,23.500000,23.790001,23.110001,23.709999,18.807955,1407900
2001-11-06,23.520000,23.990000,23.500000,23.700001,18.800028,1081100
2001-11-07,23.750000,24.150000,23.750000,23.850000,18.919024,1647100
2001-11-08,23.850000,24.150000,22.600000,22.770000,18.062311,2088800
2001-11-09,22.900000,23.400000,22.639999,23.290001,18.474800,1232400
2001-11-12,23.400000,24.240000,23.100000,23.299999,18.482733,2030900
2001-11-13,22.799999,22.969999,22.200001,22.250000,17.649811,2226100
2001-11-14,20.000000,20.660000,20.000000,20.299999,16.102980,17515200
2001-11-15,20.280001,20.299999,19.760000,20.180000,16.007786,7045200
2001-11-16,20.200001,20.200001,19.059999,19.799999,15.706356,6008500
2001-11-19,19.650000,19.700001,19.049999,19.260000,15.277994,3202400
2001-11-20,19.350000,19.740000,19.250000,19.350000,15.349395,3032300
2001-11-21,19.340000,19.650000,18.959999,18.959999,15.040023,3238400
2001-11-23,19.150000,19.299999,18.969999,19.240000,15.262137,1077500
2001-11-26,19.250000,19.290001,18.799999,19.049999,15.111413,1226400
2001-11-27,19.120001,19.469999,19.110001,19.469999,15.444581,3793000
2001-11-28,19.469999,19.900000,19.469999,19.700001,15.627031,3592600
2001-11-29,19.750000,19.940001,19.520000,19.520000,15.484232,3556100
2001-11-30,19.700001,19.969999,19.520000,19.670000,15.603230,2445000
2001-12-03,19.799999,20.410000,19.799999,20.190001,16.015717,3552000
2001-12-04,20.209999,20.219999,19.760000,19.770000,15.682551,2259600
2001-12-05,19.889999,19.889999,19.389999,19.790001,15.698425,3051800
2001-12-06,19.840000,20.280001,19.809999,20.280001,16.111540,3760500
2001-12-07,20.030001,20.309999,19.809999,20.020000,15.904980,2827500
2001-12-10,19.000000,19.190001,18.840000,19.070000,15.150254,6571300
2001-12-11,19.049999,19.049999,18.830000,18.900000,15.015188,3063300
2001-12-12,18.900000,19.290001,18.799999,19.290001,15.325031,4454700
2001-12-13,19.200001,19.330000,18.840000,19.030001,15.118478,2641100
2001-12-14,19.030001,19.719999,19.030001,19.719999,15.666640,4021300
2001-12-17,19.700001,19.700001,19.410000,19.559999,15.539530,1802600
2001-12-18,19.680000,20.090000,19.549999,20.090000,15.960598,2974600
2001-12-19,19.980000,19.980000,19.240000,19.250000,15.293256,2706700
2001-12-20,19.129999,19.590000,19.129999,19.510000,15.499808,1504600
2001-12-21,19.520000,19.790001,19.400000,19.480000,15.475977,3494000
2001-12-24,19.250000,19.700001,19.170000,19.690001,15.642815,440000
2001-12-26,19.440001,19.600000,19.250000,19.370001,15.388582,1095400
2001-12-27,19.500000,19.590000,19.110001,19.240000,15.285309,2282900
2001-12-28,19.200001,19.340000,18.889999,18.950001,15.054920,3318100
2001-12-31,18.760000,19.280001,18.760000,19.110001,15.182024,2962200
2002-01-02,19.000000,19.250000,18.830000,19.090000,15.166142,1885300
2002-01-03,18.900000,19.090000,18.709999,19.010000,15.102583,5588200
2002-01-04,18.950001,18.950001,18.750000,18.820000,14.951630,3010200
2002-01-07,18.799999,19.070000,18.760000,18.930000,15.039028,6321200
2002-01-08,18.900000,18.900000,18.520000,18.700001,14.856296,5898900
2002-01-09,18.920000,19.639999,18.879999,19.410000,15.420362,12105600
2002-01-10,19.900000,19.969999,19.559999,19.709999,15.658699,8296900
2002-01-11,19.709999,20.120001,19.549999,19.690001,15.642815,7810200
2002-01-14,19.690001,20.200001,19.650000,19.950001,15.849372,6575400
2002-01-15,19.990000,20.750000,19.860001,20.600000,16.365772,6995200
2002-01-16,20.900000,21.500000,20.850000,21.090000,16.755053,8502600
2002-01-17,21.000000,21.000000,20.559999,20.650000,16.405481,2921900
2002-01-18,20.549999,20.559999,20.049999,20.200001,16.047991,14429800
2002-01-22,20.219999,20.530001,20.150000,20.430000,16.230703,9995300
2002-01-23,20.330000,20.590000,19.799999,19.940001,15.841423,5003200
2002-01-24,20.000000,20.100000,19.870001,19.969999,15.865259,2708800
2002-01-25,20.059999,20.990000,20.040001,20.910000,16.612047,5198200
2002-01-28,20.990000,21.379999,20.620001,20.879999,16.588207,3437500
2002-01-29,20.700001,21.969999,20.700001,21.530001,17.104610,5811300
2002-01-30,21.940001,22.090000,21.250000,21.290001,16.913937,4123200
2002-01-31,21.450001,21.969999,21.420000,21.840000,17.350882,4107900
2002-02-01,22.000000,23.350000,22.000000,22.809999,18.121504,7603900
2002-02-04,23.500000,24.049999,23.450001,23.900000,18.987463,6351400
2002-02-05,24.200001,25.190001,23.750000,25.070000,19.916969,12077500
2002-02-06,25.500000,25.900000,24.250000,24.299999,19.305241,11861300
2002-02-07,24.430000,24.430000,23.840000,24.129999,19.170185,8457700
2002-02-08,24.450001,25.450001,24.400000,25.000000,19.861370,9440000
2002-02-11,23.700001,24.190001,23.250000,23.510000,18.677626,7928100
2002-02-12,23.250000,24.110001,23.250000,23.969999,19.043070,5503300
2002-02-13,23.600000,24.379999,23.400000,23.930000,19.011299,4036200
2002-02-14,24.000000,24.910000,23.900000,24.660000,19.591244,5014900
2002-02-15,25.049999,25.290001,24.000000,24.330000,19.329077,6554700
2002-02-19,24.230000,24.680000,23.309999,23.770000,18.884188,30776900
2002-02-20,23.500000,23.650000,23.139999,23.150000,18.391626,8948200
2002-02-21,23.299999,23.969999,23.180000,23.809999,18.915964,6684300
2002-02-22,24.000000,24.200001,23.600000,23.850000,18.947746,4047100
2002-02-25,23.660000,23.760000,23.260000,23.389999,18.582294,2667000
2002-02-26,23.549999,24.709999,23.530001,24.610001,19.551521,5375300
2002-02-27,24.610001,24.610001,23.809999,24.020000,19.082798,5074800
2002-02-28,24.020000,24.290001,23.770000,24.120001,19.162245,5365500
2002-03-01,24.049999,24.500000,23.780001,24.490000,19.456198,5023700
2002-03-04,24.320000,24.879999,24.010000,24.500000,19.488007,4408200
2002-03-05,24.500000,24.980000,24.250000,24.549999,19.527784,5369300
2002-03-06,24.350000,25.480000,24.260000,25.360001,20.172081,4162500
2002-03-07,25.049999,25.059999,24.040001,24.190001,19.241425,6664800
2002-03-08,23.950001,23.950001,22.500000,23.000000,18.294867,8507100
2002-03-11,23.420000,23.969999,23.320000,23.600000,18.772125,3467400
2002-03-12,24.219999,24.330000,23.900000,24.209999,19.257338,2627100
2002-03-13,24.219999,24.440001,23.510000,23.549999,18.732349,3116800
2002-03-14,23.510000,23.799999,23.200001,23.690001,18.843719,2504600
2002-03-15,24.150000,24.150000,23.299999,23.500000,18.692581,2576800
2002-03-18,23.750000,24.760000,23.719999,24.650000,19.607323,3901100
2002-03-19,24.940001,24.940001,24.299999,24.650000,19.607323,3362600
2002-03-20,24.500000,25.090000,24.250000,25.040001,19.917543,3000100
2002-03-21,25.080000,25.750000,24.900000,25.240000,20.076633,4312100
2002-03-22,25.250000,26.490000,25.000000,26.370001,20.975460,6337900
2002-03-25,26.500000,27.320000,26.410000,27.150000,21.595894,5707000
2002-03-26,26.900000,27.100000,26.280001,26.450001,21.039089,4731400
2002-03-27,26.900000,28.260000,26.700001,28.240000,22.462919,8351200
2002-03-28,28.240000,28.240000,27.459999,27.690001,22.025427,5288300
2002-04-01,27.690001,29.040001,27.450001,28.770000,22.884489,5823300
2002-04-02,28.879999,29.250000,28.450001,28.520000,22.685635,6361800
2002-04-03,27.920000,28.000000,27.330000,27.629999,21.977692,5411100
2002-04-04,27.700001,27.850000,26.930000,27.799999,22.112917,4095900
2002-04-05,27.600000,27.600000,26.900000,27.260000,21.683393,3294300
2002-04-08,27.900000,28.129999,26.770000,27.150000,21.595894,3266200
2002-04-09,27.090000,27.200001,26.879999,27.020000,21.492489,3314100
2002-04-10,27.000000,28.190001,27.000000,28.160000,22.399277,5063800
2002-04-11,27.980000,28.510000,27.760000,28.059999,22.319738,4651400
2002-04-12,27.799999,28.440001,27.520000,28.240000,22.462919,3027400
2002-04-15,28.219999,28.480000,27.900000,28.299999,22.510632,2598600
2002-04-16,27.950001,28.299999,27.620001,28.190001,22.423143,3785900
2002-04-17,28.940001,29.180000,28.750000,29.070000,23.123112,4668800
2002-04-18,29.480000,29.790001,28.250000,28.299999,22.510632,5961500
2002-04-19,28.299999,29.040001,28.100000,29.040001,23.099262,3364900
2002-04-22,29.040001,29.480000,28.799999,29.100000,23.146982,3157200
2002-04-23,28.709999,29.280001,28.709999,29.240000,23.258335,4170800
2002-04-24,29.219999,29.520000,29.030001,29.240000,23.258335,4861300
2002-04-25,29.700001,29.790001,28.780001,28.809999,22.916304,4869800
2002-04-26,28.450001,30.120001,28.400000,30.080000,23.926510,6935800
2002-04-29,29.549999,30.100000,29.500000,29.840000,23.735590,3955100
2002-04-30,29.299999,29.379999,28.400000,28.510000,22.677681,4936400
2002-05-01,28.549999,30.200001,28.260000,29.610001,23.552652,5425800
2002-05-02,29.450001,30.000000,29.250000,29.420000,23.401524,3655300
2002-05-03,30.000000,30.190001,29.610001,29.950001,23.823097,4893200
2002-05-06,30.020000,30.500000,28.879999,30.290001,24.093540,4358600
2002-05-07,30.260000,30.400000,29.190001,29.219999,23.242434,6188200
2002-05-08,28.610001,29.370001,28.490000,28.900000,22.987902,5672700
2002-05-09,28.900000,29.600000,28.650000,29.549999,23.504921,4053900
2002-05-10,29.549999,30.049999,29.330000,29.990000,23.854910,3575700
2002-05-13,29.950001,30.180000,29.520000,29.959999,23.831045,2671600
2002-05-14,29.000000,29.049999,28.040001,28.049999,22.311783,5220600
2002-05-15,27.799999,28.450001,27.290001,27.670000,22.009521,6140100
2002-05-16,27.920000,28.400000,27.820000,28.360001,22.558371,3679600
2002-05-17,28.350000,29.450001,28.350000,29.450001,23.425385,5071900
2002-05-20,29.500000,30.420000,29.020000,30.139999,23.974222,5733200
2002-05-21,30.000000,30.850000,29.730000,30.809999,24.507162,5319800
2002-05-22,31.049999,31.500000,30.440001,30.690001,24.411716,7357600
2002-05-23,30.049999,31.400000,29.950001,30.940001,24.610571,6173000
2002-05-24,31.040001,31.430000,30.650000,30.660000,24.387850,4200300
2002-05-28,30.500000,32.000000,30.160000,32.000000,25.453728,6686500
2002-05-29,32.520000,32.520000,31.160000,31.240000,24.849213,6825000
2002-05-30,31.340000,31.590000,30.559999,30.670000,24.395811,4887500
2002-05-31,30.870001,31.209999,30.510000,31.209999,24.825333,4950400
2002-06-03,31.180000,31.809999,31.010000,31.719999,25.255285,4351500
2002-06-04,32.750000,32.750000,31.379999,31.559999,25.127888,7514600
2002-06-05,30.750000,31.200001,30.600000,31.200001,24.841259,5902000
2002-06-06,31.200001,31.900000,30.860001,31.000000,24.682030,5977500
2002-06-07,31.190001,31.490000,28.690001,28.700001,22.850777,9042500
2002-06-10,28.410000,28.950001,28.030001,28.100000,22.373055,7321800
2002-06-11,27.750000,29.240000,27.610001,29.000000,23.089642,7611900
2002-06-12,29.100000,29.280001,28.200001,28.250000,22.492483,5762100
2002-06-13,28.200001,28.260000,27.250000,27.860001,22.181982,4556100
2002-06-14,28.350000,29.330000,28.350000,28.959999,23.057783,5516900
2002-06-17,28.420000,28.480000,27.500000,27.500000,21.895340,4528700
2002-06-18,27.620001,28.360001,27.320000,28.320000,22.548227,4870100
2002-06-19,28.980000,28.990000,27.900000,28.020000,22.309357,3926300
2002-06-20,28.200001,29.139999,28.120001,29.090000,23.161293,5204000
2002-06-21,29.000000,29.320000,28.260000,28.600000,22.771154,5717900
2002-06-24,28.950001,29.750000,28.500000,28.570000,22.747267,6004600
2002-06-25,28.260000,28.889999,27.660000,28.600000,22.771154,4980500
2002-06-26,29.219999,29.500000,27.850000,27.990000,22.285479,7885600
2002-06-27,27.299999,27.750000,26.350000,26.809999,21.345966,7455700
2002-06-28,26.559999,26.750000,26.139999,26.330000,20.963799,6731000
2002-07-01,26.240000,27.240000,26.030001,27.170000,21.632591,5645900
2002-07-02,27.100000,27.200001,25.500000,25.500000,20.302958,5633600
2002-07-03,25.799999,26.250000,25.500000,26.000000,20.701057,4317400
2002-07-05,25.750000,25.990000,25.400000,25.440001,20.255184,1953300
2002-07-08,25.879999,27.070000,25.610001,26.910000,21.425587,3923600
2002-07-09,27.200001,28.650000,26.990000,28.620001,22.787083,5694300
2002-07-10,28.620001,28.990000,27.549999,28.879999,22.994087,7294500
2002-07-11,28.879999,29.000000,27.879999,28.049999,22.333250,5624300
2002-07-12,28.040001,28.650000,27.500000,28.540001,22.723387,4126700
2002-07-15,29.000000,29.360001,27.549999,27.750000,22.094383,5535000
2002-07-16,27.000000,27.780001,26.670000,27.230000,21.680374,4381000
2002-07-17,26.250000,27.299999,26.209999,26.940001,21.449471,4027800
2002-07-18,26.950001,27.400000,26.420000,26.590000,21.170799,3389800
2002-07-19,28.000000,28.100000,26.020000,26.459999,21.067301,8208000
2002-07-22,26.500000,26.650000,25.200001,25.500000,20.302958,5032700
2002-07-23,25.040001,25.090000,22.400000,22.480000,17.898449,10287500
2002-07-24,20.799999,24.250000,20.799999,24.250000,19.307709,7900200
2002-07-25,24.000000,24.190001,23.010000,23.260000,18.519476,4155400
2002-07-26,22.700001,22.700001,21.490000,22.209999,17.683470,6271500
2002-07-29,22.250000,23.600000,22.209999,23.540001,18.742418,4192700
2002-07-30,24.500000,24.950001,23.760000,24.000000,19.108664,5474800
2002-07-31,24.700001,24.750000,23.980000,24.400000,19.427145,5177300
2002-08-01,23.750000,24.990000,23.600000,24.990000,19.896889,3299900
2002-08-02,25.000000,25.610001,24.650000,25.490000,20.294994,4276900
2002-08-05,26.000000,26.150000,23.990000,24.049999,19.148474,5344100
2002-08-06,24.070000,24.950001,23.750000,24.950001,19.865046,3813400
2002-08-07,25.600000,26.250000,25.000000,25.600000,20.382578,4472300
2002-08-08,25.799999,25.799999,24.690001,24.730000,19.689877,2675700
2002-08-09,25.000000,27.000000,25.000000,26.780001,21.322086,4021100
2002-08-12,27.299999,27.320000,26.469999,26.820000,21.353935,3269100
2002-08-13,26.750000,27.240000,26.549999,26.980000,21.481327,2684000
2002-08-14,27.150000,27.370001,25.969999,26.250000,20.900093,3638300
2002-08-15,26.219999,27.100000,26.000000,27.000000,21.497242,3865100
2002-08-16,26.760000,27.250000,26.750000,26.799999,21.338003,2719100
2002-08-19,26.400000,26.400000,24.950001,25.600000,20.382578,4948100
2002-08-20,25.700001,26.200001,25.450001,25.910000,20.629393,4143000
2002-08-21,25.500000,25.590000,24.760000,25.170000,20.040209,4580800
2002-08-22,24.990000,25.750000,24.860001,25.600000,20.382578,3692400
2002-08-23,25.549999,25.969999,25.139999,25.139999,20.016327,1967600
2002-08-26,25.480000,27.000000,25.410000,26.820000,21.353935,3216400
2002-08-27,26.299999,27.740000,26.299999,27.350000,21.775909,5344200
2002-08-28,27.350000,27.500000,26.770000,27.080000,21.560938,3224300
2002-08-29,27.430000,28.120001,27.370001,28.070000,22.349174,4453300
2002-08-30,28.240000,28.650000,27.889999,28.490000,22.707838,4422300
2002-09-03,29.150000,29.190001,28.660000,29.070000,23.170137,4460700
2002-09-04,28.799999,28.799999,27.900000,28.200001,22.476706,4369300
2002-09-05,28.900000,29.370001,28.790001,29.219999,23.289686,5563300
2002-09-06,29.000000,29.250000,28.250000,29.049999,23.154190,5734100
2002-09-09,29.750000,29.930000,29.360001,29.680000,23.656328,6889700
2002-09-10,29.490000,29.500000,28.459999,28.459999,22.683933,3651500
2002-09-11,28.000000,29.100000,27.969999,28.889999,23.026663,2531500
2002-09-12,29.230000,29.750000,29.059999,29.600000,23.592560,4977200
2002-09-13,29.400000,29.440001,28.639999,29.340000,23.385336,4962600
2002-09-16,29.790001,29.940001,28.990000,29.870001,23.807762,3518800
2002-09-17,28.750000,29.170000,28.420000,28.420000,22.652056,4758700
2002-09-18,28.900000,29.100000,27.969999,28.160000,22.444813,5174300
2002-09-19,28.700001,29.170000,28.450001,29.129999,23.217951,4664400
2002-09-20,29.000000,29.350000,28.750000,29.150000,23.233894,5517900
2002-09-23,29.150000,29.469999,28.629999,28.639999,22.827396,3724900
2002-09-24,29.150000,29.540001,28.700001,29.440001,23.465031,6072900
2002-09-25,29.200001,29.250000,27.770000,28.129999,22.420918,5473600
2002-09-26,28.139999,28.139999,26.389999,27.250000,21.719513,6601000
2002-09-27,27.350000,27.680000,26.750000,27.350000,21.799210,4669800
2002-09-30,27.799999,28.040001,27.170000,27.510000,21.926733,5302300
2002-10-01,27.500000,27.500000,26.799999,26.879999,21.424601,3658600
2002-10-02,26.900000,26.990000,26.299999,26.450001,21.081869,4936300
2002-10-03,26.650000,26.650000,25.850000,26.000000,20.723202,4689400
2002-10-04,25.549999,26.379999,25.549999,25.900000,20.643494,3618400
2002-10-07,25.850000,26.080000,25.000000,25.309999,20.173233,3806100
2002-10-08,24.650000,25.020000,24.420000,25.000000,19.926155,5517700
2002-10-09,25.150000,25.450001,24.450001,24.480000,19.511690,3946300
2002-10-10,24.420000,24.430000,22.879999,23.480000,18.714640,6688400
2002-10-11,23.469999,23.950001,23.260000,23.700001,18.889996,4963600
2002-10-14,23.700001,23.980000,23.020000,23.400000,18.650875,4087700
2002-10-15,22.750000,23.100000,22.570000,23.100000,18.411764,5509200
2002-10-16,23.500000,23.900000,23.299999,23.690001,18.882023,4749600
2002-10-17,23.700001,23.809999,22.600000,23.670000,18.866091,5687100
2002-10-18,23.920000,24.120001,23.360001,23.610001,18.818260,3160100
2002-10-21,23.610001,23.900000,23.299999,23.360001,18.618996,2367600
2002-10-22,23.610001,25.030001,23.610001,25.000000,19.926155,6249100
2002-10-23,25.000000,25.000000,24.049999,24.150000,19.248665,7132700
2002-10-24,24.350000,24.350000,23.650000,24.190001,19.280546,3894700
2002-10-25,24.549999,24.600000,24.080000,24.290001,19.360252,2613000
2002-10-28,24.540001,25.340000,24.410000,25.160000,20.053677,3833200
2002-10-29,25.400000,25.730000,24.799999,24.799999,19.766739,5276800
2002-10-30,24.570000,25.350000,24.570000,25.350000,20.205114,2239500
2002-10-31,25.309999,25.490000,24.520000,24.719999,19.702980,4212100
2002-11-01,25.250000,25.590000,25.000000,25.480000,20.308735,4258600
2002-11-04,25.230000,25.959999,25.070000,25.950001,20.683350,2744400
2002-11-05,26.080000,26.129999,25.760000,25.940001,20.675379,2191400
2002-11-06,25.799999,26.190001,25.280001,26.080000,20.786963,3628000
2002-11-07,26.650000,26.650000,25.600000,26.030001,20.747120,4375800
2002-11-08,26.590000,26.650000,25.799999,25.900000,20.643494,3982300
2002-11-11,26.010000,26.100000,25.299999,25.469999,20.300766,1869600
2002-11-12,24.500000,24.650000,23.299999,24.280001,19.352295,9830300
2002-11-13,24.530001,24.570000,23.510000,23.600000,18.810284,3564900
2002-11-14,24.180000,24.250000,23.799999,24.150000,19.248665,3439000
2002-11-15,24.200001,25.200001,24.200001,25.180000,20.069624,3381800
2002-11-18,25.190001,25.190001,24.200001,24.309999,19.376184,3002800
2002-11-19,24.280001,24.629999,23.660000,23.660000,18.858109,2897000
2002-11-20,23.750000,24.360001,23.610001,23.750000,18.929846,2330100
2002-11-21,23.760000,23.940001,23.200001,23.920000,19.065340,4530900
2002-11-22,24.340000,24.549999,23.719999,23.900000,19.049408,3931500
2002-11-25,23.750000,24.480000,23.520000,24.170000,19.264601,2673200
2002-11-26,23.799999,24.110001,23.670000,23.700001,18.889996,3029300
2002-11-27,23.889999,23.889999,22.600000,23.100000,18.411764,5211300
2002-11-29,22.700001,23.540001,22.660000,23.410000,18.658846,1621700
2002-12-02,23.100000,23.600000,22.700001,23.200001,18.515200,3287500
2002-12-03,23.850000,24.379999,23.629999,24.330000,19.417015,4054200
2002-12-04,24.500000,24.959999,24.320000,24.959999,19.919802,5589500
2002-12-05,25.000000,25.709999,24.889999,25.639999,20.462477,5250300
2002-12-06,26.700001,26.799999,25.950001,26.770000,21.364302,8060900
2002-12-09,26.750000,26.920000,26.370001,26.750000,21.348341,4654200
2002-12-10,26.500000,26.510000,25.879999,26.139999,20.861525,4052300
2002-12-11,26.120001,27.040001,26.120001,27.000000,21.547867,3611000
2002-12-12,27.000000,28.459999,27.000000,28.110001,22.433720,8632400
2002-12-13,28.700001,29.139999,28.370001,29.000000,23.143991,8973300
2002-12-16,28.750000,29.240000,28.209999,29.100000,23.223804,6567500
2002-12-17,29.400000,29.600000,28.040001,28.049999,22.385830,6893100
2002-12-18,28.000000,29.200001,27.850000,29.049999,23.183903,9374900
2002-12-19,29.049999,29.299999,27.950001,28.040001,22.377850,6657900
2002-12-20,28.040001,28.690001,27.600000,28.610001,22.832748,5617400
2002-12-23,28.650000,29.600000,28.650000,29.600000,23.622839,3187000
2002-12-24,29.350000,29.600000,28.719999,28.850000,23.024284,2277200
2002-12-26,28.850000,29.980000,28.600000,29.980000,23.926105,2556200
2002-12-27,29.730000,30.200001,29.580000,29.730000,23.726583,4384100
2002-12-30,29.730000,29.730000,28.750000,29.240000,23.335531,2890600
2002-12-31,29.080000,29.549999,28.910000,29.030001,23.167946,2585100
2003-01-02,29.040001,29.700001,28.490000,29.700001,23.702644,3403600
2003-01-03,29.420000,30.600000,29.170000,30.120001,24.037838,4902000
2003-01-06,30.129999,30.540001,29.059999,29.250000,23.343515,5953900
2003-01-07,28.840000,28.990000,27.830000,27.840000,22.218233,7362800
2003-01-08,27.850000,29.049999,27.850000,28.730000,22.928518,7040400
2003-01-09,28.559999,28.600000,27.820000,27.959999,22.314005,5994300
2003-01-10,28.200001,28.790001,27.820000,28.610001,22.832748,5420600
2003-01-13,28.250000,28.790001,27.990000,28.030001,22.369875,3538900
2003-01-14,27.959999,28.290001,27.209999,27.250000,21.747375,4186600
2003-01-15,27.100000,27.790001,26.889999,27.500000,21.946894,3924500
2003-01-16,27.540001,28.690001,27.520000,28.520000,22.760929,6142400
2003-01-17,28.700001,28.750000,27.510000,27.650000,22.066601,5878900
2003-01-21,27.660000,28.139999,27.260000,27.889999,22.258141,4047400
2003-01-22,27.940001,28.650000,27.920000,28.600000,22.824770,4870500
2003-01-23,28.600000,30.090000,28.600000,29.520000,23.558998,10211200
2003-01-24,29.450001,30.340000,29.450001,30.150000,24.061781,6567300
2003-01-27,30.160000,30.490000,29.270000,29.430000,23.487177,7661800
2003-01-28,29.320000,29.590000,28.799999,29.459999,23.511101,5421700
2003-01-29,29.459999,29.690001,28.709999,28.809999,22.992373,4726000
2003-01-30,28.840000,29.650000,28.650000,29.530001,23.566973,5615100
2003-01-31,29.750000,29.750000,28.879999,28.950001,23.104092,4538100
2003-02-03,29.290001,29.290001,28.580000,28.730000,22.928518,3771800
2003-02-04,29.480000,30.000000,29.360001,29.790001,23.774469,7164600
2003-02-05,29.700001,29.950001,28.230000,28.719999,22.920542,10121700
2003-02-06,28.730000,29.250000,28.150000,28.600000,22.824770,5061900
2003-02-07,28.750000,29.219999,28.160000,28.420000,22.681110,4228900
2003-02-10,28.500000,28.719999,27.549999,27.639999,22.058619,4064700
2003-02-11,27.549999,28.629999,27.520000,28.500000,22.744963,4176200
2003-02-12,27.920000,28.340000,27.100000,27.100000,21.627666,6507100
2003-02-13,27.299999,28.440001,27.299999,28.440001,22.697079,5531200
2003-02-14,28.049999,28.070000,26.900000,27.240000,21.739391,6727300
2003-02-18,26.799999,27.350000,26.510000,27.180000,21.691507,6351800
2003-02-19,27.430000,27.940001,27.360001,27.600000,22.026695,3744600
2003-02-20,27.850000,28.490000,27.850000,28.280001,22.569391,5216800
2003-02-21,28.340000,28.430000,27.120001,27.510000,21.954866,5987200
2003-02-24,27.520000,28.200001,27.400000,27.610001,22.034685,4884300
2003-02-25,27.750000,27.950001,26.969999,27.120001,21.643627,4898300
2003-02-26,27.000000,27.680000,27.000000,27.500000,21.946894,3748300
2003-02-27,27.209999,27.340000,26.670000,26.850000,21.428143,4635200
2003-02-28,26.900000,27.500000,26.850000,27.330000,21.811224,3804900
2003-03-03,26.870001,27.070000,26.650000,26.830000,21.443575,3373100
2003-03-04,27.070000,27.379999,27.059999,27.250000,21.779255,2707500
2003-03-05,27.299999,27.500000,26.930000,27.049999,21.619402,3270900
2003-03-06,27.049999,27.389999,26.680000,27.110001,21.667356,3474600
2003-03-07,27.490000,27.490000,25.510000,25.959999,20.748234,6075300
2003-03-10,26.059999,26.190001,25.110001,25.160000,20.108835,5909700
2003-03-11,24.959999,25.469999,24.660000,24.750000,19.781160,4440400
2003-03-12,24.650000,25.120001,24.400000,24.799999,19.821119,5064800
2003-03-13,24.250000,25.080000,24.080000,24.660000,19.709225,6579800
2003-03-14,24.799999,25.450001,24.760000,25.090000,20.052898,4264100
2003-03-17,25.510000,25.969999,25.080000,25.110001,20.068880,5028500
2003-03-18,25.250000,26.049999,25.250000,25.980000,20.764215,3731500
2003-03-19,25.990000,26.250000,25.219999,25.549999,20.420540,3869300
2003-03-20,25.490000,25.730000,24.860001,24.990000,19.972979,3097600
2003-03-21,25.090000,25.240000,24.230000,24.370001,19.477440,7160500
2003-03-24,24.910000,25.110001,24.540001,24.540001,19.613314,4765300
2003-03-25,24.660000,25.200001,24.660000,25.000000,19.980963,3338600
2003-03-26,25.000000,25.209999,24.790001,25.070000,20.036905,2792400
2003-03-27,25.240000,25.240000,24.480000,24.559999,19.629307,4599300
2003-03-28,25.139999,26.670000,24.900000,26.590000,21.251757,5834400
2003-03-31,26.990000,26.990000,25.940001,26.150000,20.900089,5765600
2003-04-01,26.150000,26.160000,25.580000,25.879999,20.684294,3238200
2003-04-02,25.500000,25.500000,24.950001,25.209999,20.148813,4862500
2003-04-03,25.209999,25.400000,24.980000,25.240000,20.172787,3140400
2003-04-04,25.049999,25.770000,24.950001,25.580000,20.444523,3462000
2003-04-07,25.000000,25.260000,24.799999,25.200001,20.140816,4892400
2003-04-08,25.200001,25.490000,25.059999,25.150000,20.100849,3768800
2003-04-09,25.110001,26.100000,24.959999,25.870001,20.676310,5605900
2003-04-10,25.980000,26.049999,25.540001,25.750000,20.580391,3308400
2003-04-11,25.600000,26.080000,25.410000,25.940001,20.732244,2874700
2003-04-14,25.650000,25.930000,25.639999,25.930000,20.724249,2713400
2003-04-15,26.100000,26.520000,25.200001,26.379999,21.083918,3975200
2003-04-16,26.200001,26.969999,26.170000,26.850000,21.459549,4107100
2003-04-17,27.000000,27.440001,26.750000,26.940001,21.531490,4153000
2003-04-21,26.950001,27.650000,26.850000,27.540001,22.011028,3810700
2003-04-22,27.540001,27.799999,27.379999,27.740000,22.170881,4422500
2003-04-23,27.650000,27.910000,27.549999,27.650000,22.098948,4503900
2003-04-24,27.750000,27.969999,26.809999,26.840000,21.451559,3936000
2003-04-25,26.760000,27.290001,26.600000,26.780001,21.403610,3335500
2003-04-28,26.780001,26.950001,26.440001,26.549999,21.219784,3616300
2003-04-29,26.540001,26.540001,25.950001,26.340000,21.051945,3591700
2003-04-30,26.559999,27.299999,26.559999,27.020000,21.595434,6573400
2003-05-01,27.250000,28.100000,27.200001,27.600000,22.058979,4771200
2003-05-02,27.610001,27.820000,27.180000,27.629999,22.082968,2558100
2003-05-05,27.680000,28.209999,27.680000,28.030001,22.402660,2421700
2003-05-06,28.160000,28.480000,27.740000,28.450001,22.738335,3407400
2003-05-07,28.600000,28.900000,28.100000,28.190001,22.530539,4752000
2003-05-08,28.730000,28.850000,28.299999,28.740000,22.970119,3926600
2003-05-09,28.740000,28.750000,28.330000,28.580000,22.842239,3482500
2003-05-12,28.650000,29.040001,28.480000,28.700001,22.938152,3621000
2003-05-13,28.469999,28.760000,27.910000,28.010000,22.386667,3695900
2003-05-14,28.150000,28.570000,28.110001,28.459999,22.746330,2941300
2003-05-15,28.580000,28.680000,28.350000,28.559999,22.826254,2748100
2003-05-16,28.870001,28.879999,28.469999,28.709999,22.946133,3162700
2003-05-19,28.850000,29.549999,28.830000,29.150000,23.297800,5678500
2003-05-20,29.240000,29.299999,28.920000,29.219999,23.353754,4112500
2003-05-21,29.100000,30.000000,28.799999,30.000000,23.977156,5212800
2003-05-22,30.000000,30.000000,29.430000,29.590000,23.649462,3745400
2003-05-23,29.590000,29.870001,29.410000,29.590000,23.649462,2584000
2003-05-27,30.000000,30.799999,29.559999,29.889999,23.889238,6016000
2003-05-28,29.260000,29.410000,28.760000,29.100000,23.257841,5646400
2003-05-29,28.799999,29.750000,28.780001,29.620001,23.673447,4724800
2003-05-30,29.500000,29.660000,28.500000,29.660000,23.705420,3816100
2003-06-02,29.250000,30.450001,29.250000,30.350000,24.289650,7272600
2003-06-03,30.600000,30.790001,30.030001,30.150000,24.129591,4458100
2003-06-04,30.030001,31.230000,29.940001,30.870001,24.705814,3853400
2003-06-05,31.200001,32.139999,31.200001,31.950001,25.570160,6464100
2003-06-06,31.950001,32.849998,31.629999,32.290001,25.842272,7962300
2003-06-09,32.750000,32.750000,32.049999,32.650002,26.130383,3801000
2003-06-10,31.450001,31.760000,30.650000,31.500000,25.210009,8534700
2003-06-11,31.540001,31.540001,31.110001,31.480000,25.194016,3734900
2003-06-12,31.290001,31.900000,31.059999,31.680000,25.354071,4111000
2003-06-13,31.500000,32.439999,31.490000,32.070000,25.666191,4275100
2003-06-16,32.450001,32.480000,31.950001,32.419998,25.946302,2810900
2003-06-17,32.419998,34.150002,32.380001,33.840000,27.082760,7031900
2003-06-18,33.840000,33.860001,33.270000,33.709999,26.978722,5936500
2003-06-19,33.720001,34.400002,33.380001,33.889999,27.122782,6810100
2003-06-20,33.889999,34.070000,33.290001,33.599998,26.890682,5192300
2003-06-23,33.250000,33.299999,32.250000,32.650002,26.130383,4831300
2003-06-24,32.500000,32.509998,31.600000,31.809999,25.458109,5008200
2003-06-25,31.940001,32.799999,31.930000,32.189999,25.762226,3840800
2003-06-26,31.600000,32.490002,31.340000,32.209999,25.778238,3177500
2003-06-27,32.259998,32.779999,32.160000,32.509998,26.018333,2273800
2003-06-30,32.450001,32.660000,32.310001,32.459999,25.978317,3668700
2003-07-01,32.889999,33.500000,32.849998,33.340000,26.682606,4654400
2003-07-02,33.500000,33.790001,33.160000,33.500000,26.810650,2741300
2003-07-03,33.419998,33.590000,32.959999,32.970001,26.386488,1748500
2003-07-07,32.799999,32.840000,32.270000,32.810001,26.258434,3732900
2003-07-08,32.700001,33.150002,32.299999,32.410000,25.938303,3296700
2003-07-09,32.720001,32.939999,32.509998,32.790001,26.242422,3866200
2003-07-10,32.869999,33.240002,32.410000,32.720001,26.186401,3547800
2003-07-11,32.509998,32.810001,32.369999,32.790001,26.242422,2641400
2003-07-14,32.980000,33.450001,32.880001,33.200001,26.570559,2508300
2003-07-15,33.740002,33.970001,31.840000,31.840000,25.482126,5812800
2003-07-16,31.360001,31.780001,31.010000,31.250000,25.009930,4785300
2003-07-17,31.400000,32.049999,31.160000,31.980000,25.594170,3378700
2003-07-18,31.990000,32.310001,31.520000,32.130001,25.714211,3515100
2003-07-21,32.299999,33.090000,32.290001,33.000000,26.410496,4061300
2003-07-22,33.119999,33.500000,32.930000,33.400002,26.730623,4521500
2003-07-23,34.000000,35.299999,34.000000,35.279999,28.235212,7605200
2003-07-24,35.029999,35.880001,34.799999,35.400002,28.331268,7099800
2003-07-25,35.650002,36.389999,35.560001,36.290001,29.043539,5829400
2003-07-28,36.470001,36.910000,35.200001,35.520000,28.427301,6503500
2003-07-29,35.509998,36.369999,35.299999,35.980000,28.795433,5208800
2003-07-30,35.619999,35.950001,35.299999,35.439999,28.363279,5183500
2003-07-31,36.340000,36.340000,35.299999,36.099998,28.891472,6220400
2003-08-01,35.770000,36.380001,35.230000,35.580002,28.475317,5436400
2003-08-04,35.880001,36.639999,35.599998,36.290001,29.043539,3870100
2003-08-05,36.240002,36.480000,35.740002,35.750000,28.611368,3487700
2003-08-06,35.849998,37.000000,35.790001,36.880001,29.515715,5744100
2003-08-07,36.950001,37.119999,36.320000,36.950001,29.571747,3822800
2003-08-08,37.189999,38.369999,36.950001,38.330002,30.676193,5595600
2003-08-11,38.500000,38.970001,37.500000,38.610001,30.900276,5891300
2003-08-12,38.599998,38.610001,37.509998,37.700001,30.171980,4552500
2003-08-13,37.450001,38.630001,37.410000,38.480000,30.796232,4864600
2003-08-14,38.520000,39.049999,38.290001,38.630001,30.916279,4622400
2003-08-15,38.520000,38.889999,38.330002,38.500000,30.812246,1948500
2003-08-18,37.750000,38.400002,37.700001,38.040001,30.444088,2815800
2003-08-19,37.619999,38.990002,37.619999,38.910000,31.140387,4263000
2003-08-20,39.000000,39.700001,38.900002,39.580002,31.676584,4557700
2003-08-21,39.400002,39.400002,38.250000,38.270000,30.628176,5059900
2003-08-22,38.250000,38.250000,37.349998,37.540001,30.043926,6800700
2003-08-25,37.529999,37.730000,36.610001,36.759998,29.419691,5207300
2003-08-26,36.680000,37.849998,36.509998,37.740002,30.203995,4433300
2003-08-27,38.500000,39.250000,38.400002,39.160000,31.340446,5768900
2003-08-28,38.799999,39.980000,38.599998,38.680000,30.956293,3615800
2003-08-29,39.400002,39.669998,39.020000,39.259998,31.453005,4028900
2003-09-02,39.240002,39.240002,37.750000,37.900002,30.363440,5160800
2003-09-03,37.849998,38.139999,37.520000,37.900002,30.363440,5577400
2003-09-04,37.770000,39.040001,37.630001,38.889999,31.156586,4308000
2003-09-05,39.099998,39.660000,39.009998,39.110001,31.332840,4923100
2003-09-08,39.099998,39.230000,38.590000,38.900002,31.164589,3366400
2003-09-09,39.750000,40.900002,38.970001,39.759998,31.853579,6937100
2003-09-10,40.000000,40.049999,39.000000,39.299999,31.485046,4164600
2003-09-11,39.009998,39.450001,38.400002,39.349998,31.525089,4476600
2003-09-12,39.470001,39.869999,38.650002,38.939999,31.196634,4386400
2003-09-15,38.750000,39.240002,38.369999,38.590000,30.916239,2952300
2003-09-16,38.759998,39.169998,38.250000,39.020000,31.260731,3891400
2003-09-17,39.099998,39.500000,38.750000,39.259998,31.453005,3663900
2003-09-18,39.950001,39.980000,39.060001,39.240002,31.436995,3896700
2003-09-19,39.549999,40.799999,39.500000,40.660000,32.574612,6945700
2003-09-22,41.250000,41.500000,40.750000,41.299999,33.087341,6754300
2003-09-23,41.000000,42.090000,40.900002,42.060001,33.696220,6104800
2003-09-24,42.299999,42.500000,41.380001,42.169998,33.784344,6392100
2003-09-25,42.259998,42.450001,40.250000,40.330002,32.310238,7721200
2003-09-26,39.700001,40.000000,38.709999,38.910000,31.172613,6432800
2003-09-29,39.160000,39.779999,38.599998,39.130001,31.348854,5437300
2003-09-30,39.259998,40.000000,38.900002,39.090000,31.316830,5511100
2003-10-01,39.090000,39.400002,38.189999,39.340000,31.517090,5304500
2003-10-02,38.590000,40.049999,38.590000,39.919998,31.981762,4343800
2003-10-03,39.590000,40.150002,37.250000,37.880001,30.347441,9746000
2003-10-06,37.950001,38.340000,37.349998,38.070000,30.499643,4915300
2003-10-07,38.480000,39.040001,38.279999,38.840000,31.116526,6270400
2003-10-08,38.900002,39.750000,38.880001,39.250000,31.444994,4266500
2003-10-09,38.549999,39.150002,38.000000,39.049999,31.284750,6835800
2003-10-10,39.349998,39.580002,39.080002,39.250000,31.444994,4234700
2003-10-13,39.000000,40.200001,38.720001,39.990002,32.037838,4337100
2003-10-14,39.759998,40.099998,39.529999,39.869999,31.941700,3227900
2003-10-15,39.750000,39.930000,39.090000,39.340000,31.517090,3886400
2003-10-16,39.660000,40.590000,39.599998,39.900002,31.965740,4919400
2003-10-17,39.700001,39.750000,39.000000,39.130001,31.348854,4048000
2003-10-20,39.470001,39.860001,39.110001,39.119999,31.340860,3141300
2003-10-21,39.509998,41.189999,39.509998,41.099998,32.927116,5448700
2003-10-22,41.380001,41.660000,40.750000,41.240002,33.039288,5847500
2003-10-23,41.230000,41.529999,40.700001,41.490002,33.239563,4470300
2003-10-24,42.000000,42.830002,41.840000,42.240002,33.840431,6748300
2003-10-27,42.240002,42.549999,41.590000,42.549999,34.088787,3625800
2003-10-28,42.000000,42.750000,41.450001,42.750000,34.249008,5196200
2003-10-29,42.900002,44.299999,42.900002,43.779999,35.074203,7058500
2003-10-30,42.880001,44.709999,42.880001,43.299999,34.689651,7166700
2003-10-31,42.549999,44.450001,42.549999,43.779999,35.074203,5036600
2003-11-03,43.549999,44.150002,42.419998,42.880001,34.353157,6503500
2003-11-04,43.000000,44.080002,43.000000,43.310001,34.697651,6045800
2003-11-05,42.639999,43.049999,42.209999,42.549999,34.088787,7962600
2003-11-06,42.299999,42.389999,42.040001,42.200001,33.808376,12162500
2003-11-07,41.950001,42.750000,41.549999,42.660000,34.176914,8779700
2003-11-10,42.889999,43.299999,42.310001,42.410000,33.976608,5154200
2003-11-11,42.799999,43.049999,42.119999,42.259998,33.856441,4585600
2003-11-12,42.919998,44.020000,42.599998,43.959999,35.218395,8689800
2003-11-13,43.610001,44.349998,43.310001,43.709999,35.018116,5474500
2003-11-14,43.939999,44.650002,43.830002,44.240002,35.442726,5363600
2003-11-17,43.750000,44.240002,42.599998,43.419998,34.785782,6437900
2003-11-18,43.830002,45.410000,43.470001,45.299999,36.291939,7250700
2003-11-19,44.950001,45.200001,44.599998,45.200001,36.211834,5830600
2003-11-20,45.549999,45.900002,44.669998,45.049999,36.091644,4900600
2003-11-21,44.880001,45.410000,44.880001,45.240002,36.243874,3978100
2003-11-24,44.980000,44.990002,44.119999,44.849998,35.931408,4813700
2003-11-25,45.040001,45.779999,44.919998,45.750000,36.652443,4412200
2003-11-26,46.049999,47.540001,45.810001,47.340000,37.926266,6853100
2003-11-28,47.000000,48.230000,46.900002,48.139999,38.567181,3426100
2003-12-01,48.700001,49.660000,47.759998,49.549999,39.696793,8338700
2003-12-02,49.500000,50.279999,49.169998,50.000000,40.057316,8050400
2003-12-03,50.000000,50.250000,49.500000,49.990002,40.049305,5355100
2003-12-04,49.299999,49.700001,48.250000,49.040001,39.288216,6903000
2003-12-05,48.889999,49.939999,48.639999,49.590000,39.728863,4927400
2003-12-08,49.500000,49.639999,48.250000,49.200001,39.456200,6676000
2003-12-09,49.490002,49.490002,46.830002,47.770000,38.309391,7151500
2003-12-10,47.599998,48.320000,45.650002,45.700001,36.649345,9970000
2003-12-11,45.599998,46.900002,44.500000,46.279999,37.114483,10636300
2003-12-12,46.700001,47.950001,46.520000,47.000000,37.691883,6299600
2003-12-15,46.049999,47.740002,46.029999,47.220001,37.868309,5159400
2003-12-16,47.290001,47.470001,45.799999,46.130001,36.994183,5034200
2003-12-17,46.130001,47.250000,45.919998,47.080002,37.756039,5470700
2003-12-18,46.950001,47.189999,46.150002,46.980000,37.675846,4865200
2003-12-19,46.990002,46.990002,45.700001,45.700001,36.649345,6553000
2003-12-22,46.200001,46.549999,45.900002,46.290001,37.122494,5348900
2003-12-23,46.000000,46.290001,45.130001,46.290001,37.122494,4038700
2003-12-24,46.950001,46.950001,45.950001,46.369999,37.186642,2110900
2003-12-26,46.490002,47.799999,46.480000,47.689999,38.245243,2499000
2003-12-29,48.639999,49.540001,48.639999,49.410000,39.624596,6618900
2003-12-30,49.349998,49.750000,48.599998,49.160000,39.424099,5856800
2003-12-31,49.209999,49.480000,48.060001,48.610001,38.983044,4169900
2004-01-02,48.200001,49.130001,48.200001,48.639999,39.007099,2976000
2004-01-05,49.400002,50.200001,49.209999,49.750000,39.897251,7955100
2004-01-06,49.900002,49.900002,48.110001,48.840000,39.167488,10817500
2004-01-07,48.900002,48.939999,47.180000,47.439999,38.044750,7057400
2004-01-08,47.900002,48.169998,47.099998,47.900002,38.413639,5910300
2004-01-09,47.990002,49.200001,47.779999,48.619999,38.991062,5297800
2004-01-12,48.549999,48.560001,47.040001,47.500000,38.092854,5518400
2004-01-13,47.389999,47.810001,46.110001,46.549999,37.331009,5689300
2004-01-14,45.520000,45.650002,44.049999,44.650002,35.807297,11041400
2004-01-15,43.750000,43.750000,41.700001,42.590000,34.155266,19089900
2004-01-16,42.900002,43.389999,42.099998,43.080002,34.548233,9390100
2004-01-20,43.849998,44.450001,43.590000,43.730000,35.069500,7510800
2004-01-21,43.730000,44.669998,42.799999,44.000000,35.286030,7030700
2004-01-22,43.970001,44.560001,42.759998,42.799999,34.323685,6660500
2004-01-23,42.889999,43.689999,41.900002,42.250000,33.882603,7820900
2004-01-26,42.400002,42.689999,41.270000,41.759998,33.489643,7769500
2004-01-27,41.849998,43.200001,41.799999,42.509998,34.091103,6567700
2004-01-28,43.000000,43.980000,41.650002,41.720001,33.457539,9600400
2004-01-29,41.500000,42.060001,40.509998,41.099998,32.960342,10853000
2004-01-30,41.240002,41.750000,40.849998,41.660000,33.409451,5306600
2004-02-02,41.400002,41.900002,40.560001,41.860001,33.569832,8904200
2004-02-03,42.250000,42.630001,41.450001,41.500000,33.281136,6918400
2004-02-04,41.610001,42.709999,40.580002,41.540001,33.313221,7119000
2004-02-05,41.360001,42.959999,41.169998,42.150002,33.802406,5023200
2004-02-06,43.099998,44.119999,42.869999,44.099998,35.366222,8137600
2004-02-09,44.500000,44.750000,43.820000,44.639999,35.799271,6293800
2004-02-10,44.750000,44.900002,44.070000,44.299999,35.526604,5368100
2004-02-11,44.299999,45.680000,43.910000,45.430000,36.432804,6802400
2004-02-12,45.430000,45.750000,44.580002,44.660000,35.815315,5002000
2004-02-13,45.220001,45.520000,43.810001,44.259998,35.494541,6595200
2004-02-17,44.970001,45.529999,44.810001,45.450001,36.448833,4934600
2004-02-18,45.450001,45.450001,43.619999,43.630001,34.989319,6308700
2004-02-19,43.639999,44.279999,43.040001,44.040001,35.318104,7191700
2004-02-20,43.700001,43.700001,42.349998,42.750000,34.283573,8018300
2004-02-23,43.000000,43.349998,42.310001,42.310001,33.930717,4608400
2004-02-24,42.700001,44.150002,42.599998,43.770000,35.101570,7451200
2004-02-25,43.419998,43.500000,42.320000,43.130001,34.588337,6109800
2004-02-26,42.580002,43.820000,42.360001,43.490002,34.877022,5284100
2004-02-27,43.299999,43.750000,43.049999,43.450001,34.844948,4520600
2004-03-01,44.150002,44.349998,43.450001,43.750000,35.125965,4371500
2004-03-02,43.500000,43.509998,42.250000,42.259998,33.929661,7310800
2004-03-03,42.099998,42.540001,41.080002,42.070000,33.777126,8066200
2004-03-04,41.599998,43.020000,41.599998,42.560001,34.170536,5636700
2004-03-05,43.209999,44.090000,43.180000,43.959999,35.294548,5861800
2004-03-08,43.950001,44.259998,43.310001,43.439999,34.877064,5074600
2004-03-09,43.650002,43.910000,43.020000,43.450001,34.885098,4924100
2004-03-10,43.150002,43.270000,42.310001,42.330002,33.985859,5977500
2004-03-11,42.000000,42.869999,41.880001,42.750000,34.323082,5482200
2004-03-12,42.500000,42.700001,41.669998,42.689999,34.274906,5436400
2004-03-15,42.669998,42.980000,41.849998,41.990002,33.712898,5036100
2004-03-16,42.400002,42.970001,42.049999,42.560001,34.170536,4556500
2004-03-17,42.410000,43.160000,41.959999,43.060001,34.571964,8231100
2004-03-18,44.049999,44.959999,43.799999,44.310001,35.575581,8830000
2004-03-19,44.450001,44.750000,43.939999,44.380001,35.631771,6545000
2004-03-22,45.500000,45.500000,44.310001,44.590000,35.800373,6609200
2004-03-23,44.349998,45.029999,44.180000,44.680000,35.872646,5002200
2004-03-24,44.299999,44.389999,43.660000,43.689999,35.077763,4514800
2004-03-25,43.599998,45.250000,43.509998,45.209999,36.298157,4906500
2004-03-26,45.970001,46.529999,45.750000,46.150002,37.052860,7192300
2004-03-29,45.820000,46.380001,45.200001,46.049999,36.972565,4719100
2004-03-30,46.020000,47.070000,45.860001,46.709999,37.502468,5160500
2004-03-31,46.900002,47.220001,46.400002,46.630001,37.438259,5684700
2004-04-01,46.930000,47.320000,46.570000,46.750000,37.534599,4860200
2004-04-02,46.009998,46.279999,45.150002,45.880001,36.836079,6200300
2004-04-05,45.599998,45.750000,44.500000,44.849998,36.009117,5770300
2004-04-06,45.000000,45.540001,45.000000,45.299999,36.370430,3617100
2004-04-07,45.200001,45.849998,45.130001,45.360001,36.418598,3387700
2004-04-08,44.660000,45.349998,44.660000,45.060001,36.177731,2844200
2004-04-12,45.310001,45.529999,44.490002,45.259998,36.338303,2935100
2004-04-13,44.049999,44.400002,42.560001,42.860001,34.411381,7618400
2004-04-14,42.099998,43.389999,41.990002,42.639999,34.234756,7283800
2004-04-15,42.400002,43.560001,42.380001,43.049999,34.563934,4687100
2004-04-16,43.279999,43.480000,42.950001,43.060001,34.571964,4214900
2004-04-19,43.180000,43.290001,42.200001,42.430000,34.066158,4344100
2004-04-20,41.900002,42.009998,39.590000,39.930000,32.058949,9177400
2004-04-21,39.209999,40.630001,38.820000,39.880001,32.018806,11072700
2004-04-22,40.040001,41.189999,40.000000,40.680000,32.661102,5651300
2004-04-23,41.000000,41.040001,40.139999,40.400002,32.436306,4012300
2004-04-26,40.799999,41.380001,40.500000,40.549999,32.556736,3694900
2004-04-27,40.700001,40.830002,40.020000,40.189999,32.267715,4593200
2004-04-28,38.599998,38.900002,37.400002,37.470001,30.083874,12498000
2004-04-29,37.750000,38.490002,37.049999,37.450001,30.067823,7602800
2004-04-30,37.799999,38.299999,37.270000,37.400002,30.027668,5204100
2004-05-03,37.410000,37.740002,36.880001,37.380001,30.011612,5337700
2004-05-04,38.400002,39.110001,38.250000,39.040001,31.344385,6517800
2004-05-05,39.110001,39.250000,38.529999,38.610001,30.999146,4111000
2004-05-06,38.290001,38.450001,37.650002,37.860001,30.396992,5569100
2004-05-07,37.150002,37.619999,35.340000,35.410000,28.429934,10150300
2004-05-10,34.700001,36.950001,34.700001,36.330002,29.168596,9504500
2004-05-11,36.020000,36.740002,35.570000,36.700001,29.465654,4999600
2004-05-12,37.400002,37.849998,36.150002,36.480000,29.289034,6861100
2004-05-13,36.400002,36.849998,35.830002,36.189999,29.056194,3883700
2004-05-14,36.360001,37.000000,36.340000,36.950001,29.666376,4618200
2004-05-17,37.799999,38.139999,36.720001,37.000000,29.706520,6935500
2004-05-18,36.849998,37.540001,36.590000,37.540001,30.140074,3862700
2004-05-19,38.220001,38.880001,37.689999,37.840000,30.380938,6833100
2004-05-20,37.840000,38.130001,37.279999,37.630001,30.212339,3571500
2004-05-21,38.520000,38.820000,38.299999,38.400002,30.830564,4870600
2004-05-24,38.580002,38.869999,38.119999,38.759998,31.119570,3682500
2004-05-25,39.299999,39.930000,39.200001,39.799999,31.954592,5044600
2004-05-26,40.000000,40.200001,39.480000,39.779999,31.938528,6361500
2004-05-27,40.430000,40.500000,39.970001,40.169998,32.251640,4889100
2004-05-28,40.299999,40.299999,39.580002,39.709999,31.941961,4126100
2004-06-01,40.099998,40.349998,38.950001,39.060001,31.419115,4816700
2004-06-02,39.220001,39.220001,38.349998,38.820000,31.226065,4078700
2004-06-03,38.950001,39.029999,38.209999,38.480000,30.952578,4298600
2004-06-04,38.480000,39.720001,38.279999,39.410000,31.700628,4063300
2004-06-07,39.560001,40.099998,39.560001,39.970001,32.151100,2513100
2004-06-08,39.820000,39.919998,38.950001,39.490002,31.765001,2922300
2004-06-09,38.750000,38.759998,37.500000,37.509998,30.172318,6637200
2004-06-10,37.650002,38.480000,37.520000,37.939999,30.518198,3744600
2004-06-14,37.709999,37.790001,36.439999,36.779999,29.585112,4367500
2004-06-15,37.150002,38.000000,37.029999,37.970001,30.542343,4283200
2004-06-16,37.320000,38.119999,37.110001,37.990002,30.558426,4036800
2004-06-17,38.500000,39.000000,37.910000,38.549999,31.008881,4563200
2004-06-18,39.200001,39.770000,39.060001,39.119999,31.467384,6056300
2004-06-21,39.419998,39.450001,38.619999,39.000000,31.370853,3196200
2004-06-22,39.130001,39.279999,38.830002,39.070000,31.427155,3446300
2004-06-23,39.369999,39.369999,38.520000,38.840000,31.242149,3138200
2004-06-24,40.189999,40.189999,39.500000,39.700001,31.933912,5960300
2004-06-25,39.700001,39.990002,39.540001,39.799999,32.014359,2403100
2004-06-28,40.400002,40.660000,38.759998,38.810001,31.218025,5097500
2004-06-29,38.700001,38.700001,37.939999,38.080002,30.630819,4367900
2004-06-30,38.459999,39.000000,38.200001,38.759998,31.177803,3533500
2004-07-01,38.700001,38.950001,38.000000,38.110001,30.654953,3822500
2004-07-02,38.700001,39.250000,38.610001,39.160000,31.499557,3504200
2004-07-06,39.779999,39.919998,38.770000,39.389999,31.684565,6286900
2004-07-07,40.049999,41.290001,39.740002,41.119999,33.076134,9198200
2004-07-08,41.480000,42.150002,41.110001,42.040001,33.816154,7906900
2004-07-09,41.599998,42.349998,41.349998,42.340000,34.057484,4650900
2004-07-12,42.240002,42.250000,41.259998,41.490002,33.373760,5114800
2004-07-13,40.900002,41.389999,40.549999,41.299999,33.220928,3625500
2004-07-14,41.630001,42.240002,41.500000,41.790001,33.615074,4795300
2004-07-15,41.580002,42.150002,41.330002,41.900002,33.703560,3015700
2004-07-16,42.480000,42.700001,41.889999,42.259998,33.993134,3886100
2004-07-19,42.049999,42.200001,41.070000,41.439999,33.333546,3663800
2004-07-20,40.799999,41.500000,40.599998,41.400002,33.301353,4269000
2004-07-21,41.250000,41.389999,40.119999,40.200001,32.336090,4696300
2004-07-22,40.119999,40.700001,39.900002,40.480000,32.561340,4358700
2004-07-23,39.549999,40.040001,39.000000,39.000000,31.370853,5108800
2004-07-26,39.290001,39.299999,38.150002,38.380001,30.872149,4222800
2004-07-27,38.660000,39.139999,37.650002,38.950001,31.330622,5275300
2004-07-28,38.509998,39.939999,38.320000,39.400002,31.692596,5162200
2004-07-29,39.189999,39.900002,38.799999,39.549999,31.813248,4354100
2004-07-30,40.049999,40.750000,40.009998,40.470001,32.553291,4457000
2004-08-02,40.660000,40.939999,40.150002,40.419998,32.513065,2515100
2004-08-03,40.049999,41.150002,39.849998,40.369999,32.472847,3532600
2004-08-04,40.000000,40.009998,39.230000,39.330002,31.636295,3880800
2004-08-05,39.380001,39.740002,38.560001,38.599998,31.049089,3507500
2004-08-06,40.000000,40.830002,39.660000,40.639999,32.690041,6389500
2004-08-09,40.500000,40.950001,40.150002,40.709999,32.746346,3798600
2004-08-10,40.720001,41.570000,40.599998,40.820000,32.834812,4402500
2004-08-11,40.700001,40.709999,39.849998,40.279999,32.400444,3678800
2004-08-12,40.320000,40.650002,39.799999,40.189999,32.328056,3419300
2004-08-13,40.349998,40.980000,40.349998,40.919998,32.915264,3585500
2004-08-16,41.160000,41.990002,41.160000,41.990002,33.775936,3961600
2004-08-17,41.000000,42.259998,41.000000,41.880001,33.687466,3143300
2004-08-18,41.700001,42.389999,41.549999,42.270000,34.001167,3409300
2004-08-19,42.900002,44.250000,42.689999,44.029999,35.416882,7751500
2004-08-20,44.299999,44.740002,44.099998,44.380001,35.698425,6839400
2004-08-23,43.880001,43.990002,43.459999,43.770000,35.207748,3939800
2004-08-24,43.349998,43.759998,42.750000,42.849998,34.467716,5896200
2004-08-25,43.360001,44.090000,43.299999,44.040001,35.424931,3589300
2004-08-26,44.150002,44.200001,43.500000,43.869999,35.288181,2047200
2004-08-27,43.900002,44.070000,43.410000,43.959999,35.360561,2733300
2004-08-30,44.180000,44.770000,43.689999,43.709999,35.159477,4188700
2004-08-31,43.990002,44.450001,43.790001,44.389999,35.706467,3210600
2004-09-01,44.320000,44.840000,44.020000,44.790001,36.089199,3053500
2004-09-02,44.750000,44.750000,44.220001,44.490002,35.847462,2710600
2004-09-03,44.000000,44.000000,43.349998,43.660000,35.178711,2836200
2004-09-07,43.000000,43.500000,42.599998,43.419998,34.985325,3891600
2004-09-08,42.820000,43.480000,42.500000,43.049999,34.687187,4605000
2004-09-09,42.779999,43.259998,42.779999,43.099998,34.727478,2699200
2004-09-10,43.630001,43.849998,43.099998,43.299999,34.888634,3230000
2004-09-13,43.200001,43.720001,42.930000,43.400002,34.969200,3308200
2004-09-14,43.730000,44.240002,43.349998,44.139999,35.565449,3964700
2004-09-15,43.919998,43.950001,43.290001,43.290001,34.880573,3340100
2004-09-16,43.099998,43.299999,42.750000,42.779999,34.469643,3686100
2004-09-17,42.599998,42.740002,41.349998,41.549999,33.478580,7938500
2004-09-20,41.630001,42.200001,41.580002,41.720001,33.615551,4051700
2004-09-21,42.549999,42.980000,42.250000,42.889999,34.558277,5202500
2004-09-22,42.349998,42.889999,42.220001,42.220001,34.018436,5652200
2004-09-23,42.750000,43.049999,42.250000,42.349998,34.123169,4794900
2004-09-24,42.250000,42.730000,42.009998,42.340000,34.115124,3719800
2004-09-27,42.560001,43.099998,42.340000,42.599998,34.324612,4017500
2004-09-28,43.750000,44.340000,43.389999,44.290001,35.686321,6622000
2004-09-29,44.360001,44.799999,44.070000,44.279999,35.678265,5393700
2004-09-30,44.849998,46.110001,44.810001,45.529999,36.685444,6014300
2004-10-01,45.529999,45.529999,44.840000,45.040001,36.290615,3803400
2004-10-04,44.119999,44.950001,43.830002,44.639999,35.968330,5426700
2004-10-05,44.980000,46.000000,44.750000,45.790001,36.894920,4892300
2004-10-06,45.400002,46.259998,45.400002,46.099998,37.144711,4360000
2004-10-07,46.099998,46.259998,45.529999,45.599998,36.741852,3826800
2004-10-08,46.500000,46.939999,46.250000,46.250000,37.265568,5589000
2004-10-11,46.200001,46.259998,45.450001,45.840000,36.935226,3332000
2004-10-12,44.990002,45.040001,44.380001,44.500000,35.855522,4753700
2004-10-13,43.900002,44.169998,43.110001,43.970001,35.428467,8480500
2004-10-14,44.270000,44.419998,43.740002,44.130001,35.557407,4082500
2004-10-15,44.799999,45.270000,44.580002,44.779999,36.081135,5279300
2004-10-18,45.299999,45.320000,44.200001,44.750000,36.056961,5181600
2004-10-19,45.099998,45.389999,44.790001,44.790001,36.089199,3663600
2004-10-20,45.740002,46.480000,45.740002,46.200001,37.225288,6131300
2004-10-21,46.000000,46.740002,45.849998,46.410000,37.394489,4876500
2004-10-22,46.599998,46.740002,45.750000,46.119999,37.160828,3907000
2004-10-25,46.680000,47.750000,46.650002,47.660000,38.401672,6802300
2004-10-26,47.560001,47.790001,47.029999,47.790001,38.506397,5534300
2004-10-27,47.900002,48.080002,46.509998,46.799999,37.708729,6008000
2004-10-28,46.610001,47.570000,46.200001,46.540001,37.499237,4631500
2004-10-29,47.000000,47.709999,46.430000,47.520000,38.288860,4268400
2004-11-01,47.520000,47.799999,46.599998,46.820000,37.724838,4959600
2004-11-02,46.490002,46.490002,45.060001,45.810001,36.911041,6938200
2004-11-03,46.700001,47.080002,46.400002,47.000000,37.869877,4356000
2004-11-04,48.450001,48.540001,47.529999,47.939999,38.627285,5990700
2004-11-05,47.400002,49.099998,47.360001,49.049999,39.521633,5984100
2004-11-08,49.000000,49.360001,48.500000,48.980000,39.465248,5065800
2004-11-09,48.560001,49.590000,48.560001,49.020000,39.497471,5581400
2004-11-10,48.980000,49.000000,47.880001,48.349998,38.957626,6693100
2004-11-11,48.450001,48.790001,48.150002,48.590000,39.150993,3700300
2004-11-12,48.849998,49.660000,48.290001,49.650002,40.005081,5767000
2004-11-15,49.650002,49.750000,48.709999,48.880001,39.384674,4390100
2004-11-16,48.930000,49.709999,48.930000,49.200001,39.642506,5995400
2004-11-17,49.950001,49.980000,49.540001,49.549999,39.924522,5418700
2004-11-18,49.250000,49.560001,48.320000,48.630001,39.183239,6307500
2004-11-19,48.980000,49.490002,48.720001,49.169998,39.618332,6537200
2004-11-22,49.020000,49.490002,48.869999,49.389999,39.795586,4409000
2004-11-23,49.389999,49.389999,48.320000,48.349998,38.957626,5369400
2004-11-24,48.549999,48.750000,47.779999,47.869999,38.570877,5482800
2004-11-26,47.880001,49.279999,47.700001,48.990002,39.473297,3215900
2004-11-29,48.889999,49.680000,48.750000,49.209999,39.731670,5493300
2004-11-30,48.549999,48.810001,47.299999,47.349998,38.229923,8798200
2004-12-01,47.580002,47.990002,47.169998,47.169998,38.084595,5666900
2004-12-02,47.000000,47.439999,45.299999,45.869999,37.034981,8203100
2004-12-03,45.500000,47.250000,45.130001,46.380001,37.446762,7537600
2004-12-06,45.959999,46.340000,45.500000,45.950001,37.099594,4811000
2004-12-07,45.869999,46.180000,45.299999,45.310001,36.582848,5103400
2004-12-08,43.000000,44.849998,43.000000,44.759998,36.138790,10418800
2004-12-09,44.419998,45.110001,44.180000,44.950001,36.292183,4918400
2004-12-10,44.509998,45.279999,44.439999,44.580002,35.993462,4045600
2004-12-13,44.779999,45.549999,44.770000,45.549999,36.776615,4699500
2004-12-14,45.450001,45.709999,44.860001,45.669998,36.873501,6104300
2004-12-15,46.080002,46.400002,45.720001,45.750000,36.938087,4789000
2004-12-16,45.500000,45.689999,44.439999,44.820000,36.187241,7070800
2004-12-17,44.599998,45.169998,44.599998,44.650002,36.049965,5383800
2004-12-20,45.150002,45.439999,44.799999,44.910000,36.259895,3080200
2004-12-21,45.549999,45.869999,45.200001,45.450001,36.695873,4994500
2004-12-22,45.480000,45.480000,44.389999,44.730000,36.114552,4332200
2004-12-23,44.900002,45.310001,44.810001,44.970001,36.308342,2157900
2004-12-27,45.099998,45.380001,44.889999,45.040001,36.364845,2796100
2004-12-28,45.009998,45.180000,44.320000,44.689999,36.082256,2589000
2004-12-29,44.000000,44.450001,43.770000,44.430000,35.872345,3528800
2004-12-30,44.430000,44.900002,44.360001,44.540001,35.961147,3360800
2004-12-31,44.549999,44.799999,44.349998,44.410000,35.856194,2324500
2005-01-03,43.799999,43.799999,42.220001,42.360001,34.201057,9100300
2005-01-04,42.400002,42.689999,41.439999,41.570000,33.563198,10778000
2005-01-05,42.000000,42.459999,41.610001,41.669998,33.643944,5133400
2005-01-06,41.650002,42.290001,41.259998,41.599998,33.587433,4993800
2005-01-07,41.959999,42.439999,41.380001,41.500000,33.506687,5804200
2005-01-10,41.830002,42.119999,41.369999,41.660000,33.635876,5224900
2005-01-11,41.939999,42.549999,41.849998,42.439999,34.265640,5719700
2005-01-12,43.000000,43.150002,42.549999,42.770000,34.532074,5967800
2005-01-13,42.770000,42.770000,42.160000,42.290001,34.144531,4032900
2005-01-14,41.900002,42.220001,41.779999,41.869999,33.805424,3095200
2005-01-18,41.799999,42.509998,41.599998,42.459999,34.281788,4213900
2005-01-19,42.810001,42.939999,41.849998,42.320000,34.168770,4150100
2005-01-20,42.080002,42.400002,41.759998,41.759998,33.716614,3809400
2005-01-21,41.900002,42.830002,41.900002,42.500000,34.314095,5635200
2005-01-24,42.750000,42.930000,42.139999,42.200001,34.071880,4074900
2005-01-25,42.209999,42.209999,41.610001,41.619999,33.603584,4056700
2005-01-26,42.000000,42.310001,41.939999,42.040001,33.942684,2829500
2005-01-27,41.790001,42.419998,41.709999,42.099998,33.991127,3468500
2005-01-28,42.259998,42.400002,41.680000,42.000000,33.910397,3263600
2005-01-31,42.000000,42.000000,41.369999,41.590000,33.579361,4176500
2005-02-01,41.470001,41.730000,41.180000,41.439999,33.458252,3768500
2005-02-02,41.480000,41.779999,41.080002,41.560001,33.555145,3170600
2005-02-03,40.650002,41.130001,40.599998,40.880001,33.006111,4975800
2005-02-04,40.889999,41.389999,40.549999,41.380001,33.409809,4653700
2005-02-07,41.599998,41.740002,40.270000,40.540001,32.731594,7101300
2005-02-08,40.180000,40.680000,40.139999,40.400002,32.618568,6656800
2005-02-09,40.270000,40.639999,40.070000,40.500000,32.699306,6628900
2005-02-10,40.770000,41.520000,40.689999,41.389999,33.417885,7466300
2005-02-11,41.880001,42.230000,41.520000,42.130001,34.015362,6090100
2005-02-14,42.599998,42.700001,42.180000,42.200001,34.071880,4589800
2005-02-15,42.200001,42.599998,41.950001,42.340000,34.184891,4148400
2005-02-16,42.200001,42.790001,41.869999,42.540001,34.346367,5082200
2005-02-17,42.730000,42.799999,42.299999,42.630001,34.419033,4568000
2005-02-18,42.669998,42.779999,42.419998,42.470001,34.289871,3025300
2005-02-22,43.849998,44.500000,43.299999,44.500000,35.928860,8813700
2005-02-23,44.000000,44.830002,43.639999,44.730000,36.114552,5968000
2005-02-24,44.820000,45.000000,44.139999,44.700001,36.090343,4331100
2005-02-25,44.799999,45.240002,44.529999,44.820000,36.187241,3572300
2005-02-28,45.020000,45.250000,44.759998,45.000000,36.332554,4455400
2005-03-01,44.520000,44.580002,43.880001,44.049999,35.644753,4381900
2005-03-02,43.900002,44.180000,43.389999,44.099998,35.685207,5171200
2005-03-03,44.000000,44.000000,43.400002,43.480000,35.183506,3593300
2005-03-04,43.950001,44.869999,43.950001,44.630001,36.114063,4388200
2005-03-07,44.750000,44.980000,44.389999,44.490002,36.000809,2944200
2005-03-08,44.930000,46.310001,44.910000,45.860001,37.109379,6237800
2005-03-09,46.000000,46.639999,45.900002,46.240002,37.416874,6011900
2005-03-10,46.299999,46.459999,45.330002,45.740002,37.012280,4827100
2005-03-11,45.770000,46.599998,45.480000,45.680000,36.963730,3524600
2005-03-14,45.340000,45.349998,44.560001,45.290001,36.648151,4045200
2005-03-15,45.500000,45.610001,45.009998,45.119999,36.510582,2816000
2005-03-16,45.430000,45.779999,44.730000,44.939999,36.364929,4115600
2005-03-17,44.419998,44.889999,44.070000,44.639999,36.122166,3805800
2005-03-18,44.610001,44.799999,44.270000,44.759998,36.219276,4037100
2005-03-21,43.720001,43.860001,43.410000,43.520000,35.215878,3920600
2005-03-22,43.639999,44.130001,42.700001,42.709999,34.560436,5009000
2005-03-23,42.799999,43.099998,41.860001,41.860001,33.872620,6460200
2005-03-24,42.189999,42.389999,41.680000,41.790001,33.815987,3502900
2005-03-28,41.700001,42.299999,41.680000,41.700001,33.743168,4968300
2005-03-29,41.630001,42.110001,41.410000,41.480000,33.565128,5190900
2005-03-30,41.630001,42.529999,41.610001,42.410000,34.317680,4390800
2005-03-31,42.849998,42.990002,42.240002,42.250000,34.188206,4632800
2005-04-01,42.000000,42.599998,41.610001,42.450001,34.350052,4348000
2005-04-04,42.220001,42.259998,41.529999,41.820000,33.840263,3530500
2005-04-05,41.910000,42.340000,41.660000,41.770000,33.799805,2395000
2005-04-06,42.040001,42.419998,41.750000,42.160000,34.115383,2486400
2005-04-07,42.230000,42.549999,41.980000,42.220001,34.163937,2113200
2005-04-08,42.090000,42.450001,41.759998,41.980000,33.969730,2448500
2005-04-11,42.290001,42.360001,41.740002,41.849998,33.864525,2661300
2005-04-12,41.799999,41.939999,41.080002,41.810001,33.832180,4234500
2005-04-13,41.840000,42.080002,41.250000,41.439999,33.532768,3389200
2005-04-14,40.900002,41.020000,39.799999,40.209999,32.537476,6742000
2005-04-15,40.180000,40.759998,39.599998,39.770000,32.181419,4821500
2005-04-18,40.000000,40.990002,39.799999,40.849998,33.055355,4665300
2005-04-19,40.990002,42.000000,40.820000,41.849998,33.864525,4566600
2005-04-20,41.700001,42.110001,41.000000,41.220001,33.354729,4601700
2005-04-21,41.240002,41.459999,40.599998,40.770000,32.990612,4205600
2005-04-22,41.020000,41.299999,40.340000,40.730000,32.958241,4261000
2005-04-25,40.700001,40.930000,40.189999,40.919998,33.111988,3192000
2005-04-26,41.619999,41.630001,40.230000,40.250000,32.569847,4155400
2005-04-27,38.500000,39.000000,37.099998,37.700001,30.506388,14014800
2005-04-28,37.349998,37.400002,36.270000,36.830002,29.802408,9457100
2005-04-29,37.049999,38.230000,37.049999,37.970001,30.724888,8445800
2005-05-02,37.849998,37.889999,37.360001,37.720001,30.522583,3638600
2005-05-03,37.580002,38.189999,37.450001,38.119999,30.846264,4707500
2005-05-04,38.540001,38.889999,38.290001,38.860001,31.445068,4641900
2005-05-05,38.860001,38.869999,38.270000,38.470001,31.129467,3193100
2005-05-06,38.200001,38.250000,37.660000,38.119999,30.846264,3434800
2005-05-09,38.119999,38.340000,37.880001,38.290001,30.983826,2179400
2005-05-10,38.320000,38.500000,37.410000,37.529999,30.368830,3375300
2005-05-11,37.529999,37.709999,36.900002,37.180000,30.085619,4376900
2005-05-12,37.000000,37.009998,35.959999,36.090000,29.203602,5519400
2005-05-13,36.000000,36.410000,35.049999,35.310001,28.572445,7122000
2005-05-16,35.150002,35.759998,34.900002,35.099998,28.402512,7032700
2005-05-17,35.240002,35.650002,35.220001,35.509998,28.734268,6364200
2005-05-18,35.840000,36.470001,35.599998,36.099998,29.211704,4694100
2005-05-19,35.990002,36.180000,35.529999,35.990002,29.122692,4363800
2005-05-20,35.779999,35.790001,35.290001,35.430000,28.669535,4039100
2005-05-23,35.419998,36.720001,35.290001,35.910000,29.057959,5026200
2005-05-24,36.240002,36.910000,36.200001,36.770000,29.753853,4992500
2005-05-25,36.980000,37.020000,36.320000,36.689999,29.689114,3946600
2005-05-26,36.689999,36.840000,36.490002,36.500000,29.535376,2549200
2005-05-27,36.680000,37.700001,36.610001,37.590000,30.500944,4320700
2005-05-31,36.840000,37.490002,36.599998,37.240002,30.216961,6043700
2005-06-01,37.299999,37.980000,37.040001,37.759998,30.638887,5473700
2005-06-02,38.240002,38.849998,37.590000,37.650002,30.549637,6947800
2005-06-03,38.040001,38.500000,37.849998,38.049999,30.874218,5032700
2005-06-06,38.549999,38.599998,37.580002,37.610001,30.517183,4513800
2005-06-07,37.619999,37.619999,36.880001,36.880001,29.924849,4465900
2005-06-08,36.990002,37.389999,36.619999,36.750000,29.819366,3892500
2005-06-09,36.750000,36.919998,36.380001,36.869999,29.916729,4448600
2005-06-10,36.939999,38.240002,36.669998,38.070000,30.890434,6204100
2005-06-13,38.250000,38.799999,38.020000,38.529999,31.263674,7598600
2005-06-14,38.540001,38.540001,37.680000,38.080002,30.898540,4360400
2005-06-15,38.099998,38.650002,38.099998,38.389999,31.150082,3802600
2005-06-16,39.130001,39.849998,38.930000,39.720001,32.229259,6148900
2005-06-17,40.330002,40.330002,39.730000,39.990002,32.448357,5953500
2005-06-20,40.150002,40.209999,39.270000,39.340000,31.920927,3867200
2005-06-21,39.150002,39.799999,38.770000,39.520000,32.067001,4110100
2005-06-22,39.529999,39.590000,39.150002,39.490002,32.042637,2445000
2005-06-23,39.490002,40.340000,39.439999,39.509998,32.058868,4077300
2005-06-24,39.650002,40.299999,39.150002,39.709999,32.221149,4886700
2005-06-27,39.700001,39.709999,39.070000,39.080002,31.709965,3346400
2005-06-28,38.830002,38.889999,38.369999,38.619999,31.336706,3694500
2005-06-29,38.590000,39.860001,38.580002,39.730000,32.237373,3977300
2005-06-30,39.720001,39.860001,38.900002,39.029999,31.669374,3663200
2005-07-01,38.950001,39.250000,37.990002,38.930000,31.588253,4032400
2005-07-05,38.500000,38.580002,37.959999,38.020000,30.849859,4758600
2005-07-06,38.200001,38.810001,38.180000,38.250000,31.036495,3678500
2005-07-07,38.509998,38.750000,37.830002,38.110001,30.922890,4462900
2005-07-08,38.200001,38.680000,37.980000,38.049999,30.874218,3551300
2005-07-11,38.250000,38.919998,38.049999,38.660000,31.369162,3934900
2005-07-12,38.980000,39.080002,38.369999,38.459999,31.206890,3784000
2005-07-13,38.349998,38.410000,37.990002,38.040001,30.866104,3575700
2005-07-14,38.189999,38.349998,37.310001,37.369999,30.322437,4926800
2005-07-15,37.299999,37.369999,36.860001,36.860001,29.908619,5659700
2005-07-18,36.860001,37.279999,36.770000,36.880001,29.924849,3418000
2005-07-19,36.889999,37.419998,36.549999,37.189999,30.176395,2784800
2005-07-20,37.529999,38.139999,37.340000,37.419998,30.363012,5433800
2005-07-21,37.860001,38.730000,37.860001,38.340000,31.109499,5653100
2005-07-22,38.389999,38.770000,38.189999,38.430000,31.182533,2743700
2005-07-25,38.540001,38.570000,37.810001,37.939999,30.784945,3597200
2005-07-26,37.840000,37.849998,37.230000,37.400002,30.346775,3454000
2005-07-27,37.810001,38.130001,37.650002,37.869999,30.728153,4080200
2005-07-28,38.080002,38.200001,37.860001,37.950001,30.793058,3644600
2005-07-29,38.049999,38.430000,37.520000,37.549999,30.468502,4419700
2005-08-01,37.910000,38.060001,37.430000,37.590000,30.500944,3421000
2005-08-02,37.650002,38.680000,37.650002,38.139999,30.947224,4015500
2005-08-03,38.650002,40.270000,38.650002,40.169998,32.594387,8079000
2005-08-04,40.299999,40.599998,39.500000,39.580002,32.115658,5986000
2005-08-05,39.750000,39.849998,38.880001,39.189999,31.799219,3638900
2005-08-08,39.160000,39.900002,38.869999,38.959999,31.612583,3461000
2005-08-09,38.939999,39.529999,38.680000,39.250000,31.847897,3567700
2005-08-10,39.750000,40.049999,39.549999,39.849998,32.334732,4132600
2005-08-11,40.299999,41.470001,40.279999,41.349998,33.551861,7560500
2005-08-12,41.450001,41.639999,40.910000,41.470001,33.649227,5918800
2005-08-15,41.189999,41.189999,40.660000,41.060001,33.316563,3839300
2005-08-16,41.060001,41.689999,40.799999,40.849998,33.146168,4258300
2005-08-17,40.750000,40.750000,39.919998,39.930000,32.399643,5927200
2005-08-18,40.230000,40.639999,39.910000,40.130001,32.561943,3290800
2005-08-19,40.180000,40.450001,40.009998,40.320000,32.716095,2968700
2005-08-22,40.549999,41.049999,39.970001,40.169998,32.594387,3771500
2005-08-23,40.160000,40.689999,39.980000,40.000000,32.456455,3045100
2005-08-24,40.250000,40.459999,38.959999,39.049999,31.685604,5306800
2005-08-25,39.299999,39.740002,39.189999,39.230000,31.831654,2762700
2005-08-26,39.400002,39.549999,39.180000,39.180000,31.791094,2186100
2005-08-29,39.279999,39.669998,39.220001,39.290001,31.880358,2679300
2005-08-30,38.720001,39.320000,38.400002,38.869999,31.539558,4496300
2005-08-31,38.910000,39.580002,38.700001,39.580002,32.115658,3294500
2005-09-01,40.250000,40.980000,40.200001,40.930000,33.211067,5806200
2005-09-02,41.150002,41.150002,40.520000,40.709999,33.113461,3621600
2005-09-06,41.000000,41.000000,40.209999,40.410000,32.869438,3065500
2005-09-07,40.430000,40.680000,40.330002,40.470001,32.918236,2455500
2005-09-08,40.830002,41.650002,40.830002,41.000000,33.349354,5166300
2005-09-09,41.500000,42.570000,41.369999,42.439999,34.520634,7748400
2005-09-12,42.189999,42.419998,41.930000,42.320000,34.423046,5148300
2005-09-13,42.320000,42.320000,41.660000,41.740002,33.951263,4617500
2005-09-14,42.180000,44.049999,42.180000,43.939999,35.740746,10622100
2005-09-15,44.500000,45.189999,44.209999,44.990002,36.594814,11704100
2005-09-16,45.700001,46.209999,45.200001,46.209999,37.587135,13085100
2005-09-19,47.000000,47.250000,45.700001,46.110001,37.505814,12709900
2005-09-20,46.029999,46.580002,44.720001,44.810001,36.448406,6560100
2005-09-21,45.369999,46.320000,45.250000,46.230000,37.603424,6282700
2005-09-22,46.299999,46.299999,45.049999,46.200001,37.579010,8128600
2005-09-23,45.900002,45.910000,45.139999,45.630001,37.115379,5711800
2005-09-26,45.639999,47.230000,44.849998,46.680000,37.969460,8227900
2005-09-27,46.200001,46.509998,45.400002,46.330002,37.684757,5682600
2005-09-28,46.580002,47.700001,46.000000,47.540001,38.668957,6606400
2005-09-29,47.549999,48.080002,47.180000,48.049999,39.083801,8028600
2005-09-30,48.049999,48.200001,47.020000,47.169998,38.368015,5515800
2005-10-03,46.520000,47.099998,46.020000,47.009998,38.237865,4685000
2005-10-04,47.000000,47.250000,46.099998,46.200001,37.579010,4847700
2005-10-05,46.200001,46.209999,44.990002,45.040001,36.635479,6269800
2005-10-06,45.419998,47.020000,45.349998,46.910000,38.156532,7526400
2005-10-07,46.709999,47.630001,46.380001,47.520000,38.652699,6735900
2005-10-10,47.639999,47.900002,46.880001,47.299999,38.473763,3796600
2005-10-11,47.200001,47.639999,46.730000,47.070000,38.286674,4858700
2005-10-12,47.160000,47.500000,45.689999,46.029999,37.440731,5775800
2005-10-13,45.250000,45.619999,44.349998,45.549999,37.050320,7546500
2005-10-14,44.849998,45.360001,44.020000,44.980000,36.586670,6163900
2005-10-17,45.980000,46.380001,45.799999,45.820000,37.269928,4199400
2005-10-18,45.389999,45.930000,44.650002,44.840000,36.472805,4408400
2005-10-19,44.099998,44.139999,43.000000,44.110001,35.879017,6257500
2005-10-20,43.570000,44.650002,42.750000,43.279999,35.203888,7121700
2005-10-21,43.400002,44.400002,43.099998,43.860001,35.675671,7524500
2005-10-24,43.509998,45.209999,43.500000,44.990002,36.594814,5607400
2005-10-25,45.619999,46.930000,45.509998,45.660000,37.139782,6250800
2005-10-26,45.459999,46.389999,43.919998,44.090000,35.862747,6002900
2005-10-27,44.849998,45.200001,43.709999,43.950001,35.748875,4193900
2005-10-28,43.700001,44.270000,43.060001,44.130001,35.895290,4606800
2005-10-31,44.139999,44.139999,42.580002,42.599998,34.650772,7682700
2005-11-01,42.730000,43.119999,42.310001,42.529999,34.593842,5556800
2005-11-02,42.799999,43.490002,42.799999,43.169998,35.114414,4590900
2005-11-03,43.169998,43.340000,42.349998,42.509998,34.577579,4676100
2005-11-04,43.000000,43.060001,42.080002,42.580002,34.634525,4343300
2005-11-07,42.849998,43.330002,42.490002,43.009998,34.984272,3941900
2005-11-08,43.189999,43.480000,42.669998,42.700001,34.732132,3418300
2005-11-09,43.099998,44.180000,42.709999,44.130001,35.895290,4930100
2005-11-10,44.490002,44.599998,43.240002,43.520000,35.399113,4452300
2005-11-11,43.700001,44.349998,43.150002,44.310001,36.041691,3593100
2005-11-14,44.139999,44.320000,43.619999,43.669998,35.521114,4011000
2005-11-15,43.900002,44.180000,42.970001,43.040001,35.008675,3600000
2005-11-16,44.080002,46.099998,44.080002,46.049999,37.457001,11175900
2005-11-17,46.849998,47.119999,46.330002,46.860001,38.115871,7956900
2005-11-18,47.099998,47.130001,45.840000,46.330002,37.684757,5027600
2005-11-21,46.900002,47.439999,46.450001,47.200001,38.392426,6821900
2005-11-22,47.320000,47.740002,46.529999,47.220001,38.408699,7141200
2005-11-23,46.380001,46.810001,46.090000,46.349998,37.701027,4590300
2005-11-25,47.090000,47.200001,46.849998,47.060001,38.278545,2543600
2005-11-28,47.480000,48.000000,47.070000,47.680000,38.782845,7677800
2005-11-29,47.669998,47.790001,47.160000,47.320000,38.570923,5045500
2005-11-30,47.000000,47.000000,46.090000,46.119999,37.592785,5623700
2005-12-01,46.849998,47.750000,46.700001,47.270000,38.530170,7540700
2005-12-02,47.189999,47.360001,46.220001,46.480000,37.886227,6582400
2005-12-05,46.779999,47.139999,46.220001,46.840000,38.179661,5390200
2005-12-06,46.700001,48.810001,46.299999,48.750000,39.736530,9419500
2005-12-07,49.500000,50.549999,49.259998,49.590000,40.421230,12939900
2005-12-08,49.580002,50.470001,49.520000,50.279999,40.983624,7537000
2005-12-09,50.740002,51.270000,49.480000,49.660000,40.478271,12210000
2005-12-12,50.889999,52.490002,50.099998,50.400002,41.081467,20448600
2005-12-13,50.000000,50.880001,49.509998,50.580002,41.228168,8162700
2005-12-14,49.900002,50.330002,49.270000,49.509998,40.355999,9357600
2005-12-15,49.840000,50.459999,49.720001,49.990002,40.747261,5693800
2005-12-16,50.290001,50.880001,50.209999,50.500000,41.162964,7580200
2005-12-19,51.009998,51.450001,49.980000,50.150002,40.877682,5806400
2005-12-20,50.650002,50.730000,48.880001,49.200001,40.103329,7364900
2005-12-21,49.099998,50.450001,48.889999,50.450001,41.122208,5901000
2005-12-22,51.250000,52.090000,50.880001,51.959999,42.353016,10307100
2005-12-23,51.700001,52.540001,51.700001,51.939999,42.336712,4743700
2005-12-27,52.799999,53.000000,51.540001,51.590000,42.051437,4921300
2005-12-28,52.400002,53.459999,52.369999,53.400002,43.526783,6667300
2005-12-29,53.020000,53.750000,52.700001,53.689999,43.763145,4685100
2005-12-30,53.400002,53.930000,53.220001,53.400002,43.526783,4372800
2006-01-03,54.099998,57.169998,54.099998,57.139999,46.575283,11426500
2006-01-04,56.799999,58.110001,56.669998,58.040001,47.308876,10219300
2006-01-05,57.250000,57.259998,56.099998,56.660000,46.184040,8449700
2006-01-06,57.500000,58.400002,57.360001,57.700001,47.031746,7004000
2006-01-09,57.660000,58.950001,57.259998,58.509998,47.691982,8603900
2006-01-10,57.970001,58.759998,57.410000,58.250000,47.480045,7289600
2006-01-11,58.480000,59.220001,58.040001,58.490002,47.675678,6083900
2006-01-12,58.209999,58.980000,57.849998,57.959999,47.243675,5404100
2006-01-13,58.470001,59.869999,58.049999,59.869999,48.800522,6446400
2006-01-17,59.400002,60.340000,58.849998,59.090000,48.164749,8460600
2006-01-18,58.459999,58.799999,57.240002,57.480000,46.852421,8118000
2006-01-19,58.200001,58.490002,56.880001,58.049999,47.317028,10667500
2006-01-20,58.570000,58.790001,56.389999,56.590000,46.126976,9515400
2006-01-23,56.950001,57.209999,55.549999,57.209999,46.632343,7710900
2006-01-24,56.459999,57.180000,55.779999,56.970001,46.436729,6682400
2006-01-25,58.310001,58.540001,57.310001,58.099998,47.357784,6951100
2006-01-26,57.639999,58.820000,57.110001,58.740002,47.879456,6939200
2006-01-27,58.740002,59.700001,58.180000,59.200001,48.254398,6782300
2006-01-30,59.549999,61.080002,59.360001,60.910000,49.648235,6836100
2006-01-31,61.230000,62.720001,61.099998,61.799999,50.373684,10325400
2006-02-01,61.709999,62.259998,60.450001,61.950001,50.495956,6186500
2006-02-02,62.430000,62.549999,60.560001,61.209999,49.892773,6547400
2006-02-03,60.779999,61.590000,59.189999,59.619999,48.596748,6093500
2006-02-06,59.779999,60.980000,59.770000,60.480000,49.297741,4705300
2006-02-07,59.209999,59.400002,56.150002,56.270000,45.866138,10835400
2006-02-08,56.419998,56.900002,55.200001,55.700001,45.401524,8648100
2006-02-09,57.189999,57.619999,56.279999,56.529999,46.078064,8028000
2006-02-10,56.180000,56.180000,54.439999,54.799999,44.667927,7644200
2006-02-13,54.500000,55.259998,53.209999,54.090000,44.089195,7434400
2006-02-14,54.450001,55.590000,53.880001,55.160000,44.961361,6887000
2006-02-15,54.919998,56.360001,54.139999,54.820000,44.684227,7621000
2006-02-16,54.419998,56.459999,54.410000,56.200001,45.809078,6830900
2006-02-17,56.750000,57.360001,55.849998,56.209999,45.817230,6334800
2006-02-21,56.470001,57.560001,56.389999,56.830002,46.322609,5697200
2006-02-22,56.750000,57.689999,56.099998,57.480000,46.852421,4857500
2006-02-23,57.520000,57.750000,56.549999,56.560001,46.102531,6142900
2006-02-24,57.220001,58.139999,56.889999,58.099998,47.357784,4833000
2006-02-27,56.900002,57.439999,54.419998,54.779999,44.651638,9042700
2006-02-28,54.779999,54.779999,52.349998,52.919998,43.135529,12501900
2006-03-01,53.279999,53.849998,52.619999,52.970001,43.176300,6922200
2006-03-02,52.970001,54.869999,52.630001,54.150002,44.138115,9390000
2006-03-03,53.900002,54.250000,53.060001,53.270000,43.420811,4858100
2006-03-06,53.009998,53.020000,50.200001,50.830002,41.509869,11350900
2006-03-07,50.860001,51.150002,49.200001,49.820000,40.685074,9966500
2006-03-08,48.900002,49.820000,48.130001,49.570000,40.480907,12366400
2006-03-09,50.070000,50.500000,47.669998,47.790001,39.027283,9143500
2006-03-10,47.119999,48.669998,46.599998,48.610001,39.696926,10798100
2006-03-13,49.049999,49.150002,47.720001,48.779999,39.835758,6653800
2006-03-14,48.599998,50.029999,48.599998,49.680000,40.570717,7168900
2006-03-15,50.389999,50.389999,49.560001,50.099998,40.913734,7032800
2006-03-16,50.150002,50.650002,49.660000,50.000000,40.832062,5945600
2006-03-17,50.000000,50.290001,49.520000,49.860001,40.717731,6455600
2006-03-20,49.730000,50.099998,49.119999,49.220001,40.195091,4887300
2006-03-21,48.599998,49.150002,47.750000,48.169998,39.337620,7587700
2006-03-22,48.000000,49.000000,48.000000,48.099998,39.280441,4220400
2006-03-23,48.110001,49.299999,47.709999,49.240002,40.211418,5687300
2006-03-24,49.500000,50.820000,49.259998,49.459999,40.391071,8166000
2006-03-27,50.000000,51.490002,49.889999,50.520000,41.256718,9328100
2006-03-28,51.169998,51.250000,49.869999,50.029999,40.856567,7249300
2006-03-29,50.150002,51.490002,50.060001,51.490002,42.048859,5357900
2006-03-30,52.720001,54.250000,52.720001,52.930000,43.224838,10131100
2006-03-31,52.500000,52.950001,51.610001,51.889999,42.375507,6899800
2006-04-03,52.310001,52.919998,51.020000,51.130001,41.754875,6761100
2006-04-04,51.090000,51.840000,50.639999,51.750000,42.261177,5324100
2006-04-05,52.290001,53.540001,51.740002,53.230000,43.469810,6805800
2006-04-06,53.939999,54.480000,53.080002,54.049999,44.139469,8289300
2006-04-07,53.480000,53.700001,52.380001,52.740002,43.069656,7673300
2006-04-10,54.150002,54.349998,52.759998,52.900002,43.200325,7201900
2006-04-11,53.189999,53.799999,51.389999,51.459999,42.024372,7528600
2006-04-12,51.799999,53.230000,51.799999,52.950001,43.241165,6207000
2006-04-13,52.869999,53.349998,51.889999,52.869999,43.175816,5589100
2006-04-17,54.470001,56.080002,54.150002,56.070000,45.789089,10204000
2006-04-18,56.150002,57.349998,55.799999,56.910000,46.475040,9141400
2006-04-19,57.020000,58.720001,56.330002,58.430000,47.716354,9218500
2006-04-20,58.150002,58.160000,55.209999,55.419998,45.258259,12278600
2006-04-21,56.630001,57.720001,55.759998,57.549999,46.997723,9271900
2006-04-24,57.549999,57.549999,56.310001,56.669998,46.279068,5969400
2006-04-25,57.450001,58.200001,56.660000,56.900002,46.466888,5541400
2006-04-26,57.150002,58.369999,57.049999,58.110001,47.455029,5766500
2006-04-27,57.200001,58.490002,56.560001,56.720001,46.319893,8702700
2006-04-28,57.250000,58.930000,57.250000,58.360001,47.659180,8334600
2006-05-01,59.220001,59.330002,57.860001,57.950001,47.324364,6004600
2006-05-02,58.009998,58.470001,55.820000,57.680000,47.103863,9690000
2006-05-03,58.029999,58.250000,55.000000,56.080002,45.797241,11945800
2006-05-04,56.330002,56.950001,55.619999,56.639999,46.254559,7208100
2006-05-05,56.650002,56.950001,55.549999,56.430000,46.083069,6911600
2006-05-08,56.099998,56.240002,54.779999,55.730000,45.511406,4949400
2006-05-09,57.259998,58.220001,56.439999,57.930000,47.308025,7766500
2006-05-10,57.750000,58.759998,57.480000,58.299999,47.610184,9248200
2006-05-11,59.189999,59.700001,58.000000,58.130001,47.471367,11629200
2006-05-12,58.189999,58.750000,55.869999,56.310001,45.985077,10332200
2006-05-15,54.130001,55.130001,53.500000,54.310001,44.351791,11108700
2006-05-16,54.840000,55.090000,52.709999,53.480000,43.673985,8982000
2006-05-17,53.799999,54.500000,51.720001,52.009998,42.473507,11296300
2006-05-18,52.259998,52.730000,50.849998,50.970001,41.624207,7216700
2006-05-19,50.959999,51.220001,49.340000,51.070000,41.705868,11155400
2006-05-22,49.820000,51.000000,48.849998,50.840000,41.518055,11437000
2006-05-23,51.490002,52.939999,50.950001,51.169998,41.787529,10229200
2006-05-24,50.320000,50.830002,48.389999,49.529999,40.448235,11492200
2006-05-25,50.650002,52.080002,49.830002,52.080002,42.530678,7669000
2006-05-26,52.250000,52.669998,51.689999,52.299999,42.710327,6138900
2006-05-30,52.900002,53.369999,51.349998,51.400002,41.975353,6651700
2006-05-31,52.279999,52.889999,51.560001,52.150002,42.587837,6744500
2006-06-01,51.009998,52.020000,50.139999,51.669998,42.195854,9208900
2006-06-02,52.490002,53.540001,51.990002,53.299999,43.526981,7543300
2006-06-05,54.150002,54.799999,52.419998,52.580002,42.939003,7744400
2006-06-06,51.950001,52.169998,51.029999,51.380001,42.038982,8364200
2006-06-07,50.619999,51.919998,50.310001,50.340000,41.188053,9238700
2006-06-08,49.799999,49.990002,47.930000,49.770000,40.721687,11007800
2006-06-09,50.299999,50.810001,49.099998,49.310001,40.345299,7028800
2006-06-12,49.490002,50.240002,48.450001,48.520000,39.698933,6239700
2006-06-13,47.650002,48.770000,47.340000,47.720001,39.044380,12440000
2006-06-14,47.959999,49.750000,47.810001,48.590000,39.756214,10482000
2006-06-15,49.660000,50.759998,49.560001,50.509998,41.327145,7958400
2006-06-16,50.259998,50.450001,49.709999,50.060001,40.958977,6848400
2006-06-19,49.639999,50.240002,48.799999,49.160000,40.222569,7333100
2006-06-20,49.240002,50.200001,49.060001,49.500000,40.500763,5769800
2006-06-21,49.419998,50.939999,49.419998,50.520000,41.335331,6687600
2006-06-22,50.349998,50.360001,49.500000,49.509998,40.508949,5881700
2006-06-23,49.189999,50.200001,49.020000,49.880001,40.811687,4615700
2006-06-26,50.349998,50.450001,49.799999,50.340000,41.188053,3523700
2006-06-27,50.520000,51.150002,49.180000,49.310001,40.345299,5771200
2006-06-28,49.619999,49.869999,48.599998,49.230000,40.279854,4507400
2006-06-29,49.650002,52.500000,49.610001,52.189999,42.701717,9188600
2006-06-30,53.290001,53.669998,52.750000,52.930000,43.307201,6665600
2006-07-03,54.470001,55.520000,54.470001,55.520000,45.426315,5564300
2006-07-05,55.849998,55.849998,54.369999,55.090000,45.074497,7364900
2006-07-06,55.099998,55.480000,54.500000,55.080002,45.066311,5339700
2006-07-07,55.000000,55.349998,54.279999,54.430000,44.534477,5051100
2006-07-10,54.060001,54.840000,53.660000,54.439999,44.542671,3820200
2006-07-11,54.709999,56.130001,54.580002,55.500000,45.409962,6526100
2006-07-12,56.000000,56.500000,55.020000,55.290001,45.238125,6979400
2006-07-13,55.290001,55.660000,53.889999,54.110001,44.272663,6378700
2006-07-14,54.700001,55.299999,54.310001,54.959999,44.968124,5036100
2006-07-17,53.689999,54.400002,52.520000,52.759998,43.168087,5947400
2006-07-18,53.029999,53.720001,51.700001,52.419998,42.889908,6507100
2006-07-19,52.570000,54.169998,52.500000,53.820000,44.035378,5805500
2006-07-20,53.200001,54.110001,51.810001,52.000000,42.546261,5458300
2006-07-21,52.599998,52.740002,50.560001,50.700001,41.482609,8057000
2006-07-24,50.570000,51.230000,49.529999,51.020000,41.744419,6438600
2006-07-25,51.599998,52.570000,50.619999,52.279999,42.775364,4733500
2006-07-26,51.599998,53.119999,51.160000,53.029999,43.389004,5828500
2006-07-27,52.750000,53.169998,50.459999,50.529999,41.343510,8293500
2006-07-28,50.619999,51.540001,50.150002,51.520000,42.153519,5992000
2006-07-31,51.520000,51.590000,50.660000,51.230000,41.916256,4522900
2006-08-01,51.250000,52.419998,50.529999,52.299999,42.791718,4877300
2006-08-02,52.779999,53.349998,51.790001,52.790001,43.192646,6246700
2006-08-03,52.119999,52.689999,51.880001,52.389999,42.865345,3923900
2006-08-04,53.400002,53.560001,52.200001,52.270000,42.767193,3791700
2006-08-07,52.270000,53.090000,52.270000,52.599998,43.037186,3425000
2006-08-08,52.599998,53.130001,51.650002,51.919998,42.480797,4811900
2006-08-09,52.700001,53.830002,52.099998,53.419998,43.708111,6920200
2006-08-10,52.860001,53.400002,52.259998,52.869999,43.258080,5275400
2006-08-11,52.910000,53.450001,51.549999,51.750000,42.341709,4960000
2006-08-14,51.630001,51.799999,50.650002,50.849998,41.605339,6365800
2006-08-15,51.099998,51.500000,50.360001,50.689999,41.474411,5477200
2006-08-16,51.380001,51.770000,50.900002,51.040001,41.760788,4901600
2006-08-17,51.090000,51.509998,50.369999,50.720001,41.498966,6999200
2006-08-18,50.759998,50.990002,49.759998,50.709999,41.490784,5671400
2006-08-21,51.000000,52.959999,51.000000,52.549999,42.996269,6759400
2006-08-22,52.439999,52.799999,51.950001,52.740002,43.151722,4341100
2006-08-23,53.000000,53.549999,52.750000,52.910000,43.290810,4629400
2006-08-24,53.000000,53.389999,51.599998,51.709999,42.308968,4870200
2006-08-25,51.959999,52.959999,51.830002,52.509998,42.963539,3397300
2006-08-28,52.520000,52.549999,51.290001,51.389999,42.047165,5060800
2006-08-29,51.000000,51.299999,50.349998,50.970001,41.703518,6216600
2006-08-30,51.599998,51.700001,50.930000,51.529999,42.161716,3709700
2006-08-31,51.880001,51.980000,50.919998,51.250000,41.932610,5690000
2006-09-01,51.000000,51.490002,50.389999,51.209999,41.899883,4344200
2006-09-05,51.709999,52.650002,51.709999,51.939999,42.580311,5463000
2006-09-06,51.939999,52.080002,50.610001,50.910000,41.735928,5353500
2006-09-07,50.099998,50.180000,49.090000,49.180000,40.317680,7421200
2006-09-08,48.750000,49.000000,47.740002,48.189999,39.506065,8496800
2006-09-11,47.270000,47.380001,45.549999,45.570000,37.358204,13374400
2006-09-12,45.779999,46.320000,44.799999,45.230000,37.079479,8618300
2006-09-13,45.720001,46.250000,45.459999,45.740002,37.497574,6904800
2006-09-14,45.740002,46.040001,43.799999,44.139999,36.185886,10700700
2006-09-15,44.130001,44.790001,43.580002,44.150002,36.194084,11491100
2006-09-18,44.549999,45.099998,44.200001,44.820000,36.743351,8085200
2006-09-19,44.599998,44.599998,43.169998,43.380001,35.562847,7582500
2006-09-20,43.950001,44.189999,43.119999,43.189999,35.407089,7587700
2006-09-21,43.700001,44.400002,43.310001,43.830002,35.931759,5571200
2006-09-22,44.320000,44.700001,43.520000,43.779999,35.890762,5496100
2006-09-25,43.529999,43.540001,42.200001,43.080002,35.316898,10158300
2006-09-26,43.250000,44.029999,43.080002,44.009998,36.079327,7539500
2006-09-27,43.500000,44.150002,41.750000,43.139999,35.366085,19414600
2006-09-28,43.150002,43.570000,42.970001,43.330002,35.521858,10245900
2006-09-29,43.000000,43.240002,42.320000,42.750000,35.046383,7779400
2006-10-02,42.759998,43.689999,42.759998,43.209999,35.423473,6532400
2006-10-03,42.450001,42.700001,40.889999,40.889999,33.521549,9423200
2006-10-04,40.889999,41.209999,39.840000,40.830002,33.472359,17522400
2006-10-05,41.320000,42.099998,41.150002,41.830002,34.292160,8823500
2006-10-06,41.799999,42.139999,41.029999,41.529999,34.046219,6244500
2006-10-09,41.990002,42.160000,41.080002,41.259998,33.824879,4958500
2006-10-10,41.250000,42.250000,40.840000,41.810001,34.275757,6275800
2006-10-11,41.889999,42.000000,40.959999,41.090000,33.685505,6585100
2006-10-12,41.110001,42.000000,41.099998,41.830002,34.292160,5763300
2006-10-13,42.400002,43.450001,42.400002,43.230000,35.439899,7982400
2006-10-16,43.730000,43.750000,42.669998,43.570000,35.718594,6418500
2006-10-17,43.570000,43.580002,42.480000,43.240002,35.448078,5195500
2006-10-18,43.549999,43.549999,42.090000,42.209999,34.603695,5461900
2006-10-19,42.610001,43.459999,42.520000,43.330002,35.521858,5881000
2006-10-20,43.619999,43.650002,42.430000,42.459999,34.808632,5907100
2006-10-23,42.470001,43.349998,42.360001,43.250000,35.456276,8483700
2006-10-24,42.900002,44.259998,42.599998,43.630001,35.767815,6617400
2006-10-25,43.759998,45.009998,43.340000,44.630001,36.587589,8345200
2006-10-26,44.900002,45.200001,44.150002,44.650002,36.603992,6207000
2006-10-27,44.990002,45.389999,44.320000,44.320000,36.333458,5513900
2006-10-30,44.700001,45.500000,44.369999,44.500000,36.481033,6905500
2006-10-31,44.459999,45.490002,44.389999,45.270000,37.112263,8371400
2006-11-01,46.250000,46.889999,45.500000,45.779999,37.530350,9937200
2006-11-02,46.299999,46.549999,45.509998,45.910000,37.636940,7335500
2006-11-03,45.750000,46.799999,45.750000,46.150002,37.833683,7656600
2006-11-06,46.150002,46.549999,45.560001,45.840000,37.579559,6042000
2006-11-07,46.130001,46.240002,45.360001,45.689999,37.456577,6736500
2006-11-08,45.250000,45.720001,44.660000,45.099998,36.972904,6615300
2006-11-09,45.500000,46.860001,45.230000,46.849998,38.407551,10458600
2006-11-10,46.700001,46.709999,45.369999,45.770000,37.522152,6163500
2006-11-13,45.130001,45.590000,44.910000,45.520000,37.317215,6894100
2006-11-14,45.990002,46.049999,44.750000,44.830002,36.751568,6547500
2006-11-15,44.660000,45.930000,44.410000,45.570000,37.358204,8409600
2006-11-16,45.500000,45.849998,44.240002,44.240002,36.267868,6719900
2006-11-17,44.110001,44.840000,43.799999,44.200001,36.235073,9055600
2006-11-20,44.630001,45.029999,43.880001,44.029999,36.095718,6507800
2006-11-21,44.500000,45.349998,44.500000,45.110001,36.981110,6152900
2006-11-22,45.290001,45.580002,44.630001,44.880001,36.792545,5189900
2006-11-24,45.500000,46.459999,45.500000,45.549999,37.341812,6678100
2006-11-27,46.000000,46.220001,45.299999,45.639999,37.415592,5733600
2006-11-28,45.990002,46.029999,45.349998,45.860001,37.595947,5829400
2006-11-29,45.750000,45.950001,45.200001,45.730000,37.489372,5738800
2006-11-30,46.340000,47.250000,46.250000,46.910000,38.456734,8489700
2006-12-01,46.919998,47.340000,46.520000,46.840000,38.399353,6355200
2006-12-04,47.180000,47.459999,46.439999,47.290001,38.768250,5305300
2006-12-05,47.340000,47.599998,46.759998,47.160000,38.743614,6828100
2006-12-06,46.500000,47.560001,46.439999,46.459999,38.168549,6435700
2006-12-07,46.889999,47.549999,46.430000,47.250000,38.817547,5671300
2006-12-08,47.419998,47.799999,46.779999,46.910000,38.538239,5983000
2006-12-11,46.919998,47.650002,46.799999,47.310001,38.866837,4799000
2006-12-12,46.939999,47.330002,46.540001,47.320000,38.875057,5792800
2006-12-13,47.020000,47.540001,46.590000,47.470001,38.998276,6199500
2006-12-14,47.160000,47.689999,47.020000,47.570000,39.080437,6054800
2006-12-15,47.570000,47.770000,46.939999,47.490002,39.014725,11003000
2006-12-18,47.049999,47.480000,46.529999,46.570000,38.258900,6853500
2006-12-19,46.599998,47.259998,46.500000,47.230000,38.801128,5075400
2006-12-20,47.230000,47.250000,45.730000,45.880001,37.692047,6498900
2006-12-21,45.910000,46.160000,45.049999,45.169998,37.108757,5235500
2006-12-22,45.250000,45.439999,44.759998,45.020000,36.985531,3834500
2006-12-26,45.500000,45.959999,45.020000,45.169998,37.108757,2660400
2006-12-27,45.480000,45.689999,45.270000,45.450001,37.338779,3174100
2006-12-28,45.759998,45.900002,45.320000,45.470001,37.355228,4012300
2006-12-29,45.470001,45.500000,44.919998,45.150002,37.092339,2753800
2007-01-03,45.500000,45.669998,43.730000,44.200001,36.311867,7628200
2007-01-04,43.970001,44.419998,43.540001,44.000000,36.147564,6392300
2007-01-05,43.310001,43.689999,42.849998,43.650002,35.860016,7844800
2007-01-08,43.400002,43.450001,42.459999,42.840000,35.194588,7591200
2007-01-09,42.849998,43.270000,42.400002,42.970001,35.301388,6947000
2007-01-10,42.970001,42.980000,41.910000,42.369999,34.808464,7960200
2007-01-11,42.389999,43.160000,42.310001,42.520000,34.931679,5681800
2007-01-12,42.599998,43.400002,42.540001,43.209999,35.498543,5000800
2007-01-16,43.200001,43.209999,42.160000,42.570000,34.972775,4929100
2007-01-17,42.720001,43.349998,42.540001,42.779999,35.145275,5324300
2007-01-18,43.209999,43.340000,42.160000,42.419998,34.849548,6488400
2007-01-19,42.419998,43.299999,42.349998,43.240002,35.523197,6598700
2007-01-22,43.340000,43.820000,42.689999,43.060001,35.375320,6585200
2007-01-23,43.650002,44.250000,43.650002,44.040001,36.180424,7409500
2007-01-24,43.900002,44.770000,43.610001,44.610001,36.648701,6135200
2007-01-25,44.840000,45.029999,43.900002,44.220001,36.328297,7155100
2007-01-26,44.209999,44.500000,43.860001,44.259998,36.361168,3569600
2007-01-29,44.250000,44.750000,43.820000,43.880001,36.048973,5774600
2007-01-30,44.049999,44.900002,44.049999,44.750000,36.763721,6007200
2007-01-31,44.500000,45.500000,44.450001,45.099998,37.051247,5645200
2007-02-01,45.849998,45.889999,45.080002,45.150002,37.092339,7261800
2007-02-02,45.150002,45.150002,44.470001,44.889999,36.878727,5006500
2007-02-05,45.090000,45.180000,44.549999,44.709999,36.730862,3574500
2007-02-06,45.130001,45.180000,44.599998,44.880001,36.870510,3976100
2007-02-07,44.810001,45.310001,44.639999,44.959999,36.936226,4209300
2007-02-08,45.119999,45.959999,44.720001,45.810001,37.634544,7455700
2007-02-09,46.000000,46.630001,45.750000,45.810001,37.634544,6924800
2007-02-12,45.779999,46.049999,45.090000,45.340000,37.248413,4729000
2007-02-13,45.560001,46.049999,45.529999,45.910000,37.716686,4272400
2007-02-14,46.200001,46.560001,45.779999,46.299999,38.037094,7386600
2007-02-15,46.419998,46.560001,46.049999,46.509998,38.209610,4202300
2007-02-16,46.419998,46.419998,46.009998,46.259998,38.004234,4380600
2007-02-20,45.869999,46.040001,45.509998,45.900002,37.708477,4906500
2007-02-21,45.939999,47.470001,45.500000,46.980000,38.595726,7585600
2007-02-22,47.900002,48.330002,47.439999,47.709999,39.195442,9992300
2007-02-23,47.770000,48.119999,46.580002,46.849998,38.488937,8708100
2007-02-26,47.020000,47.259998,46.410000,47.060001,38.661457,7436100
2007-02-27,45.959999,46.200001,43.790001,44.299999,36.394020,12343900
2007-02-28,44.720001,45.400002,44.230000,45.099998,37.051247,10377800
2007-03-01,44.160000,45.090000,44.000000,44.529999,36.582973,11712700
2007-03-02,44.130001,44.439999,42.799999,43.119999,35.424606,10651100
2007-03-05,42.279999,43.230000,42.099998,42.480000,34.979958,9019100
2007-03-06,43.130001,43.520000,42.799999,43.259998,35.622234,6040700
2007-03-07,42.880001,43.529999,42.689999,42.730000,35.185810,5832400
2007-03-08,43.299999,43.369999,42.529999,42.759998,35.210503,6807000
2007-03-09,43.000000,43.139999,42.150002,42.290001,34.823490,6597900
2007-03-12,42.279999,42.930000,41.900002,42.849998,35.284618,6367800
2007-03-13,42.540001,42.939999,41.320000,41.419998,34.107101,8386300
2007-03-14,41.400002,41.830002,40.529999,41.439999,34.123573,10786900
2007-03-15,41.509998,42.500000,41.500000,42.139999,34.699982,8625600
2007-03-16,43.349998,43.580002,42.509998,42.930000,35.350491,14116300
2007-03-19,42.930000,43.459999,42.759998,43.240002,35.605774,6397100
2007-03-20,43.750000,43.939999,43.389999,43.400002,35.737522,5853000
2007-03-21,43.680000,44.240002,43.020000,44.139999,36.346863,8822000
2007-03-22,44.160000,44.279999,43.320000,43.509998,35.828094,7462600
2007-03-23,43.799999,43.860001,43.150002,43.540001,35.852798,6179800
2007-03-26,43.799999,43.900002,42.919998,43.730000,36.009258,7180300
2007-03-27,43.340000,43.360001,42.509998,42.750000,35.202282,7467600
2007-03-28,43.110001,43.110001,42.549999,42.770000,35.218750,6655700
2007-03-29,42.459999,42.939999,42.189999,42.490002,34.988182,6612600
2007-03-30,42.509998,42.830002,41.919998,41.990002,34.576466,6543000
2007-04-02,41.919998,42.580002,41.509998,42.330002,34.856422,5961400
2007-04-03,42.330002,43.080002,42.099998,42.889999,35.317551,5809500
2007-04-04,43.330002,43.799999,43.020000,43.450001,35.778690,6961300
2007-04-05,43.459999,43.900002,43.459999,43.630001,35.926922,5014000
2007-04-09,43.560001,43.900002,43.400002,43.570000,35.877491,4616700
2007-04-10,44.000000,44.180000,43.580002,43.700001,35.984547,4204600
2007-04-11,44.000000,44.169998,43.000000,43.310001,35.663418,5459900
2007-04-12,43.180000,43.389999,42.939999,43.340000,35.688114,3704800
2007-04-13,43.849998,44.770000,43.520000,44.610001,36.733894,8012100
2007-04-16,44.740002,45.110001,44.560001,45.000000,37.055027,8198900
2007-04-17,45.000000,45.250000,44.709999,44.910000,36.980923,6802300
2007-04-18,44.799999,45.209999,44.200001,44.290001,36.470390,6391700
2007-04-19,44.000000,44.000000,43.009998,43.660000,35.951626,7770300
2007-04-20,44.380001,44.730000,44.160000,44.279999,36.462151,6495100
2007-04-23,44.009998,44.180000,43.669998,43.900002,36.149246,3919000
2007-04-24,44.080002,44.220001,43.459999,43.720001,36.001019,4125400
2007-04-25,44.000000,44.430000,43.750000,44.230000,36.420979,4352600
2007-04-26,43.259998,43.500000,42.400002,43.180000,35.556366,12109900
2007-04-27,42.830002,43.060001,42.139999,42.549999,35.037582,7239300
2007-04-30,42.459999,42.480000,41.639999,41.700001,34.337662,5182300
2007-05-01,41.529999,41.700001,40.900002,41.320000,34.024761,7512500
2007-05-02,41.290001,41.799999,40.919998,41.770000,34.395317,18027600
2007-05-03,41.939999,42.330002,41.490002,41.900002,34.502354,10540500
2007-05-04,42.230000,42.330002,41.549999,41.950001,34.543526,9322400
2007-05-07,42.119999,42.349998,41.849998,41.970001,34.559998,5210800
2007-05-08,41.740002,41.849998,41.450001,41.779999,34.403549,4953300
2007-05-09,41.630001,42.020000,41.150002,41.599998,34.255322,5237800
2007-05-10,41.439999,41.509998,40.500000,40.680000,33.497742,5404700
2007-05-11,40.970001,41.279999,40.799999,41.090000,33.835350,3826300
2007-05-14,41.180000,41.299999,40.240002,40.500000,33.349529,6114000
2007-05-15,40.520000,40.730000,40.099998,40.209999,33.110741,7360300
2007-05-16,40.150002,40.230000,39.250000,39.639999,32.641354,13270400
2007-05-17,39.509998,39.540001,38.849998,39.070000,32.171993,12233300
2007-05-18,39.299999,39.369999,38.939999,39.189999,32.270828,8239200
2007-05-21,39.080002,39.919998,38.810001,39.450001,32.484913,11550900
2007-05-22,39.650002,39.740002,38.639999,38.770000,31.924961,7386800
2007-05-23,38.990002,39.820000,38.970001,39.380001,32.427269,9196200
2007-05-24,39.389999,39.799999,39.279999,39.450001,32.484913,13804300
2007-05-25,39.689999,39.700001,38.830002,39.200001,32.279045,6415100
2007-05-29,39.540001,39.599998,39.040001,39.169998,32.254345,6681100
2007-05-30,38.990002,39.660000,38.830002,39.400002,32.443741,7093700
2007-05-31,39.759998,41.000000,39.549999,40.680000,33.497742,13094300
2007-06-01,41.200001,41.650002,40.849998,41.610001,34.263561,9284300
2007-06-04,41.580002,41.740002,41.110001,41.509998,34.181206,5349400
2007-06-05,41.439999,41.799999,41.060001,41.430000,34.115330,7468400
2007-06-06,41.150002,41.279999,40.599998,41.040001,33.875961,5933900
2007-06-07,40.580002,41.099998,39.799999,39.840000,32.885426,7673700
2007-06-08,39.840000,40.220001,39.169998,39.900002,32.934959,6365000
2007-06-11,39.950001,40.000000,39.340000,39.660000,32.736851,5427300
2007-06-12,39.230000,39.750000,39.049999,39.080002,32.258110,5869900
2007-06-13,39.110001,39.779999,39.110001,39.720001,32.786377,4800100
2007-06-14,39.580002,40.270000,39.570000,39.849998,32.893677,5371100
2007-06-15,40.029999,40.430000,40.020000,40.430000,33.372437,7331700
2007-06-18,40.500000,40.580002,39.990002,40.009998,33.025749,4031800
2007-06-19,39.980000,40.959999,39.709999,40.779999,33.661339,5895600
2007-06-20,40.689999,40.790001,39.770000,39.930000,32.959713,6164400
2007-06-21,39.799999,40.009998,39.070000,39.950001,32.976223,5598600
2007-06-22,40.009998,40.009998,39.200001,39.380001,32.505730,4506100
2007-06-25,39.299999,39.470001,38.849998,39.130001,32.299351,5620900
2007-06-26,39.009998,39.020000,38.349998,38.529999,31.804090,8360300
2007-06-27,38.200001,38.709999,38.080002,38.709999,31.952684,6359800
2007-06-28,38.759998,39.320000,38.619999,38.669998,31.919659,5499100
2007-06-29,38.799999,39.290001,38.619999,39.060001,32.241592,4699700
2007-07-02,39.340000,39.939999,39.270000,39.889999,32.926708,5689800
2007-07-03,39.900002,39.990002,39.470001,39.529999,32.629532,2958800
2007-07-05,39.540001,39.799999,39.349998,39.580002,32.670818,4568700
2007-07-06,40.299999,42.049999,40.250000,41.779999,34.486790,17836000
2007-07-09,42.119999,42.540001,41.759998,42.000000,34.668388,9135500
2007-07-10,42.020000,42.049999,41.139999,41.189999,33.999775,7998300
2007-07-11,40.540001,40.930000,40.139999,40.180000,33.166069,14224000
2007-07-12,40.799999,41.330002,40.180000,41.110001,33.933739,23190900
2007-07-13,41.240002,41.750000,41.080002,41.410000,34.181358,11088500
2007-07-16,41.549999,41.590000,40.830002,41.110001,33.933739,8366700
2007-07-17,41.189999,41.380001,40.790001,41.009998,33.851196,5462300
2007-07-18,40.980000,42.709999,40.970001,42.470001,35.056324,16396100
2007-07-19,42.740002,43.340000,42.419998,43.320000,35.757954,12270500
2007-07-20,43.500000,43.529999,42.669998,43.000000,35.493816,12811200
2007-07-23,43.320000,43.480000,42.930000,43.270000,35.716667,6891300
2007-07-24,43.529999,44.049999,43.110001,43.380001,35.807480,11884700
2007-07-25,43.000000,43.360001,42.169998,43.250000,35.700172,11536500
2007-07-26,42.500000,42.709999,40.919998,41.520000,34.272167,14849600
2007-07-27,41.560001,41.860001,40.709999,40.830002,33.702610,9633700
2007-07-30,41.299999,42.070000,40.930000,41.700001,34.420731,7067500
2007-07-31,41.889999,42.389999,41.720001,41.750000,34.462025,8191600
2007-08-01,41.680000,41.990002,40.759998,41.590000,34.329937,9427100
2007-08-02,41.040001,41.950001,40.799999,41.730000,34.445511,7403800
2007-08-03,41.799999,41.900002,40.830002,40.900002,33.760384,9572800
2007-08-06,40.900002,41.000000,39.779999,40.660000,33.562283,8781500
2007-08-07,40.250000,41.220001,40.160000,40.930000,33.785149,7332000
2007-08-08,41.349998,42.740002,41.290001,42.340000,34.949013,8630700
2007-08-09,41.509998,42.299999,41.189999,41.419998,34.189621,9195000
2007-08-10,41.459999,42.299999,41.200001,41.910000,34.594086,14316800
2007-08-13,41.910000,42.150002,41.020000,41.130001,33.950249,10417400
2007-08-14,41.000000,41.509998,40.290001,40.500000,33.430218,9457300
2007-08-15,40.250000,40.650002,39.799999,40.110001,33.108292,13610300
2007-08-16,39.549999,39.799999,38.009998,39.439999,32.555244,21461500
2007-08-17,40.730000,40.810001,39.400002,39.889999,32.926708,9937600
2007-08-20,40.000000,40.470001,39.169998,39.880001,32.918449,8472900
2007-08-21,39.549999,40.490002,39.500000,40.340000,33.298141,6824600
2007-08-22,40.650002,41.009998,40.380001,40.759998,33.644825,8470700
2007-08-23,41.049999,41.150002,39.919998,40.529999,33.454983,8039700
2007-08-24,40.680000,41.450001,40.400002,41.160000,33.975006,5543800
2007-08-27,41.000000,41.240002,40.299999,40.450001,33.388943,4649900
2007-08-28,40.299999,42.689999,40.060001,41.070000,33.900715,18178800
2007-08-29,41.279999,41.849998,40.889999,41.680000,34.404224,5852100
2007-08-30,41.049999,41.980000,41.049999,41.520000,34.272167,4452000
2007-08-31,42.180000,42.630001,42.000000,42.259998,34.882984,6519800
2007-09-04,42.279999,43.049999,42.040001,42.669998,35.304970,7221300
2007-09-05,42.419998,42.669998,41.930000,42.290001,34.990551,5725100
2007-09-06,42.750000,44.580002,42.750000,44.099998,36.488144,15567000
2007-09-07,44.509998,44.790001,43.529999,44.209999,36.579151,11838000
2007-09-10,44.520000,44.580002,43.360001,43.830002,36.264725,8081600
2007-09-11,44.000000,45.450001,43.919998,45.160000,37.365181,10305900
2007-09-12,44.889999,45.630001,44.549999,45.250000,37.439636,7228200
2007-09-13,45.000000,45.459999,44.360001,45.169998,37.373447,7443800
2007-09-14,45.400002,45.869999,44.709999,45.349998,37.522366,6809300
2007-09-17,45.849998,46.090000,45.049999,45.209999,37.406532,8764700
2007-09-18,45.439999,46.200001,44.599998,45.990002,38.051910,11183500
2007-09-19,46.090000,47.169998,45.889999,46.689999,38.631088,12133700
2007-09-20,47.389999,48.029999,47.349998,47.689999,39.458481,11854400
2007-09-21,47.750000,47.990002,47.000000,47.560001,39.350929,11183300
2007-09-24,47.520000,48.419998,47.259998,48.259998,39.930099,10278800
2007-09-25,47.650002,47.959999,47.250000,47.689999,39.458481,7288300
2007-09-26,47.860001,48.250000,44.000000,44.900002,37.150055,23678900
2007-09-27,45.070000,45.119999,43.790001,44.529999,36.843899,11418600
2007-09-28,45.020000,45.730000,44.549999,44.730000,37.009377,9417300
2007-10-01,44.950001,46.279999,44.930000,46.020000,38.076736,8553700
2007-10-02,45.450001,45.480000,44.599998,45.139999,37.348614,9176400
2007-10-03,45.230000,45.490002,44.540001,44.750000,37.025951,4369000
2007-10-04,44.450001,45.240002,44.250000,45.049999,37.274162,5762600
2007-10-05,44.950001,46.189999,44.599998,45.560001,37.696125,6873500
2007-10-08,45.099998,45.299999,44.299999,44.830002,37.092140,4833000
2007-10-09,44.799999,46.020000,44.799999,46.020000,38.076736,5501800
2007-10-10,46.320000,46.930000,46.049999,46.220001,38.242218,6694400
2007-10-11,46.599998,47.750000,46.400002,47.029999,38.912415,11351600
2007-10-12,47.060001,47.730000,46.810001,47.570000,39.359196,5722900
2007-10-15,48.049999,48.250000,47.220001,47.630001,39.408852,8241300
2007-10-16,47.200001,47.599998,46.900002,47.200001,39.053059,5602200
2007-10-17,47.520000,47.650002,44.849998,45.330002,37.505825,15649700
2007-10-18,45.740002,46.639999,45.599998,46.139999,38.176010,6460300
2007-10-19,46.139999,46.349998,45.410000,45.660000,37.778862,12462100
2007-10-22,44.950001,45.580002,44.459999,44.970001,37.207970,8277300
2007-10-23,45.230000,45.869999,44.799999,45.779999,37.878143,5674000
2007-10-24,45.639999,46.349998,45.240002,46.160000,38.192577,6072900
2007-10-25,46.439999,46.639999,45.840000,46.169998,38.200832,5823800
2007-10-26,46.950001,47.810001,46.590000,47.570000,39.359196,8209000
2007-10-29,47.779999,48.250000,47.049999,47.669998,39.441925,5924100
2007-10-30,47.200001,47.270000,46.020000,46.439999,38.424240,7083100
2007-10-31,47.400002,51.000000,47.139999,50.900002,42.114426,22510700
2007-11-01,50.020000,50.360001,49.209999,49.509998,40.964336,13048900
2007-11-02,49.770000,51.700001,49.470001,51.610001,42.701866,12374400
2007-11-05,51.220001,52.790001,50.810001,52.340000,43.305874,12457900
2007-11-06,53.500000,54.540001,53.200001,54.500000,45.093048,12412700
2007-11-07,55.650002,56.169998,54.110001,54.209999,44.853107,15622100
2007-11-08,54.900002,56.349998,53.200001,54.060001,44.728992,14106200
2007-11-09,53.709999,54.950001,53.070000,54.040001,44.712437,8684800
2007-11-12,52.529999,52.529999,49.509998,49.860001,41.253933,15254100
2007-11-13,50.180000,51.099998,49.610001,50.919998,42.130959,9211300
2007-11-14,52.410000,52.799999,51.150002,51.200001,42.362637,7223500
2007-11-15,50.180000,50.419998,48.419998,48.799999,40.376892,12433600
2007-11-16,49.250000,50.250000,49.250000,49.689999,41.113266,13031600
2007-11-19,49.509998,49.930000,48.250000,48.570000,40.186588,8387500
2007-11-20,49.540001,51.250000,49.480000,51.049999,42.238529,10178700
2007-11-21,50.730000,50.919998,49.669998,50.560001,41.833111,7631800
2007-11-23,51.349998,52.259998,50.910000,52.090000,43.099018,3430100
2007-11-26,52.200001,52.549999,50.320000,50.439999,41.733826,6407500
2007-11-27,49.709999,50.849998,49.259998,50.580002,41.849659,7435700
2007-11-28,50.840000,52.169998,50.099998,52.009998,43.032825,7470600
2007-11-29,51.779999,52.340000,50.939999,51.389999,42.519833,6916200
2007-11-30,52.060001,52.060001,49.259998,49.689999,41.113266,9769000
2007-12-03,49.889999,50.509998,49.500000,50.000000,41.369766,6661700
2007-12-04,50.480000,51.029999,49.570000,49.650002,41.080162,6531700
2007-12-05,49.720001,50.200001,49.139999,49.419998,40.972393,6356100
2007-12-06,49.349998,50.820000,49.070000,50.520000,41.884361,4690100
2007-12-07,50.099998,50.980000,49.720001,50.029999,41.478138,5820500
2007-12-10,50.720001,51.340000,50.490002,50.830002,42.141373,4608500
2007-12-11,50.500000,51.070000,49.020000,49.090000,40.698811,6916100
2007-12-12,50.000000,50.580002,48.520000,49.290001,40.864628,6185000
2007-12-13,48.730000,49.369999,48.009998,48.820000,40.474964,6542700
2007-12-14,48.349998,48.869999,47.660000,47.810001,39.637615,4638000
2007-12-17,47.160000,47.950001,46.279999,46.599998,38.634426,7956600
2007-12-18,47.119999,47.970001,46.250000,47.689999,39.538120,6198500
2007-12-19,47.790001,48.130001,47.119999,47.279999,39.198204,4157200
2007-12-20,47.150002,48.060001,46.639999,47.389999,39.289402,3616800
2007-12-21,48.040001,49.000000,48.040001,48.700001,40.375484,7856000
2007-12-24,48.630001,49.099998,48.290001,48.450001,40.168205,1650200
2007-12-26,48.509998,49.419998,48.500000,49.009998,40.632488,4157600
2007-12-27,49.240002,49.240002,47.840000,47.950001,39.753677,4341100
2007-12-28,48.799999,49.220001,48.240002,48.990002,40.615891,4228700
2007-12-31,48.930000,49.849998,48.389999,48.830002,40.483261,3462900
2008-01-02,49.740002,52.990002,49.529999,52.389999,43.434727,12021100
2008-01-03,52.459999,55.029999,52.459999,53.810001,44.612003,14370800
2008-01-04,53.360001,53.680000,52.080002,52.419998,43.459591,7886000
2008-01-07,52.639999,53.270000,50.930000,51.520000,42.713448,9584500
2008-01-08,52.950001,54.980000,52.590000,52.779999,43.758053,11777400
2008-01-09,52.520000,53.029999,51.730000,52.919998,43.874123,8824700
2008-01-10,52.220001,54.590000,51.910000,53.919998,44.703201,10733500
2008-01-11,53.650002,55.740002,53.540001,54.720001,45.366451,10441200
2008-01-14,55.490002,57.369999,55.009998,56.220001,46.610035,13881200
2008-01-15,55.730000,57.549999,55.650002,56.119999,46.527145,17988000
2008-01-16,55.790001,56.500000,53.130001,53.919998,44.703201,15728300
2008-01-17,54.189999,54.990002,52.599998,52.889999,43.849251,11727400
2008-01-18,53.150002,54.189999,51.700001,52.880001,43.840969,11619600
2008-01-22,50.119999,53.990002,50.110001,53.099998,44.023373,16072500
2008-01-23,51.650002,53.189999,48.590000,50.500000,41.867786,21049500
2008-01-24,52.380001,53.200001,51.049999,52.970001,43.915573,14637000
2008-01-25,54.500000,55.250000,52.939999,53.259998,44.156010,10477700
2008-01-28,53.500000,55.270000,52.790001,55.220001,45.780972,10840600
2008-01-29,54.930000,55.599998,54.060001,54.590000,45.258671,7227800
2008-01-30,54.259998,56.889999,53.910000,55.630001,46.120892,8349000
2008-01-31,54.650002,55.790001,53.480000,54.250000,44.976776,8907900
2008-02-01,54.849998,55.560001,52.119999,53.230000,44.131145,10265100
2008-02-04,52.549999,52.700001,50.889999,50.910000,42.207703,11236600
2008-02-05,49.919998,50.880001,49.209999,49.480000,41.022141,9311900
2008-02-06,50.320000,51.130001,49.750000,49.869999,41.345478,9892100
2008-02-07,49.500000,50.700001,49.380001,50.220001,41.635647,9144600
2008-02-08,50.080002,51.770000,49.490002,51.290001,42.522751,8604500
2008-02-11,51.380001,51.590000,49.919998,50.919998,42.215992,5813000
2008-02-12,50.840000,50.970001,48.080002,48.490002,40.201382,10864800
2008-02-13,48.930000,49.799999,48.049999,49.290001,40.864628,6249200
2008-02-14,49.349998,49.650002,48.410000,48.570000,40.267693,6680000
2008-02-15,48.810001,49.279999,47.599998,47.889999,39.703930,6269400
2008-02-19,49.209999,50.990002,48.869999,50.480000,41.851215,7601700
2008-02-20,50.200001,51.150002,49.660000,51.150002,42.406677,7457400
2008-02-21,51.360001,52.000000,50.189999,50.639999,41.983864,9998300
2008-02-22,50.180000,50.900002,48.419998,50.049999,41.494705,9692800
2008-02-25,50.099998,50.389999,48.759998,49.680000,41.187950,6686400
2008-02-26,49.340000,50.680000,49.080002,50.450001,41.826351,5768300
2008-02-27,51.000000,51.860001,50.750000,51.389999,42.605656,7645400
2008-02-28,51.500000,53.060001,51.490002,52.840000,43.807789,8133400
2008-02-29,52.360001,52.689999,50.970001,51.169998,42.423267,6565600
2008-03-03,51.770000,53.000000,51.410000,52.380001,43.426445,7452100
2008-03-04,51.950001,52.380001,49.459999,50.200001,41.619064,9131700
2008-03-05,50.799999,51.950001,50.180000,51.330002,42.640854,7261300
2008-03-06,50.980000,51.709999,50.250000,50.919998,42.300255,6593400
2008-03-07,50.419998,50.910000,48.950001,49.570000,41.178791,7929500
2008-03-10,48.389999,50.200001,48.389999,49.380001,41.020954,8654100
2008-03-11,49.790001,52.220001,49.490002,52.119999,43.297115,8473400
2008-03-12,51.910000,52.480000,50.799999,51.380001,42.682392,7353600
2008-03-13,52.250000,53.869999,52.060001,53.779999,44.676121,10011600
2008-03-14,53.639999,54.299999,52.590000,53.630001,44.551517,8780900
2008-03-17,52.459999,55.150002,52.419998,53.380001,44.343838,12909600
2008-03-18,53.849998,53.849998,50.500000,50.889999,42.275341,11650500
2008-03-19,50.360001,50.799999,48.599998,48.720001,40.472683,13109500
2008-03-20,47.209999,47.490002,45.750000,45.970001,38.188194,16927400
2008-03-24,46.500000,47.150002,45.299999,45.459999,37.764530,7367900
2008-03-25,46.599998,47.270000,46.369999,46.820000,38.894314,7268100
2008-03-26,47.189999,47.619999,46.610001,47.439999,39.409355,8454200
2008-03-27,47.259998,47.500000,46.380001,46.610001,38.719868,5390400
2008-03-28,45.849998,46.730000,45.500000,46.549999,38.670006,4479700
2008-03-31,46.709999,47.169998,44.740002,45.299999,37.631622,7320300
2008-04-01,44.490002,44.919998,43.639999,44.799999,37.216251,9342300
2008-04-02,45.009998,46.419998,45.009998,46.279999,38.445717,8753600
2008-04-03,45.900002,46.820000,45.580002,46.279999,38.445717,5620700
2008-04-04,46.259998,47.090000,46.259998,46.820000,38.894314,4858200
2008-04-07,47.259998,47.840000,46.410000,46.540001,38.661701,4330100
2008-04-08,46.130001,46.939999,45.619999,46.560001,38.678333,4115000
2008-04-09,46.490002,47.330002,46.490002,46.770000,38.852768,4089900
2008-04-10,46.680000,47.099998,46.009998,46.990002,39.035538,4786700
2008-04-11,46.700001,47.020000,45.869999,45.959999,38.179905,3260000
2008-04-14,46.020000,46.119999,44.970001,45.119999,37.482094,4950000
2008-04-15,45.459999,45.610001,45.080002,45.450001,37.756226,5717100
2008-04-16,46.490002,47.990002,46.250000,47.910000,39.799782,6969100
2008-04-17,47.680000,48.060001,47.119999,47.520000,39.475819,3912600
2008-04-18,46.209999,46.980000,45.730000,46.270000,38.437420,7575600
2008-04-21,46.849998,46.849998,44.599998,45.080002,37.448864,6886000
2008-04-22,45.099998,45.639999,44.500000,44.650002,37.091644,6509900
2008-04-23,44.090000,44.360001,43.299999,43.849998,36.427063,7884300
2008-04-24,44.209999,44.330002,42.900002,43.000000,35.720963,9897400
2008-04-25,43.889999,45.080002,43.639999,44.730000,37.158100,9855500
2008-04-28,45.139999,45.139999,43.970001,43.990002,36.543377,4654600
2008-04-29,42.639999,43.439999,42.639999,42.930000,35.662804,7352300
2008-04-30,43.209999,44.490002,42.750000,44.209999,36.726128,8067200
2008-05-01,43.230000,43.619999,42.360001,43.230000,35.912025,9326100
2008-05-02,43.490002,45.000000,43.009998,44.509998,36.975342,7299000
2008-05-05,45.410000,45.439999,44.889999,45.349998,37.673145,6457400
2008-05-06,45.340000,46.320000,45.160000,45.970001,38.188194,7879300
2008-05-07,45.430000,45.700001,44.959999,45.220001,37.565159,5026400
2008-05-08,45.660000,46.750000,45.660000,46.520000,38.645081,5416100
2008-05-09,46.700001,46.720001,45.119999,45.730000,37.988831,4730400
2008-05-12,45.520000,45.750000,44.700001,45.259998,37.598385,4592400
2008-05-13,44.200001,45.349998,44.189999,45.040001,37.415627,5343500
2008-05-14,45.230000,45.770000,44.830002,45.099998,37.465473,4986100
2008-05-15,46.000000,47.000000,45.779999,46.730000,38.819538,6559800
2008-05-16,47.509998,49.029999,47.310001,48.880001,40.605591,11267800
2008-05-19,49.240002,49.689999,48.720001,49.060001,40.755116,5832900
2008-05-20,49.029999,50.049999,49.029999,49.880001,41.436295,7948200
2008-05-21,49.759998,50.889999,49.529999,49.599998,41.203701,8212600
2008-05-22,49.180000,50.080002,48.490002,48.990002,40.696968,5718100
2008-05-23,49.080002,49.849998,48.680000,48.740002,40.489296,4328700
2008-05-27,48.380001,48.380001,47.200001,47.669998,39.600426,5566900
2008-05-28,47.000000,48.310001,46.810001,48.220001,40.057308,4726000
2008-05-29,47.250000,47.490002,46.639999,46.799999,38.877693,5508000
2008-05-30,47.200001,47.619999,46.759998,47.529999,39.484116,3953000
2008-06-02,47.180000,48.310001,46.980000,47.770000,39.683491,4644700
2008-06-03,47.240002,48.070000,46.910000,47.000000,39.043839,4643300
2008-06-04,46.900002,47.730000,46.669998,46.860001,39.010525,5978500
2008-06-05,46.459999,47.990002,46.200001,47.900002,39.876324,5823000
2008-06-06,48.689999,49.250000,48.150002,48.320000,40.225967,6929900
2008-06-09,48.349998,49.369999,47.950001,49.020000,40.808723,5442900
2008-06-10,48.189999,48.299999,46.480000,46.730000,38.902309,8066000
2008-06-11,47.000000,48.000000,46.700001,47.200001,39.293583,6291400
2008-06-12,46.410000,47.000000,45.889999,46.650002,38.835712,5450300
2008-06-13,46.450001,47.230000,46.410000,47.009998,39.135414,4645500
2008-06-16,47.889999,48.779999,47.880001,48.310001,40.217659,5369900
2008-06-17,48.570000,48.730000,48.049999,48.299999,40.209316,4538800
2008-06-18,48.669998,48.840000,48.009998,48.700001,40.542332,3240000
2008-06-19,49.459999,49.980000,48.610001,48.689999,40.534012,5319600
2008-06-20,49.119999,49.330002,48.619999,48.950001,40.750435,5818000
2008-06-23,48.410000,49.799999,48.029999,49.660000,41.341515,4138200
2008-06-24,49.580002,50.650002,49.410000,50.330002,41.899273,6881200
2008-06-25,50.450001,50.910000,49.200001,50.450001,41.999191,5934500
2008-06-26,51.459999,52.419998,51.270000,52.180000,43.439400,10505500
2008-06-27,52.430000,53.240002,51.580002,52.680000,43.855640,11229200
2008-06-30,52.849998,53.150002,50.770000,52.160000,43.422745,6936100
2008-07-01,52.990002,53.770000,52.660000,53.369999,44.430061,9160300
2008-07-02,53.360001,53.389999,50.900002,50.990002,42.448727,8839100
2008-07-03,50.590000,50.980000,49.599998,50.150002,41.749435,5309500
2008-07-07,49.410000,49.689999,48.709999,48.959999,40.758778,8720000
2008-07-08,48.330002,48.790001,47.610001,48.009998,39.967899,8487500
2008-07-09,48.439999,48.959999,47.419998,47.540001,39.576637,6836300
2008-07-10,47.709999,49.330002,47.630001,49.180000,40.941921,7129200
2008-07-11,50.410000,51.650002,50.169998,51.270000,42.681816,8582900
2008-07-14,51.480000,52.299999,50.709999,51.919998,43.222950,7072700
2008-07-15,52.480000,53.250000,50.750000,50.830002,42.315529,11059100
2008-07-16,50.779999,51.070000,48.970001,49.639999,41.324879,8735700
2008-07-17,49.410000,50.320000,47.590000,47.700001,39.709835,11016800
2008-07-18,47.639999,48.650002,47.509998,48.240002,40.159374,6620100
2008-07-21,48.750000,49.700001,48.060001,49.669998,41.349842,5796000
2008-07-22,49.830002,50.860001,48.599998,49.119999,40.891972,9563400
2008-07-23,48.950001,49.060001,46.599998,46.950001,39.085464,10183700
2008-07-24,47.669998,50.250000,47.459999,48.770000,40.600601,11612000
2008-07-25,48.529999,50.009998,48.099998,49.200001,40.958553,6990100
2008-07-28,49.230000,50.450001,48.709999,49.110001,40.883644,5438900
2008-07-29,49.160000,49.160000,47.380001,47.980000,39.942928,7270100
2008-07-30,47.380001,48.369999,46.259998,48.250000,40.167694,9491400
2008-07-31,49.060001,49.599998,47.720001,47.959999,39.926289,6758800
2008-08-01,47.639999,49.189999,47.009998,47.270000,39.351856,6696200
2008-08-04,47.110001,47.520000,45.650002,46.119999,38.394482,8317800
2008-08-05,45.509998,45.790001,43.570000,43.750000,36.421494,11091800
2008-08-06,44.220001,45.049999,44.049999,44.580002,37.112457,8705300
2008-08-07,44.840000,45.250000,44.450001,44.709999,37.220680,7251900
2008-08-08,43.730000,44.639999,43.200001,43.590000,36.288307,7055800
2008-08-11,43.240002,44.000000,40.779999,41.500000,34.548393,15379000
2008-08-12,42.060001,42.759998,41.340000,42.360001,35.264324,12155300
2008-08-13,42.770000,44.320000,42.590000,44.150002,36.754494,9256800
2008-08-14,43.939999,44.500000,42.820000,42.889999,35.705555,8120400
2008-08-15,42.119999,42.400002,41.410000,41.509998,34.556705,8826300
2008-08-18,42.009998,42.500000,41.639999,42.049999,35.006252,5812000
2008-08-19,41.290001,43.419998,41.290001,42.830002,35.655609,6982900
2008-08-20,43.000000,43.860001,42.439999,43.250000,36.005245,7469400
2008-08-21,44.759998,45.130001,43.970001,44.889999,37.370525,7549300
2008-08-22,44.330002,44.990002,43.880001,44.290001,36.871033,4482200
2008-08-25,43.930000,44.860001,43.529999,43.709999,36.388203,4102800
2008-08-26,43.700001,44.660000,43.590000,44.200001,36.796108,4358100
2008-08-27,44.740002,45.369999,44.689999,45.220001,37.645260,5073100
2008-08-28,45.980000,46.080002,44.549999,45.230000,37.653568,4258400
2008-08-29,45.200001,45.500000,44.830002,45.099998,37.545345,2976200
2008-09-02,42.830002,43.439999,42.060001,42.930000,35.738842,7550300
2008-09-03,42.529999,43.099998,40.599998,41.389999,34.537262,9116500
2008-09-04,41.650002,42.000000,39.439999,39.540001,32.993549,10604700
2008-09-05,40.540001,40.540001,39.000000,40.230000,33.569313,8943000
2008-09-08,40.779999,41.639999,39.439999,39.820000,33.227192,9684000
2008-09-09,38.930000,39.150002,36.660000,36.730000,30.648804,13312100
2008-09-10,37.730000,37.889999,36.230000,37.709999,31.466522,14625400
2008-09-11,36.959999,38.000000,35.790001,37.279999,31.107723,12797000
2008-09-12,38.200001,39.779999,37.720001,39.660000,33.093685,9682400
2008-09-15,39.279999,39.619999,38.049999,38.380001,32.025612,10846200
2008-09-16,37.720001,39.630001,37.299999,39.549999,33.001904,8196500
2008-09-17,39.560001,44.580002,38.560001,43.250000,36.089306,16090000
2008-09-18,43.759998,44.700001,39.200001,39.669998,33.102032,19629400
2008-09-19,40.860001,41.950001,39.270000,41.849998,34.921108,15394900
2008-09-22,42.529999,44.889999,42.349998,44.430000,37.073944,13594700
2008-09-23,44.430000,44.430000,42.549999,42.770000,35.688793,9820000
2008-09-24,43.430000,43.820000,41.849998,42.169998,35.188118,7991800
2008-09-25,42.080002,42.959999,41.320000,41.560001,34.679127,9105300
2008-09-26,42.380001,43.450001,40.779999,41.000000,34.211838,7495600
2008-09-29,40.529999,41.549999,38.299999,39.360001,32.843346,12966000
2008-09-30,39.040001,39.400002,38.020000,38.759998,32.342690,8837000
2008-10-01,38.740002,40.000000,38.290001,38.610001,32.217533,7826200
2008-10-02,37.660000,38.070000,34.119999,34.200001,28.537680,11848500
2008-10-03,34.139999,36.240002,33.880001,35.580002,29.689180,8177100
2008-10-06,36.279999,36.880001,32.270000,34.400002,28.704559,13103300
2008-10-07,34.990002,36.130001,32.369999,32.509998,27.127489,10667300
2008-10-08,33.740002,37.650002,33.000000,37.330002,31.149454,16291200
2008-10-09,36.889999,37.139999,34.000000,34.000000,28.370787,11016200
2008-10-10,33.650002,34.400002,28.500000,29.230000,24.390539,17387700
2008-10-13,30.219999,31.469999,27.959999,31.080000,25.934240,10272300
2008-10-14,32.070000,33.980000,30.670000,31.870001,26.593445,11275100
2008-10-15,31.559999,33.490002,29.250000,30.040001,25.066429,11529700
2008-10-16,30.100000,30.480000,27.250000,28.850000,24.073446,13070200
2008-10-17,28.080000,29.180000,26.420000,27.459999,22.913582,11396500
2008-10-20,28.389999,31.190001,27.799999,31.020000,25.884169,8480900
2008-10-21,29.270000,30.559999,28.650000,28.809999,24.040068,7914300
2008-10-22,27.850000,27.920000,24.379999,24.750000,20.652264,14621900
2008-10-23,24.709999,25.740000,22.350000,23.299999,19.442331,14459500
2008-10-24,21.469999,24.740000,21.469999,23.820000,19.876238,12542200
2008-10-27,23.320000,24.250000,21.400000,21.540001,17.973730,8685400
2008-10-28,22.270000,26.469999,22.030001,26.469999,22.087488,11334400
2008-10-29,26.650000,27.600000,25.370001,25.900000,21.611864,12470500
2008-10-30,27.719999,28.790001,25.469999,28.040001,23.397554,8407700
2008-10-31,27.740000,27.820000,26.000000,26.340000,21.979015,6624300
2008-11-03,26.240000,27.570000,26.080000,26.299999,21.945633,4910800
2008-11-04,27.559999,29.320000,27.049999,29.030001,24.223646,7675200
2008-11-05,28.450001,29.400000,27.230000,27.809999,23.205635,7206000
2008-11-06,28.200001,28.480000,25.260000,25.389999,21.186296,7794100
2008-11-07,25.980000,26.400000,24.830000,26.020000,21.711994,5973900
2008-11-10,27.410000,27.870001,26.660000,27.469999,22.921926,6097000
2008-11-11,26.719999,26.969999,25.370001,26.260000,21.912262,5818200
2008-11-12,25.840000,26.370001,24.240000,24.320000,20.293461,8394100
2008-11-13,24.480000,26.400000,22.580000,26.180000,21.845505,10061300
2008-11-14,27.000000,27.150000,24.120001,24.230000,20.218359,8945800
2008-11-17,23.930000,24.709999,22.850000,23.350000,19.484058,7305800
2008-11-18,23.360001,24.070000,22.750000,23.650000,19.734394,7169800
2008-11-19,24.070000,25.260000,22.260000,22.400000,18.691345,11461100
2008-11-20,22.469999,24.370001,21.170000,23.000000,19.192005,13894200
2008-11-21,24.500000,29.500000,23.440001,28.790001,24.023384,19539600
2008-11-24,29.809999,33.430000,29.500000,31.490000,26.276352,18678400
2008-11-25,32.110001,33.060001,30.309999,31.930000,26.643503,15252200
2008-11-26,31.600000,33.720001,30.559999,33.630001,28.062042,8567900
2008-11-28,33.490002,33.730000,32.250000,33.650002,28.078739,2971400
2008-12-01,31.500000,31.950001,30.010000,30.190001,25.191591,10346000
2008-12-02,31.059999,32.459999,30.680000,32.259998,26.918869,9373600
2008-12-03,30.980000,31.049999,28.950001,29.340000,24.558443,10328800
2008-12-04,29.219999,30.730000,29.000000,29.709999,24.868147,9711800
2008-12-05,29.000000,29.670000,26.799999,29.580000,24.759335,8367400
2008-12-08,31.180000,31.870001,30.150000,31.379999,26.265984,10280500
2008-12-09,30.900000,33.090000,30.590000,32.230000,26.977461,8887200
2008-12-10,33.520000,35.990002,33.410000,35.380001,29.614105,11330800
2008-12-11,36.259998,37.250000,34.340000,34.669998,29.019808,9582200
2008-12-12,33.910000,36.250000,33.820000,35.840000,29.999136,9351800
2008-12-15,36.259998,38.750000,35.730000,37.700001,31.556017,11112400
2008-12-16,37.619999,40.200001,36.779999,40.009998,33.489563,12659100
2008-12-17,40.380001,41.790001,38.990002,39.169998,32.786442,11994700
2008-12-18,38.700001,39.110001,36.770000,37.200001,31.137499,9862100
2008-12-19,36.650002,38.290001,36.349998,38.110001,31.899195,8362300
2008-12-22,38.310001,39.250000,36.000000,36.759998,30.769209,5472900
2008-12-23,36.889999,37.959999,36.040001,37.240002,31.170986,4969000
2008-12-24,36.860001,37.799999,36.240002,37.299999,31.221205,1653300
2008-12-26,37.490002,39.200001,36.790001,38.849998,32.518585,2745600
2008-12-29,39.770000,41.130001,39.230000,40.700001,34.067108,6997800
2008-12-30,40.049999,40.490002,39.500000,40.020000,33.497921,5503600
2008-12-31,39.110001,41.009998,39.099998,40.700001,34.067108,5107200
2009-01-02,40.130001,41.849998,40.110001,40.330002,33.757408,6849800
2009-01-05,38.680000,39.599998,38.130001,38.820000,32.493484,8893400
2009-01-06,38.540001,40.080002,38.250000,39.549999,33.104519,8450800
2009-01-07,39.270000,39.270000,34.750000,35.110001,29.388107,11585100
2009-01-08,36.290001,37.799999,35.660000,37.750000,31.597860,8331900
2009-01-09,37.139999,38.570000,36.610001,37.040001,31.003576,8376900
2009-01-12,35.880001,36.709999,35.520000,35.910000,30.057734,9418900
2009-01-13,35.650002,36.799999,35.060001,36.000000,30.133064,8505000
2009-01-14,35.520000,36.900002,34.810001,35.509998,29.722918,7684600
2009-01-15,35.610001,37.410000,34.400002,37.119999,31.070541,8689000
2009-01-16,38.169998,38.799999,36.049999,37.830002,31.664820,8958700
2009-01-20,38.490002,41.299999,38.220001,39.330002,32.920368,12046700
2009-01-21,39.130001,40.610001,37.950001,40.430000,33.841099,9155500
2009-01-22,40.160000,41.700001,39.299999,40.900002,34.234512,10029600
2009-01-23,41.750000,44.700001,41.400002,44.439999,37.197590,12488800
2009-01-26,45.220001,45.450001,43.209999,43.369999,36.301971,10331400
2009-01-27,42.970001,43.500000,41.639999,41.709999,34.912502,8976900
2009-01-28,39.970001,40.400002,38.330002,38.610001,32.317707,17251400
2009-01-29,37.450001,39.650002,37.020000,39.439999,33.012440,42421100
2009-01-30,40.020000,40.500000,38.799999,39.779999,33.297035,13754400
2009-02-02,38.990002,40.150002,38.549999,39.369999,32.953857,9929600
2009-02-03,39.799999,39.950001,38.160000,38.869999,32.535332,9041100
2009-02-04,39.930000,40.880001,39.270000,39.990002,33.472809,8699900
2009-02-05,41.240002,41.330002,40.220001,40.910000,34.242882,11709000
2009-02-06,40.130001,41.750000,40.000000,41.529999,34.761845,7906200
2009-02-09,40.450001,41.430000,39.869999,40.360001,33.782520,7480500
2009-02-10,41.099998,41.590000,38.919998,39.349998,32.937107,9516700
2009-02-11,39.900002,42.830002,39.650002,42.349998,35.448185,13779000
2009-02-12,42.110001,42.830002,41.529999,42.750000,35.783012,9440700
2009-02-13,42.180000,42.680000,41.259998,41.580002,34.803684,5878700
2009-02-17,43.090000,43.369999,42.150002,42.660000,35.707680,13821600
2009-02-18,42.490002,43.080002,41.279999,42.759998,35.791389,9768100
2009-02-19,42.520000,43.250000,40.639999,40.790001,34.142429,11526400
2009-02-20,42.180000,45.000000,41.700001,43.730000,36.603306,14999000
2009-02-23,42.770000,44.049999,42.330002,42.389999,35.481682,8877200
2009-02-24,42.279999,42.490002,39.660000,40.230000,33.673691,13231100
2009-02-25,40.080002,42.650002,39.869999,40.070000,33.539780,15909900
2009-02-26,39.410000,41.200001,39.029999,40.680000,34.050369,9559600
2009-02-27,41.439999,42.410000,40.639999,41.630001,34.845543,15800200
2009-03-02,41.419998,41.700001,37.619999,37.880001,31.706686,14153100
2009-03-03,38.349998,39.270000,37.160000,38.700001,32.393051,11068200
2009-03-04,39.130001,39.730000,37.959999,38.790001,32.552498,9892900
2009-03-05,39.080002,40.439999,38.740002,40.439999,33.937160,10327200
2009-03-06,40.779999,41.080002,38.029999,38.900002,32.644806,12474000
2009-03-09,38.630001,39.150002,37.139999,37.790001,31.713297,8476300
2009-03-10,37.250000,37.810001,34.400002,35.029999,29.397110,12980300
2009-03-11,35.330002,37.180000,34.419998,36.660000,30.764994,9546000
2009-03-12,37.110001,37.799999,36.720001,37.560001,31.520267,7229600
2009-03-13,38.009998,38.830002,37.500000,38.540001,32.342686,6228600
2009-03-16,38.099998,38.509998,37.349998,37.470001,31.444754,8265800
2009-03-17,36.919998,37.869999,36.099998,36.610001,30.723040,9066900
2009-03-18,36.000000,40.299999,35.459999,40.139999,33.685413,18763400
2009-03-19,40.919998,43.400002,40.599998,42.900002,36.001591,14591600
2009-03-20,42.509998,44.799999,42.349998,44.189999,37.084152,14016300
2009-03-23,43.750000,45.250000,43.290001,44.669998,37.486977,9924400
2009-03-24,43.590000,44.549999,42.400002,43.880001,36.824013,7890400
2009-03-25,43.900002,46.200001,43.439999,45.860001,38.485611,10589900
2009-03-26,46.090000,47.310001,45.700001,46.900002,39.358387,9241400
2009-03-27,46.070000,46.230000,45.070000,45.650002,38.309402,6442100
2009-03-30,44.820000,46.520000,44.400002,45.299999,38.015682,7145500
2009-03-31,45.880001,45.880001,44.200001,44.759998,37.562496,7216000
2009-04-01,45.220001,47.450001,44.570000,47.400002,39.777985,9106800
2009-04-02,46.529999,46.529999,45.160000,46.240002,38.804516,10071800
2009-04-03,46.180000,46.720001,43.220001,43.889999,36.832394,9755600
2009-04-06,42.660000,42.950001,41.060001,42.799999,35.917675,8946700
2009-04-07,43.349998,43.689999,42.400002,42.619999,35.766621,6430100
2009-04-08,43.310001,43.310001,41.200001,41.900002,35.162407,5561000
2009-04-09,42.000000,42.470001,41.500000,41.779999,35.061695,4523400
2009-04-13,42.709999,42.910000,41.500000,42.080002,35.313450,5241000
2009-04-14,42.090000,42.830002,41.810001,41.849998,35.120441,5720900
2009-04-15,41.869999,42.720001,41.520000,42.299999,35.498074,5393400
2009-04-16,41.840000,42.150002,39.570000,39.799999,33.400085,7242300
2009-04-17,39.799999,39.990002,37.540001,38.139999,32.007004,9811400
2009-04-20,38.779999,40.000000,38.500000,39.060001,32.779072,8265100
2009-04-21,39.910000,40.000000,38.000000,38.869999,32.619621,5972800
2009-04-22,38.750000,39.279999,38.169998,38.369999,32.200031,6815300
2009-04-23,38.430000,39.599998,37.900002,38.730000,32.502144,8077100
2009-04-24,39.290001,41.459999,39.049999,41.290001,34.650497,8118700
2009-04-27,40.849998,42.049999,40.459999,41.680000,34.977776,7794300
2009-04-28,40.520000,41.029999,39.790001,40.020000,33.584709,5385200
2009-04-29,41.090000,41.160000,40.009998,40.709999,34.163750,4085500
2009-04-30,39.860001,40.360001,39.020000,40.240002,33.769321,6856700
2009-05-01,40.020000,40.020000,38.349998,38.730000,32.502144,6034800
2009-05-04,39.070000,40.990002,38.910000,40.950001,34.365158,5804400
2009-05-05,41.380001,41.750000,40.610001,41.139999,34.524616,5221900
2009-05-06,41.820000,42.810001,41.480000,42.669998,35.808590,6100500
2009-05-07,43.139999,44.160000,42.299999,42.750000,35.875717,7173800
2009-05-08,42.779999,43.919998,42.279999,43.779999,36.740082,5925600
2009-05-11,43.410000,43.520000,41.750000,42.709999,35.842144,5330400
2009-05-12,43.259998,44.730000,43.090000,44.320000,37.193249,7097400
2009-05-13,43.529999,44.750000,42.630001,42.959999,36.051937,6897400
2009-05-14,42.820000,43.930000,41.919998,43.669998,36.647781,6416400
2009-05-15,43.619999,44.060001,42.160000,42.639999,35.783405,6595800
2009-05-18,42.990002,43.000000,41.610001,42.389999,35.573616,6133100
2009-05-19,42.590000,44.200001,42.139999,43.570000,36.563843,5640100
2009-05-20,44.060001,46.220001,44.060001,45.549999,38.225468,7317000
2009-05-21,45.419998,46.750000,44.209999,46.619999,39.123417,9385200
2009-05-22,47.060001,47.590000,46.619999,47.040001,39.475864,6810900
2009-05-26,45.790001,47.419998,45.290001,47.189999,39.601753,7669400
2009-05-27,47.139999,47.840000,45.810001,45.869999,38.494011,7241100
2009-05-28,46.310001,48.020000,46.310001,47.349998,39.736023,6584900
2009-05-29,48.400002,49.180000,47.959999,48.869999,41.011623,8569700
2009-06-01,48.880001,49.840000,47.779999,47.990002,40.273113,9924700
2009-06-02,48.029999,48.810001,47.299999,48.520000,40.717876,9158400
2009-06-03,47.939999,48.189999,45.669998,46.419998,39.036022,8627500
2009-06-04,46.919998,47.849998,46.590000,47.439999,39.893772,6096300
2009-06-05,46.040001,46.320000,44.430000,44.840000,37.707352,9232400
2009-06-08,44.209999,44.840000,43.400002,44.660000,37.555992,6491300
2009-06-09,45.099998,45.500000,44.259998,44.889999,37.749401,5337500
2009-06-10,45.349998,45.610001,43.810001,44.450001,37.379383,6794900
2009-06-11,43.950001,44.880001,43.669998,44.110001,37.093475,6733000
2009-06-12,43.200001,43.360001,42.150002,42.709999,35.916172,6272100
2009-06-15,42.400002,42.430000,41.389999,41.580002,34.965916,6558300
2009-06-16,42.099998,42.630001,41.400002,41.880001,35.218204,5992100
2009-06-17,41.869999,42.259998,41.060001,41.980000,35.302296,5722500
2009-06-18,42.049999,42.810001,41.310001,41.410000,34.822948,6659100
2009-06-19,41.860001,42.230000,41.040001,41.880001,35.218204,9234100
2009-06-22,40.549999,40.980000,39.810001,39.869999,33.527927,6549700
2009-06-23,40.029999,41.500000,39.930000,41.320000,34.747280,6296400
2009-06-24,42.000000,42.410000,41.419998,42.020000,35.335930,6110900
2009-06-25,42.169998,43.099998,42.000000,43.080002,36.227314,5766400
2009-06-26,43.349998,43.360001,42.130001,42.500000,35.739571,4896500
2009-06-29,42.540001,42.880001,42.080002,42.330002,35.596600,5277600
2009-06-30,42.240002,42.450001,40.650002,40.869999,34.368862,6791200
2009-07-01,41.779999,42.730000,41.439999,42.180000,35.470478,6946000
2009-07-02,41.169998,41.580002,40.209999,40.259998,33.855892,6293800
2009-07-06,39.639999,39.799999,38.700001,39.459999,33.183151,6888200
2009-07-07,39.759998,40.290001,39.200001,39.369999,33.107452,5340600
2009-07-08,39.169998,39.630001,37.500000,37.950001,31.913326,8888900
2009-07-09,38.439999,39.130001,37.950001,38.040001,31.989021,6670300
2009-07-10,37.660000,38.259998,37.220001,37.889999,31.862885,6750700
2009-07-13,37.689999,38.500000,36.770000,38.450001,32.333801,6504900
2009-07-14,38.970001,39.310001,38.509998,39.110001,32.888828,5044600
2009-07-15,39.980000,40.680000,39.980000,40.450001,34.015659,6239900
2009-07-16,40.169998,41.029999,39.730000,40.860001,34.360443,4387000
2009-07-17,40.919998,41.340000,40.520000,41.139999,34.595921,4570300
2009-07-20,42.430000,42.610001,41.480000,42.139999,35.436848,4628900
2009-07-21,42.400002,42.709999,41.110001,42.250000,35.529331,5762300
2009-07-22,41.880001,42.720001,41.340000,41.980000,35.302296,6072500
2009-07-23,41.290001,42.549999,41.160000,41.759998,35.117279,6389800
2009-07-24,41.689999,42.200001,41.369999,41.759998,35.117279,3296800
2009-07-27,42.000000,42.220001,41.380001,41.580002,34.965916,3546700
2009-07-28,40.990002,41.049999,39.500000,40.340000,33.923164,5731100
2009-07-29,39.840000,39.980000,38.709999,39.369999,33.107452,6263800
2009-07-30,40.270000,40.549999,39.700001,39.810001,33.477470,5745000
2009-07-31,39.660000,41.790001,39.459999,41.349998,34.772495,6329600
2009-08-03,42.000000,42.750000,41.500000,41.840000,35.184563,6621300
2009-08-04,41.810001,42.830002,41.529999,42.049999,35.361149,5648000
2009-08-05,42.139999,42.290001,40.970001,41.910000,35.243427,5303900
2009-08-06,42.150002,42.360001,41.279999,42.320000,35.588207,5788500
2009-08-07,42.340000,42.500000,41.450001,41.540001,34.932281,5359000
2009-08-10,41.080002,41.240002,40.560001,40.740002,34.259529,4208000
2009-08-11,40.580002,40.790001,39.889999,40.200001,33.805435,4162000
2009-08-12,39.990002,40.880001,39.950001,40.470001,34.032486,4271800
2009-08-13,41.130001,42.000000,40.840000,41.470001,34.873417,4910900
2009-08-14,41.730000,41.779999,40.340000,40.630001,34.167034,5329800
2009-08-17,39.259998,39.430000,38.700001,38.770000,32.602898,6909900
2009-08-18,38.970001,39.480000,38.790001,39.230000,32.989727,4522000
2009-08-19,38.860001,40.020000,38.529999,39.680000,33.368149,5781400
2009-08-20,39.590000,40.270000,39.500000,40.040001,33.670891,3969600
2009-08-21,41.130001,41.150002,40.430000,40.840000,34.343624,5964800
2009-08-24,40.880001,41.490002,39.880001,39.939999,33.586784,6511200
2009-08-25,40.619999,41.139999,40.119999,40.299999,33.889523,4716800
2009-08-26,40.270000,40.270000,39.509998,39.880001,33.536343,4136200
2009-08-27,39.830002,40.730000,39.060001,40.570000,34.116581,4781500
2009-08-28,41.090000,41.439999,40.520000,41.419998,34.831379,6983400
2009-08-31,40.630001,40.639999,39.700001,40.189999,33.797028,7517800
2009-09-01,40.139999,40.900002,39.700001,40.180000,33.788609,10278000
2009-09-02,40.700001,44.090000,40.700001,43.900002,36.916885,13715600
2009-09-03,44.369999,46.250000,43.700001,45.770000,38.577297,14893600
2009-09-04,45.220001,46.930000,44.759998,46.230000,38.965000,7955800
2009-09-08,47.790001,48.000000,45.490002,45.700001,38.518295,13139300
2009-09-09,45.980000,46.369999,44.369999,44.880001,37.827152,11607900
2009-09-10,44.790001,46.580002,44.660000,46.119999,38.872292,8219000
2009-09-11,47.299999,47.400002,46.250000,46.529999,39.217873,9405700
2009-09-14,45.689999,46.669998,45.270000,45.759998,38.568867,6943800
2009-09-15,45.529999,47.250000,45.529999,46.730000,39.386425,8873900
2009-09-16,47.849998,47.980000,46.910000,47.119999,39.715145,8310900
2009-09-17,46.840000,47.529999,45.139999,45.830002,38.627865,9543400
2009-09-18,46.110001,46.169998,44.820000,44.959999,37.894581,9982000
2009-09-21,43.770000,44.689999,43.169998,44.410000,37.431030,8654400
2009-09-22,45.630001,46.389999,45.110001,45.220001,38.113735,9490200
2009-09-23,45.029999,45.540001,43.480000,43.590000,36.739883,8935200
2009-09-24,44.279999,44.450001,42.750000,43.279999,36.478600,10454700
2009-09-25,42.779999,43.450001,42.340000,42.830002,36.099316,8591400
2009-09-28,42.919998,43.810001,42.590000,42.669998,35.964470,6381200
2009-09-29,42.779999,44.459999,42.639999,43.730000,36.857880,9394000
2009-09-30,44.230000,44.639999,43.200001,44.020000,37.102303,9607700
2009-10-01,44.180000,44.180000,42.310001,42.400002,35.736889,8613200
2009-10-02,42.220001,43.349998,41.950001,42.119999,35.500896,8343600
2009-10-05,42.540001,43.590000,42.160000,43.200001,36.411167,7172200
2009-10-06,44.779999,46.669998,44.660000,46.209999,38.948151,13969600
2009-10-07,46.740002,46.900002,45.630001,46.580002,39.259995,8182400
2009-10-08,47.029999,47.700001,46.099998,47.009998,39.622421,11192900
2009-10-09,46.459999,47.189999,45.900002,46.500000,39.192581,6658500
2009-10-12,47.020000,47.400002,46.040001,46.480000,39.175716,5223700
2009-10-13,46.880001,48.200001,46.689999,47.680000,40.187138,9646200
2009-10-14,47.919998,48.000000,47.200001,47.349998,39.908989,7121200
2009-10-15,46.520000,47.130001,46.240002,46.560001,39.243145,7091400
2009-10-16,46.560001,47.299999,46.220001,46.639999,39.310574,7113500
2009-10-19,46.669998,47.060001,45.959999,46.970001,39.588715,8133000
2009-10-20,47.049999,47.049999,45.139999,45.990002,38.762722,6763600
2009-10-21,45.419998,46.910000,45.310001,45.570000,38.408718,7407800
2009-10-22,45.480000,45.740002,44.650002,45.520000,38.366581,6195700
2009-10-23,46.220001,46.410000,44.770000,44.910000,37.852432,5786500
2009-10-26,44.810001,45.520000,42.970001,43.340000,36.529171,9238300
2009-10-27,43.330002,43.779999,42.750000,43.279999,36.478600,7466100
2009-10-28,43.119999,43.590000,41.450001,41.500000,34.978317,9629900
2009-10-29,42.980000,43.599998,41.910000,43.000000,36.242615,13358000
2009-10-30,42.610001,43.900002,42.029999,43.459999,36.630310,11243900
2009-11-02,44.150002,44.889999,42.509998,43.570000,36.723015,11030400
2009-11-03,43.119999,46.619999,43.090000,46.480000,39.175716,14008700
2009-11-04,46.669998,48.049999,46.650002,47.369999,39.925865,14633600
2009-11-05,47.490002,47.700001,46.790001,47.250000,39.824718,7235100
2009-11-06,47.410000,49.560001,47.349998,49.040001,41.333420,11746700
2009-11-09,50.070000,51.299999,50.009998,50.560001,42.614555,11733700
2009-11-10,50.349998,50.990002,49.560001,50.459999,42.530270,8253900
2009-11-11,51.610001,51.970001,51.000000,51.240002,43.187691,10316200
2009-11-12,50.810001,51.150002,49.419998,49.639999,41.839130,9969500
2009-11-13,49.759998,51.580002,49.700001,50.990002,42.976982,8744600
2009-11-16,51.990002,53.000000,51.639999,52.389999,44.156971,8988200
2009-11-17,51.689999,52.820000,51.430000,52.820000,44.519409,6679200
2009-11-18,53.299999,53.810001,52.259998,52.700001,44.418247,9697000
2009-11-19,52.009998,52.790001,51.090000,52.660000,44.384556,7612700
2009-11-20,52.009998,52.599998,51.549999,52.259998,44.047398,6994100
2009-11-23,53.820000,54.869999,53.169998,53.340000,44.957676,9617900
2009-11-24,53.540001,53.560001,52.660000,53.349998,44.966095,7877600
2009-11-25,53.939999,54.939999,53.740002,54.900002,46.272533,8111200
2009-11-27,52.349998,54.150002,52.180000,53.349998,44.966095,5970100
2009-11-30,53.000000,54.060001,52.799999,53.639999,45.210529,6409400
2009-12-01,54.900002,56.450001,54.840000,55.660000,46.913094,10244200
2009-12-02,56.020000,56.410000,55.340000,55.830002,47.056374,10496000
2009-12-03,55.200001,55.820000,54.270000,54.580002,46.002808,8852000
2009-12-04,53.180000,53.259998,50.650002,52.049999,43.950932,16680500
2009-12-07,51.000000,52.900002,50.610001,51.830002,43.765171,9528600
2009-12-08,51.049999,51.400002,50.040001,50.330002,42.498569,8272400
2009-12-09,50.630001,51.820000,50.560001,51.740002,43.689175,9282600
2009-12-10,51.900002,52.380001,51.169998,51.689999,43.646950,7389400
2009-12-11,51.599998,52.230000,50.790001,51.180000,43.216305,7973100
2009-12-14,51.549999,52.119999,51.250000,51.570000,43.545605,5767400
2009-12-15,51.130001,51.980000,50.389999,50.590000,42.718098,5902200
2009-12-16,50.950001,51.619999,50.369999,50.709999,42.819431,5985400
2009-12-17,49.840000,50.169998,47.500000,47.630001,40.218689,15988600
2009-12-18,47.770000,48.660000,47.529999,48.259998,40.750656,14602700
2009-12-21,48.660000,48.660000,46.599998,46.980000,39.669819,10587700
2009-12-22,47.000000,47.450001,46.340000,46.750000,39.475613,9596600
2009-12-23,47.099998,48.500000,46.830002,48.040001,40.564880,6834000
2009-12-24,48.410000,48.709999,47.869999,47.980000,40.514221,2099400
2009-12-28,48.220001,48.430000,47.020000,47.810001,40.370678,4610300
2009-12-29,47.939999,48.160000,47.320000,47.759998,40.328461,4149000
2009-12-30,47.369999,47.830002,47.060001,47.590000,40.184902,3405100
2009-12-31,47.919998,48.189999,47.259998,47.310001,39.948475,3026500
2010-01-04,48.900002,49.180000,48.189999,48.450001,40.911083,5625400
2010-01-05,48.480000,49.130001,47.770000,48.580002,41.020863,7190500
2010-01-06,49.169998,50.090000,49.119999,49.610001,41.890591,8018700
2010-01-07,49.509998,49.509998,48.689999,49.290001,41.620396,7620300
2010-01-08,49.509998,49.790001,48.560001,49.619999,41.899033,5953700
2010-01-11,50.990002,51.250000,49.919998,50.180000,42.371906,6421400
2010-01-12,49.650002,49.820000,47.930000,48.520000,40.970188,8458000
2010-01-13,48.790001,48.990002,47.720001,48.750000,41.164421,5554900
2010-01-14,48.799999,48.939999,47.860001,48.419998,40.885761,5055000
2010-01-15,47.939999,48.070000,47.139999,47.610001,40.201790,9045000
2010-01-19,47.540001,48.490002,47.480000,48.439999,40.902645,6408300
2010-01-20,47.139999,47.330002,45.220001,46.410000,39.188526,12139900
2010-01-21,46.040001,46.200001,44.349998,44.439999,37.525055,15469500
2010-01-22,44.060001,45.689999,43.860001,44.430000,37.516621,13058700
2010-01-25,45.060001,45.060001,44.020000,44.130001,37.263298,8405600
2010-01-26,43.709999,45.040001,43.619999,44.240002,37.356178,8376100
2010-01-27,44.250000,44.549999,43.410000,44.189999,37.313946,8942000
2010-01-28,44.689999,44.869999,43.009998,43.990002,37.145088,10195200
2010-01-29,43.869999,44.439999,42.799999,42.860001,36.190907,8932100
2010-02-01,43.480000,45.540001,43.400002,45.540001,38.453888,11549200
2010-02-02,45.900002,46.049999,45.000000,45.270000,38.225910,8713400
2010-02-03,45.259998,46.279999,45.250000,45.869999,38.732548,10948900
2010-02-04,44.810001,45.040001,43.389999,43.540001,36.765091,12661700
2010-02-05,43.389999,46.290001,43.110001,46.230000,39.036537,17170600
2010-02-08,45.820000,45.970001,44.380001,44.410000,37.499729,10289000
2010-02-09,45.169998,46.070000,44.849998,45.820000,38.690311,12685300
2010-02-10,45.320000,45.830002,44.330002,45.330002,38.276573,8631200
2010-02-11,45.540001,46.930000,45.189999,46.759998,39.484058,11208700
2010-02-12,45.970001,46.680000,45.490002,46.529999,39.289848,8136000
2010-02-16,47.740002,47.970001,46.889999,47.419998,40.041367,11204300
2010-02-17,47.320000,47.860001,46.919998,47.240002,39.889362,12083800
2010-02-18,47.299999,48.950001,47.299999,48.410000,40.877319,10410600
2010-02-19,47.759998,49.000000,47.470001,48.540001,40.987095,8567900
2010-02-22,48.570000,48.689999,47.459999,47.730000,40.303123,6265300
2010-02-23,47.560001,47.959999,46.090000,46.580002,39.332062,8061600
2010-02-24,46.340000,47.009998,46.070000,46.480000,39.247635,8617800
2010-02-25,46.790001,49.590000,45.580002,49.020000,41.392406,16562300
2010-02-26,49.189999,49.500000,48.299999,49.279999,41.611954,7766600
2010-03-01,49.459999,50.430000,48.849998,50.279999,42.456341,8046300
2010-03-02,50.560001,52.400002,50.520000,51.700001,43.655392,11242500
2010-03-03,52.029999,52.570000,51.709999,51.939999,43.858055,7710600
2010-03-04,51.610001,51.840000,50.310001,50.860001,42.946095,10462900
2010-03-05,51.150002,51.770000,50.860001,51.549999,43.528721,7407700
2010-03-08,51.660000,52.000000,50.889999,51.060001,43.114979,5581200
2010-03-09,50.520000,51.720001,50.520000,51.169998,43.207863,6957900
2010-03-10,51.119999,51.590000,49.939999,50.270000,42.531013,9014400
2010-03-11,49.900002,50.509998,49.410000,50.419998,42.657909,6454000
2010-03-12,50.560001,50.689999,49.529999,50.040001,42.336426,5657200
2010-03-15,50.049999,50.240002,49.340000,49.730000,42.074146,6028800
2010-03-16,50.700001,51.500000,50.410000,51.340000,43.436275,8537300
2010-03-17,51.180000,51.830002,51.029999,51.230000,43.343227,6066100
2010-03-18,51.419998,52.189999,50.939999,51.270000,43.377068,6426500
2010-03-19,50.759998,51.779999,50.439999,50.759998,42.945576,7829700
2010-03-22,50.070000,51.439999,49.869999,51.400002,43.487049,6020300
2010-03-23,51.180000,52.060001,50.599998,51.450001,43.529346,6236300
2010-03-24,50.509998,50.720001,49.630001,49.720001,42.065689,8770300
2010-03-25,50.040001,50.279999,48.279999,48.349998,40.906597,9640200
2010-03-26,48.669998,49.590000,48.200001,49.380001,41.778034,6884300
2010-03-29,49.689999,50.470001,49.450001,50.369999,42.615623,6441200
2010-03-30,50.490002,50.950001,50.290001,50.740002,42.928654,6862500
2010-03-31,51.639999,51.840000,50.820000,50.930000,43.089413,5625600
2010-04-01,51.500000,53.160000,51.189999,52.910000,44.764591,7787200
2010-04-05,53.369999,53.980000,52.860001,53.810001,45.526043,5516600
2010-04-06,53.619999,54.070000,53.099998,53.270000,45.069176,6919200
2010-04-07,53.770000,54.820000,53.470001,54.090000,45.762920,9056700
2010-04-08,53.750000,54.299999,53.250000,53.900002,45.602180,6428700
2010-04-09,54.240002,54.480000,53.549999,54.209999,45.864456,7144700
2010-04-12,54.180000,54.349998,53.340000,53.549999,45.306068,5685200
2010-04-13,53.410000,53.860001,52.360001,53.779999,45.500660,5534900
2010-04-14,53.889999,54.119999,53.230000,53.549999,45.306068,4762700
2010-04-15,53.160000,53.610001,52.820000,53.029999,44.866119,4097100
2010-04-16,52.410000,52.689999,51.189999,52.150002,44.121590,10958600
2010-04-19,51.750000,52.279999,51.400002,52.220001,44.180817,6581400
2010-04-20,52.470001,52.750000,51.349998,51.529999,43.597034,5645700
2010-04-21,51.759998,52.369999,51.220001,51.910000,43.918533,5226700
2010-04-22,51.279999,52.619999,51.009998,52.439999,44.366951,5450100
2010-04-23,52.139999,53.200001,51.619999,53.099998,44.925346,4940400
2010-04-26,52.959999,53.570000,52.860001,53.189999,45.001476,4315200
2010-04-27,53.220001,53.889999,52.130001,53.259998,45.060719,10748600
2010-04-28,53.480000,55.540001,53.299999,54.770000,46.338253,11713700
2010-04-29,55.099998,56.520000,54.830002,55.799999,47.209686,9360800
2010-04-30,56.560001,57.049999,55.889999,56.080002,47.446575,7932800
2010-05-03,56.130001,56.259998,53.919998,54.930000,46.473610,7583800
2010-05-04,54.820000,55.349998,53.279999,54.279999,45.923691,8713700
2010-05-05,53.279999,54.400002,52.720001,53.520000,45.280685,10603200
2010-05-06,53.770000,55.689999,52.279999,54.639999,46.228271,16843100
2010-05-07,54.290001,55.189999,53.000000,53.389999,45.170692,16292200
2010-05-10,53.439999,55.700001,53.290001,55.490002,46.947411,10687000
2010-05-11,56.660000,59.060001,56.369999,58.200001,49.240196,17782700
2010-05-12,58.849998,59.580002,58.259998,58.709999,49.671684,13758200
2010-05-13,58.680000,58.810001,56.939999,57.130001,48.334938,10198700
2010-05-14,58.389999,58.529999,56.500000,57.680000,48.800259,13355900
2010-05-17,57.680000,58.090000,56.119999,57.040001,48.258778,9074100
2010-05-18,56.639999,57.139999,55.529999,56.060001,47.429653,11699200
2010-05-19,55.349998,55.959999,53.590000,54.509998,46.118256,13683400
2010-05-20,53.480000,54.500000,52.070000,52.070000,44.053905,16627100
2010-05-21,50.869999,52.650002,50.860001,52.340000,44.282345,10800100
2010-05-24,53.130001,53.799999,52.340000,52.340000,44.282345,7565600
2010-05-25,51.520000,53.650002,51.400002,53.540001,45.297615,12299900
2010-05-26,54.099998,54.790001,53.150002,53.160000,44.976105,8086000
2010-05-27,53.590000,55.180000,53.340000,54.930000,46.473610,7712200
2010-05-28,53.980000,54.779999,53.639999,53.820000,45.534489,6981000
2010-06-01,54.490002,55.880001,54.459999,54.639999,46.228271,11191100
2010-06-02,54.830002,55.740002,54.299999,55.709999,47.133541,7098200
2010-06-03,55.680000,55.779999,53.840000,54.320000,45.957527,6484700
2010-06-04,53.779999,55.040001,53.430000,53.720001,45.449902,8098500
2010-06-07,53.700001,56.060001,53.299999,55.160000,46.668205,8728200
2010-06-08,55.689999,57.610001,55.570000,56.450001,47.759617,11666200
2010-06-09,55.779999,56.480000,55.180000,55.700001,47.125072,9132800
2010-06-10,55.950001,56.570000,55.419998,56.110001,47.471970,7368200
2010-06-11,56.369999,56.660000,55.740002,56.250000,47.675381,4793800
2010-06-14,55.430000,56.009998,54.770000,54.939999,46.565063,7452200
2010-06-15,55.349998,56.540001,55.130001,56.330002,47.743176,7307200
2010-06-16,55.990002,58.549999,55.959999,58.330002,49.438305,11104600
2010-06-17,59.380001,59.980000,59.090000,59.680000,50.582516,10187900
2010-06-18,60.740002,61.779999,60.029999,61.250000,51.913189,11941200
2010-06-21,61.200001,61.500000,58.849998,59.480000,50.413006,9978500
2010-06-22,59.599998,60.389999,59.410000,59.520000,50.446899,6333600
2010-06-23,59.009998,59.430000,58.430000,59.080002,50.073978,8806700
2010-06-24,58.840000,60.200001,58.830002,58.950001,49.963802,9650100
2010-06-25,59.549999,62.110001,59.290001,61.669998,52.269154,12202500
2010-06-28,61.700001,62.619999,60.610001,61.459999,52.091167,12335600
2010-06-29,60.840000,62.009998,60.279999,61.150002,51.828434,11602100
2010-06-30,61.189999,62.369999,60.770000,61.740002,52.328503,11125700
2010-07-01,61.049999,61.650002,58.029999,58.990002,49.997688,14453400
2010-07-02,59.320000,59.759998,58.639999,58.759998,49.802753,6293400
2010-07-06,59.049999,59.650002,57.900002,58.619999,49.684097,9416700
2010-07-07,58.619999,59.990002,57.889999,59.990002,50.845245,8445400
2010-07-08,60.200001,60.480000,58.470001,60.340000,51.141899,8286700
2010-07-09,61.529999,63.380001,61.389999,61.930000,52.489529,8343600
2010-07-12,62.180000,62.500000,60.959999,61.580002,52.192871,6303100
2010-07-13,62.730000,62.990002,61.599998,61.680000,52.277637,6789200
2010-07-14,61.610001,62.660000,61.200001,61.720001,52.311527,5525100
2010-07-15,61.810001,62.200001,60.110001,60.700001,51.447014,7640700
2010-07-16,59.730000,59.950001,58.759998,58.900002,49.921413,7822000
2010-07-19,58.580002,58.599998,56.270000,58.020000,49.175552,10812100
2010-07-20,57.150002,59.259998,57.130001,58.990002,49.997688,7606000
2010-07-21,59.290001,59.619999,57.820000,58.169998,49.302692,6348900
2010-07-22,58.200001,59.520000,58.189999,59.009998,50.014641,6279300
2010-07-23,59.000000,59.590000,58.750000,59.049999,50.048557,5926900
2010-07-26,59.410000,59.500000,57.619999,58.099998,49.243362,6309600
2010-07-27,57.270000,57.360001,54.770000,55.779999,47.277004,14340800
2010-07-28,54.619999,55.799999,54.299999,55.400002,46.954933,10937200
2010-07-29,55.680000,56.070000,55.209999,55.720001,47.226170,6113700
2010-07-30,55.790001,56.250000,55.230000,55.900002,47.378742,5176800
2010-08-02,56.860001,56.880001,54.980000,55.599998,47.124451,6434700
2010-08-03,55.730000,56.169998,55.360001,55.470001,47.014271,5999300
2010-08-04,56.310001,56.480000,55.919998,56.250000,47.675381,7184700
2010-08-05,56.299999,56.740002,55.799999,56.709999,48.065250,5252300
2010-08-06,57.310001,58.000000,56.939999,57.040001,48.344940,5925000
2010-08-09,56.980000,57.389999,56.220001,57.240002,48.514462,3673600
2010-08-10,56.619999,57.830002,56.150002,57.400002,48.650082,5021000
2010-08-11,57.360001,57.720001,55.950001,56.040001,47.497379,5593200
2010-08-12,56.830002,58.160000,56.759998,57.750000,48.946712,6823500
2010-08-13,57.660000,57.900002,56.560001,56.720001,48.073734,4437500
2010-08-16,57.360001,57.830002,57.020000,57.709999,48.912823,3540900
2010-08-17,58.099998,58.599998,57.299999,58.380001,49.480675,4984000
2010-08-18,57.840000,59.860001,57.680000,59.490002,50.421467,6197200
2010-08-19,59.790001,60.230000,58.150002,58.439999,49.531528,5396600
2010-08-20,57.950001,58.240002,57.220001,58.020000,49.175552,4290800
2010-08-23,57.900002,58.049999,57.060001,57.580002,48.802628,3697500
2010-08-24,56.540001,58.380001,55.810001,57.119999,48.412762,7954200
2010-08-25,57.599998,58.980000,57.060001,58.740002,49.785816,7057900
2010-08-26,58.919998,59.650002,58.740002,59.439999,50.379089,5587700
2010-08-27,59.830002,60.000000,58.360001,59.950001,50.811340,6290300
2010-08-30,59.599998,60.540001,59.400002,59.919998,50.785931,3880600
2010-08-31,60.400002,61.919998,60.369999,61.320000,51.972519,7704400
2010-09-01,61.820000,61.919998,60.130001,60.320000,51.124958,8179100
2010-09-02,61.090000,61.549999,60.180000,61.529999,52.150501,5216400
2010-09-03,60.160000,61.000000,59.990002,60.869999,51.717186,4527800
2010-09-07,61.450001,62.549999,61.369999,62.070000,52.736748,5205000
2010-09-08,62.009998,62.700001,61.490002,61.570000,52.311932,4655400
2010-09-09,61.720001,61.860001,59.860001,60.220001,51.164932,4849600
2010-09-10,59.980000,61.130001,59.980000,60.680000,51.555759,3276500
2010-09-13,60.689999,61.099998,60.099998,60.419998,51.334854,4157700
2010-09-14,61.389999,64.029999,61.389999,62.849998,53.399441,12097700
2010-09-15,62.900002,63.299999,62.180000,62.900002,53.441940,6725900
2010-09-16,63.619999,63.849998,62.549999,63.180000,53.679825,6283900
2010-09-17,63.549999,63.630001,62.709999,63.009998,53.535412,6148800
2010-09-20,63.090000,63.500000,62.709999,63.270000,53.756306,4615700
2010-09-21,63.099998,64.400002,61.959999,64.129997,54.486988,9340600
2010-09-22,64.500000,65.500000,64.349998,64.940002,55.175194,7509700
2010-09-23,64.980003,65.250000,63.779999,63.849998,54.249081,5909000
2010-09-24,64.519997,64.870003,63.160000,63.400002,53.866753,5446900
2010-09-27,63.820000,63.880001,62.470001,62.650002,53.229538,4877300
2010-09-28,61.810001,64.449997,61.299999,64.230003,54.571964,8573200
2010-09-29,64.379997,64.459999,63.500000,63.900002,54.291584,6368900
2010-09-30,63.900002,64.050003,61.810001,62.810001,53.365486,7981500
2010-10-01,63.730000,64.239998,63.340000,63.680000,54.104652,4762800
2010-10-04,63.439999,63.490002,62.000000,62.740002,53.306004,4473800
2010-10-05,64.120003,64.980003,63.570000,63.669998,54.096165,9484800
2010-10-06,63.939999,64.959999,63.459999,64.720001,54.988281,5567300
2010-10-07,65.169998,65.169998,62.139999,63.029999,53.552395,10353700
2010-10-08,63.160000,63.320000,62.619999,62.889999,53.433453,6188000
2010-10-11,62.430000,63.000000,61.349998,62.540001,53.136082,6223000
2010-10-12,61.939999,62.130001,61.110001,62.000000,52.677277,5984600
2010-10-13,62.639999,63.619999,62.540001,63.180000,53.679825,10258700
2010-10-14,63.209999,63.299999,62.119999,62.540001,53.136082,7102000
2010-10-15,62.080002,62.189999,61.099998,61.880001,52.575317,7883200
2010-10-18,61.669998,62.820000,61.200001,62.490002,53.093582,5375300
2010-10-19,60.500000,60.959999,59.639999,59.930000,50.918530,9397000
2010-10-20,60.040001,61.529999,59.910000,60.480000,51.385822,5107800
2010-10-21,60.380001,60.980000,58.410000,59.220001,50.315300,8737700
2010-10-22,59.360001,59.500000,58.750000,59.369999,50.442730,5845300
2010-10-25,60.480000,60.869999,59.070000,59.369999,50.442730,6353400
2010-10-26,58.970001,60.070000,58.509998,59.459999,50.519211,5398700
2010-10-27,59.060001,59.060001,57.520000,58.400002,49.618599,8498000
2010-10-28,58.889999,60.060001,58.709999,59.810001,50.816589,6303000
2010-10-29,60.369999,61.130001,59.770000,60.860001,51.708687,5248800
2010-11-01,61.419998,61.430000,60.570000,61.230000,52.023045,5188500
2010-11-02,61.869999,61.950001,59.250000,59.889999,50.884541,9117100
2010-11-03,59.590000,59.740002,57.900002,59.110001,50.221825,9250300
2010-11-04,60.730000,61.570000,60.160000,61.520000,52.269447,8650200
2010-11-05,61.040001,61.660000,60.669998,61.619999,52.354408,7572600
2010-11-08,61.349998,62.830002,61.150002,62.630001,53.212543,6699200
2010-11-09,63.360001,63.779999,59.910000,60.509998,51.411312,12398100
2010-11-10,60.900002,62.459999,60.250000,62.310001,52.940659,9321700
2010-11-11,62.630001,63.299999,61.709999,63.020000,53.543911,5451400
2010-11-12,62.029999,62.799999,60.709999,61.549999,52.294941,6020700
2010-11-15,61.410000,61.980000,60.580002,60.660000,51.538765,4904800
2010-11-16,60.349998,60.900002,58.759998,59.389999,50.459728,10433000
2010-11-17,59.509998,60.669998,59.330002,59.590000,50.629646,5865600
2010-11-18,60.470001,61.000000,60.189999,60.349998,51.275379,5990300
2010-11-19,60.200001,61.160000,60.060001,60.340000,51.266872,5766000
2010-11-22,60.330002,61.099998,59.650002,60.939999,51.776665,5580500
2010-11-23,60.950001,61.830002,60.529999,60.590000,51.479294,6441500
2010-11-24,60.910000,61.110001,59.750000,59.939999,50.927029,5007600
2010-11-26,59.000000,59.290001,58.330002,58.540001,49.737534,3722300
2010-11-29,58.169998,58.299999,57.310001,58.090000,49.355202,9757400
2010-11-30,58.610001,59.570000,58.330002,58.830002,49.983936,8222100
2010-12-01,58.930000,59.779999,58.180000,59.650002,50.680645,8669600
2010-12-02,59.820000,61.340000,59.799999,60.509998,51.411312,5690600
2010-12-03,61.180000,62.650002,61.169998,62.360001,52.983143,5974500
2010-12-06,62.529999,63.480000,62.450001,63.450001,54.039215,5602100
2010-12-07,63.959999,64.050003,62.330002,62.520000,53.247162,9307600
2010-12-08,61.919998,62.820000,60.630001,60.830002,51.807823,7328800
2010-12-09,61.259998,61.360001,59.849998,60.259998,51.322357,6954600
2010-12-10,59.880001,61.549999,59.709999,61.419998,52.310314,5711100
2010-12-13,62.009998,62.619999,61.660000,61.869999,52.693573,6063700
2010-12-14,61.730000,62.580002,61.009998,61.740002,52.582848,6490400
2010-12-15,60.799999,61.680000,60.500000,60.570000,51.586376,4690200
2010-12-16,60.330002,60.560001,59.259998,59.900002,51.015759,6947300
2010-12-17,59.799999,60.080002,59.020000,59.400002,50.589916,8012400
2010-12-20,59.980000,60.320000,59.070000,60.189999,51.262741,5085200
2010-12-21,60.250000,60.290001,59.580002,60.040001,51.134983,3110800
2010-12-22,59.880001,60.119999,59.250000,59.310001,50.513268,3049900
2010-12-23,59.110001,60.630001,59.020000,60.080002,51.169067,3272600
2010-12-27,60.099998,60.310001,59.560001,60.090000,51.177570,2648200
2010-12-28,61.259998,61.830002,60.740002,61.549999,52.421036,4429200
2010-12-29,61.549999,61.770000,61.000000,61.189999,52.114418,3186200
2010-12-30,61.009998,61.430000,60.900002,61.080002,52.020737,2843400
2010-12-31,61.220001,61.720001,61.119999,61.430000,52.318840,2669100
2011-01-03,61.849998,62.209999,60.950001,61.090000,52.029274,6080400
2011-01-04,59.889999,60.259998,58.250000,59.080002,50.317379,11589600
2011-01-05,58.279999,58.570000,57.590000,58.160000,49.533840,8811900
2011-01-06,58.090000,58.470001,56.380001,56.939999,48.494778,12005600
2011-01-07,56.950001,58.250000,56.880001,56.889999,48.452194,9066900
2011-01-10,57.509998,57.939999,56.709999,57.750000,49.184647,6700200
2011-01-11,58.279999,58.389999,57.680000,58.209999,49.576420,5643300
2011-01-12,58.130001,58.169998,56.900002,57.790001,49.218716,9290500
2011-01-13,57.889999,57.939999,56.389999,56.810001,48.384064,6962300
2011-01-14,56.490002,56.610001,55.189999,55.720001,47.455734,10879000
2011-01-18,56.470001,56.790001,56.040001,56.560001,48.171143,7646500
2011-01-19,56.900002,57.009998,55.230000,55.459999,47.234291,8052200
2011-01-20,54.650002,55.939999,54.410000,55.709999,47.447208,10674200
2011-01-21,55.380001,56.150002,55.080002,55.840000,47.557922,8440700
2011-01-24,55.169998,56.200001,54.860001,55.169998,46.987309,6873000
2011-01-25,54.950001,56.220001,54.880001,55.880001,47.591991,8547800
2011-01-26,55.759998,57.090000,55.599998,57.049999,48.588467,9059300
2011-01-27,56.830002,56.950001,55.049999,55.369999,47.157639,8245400
2011-01-28,55.049999,56.290001,54.299999,55.000000,46.842503,10467600
2011-01-31,54.900002,55.480000,54.520000,55.070000,46.902138,8082800
2011-02-01,55.450001,56.560001,55.070000,56.509998,48.128555,6310600
2011-02-02,56.880001,56.880001,55.430000,55.650002,47.396114,5066100
2011-02-03,56.320000,57.500000,55.650002,57.330002,48.826946,8866000
2011-02-04,58.080002,58.099998,56.619999,56.970001,48.520325,7498500
2011-02-07,57.400002,57.700001,56.849998,57.150002,48.673634,4310400
2011-02-08,57.939999,58.459999,57.849998,58.270000,49.627506,5796100
2011-02-09,58.180000,58.570000,57.439999,57.880001,49.295353,5448000
2011-02-10,57.490002,57.549999,56.500000,56.980000,48.528854,6036400
2011-02-11,57.090000,57.759998,56.470001,56.880001,48.443665,4953300
2011-02-14,57.110001,57.619999,56.950001,57.189999,48.707691,3797000
2011-02-15,57.840000,58.439999,57.759998,58.040001,49.431625,4948100
2011-02-16,58.279999,58.419998,57.500000,57.970001,49.372002,4575500
2011-02-17,58.320000,59.099998,57.950001,58.959999,50.215164,4240600
2011-02-18,59.070000,59.709999,58.480000,58.500000,49.823399,7723400
2011-02-22,59.320000,59.799999,58.119999,58.160000,49.533840,6974500
2011-02-23,58.750000,60.189999,58.509998,59.110001,50.342926,8096500
2011-02-24,59.080002,59.150002,54.470001,54.759998,46.638111,19107400
2011-02-25,54.959999,55.840000,54.070000,54.459999,46.382610,9803600
2011-02-28,54.520000,55.290001,54.139999,55.270000,47.072468,6338800
2011-03-01,55.830002,56.470001,55.650002,56.090000,47.770851,8567300
2011-03-02,55.980000,56.340000,54.330002,54.730000,46.612568,9317100
2011-03-03,54.200001,54.200001,52.689999,53.599998,45.650150,13254600
2011-03-04,53.709999,55.049999,53.709999,54.270000,46.220783,8284000
2011-03-07,55.150002,55.220001,53.680000,53.680000,45.718300,7476900
2011-03-08,53.180000,53.400002,52.110001,53.000000,45.139141,10470400
2011-03-09,53.020000,53.119999,51.660000,52.580002,44.781445,10258300
2011-03-10,51.830002,52.340000,51.290001,51.490002,43.853119,8470200
2011-03-11,51.330002,52.709999,51.180000,52.119999,44.519363,6282200
2011-03-14,52.419998,52.790001,51.669998,52.330002,44.698746,5916200
2011-03-15,50.630001,52.250000,50.570000,52.099998,44.502274,8898800
2011-03-16,52.279999,52.299999,50.049999,50.389999,43.041649,10137400
2011-03-17,50.889999,51.040001,50.160000,50.820000,43.408951,7010300
2011-03-18,51.270000,51.910000,50.759998,50.889999,43.468731,9396400
2011-03-21,51.520000,51.939999,51.020000,51.700001,44.160618,6883100
2011-03-22,51.580002,53.570000,51.369999,53.169998,45.416245,9104900
2011-03-23,53.290001,55.020000,53.119999,54.830002,46.834167,9614900
2011-03-24,54.849998,55.599998,54.090000,54.520000,46.569382,9189200
2011-03-25,54.790001,54.990002,53.660000,53.959999,46.091038,6121300
2011-03-28,53.580002,54.090000,52.980000,53.270000,45.501667,5254700
2011-03-29,53.360001,53.540001,52.650002,53.490002,45.689587,7712500
2011-03-30,53.869999,54.389999,53.330002,54.119999,46.227711,5848600
2011-03-31,54.459999,55.080002,54.130001,54.580002,46.620625,5300900
2011-04-01,54.430000,54.779999,53.720001,54.369999,46.441246,5227700
2011-04-04,54.490002,55.919998,54.410000,54.590000,46.629166,5396400
2011-04-05,54.480000,57.080002,54.200001,56.980000,48.670620,10468300
2011-04-06,57.099998,57.310001,55.990002,56.450001,48.217915,8357500
2011-04-07,57.070000,58.730000,56.580002,58.290001,49.789600,13159200
2011-04-08,58.820000,59.279999,57.560001,57.990002,49.533352,8050300
2011-04-11,57.639999,58.650002,56.540001,56.950001,48.645016,7780400
2011-04-12,56.430000,57.730000,56.349998,57.240002,48.892727,6910700
2011-04-13,57.650002,57.730000,56.160000,56.320000,48.106880,5913500
2011-04-14,56.450001,57.849998,56.340000,57.529999,49.140430,6912000
2011-04-15,57.790001,58.299999,57.310001,57.750000,49.328339,7179400
2011-04-18,58.009998,58.389999,57.209999,57.869999,49.430843,7819200
2011-04-19,57.869999,58.689999,57.730000,58.630001,50.080009,6914200
2011-04-20,59.330002,59.869999,58.320000,58.849998,50.267933,7333900
2011-04-21,59.430000,60.450001,58.930000,59.230000,50.592522,6264500
2011-04-25,59.480000,59.610001,57.759998,57.790001,49.362511,5008300
2011-04-26,57.730000,57.889999,56.950001,57.849998,49.413757,5700000
2011-04-27,58.040001,59.169998,57.169998,58.950001,50.353359,6611700
2011-04-28,58.970001,59.610001,58.360001,58.790001,50.216679,5829000
2011-04-29,58.709999,59.400002,58.090000,58.610001,50.062939,9238800
2011-05-02,57.540001,58.480000,57.090000,57.570000,49.174599,7426300
2011-05-03,57.410000,57.930000,55.730000,56.220001,48.021465,8232900
2011-05-04,56.139999,56.869999,55.220001,56.430000,48.200840,7915000
2011-05-05,56.000000,56.849998,54.150002,54.689999,46.714577,8628900
2011-05-06,55.369999,55.820000,53.720001,53.720001,45.886028,8570700
2011-05-09,54.160000,54.919998,54.139999,54.680000,46.706039,4755700
2011-05-10,54.889999,54.889999,54.130001,54.650002,46.680408,4114400
2011-05-11,54.439999,54.650002,52.900002,53.410000,45.621235,6848800
2011-05-12,53.270000,53.930000,52.639999,53.259998,45.493118,6349700
2011-05-13,53.340000,54.160000,52.160000,52.779999,45.083126,5802200
2011-05-16,52.520000,54.270000,52.310001,52.939999,45.219776,7110800
2011-05-17,52.700001,53.849998,52.549999,53.529999,45.723759,5563900
2011-05-18,53.889999,54.259998,53.419998,53.799999,45.954365,4312900
2011-05-19,53.590000,54.369999,53.529999,54.060001,46.176460,3447400
2011-05-20,54.090000,54.810001,52.880001,54.080002,46.193539,5753800
2011-05-23,54.320000,55.430000,54.049999,54.270000,46.355835,6862800
2011-05-24,54.500000,55.650002,54.400002,55.209999,47.158737,5827800
2011-05-25,55.419998,56.250000,55.160000,55.610001,47.500431,5317300
2011-05-26,55.590000,56.080002,55.040001,55.830002,47.688343,4294600
2011-05-27,56.119999,56.880001,56.119999,56.389999,48.166679,4288500
2011-05-31,56.610001,56.860001,55.560001,56.570000,48.320419,7166400
2011-06-01,56.000000,56.700001,55.590000,55.669998,47.551666,7174400
2011-06-02,55.599998,56.029999,54.000000,55.139999,47.098957,5844400
2011-06-03,55.000000,55.480000,54.610001,54.750000,46.765827,5436500
2011-06-06,54.689999,54.860001,53.020000,53.439999,45.646877,10883500
2011-06-07,53.630001,53.919998,52.869999,52.939999,45.219776,6178400
2011-06-08,52.540001,52.779999,51.689999,52.340000,44.707287,6779100
2011-06-09,52.520000,53.240002,52.099998,52.919998,45.202702,4888400
2011-06-10,52.500000,52.689999,51.730000,52.099998,44.502274,5474000
2011-06-13,52.340000,52.610001,51.520000,51.900002,44.331436,4455900
2011-06-14,52.230000,52.700001,51.950001,52.310001,44.854515,5547000
2011-06-15,51.810001,53.480000,51.660000,52.310001,44.854515,7162600
2011-06-16,52.450001,52.779999,51.180000,51.689999,44.322872,6325400
2011-06-17,51.810001,52.119999,51.099998,51.590000,44.237118,7434200
2011-06-20,51.419998,52.250000,51.410000,51.820000,44.434341,4053400
2011-06-21,52.060001,53.450001,52.049999,53.299999,45.703400,5319500
2011-06-22,53.310001,54.639999,53.220001,54.090000,46.380806,7211700
2011-06-23,53.049999,54.040001,52.730000,53.980000,46.286495,5654800
2011-06-24,54.150002,54.189999,52.230000,52.270000,44.820206,8958000
2011-06-27,51.900002,52.799999,51.700001,52.320000,44.863068,3888300
2011-06-28,52.470001,52.889999,52.029999,52.759998,45.240379,4177600
2011-06-29,53.000000,54.099998,52.959999,53.520000,45.892048,6258900
2011-06-30,53.630001,54.110001,53.349998,53.970001,46.277908,4097800
2011-07-01,53.730000,53.779999,52.750000,53.740002,46.080696,4597400
2011-07-05,54.310001,54.860001,54.020000,54.369999,46.620899,5187000
2011-07-06,54.779999,55.000000,53.680000,54.549999,46.775246,6132800
2011-07-07,54.570000,55.590000,54.570000,54.970001,47.135391,6651600
2011-07-08,55.110001,55.599998,54.400002,54.759998,46.955315,4143600
2011-07-11,54.240002,55.160000,54.060001,54.250000,46.518002,4344800
2011-07-12,54.220001,55.919998,54.150002,55.320000,47.435505,7191300
2011-07-13,55.930000,57.490002,55.660000,56.770000,48.678841,8484600
2011-07-14,57.320000,57.320000,56.419998,56.750000,48.661697,5473700
2011-07-15,56.919998,57.630001,56.770000,57.380001,49.201897,5183300
2011-07-18,58.080002,59.000000,57.680000,58.090000,49.810703,7503900
2011-07-19,58.259998,58.340000,57.240002,57.750000,49.519173,5554900
2011-07-20,57.389999,58.230000,56.759998,58.020000,49.750679,4749300
2011-07-21,58.310001,58.650002,57.750000,58.509998,50.170841,5244000
2011-07-22,58.730000,58.930000,58.169998,58.660000,50.299473,4155200
2011-07-25,59.130001,59.570000,58.230000,58.410000,50.085110,5580100
2011-07-26,58.490002,59.090000,58.049999,58.380001,50.059372,4511100
2011-07-27,58.779999,59.090000,57.139999,57.320000,49.150455,7817900
2011-07-28,58.369999,59.020000,57.119999,57.730000,49.502022,6053900
2011-07-29,56.369999,57.430000,55.369999,55.610001,47.684177,10222000
2011-08-01,55.619999,56.139999,55.000000,55.330002,47.444080,6529400
2011-08-02,55.610001,56.849998,55.200001,56.130001,48.130066,7399300
2011-08-03,56.349998,58.049999,56.349998,57.119999,48.978954,9131600
2011-08-04,57.180000,57.689999,54.200001,54.439999,46.680927,13339800
2011-08-05,54.770000,56.520000,53.380001,54.410000,46.655197,12902000
2011-08-08,55.990002,57.360001,54.060001,54.130001,46.415108,16853200
2011-08-09,55.000000,55.439999,52.919998,55.400002,47.504101,15342700
2011-08-10,56.270000,57.000000,54.880001,55.810001,47.855675,15745400
2011-08-11,55.799999,58.529999,55.340000,58.299999,49.990765,12421800
2011-08-12,57.160000,57.759998,56.610001,57.439999,49.253349,8706000
2011-08-15,57.580002,59.130001,56.500000,59.020000,50.608154,7209300
2011-08-16,58.860001,59.950001,58.320000,58.720001,50.350918,6993100
2011-08-17,58.980000,59.869999,58.720001,59.060001,50.642456,4389500
2011-08-18,59.509998,59.950001,58.049999,58.419998,50.093681,8280400
2011-08-19,59.430000,60.810001,59.430000,60.080002,51.517082,9001600
2011-08-22,61.000000,63.549999,60.869999,62.860001,53.900864,10455300
2011-08-23,61.610001,62.360001,60.299999,61.250000,52.520332,10680400
2011-08-24,61.259998,61.470001,58.810001,60.259998,51.671421,11700700
2011-08-25,58.919998,61.099998,57.900002,60.830002,52.160187,7779000
2011-08-26,60.700001,62.169998,59.459999,62.169998,53.309204,5934600
2011-08-29,62.570000,62.599998,61.020000,62.150002,53.292065,4952200
2011-08-30,62.580002,63.459999,62.020000,63.130001,54.132381,7469000
2011-08-31,63.189999,63.650002,61.959999,62.619999,53.695065,9886600
2011-09-01,62.450001,63.169998,61.759998,62.470001,53.566441,6029700
2011-09-02,63.630001,64.639999,63.220001,64.470001,55.281399,10163500
2011-09-06,64.599998,65.769997,63.810001,64.510002,55.574295,10378400
2011-09-07,63.360001,63.830002,61.709999,63.810001,54.971264,10033300
2011-09-08,65.720001,66.389999,65.120003,65.660004,56.565014,9297800
2011-09-09,65.279999,66.610001,64.669998,65.260002,56.220421,8227300
2011-09-12,64.550003,64.739998,62.230000,64.070000,55.195248,8063100
2011-09-13,63.830002,64.820000,62.360001,64.269997,55.367542,8357100
2011-09-14,64.139999,64.489998,63.250000,64.169998,55.281391,7624500
2011-09-15,63.220001,64.309998,62.320000,64.290001,55.384773,6348800
2011-09-16,64.459999,65.779999,64.250000,65.720001,56.616692,7531500
2011-09-19,66.160004,67.370003,66.000000,66.269997,57.090519,7749200
2011-09-20,66.230003,71.250000,66.099998,69.900002,60.217682,15162700
2011-09-21,68.900002,70.230003,67.589996,67.680000,58.305206,8669300
2011-09-22,64.360001,65.800003,63.639999,65.239998,56.203182,10166300
2011-09-23,63.110001,63.490002,61.099998,62.860001,54.152859,11923700
2011-09-26,61.970001,64.589996,61.529999,64.389999,55.470917,7917800
2011-09-27,66.449997,66.540001,63.009998,63.450001,54.661125,8549600
2011-09-28,63.480000,64.620003,61.450001,61.529999,53.007076,6453100
2011-09-29,62.270000,62.950001,61.110001,62.520000,53.859947,5997000
2011-09-30,61.560001,65.550003,61.500000,62.950001,54.230396,8535500
2011-10-03,64.389999,65.589996,63.240002,63.270000,54.506050,7313700
2011-10-04,62.279999,62.709999,58.950001,61.279999,52.791714,10505700
2011-10-05,61.049999,63.230000,60.470001,63.009998,54.282074,7450700
2011-10-06,63.080002,64.120003,62.150002,64.059998,55.186630,5780600
2011-10-07,64.510002,64.620003,62.060001,63.090000,54.350998,4935000
2011-10-10,64.099998,65.339996,63.660000,65.269997,56.229038,3755100
2011-10-11,64.849998,65.260002,63.889999,64.440002,55.514004,4109800
2011-10-12,64.849998,65.070000,63.230000,64.070000,55.195248,5503400
2011-10-13,63.730000,64.279999,62.680000,63.750000,54.919586,4834400
2011-10-14,64.199997,66.879997,64.029999,66.860001,57.598782,6443000
2011-10-17,66.750000,67.389999,65.949997,66.199997,57.030205,5442300
2011-10-18,65.489998,65.879997,63.599998,65.500000,56.427166,7289000
2011-10-19,65.330002,65.489998,61.849998,62.320000,53.687660,7377300
2011-10-20,61.349998,62.689999,60.779999,61.639999,53.101841,7924900
2011-10-21,62.740002,63.369999,62.080002,62.630001,53.954720,6308300
2011-10-24,63.270000,64.070000,62.860001,63.820000,54.979877,5471600
2011-10-25,63.480000,65.739998,62.560001,64.839996,55.858585,8665200
2011-10-26,65.669998,66.599998,64.769997,65.790001,56.677002,8982500
2011-10-27,66.320000,66.949997,64.680000,66.059998,56.909599,8629600
2011-10-28,63.980000,68.739998,63.730000,68.489998,59.003010,9500300
2011-10-31,66.970001,67.870003,66.290001,66.830002,57.572956,8035700
2011-11-01,64.809998,67.040001,63.090000,65.629997,56.539158,8750400
2011-11-02,66.510002,68.019997,65.629997,66.620003,57.392036,8788000
2011-11-03,67.559998,69.540001,67.099998,69.330002,59.726669,11412500
2011-11-04,68.709999,69.449997,68.250000,69.379997,59.769733,5985700
2011-11-07,69.860001,72.290001,69.690002,72.129997,62.138802,9089500
2011-11-08,71.900002,72.349998,70.910004,71.610001,61.690861,7450300
2011-11-09,71.029999,72.419998,69.239998,69.279999,59.683598,8700800
2011-11-10,69.790001,69.820000,67.930000,68.830002,59.295914,5117300
2011-11-11,69.489998,71.089996,69.470001,70.489998,60.725975,4320600
2011-11-14,70.360001,70.959999,68.879997,69.480003,59.855873,3419700
2011-11-15,69.269997,70.239998,68.680000,69.639999,59.993713,3366600
2011-11-16,69.099998,69.110001,67.800003,67.989998,58.572273,4592200
2011-11-17,67.180000,67.720001,65.830002,66.239998,57.064674,5742500
2011-11-18,66.529999,66.629997,64.959999,65.459999,56.392715,3974700
2011-11-21,64.709999,65.639999,64.120003,65.290001,56.246265,5980800
2011-11-22,65.970001,66.809998,65.370003,65.790001,56.677002,4695900
2011-11-23,65.199997,65.400002,63.900002,64.209999,55.315853,3986900
2011-11-25,64.279999,64.900002,63.630001,63.770000,54.936806,2484700
2011-11-28,65.160004,65.860001,64.739998,65.239998,56.203182,4604900
2011-11-29,65.510002,66.449997,65.070000,65.290001,56.246265,4483400
2011-11-30,67.230003,69.000000,66.779999,68.879997,59.338978,7430200
2011-12-01,68.820000,69.400002,67.989998,68.809998,59.278698,5524700
2011-12-02,69.160004,69.160004,66.919998,67.029999,57.745255,5812700
2011-12-05,66.599998,67.949997,65.849998,66.339996,57.150822,6388400
2011-12-06,65.540001,67.779999,65.040001,67.150002,58.155437,6040200
2011-12-07,67.040001,67.970001,66.820000,67.709999,58.640427,4873200
2011-12-08,66.910004,67.419998,65.660004,66.059998,57.211437,5731000
2011-12-09,66.110001,67.209999,66.029999,66.940002,57.973557,3682200
2011-12-12,65.239998,65.519997,64.470001,65.269997,56.527271,6738000
2011-12-13,64.940002,65.949997,62.869999,63.150002,54.691231,6313800
2011-12-14,61.490002,62.849998,60.840000,61.619999,53.366173,9997200
2011-12-15,62.180000,62.400002,61.040001,61.759998,53.487411,6743200
2011-12-16,62.439999,63.200001,61.849998,62.180000,53.851162,8353800
2011-12-19,62.130001,62.669998,60.880001,61.049999,52.872513,6390000
2011-12-20,62.209999,62.959999,61.779999,62.610001,54.223557,5239700
2011-12-21,62.410000,63.000000,62.049999,62.880001,54.457386,4734600
2011-12-22,62.459999,62.599998,60.759998,61.009998,52.837872,6230600
2011-12-23,61.330002,61.900002,60.849998,61.880001,53.591339,2985200
2011-12-27,61.619999,62.090000,61.209999,61.369999,53.149643,1999500
2011-12-28,61.119999,61.410000,59.090000,59.419998,51.460854,5789000
2011-12-29,58.360001,60.509998,58.250000,60.360001,52.274940,5366000
2011-12-30,60.730000,61.090000,59.689999,60.009998,51.971825,3315600
2012-01-03,61.410000,62.320000,61.220001,62.080002,53.764545,7418700
2012-01-04,61.779999,62.610001,61.400002,61.889999,53.599983,4248400
2012-01-05,61.480000,62.450001,61.200001,62.099998,53.781864,5545100
2012-01-06,62.459999,62.630001,61.389999,61.970001,53.669296,4218400
2012-01-09,62.299999,62.340000,61.020000,61.480000,53.244915,3825700
2012-01-10,62.230000,63.099998,62.160000,62.650002,54.258202,6354100
2012-01-11,62.770000,63.400002,62.150002,63.340000,54.855774,5040400
2012-01-12,63.560001,64.620003,63.560001,64.040001,55.462017,5897100
2012-01-13,63.680000,63.919998,62.560001,63.389999,54.899071,4206900
2012-01-17,63.549999,63.549999,60.330002,60.939999,52.777256,9163100
2012-01-18,60.240002,60.770000,59.880001,60.349998,52.266273,8127400
2012-01-19,59.970001,60.290001,58.660000,59.599998,51.616734,9386200
2012-01-20,59.720001,60.150002,58.930000,59.270000,51.330948,8319500
2012-01-23,59.490002,59.980000,58.950001,59.259998,51.322285,6801200
2012-01-24,58.650002,58.820000,57.250000,57.480000,49.780716,8289400
2012-01-25,57.410000,60.639999,57.240002,60.250000,52.179668,12330400
2012-01-26,61.279999,61.590000,60.119999,60.450001,52.352879,7635300
2012-01-27,60.349998,61.790001,59.959999,61.509998,53.270897,5832100
2012-01-30,61.020000,61.790001,60.380001,61.220001,53.019737,5747600
2012-01-31,62.009998,62.299999,61.020000,61.480000,53.244915,6601600
2012-02-01,61.680000,61.990002,60.709999,61.119999,52.933147,6307100
2012-02-02,61.439999,62.500000,61.349998,62.290001,53.946430,6110700
2012-02-03,61.910000,62.000000,60.669998,61.009998,52.837872,7863800
2012-02-06,60.709999,61.139999,60.349998,60.889999,52.733948,4550200
2012-02-07,60.849998,61.560001,60.009998,60.860001,52.707962,4805400
2012-02-08,60.990002,61.450001,60.470001,60.700001,52.569393,3452700
2012-02-09,61.070000,61.389999,60.470001,60.639999,52.517437,3848700
2012-02-10,59.820000,59.910000,59.000000,59.619999,51.634056,4467900
2012-02-13,59.959999,59.990002,58.880001,59.410000,51.452187,3307700
2012-02-14,59.540001,59.549999,58.060001,58.770000,50.897926,5591900
2012-02-15,59.139999,60.389999,58.970001,59.599998,51.616734,5421500
2012-02-16,59.669998,60.660000,58.770000,60.430000,52.335567,4517100
2012-02-17,60.779999,60.939999,59.200001,59.450001,51.486839,4004500
2012-02-21,60.430000,61.720001,59.759998,61.540001,53.296890,6941600
2012-02-22,61.580002,63.290001,61.009998,62.779999,54.370781,7221800
2012-02-23,62.939999,64.430000,62.709999,63.799999,55.254158,7670100
2012-02-24,63.349998,64.199997,61.570000,62.509998,54.136944,7321400
2012-02-27,61.790001,62.599998,61.450001,61.520000,53.279560,5767200
2012-02-28,61.330002,62.150002,61.110001,62.000000,53.695267,4832300
2012-02-29,62.180000,62.430000,59.020000,59.430000,51.469505,10832100
2012-03-01,59.590000,60.650002,59.400002,59.669998,51.677353,6618900
2012-03-02,59.310001,59.470001,58.500000,58.959999,51.062454,4505500
2012-03-05,58.939999,59.029999,57.709999,57.900002,50.144444,6068000
2012-03-06,56.980000,57.270000,55.810001,57.169998,49.512238,8367900
2012-03-07,57.110001,57.279999,56.150002,56.680000,49.087864,6565600
2012-03-08,57.150002,57.240002,56.169998,56.950001,49.321693,4915200
2012-03-09,56.700001,57.840000,56.110001,56.880001,49.261082,5463700
2012-03-12,56.700001,56.900002,55.619999,55.750000,48.282436,7370500
2012-03-13,55.400002,55.750000,54.689999,54.860001,47.811817,9769400
2012-03-14,54.099998,54.480000,53.320000,54.299999,47.323765,14100200
2012-03-15,54.400002,54.980000,53.689999,53.840000,46.922855,9902600
2012-03-16,53.480000,54.090000,53.189999,53.750000,46.844437,12198000
2012-03-19,53.779999,54.349998,53.500000,53.529999,46.652687,4868800
2012-03-20,53.080002,54.000000,52.500000,53.680000,46.783409,8193300
2012-03-21,53.799999,54.119999,53.150002,53.169998,46.338943,7848500
2012-03-22,52.669998,52.849998,52.060001,52.410000,45.676590,7193600
2012-03-23,52.639999,53.910000,52.330002,53.320000,46.469662,7213600
2012-03-26,54.070000,54.150002,53.099998,53.450001,46.582962,8496100
2012-03-27,53.599998,53.599998,52.450001,52.490002,45.746300,9123700
2012-03-28,52.299999,52.599998,51.310001,51.500000,44.883495,7489600
2012-03-29,51.299999,51.340000,50.470001,51.340000,44.744053,9081700
2012-03-30,51.610001,51.700001,50.680000,51.270000,44.683037,6089300
2012-04-02,51.560001,52.410000,51.209999,52.110001,45.415123,5477900
2012-04-03,51.939999,52.150002,49.840000,50.340000,43.872520,9491700
2012-04-04,49.509998,49.509998,47.590000,48.529999,42.295071,13609100
2012-04-05,48.619999,48.980000,47.470001,47.730000,41.597847,8900000
2012-04-09,48.000000,48.580002,47.799999,48.000000,41.833160,6859200
2012-04-10,47.910000,49.549999,47.869999,48.970001,42.678535,10937500
2012-04-11,49.099998,49.169998,47.799999,48.000000,41.833160,7874900
2012-04-12,48.020000,49.599998,47.889999,49.549999,43.184025,7726600
2012-04-13,49.480000,49.900002,48.680000,48.680000,42.425785,6706400
2012-04-16,48.660000,48.930000,48.009998,48.169998,41.981319,6489500
2012-04-17,48.270000,48.830002,48.080002,48.330002,42.120770,6295000
2012-04-18,48.070000,48.400002,47.509998,47.889999,41.737286,5609200
2012-04-19,48.160000,48.570000,47.650002,47.810001,41.667568,5223700
2012-04-20,47.849998,48.349998,47.220001,47.250000,41.179512,5669300
2012-04-23,46.779999,46.779999,45.220001,46.299999,40.351574,12620700
2012-04-24,46.500000,46.779999,46.090000,46.369999,40.412575,4152700
2012-04-25,46.810001,47.639999,46.320000,47.470001,41.371246,7026100
2012-04-26,47.529999,48.099998,46.900002,47.730000,41.597847,6615200
2012-04-27,48.849998,48.970001,47.610001,47.860001,41.711147,8647400
2012-04-30,47.669998,47.889999,47.009998,47.650002,41.528122,5859800
2012-05-01,47.700001,48.369999,47.560001,48.049999,41.876732,4476400
2012-05-02,47.720001,47.830002,46.599998,47.099998,41.048775,4669100
2012-05-03,46.630001,46.849998,45.340000,45.590000,39.732780,7101000
2012-05-04,45.680000,46.669998,45.450001,46.160000,40.229549,7774300
2012-05-07,46.090000,46.459999,45.250000,46.139999,40.212120,5340200
2012-05-08,45.389999,45.720001,44.220001,44.759998,39.009422,9233700
2012-05-09,44.130001,47.230000,43.950001,46.540001,40.560734,11233700
2012-05-10,47.049999,47.220001,46.070000,46.200001,40.264412,5594100
2012-05-11,45.790001,46.299999,45.270000,45.360001,39.532345,4868800
2012-05-14,44.660000,45.730000,44.060001,44.669998,38.930981,6209300
2012-05-15,44.619999,45.189999,43.340000,43.389999,37.815437,6589700
2012-05-16,43.369999,44.830002,43.230000,43.509998,37.920021,8006800
2012-05-17,44.189999,46.189999,43.900002,45.259998,39.445179,8353000
2012-05-18,45.970001,47.000000,45.459999,45.580002,39.724072,8050700
2012-05-21,45.959999,47.500000,45.750000,47.369999,41.284096,7566600
2012-05-22,47.500000,48.660000,46.860001,47.189999,41.127228,7250500
2012-05-23,46.880001,48.700001,45.959999,48.570000,42.329922,8840400
2012-05-24,48.820000,49.840000,47.700001,48.630001,42.382217,9170900
2012-05-25,48.770000,49.340000,48.220001,48.820000,42.547813,5337600
2012-05-29,49.520000,49.650002,47.599998,48.180000,41.990036,7537600
2012-05-30,47.439999,48.740002,47.090000,47.840000,41.693726,7980400
2012-05-31,47.939999,48.369999,46.599998,47.160000,41.101078,7268700
2012-06-01,49.240002,51.150002,48.230000,50.299999,43.837662,13108600
2012-06-04,50.650002,51.590000,49.549999,51.549999,44.927067,8056900
2012-06-05,51.730000,51.930000,51.250000,51.349998,44.752766,7253800
2012-06-06,52.279999,52.330002,50.759998,51.700001,45.057804,8462300
2012-06-07,51.880001,52.209999,49.830002,50.689999,44.177544,7845500
2012-06-08,49.770000,50.529999,49.130001,50.279999,44.124912,4696500
2012-06-11,50.400002,50.730000,49.220001,49.480000,43.422844,5097600
2012-06-12,49.980000,50.700001,49.689999,50.520000,44.335522,5437400
2012-06-13,50.810001,51.299999,50.279999,50.720001,44.511047,6130500
2012-06-14,50.910000,51.020000,50.060001,50.689999,44.484711,6708700
2012-06-15,51.220001,51.380001,49.970001,50.279999,44.124912,10072800
2012-06-18,50.060001,50.970001,49.529999,50.849998,44.625118,5223500
2012-06-19,50.990002,51.040001,50.110001,50.700001,44.493481,4758800
2012-06-20,50.200001,51.169998,49.400002,50.360001,44.195118,6450400
2012-06-21,49.139999,49.380001,47.790001,47.799999,41.948505,6609500
2012-06-22,47.820000,48.490002,47.259998,47.959999,42.088905,4057900
2012-06-25,47.930000,49.200001,47.650002,48.790001,42.817299,5573400
2012-06-26,48.299999,48.799999,47.360001,47.939999,42.071358,5107400
2012-06-27,48.099998,48.230000,47.270000,48.150002,42.255650,3682600
2012-06-28,47.230000,47.950001,46.410000,47.119999,41.351742,6200300
2012-06-29,48.650002,48.650002,47.639999,48.509998,42.571579,5682500
2012-07-02,48.290001,48.880001,47.930000,48.490002,42.554028,4469300
2012-07-03,49.230000,49.840000,48.889999,49.730000,43.642235,3261100
2012-07-05,49.410000,49.669998,48.830002,49.040001,43.036701,3265000
2012-07-06,48.389999,48.660000,47.560001,47.910000,42.045040,3458400
2012-07-09,47.799999,48.090000,47.389999,47.720001,41.878300,4349300
2012-07-10,47.980000,48.340000,46.310001,46.419998,40.737434,4714000
2012-07-11,46.250000,46.270000,45.650002,45.980000,40.351295,6325300
2012-07-12,45.450001,45.840000,44.750000,45.459999,39.894947,5831000
2012-07-13,45.669998,46.349998,45.549999,46.160000,40.509274,3564300
2012-07-16,46.119999,46.230000,45.369999,45.500000,39.930061,3356300
2012-07-17,45.410000,45.500000,44.430000,45.070000,39.552689,4185500
2012-07-18,44.810001,45.000000,44.369999,44.660000,39.192886,4069500
2012-07-19,44.889999,45.450001,44.520000,45.150002,39.622902,4999500
2012-07-20,44.980000,45.520000,44.799999,45.150002,39.622902,4052800
2012-07-23,44.830002,45.060001,44.310001,44.500000,39.052467,3640000
2012-07-24,44.610001,44.830002,44.099998,44.330002,38.903278,4511300
2012-07-25,45.169998,46.459999,44.790001,45.799999,40.193336,5842100
2012-07-26,45.919998,46.250000,45.299999,46.090000,40.447838,5557700
2012-07-27,44.320000,44.560001,42.950001,44.529999,39.078804,13160300
2012-07-30,44.290001,45.740002,44.020000,45.259998,39.719421,6119800
2012-07-31,45.299999,45.700001,44.439999,44.470001,39.026150,4638300
2012-08-01,44.400002,45.430000,43.880001,44.410000,38.973495,6832100
2012-08-02,44.240002,44.650002,43.619999,43.619999,38.280197,4869800
2012-08-03,44.099998,44.919998,43.799999,44.669998,39.201660,5556800
2012-08-06,44.849998,46.919998,44.840000,46.119999,40.474163,5192800
2012-08-07,46.310001,46.779999,46.119999,46.630001,40.921726,4158300
2012-08-08,46.540001,47.310001,46.490002,46.919998,41.176231,5831100
2012-08-09,46.980000,47.630001,46.610001,47.200001,41.421940,3018800
2012-08-10,47.259998,47.779999,47.000000,47.480000,41.667652,6272100
2012-08-13,47.570000,47.700001,46.700001,46.919998,41.176231,3324400
2012-08-14,46.689999,47.130001,46.220001,46.340000,40.667217,3018000
2012-08-15,46.230000,46.660000,45.820000,46.630001,40.921726,3545000
2012-08-16,46.779999,47.810001,46.549999,47.590000,41.764194,3539000
2012-08-17,47.669998,47.990002,47.090000,47.160000,41.386845,4131900
2012-08-20,47.250000,48.029999,47.009998,47.930000,42.062580,3929900
2012-08-21,48.610001,49.290001,47.939999,48.250000,42.343407,4765600
2012-08-22,48.240002,49.360001,47.799999,49.299999,43.264877,4673700
2012-08-23,49.750000,49.980000,48.869999,49.040001,43.036701,6176800
2012-08-24,48.939999,49.450001,48.650002,49.230000,43.203434,2922200
2012-08-27,49.459999,49.680000,49.009998,49.040001,43.036701,4199800
2012-08-28,49.080002,49.340000,48.730000,48.840000,42.861183,3110000
2012-08-29,48.840000,49.070000,48.330002,48.470001,42.536491,4726100
2012-08-30,48.540001,48.830002,48.320000,48.549999,42.606682,3358400
2012-08-31,48.799999,50.750000,48.720001,50.680000,44.475929,7457500
2012-09-04,50.560001,50.590000,49.360001,49.470001,43.715965,5474400
2012-09-05,49.610001,49.860001,49.080002,49.619999,43.848515,3781400
2012-09-06,50.180000,50.900002,49.680000,50.900002,44.979630,6194200
2012-09-07,52.070000,52.500000,51.520000,51.689999,45.677750,6099400
2012-09-10,51.470001,52.000000,51.099998,51.360001,45.386135,4493000
2012-09-11,51.660000,52.580002,51.660000,52.000000,45.951702,5498900
2012-09-12,52.349998,52.759998,51.049999,52.560001,46.446548,5975300
2012-09-13,52.419998,55.849998,51.950001,55.450001,49.000408,12625900
2012-09-14,56.369999,57.650002,56.320000,57.200001,50.546864,12656400
2012-09-17,57.049999,57.669998,56.240002,56.959999,50.334778,7270500
2012-09-18,56.610001,57.150002,56.130001,56.770000,50.166882,7249100
2012-09-19,57.099998,57.349998,56.529999,56.849998,50.237576,5921900
2012-09-20,56.400002,56.790001,56.009998,56.619999,50.034325,7821100
2012-09-21,57.930000,57.930000,56.220001,56.310001,49.760387,14268700
2012-09-24,55.599998,55.810001,55.029999,55.259998,48.832516,6804200
2012-09-25,55.950001,56.560001,55.040001,55.060001,48.655773,6491900
2012-09-26,54.470001,55.849998,53.799999,55.259998,48.832516,6099000
2012-09-27,55.740002,56.669998,55.200001,56.540001,49.963634,5804300
2012-09-28,56.250000,56.520000,55.570000,56.020000,49.504116,4925100
2012-10-01,56.700001,56.849998,55.599998,55.700001,49.221329,5560400
2012-10-02,55.889999,56.090000,55.169998,55.669998,49.194824,3482400
2012-10-03,55.810001,55.950001,55.209999,55.470001,49.018093,2763500
2012-10-04,55.779999,56.639999,55.779999,56.240002,49.698536,4922300
2012-10-05,56.240002,56.630001,55.490002,55.849998,49.353893,2983600
2012-10-08,55.450001,56.009998,55.119999,55.759998,49.274353,2130900
2012-10-09,55.810001,56.279999,54.490002,54.500000,48.160908,4271000
2012-10-10,54.400002,55.060001,54.169998,54.849998,48.470203,3933300
2012-10-11,55.099998,55.830002,54.830002,55.349998,48.912052,3504500
2012-10-12,55.419998,55.750000,54.900002,54.939999,48.549728,4263600
2012-10-15,54.619999,55.029999,53.939999,54.599998,48.249283,4065100
2012-10-16,55.310001,55.970001,54.990002,55.880001,49.380409,3618200
2012-10-17,55.779999,56.380001,55.060001,56.060001,49.539459,3666500
2012-10-18,55.650002,55.880001,54.910000,54.970001,48.576260,4050400
2012-10-19,54.860001,55.310001,53.959999,54.900002,48.514381,5358900
2012-10-22,54.730000,55.759998,54.610001,55.490002,49.035770,3356500
2012-10-23,54.619999,54.820000,53.799999,53.830002,47.568840,3977600
2012-10-24,54.130001,54.349998,52.549999,52.580002,46.464237,6108600
2012-10-25,53.080002,53.790001,53.080002,53.560001,47.330238,5038000
2012-10-26,53.639999,53.880001,52.950001,53.310001,47.109329,4328900
2012-10-31,53.730000,54.959999,53.299999,54.580002,48.231609,4999900
2012-11-01,54.220001,54.299999,52.700001,53.220001,47.029797,7396200
2012-11-02,52.040001,52.130001,48.720001,48.740002,43.070873,12215700
2012-11-05,49.119999,49.560001,48.240002,48.389999,42.761589,7063600
2012-11-06,48.610001,48.919998,48.220001,48.500000,42.858788,7029900
2012-11-07,48.759998,49.070000,47.830002,48.740002,43.070873,6314500
2012-11-08,48.560001,49.580002,48.230000,48.810001,43.132740,5731200
2012-11-09,49.029999,49.029999,47.900002,48.070000,42.478809,5069500
2012-11-12,48.150002,48.320000,47.610001,47.709999,42.160686,3057600
2012-11-13,47.330002,47.880001,47.060001,47.189999,41.701164,4236900
2012-11-14,47.380001,47.509998,45.689999,45.790001,40.463997,7164400
2012-11-15,45.810001,45.990002,44.500000,45.529999,40.234241,8333000
2012-11-16,45.480000,46.230000,45.000000,46.119999,40.755619,7602500
2012-11-19,46.880001,47.080002,46.490002,46.790001,41.347679,5804800
2012-11-20,46.610001,46.750000,46.200001,46.619999,41.197468,5066300
2012-11-21,46.500000,47.320000,46.230000,47.080002,41.603958,3884700
2012-11-23,47.340000,47.799999,46.869999,47.689999,42.143013,2431100
2012-11-26,47.250000,47.369999,46.709999,47.369999,41.860218,4957300
2012-11-27,47.290001,47.330002,46.810001,47.000000,41.533264,5556500
2012-11-28,46.099998,47.340000,45.900002,47.310001,41.807205,5994800
2012-11-29,47.470001,47.740002,46.750000,47.049999,41.577446,3979800
2012-11-30,47.020000,47.540001,46.439999,47.090000,41.612785,6173800
2012-12-03,47.130001,47.130001,45.639999,45.680000,40.366798,7060200
2012-12-04,44.869999,45.439999,44.680000,45.090000,40.153072,7355500
2012-12-05,45.139999,45.139999,43.849998,43.959999,39.146801,9197100
2012-12-06,44.000000,44.619999,43.880001,44.290001,39.440662,4351100
2012-12-07,44.549999,44.740002,44.070000,44.419998,39.556438,4693400
2012-12-10,44.799999,45.360001,44.799999,45.110001,40.170887,5489800
2012-12-11,45.080002,45.570000,45.000000,45.230000,40.277744,5880600
2012-12-12,45.230000,45.810001,45.049999,45.500000,40.518185,6702400
2012-12-13,44.580002,44.860001,43.509998,44.169998,39.333809,7910300
2012-12-14,44.009998,44.520000,43.740002,44.290001,39.440662,4717200
2012-12-17,44.240002,44.759998,44.070000,44.660000,39.770157,3888900
2012-12-18,44.650002,44.869999,43.759998,44.360001,39.502998,6495800
2012-12-19,44.200001,44.419998,43.689999,43.750000,38.959789,5181600
2012-12-20,43.310001,44.139999,42.959999,44.099998,39.271469,8941100
2012-12-21,44.000000,45.049999,43.910000,44.580002,39.698914,10630000
2012-12-24,44.580002,44.580002,43.849998,44.230000,39.387234,2595400
2012-12-26,44.400002,45.299999,44.380001,45.080002,40.144165,4841900
2012-12-27,44.970001,45.869999,44.759998,45.470001,40.491478,6080200
2012-12-28,45.349998,45.799999,45.000000,45.029999,40.099640,5169400
2012-12-31,44.919998,46.830002,44.840000,46.439999,41.355270,6560100
2013-01-02,47.340000,47.590000,46.750000,46.900002,41.764900,7254500
2013-01-03,46.759998,47.250000,45.500000,45.619999,40.625034,6017100
2013-01-04,45.299999,46.049999,45.090000,45.939999,40.910011,5834100
2013-01-07,45.599998,45.759998,44.950001,45.009998,40.081825,4853400
2013-01-08,45.000000,45.930000,44.660000,45.560001,40.571621,6373500
2013-01-09,45.389999,45.490002,44.610001,44.900002,39.983883,5568600
2013-01-10,45.349998,46.130001,45.349998,45.950001,40.918911,5371300
2013-01-11,46.000000,46.029999,45.330002,45.759998,40.749714,3836700
2013-01-14,45.860001,45.889999,45.139999,45.299999,40.340076,3366500
2013-01-15,45.450001,45.740002,44.889999,45.189999,40.242126,4137000
2013-01-16,45.020000,45.180000,44.580002,44.750000,39.850300,5166100
2013-01-17,45.000000,45.000000,44.000000,44.439999,39.574245,6514500
2013-01-18,44.560001,45.220001,44.459999,44.889999,39.974979,6738100
2013-01-22,44.959999,45.709999,44.560001,45.580002,40.589428,7030700
2013-01-23,45.619999,45.790001,44.700001,44.759998,39.859200,5962300
2013-01-24,44.669998,44.840000,43.889999,44.009998,39.191334,5554200
2013-01-25,43.959999,44.189999,42.959999,43.360001,38.612499,7200500
2013-01-28,43.490002,43.509998,42.549999,42.820000,38.131615,6510500
2013-01-29,43.009998,43.650002,42.990002,43.389999,38.639206,7142200
2013-01-30,43.860001,44.330002,43.099998,43.119999,38.398766,8940800
2013-01-31,42.970001,43.310001,42.849998,42.959999,38.256287,9403300
2013-02-01,43.610001,43.720001,43.009998,43.709999,38.924171,6312700
2013-02-04,43.590000,44.560001,43.430000,44.099998,39.271469,5975500
2013-02-05,44.340000,44.470001,44.009998,44.330002,39.476303,4107800
2013-02-06,44.220001,45.169998,44.200001,45.040001,40.108547,4981000
2013-02-07,44.790001,45.820000,44.509998,45.250000,40.295551,5097500
2013-02-08,45.180000,45.270000,44.770000,44.930000,40.010586,4763200
2013-02-11,44.570000,44.669998,44.150002,44.490002,39.618759,4172000
2013-02-12,44.400002,45.299999,44.380001,45.279999,40.322273,6451100
2013-02-13,45.259998,45.480000,44.820000,44.849998,39.939350,5481500
2013-02-14,44.939999,45.090000,44.380001,44.549999,39.672192,7641300
2013-02-15,43.680000,43.799999,42.790001,43.270000,38.532352,13871700
2013-02-19,43.080002,43.389999,42.790001,42.900002,38.202869,8078800
2013-02-20,42.540001,42.540001,40.439999,40.560001,36.119076,14308300
2013-02-21,40.689999,41.480000,40.509998,40.549999,36.110161,10184000
2013-02-22,41.560001,41.759998,40.730000,40.820000,36.350594,10384700
2013-02-25,41.189999,41.599998,40.799999,40.959999,36.475269,8504300
2013-02-26,41.150002,41.720001,40.830002,41.439999,36.902706,9945400
2013-02-27,41.220001,41.250000,40.580002,40.619999,36.172489,8863800
2013-02-28,40.639999,40.840000,40.130001,40.290001,35.878620,10834000
2013-03-01,40.369999,40.590000,39.560001,39.619999,35.281986,9494800
2013-03-04,39.639999,39.740002,38.599998,39.000000,34.729881,9782800
2013-03-05,39.290001,39.349998,38.549999,38.599998,34.373665,8589700
2013-03-06,38.580002,40.040001,38.500000,40.009998,35.629276,9569600
2013-03-07,40.150002,40.880001,39.880001,39.930000,35.558052,7757700
2013-03-08,39.759998,40.080002,39.200001,39.250000,34.952499,10081300
2013-03-11,39.230000,39.430000,38.770000,38.889999,35.011017,5498600
2013-03-12,39.340000,40.200001,39.340000,39.660000,35.704208,6667400
2013-03-13,39.770000,39.799999,38.880001,38.990002,35.101040,7470500
2013-03-14,38.919998,39.650002,38.849998,39.590000,35.641205,6235500
2013-03-15,39.540001,39.840000,39.410000,39.680000,35.722229,9668800
2013-03-18,40.130001,40.700001,39.990002,40.029999,36.037308,5614200
2013-03-19,39.849998,40.720001,39.799999,40.369999,36.343391,6912800
2013-03-20,40.340000,40.639999,40.110001,40.380001,36.352390,4253300
2013-03-21,40.630001,41.840000,40.599998,41.450001,37.315678,8801600
2013-03-22,41.220001,41.650002,41.139999,41.610001,37.459721,4541000
2013-03-25,41.560001,41.619999,41.060001,41.090000,36.991577,5565100
2013-03-26,40.970001,41.130001,40.529999,41.080002,36.982582,5625900
2013-03-27,41.130001,41.860001,40.930000,41.740002,37.576752,5638800
2013-03-28,41.509998,41.939999,41.340000,41.889999,37.711792,6398800
2013-04-01,42.000000,42.000000,41.220001,41.389999,37.261658,4399700
2013-04-02,41.000000,41.099998,39.750000,39.830002,35.857262,7999100
2013-04-03,39.689999,40.009998,38.320000,38.470001,34.632904,11822400
2013-04-04,38.410000,39.279999,38.070000,39.119999,35.218063,7520600
2013-04-05,39.759998,40.320000,39.150002,39.369999,35.443138,8500500
2013-04-08,39.360001,39.520000,38.740002,39.009998,35.119041,6577400
2013-04-09,39.130001,40.639999,39.020000,40.029999,36.037308,8586900
2013-04-10,39.669998,39.849998,38.860001,38.990002,35.101040,7059800
2013-04-11,39.070000,39.320000,38.590000,38.650002,34.794960,6476300
2013-04-12,38.110001,38.209999,36.349998,36.369999,32.742359,14376900
2013-04-15,34.360001,34.740002,33.509998,33.919998,30.536737,22564900
2013-04-16,34.689999,34.840000,33.529999,33.779999,30.410704,13910200
2013-04-17,33.660000,33.820000,32.130001,32.360001,29.132339,15992800
2013-04-18,32.610001,33.110001,32.200001,32.770000,29.501438,11663400
2013-04-19,33.400002,33.570000,32.299999,32.980000,29.690493,9134700
2013-04-22,33.430000,33.919998,32.799999,33.400002,30.068602,9701500
2013-04-23,33.119999,33.160000,31.770000,32.430000,29.195353,10156600
2013-04-24,33.270000,34.500000,33.049999,34.330002,30.905844,10937500
2013-04-25,34.880001,35.130001,34.230000,34.330002,30.905844,11158100
2013-04-26,34.500000,34.540001,33.230000,33.470001,30.131618,9658200
2013-04-29,33.840000,34.270000,33.639999,33.970001,30.581753,5832700
2013-04-30,33.139999,33.320000,31.330000,32.400002,29.168344,17564300
2013-05-01,32.150002,32.970001,31.760000,32.590000,29.339392,10649200
2013-05-02,32.790001,32.990002,32.189999,32.660000,29.402411,6347700
2013-05-03,32.779999,33.430000,32.700001,33.000000,29.708504,6972900
2013-05-06,33.290001,33.480000,33.040001,33.070000,29.771517,4865200
2013-05-07,32.689999,32.740002,32.080002,32.450001,29.213356,8649200
2013-05-08,32.869999,34.070000,32.779999,33.910000,30.527729,6976400
2013-05-09,33.430000,34.250000,32.939999,33.160000,29.852539,7043100
2013-05-10,32.500000,33.119999,32.099998,33.119999,29.816528,7016700
2013-05-13,32.939999,32.939999,32.310001,32.619999,29.366398,4807800
2013-05-14,32.540001,33.080002,32.349998,32.509998,29.267370,5164800
2013-05-15,32.209999,32.279999,31.450001,31.570000,28.421129,9295900
2013-05-16,31.170000,31.910000,30.629999,31.430000,28.295094,9623800
2013-05-17,31.270000,31.320000,30.299999,30.629999,27.574884,12107700
2013-05-20,30.660000,32.389999,30.420000,32.279999,29.060308,11313000
2013-05-21,31.590000,32.220001,31.389999,31.940001,28.754229,8498600
2013-05-22,32.430000,33.119999,31.510000,31.959999,28.772228,9599200
2013-05-23,32.419998,32.740002,31.799999,32.220001,29.006296,6920900
2013-05-24,32.150002,32.590000,31.650000,31.969999,28.781233,6072700
2013-05-28,32.009998,32.650002,31.520000,32.049999,28.853256,6157100
2013-05-29,32.220001,33.130001,32.119999,33.099998,29.798517,7391200
2013-05-30,33.689999,34.480000,33.630001,34.340000,30.914843,9522000
2013-05-31,34.130001,34.290001,33.669998,34.279999,30.860836,9006700
2013-06-03,34.400002,35.439999,34.299999,34.880001,31.400988,8026900
2013-06-04,34.470001,34.630001,33.580002,34.450001,31.013870,6600500
2013-06-05,34.560001,35.139999,34.160000,34.599998,31.148911,6812300
2013-06-06,34.459999,35.340000,34.380001,34.950001,31.464005,7140200
2013-06-07,34.410000,34.419998,33.700001,34.110001,30.707788,6447800
2013-06-10,33.669998,34.150002,33.430000,33.900002,30.835127,5114900
2013-06-11,33.330002,33.730000,32.759998,32.810001,29.843679,6223000
2013-06-12,32.939999,33.540001,32.650002,33.330002,30.316664,6374800
2013-06-13,33.049999,33.700001,32.709999,33.660000,30.616827,5896800
2013-06-14,33.810001,33.889999,33.009998,33.189999,30.189322,4417400
2013-06-17,33.240002,33.630001,33.150002,33.439999,30.416719,4215100
2013-06-18,33.230000,33.270000,31.969999,32.590000,29.643564,6809100
2013-06-19,32.619999,33.230000,31.820000,31.900000,29.015949,6878300
2013-06-20,30.740000,30.830000,29.400000,29.750000,27.060328,16749000
2013-06-21,30.000000,30.370001,28.850000,30.049999,27.333202,14879100
2013-06-24,29.450001,29.629999,28.290001,29.020000,26.396322,10225900
2013-06-25,29.180000,29.450001,28.410000,28.930000,26.314461,9037700
2013-06-26,27.950001,28.080000,27.070000,27.219999,24.759062,14951800
2013-06-27,27.610001,28.230000,27.320000,27.709999,25.204762,12906200
2013-06-28,27.580000,30.250000,27.440001,29.950001,27.242241,21341900
2013-07-01,30.309999,30.690001,29.160000,30.180000,27.451448,12430700
2013-07-02,29.900000,30.120001,28.860001,29.170000,26.532764,10360500
2013-07-03,29.400000,29.809999,28.830000,29.020000,26.396322,6099300
2013-07-05,28.110001,28.120001,26.969999,27.780001,25.268431,10035900
2013-07-08,28.170000,28.260000,27.000000,27.020000,24.577139,10252300
2013-07-09,27.219999,27.500000,26.580000,27.070000,24.622623,12729200
2013-07-10,27.090000,27.190001,26.469999,26.610001,24.204214,11386200
2013-07-11,27.670000,28.299999,27.400000,28.120001,25.577696,12726700
2013-07-12,27.940001,27.940001,27.129999,27.430000,24.950077,7776300
2013-07-15,27.549999,27.690001,27.160000,27.570000,25.077419,5790000
2013-07-16,27.780001,28.740000,27.730000,28.450001,25.877855,9430000
2013-07-17,28.639999,29.000000,28.000000,28.030001,25.495832,8000800
2013-07-18,28.309999,28.450001,27.760000,28.059999,25.523115,5414900
2013-07-19,28.440001,28.950001,28.200001,28.690001,26.096161,8712200
2013-07-22,29.850000,30.680000,29.750000,30.350000,27.606077,9264600
2013-07-23,30.340000,31.410000,29.950001,31.139999,28.324657,8952400
2013-07-24,31.040001,31.049999,29.090000,29.610001,26.932985,9222400
2013-07-25,29.370001,30.719999,29.260000,29.930000,27.224049,8694700
2013-07-26,29.430000,30.440001,28.500000,30.379999,27.633366,10739900
2013-07-29,30.379999,30.500000,29.600000,30.110001,27.387777,9565100
2013-07-30,29.889999,30.340000,29.610001,30.150000,27.424160,7056400
2013-07-31,30.030001,30.580000,29.440001,30.000000,27.287724,9465100
2013-08-01,30.240000,30.350000,29.500000,29.590000,26.914791,8153400
2013-08-02,29.600000,30.170000,28.709999,28.790001,26.187122,9403600
2013-08-05,28.790001,29.160000,28.370001,28.480000,25.905148,6594900
2013-08-06,28.100000,28.150000,26.610001,26.629999,24.222401,13002500
2013-08-07,26.610001,27.040001,26.430000,26.480000,24.085964,8278700
2013-08-08,26.799999,29.030001,26.709999,28.780001,26.178020,13608600
2013-08-09,28.730000,29.780001,28.209999,29.510000,26.842030,10213500
2013-08-12,30.389999,31.240000,30.299999,30.900000,28.106352,11570000
2013-08-13,30.760000,30.760000,29.860001,30.080000,27.360489,7900400
2013-08-14,30.320000,32.099998,30.219999,31.940001,29.052332,12370000
2013-08-15,31.590000,33.380001,31.450001,33.220001,30.216610,13749600
2013-08-16,33.349998,33.900002,32.139999,32.380001,29.452547,13106500
2013-08-19,32.369999,32.770000,31.910000,32.080002,29.179672,6790300
2013-08-20,32.049999,33.119999,31.940001,32.810001,29.843679,7176100
2013-08-21,32.580002,32.770000,31.820000,31.840000,28.961370,6597900
2013-08-22,32.310001,32.950001,32.009998,32.169998,29.261536,6518400
2013-08-23,32.139999,33.630001,32.070000,33.000000,30.016500,7098100
2013-08-26,33.189999,33.840000,32.770000,33.290001,30.280275,7491500
2013-08-27,34.080002,34.270000,32.020000,32.110001,29.206957,10083100
2013-08-28,32.369999,32.959999,31.230000,31.340000,28.506578,9748100
2013-08-29,31.129999,32.119999,30.719999,31.830000,28.952272,9469700
2013-08-30,31.379999,32.139999,31.270000,31.770000,28.897697,7643400
2013-09-03,32.000000,32.180000,31.270000,31.469999,28.851864,7680500
2013-09-04,31.170000,31.700001,30.850000,31.620001,28.989380,7005300
2013-09-05,31.459999,31.530001,30.200001,30.299999,27.779196,10800900
2013-09-06,30.790001,31.180000,30.340000,30.430000,27.898378,7376400
2013-09-09,30.490000,30.750000,30.070000,30.379999,27.852539,6395900
2013-09-10,29.900000,29.959999,29.150000,29.200001,26.770716,9572700
2013-09-11,29.230000,29.629999,29.030001,29.459999,27.009083,7355300
2013-09-12,28.700001,28.860001,28.200001,28.230000,25.881413,10800600
2013-09-13,28.150000,28.680000,27.730000,28.200001,25.853905,10398900
2013-09-16,28.200001,28.760000,27.980000,28.129999,25.789734,9132100
2013-09-17,28.290001,28.520000,27.980000,28.520000,26.147285,6111900
2013-09-18,28.389999,31.120001,28.120001,30.870001,28.301775,14837700
2013-09-19,30.920000,30.969999,29.330000,29.780001,27.302460,10494600
2013-09-20,29.520000,29.520000,28.070000,28.070000,25.734718,17722800
2013-09-23,28.129999,28.750000,27.790001,27.879999,25.560524,8632000
2013-09-24,27.700001,28.290001,27.389999,28.000000,25.670547,8518800
2013-09-25,28.160000,28.830000,27.950001,28.309999,25.954756,8089000
2013-09-26,28.360001,28.690001,27.780001,28.170000,25.826405,6432700
2013-09-27,28.389999,28.809999,27.830000,27.980000,25.652210,8100700
2013-09-30,27.740000,28.389999,27.700001,28.100000,25.762226,8034800
2013-10-01,27.410000,27.500000,26.730000,27.209999,24.946270,13805800
2013-10-02,27.480000,27.790001,27.330000,27.530001,25.239647,9921000
2013-10-03,27.410000,27.680000,26.940001,26.959999,24.717070,6794300
2013-10-04,26.959999,27.070000,26.570000,26.799999,24.570379,5443100
2013-10-07,26.950001,27.280001,26.850000,27.170000,24.909597,6380400
2013-10-08,27.209999,27.469999,26.290001,26.350000,24.157818,7929900
2013-10-09,26.190001,26.760000,25.809999,26.500000,24.295334,9555800
2013-10-10,26.580000,26.639999,26.020000,26.299999,24.111979,7409600
2013-10-11,25.870001,25.920000,25.500000,25.620001,23.488554,11408700
2013-10-14,25.920000,26.020000,25.570000,25.740000,23.598564,6981400
2013-10-15,25.559999,26.160000,25.330000,26.100000,23.928614,11650500
2013-10-16,26.010000,26.270000,25.709999,25.879999,23.726915,7096000
2013-10-17,26.879999,27.420000,26.650000,27.059999,24.808752,9440300
2013-10-18,27.120001,27.290001,26.809999,26.920000,24.680395,5134000
2013-10-21,27.059999,27.510000,27.010000,27.500000,25.212141,5203900
2013-10-22,27.750000,28.709999,27.750000,28.459999,26.092272,9769000
2013-10-23,28.400000,28.490000,27.280001,27.290001,25.019615,9154900
2013-10-24,27.719999,28.160000,27.590000,27.650000,25.349667,14327200
2013-10-25,27.500000,28.020000,27.370001,27.830000,25.514687,8791900
2013-10-28,27.850000,28.500000,27.510000,28.080000,25.743887,9074300
2013-10-29,28.010000,28.219999,27.520000,27.650000,25.349667,6604700
2013-10-30,28.040001,28.469999,27.059999,28.040001,25.707218,9020400
2013-10-31,27.530001,27.660000,26.930000,27.260000,24.992109,9309500
2013-11-01,26.969999,27.059999,25.879999,25.980000,23.818594,15062000
2013-11-04,26.389999,27.420000,26.270000,27.330000,25.056290,10078400
2013-11-05,27.230000,27.580000,26.990000,27.350000,25.074621,7843800
2013-11-06,27.639999,28.080000,27.520000,27.920000,25.597198,7479900
2013-11-07,27.690001,28.080000,27.280001,27.350000,25.074621,7975800
2013-11-08,27.070000,27.590000,26.500000,27.570000,25.276320,8202700
2013-11-11,27.340000,27.650000,26.740000,27.580000,25.285492,6432500
2013-11-12,27.420000,27.540001,26.780001,26.980000,24.735403,7685600
2013-11-13,27.100000,27.379999,27.000000,27.299999,25.028780,5809900
2013-11-14,27.549999,28.200001,27.520000,28.070000,25.734718,8665100
2013-11-15,28.150000,28.450001,27.790001,27.790001,25.478020,6057200
2013-11-18,27.760000,27.809999,26.940001,27.040001,24.790417,6433000
2013-11-19,26.969999,27.370001,26.910000,27.350000,25.074621,5138400
2013-11-20,27.010000,27.090000,26.260000,26.389999,24.194485,8685300
2013-11-21,26.200001,26.230000,25.709999,25.860001,23.708588,9806100
2013-11-22,25.990000,26.240000,25.660000,25.740000,23.598564,6181100
2013-11-25,25.430000,25.750000,24.680000,25.530001,23.406036,12263000
2013-11-26,25.110001,25.270000,24.580000,24.719999,22.663427,13528800
2013-11-27,24.990000,25.219999,24.350000,24.620001,22.571741,9522300
2013-11-29,24.820000,25.200001,24.790001,24.830000,22.764277,4849700
2013-12-02,24.459999,24.600000,23.790001,23.830000,21.847467,11139500
2013-12-03,23.639999,23.770000,23.200001,23.379999,21.616323,11841600
2013-12-04,23.559999,24.209999,23.350000,23.879999,22.078609,13170100
2013-12-05,23.250000,23.690001,23.040001,23.200001,21.449905,11670500
2013-12-06,23.370001,23.559999,22.969999,23.020000,21.283485,11527900
2013-12-09,23.170000,23.680000,23.129999,23.600000,21.819727,8322100
2013-12-10,24.270000,24.570000,24.150000,24.180000,22.355978,10227300
2013-12-11,24.139999,24.139999,23.379999,23.469999,21.699539,8634900
2013-12-12,23.000000,23.430000,22.680000,23.280001,21.523870,11035700
2013-12-13,23.510000,23.549999,23.200001,23.280001,21.523870,8165300
2013-12-16,23.320000,23.580000,23.010000,23.160000,21.412918,11719500
2013-12-17,23.120001,23.360001,23.020000,23.110001,21.366693,8124700
2013-12-18,23.219999,23.650000,23.059999,23.139999,21.394428,12813700
2013-12-19,22.780001,22.850000,22.340000,22.760000,21.043097,11081500
2013-12-20,22.840000,22.920000,22.450001,22.639999,20.932150,13475100
2013-12-23,22.549999,22.770000,22.400000,22.490000,20.793463,7755900
2013-12-24,22.500000,23.170000,22.490000,23.150000,21.403679,4842300
2013-12-26,23.400000,23.590000,23.200001,23.330000,21.570101,8403900
2013-12-27,23.450001,23.639999,23.290001,23.590000,21.810488,6062200
2013-12-30,23.420000,23.420000,22.910000,22.930000,21.200275,8049100
2013-12-31,22.750000,23.200001,22.629999,23.030001,21.292732,12182100
2014-01-02,23.469999,24.270000,23.410000,23.959999,22.152576,12162400
2014-01-03,24.170000,24.290001,23.879999,23.920000,22.115593,10233600
2014-01-06,24.250000,24.540001,24.000000,24.080000,22.263519,9276100
2014-01-07,23.850000,23.980000,23.510000,23.950001,22.143330,8783800
2014-01-08,23.690001,23.730000,23.330000,23.400000,21.634817,8027400
2014-01-09,23.290001,23.410000,23.120001,23.200001,21.449905,7136000
2014-01-10,23.680000,24.040001,23.559999,23.799999,22.004644,8471900
2014-01-13,23.959999,23.959999,23.530001,23.879999,22.078609,8471700
2014-01-14,23.760000,24.120001,23.250000,23.410000,21.644060,9800500
2014-01-15,23.270000,23.809999,23.219999,23.580000,21.801237,6889500
2014-01-16,23.850000,23.959999,23.549999,23.950001,22.143330,6367800
2014-01-17,24.180000,24.879999,24.170000,24.549999,22.698065,12786900
2014-01-21,24.350000,25.120001,24.290001,24.820000,22.947701,10718900
2014-01-22,24.680000,24.700001,24.090000,24.389999,22.550140,8278800
2014-01-23,24.809999,25.500000,24.750000,25.170000,23.271297,10906700
2014-01-24,25.459999,25.650000,24.459999,24.879999,23.003174,10538500
2014-01-27,24.670000,24.709999,24.160000,24.180000,22.355978,9801600
2014-01-28,24.340000,24.760000,24.080000,24.660000,22.799765,6615700
2014-01-29,25.080000,25.219999,24.320000,24.870001,22.993929,10610400
2014-01-30,23.840000,24.389999,23.799999,24.100000,22.282013,10652900
2014-01-31,23.700001,23.740000,21.270000,21.600000,19.970602,35120000
2014-02-03,21.700001,21.850000,21.000000,21.020000,19.434351,18057400
2014-02-04,20.920000,21.309999,20.900000,21.180000,19.582291,13731400
2014-02-05,21.400000,21.459999,20.860001,20.870001,19.295670,10105900
2014-02-06,20.900000,21.260000,20.790001,21.010000,19.425104,9252400
2014-02-07,21.100000,21.650000,21.020000,21.520000,19.896637,10569100
2014-02-10,21.790001,22.430000,21.750000,22.200001,20.525337,12039500
2014-02-11,22.309999,23.030001,22.309999,22.900000,21.172539,13940600
2014-02-12,22.870001,22.940001,22.299999,22.510000,20.811953,11854300
2014-02-13,22.660000,23.559999,22.459999,23.530001,21.755014,11128800
2014-02-14,24.110001,24.230000,23.410000,23.830000,22.032381,13663900
2014-02-18,24.260000,24.330000,23.750000,24.209999,22.383715,11650600
2014-02-19,24.110001,24.320000,23.680000,23.770000,21.976908,9775000
2014-02-20,23.719999,24.549999,23.639999,24.459999,22.614857,9989000
2014-02-21,24.030001,24.090000,22.709999,23.379999,21.616323,23007300
2014-02-24,23.459999,23.820000,23.290001,23.670000,21.884449,10767300
2014-02-25,23.600000,24.080000,23.559999,23.750000,21.958414,10137900
2014-02-26,23.660000,23.910000,23.400000,23.559999,21.782749,9645600
2014-02-27,23.610001,24.080000,23.370001,23.590000,21.810488,8345300
2014-02-28,23.559999,23.600000,23.020000,23.260000,21.505379,11152800
2014-03-03,23.910000,24.250000,23.440001,23.629999,21.847466,9904400
2014-03-04,23.430000,24.200001,23.280001,24.139999,22.318998,8861600
2014-03-05,24.200001,24.660000,24.080000,24.580000,22.725805,8442200
2014-03-06,24.670000,25.080000,24.530001,24.930000,23.049408,6717000
2014-03-07,24.580000,24.639999,23.879999,24.600000,22.744297,9691100
2014-03-10,24.559999,24.650000,23.940001,24.309999,22.476173,6126400
2014-03-11,24.389999,24.549999,24.090000,24.350000,22.652931,8690800
2014-03-12,24.680000,25.120001,24.590000,25.010000,23.266930,7971800
2014-03-13,25.070000,25.530001,24.879999,25.480000,23.704174,8367300
2014-03-14,25.770000,26.200001,25.719999,26.180000,24.355385,15073600
2014-03-17,25.930000,26.370001,25.570000,25.770000,23.973963,11182900
2014-03-18,25.440001,25.620001,25.200001,25.270000,23.508806,8310400
2014-03-19,24.980000,25.340000,24.440001,24.500000,22.792475,8475400
2014-03-20,24.260000,24.980000,24.190001,24.580000,22.866901,10636100
2014-03-21,24.900000,24.900000,24.360001,24.549999,22.838991,12369300
2014-03-24,24.450001,24.600000,23.750000,23.889999,22.224989,7845800
2014-03-25,24.000000,24.190001,23.799999,23.920000,22.252897,5266400
2014-03-26,23.889999,24.020000,23.000000,23.070000,21.462137,8926600
2014-03-27,22.969999,23.150000,22.660000,22.940001,21.341194,12025500
2014-03-28,23.010000,24.129999,22.920000,23.920000,22.252897,11288800
2014-03-31,23.900000,24.100000,23.309999,23.440001,21.806351,7717300
2014-04-01,23.520000,23.740000,23.400000,23.450001,21.815651,7455800
2014-04-02,23.809999,24.459999,23.730000,24.240000,22.550592,7225200
2014-04-03,24.059999,24.180000,23.830000,24.100000,22.420351,5475600
2014-04-04,24.420000,24.650000,24.049999,24.110001,22.429659,6420000
2014-04-07,24.270000,24.850000,24.209999,24.440001,22.736658,6916400
2014-04-08,24.820000,25.059999,24.670000,24.950001,23.211115,6538100
2014-04-09,24.830000,25.360001,24.570000,24.990000,23.248325,6965400
2014-04-10,25.190001,25.510000,24.670000,24.790001,23.062263,6729000
2014-04-11,24.740000,24.780001,24.100000,24.230000,22.541288,6458000
2014-04-14,24.559999,24.740000,24.290001,24.410000,22.708744,6516200
2014-04-15,23.799999,23.940001,23.280001,23.840000,22.178471,9240500
2014-04-16,23.860001,24.020000,23.510000,23.750000,22.094749,5348200
2014-04-17,23.740000,23.900000,23.500000,23.540001,21.899384,5468600
2014-04-21,25.450001,25.459999,24.600000,25.049999,23.304140,16057500
2014-04-22,24.980000,25.200001,24.320000,25.040001,23.294842,13739800
2014-04-23,25.000000,26.260000,24.969999,25.920000,24.113506,12694800
2014-04-24,25.620001,25.799999,25.270000,25.490000,23.713474,11984900
2014-04-25,25.690001,26.500000,25.610001,26.450001,24.606569,11559300
2014-04-28,25.180000,25.389999,24.610001,24.670000,22.950623,16927700
2014-04-29,24.690001,25.270000,24.690001,25.020000,23.276234,10763100
2014-04-30,24.860001,25.059999,24.559999,24.830000,23.099482,6504900
2014-05-01,24.690001,24.889999,24.330000,24.530001,22.820391,6982900
2014-05-02,24.570000,24.940001,24.400000,24.719999,22.997139,5708400
2014-05-05,25.020000,25.020000,24.709999,24.850000,23.118078,3882000
2014-05-06,24.820000,24.820000,24.500000,24.600000,22.885502,3488900
2014-05-07,24.270000,24.290001,23.780001,24.010000,22.336628,8356600
2014-05-08,23.990000,24.190001,23.780001,24.000000,22.327326,4286800
2014-05-09,24.030001,24.120001,23.709999,24.020000,22.345930,3506000
2014-05-12,24.320000,24.670000,24.320000,24.510000,22.801779,4430800
2014-05-13,24.490000,24.969999,24.490000,24.680000,22.959934,3201300
2014-05-14,24.910000,24.990000,24.590000,24.629999,22.913408,3563600
2014-05-15,24.379999,24.549999,24.139999,24.290001,22.597115,4184200
2014-05-16,24.240000,24.240000,23.770000,23.990000,22.318020,4389500
2014-05-19,24.120001,24.129999,23.270000,23.340000,21.713326,8432700
2014-05-20,23.320000,23.680000,23.280001,23.620001,21.973808,4102100
2014-05-21,23.510000,23.610001,23.420000,23.590000,21.945900,4098300
2014-05-22,23.709999,23.750000,23.309999,23.360001,21.731932,3741000
2014-05-23,23.370001,23.620001,23.340000,23.400000,21.769144,3652600
2014-05-27,23.219999,23.219999,22.610001,22.680000,21.099321,7567000
2014-05-28,22.580000,22.620001,22.219999,22.480000,20.913254,7531000
2014-05-29,22.299999,23.010000,22.260000,22.760000,21.173742,5895600
2014-05-30,22.690001,22.900000,22.540001,22.889999,21.294682,4975300
2014-06-02,22.780001,22.930000,22.450001,22.580000,21.006292,4135700
2014-06-03,22.520000,22.830000,22.209999,22.820000,21.229563,5428700
2014-06-04,22.730000,23.080000,22.600000,22.889999,21.294682,4973900
2014-06-05,22.910000,23.160000,22.670000,23.020000,21.415619,5021100
2014-06-06,22.959999,23.190001,22.799999,23.110001,21.499352,3680600
2014-06-09,23.090000,23.120001,22.610001,22.670000,21.090019,4583400
2014-06-10,22.780001,23.020000,22.570000,22.780001,21.215750,5020200
2014-06-11,22.850000,23.190001,22.850000,23.090000,21.504457,5646100
2014-06-12,23.150000,23.459999,23.070000,23.299999,21.700041,6296500
2014-06-13,23.240000,23.480000,22.910000,23.400000,21.793173,4684200
2014-06-16,23.500000,23.520000,23.070000,23.160000,21.569651,4283300
2014-06-17,22.990000,23.430000,22.889999,23.309999,21.709351,4414800
2014-06-18,23.330000,23.740000,23.230000,23.740000,22.109819,5886600
2014-06-19,24.070000,24.590000,23.910000,24.540001,22.854893,12448000
2014-06-20,24.530001,24.920000,24.290001,24.860001,23.152925,14264600
2014-06-23,24.809999,25.250000,24.580000,25.190001,23.460258,5643800
2014-06-24,25.280001,25.420000,24.670000,24.690001,22.994589,5886500
2014-06-25,24.700001,25.030001,24.540001,24.879999,23.171539,5317400
2014-06-26,24.790001,25.090000,24.459999,25.070000,23.348495,6636700
2014-06-27,25.000000,25.360001,24.879999,25.190001,23.460258,5096300
2014-06-30,25.030001,25.540001,24.820000,25.440001,23.693096,6524100
2014-07-01,25.480000,25.719999,24.780001,25.080000,23.357817,5854500
2014-07-02,25.110001,25.500000,25.049999,25.360001,23.618582,4465700
2014-07-03,25.139999,25.209999,24.870001,25.190001,23.460258,3839500
2014-07-07,24.990000,25.139999,24.680000,24.730000,23.031849,5365600
2014-07-08,24.870001,24.959999,24.480000,24.799999,23.097034,7248800
2014-07-09,24.990000,25.690001,24.950001,25.530001,23.776915,9526200
2014-07-10,25.969999,26.040001,25.299999,25.440001,23.693096,9974300
2014-07-11,25.490000,26.170000,25.430000,25.930000,24.149446,6778900
2014-07-14,25.190001,25.639999,25.030001,25.320000,23.581331,5713900
2014-07-15,25.370001,25.520000,24.660000,24.690001,22.994589,10524900
2014-07-16,24.879999,25.610001,24.879999,25.219999,23.488199,8407700
2014-07-17,25.299999,25.639999,25.110001,25.450001,23.702406,6083100
2014-07-18,25.180000,25.530001,24.900000,25.420000,23.674461,5662100
2014-07-21,25.420000,25.600000,25.070000,25.360001,23.618582,4550500
2014-07-22,25.330000,25.549999,25.240000,25.410000,23.665150,4117400
2014-07-23,25.379999,25.459999,25.129999,25.190001,23.460258,4503600
2014-07-24,25.040001,25.090000,24.650000,24.780001,23.078415,6670800
2014-07-25,24.660000,25.230000,24.600000,25.150000,23.423006,5551100
2014-07-28,25.080000,25.709999,25.030001,25.639999,23.879358,5554600
2014-07-29,25.680000,25.760000,25.530001,25.540001,23.786228,6562500
2014-07-30,25.600000,25.730000,25.040001,25.590000,23.832788,5270700
2014-07-31,25.280001,25.410000,24.910000,24.910000,23.199482,6438900
2014-08-01,25.139999,25.360001,24.770000,25.200001,23.469572,6341600
2014-08-04,25.170000,25.740000,25.170000,25.629999,23.870043,7706500
2014-08-05,25.379999,25.930000,25.270000,25.780001,24.009745,5626900
2014-08-06,26.200001,26.540001,25.910000,26.080000,24.289145,8999700
2014-08-07,26.280001,26.280001,26.000000,26.180000,24.382278,5331100
2014-08-08,26.320000,26.500000,26.110001,26.389999,24.577858,4405000
2014-08-11,26.370001,26.629999,26.299999,26.530001,24.708241,3771200
2014-08-12,26.650000,27.350000,26.610001,27.059999,25.201847,8333600
2014-08-13,27.139999,27.400000,26.990000,27.070000,25.211164,4977500
2014-08-14,27.120001,27.320000,26.860001,27.049999,25.192535,4960400
2014-08-15,26.580000,27.000000,26.580000,26.889999,25.043524,5380700
2014-08-18,26.870001,26.930000,26.530001,26.820000,24.978334,4734100
2014-08-19,26.950001,27.020000,26.709999,26.830000,24.987646,4134500
2014-08-20,26.770000,26.950001,26.610001,26.730000,24.894512,3957700
2014-08-21,26.309999,26.690001,26.070000,26.610001,24.782751,6841100
2014-08-22,26.650000,26.650000,26.250000,26.389999,24.577858,3772900
2014-08-25,26.360001,26.370001,25.790001,25.980000,24.196014,4030900
2014-08-26,26.330000,26.570000,26.280001,26.500000,24.680296,3469700
2014-08-27,26.450001,26.750000,26.389999,26.520000,24.698933,3286000
2014-08-28,26.870001,26.990000,26.590000,26.860001,25.015587,4512500
2014-08-29,26.660000,27.200001,26.600000,27.090000,25.229784,3845500
2014-09-02,26.650000,26.850000,26.230000,26.410000,24.596481,7019500
2014-09-03,26.340000,26.520000,26.180000,26.309999,24.503351,5301500
2014-09-04,26.350000,26.500000,25.490000,25.600000,23.842102,7383200
2014-09-05,25.620001,26.020000,25.510000,25.969999,24.186697,6141200
2014-09-08,25.860001,25.889999,25.030001,25.290001,23.553389,6349300
2014-09-09,25.459999,25.610001,25.209999,25.540001,23.809765,5863800
2014-09-10,25.389999,25.559999,25.180000,25.370001,23.651283,6760700
2014-09-11,25.370001,25.620001,25.100000,25.590000,23.856369,6588700
2014-09-12,25.410000,25.500000,24.920000,25.170000,23.464830,7362700
2014-09-15,25.100000,25.120001,24.790001,25.020000,23.324993,4427000
2014-09-16,24.959999,25.340000,24.760000,25.040001,23.343636,7402600
2014-09-17,25.040001,25.070000,24.620001,24.670000,22.998697,7590900
2014-09-18,24.530001,24.590000,24.180000,24.490000,22.830896,6698700
2014-09-19,24.530001,24.549999,23.900000,24.209999,22.569864,8798300
2014-09-22,24.100000,24.170000,23.510000,23.660000,22.057125,5787300
2014-09-23,23.920000,24.270000,23.660000,23.990000,22.364767,8067700
2014-09-24,23.709999,24.200001,23.709999,23.840000,22.224928,4186700
2014-09-25,23.670000,24.010000,23.430000,23.910000,22.290188,5507900
2014-09-26,23.900000,23.900000,23.510000,23.809999,22.196960,3973000
2014-09-29,23.889999,23.889999,23.469999,23.480000,21.889318,5171800
2014-09-30,23.340000,23.590000,22.900000,23.049999,21.488451,9247000
2014-10-01,23.200001,23.330000,22.940001,23.010000,21.451164,6802400
2014-10-02,23.120001,23.459999,22.879999,23.280001,21.702868,8722900
2014-10-03,23.030001,23.059999,22.500000,22.700001,21.162157,11052700
2014-10-06,22.850000,23.219999,22.629999,23.150000,21.581678,6769800
2014-10-07,23.230000,23.230000,22.440001,22.549999,21.022326,8234900
2014-10-08,22.690001,23.709999,22.150000,23.639999,22.038481,10617100
2014-10-09,23.580000,23.580000,22.030001,22.450001,20.929096,12919900
2014-10-10,22.530001,22.910000,22.070000,22.209999,20.705359,7234400
2014-10-13,22.400000,23.160000,22.389999,22.520000,20.994356,6861500
2014-10-14,22.719999,23.209999,22.629999,22.790001,21.246065,7153300
2014-10-15,22.540001,23.100000,22.430000,22.700001,21.162157,7638900
2014-10-16,22.450001,22.990000,22.389999,22.719999,21.180809,6736100
2014-10-17,22.719999,22.790001,22.320000,22.400000,20.882488,6338300
2014-10-20,22.660000,22.910000,22.480000,22.850000,21.301998,4655000
2014-10-21,23.010000,23.180000,22.840000,22.900000,21.348612,4777700
2014-10-22,22.790001,23.070000,22.590000,22.590000,21.059612,5775300
2014-10-23,22.430000,22.510000,21.809999,22.000000,20.509584,9835900
2014-10-24,22.000000,22.110001,21.730000,21.950001,20.462967,7961500
2014-10-27,21.850000,21.900000,21.490000,21.629999,20.164644,6782000
2014-10-28,21.799999,21.900000,21.450001,21.850000,20.369749,5637600
2014-10-29,21.660000,21.690001,20.719999,20.809999,19.400200,13812200
2014-10-30,20.590000,20.690001,20.070000,20.330000,18.952715,13825200
2014-10-31,19.500000,19.700001,18.510000,18.760000,17.489080,22967300
2014-11-03,18.850000,19.190001,18.530001,19.120001,17.824694,13148300
2014-11-04,18.969999,19.150000,18.600000,18.660000,17.395855,9629800
2014-11-05,18.090000,18.610001,17.770000,17.830000,16.622086,15489800
2014-11-06,17.980000,18.559999,17.980000,18.200001,16.967020,9735800
2014-11-07,18.500000,19.209999,18.469999,19.190001,17.889950,11442000
2014-11-10,19.020000,19.020000,17.990000,18.059999,16.836504,9861100
2014-11-11,18.150000,18.870001,18.150000,18.700001,17.433147,9720800
2014-11-12,18.950001,19.040001,18.180000,18.459999,17.209408,8325900
2014-11-13,18.700001,18.830000,18.150000,18.240000,17.004305,7134600
2014-11-14,17.900000,19.200001,17.750000,19.150000,17.852657,13315600
2014-11-17,19.209999,19.360001,18.660000,19.240000,17.936562,10062100
2014-11-18,19.570000,19.959999,19.340000,19.900000,18.551847,10335100
2014-11-19,19.950001,19.969999,19.010000,19.110001,17.815367,14203700
2014-11-20,19.340000,19.700001,19.219999,19.580000,18.253532,6906400
2014-11-21,20.070000,20.070000,19.270000,19.690001,18.356077,9473000
2014-11-24,19.540001,19.639999,19.110001,19.170000,17.871307,11116600
2014-11-25,19.190001,19.730000,19.150000,19.709999,18.374722,17163800
2014-11-26,19.690001,19.730000,19.410000,19.530001,18.206913,5100200
2014-11-28,18.940001,19.059999,18.360001,18.400000,17.153471,6808300
2014-12-01,18.889999,19.860001,18.870001,19.660000,18.328110,13529100
2014-12-02,19.270000,19.570000,18.930000,19.180000,17.880629,9039900
2014-12-03,19.389999,19.840000,19.299999,19.629999,18.324022,7863800
2014-12-04,19.590000,19.690001,19.200001,19.270000,17.987978,6795700
2014-12-05,18.940001,19.139999,18.719999,19.030001,17.763948,6889700
2014-12-08,19.190001,19.530001,18.670000,19.080000,17.810617,10799700
2014-12-09,19.520000,20.450001,19.430000,20.010000,18.678745,11909300
2014-12-10,20.059999,20.350000,19.430000,19.450001,18.156000,8606200
2014-12-11,19.250000,20.040001,19.100000,19.570000,18.268021,9182100
2014-12-12,19.540001,19.540001,19.020000,19.049999,17.782612,8691600
2014-12-15,18.639999,18.990000,17.910000,17.920000,16.727795,11147800
2014-12-16,18.299999,18.370001,17.600000,17.780001,16.597107,11303500
2014-12-17,17.830000,18.580000,17.790001,18.500000,17.269207,10957500
2014-12-18,18.770000,19.430000,18.650000,19.389999,18.099993,10238700
2014-12-19,19.290001,20.090000,19.120001,19.120001,17.847954,28755500
2014-12-22,18.799999,19.170000,18.010000,18.160000,16.951824,12123900
2014-12-23,18.110001,18.660000,17.950001,18.040001,16.839806,6757000
2014-12-24,17.969999,18.709999,17.969999,18.570000,17.334547,3268900
2014-12-26,19.049999,19.139999,18.730000,18.850000,17.595919,5454700
2014-12-29,18.709999,18.850000,18.500000,18.590000,17.353216,6871700
2014-12-30,18.860001,19.490000,18.809999,19.260000,17.978640,7763900
2014-12-31,19.160000,19.230000,18.799999,18.900000,17.642591,6613300
2015-01-02,18.650000,19.389999,18.600000,19.340000,18.053318,6533500
2015-01-05,19.510000,19.600000,18.860001,19.459999,18.165337,7508100
2015-01-06,19.650000,20.660000,19.620001,20.270000,18.921444,13198100
2015-01-07,20.040001,20.520000,19.740000,20.090000,18.753426,8172100
2015-01-08,20.100000,20.379999,19.889999,19.980000,18.650742,7803400
2015-01-09,20.209999,20.730000,20.170000,20.719999,19.341509,7538200
2015-01-12,20.860001,21.400000,20.680000,21.190001,19.780237,9234100
2015-01-13,21.500000,21.530001,20.219999,20.360001,19.005461,12074600
2015-01-14,20.530001,20.740000,19.420000,19.760000,18.445377,13542000
2015-01-15,20.750000,21.900000,20.650000,21.510000,20.078949,16724000
2015-01-16,21.719999,22.290001,21.490000,22.290001,20.807058,17596200
2015-01-20,22.850000,23.719999,22.719999,23.570000,22.001898,17819200
2015-01-21,23.770000,24.440001,23.430000,24.320000,22.702002,16960600
2015-01-22,24.309999,24.690001,23.980000,24.290001,22.673998,13132700
2015-01-23,24.139999,24.430000,23.670000,24.150000,22.543312,12056800
2015-01-26,23.820000,24.629999,23.350000,24.490000,22.860693,11189200
2015-01-27,24.670000,25.250000,24.530001,25.139999,23.467451,10774500
2015-01-28,24.889999,25.049999,24.030001,24.260000,22.645994,11251300
2015-01-29,23.610001,24.340000,23.420000,24.170000,22.561985,8850000
2015-01-30,24.190001,25.219999,23.920000,25.150000,23.476786,11594400
2015-02-02,24.740000,25.200001,24.559999,25.110001,23.439449,7497000
2015-02-03,24.840000,25.070000,24.139999,24.620001,22.982038,9038100
2015-02-04,24.820000,25.030001,24.500000,24.820000,23.168736,7071100
2015-02-05,24.549999,24.860001,24.370001,24.820000,23.168736,6029500
2015-02-06,24.000000,24.299999,23.590000,24.049999,22.449963,8316600
2015-02-09,24.230000,24.740000,24.170000,24.610001,22.972710,5873600
2015-02-10,24.290001,24.570000,23.959999,24.410000,22.786009,6217400
2015-02-11,24.430000,24.600000,24.090000,24.139999,22.533978,5087300
2015-02-12,24.410000,24.700001,24.110001,24.510000,22.879362,4488600
2015-02-13,24.750000,25.059999,24.660000,24.780001,23.131401,5186800
2015-02-17,24.340000,24.600000,24.170000,24.190001,22.580654,6205200
2015-02-18,24.150000,24.850000,23.850000,24.740000,23.094059,8069900
2015-02-19,24.809999,25.020000,24.389999,24.459999,22.832691,8870900
2015-02-20,25.180000,26.379999,25.070000,25.580000,23.878174,13558300
2015-02-23,25.520000,26.129999,25.250000,25.959999,24.232895,7609600
2015-02-24,25.209999,25.910000,25.200001,25.809999,24.092875,5847900
2015-02-25,26.000000,26.129999,25.820000,26.049999,24.316908,7923000
2015-02-26,26.340000,26.549999,26.120001,26.309999,24.559608,6210600
2015-02-27,26.400000,26.700001,26.260000,26.330000,24.578276,5931800
2015-03-02,26.400000,26.510000,25.600000,25.889999,24.167553,7679300
2015-03-03,25.930000,26.340000,25.520000,25.620001,23.915518,7914900
2015-03-04,25.510000,25.709999,25.090000,25.190001,23.514118,7142100
2015-03-05,25.309999,25.650000,25.200001,25.299999,23.616804,3450500
2015-03-06,24.299999,24.410000,23.139999,23.299999,21.749863,11443700
2015-03-09,23.280001,23.379999,22.230000,22.420000,20.928408,9893300
2015-03-10,22.299999,22.930000,21.639999,21.770000,20.344341,13440900
2015-03-11,21.719999,22.480000,21.500000,22.240000,20.783560,9245800
2015-03-12,22.450001,22.629999,22.000000,22.290001,20.830286,6081500
2015-03-13,22.299999,22.379999,21.660000,22.299999,20.839628,6590100
2015-03-16,22.129999,22.379999,21.850000,22.299999,20.839628,5585400
2015-03-17,22.040001,22.450001,21.860001,22.120001,20.671419,8400100
2015-03-18,21.950001,23.070000,21.879999,22.870001,21.372301,8977900
2015-03-19,23.139999,23.299999,22.660000,22.820000,21.325575,7612300
2015-03-20,22.900000,23.330000,22.889999,22.950001,21.447063,17041600
2015-03-23,23.150000,23.290001,22.850000,23.139999,21.624620,7510300
2015-03-24,23.170000,23.200001,22.780001,22.860001,21.362961,6394400
2015-03-25,23.030001,23.200001,22.469999,22.480000,21.007839,5973700
2015-03-26,22.920000,23.080000,21.930000,22.160000,20.708794,7907300
2015-03-27,22.190001,22.510000,22.080000,22.230000,20.774212,5659700
2015-03-30,21.940001,22.270000,21.750000,22.020000,20.577969,3584900
2015-03-31,22.120001,22.209999,21.680000,21.709999,20.288267,5269200
2015-04-01,21.830000,22.770000,21.790001,22.719999,21.232124,6840100
2015-04-02,22.680000,22.910000,22.150000,22.340000,20.877010,6505100
2015-04-06,23.020000,23.100000,22.490000,22.580000,21.101294,8636900
2015-04-07,22.490000,22.530001,22.139999,22.170000,20.718143,6258400
2015-04-08,22.330000,22.379999,21.840000,22.080000,20.634039,5819000
2015-04-09,21.889999,22.340000,21.760000,22.230000,20.774212,5125000
2015-04-10,22.520000,22.610001,22.280001,22.330000,20.867668,4290700
2015-04-13,22.670000,22.820000,22.430000,22.570000,21.091949,6968200
2015-04-14,22.590000,22.889999,22.520000,22.820000,21.325575,5499400
2015-04-15,22.900000,23.559999,22.830000,23.549999,22.007769,9440800
2015-04-16,23.670000,24.040001,23.530001,23.620001,22.073189,6928600
2015-04-17,23.650000,23.940001,23.440001,23.570000,22.026459,4912100
2015-04-20,23.400000,23.610001,23.309999,23.520000,21.979733,5034600
2015-04-21,23.469999,23.600000,23.270000,23.510000,21.970388,3883800
2015-04-22,23.400000,23.490000,22.580000,22.770000,21.278847,5681200
2015-04-23,23.020000,23.549999,22.879999,23.450001,21.914318,6328800
2015-04-24,24.330000,25.379999,24.250000,24.980000,23.344128,12018900
2015-04-27,25.469999,26.360001,25.270000,25.590000,23.914175,11720400
2015-04-28,25.750000,26.379999,25.670000,26.350000,24.624405,7311400
2015-04-29,26.280001,26.790001,26.090000,26.480000,24.745893,8159100
2015-04-30,25.920000,26.530001,25.600000,26.490000,24.755234,6897200
2015-05-01,26.170000,26.530001,26.120001,26.490000,24.755234,4581100
2015-05-04,26.660000,26.799999,25.969999,26.049999,24.344049,5824900
2015-05-05,26.740000,26.740000,25.750000,25.950001,24.250605,5919500
2015-05-06,26.190001,26.230000,25.549999,25.650000,23.970249,4704600
2015-05-07,25.309999,25.840000,25.299999,25.820000,24.129110,6652000
2015-05-08,25.959999,26.320000,25.740000,26.040001,24.334711,4376700
2015-05-11,26.170000,26.379999,25.959999,26.360001,24.633751,5556500
2015-05-12,26.620001,26.660000,26.350000,26.650000,24.904758,5909400
2015-05-13,27.030001,27.639999,26.959999,27.309999,25.521536,11211800
2015-05-14,27.530001,27.770000,27.150000,27.200001,25.418741,4711700
2015-05-15,27.080000,27.790001,26.990000,27.690001,25.876652,7154900
2015-05-18,27.639999,27.719999,27.379999,27.549999,25.745825,3465900
2015-05-19,27.180000,27.450001,26.980000,27.049999,25.278563,8448400
2015-05-20,27.150000,27.900000,27.120001,27.660000,25.848612,5589400
2015-05-21,27.620001,27.639999,26.850000,27.000000,25.231840,4965100
2015-05-22,26.920000,27.270000,26.840000,27.010000,25.241186,3198100
2015-05-26,26.620001,26.719999,26.100000,26.549999,24.811308,5762700
2015-05-27,26.639999,27.090000,26.410000,27.030001,25.259872,4155400
2015-05-28,27.080000,27.510000,26.770000,27.469999,25.671059,7656000
2015-05-29,27.400000,27.559999,27.180000,27.240000,25.456120,5183100
2015-06-01,27.350000,27.480000,27.010000,27.170000,25.390707,3643700
2015-06-02,27.299999,27.340000,26.930000,26.950001,25.185116,4595100
2015-06-03,26.860001,27.010000,26.139999,26.379999,24.652439,7393400
2015-06-04,26.120001,26.809999,26.010000,26.799999,25.044937,5709700
2015-06-05,26.420000,26.450001,25.480000,25.910000,24.213219,6117600
2015-06-08,25.959999,25.969999,25.600000,25.840000,24.147802,3283800
2015-06-09,25.420000,25.900000,24.370001,24.410000,22.833542,13320700
2015-06-10,24.030001,24.129999,23.650000,23.700001,22.169394,38742200
2015-06-11,23.660000,23.840000,23.490000,23.660000,22.131983,11342200
2015-06-12,23.559999,23.860001,23.459999,23.549999,22.029081,8713400
2015-06-15,23.540001,24.469999,23.500000,24.030001,22.478083,11170000
2015-06-16,24.030001,24.150000,23.879999,23.940001,22.393898,5179800
2015-06-17,24.040001,24.660000,23.639999,24.530001,22.945797,9398900
2015-06-18,24.940001,25.090000,24.790001,25.000000,23.385439,7229400
2015-06-19,24.950001,25.070000,24.450001,24.650000,23.058044,9280200
2015-06-22,24.270000,24.290001,23.870001,23.950001,22.403250,6546000
2015-06-23,23.920000,24.410000,23.910000,24.129999,22.571629,6100300
2015-06-24,24.209999,24.389999,23.990000,24.120001,22.562269,3705000
2015-06-25,24.110001,24.170000,23.809999,23.940001,22.393898,4113700
2015-06-26,23.879999,24.049999,23.730000,23.830000,22.291002,3003300
2015-06-29,23.910000,24.020000,23.430000,23.530001,22.010376,4722200
2015-06-30,23.410000,23.610001,23.100000,23.360001,21.851358,5751500
2015-07-01,23.250000,23.400000,22.950001,23.129999,21.636206,5159700
2015-07-02,23.299999,23.709999,23.200001,23.670000,22.141333,4138100
2015-07-06,23.469999,24.070000,23.440001,23.860001,22.319067,4706200
2015-07-07,23.330000,23.469999,22.400000,22.410000,20.962702,10423800
2015-07-08,22.549999,22.790001,22.400000,22.520000,21.065605,5278100
2015-07-09,22.809999,22.900000,22.360001,22.590000,21.131079,3420200
2015-07-10,22.750000,22.920000,22.430000,22.520000,21.065605,3259900
2015-07-13,22.320000,22.559999,21.840000,22.500000,21.046892,5319300
2015-07-14,22.500000,22.610001,22.100000,22.150000,20.719500,6345000
2015-07-15,22.080000,22.150000,21.770000,21.799999,20.392099,4801400
2015-07-16,21.700001,21.760000,21.330000,21.379999,19.999222,6841100
2015-07-17,21.160000,21.200001,20.650000,20.690001,19.353788,7170300
2015-07-20,19.959999,20.000000,18.120001,18.160000,16.987183,20496200
2015-07-21,18.540001,19.080000,18.309999,18.740000,17.529724,14139600
2015-07-22,18.320000,18.930000,18.219999,18.520000,17.323931,9766700
2015-07-23,18.719999,18.740000,17.590000,17.600000,16.463352,14277000
2015-07-24,17.520000,17.950001,17.360001,17.799999,16.650431,16380000
2015-07-27,17.680000,18.150000,17.100000,17.219999,16.107891,11115000
2015-07-28,17.440001,17.690001,17.150000,17.639999,16.500767,10645600
2015-07-29,17.730000,17.870001,17.250000,17.670000,16.528831,11012100
2015-07-30,17.350000,17.709999,17.049999,17.290001,16.173372,8479000
2015-07-31,17.799999,17.799999,17.110001,17.170000,16.061123,10194100
2015-08-03,17.090000,17.200001,16.389999,16.420000,15.359558,9042100
2015-08-04,16.620001,16.840000,16.219999,16.400000,15.340848,9922500
2015-08-05,16.650000,16.940001,16.309999,16.350000,15.294078,7475400
2015-08-06,16.440001,16.870001,16.260000,16.360001,15.303432,9789500
2015-08-07,16.370001,16.719999,16.080000,16.139999,15.097639,10186600
2015-08-10,16.290001,17.070000,16.070000,16.950001,15.855331,11125500
2015-08-11,17.000000,17.100000,16.580000,17.030001,15.930162,8892000
2015-08-12,17.340000,18.440001,17.340000,18.139999,16.968475,14655200
2015-08-13,17.969999,18.059999,17.459999,17.490000,16.360451,7245200
2015-08-14,17.750000,17.809999,17.240000,17.350000,16.229496,5511900
2015-08-17,17.570000,17.959999,17.450001,17.850000,16.697205,6796400
2015-08-18,17.520000,17.680000,17.320000,17.540001,16.407225,5268800
2015-08-19,17.740000,18.020000,17.540001,17.930000,16.772039,7384700
2015-08-20,18.389999,18.799999,18.139999,18.549999,17.351995,10085100
2015-08-21,18.850000,18.920000,18.100000,18.139999,16.968475,9452100
2015-08-24,17.730000,18.190001,16.730000,16.889999,15.799202,14515600
2015-08-25,17.240000,17.250000,16.110001,16.170000,15.125704,12012200
2015-08-26,16.100000,16.110001,15.390000,15.810000,14.788953,12512300
2015-08-27,15.760000,16.820000,15.710000,16.700001,15.621474,11333400
2015-08-28,16.670000,17.370001,16.629999,17.170000,16.061123,9334500
2015-08-31,16.980000,17.250000,16.680000,17.070000,15.967581,8089800
2015-09-01,17.070000,17.440001,16.629999,16.730000,15.649536,6844800
2015-09-02,16.740000,16.879999,16.020000,16.209999,15.163118,8052500
2015-09-03,15.980000,16.709999,15.920000,16.190001,15.144408,7666100
2015-09-04,16.020000,16.049999,15.460000,15.700000,14.686056,8312800
2015-09-08,15.820000,16.020000,15.590000,15.960000,14.953074,7169700
2015-09-09,15.690000,16.090000,15.550000,15.620000,14.634525,6041100
2015-09-10,15.730000,15.910000,15.500000,15.560000,14.578311,6763400
2015-09-11,15.430000,16.290001,15.430000,16.240000,15.215409,8945500
2015-09-14,16.020000,16.190001,15.710000,15.890000,14.887492,7727900
2015-09-15,15.840000,16.350000,15.790000,15.970000,14.962444,6661200
2015-09-16,16.200001,17.070000,16.160000,16.940001,15.871251,7901300
2015-09-17,16.760000,17.469999,16.570000,17.240000,16.152319,10181900
2015-09-18,17.620001,17.650000,16.740000,16.980000,15.908726,20343900
2015-09-21,16.780001,16.980000,16.610001,16.629999,15.580803,7641200
2015-09-22,16.219999,16.360001,15.400000,15.590000,14.606420,11095000
2015-09-23,15.870000,15.870000,15.450000,15.550000,14.568943,6135500
2015-09-24,15.850000,16.809999,15.620000,16.780001,15.721342,11653500
2015-09-25,16.350000,16.670000,16.340000,16.590000,15.543332,8021700
2015-09-28,16.209999,16.280001,15.950000,16.020000,15.009291,8049000
2015-09-29,16.020000,16.250000,15.730000,15.820000,14.821908,5447000
2015-09-30,15.580000,16.170000,15.560000,16.070000,15.056135,7613300
2015-10-01,16.230000,16.440001,15.750000,15.840000,14.840647,6982600
2015-10-02,16.440001,17.100000,16.290001,17.070000,15.993044,9781800
2015-10-05,17.180000,18.129999,17.180000,17.950001,16.817526,11190800
2015-10-06,18.120001,18.650000,17.879999,18.350000,17.192291,12085500
2015-10-07,18.490000,19.200001,18.400000,18.940001,17.745070,12780500
2015-10-08,18.690001,19.410000,18.500000,18.660000,17.482733,9873600
2015-10-09,19.299999,19.459999,18.740000,18.930000,17.735695,8381300
2015-10-12,19.260000,19.260000,18.260000,18.450001,17.285976,8544800
2015-10-13,18.430000,18.610001,18.150000,18.370001,17.211027,8485200
2015-10-14,18.780001,19.590000,18.480000,19.469999,18.241627,12990900
2015-10-15,19.219999,19.440001,18.990000,19.299999,18.082352,9496300
2015-10-16,19.370001,19.459999,18.959999,18.990000,17.791908,8791100
2015-10-19,18.860001,19.200001,18.469999,18.549999,17.379669,5876600
2015-10-20,18.760000,19.139999,18.620001,18.840000,17.651373,6231200
2015-10-21,18.700001,18.730000,18.219999,18.420000,17.257874,4406700
2015-10-22,18.379999,19.129999,18.309999,19.030001,17.829386,7131800
2015-10-23,19.240000,19.639999,19.049999,19.549999,18.316578,7362100
2015-10-26,19.370001,19.410000,18.790001,18.799999,17.613890,7455100
2015-10-27,18.760000,19.139999,18.520000,18.770000,17.585791,4802600
2015-10-28,19.080000,20.299999,18.549999,19.150000,17.941816,12238000
2015-10-29,19.480000,20.570000,19.440001,19.889999,18.635128,12489700
2015-10-30,19.910000,20.129999,19.459999,19.459999,18.232256,8352700
2015-11-02,19.320000,19.760000,18.980000,19.629999,18.391533,6089400
2015-11-03,19.350000,19.490000,18.879999,19.219999,18.007399,6163700
2015-11-04,19.360001,19.510000,18.920000,19.010000,17.810652,5260900
2015-11-05,18.959999,18.959999,17.260000,17.500000,16.395912,14930400
2015-11-06,16.990000,17.700001,16.809999,17.540001,16.433395,10575600
2015-11-09,17.490000,17.940001,17.260000,17.860001,16.733208,7296400
2015-11-10,17.520000,17.799999,17.290001,17.459999,16.358438,5361400
2015-11-11,17.590000,17.830000,17.440001,17.790001,16.667622,4114400
2015-11-12,17.370001,17.870001,17.080000,17.330000,16.236639,7344800
2015-11-13,17.330000,17.510000,17.230000,17.500000,16.395912,4716500
2015-11-16,17.590000,17.910000,17.500000,17.629999,16.517714,6464000
2015-11-17,17.510000,17.670000,16.650000,16.879999,15.815031,8350600
2015-11-18,17.000000,17.719999,16.820000,17.629999,16.517714,7371500
2015-11-19,17.799999,18.110001,17.639999,18.049999,16.911213,6775700
2015-11-20,18.100000,18.180000,17.580000,17.680000,16.564560,7405100
2015-11-23,17.540001,17.670000,17.230000,17.559999,16.452131,5308300
2015-11-24,17.820000,18.150000,17.580000,18.000000,16.864370,6282800
2015-11-25,17.709999,18.250000,17.670000,17.910000,16.780043,4456700
2015-11-27,17.500000,17.629999,17.240000,17.389999,16.292856,5513700
2015-11-30,17.590000,18.520000,17.480000,18.410000,17.248503,10308100
2015-12-01,18.240000,18.450001,17.850000,18.389999,17.229763,8016200
2015-12-02,18.059999,18.389999,17.770000,17.850000,16.723831,6892000
2015-12-03,18.090000,18.940001,18.030001,18.730000,17.548311,8868000
2015-12-04,18.940001,20.490000,18.870001,20.459999,19.169168,14378700
2015-12-07,20.030001,20.170000,19.549999,19.750000,18.503960,10049800
2015-12-08,19.610001,19.700001,19.150000,19.379999,18.157303,6702500
2015-12-09,19.760000,20.040001,19.290001,19.600000,18.387144,7829200
2015-12-10,19.500000,19.790001,19.420000,19.430000,18.227665,4774500
2015-12-11,19.129999,19.799999,18.930000,19.129999,17.946226,7556900
2015-12-14,19.059999,19.129999,18.219999,18.350000,17.214497,7855700
2015-12-15,18.450001,18.580000,18.070000,18.400000,17.261402,5912700
2015-12-16,18.790001,19.260000,18.650000,19.080000,17.899323,7861300
2015-12-17,18.440001,18.440001,17.500000,17.610001,16.520288,9910900
2015-12-18,17.799999,18.150000,17.580000,17.709999,16.614098,10314100
2015-12-21,18.090000,18.250000,17.500000,17.650000,16.557814,5473300
2015-12-22,17.530001,17.889999,17.480000,17.799999,16.698526,4187000
2015-12-23,17.860001,18.250000,17.760000,18.139999,17.017490,6848800
2015-12-24,18.290001,18.610001,18.230000,18.540001,17.392742,2068300
2015-12-28,18.290001,18.410000,17.740000,17.910000,16.801720,3948000
2015-12-29,18.139999,18.170000,17.870001,18.030001,16.914299,4034900
2015-12-30,17.709999,17.809999,17.620001,17.770000,16.670385,3502700
2015-12-31,17.719999,18.049999,17.670000,17.990000,16.876772,4189200
2016-01-04,18.440001,18.750000,18.160000,18.440001,17.298929,6578900
2016-01-05,18.570000,18.570000,18.129999,18.420000,17.280165,5330800
2016-01-06,18.709999,19.049999,18.530001,18.559999,17.411501,6273200
2016-01-07,18.799999,19.110001,18.219999,18.860001,17.692938,12351400
2016-01-08,18.510000,18.780001,17.900000,18.010000,16.895535,8792400
2016-01-11,18.120001,18.240000,16.660000,17.010000,15.957412,8515600
2016-01-12,17.120001,17.180000,16.379999,17.010000,15.957412,13888300
2016-01-13,17.070000,17.610001,17.040001,17.480000,16.398331,8065200
2016-01-14,17.170000,17.600000,16.930000,17.270000,16.201328,7699500
2016-01-15,17.650000,17.870001,17.450001,17.700001,16.604717,10141700
2016-01-19,17.809999,17.850000,16.059999,16.309999,15.300729,11854700
2016-01-20,16.610001,16.719999,16.080000,16.559999,15.535259,10009500
2016-01-21,16.469999,16.770000,16.049999,16.690001,15.657219,6599600
2016-01-22,16.430000,16.930000,16.270000,16.680000,15.647835,5609500
2016-01-25,16.940001,17.799999,16.870001,17.670000,16.576574,9736900
2016-01-26,17.840000,18.799999,17.760000,18.500000,17.355213,9004900
2016-01-27,18.540001,19.480000,18.180000,19.440001,18.237045,13948100
2016-01-28,19.250000,19.750000,18.719999,19.530001,18.321472,10090700
2016-01-29,19.410000,20.070000,19.320000,19.959999,18.724863,8927100
2016-02-01,20.020000,20.650000,20.020000,20.549999,19.278358,9040100
2016-02-02,20.250000,20.410000,19.600000,20.070000,18.828054,6832000
2016-02-03,20.309999,22.400000,20.299999,22.340000,20.957592,16127100
2016-02-04,22.889999,24.150000,22.780001,23.379999,21.933237,19597400
2016-02-05,22.610001,24.500000,22.309999,24.410000,22.899498,16840100
2016-02-08,25.020000,25.940001,24.889999,25.190001,23.631231,20370000
2016-02-09,25.559999,26.020000,23.959999,24.299999,22.796303,24512700
2016-02-10,23.809999,24.379999,22.700001,24.309999,22.805691,16602100
2016-02-11,26.000000,26.100000,24.820000,25.040001,23.490517,20254400
2016-02-12,24.799999,25.950001,24.559999,25.780001,24.184725,13209100
2016-02-16,24.660000,25.450001,24.350000,24.559999,23.040218,14389500
2016-02-17,24.790001,25.150000,24.100000,24.840000,23.302891,11516200
2016-02-18,24.209999,25.330000,23.120001,25.070000,23.518660,14701000
2016-02-19,24.920000,25.600000,24.730000,24.840000,23.302891,8761100
2016-02-22,24.080000,25.490000,24.080000,25.120001,23.565561,11152000
2016-02-23,25.620001,25.850000,25.080000,25.389999,23.818851,7552400
2016-02-24,25.930000,26.400000,25.290001,25.580000,23.997101,12966900
2016-02-25,25.309999,25.950001,25.030001,25.850000,24.250389,9892900
2016-02-26,25.110001,26.250000,25.110001,25.350000,23.781330,11636800
2016-02-29,25.709999,26.389999,25.639999,25.830000,24.231632,11024700
2016-03-01,26.280001,26.459999,25.080000,25.389999,23.818851,11243800
2016-03-02,25.510000,26.410000,25.309999,26.240000,24.616261,6976500
2016-03-03,26.260000,27.129999,26.160000,26.820000,25.160370,8804900
2016-03-04,27.030001,27.980000,26.070000,26.110001,24.494303,12895400
2016-03-07,26.480000,27.090000,26.020000,26.530001,24.888313,9216300
2016-03-08,26.790001,26.940001,25.370001,25.889999,24.310823,8090100
2016-03-09,25.400000,26.270000,24.879999,26.139999,24.545578,9860100
2016-03-10,26.150000,27.620001,25.990000,27.350000,25.681770,11884700
2016-03-11,27.150000,27.490000,26.379999,26.680000,25.052643,9668200
2016-03-14,26.879999,27.129999,26.080000,26.129999,24.536186,6631500
2016-03-15,25.870001,26.480000,25.840000,26.370001,24.761549,6668100
2016-03-16,26.200001,27.650000,25.469999,27.549999,25.869576,14623200
2016-03-17,27.840000,28.389999,27.410000,27.459999,25.785061,9872300
2016-03-18,27.459999,28.280001,27.420000,27.790001,26.094934,11861600
2016-03-21,27.629999,28.090000,27.400000,27.790001,26.094934,5992900
2016-03-22,28.150000,28.290001,27.080000,27.389999,25.719332,6046000
2016-03-23,26.549999,26.559999,24.959999,24.980000,23.456327,13198100
2016-03-24,25.139999,25.490000,24.590000,25.400000,23.850714,9240700
2016-03-28,25.690001,25.770000,25.330000,25.700001,24.132418,4736200
2016-03-29,25.780001,27.030001,25.510000,26.950001,25.306170,8561200
2016-03-30,26.730000,26.900000,26.190001,26.750000,25.118368,8418800
2016-03-31,26.969999,27.100000,26.420000,26.580000,24.958740,5123400
2016-04-01,26.000000,26.660000,25.629999,26.620001,24.996302,6322200
2016-04-04,26.600000,26.610001,26.120001,26.299999,24.695816,4141800
2016-04-05,26.830000,27.330000,26.500000,27.299999,25.634821,6211700
2016-04-06,27.000000,27.750000,27.000000,27.740000,26.047981,5366500
2016-04-07,28.120001,28.549999,27.930000,27.959999,26.254564,8750200
2016-04-08,28.120001,29.360001,28.110001,29.100000,27.325033,7872500
2016-04-11,29.559999,31.150000,29.350000,31.110001,29.212433,12289300
2016-04-12,31.230000,31.250000,30.000000,30.629999,28.761707,9658500
2016-04-13,30.410000,30.469999,29.350000,29.480000,27.681849,9742500
2016-04-14,29.520000,29.639999,28.260000,28.680000,26.930645,8804200
2016-04-15,28.910000,29.469999,28.510000,29.370001,27.578560,6765200
2016-04-18,29.280001,29.530001,28.809999,29.459999,27.663073,6009500
2016-04-19,30.280001,31.110001,30.090000,30.910000,29.024626,8565400
2016-04-20,30.770000,31.750000,30.219999,30.450001,28.592686,10381600
2016-04-21,30.959999,32.580002,30.959999,32.189999,30.226549,12801100
2016-04-22,31.850000,32.349998,30.670000,31.230000,29.325106,7738300
2016-04-25,31.340000,31.590000,30.850000,31.110001,29.212433,5659200
2016-04-26,31.680000,32.099998,31.190001,31.969999,30.019974,7012700
2016-04-27,32.119999,32.340000,31.250000,32.099998,30.142044,8641800
2016-04-28,32.180000,33.599998,32.169998,32.990002,30.977760,8572600
2016-04-29,33.320000,34.990002,33.310001,34.970001,32.836987,11696900
2016-05-02,35.060001,35.200001,33.930000,34.340000,32.245415,8473800
2016-05-03,34.500000,34.590000,33.389999,33.830002,31.766521,7433000
2016-05-04,33.380001,33.840000,32.040001,32.349998,30.376791,7703400
2016-05-05,32.750000,33.299999,32.369999,32.860001,30.855694,6033500
2016-05-06,33.270000,34.619999,33.270000,34.130001,32.048222,7153600
2016-05-09,32.880001,32.889999,31.799999,31.830000,29.888512,8816300
2016-05-10,31.940001,33.169998,31.730000,33.029999,31.015312,8066500
2016-05-11,33.849998,34.700001,32.740002,33.880001,31.813475,9857700
2016-05-12,34.040001,34.230000,33.029999,33.209999,31.184332,6572200
2016-05-13,33.410000,34.240002,33.160000,34.070000,31.991880,8377600
2016-05-16,34.689999,35.540001,34.650002,35.419998,33.259533,12033200
2016-05-17,35.169998,35.750000,34.720001,35.549999,33.381599,9322000
2016-05-18,34.959999,35.660000,33.410000,33.520000,31.475426,12168300
2016-05-19,32.529999,34.349998,32.369999,34.139999,32.057610,10224000
2016-05-20,34.380001,34.580002,32.880001,33.730000,31.672617,9890900
2016-05-23,33.060001,34.299999,32.799999,33.830002,31.766521,7532500
2016-05-24,33.070000,33.230000,31.700001,31.740000,29.804003,11535400
2016-05-25,31.580000,32.660000,30.860001,32.380001,30.404961,10562300
2016-05-26,32.790001,33.080002,32.080002,32.450001,30.470694,7888900
2016-05-27,32.240002,32.950001,31.690001,31.959999,30.010582,8676800
2016-05-31,31.830000,33.060001,31.620001,32.410000,30.433128,18533500
2016-06-01,32.520000,32.970001,32.060001,32.660000,30.667887,8143300
2016-06-02,32.270000,32.689999,31.680000,32.349998,30.376791,7453300
2016-06-03,33.869999,35.459999,33.740002,35.400002,33.240757,11521200
2016-06-06,35.299999,35.680000,34.759998,35.430000,33.268925,9727000
2016-06-07,35.070000,35.369999,34.799999,34.950001,32.841381,6454900
2016-06-08,36.110001,36.410000,35.279999,35.380001,33.245434,8405200
2016-06-09,35.480000,35.970001,35.299999,35.900002,33.734062,6228000
2016-06-10,35.990002,36.820000,35.410000,35.790001,33.630699,7896100
2016-06-13,36.830002,37.000000,35.529999,35.889999,33.724663,7199600
2016-06-14,36.029999,36.060001,34.770000,35.150002,33.029316,7210700
2016-06-15,35.209999,36.709999,35.090000,36.240002,34.053551,8275700
2016-06-16,37.330002,37.389999,35.349998,35.610001,33.461563,9763000
2016-06-17,36.110001,36.290001,35.139999,35.650002,33.499146,16488600
2016-06-20,34.689999,35.490002,34.540001,35.330002,33.198444,8017100
2016-06-21,34.580002,35.220001,34.290001,34.830002,32.728622,6361700
2016-06-22,34.759998,35.820000,34.490002,35.720001,33.564919,6754300
2016-06-23,35.410000,35.869999,35.090000,35.389999,33.254829,5107600
2016-06-24,38.500000,38.680000,36.639999,37.189999,34.946236,13572700
2016-06-27,37.689999,38.450001,36.849998,37.689999,35.416061,10227300
2016-06-28,36.919998,37.770000,36.779999,37.169998,34.927437,7983900
2016-06-29,37.650002,37.959999,37.500000,37.689999,35.416061,7937000
2016-06-30,38.230000,39.240002,37.770000,39.119999,36.759789,8520000
2016-07-01,39.860001,40.490002,39.470001,40.340000,37.906193,9937000
2016-07-05,40.980000,40.990002,39.540001,40.380001,37.943764,8247600
2016-07-06,41.020000,41.459999,40.520000,41.419998,38.921036,10745100
2016-07-07,40.790001,41.270000,40.240002,40.959999,38.488777,9383500
2016-07-08,40.720001,41.389999,40.209999,41.139999,38.657917,10810200
2016-07-11,40.650002,41.090000,40.369999,41.060001,38.582748,6751700
2016-07-12,40.669998,40.950001,39.910000,39.959999,37.549114,9419800
2016-07-13,40.639999,41.270000,40.570000,40.880001,38.413612,8628900
2016-07-14,40.160000,41.680000,39.930000,41.619999,39.108959,7146400
2016-07-15,41.240002,41.570000,41.040001,41.330002,38.836460,5246800
2016-07-18,41.419998,41.630001,40.930000,41.630001,39.118359,4372700
2016-07-19,41.419998,41.560001,41.000000,41.389999,38.892841,5213200
2016-07-20,40.680000,40.689999,39.049999,39.290001,36.919537,9371200
2016-07-21,40.290001,40.869999,39.759998,40.520000,38.075329,9334300
2016-07-22,40.360001,41.490002,40.230000,41.270000,38.780071,6333100
2016-07-25,41.049999,41.049999,39.660000,40.130001,37.708866,5869900
2016-07-26,40.389999,41.290001,40.169998,41.130001,38.648525,5569700
2016-07-27,41.369999,42.590000,40.650002,42.320000,39.766731,9394800
2016-07-28,42.450001,42.810001,41.770000,42.669998,40.095612,6207000
2016-07-29,43.040001,44.169998,42.660000,44.000000,41.345367,9261000
2016-08-01,43.779999,44.240002,42.950001,44.160000,41.495716,5980300
2016-08-02,44.880001,45.910000,44.570000,45.860001,43.093151,10251900
2016-08-03,45.680000,45.680000,44.709999,45.020000,42.303825,6821300
2016-08-04,45.090000,45.439999,44.840000,44.910000,42.200462,5411700
2016-08-05,43.790001,44.490002,43.590000,44.430000,41.749424,7108700
2016-08-08,44.130001,45.090000,44.130001,44.650002,41.956154,5148700
2016-08-09,44.770000,45.470001,44.480000,45.000000,42.285034,5432500
2016-08-10,45.759998,46.020000,44.869999,45.570000,42.820648,6344500
2016-08-11,45.689999,45.910000,45.200001,45.430000,42.689102,4913000
2016-08-12,45.980000,46.070000,44.970001,45.169998,42.444782,4100300
2016-08-15,45.160000,45.450001,44.790001,44.919998,42.209862,3575600
2016-08-16,45.009998,45.099998,43.849998,44.290001,41.617874,7402800
2016-08-17,44.049999,44.349998,42.930000,44.000000,41.345367,8498600
2016-08-18,44.330002,44.700001,43.840000,44.430000,41.749424,4809600
2016-08-19,43.650002,44.310001,43.250000,44.169998,41.505108,5301800
2016-08-22,43.490002,43.730000,43.060001,43.320000,40.706406,4926400
2016-08-23,43.759998,43.830002,43.080002,43.150002,40.546654,3992300
2016-08-24,42.500000,42.500000,39.590000,39.849998,37.445751,11354500
2016-08-25,39.910000,40.970001,39.590000,40.160000,37.737057,8047900
2016-08-26,40.779999,41.450001,39.480000,39.930000,37.520920,7098800
2016-08-29,39.570000,41.139999,39.520000,40.910000,38.441799,5955100
2016-08-30,40.910000,40.910000,38.270000,38.599998,36.271164,8804200
2016-08-31,38.020000,38.560001,37.759998,38.240002,35.932892,8366200
2016-09-01,38.029999,39.439999,37.619999,39.430000,37.051090,7784100
2016-09-02,40.290001,40.990002,39.869999,40.520000,38.075329,8112400
2016-09-06,41.090000,42.000000,40.259998,42.000000,39.466026,7722800
2016-09-07,41.759998,42.119999,41.130001,42.090000,39.550602,5033400
2016-09-08,41.970001,42.689999,41.470001,41.590000,39.080772,4776800
2016-09-09,41.279999,41.299999,39.139999,39.299999,36.928928,7819700
2016-09-12,38.750000,40.580002,38.400002,40.360001,37.924976,7326400
2016-09-13,39.880001,40.060001,38.560001,39.020000,36.688545,6053500
2016-09-14,39.180000,39.459999,38.080002,38.599998,36.293644,7504600
2016-09-15,38.380001,39.400002,38.230000,39.200001,36.857788,7312300
2016-09-16,38.830002,38.939999,37.860001,38.259998,35.973957,12826600
2016-09-19,38.790001,38.880001,38.220001,38.430000,36.133793,5123800
2016-09-20,38.380001,38.669998,37.779999,38.150002,35.870533,5386600
2016-09-21,38.840000,41.150002,38.680000,41.029999,38.578449,11186200
2016-09-22,41.509998,41.970001,40.250000,40.770000,38.333992,7111600
2016-09-23,40.410000,40.910000,39.310001,39.560001,37.196289,7189000
2016-09-26,39.540001,40.049999,39.240002,39.259998,36.914211,5351500
2016-09-27,38.869999,38.869999,37.910000,38.480000,36.180813,6278100
2016-09-28,38.389999,39.369999,37.810001,39.209999,36.867199,4896300
2016-09-29,38.970001,39.360001,38.580002,39.049999,36.716759,4168400
2016-09-30,39.480000,39.869999,39.139999,39.290001,36.942417,6140500
2016-10-03,39.040001,39.330002,37.849998,38.099998,35.823521,5285400
2016-10-04,36.680000,36.869999,34.000000,34.250000,32.203560,13009200
2016-10-05,34.650002,35.099998,34.009998,34.590000,32.523243,8820100
2016-10-06,33.619999,34.279999,33.470001,34.049999,32.015507,10485800
2016-10-07,34.779999,34.849998,33.570000,33.970001,31.940285,8303000
2016-10-10,34.189999,34.560001,33.779999,34.060001,32.024914,4365800
2016-10-11,33.919998,34.439999,33.290001,33.849998,31.827461,7894700
2016-10-12,33.930000,34.790001,33.720001,34.520000,32.457420,5932200
2016-10-13,34.900002,35.650002,34.299999,34.810001,32.730095,5922400
2016-10-14,34.349998,35.020000,34.220001,34.230000,32.184750,4875300
2016-10-17,34.650002,35.330002,34.590000,35.029999,32.936947,4987500
2016-10-18,35.599998,36.290001,35.250000,36.169998,34.008842,6027500
2016-10-19,36.880001,37.160000,35.939999,36.980000,34.770439,7041400
2016-10-20,36.970001,37.150002,36.349998,37.009998,34.798645,5315200
2016-10-21,36.799999,37.000000,36.000000,36.349998,34.178085,4813900
2016-10-24,36.570000,36.669998,35.560001,35.840000,33.698559,5191900
2016-10-25,35.970001,36.959999,35.790001,36.590000,34.403744,6185700
2016-10-26,36.459999,36.669998,35.759998,36.180000,34.018234,4607100
2016-10-27,36.060001,36.380001,34.150002,34.790001,32.711300,8294700
2016-10-28,34.900002,35.919998,34.570000,35.380001,33.266041,6244900
2016-10-31,35.590000,37.099998,35.259998,37.040001,34.826866,8033200
2016-11-01,37.700001,38.470001,37.230000,37.950001,35.682484,10721000
2016-11-02,38.560001,38.869999,36.939999,37.180000,34.958492,8628600
2016-11-03,37.380001,37.900002,37.009998,37.750000,35.494431,4604300
2016-11-04,37.610001,37.950001,37.189999,37.799999,35.541451,5716400
2016-11-07,36.820000,36.820000,35.810001,36.490002,34.309715,8040400
2016-11-08,36.580002,37.049999,35.639999,36.060001,33.905411,7005400
2016-11-09,38.250000,38.400002,36.240002,37.040001,34.826866,11900500
2016-11-10,36.880001,36.900002,34.389999,34.680000,32.607868,11046400
2016-11-11,34.380001,34.560001,31.360001,31.590000,29.702494,15364100
2016-11-14,31.240000,32.759998,30.190001,32.599998,30.652142,13662100
2016-11-15,32.360001,34.029999,32.250000,33.910000,31.883877,9748500
2016-11-16,33.820000,33.889999,33.049999,33.759998,31.742836,6468600
2016-11-17,33.889999,34.270000,32.169998,32.700001,30.746174,8020400
2016-11-18,32.509998,33.340000,32.250000,32.689999,30.736773,8559100
2016-11-21,33.110001,33.410000,32.750000,33.070000,31.094069,5606400
2016-11-22,33.369999,33.389999,32.119999,33.200001,31.216299,7886900
2016-11-23,31.680000,31.940001,30.820000,31.500000,29.617870,9077900
2016-11-25,31.719999,32.150002,31.559999,31.920000,30.012779,3520300
2016-11-28,32.250000,33.500000,32.060001,33.450001,31.451366,8924900
2016-11-29,32.750000,33.830002,32.549999,33.549999,31.545380,7872900
2016-11-30,33.000000,33.200001,31.799999,32.439999,30.501703,12803100
2016-12-01,32.099998,32.849998,31.520000,32.270000,30.341866,13594400
2016-12-02,32.549999,33.669998,32.150002,33.580002,31.573591,8708700
2016-12-05,32.709999,33.970001,32.650002,33.480000,31.479567,9297200
2016-12-06,33.400002,33.860001,32.900002,33.020000,31.093485,7289500
2016-12-07,33.450001,34.020000,33.250000,33.619999,31.658478,8641200
2016-12-08,33.730000,34.060001,33.470001,33.869999,31.893900,6028300
2016-12-09,33.610001,33.660000,32.590000,32.790001,30.876905,9196200
2016-12-12,33.070000,33.110001,32.470001,32.599998,30.697987,7250700
2016-12-13,32.570000,33.939999,32.470001,33.869999,31.893900,8398100
2016-12-14,34.080002,34.430000,31.650000,31.680000,29.831667,12015900
2016-12-15,30.820000,31.370001,30.400000,30.910000,29.106590,11613800
2016-12-16,31.270000,31.799999,30.930000,31.660000,29.812836,16748500
2016-12-19,31.709999,32.080002,31.299999,31.780001,29.925833,6990000
2016-12-20,31.170000,31.760000,30.850000,31.660000,29.812836,5781100
2016-12-21,31.879999,31.959999,31.240000,31.549999,29.709255,5305600
2016-12-22,31.400000,31.879999,31.270000,31.440001,29.605671,4499800
2016-12-23,31.469999,32.560001,31.450001,32.459999,30.566156,4803500
2016-12-27,32.810001,33.240002,32.169998,32.590000,30.688576,5522700
2016-12-28,32.610001,32.869999,32.279999,32.779999,30.867485,6162700
2016-12-29,33.270000,35.310001,33.150002,35.270000,33.212215,12097000
2016-12-30,35.410000,36.090000,34.070000,34.070000,32.082226,11056600
2017-01-03,34.119999,35.000000,33.950001,34.630001,32.609558,8000900
2017-01-04,34.900002,34.990002,34.189999,34.959999,32.920300,7553000
2017-01-05,35.599998,37.250000,35.590000,36.570000,34.436367,10485100
2017-01-06,36.000000,36.490002,34.990002,35.419998,33.353455,7380000
2017-01-09,36.080002,36.160000,35.209999,35.360001,33.296967,9028800
2017-01-10,35.650002,36.169998,34.849998,35.080002,33.033302,7583400
2017-01-11,34.779999,34.790001,33.520000,34.369999,32.364727,10796700
2017-01-12,35.220001,35.349998,34.139999,34.470001,32.458893,7439000
2017-01-13,34.000000,34.650002,33.750000,34.529999,32.515388,5209600
2017-01-17,35.639999,35.840000,34.919998,35.139999,33.089794,6762700
2017-01-18,35.200001,35.950001,34.900002,35.259998,33.202805,7530300
2017-01-19,34.779999,35.439999,34.680000,34.930000,32.892056,6274100
2017-01-20,34.910000,35.389999,34.740002,35.040001,32.995636,6387600
2017-01-23,35.389999,35.990002,35.029999,35.880001,33.786625,5879500
2017-01-24,35.889999,36.919998,35.830002,36.040001,33.937294,8576800
2017-01-25,35.349998,35.580002,34.470001,34.950001,32.910881,9617700
2017-01-26,34.200001,34.270000,33.630001,34.189999,32.195225,7629300
2017-01-27,34.259998,34.669998,34.259998,34.380001,32.374134,4465300
2017-01-30,34.709999,35.490002,34.590000,34.970001,32.929714,5457000
2017-01-31,35.830002,36.349998,35.810001,36.279999,34.163284,7725600
2017-02-01,35.740002,36.029999,35.169998,35.869999,33.777203,5211200
2017-02-02,36.770000,36.880001,36.160000,36.680000,34.539948,6435400
2017-02-03,36.480000,37.200001,36.310001,36.759998,34.615284,4651700
2017-02-06,37.270000,37.939999,36.880001,37.939999,35.726433,7002000
2017-02-07,37.730000,37.790001,37.119999,37.320000,35.142612,5431000
2017-02-08,37.590000,37.869999,37.209999,37.849998,35.641682,6187700
2017-02-09,37.990002,38.009998,37.070000,37.200001,35.029610,5051100
2017-02-10,36.959999,37.720001,36.750000,37.650002,35.453358,5166400
2017-02-13,37.419998,37.570000,37.139999,37.380001,35.199104,5312400
2017-02-14,37.599998,37.680000,36.770000,37.090000,34.926033,5607100
2017-02-15,36.730000,37.160000,36.410000,37.029999,34.869526,4339800
2017-02-16,37.369999,37.689999,37.259998,37.570000,35.378021,5791300
2017-02-17,37.639999,37.650002,36.810001,37.009998,34.850697,5687900
2017-02-21,36.509998,37.490002,36.180000,37.439999,35.255604,5838600
2017-02-22,36.500000,37.090000,35.150002,36.000000,33.899620,10081900
2017-02-23,36.500000,36.990002,35.830002,35.860001,33.767796,6376000
2017-02-24,36.310001,36.900002,35.950001,36.080002,33.974957,6940500
2017-02-27,35.880001,36.240002,33.779999,33.970001,31.988062,9436200
2017-02-28,34.450001,35.009998,34.009998,34.240002,32.242306,9201400
2017-03-01,33.740002,34.709999,33.349998,34.419998,32.411808,7990400
2017-03-02,33.900002,34.150002,33.450001,33.599998,31.639647,7459000
2017-03-03,33.500000,34.310001,33.330002,34.070000,32.082226,7779200
2017-03-06,33.730000,33.820000,32.750000,33.009998,31.084074,6954500
2017-03-07,32.689999,33.349998,32.560001,32.980000,31.102932,6985500
2017-03-08,32.529999,33.529999,32.480000,32.889999,31.018051,6442000
2017-03-09,32.810001,33.130001,32.540001,32.599998,30.744556,6002600
2017-03-10,32.830002,33.169998,32.570000,32.939999,31.065212,5165400
2017-03-13,33.200001,33.230000,32.689999,33.020000,31.140654,5140200
2017-03-14,32.950001,33.270000,32.150002,32.400002,30.555946,5639500
2017-03-15,32.619999,34.220001,32.250000,34.099998,32.159187,7677200
2017-03-16,34.240002,34.490002,32.689999,32.810001,30.942612,9823200
2017-03-17,32.980000,33.500000,32.779999,32.840000,30.970901,12154000
2017-03-20,32.910000,33.560001,32.730000,33.560001,31.649929,4462400
2017-03-21,33.520000,34.349998,33.520000,34.029999,32.093170,7806800
2017-03-22,34.230000,34.560001,33.630001,33.840000,31.913984,5400300
2017-03-23,33.939999,34.169998,33.020000,33.619999,31.706501,6515700
2017-03-24,33.490002,33.779999,33.279999,33.480000,31.574474,3729000
2017-03-27,34.049999,34.270000,33.740002,33.910000,31.980003,8041100
2017-03-28,34.000000,34.209999,32.639999,33.000000,31.121794,7314400
2017-03-29,32.900002,33.320000,32.799999,33.189999,31.300976,3646700
2017-03-30,32.919998,33.160000,32.790001,32.930000,31.055777,3198500
2017-03-31,32.869999,33.400002,32.610001,32.959999,31.084070,4907400
2017-04-03,33.049999,33.919998,32.950001,33.889999,31.961142,4680100
2017-04-04,34.029999,34.189999,33.840000,34.189999,32.244061,4431600
2017-04-05,33.740002,34.580002,33.689999,34.310001,32.357235,4764800
2017-04-06,34.279999,34.290001,33.840000,34.169998,32.225204,3456200
2017-04-07,34.970001,34.970001,34.080002,34.310001,32.357235,5300200
2017-04-10,34.049999,34.689999,33.840000,34.610001,32.640163,3640200
2017-04-11,35.000000,35.529999,34.540001,35.130001,33.130573,6272200
2017-04-12,35.150002,35.419998,34.480000,35.080002,33.083408,4701200
2017-04-13,35.200001,35.209999,34.250000,34.500000,32.536423,4889400
2017-04-17,34.450001,34.889999,34.380001,34.590000,32.621296,4235000
2017-04-18,34.549999,34.580002,34.000000,34.320000,32.366673,5122600
2017-04-19,34.209999,34.290001,33.349998,33.520000,31.612194,7183700
2017-04-20,33.580002,34.130001,33.360001,33.669998,31.753660,6496200
2017-04-21,33.590000,34.439999,33.500000,34.130001,32.187481,7208200
2017-04-24,33.570000,34.180000,33.500000,33.709999,31.791382,8432500
2017-04-25,33.750000,33.750000,32.029999,32.889999,31.018051,16650400
2017-04-26,32.849998,33.020000,32.279999,32.980000,31.102932,8771500
2017-04-27,32.799999,33.130001,32.419998,32.910000,31.036917,11899000
2017-04-28,32.970001,33.959999,32.889999,33.810001,31.885693,9441600
2017-05-01,33.650002,33.860001,32.610001,32.680000,30.820009,6654100
2017-05-02,32.700001,33.090000,32.500000,33.009998,31.131226,5627800
2017-05-03,32.919998,33.360001,32.650002,32.689999,30.829441,5597800
2017-05-04,32.279999,32.509998,32.119999,32.279999,30.442772,6790300
2017-05-05,32.419998,33.070000,32.349998,32.730000,30.867161,4002400
2017-05-08,32.880001,32.880001,32.290001,32.680000,30.820009,3308500
2017-05-09,32.410000,32.830002,32.320000,32.759998,30.895454,3121900
2017-05-10,33.099998,33.160000,32.599998,32.950001,31.074640,4374500
2017-05-11,33.060001,33.639999,32.799999,33.480000,31.574474,5236100
2017-05-12,33.779999,34.029999,33.560001,33.750000,31.829113,4576700
2017-05-15,34.160000,34.160000,33.599998,33.869999,31.942280,3962300
2017-05-16,33.880001,33.959999,33.639999,33.750000,31.829113,3944400
2017-05-17,33.750000,34.810001,33.750000,34.259998,32.310074,6451500
2017-05-18,34.020000,34.119999,33.250000,33.310001,31.414158,5725400
2017-05-19,33.459999,33.680000,33.320000,33.630001,31.715937,5041900
2017-05-22,33.869999,34.029999,33.639999,33.680000,31.763092,3866500
2017-05-23,33.759998,33.970001,32.959999,33.049999,31.168945,4713300
2017-05-24,32.959999,33.700001,32.720001,33.660000,31.744230,5903300
2017-05-25,33.509998,33.689999,33.130001,33.430000,31.527321,3689200
2017-05-26,33.720001,34.279999,33.599998,34.110001,32.168621,4565400
2017-05-30,33.770000,34.099998,33.750000,33.970001,32.036587,3911400
2017-05-31,33.950001,34.389999,33.900002,34.150002,32.206345,7332500
2017-06-01,33.580002,34.220001,33.580002,34.020000,32.083744,3676300
2017-06-02,34.299999,34.660000,33.689999,34.029999,32.093170,4532900
2017-06-05,34.049999,34.130001,33.549999,33.840000,31.913984,3103000
2017-06-06,34.290001,35.419998,34.060001,35.400002,33.434601,8028700
2017-06-07,35.270000,35.560001,34.799999,35.509998,33.538490,4634100
2017-06-08,35.509998,35.509998,34.840000,35.020000,33.075703,5668900
2017-06-09,34.529999,34.830002,34.180000,34.299999,32.395676,4610800
2017-06-12,34.000000,34.630001,33.959999,34.380001,32.471226,4358300
2017-06-13,34.299999,34.830002,34.240002,34.480000,32.565678,3930500
2017-06-14,35.070000,35.110001,33.500000,33.720001,31.847876,6680900
2017-06-15,33.450001,33.799999,32.919998,33.040001,31.205626,6799900
2017-06-16,33.150002,33.250000,32.709999,32.840000,31.016731,7180900
2017-06-19,32.770000,33.119999,32.560001,32.880001,31.054508,4365400
2017-06-20,32.830002,33.000000,32.549999,32.840000,31.016731,3273600
2017-06-21,32.880001,33.230000,32.680000,33.150002,31.309523,2643700
2017-06-22,33.380001,33.669998,33.150002,33.500000,31.640089,3545800
2017-06-23,33.840000,33.939999,33.639999,33.810001,31.932875,4271400
2017-06-26,33.490002,34.090000,33.430000,33.770000,31.895096,3288600
2017-06-27,34.020000,34.020000,32.990002,33.070000,31.233961,5678500
2017-06-28,33.180000,33.430000,32.669998,33.040001,31.205626,3801700
2017-06-29,32.820000,32.820000,32.200001,32.230000,30.440596,5850800
2017-06-30,32.230000,32.529999,32.119999,32.389999,30.591713,4588500
2017-07-03,31.780001,31.969999,31.420000,31.889999,30.119471,4024600
2017-07-05,32.130001,32.990002,32.000000,32.680000,30.865614,8030800
2017-07-06,32.560001,32.720001,32.209999,32.279999,30.487818,3853400
2017-07-07,32.150002,32.349998,31.860001,32.029999,30.251698,4185500
2017-07-10,31.940001,32.669998,31.700001,32.529999,30.723942,4399600
2017-07-11,32.529999,33.009998,32.189999,32.950001,31.120623,3962300
2017-07-12,33.349998,33.480000,33.070000,33.169998,31.328405,3979500
2017-07-13,33.150002,33.450001,32.900002,32.939999,31.111181,3917300
2017-07-14,33.419998,33.639999,33.240002,33.299999,31.451189,4396800
2017-07-17,33.470001,33.990002,33.419998,33.730000,31.857313,3600000
2017-07-18,33.880001,33.959999,33.490002,33.709999,31.838425,5626200
2017-07-19,33.660000,34.060001,33.619999,33.880001,31.998987,4668400
2017-07-20,33.820000,34.320000,33.709999,33.919998,32.036770,5921200
2017-07-21,34.150002,34.459999,34.029999,34.389999,32.480675,4465800
2017-07-24,34.389999,34.470001,33.889999,33.900002,32.017876,4849100
2017-07-25,34.580002,36.639999,34.500000,36.240002,34.227962,8897500
2017-07-26,35.930000,37.299999,35.820000,36.959999,34.907982,7671400
2017-07-27,37.270000,37.349998,36.349998,36.439999,34.416855,7528300
2017-07-28,36.639999,37.130001,36.360001,37.060001,35.002434,4348100
2017-07-31,37.070000,37.330002,36.810001,37.169998,35.106327,5294800
2017-08-01,37.099998,37.250000,36.779999,36.980000,34.926876,5270600
2017-08-02,36.709999,37.139999,36.490002,36.869999,34.822987,3854000
2017-08-03,36.790001,37.070000,36.560001,36.590000,34.558529,4405600
2017-08-04,36.290001,36.549999,35.900002,36.150002,34.142963,4072500
2017-08-07,36.150002,36.439999,35.970001,36.169998,34.161846,3291800
2017-08-08,36.290001,36.380001,35.500000,35.740002,33.755722,4745500
2017-08-09,36.270000,36.330002,35.720001,36.099998,34.095734,4514500
2017-08-10,36.500000,36.660000,36.279999,36.439999,34.416855,4600100
2017-08-11,36.490002,36.740002,36.279999,36.529999,34.501862,4370100
2017-08-14,36.299999,36.349998,35.860001,36.020000,34.020176,5183600
2017-08-15,35.450001,35.939999,35.220001,35.770000,33.784058,3870400
2017-08-16,35.750000,36.230000,35.610001,36.130001,34.124069,4766700
2017-08-17,36.209999,36.209999,35.880001,36.049999,34.048508,5008500
2017-08-18,36.439999,37.299999,35.779999,35.830002,33.840729,7433100
2017-08-21,35.990002,36.790001,35.919998,36.610001,34.577419,4879000
2017-08-22,36.509998,37.130001,36.400002,36.500000,34.473530,3412200
2017-08-23,36.560001,37.000000,36.560001,36.980000,34.926876,3033800
2017-08-24,36.939999,37.099998,36.639999,36.820000,34.775757,4823200
2017-08-25,37.000000,37.340000,36.980000,36.990002,34.936325,4172200
2017-08-28,37.270000,38.910000,37.240002,38.299999,36.173588,9008700
2017-08-29,38.889999,38.889999,37.770000,38.040001,35.928028,7078800
2017-08-30,37.980000,38.099998,37.799999,38.060001,35.946915,3991500
2017-08-31,38.139999,38.430000,38.060001,38.340000,36.211365,6009400
2017-09-01,38.590000,38.820000,38.220001,38.660000,36.513599,3958500
2017-09-05,38.980000,39.110001,38.410000,38.750000,36.598610,6590900
2017-09-06,38.720001,38.950001,37.990002,38.380001,36.249153,6326900
2017-09-07,38.709999,39.630001,38.599998,39.599998,37.401417,5894400
2017-09-08,39.480000,39.549999,39.029999,39.310001,37.127514,5478700
2017-09-11,38.810001,39.279999,38.009998,38.220001,36.098038,5813700
2017-09-12,38.139999,38.430000,37.959999,38.349998,36.220814,2828800
2017-09-13,38.150002,38.259998,37.740002,37.880001,35.847015,3822500
2017-09-14,37.680000,38.240002,37.410000,38.060001,36.017357,7749900
2017-09-15,38.110001,38.139999,37.549999,37.849998,35.818619,4936400
2017-09-18,37.630001,37.950001,37.610001,37.779999,35.752384,4079200
2017-09-19,37.810001,38.150002,37.750000,38.090000,36.045746,3408400
2017-09-20,38.270000,38.709999,37.150002,37.630001,35.610428,6197300
2017-09-21,37.139999,37.919998,37.070000,37.430000,35.421165,4408500
2017-09-22,37.540001,37.970001,37.540001,37.889999,35.856480,2859900
2017-09-25,37.849998,38.660000,37.660000,38.630001,36.556767,4058500
2017-09-26,38.270000,38.570000,37.880001,37.970001,35.932190,5120100
2017-09-27,37.209999,37.500000,36.880001,37.209999,35.212975,6567700
2017-09-28,37.220001,37.820000,37.119999,37.619999,35.600967,5976900
2017-09-29,37.689999,37.689999,37.259998,37.509998,35.496868,2775000
2017-10-02,37.330002,37.980000,37.330002,37.880001,35.847015,3461600
2017-10-03,38.029999,38.270000,37.880001,38.230000,36.178230,2658000
2017-10-04,38.299999,38.480000,37.759998,38.080002,36.036282,2984900
2017-10-05,38.119999,38.299999,37.900002,37.950001,35.913254,2441000
2017-10-06,37.910000,38.169998,37.380001,38.060001,36.017357,5167500
2017-10-09,38.259998,38.439999,38.169998,38.279999,36.225548,2014100
2017-10-10,38.520000,38.570000,37.840000,37.900002,35.865936,2735300
2017-10-11,38.090000,38.330002,38.080002,38.080002,36.036282,3375600
2017-10-12,38.099998,38.529999,37.980000,38.389999,36.329643,2754700
2017-10-13,38.680000,38.849998,38.320000,38.590000,36.518909,2230600
2017-10-16,38.750000,38.750000,37.849998,37.990002,35.951118,3928600
2017-10-17,37.669998,38.459999,37.549999,38.349998,36.291790,3923800
2017-10-18,38.110001,38.360001,37.860001,37.860001,35.828087,3320100
2017-10-19,38.080002,38.259998,37.740002,37.840000,35.809166,4402200
2017-10-20,37.869999,37.970001,37.549999,37.790001,35.761845,3477600
2017-10-23,37.490002,37.680000,37.169998,37.369999,35.364388,4231400
2017-10-24,37.320000,37.570000,37.099998,37.130001,35.137264,4038100
2017-10-25,37.080002,37.180000,36.189999,36.750000,34.777660,8935900
2017-10-26,37.009998,37.189999,35.070000,35.810001,33.888111,8556300
2017-10-27,35.740002,36.349998,35.669998,35.799999,33.878643,4602400
2017-10-30,35.799999,36.389999,35.619999,36.230000,34.285568,4744300
2017-10-31,36.189999,36.299999,35.880001,36.160000,34.219330,4114400
2017-11-01,36.360001,36.459999,35.590000,35.689999,33.774548,4001700
2017-11-02,35.820000,36.500000,35.770000,36.480000,34.522148,5469600
2017-11-03,36.369999,36.490002,35.759998,36.040001,34.105766,3430000
2017-11-06,36.130001,36.799999,36.119999,36.369999,34.418056,4346800
2017-11-07,36.380001,36.549999,35.990002,36.040001,34.105766,4340000
2017-11-08,36.240002,36.490002,36.139999,36.310001,34.361275,3161200
2017-11-09,36.220001,36.419998,35.740002,35.880001,33.954353,4218400
2017-11-10,35.840000,36.080002,35.490002,35.520000,33.613678,4663200
2017-11-13,35.590000,36.020000,35.500000,35.709999,33.793476,4428500
2017-11-14,35.560001,36.349998,35.490002,36.279999,34.332882,4108400
2017-11-15,36.470001,36.480000,35.939999,36.080002,34.143612,5011800
2017-11-16,36.070000,36.200001,35.849998,36.090000,34.153080,2738800
2017-11-17,36.130001,36.320000,35.930000,36.209999,34.266644,3139100
2017-11-20,36.150002,36.490002,36.060001,36.330002,34.380203,2971900
2017-11-21,36.490002,36.740002,36.299999,36.369999,34.418056,4109700
2017-11-22,36.540001,36.919998,36.470001,36.709999,34.739811,4144300
2017-11-24,36.730000,37.060001,36.660000,36.680000,34.711418,1705600
2017-11-27,36.970001,37.110001,36.669998,37.099998,35.108875,4760500
2017-11-28,37.130001,37.590000,37.090000,37.139999,35.146729,4724100
2017-11-29,36.700001,36.910000,36.320000,36.599998,34.635712,4232800
2017-11-30,36.349998,37.200001,36.349998,36.990002,35.004784,9372400
2017-12-01,37.070000,37.610001,36.779999,37.189999,35.194042,5074400
2017-12-04,37.240002,37.240002,36.660000,36.840000,34.862835,3777300
2017-12-05,36.599998,36.799999,36.070000,36.200001,34.257179,5984100
2017-12-06,36.250000,36.400002,35.779999,35.830002,33.907043,5797400
2017-12-07,35.529999,36.130001,35.450001,35.919998,34.063507,4047700
2017-12-08,35.830002,36.200001,35.169998,35.400002,33.570389,5314100
2017-12-11,35.180000,35.750000,34.520000,34.669998,32.878109,7943900
2017-12-12,34.619999,34.680000,34.200001,34.590000,32.802246,6460400
2017-12-13,34.650002,36.020000,34.570000,35.750000,33.902290,7527300
2017-12-14,35.750000,36.080002,35.380001,35.900002,34.044544,4414400
2017-12-15,36.209999,36.290001,35.840000,35.869999,34.016090,11602000
2017-12-18,36.049999,36.959999,36.000000,36.650002,34.755783,4531100
2017-12-19,36.549999,36.779999,36.169998,36.349998,34.471283,3151700
2017-12-20,36.480000,36.720001,36.110001,36.610001,34.717846,2814100
2017-12-21,36.580002,36.930000,36.549999,36.730000,34.831642,3669000
2017-12-22,36.860001,36.990002,36.709999,36.919998,35.011822,2217800
2017-12-26,37.000000,38.040001,36.919998,37.570000,35.628227,4347700
2017-12-27,37.619999,37.840000,37.450001,37.599998,35.656677,4042000
2017-12-28,37.810001,37.810001,37.330002,37.509998,35.571327,2244900
2017-12-29,37.700001,37.770000,37.369999,37.520000,35.580814,2725900
2018-01-02,37.869999,38.299999,37.820000,38.160000,36.187733,5325800
2018-01-03,38.209999,38.259998,37.490002,37.840000,35.884277,5143600
2018-01-04,37.750000,38.259998,37.369999,38.259998,36.282570,3876000
2018-01-05,38.180000,38.430000,38.020000,38.400002,36.415333,2877300
2018-01-08,38.349998,38.520000,37.959999,38.360001,36.377399,4719800
2018-01-09,38.150002,38.320000,37.950001,38.110001,36.140324,3902600
2018-01-10,38.470001,38.500000,38.080002,38.340000,36.358429,3542100
2018-01-11,38.410000,38.900002,38.400002,38.840000,36.832588,4093300
2018-01-12,39.040001,39.840000,38.860001,39.790001,37.733490,5068400
2018-01-16,39.790001,40.220001,39.130001,40.000000,37.932636,6917800
2018-01-17,39.689999,40.250000,39.410000,39.450001,37.411064,5215700
2018-01-18,39.480000,40.000000,39.169998,39.240002,37.211918,4669400
2018-01-19,39.639999,39.639999,39.230000,39.470001,37.430031,3960100
2018-01-22,39.549999,39.689999,39.240002,39.660000,37.610210,2860900
2018-01-23,39.529999,40.439999,39.099998,40.320000,38.236103,3284000
2018-01-24,41.169998,42.040001,41.169998,41.570000,39.421490,8014400
2018-01-25,41.750000,41.930000,40.669998,40.770000,38.662838,5814400
2018-01-26,40.849998,41.299999,40.830002,41.049999,38.928368,3338400
2018-01-29,40.779999,40.919998,40.040001,40.080002,38.008499,4742300
2018-01-30,40.119999,40.549999,39.650002,40.099998,38.027470,4204300
2018-01-31,40.389999,40.610001,39.830002,40.509998,38.416275,5987600
2018-02-01,40.230000,41.020000,40.169998,40.360001,38.274033,4339300
2018-02-02,39.880001,39.889999,38.900002,38.970001,36.955872,5936200
2018-02-05,39.169998,39.480000,37.759998,37.799999,35.846340,8489700
2018-02-06,37.410000,37.830002,37.020000,37.630001,35.685123,8980000
2018-02-07,37.619999,37.860001,36.880001,37.029999,35.116138,8964000
2018-02-08,37.189999,37.230000,36.549999,36.610001,34.717846,13378900
2018-02-09,36.880001,36.880001,35.980000,36.759998,34.860088,11000500
2018-02-12,36.900002,37.189999,36.419998,36.910000,35.002342,6256700
2018-02-13,36.930000,37.230000,36.740002,37.020000,35.106651,5421600
2018-02-14,36.930000,39.310001,36.849998,39.000000,36.984314,8195500
2018-02-15,39.200001,39.430000,38.480000,39.410000,37.373131,5359800
2018-02-16,39.139999,39.389999,38.680000,39.110001,37.088638,5395600
2018-02-20,38.740002,39.090000,38.189999,38.389999,36.405849,5718400
2018-02-21,38.580002,39.130001,38.090000,38.160000,36.187733,5736600
2018-02-22,37.970001,38.730000,37.580002,37.630001,35.685123,4903500
2018-02-23,37.799999,38.750000,37.689999,38.689999,36.690342,4812800
2018-02-26,39.020000,39.369999,38.650002,39.320000,37.287781,4770400
2018-02-27,39.099998,39.310001,38.160000,38.439999,36.453259,5350800
2018-02-28,38.480000,39.049999,38.169998,38.200001,36.225670,6266300
2018-03-01,38.040001,38.270000,37.139999,38.110001,36.140324,6502700
2018-03-02,38.279999,38.590000,37.930000,37.930000,35.969624,5202900
2018-03-05,37.790001,38.369999,37.480000,38.279999,36.301533,4398500
2018-03-06,38.630001,39.160000,38.419998,38.849998,36.842075,6411500
2018-03-07,38.590000,38.880001,37.610001,37.700001,35.880810,5732400
2018-03-08,37.720001,37.889999,37.320000,37.660000,35.842739,4149600
2018-03-09,37.650002,37.849998,37.240002,37.709999,35.890324,5675400
2018-03-12,37.310001,38.029999,37.279999,37.980000,36.147297,3691700
2018-03-13,38.080002,38.470001,38.009998,38.220001,36.375717,3895400
2018-03-14,38.310001,38.540001,38.070000,38.189999,36.347164,3480000
2018-03-15,37.830002,38.080002,37.270000,37.310001,35.509636,4156900
2018-03-16,37.400002,37.630001,36.959999,37.389999,35.585770,10404900
2018-03-19,37.389999,37.599998,37.110001,37.470001,35.661907,5226600
2018-03-20,37.439999,37.540001,37.189999,37.299999,35.500111,3516500
2018-03-21,37.509998,38.529999,37.330002,38.220001,36.375717,5200500
2018-03-22,38.259998,38.450001,37.590000,37.610001,35.795151,4823100
2018-03-23,38.259998,39.169998,38.160000,38.759998,36.889656,6879800
2018-03-26,39.150002,40.029999,39.150002,39.889999,37.965130,7583300
2018-03-27,39.459999,39.639999,38.900002,39.029999,37.146626,5873700
2018-03-28,38.830002,38.900002,38.220001,38.389999,36.537514,5371500
2018-03-29,38.270000,39.169998,38.270000,39.070000,37.184704,4651000
2018-04-02,39.389999,39.619999,39.180000,39.270000,37.375053,4128400
2018-04-03,39.150002,39.150002,38.599998,38.830002,36.956284,3488800
2018-04-04,39.200001,39.279999,38.840000,38.990002,37.108562,4202800
2018-04-05,38.790001,39.380001,38.639999,39.270000,37.375053,4815300
2018-04-06,39.400002,39.610001,39.049999,39.290001,37.394085,4107000
2018-04-09,39.349998,39.349998,38.169998,38.580002,36.718346,5983100
2018-04-10,38.790001,39.709999,38.750000,39.470001,37.565403,4794700
2018-04-11,40.000000,41.139999,39.849998,40.639999,38.678940,9140100
2018-04-12,40.310001,40.740002,39.830002,40.400002,38.450523,5722200
2018-04-13,40.880001,41.980000,40.880001,41.599998,39.592617,5578000
2018-04-16,41.750000,41.860001,41.119999,41.419998,39.421299,3876100
2018-04-17,41.470001,41.790001,41.230000,41.380001,39.383232,4155300
2018-04-18,41.750000,41.900002,40.980000,41.090000,39.107224,7317000
2018-04-19,41.330002,41.959999,41.240002,41.939999,39.916214,5464700
2018-04-20,41.720001,41.810001,41.180000,41.349998,39.354679,3779900
2018-04-23,40.860001,41.209999,40.549999,41.060001,39.078674,3383700
2018-04-24,41.230000,41.490002,40.860001,41.049999,39.069153,4052400
2018-04-25,40.549999,41.060001,40.349998,40.520000,38.564732,5238300
2018-04-26,40.549999,41.200001,40.150002,40.770000,38.802670,2880000
2018-04-27,40.750000,40.910000,40.340000,40.660000,38.697971,3454400
2018-04-30,40.310001,40.349998,39.259998,39.290001,37.394085,5900800
2018-05-01,39.020000,39.279999,38.669998,39.220001,37.327461,4192400
2018-05-02,39.419998,39.610001,38.849998,39.189999,37.298912,6061900
2018-05-03,39.520000,39.860001,39.279999,39.810001,37.888992,4935500
2018-05-04,39.529999,39.750000,39.439999,39.650002,37.736717,3746800
2018-05-07,39.650002,40.240002,39.630001,39.869999,37.946095,3164200
2018-05-08,39.639999,39.980000,39.209999,39.980000,38.050789,3732200
2018-05-09,39.930000,40.290001,39.790001,39.959999,38.031754,3096200
2018-05-10,40.130001,40.540001,40.119999,40.419998,38.469555,3093200
2018-05-11,40.419998,40.639999,40.130001,40.389999,38.441006,3015800
2018-05-14,40.529999,40.840000,40.160000,40.389999,38.441006,3820800
2018-05-15,39.680000,39.740002,38.970001,39.509998,37.603466,4709400
2018-05-16,39.490002,39.740002,39.410000,39.689999,37.774780,3167500
2018-05-17,39.709999,39.709999,39.189999,39.360001,37.460712,3091000
2018-05-18,39.209999,39.290001,39.000000,39.160000,37.270359,3623700
2018-05-21,39.180000,39.410000,38.770000,39.369999,37.470222,2758100
2018-05-22,39.330002,39.490002,38.770000,38.790001,36.918213,3305900
2018-05-23,38.770000,39.630001,38.770000,39.590000,37.679611,4101600
2018-05-24,39.619999,40.029999,39.580002,39.970001,38.041275,3585900
2018-05-25,39.830002,39.950001,39.259998,39.439999,37.536842,3788600
2018-05-29,39.009998,39.650002,38.869999,38.930000,37.051460,5239600
2018-05-30,39.020000,39.340000,38.770000,39.189999,37.298912,2619200
2018-05-31,39.330002,39.349998,38.730000,38.930000,37.051460,6983900
2018-06-01,38.889999,39.049999,38.439999,38.639999,36.775452,4140000
2018-06-04,38.790001,38.830002,38.150002,38.250000,36.404274,3367100
2018-06-05,38.320000,38.849998,38.259998,38.549999,36.689796,3003800
2018-06-06,38.480000,38.689999,38.200001,38.660000,36.928596,6265900
2018-06-07,38.799999,38.919998,38.430000,38.580002,36.852180,3642300
2018-06-08,38.590000,38.590000,38.209999,38.380001,36.661140,3657100
2018-06-11,38.330002,38.689999,38.180000,38.570000,36.842628,2947000
2018-06-12,38.889999,39.130001,38.570000,38.790001,37.052776,4227900
2018-06-13,38.959999,39.049999,38.430000,38.700001,36.966805,4064700
2018-06-14,38.990002,39.189999,38.810001,39.160000,37.406208,3762800
2018-06-15,38.799999,38.799999,38.020000,38.400002,36.680241,11737300
2018-06-18,38.270000,38.560001,38.189999,38.430000,36.708897,3530500
2018-06-19,38.180000,38.580002,38.060001,38.349998,36.632481,3981800
2018-06-20,38.490002,38.610001,37.869999,37.950001,36.250397,3791300
2018-06-21,37.900002,38.000000,36.860001,37.020000,35.362045,5091600
2018-06-22,37.230000,37.610001,37.160000,37.459999,35.782337,5713600
2018-06-25,37.160000,37.400002,36.750000,36.990002,35.333389,4024800
2018-06-26,36.650002,37.369999,36.599998,37.169998,35.505322,3771100
2018-06-27,37.009998,37.490002,36.950001,36.980000,35.323837,2770500
2018-06-28,37.259998,37.259998,36.880001,37.000000,35.342941,4037100
2018-06-29,37.060001,38.139999,36.950001,37.709999,36.021145,4935900
2018-07-02,37.470001,37.830002,37.230000,37.549999,35.868309,2813100
2018-07-03,37.970001,38.599998,37.560001,37.639999,35.954281,3885700
2018-07-05,37.900002,38.599998,37.830002,38.430000,36.708897,3650300
2018-07-06,38.189999,38.250000,37.740002,37.830002,36.135769,4052500
2018-07-09,38.259998,38.400002,37.529999,37.790001,36.097557,4166500
2018-07-10,37.410000,37.959999,37.279999,37.910000,36.212185,4242800
2018-07-11,37.570000,37.639999,36.959999,37.070000,35.409809,4640300
2018-07-12,37.270000,37.500000,37.090000,37.130001,35.467117,2671400
2018-07-13,36.910000,37.070000,36.759998,36.840000,35.190109,2089100
2018-07-16,36.770000,36.840000,36.369999,36.500000,34.865334,3121300
2018-07-17,36.259998,37.139999,36.209999,36.939999,35.285625,4662500
2018-07-18,36.599998,37.349998,36.540001,37.180000,35.514881,4088500
2018-07-19,36.650002,37.500000,36.599998,37.009998,35.352493,4391500
2018-07-20,37.220001,37.369999,36.849998,37.020000,35.362045,3575100
2018-07-23,36.950001,37.369999,36.520000,36.570000,34.932198,4837000
2018-07-24,36.889999,37.299999,36.700001,37.130001,35.467117,5220300
2018-07-25,37.349998,37.490002,36.950001,37.470001,35.791893,4076800
2018-07-26,37.180000,38.630001,36.799999,37.810001,36.116669,6702200
2018-07-27,37.900002,37.919998,36.759998,36.889999,35.237865,4662700
2018-07-30,36.779999,36.990002,36.570000,36.730000,35.085033,3860400
2018-07-31,36.740002,36.869999,36.360001,36.680000,35.037273,4952300
2018-08-01,36.500000,36.750000,36.220001,36.439999,34.808022,3800600
2018-08-02,36.169998,36.459999,36.020000,36.230000,34.607426,4546000
2018-08-03,36.419998,36.820000,36.200001,36.459999,34.827126,5108400
2018-08-06,36.290001,36.750000,36.119999,36.209999,34.588322,4999200
2018-08-07,36.500000,36.610001,35.980000,36.070000,34.454590,5070000
2018-08-08,36.200001,36.400002,36.000000,36.160000,34.540562,4406700
2018-08-09,36.209999,36.410000,35.680000,35.709999,34.110714,5400500
2018-08-10,35.560001,35.959999,35.389999,35.599998,34.005642,3537700
2018-08-13,35.369999,35.720001,34.480000,34.650002,33.098186,5416900
2018-08-14,34.779999,34.810001,33.869999,33.939999,32.419979,5081000
2018-08-15,33.470001,33.650002,31.580000,31.799999,30.375826,11054700
2018-08-16,31.969999,32.360001,31.549999,31.600000,30.184780,10189800
2018-08-17,31.740000,32.360001,31.450001,32.060001,30.624182,9395900
2018-08-20,32.279999,32.459999,31.670000,31.889999,30.461792,6189700
2018-08-21,31.990000,32.029999,31.610001,31.950001,30.519108,4545800
2018-08-22,32.220001,32.470001,32.099998,32.320000,30.872536,4961800
2018-08-23,32.009998,32.060001,31.459999,31.660000,30.242094,7476200
2018-08-24,31.969999,32.520000,31.820000,32.029999,30.595524,5403900
2018-08-27,32.099998,32.490002,32.029999,32.250000,30.805672,4579700
2018-08-28,32.430000,32.490002,31.690001,31.840000,30.414032,4710500
2018-08-29,31.790001,31.900000,31.629999,31.740000,30.318512,4871800
2018-08-30,31.530001,31.549999,30.790001,31.049999,29.659412,6160800
2018-08-31,30.750000,31.430000,30.730000,31.030001,29.640310,5266400
2018-09-04,30.590000,30.639999,30.030001,30.090000,28.742409,7235800
2018-09-05,30.459999,30.469999,30.000000,30.129999,28.780615,6077500
2018-09-06,30.290001,30.490000,30.020000,30.240000,28.885689,5304100
2018-09-07,30.059999,30.330000,29.850000,30.129999,28.780615,4473100
2018-09-10,29.980000,30.129999,29.650000,29.740000,28.408085,4148600
2018-09-11,29.510000,29.830000,29.160000,29.629999,28.303009,4991000
2018-09-12,29.360001,30.440001,29.320000,30.160000,28.946041,6621300
2018-09-13,30.559999,30.900000,29.750000,30.219999,29.003624,5274500
2018-09-14,30.120001,30.780001,30.120001,30.379999,29.157187,5619900
2018-09-17,30.530001,30.790001,30.299999,30.639999,29.406717,4716200
2018-09-18,30.809999,31.090000,30.559999,30.850000,29.608269,3992100
2018-09-19,31.209999,31.750000,31.020000,31.520000,30.251299,5752500
2018-09-20,31.850000,31.940001,31.240000,31.500000,30.232103,5490800
2018-09-21,31.209999,31.770000,31.090000,31.559999,30.289688,11595500
2018-09-24,31.690001,32.090000,31.059999,31.090000,29.838606,8393900
2018-09-25,31.240000,31.730000,31.020000,31.250000,29.992167,6117900
2018-09-26,31.110001,31.110001,29.830000,29.870001,28.667713,8672800
2018-09-27,29.590000,30.309999,29.299999,29.980000,28.773285,7219900
2018-09-28,30.230000,30.559999,30.090000,30.200001,28.984432,4704400
2018-10-01,30.200001,30.490000,30.020000,30.350000,29.128393,3437300
2018-10-02,30.620001,31.320000,30.520000,31.170000,29.915386,7426700
2018-10-03,31.309999,31.590000,30.469999,30.480000,29.253159,5430300
2018-10-04,30.549999,30.690001,30.110001,30.370001,29.147589,4330300
2018-10-05,30.500000,30.750000,30.450001,30.580000,29.349136,5168000
2018-10-08,30.010000,30.559999,29.760000,30.520000,29.291552,5122300
2018-10-09,30.450001,30.540001,29.940001,30.110001,28.898052,4048800
2018-10-10,30.570000,30.840000,30.020000,30.559999,29.329941,6746100
2018-10-11,31.170000,32.900002,30.900000,32.720001,31.402998,12410800
2018-10-12,32.389999,32.540001,31.370001,32.040001,30.750370,9036300
2018-10-15,32.560001,33.250000,32.490002,32.660000,31.345411,6878000
2018-10-16,32.840000,32.939999,31.969999,32.290001,30.990307,4732600
2018-10-17,32.209999,32.720001,31.000000,32.110001,30.817551,5330800
2018-10-18,31.959999,32.860001,31.740000,32.369999,31.067087,6171900
2018-10-19,32.459999,32.700001,32.060001,32.189999,30.894329,5932400
2018-10-22,32.090000,32.349998,31.430000,31.969999,30.683186,6233800
2018-10-23,32.720001,32.790001,31.770000,32.410000,31.105473,9212500
2018-10-24,32.259998,32.520000,31.600000,31.760000,30.481640,6791000
2018-10-25,31.209999,31.730000,29.059999,29.600000,28.408583,13657700
2018-10-26,29.850000,30.990000,29.709999,30.000000,28.792479,9291100
2018-10-29,30.110001,31.400000,29.700001,30.760000,29.521891,6416300
2018-10-30,30.680000,31.280001,30.469999,31.000000,29.752232,6532300
2018-10-31,30.680000,30.930000,30.059999,30.920000,29.675449,8680500
2018-11-01,31.510000,32.180000,31.260000,32.060001,30.769566,5395100
2018-11-02,31.920000,32.490002,31.719999,32.419998,31.115072,5260800
2018-11-05,32.459999,32.669998,31.879999,32.389999,31.086281,4309400
2018-11-06,32.500000,32.520000,32.040001,32.310001,31.009501,3806800
2018-11-07,32.509998,32.790001,32.119999,32.500000,31.191853,5072200
2018-11-08,32.419998,32.669998,32.130001,32.419998,31.115072,3802100
2018-11-09,31.969999,32.270000,31.510000,32.020000,30.731173,4082800
2018-11-12,31.950001,31.959999,31.410000,31.530001,30.260897,5148500
2018-11-13,31.549999,31.740000,30.930000,31.410000,30.145727,5414300
2018-11-14,31.520000,32.750000,31.340000,32.400002,31.095881,6549200
2018-11-15,32.509998,32.939999,32.310001,32.860001,31.537365,5725000
2018-11-16,33.340000,33.650002,33.139999,33.320000,31.978846,6020500
2018-11-19,33.290001,33.700001,32.639999,32.790001,31.470181,5785500
2018-11-20,33.150002,33.150002,32.369999,32.900002,31.575752,4627100
2018-11-21,32.959999,33.700001,32.959999,33.590000,32.237980,4663300
2018-11-23,33.340000,33.340000,32.349998,32.459999,31.153463,2598300
2018-11-26,32.580002,33.130001,32.310001,32.470001,31.163063,4285100
2018-11-27,32.430000,32.599998,31.650000,31.959999,30.673588,5086800
2018-11-28,32.009998,32.720001,31.600000,32.689999,31.374207,4735200
2018-11-29,32.910000,32.950001,32.340000,32.340000,31.038298,3673600
2018-11-30,32.189999,32.380001,31.760000,32.340000,31.038298,7679800
2018-12-03,32.799999,33.330002,32.590000,33.220001,31.882874,4446500
2018-12-04,33.439999,34.130001,33.320000,33.790001,32.429928,6370900
2018-12-06,33.560001,33.810001,32.419998,32.660000,31.606777,9165900
2018-12-07,32.939999,33.720001,32.570000,33.389999,32.313240,6958000
2018-12-10,33.410000,34.490002,33.330002,33.529999,32.448723,8010700
2018-12-11,33.770000,33.939999,33.209999,33.340000,32.264851,5322100
2018-12-12,33.500000,34.240002,33.450001,34.080002,32.980991,4670500
2018-12-13,34.139999,34.240002,33.669998,34.040001,32.942276,5358900
2018-12-14,33.570000,33.740002,33.209999,33.310001,32.235821,5086300
2018-12-17,33.540001,33.930000,33.410000,33.610001,32.526146,6937100
2018-12-18,33.450001,34.599998,33.450001,34.160000,33.058407,7394100
2018-12-19,34.230000,34.669998,32.000000,32.090000,31.055162,10052400
2018-12-20,33.000000,34.380001,32.930000,34.090000,32.990665,10694100
2018-12-21,34.220001,34.669998,33.450001,33.529999,32.448723,16320500
2018-12-24,33.980000,34.689999,33.910000,34.580002,33.464867,4266700
2018-12-26,34.869999,35.040001,34.090000,34.529999,33.416473,5665200
2018-12-27,34.660000,34.990002,34.340000,34.990002,33.861645,5537300
2018-12-28,34.830002,35.080002,34.279999,34.470001,33.358414,5419500
2018-12-31,34.470001,34.709999,34.119999,34.650002,33.532608,4149100
2019-01-02,34.450001,34.779999,33.939999,34.480000,33.368088,4094800
2019-01-03,34.740002,34.869999,34.049999,34.380001,33.271313,5763200
2019-01-04,33.910000,34.490002,33.279999,34.380001,33.271313,8622600
2019-01-07,34.669998,34.930000,33.799999,33.970001,32.874538,4868600
2019-01-08,33.630001,34.080002,33.389999,34.070000,32.971310,6457200
2019-01-09,34.020000,34.540001,33.970001,34.369999,33.261635,5259700
2019-01-10,34.299999,34.930000,34.189999,34.820000,33.697124,5008400
2019-01-11,34.910000,35.180000,34.740002,34.880001,33.755192,3821500
2019-01-14,32.849998,33.490002,31.650000,31.780001,30.755157,28513700
2019-01-15,31.770000,31.969999,30.670000,31.020000,30.019667,15514100
2019-01-16,31.080000,31.959999,31.000000,31.559999,30.542253,8730200
2019-01-17,31.549999,31.639999,31.209999,31.620001,30.600319,5386400
2019-01-18,31.500000,32.139999,31.320000,31.770000,30.745481,8021500
2019-01-22,31.760000,32.189999,31.450001,32.099998,31.064838,8188700
2019-01-23,31.910000,32.480000,31.730000,32.200001,31.161615,8544500
2019-01-24,32.000000,32.240002,31.840000,32.180000,31.142258,6683400
2019-01-25,32.660000,33.200001,32.570000,33.160000,32.090656,10288800
2019-01-28,33.340000,33.500000,32.669998,32.910000,31.848715,10985700
2019-01-29,33.310001,33.590000,32.790001,33.540001,32.458401,8387900
2019-01-30,33.580002,34.189999,33.060001,33.709999,32.622917,6900700
2019-01-31,33.869999,34.250000,33.529999,34.110001,33.010021,8441500
2019-02-01,34.130001,34.160000,33.360001,33.840000,32.748726,6208800
2019-02-04,33.430000,34.209999,33.310001,34.160000,33.058407,5382900
2019-02-05,34.099998,34.150002,33.700001,34.119999,33.019695,4709300
2019-02-06,33.820000,34.310001,33.820000,33.980000,32.884212,4864300
2019-02-07,33.869999,34.290001,33.580002,33.730000,32.642273,4099300
2019-02-08,33.860001,33.980000,33.509998,33.840000,32.748726,4209200
2019-02-11,33.520000,33.880001,33.410000,33.650002,32.564854,3945800
2019-02-12,33.810001,33.810001,33.279999,33.389999,32.313240,5833400
2019-02-13,33.279999,33.660000,33.119999,33.230000,32.158398,5427600
2019-02-14,33.099998,33.310001,32.750000,33.110001,32.042267,7110100
2019-02-15,33.380001,33.480000,32.959999,33.240002,32.168076,6160000
2019-02-19,33.619999,34.740002,33.000000,34.529999,33.416473,10131300
2019-02-20,34.759998,35.860001,34.400002,35.389999,34.248741,11737000
2019-02-21,35.700001,36.099998,34.480000,35.410000,34.268097,12114500
2019-02-22,36.189999,37.630001,35.830002,36.480000,35.303593,33898300
2019-02-25,36.299999,36.490002,35.439999,36.099998,34.935844,14348900
2019-02-26,35.980000,36.200001,34.730000,34.950001,33.822929,13697700
2019-02-27,34.869999,34.900002,33.799999,34.020000,32.922924,13571800
2019-02-28,33.919998,34.310001,33.799999,34.119999,33.019695,9454900
2019-03-01,33.810001,34.480000,33.669998,33.820000,32.729370,11698200
2019-03-04,33.799999,34.509998,33.660000,34.450001,33.339054,11457400
2019-03-05,34.320000,34.750000,34.209999,34.500000,33.387444,8590900
2019-03-06,34.380001,34.419998,33.090000,33.139999,32.201973,13029900
2019-03-07,33.070000,33.419998,32.939999,33.220001,32.279709,16102400
2019-03-08,33.750000,34.040001,33.209999,33.709999,32.755840,8988600
2019-03-11,33.279999,33.810001,32.459999,33.450001,32.503201,40174200
2019-03-12,33.630001,34.630001,33.520000,34.520000,33.542915,19818400
2019-03-13,34.730000,34.939999,34.200001,34.410000,33.436028,17027300
2019-03-14,33.779999,34.040001,33.389999,33.419998,32.474049,11498800
2019-03-15,33.549999,33.889999,32.910000,33.139999,32.201973,14393100
2019-03-18,33.320000,33.389999,32.950001,33.000000,32.065937,8772100
2019-03-19,33.240002,33.790001,33.180000,33.279999,32.338009,9453900
2019-03-20,33.200001,33.950001,32.660000,33.869999,32.911312,13382000
2019-03-21,33.860001,34.480000,33.580002,34.330002,33.358295,15559800
2019-03-22,34.049999,34.799999,33.549999,34.500000,33.523479,31349200
2019-03-25,34.810001,35.279999,34.500000,34.900002,33.912159,26182900
2019-03-26,34.540001,35.560001,34.540001,35.560001,34.553478,23925300
2019-03-27,35.650002,35.840000,35.389999,35.709999,34.699230,11174200
2019-03-28,35.169998,35.930000,35.060001,35.570000,34.563190,9611800
2019-03-29,35.810001,36.029999,35.599998,35.770000,34.757534,9924500
2019-04-01,35.840000,36.029999,35.430000,35.610001,34.602062,9228300
2019-04-02,35.509998,35.919998,35.380001,35.830002,34.815838,11167100
2019-04-03,35.869999,36.099998,35.709999,35.950001,34.932438,8077000
2019-04-04,35.939999,36.490002,35.630001,36.480000,35.447433,10703000
2019-04-05,36.349998,36.529999,36.110001,36.500000,35.466869,5761500
2019-04-08,36.709999,36.830002,36.349998,36.660000,35.622341,6306500
2019-04-09,36.700001,36.779999,36.209999,36.599998,35.564037,5079800
2019-04-10,36.529999,36.689999,36.200001,36.270000,35.243382,6562100
2019-04-11,35.930000,36.279999,35.650002,35.970001,34.951874,10950300
2019-04-12,36.110001,36.419998,35.599998,36.250000,35.223946,10550700
2019-04-15,35.980000,36.220001,35.779999,36.169998,35.146206,13278300
2019-04-16,35.169998,35.220001,34.689999,34.790001,34.648247,11176500
2019-04-17,34.639999,34.959999,33.970001,34.180000,34.040733,82542900
2019-04-18,34.150002,34.220001,32.869999,33.040001,32.905380,26298500
2019-04-22,33.240002,33.250000,32.349998,32.549999,32.417374,12610600
2019-04-23,32.259998,32.639999,32.240002,32.369999,32.238106,11636200
2019-04-24,32.360001,32.599998,32.080002,32.200001,32.068802,12384500
2019-04-25,32.830002,32.830002,31.170000,31.629999,31.501122,11454200
2019-04-26,31.870001,31.940001,31.370001,31.459999,31.331816,11462100
2019-04-29,31.340000,31.450001,30.590000,30.760000,30.634668,13552700
2019-04-30,30.740000,31.090000,30.530001,31.059999,30.933445,9588600
2019-05-01,30.900000,31.070000,30.080000,30.320000,30.196461,7707000
2019-05-02,30.040001,30.420000,29.940001,30.100000,29.977358,8289700
2019-05-03,30.430000,30.639999,30.180000,30.219999,30.096867,7044100
2019-05-06,30.110001,30.129999,29.820000,29.940001,29.818010,6190800
2019-05-07,30.000000,30.830000,29.860001,30.719999,30.594830,13692300
2019-05-08,30.860001,31.129999,30.010000,30.200001,30.076950,8983600
2019-05-09,30.120001,30.459999,29.840000,29.930000,29.808050,6850800
2019-05-10,29.980000,30.370001,29.770000,30.150000,30.027153,7544400
2019-05-13,30.469999,31.080000,30.209999,30.910000,30.784056,9641700
2019-05-14,30.850000,30.889999,30.620001,30.830000,30.704382,6982100
2019-05-15,30.950001,31.010000,30.629999,30.690001,30.564953,9298100
2019-05-16,30.500000,30.700001,30.209999,30.549999,30.425524,6742100
2019-05-17,30.420000,30.980000,30.320000,30.920000,30.794016,6777900
2019-05-20,30.900000,31.430000,30.799999,31.170000,31.042997,6864800
2019-05-21,30.930000,31.450001,30.799999,31.340000,31.212305,7162200
2019-05-22,31.370001,31.540001,31.209999,31.320000,31.192387,7263000
2019-05-23,31.600000,32.029999,31.320000,31.639999,31.511082,8810000
2019-05-24,31.540001,31.969999,31.469999,31.920000,31.789942,6135400
2019-05-28,31.750000,31.879999,31.469999,31.670000,31.540960,11372900
2019-05-29,31.580000,31.709999,31.100000,31.600000,31.471245,6370900
2019-05-30,31.719999,32.169998,31.600000,32.090000,31.959249,6749100
2019-05-31,32.459999,33.400002,32.369999,33.090000,32.955173,13522400
2019-06-03,33.299999,33.630001,32.860001,33.630001,33.492973,11862600
2019-06-04,33.500000,34.360001,33.250000,34.360001,34.220001,12264300
2019-06-05,34.540001,34.750000,34.060001,34.490002,34.490002,10111000
2019-06-06,34.610001,35.400002,34.509998,35.310001,35.310001,11645600
2019-06-07,35.490002,35.849998,35.259998,35.669998,35.669998,11352800
2019-06-10,35.139999,35.340000,34.840000,35.290001,35.290001,9607000
2019-06-11,35.259998,35.389999,34.830002,34.919998,34.919998,15816500
2019-06-12,35.090000,35.669998,35.090000,35.470001,35.470001,9086200
2019-06-13,35.529999,35.840000,35.369999,35.549999,35.549999,8126100
2019-06-14,35.759998,36.240002,35.689999,35.930000,35.930000,9563500
2019-06-17,35.910000,36.250000,35.660000,36.220001,36.220001,7435200
2019-06-18,36.500000,36.630001,35.810001,36.009998,36.009998,9284700
2019-06-19,35.759998,36.500000,35.610001,36.360001,36.360001,11639800
2019-06-20,37.599998,38.470001,37.369999,37.580002,37.580002,19911400
2019-06-21,37.599998,37.880001,37.270000,37.490002,37.490002,19060400
2019-06-24,37.740002,38.439999,37.419998,38.439999,38.439999,13605300
2019-06-25,38.650002,38.740002,37.939999,37.939999,37.939999,13505400
2019-06-26,37.450001,38.320000,37.209999,38.270000,38.270000,9849000
2019-06-27,37.880001,38.130001,37.689999,38.080002,38.080002,7232900
2019-06-28,38.040001,38.480000,37.869999,38.470001,38.470001,9132600
2019-07-01,37.630001,37.990002,37.209999,37.910000,37.910000,8806600
2019-07-02,38.040001,38.529999,37.799999,38.439999,38.439999,7180100
2019-07-03,38.580002,38.910000,38.290001,38.759998,38.759998,5049300
2019-07-05,37.869999,38.529999,37.360001,38.419998,38.419998,6581900
2019-07-08,38.580002,38.669998,38.029999,38.290001,38.290001,4820500
2019-07-09,38.020000,38.759998,38.000000,38.759998,38.759998,5115100
2019-07-10,38.990002,39.130001,38.740002,39.049999,39.049999,6114200
2019-07-11,38.980000,39.400002,38.750000,39.279999,39.279999,6613800
2019-07-12,39.369999,39.490002,39.160000,39.419998,39.419998,4164500
2019-07-15,39.380001,39.470001,38.849998,39.169998,39.169998,4264800
2019-07-16,39.119999,39.240002,38.549999,38.689999,38.689999,6542500
2019-07-17,38.790001,39.320000,38.630001,39.060001,39.060001,6436300
2019-07-18,38.840000,39.980000,38.680000,39.700001,39.700001,9102600
2019-07-19,39.279999,39.840000,38.910000,39.290001,39.290001,7218600
2019-07-22,39.360001,39.910000,39.189999,39.900002,39.900002,6543100
2019-07-23,39.840000,40.330002,39.490002,39.619999,39.619999,6647500
2019-07-24,39.590000,39.759998,39.189999,39.299999,39.299999,7806900
2019-07-25,38.330002,39.680000,37.119999,38.250000,38.250000,13468500
2019-07-26,38.029999,38.189999,36.900002,37.279999,37.279999,10396600
2019-07-29,37.480000,37.770000,37.189999,37.709999,37.709999,7817300
2019-07-30,37.799999,37.930000,37.380001,37.730000,37.730000,4468900
2019-07-31,37.480000,37.599998,36.029999,36.520000,36.520000,10687000
2019-08-01,35.970001,37.389999,35.650002,37.150002,37.150002,11935000
2019-08-02,36.830002,37.259998,36.660000,36.910000,36.910000,5882600
2019-08-05,37.910000,38.259998,37.250000,37.419998,37.419998,10576200
