Date,Open,High,Low,Close,Adj Close,Volume
1980-12-12,0.146484,0.148438,0.146484,0.146484,0.003095,8153600
1980-12-15,0.152344,0.154297,0.152344,0.152344,0.003219,6643200
1980-12-16,0.152344,0.152344,0.148438,0.148438,0.003136,6630400
1980-12-17,0.146484,0.146484,0.142578,0.142578,0.003013,4672000
1980-12-18,0.146484,0.150391,0.146484,0.146484,0.003095,11251200
1980-12-19,0.152344,0.154297,0.152344,0.152344,0.003219,10035200
1980-12-22,0.152344,0.156250,0.152344,0.152344,0.003219,1856000
1980-12-23,0.156250,0.160156,0.156250,0.156250,0.003301,5696000
1980-12-24,0.162109,0.166016,0.162109,0.162109,0.003425,2444800
1980-12-26,0.164063,0.167969,0.164063,0.164063,0.003467,1459200
1980-12-29,0.164063,0.166016,0.162109,0.162109,0.003425,1740800
1980-12-30,0.166016,0.167969,0.166016,0.166016,0.003508,4364800
1980-12-31,0.166016,0.167969,0.164063,0.164063,0.003467,2918400
1981-01-02,0.167969,0.171875,0.167969,0.167969,0.003549,1574400
1981-01-05,0.174805,0.177734,0.174805,0.174805,0.003694,5824000
1981-01-06,0.175781,0.177734,0.175781,0.175781,0.003714,6950400
1981-01-07,0.167969,0.167969,0.166016,0.166016,0.003508,8806400
1981-01-08,0.164063,0.164063,0.162109,0.162109,0.003425,3302400
1981-01-09,0.162109,0.164063,0.160156,0.160156,0.003384,2470400
1981-01-12,0.162109,0.166016,0.162109,0.162109,0.003425,3353600
1981-01-13,0.166016,0.169922,0.166016,0.166016,0.003508,4467200
1981-01-14,0.171875,0.175781,0.171875,0.171875,0.003632,7923200
1981-01-15,0.171875,0.173828,0.171875,0.171875,0.003632,2521600
1981-01-16,0.171875,0.175781,0.171875,0.171875,0.003632,3328000
1981-01-19,0.171875,0.173828,0.171875,0.171875,0.003632,4032000
1981-01-20,0.169922,0.169922,0.166016,0.166016,0.003508,3507200
1981-01-21,0.166016,0.167969,0.164063,0.164063,0.003467,985600
1981-01-22,0.162109,0.162109,0.156250,0.156250,0.003301,1318400
1981-01-23,0.160156,0.164063,0.160156,0.160156,0.003384,1382400
1981-01-26,0.160156,0.160156,0.156250,0.156250,0.003301,1126400
1981-01-27,0.156250,0.158203,0.156250,0.156250,0.003301,857600
1981-01-28,0.156250,0.158203,0.156250,0.156250,0.003301,1164800
1981-01-29,0.156250,0.160156,0.156250,0.156250,0.003301,2521600
1981-01-30,0.154297,0.154297,0.150391,0.150391,0.003178,832000
1981-02-02,0.150391,0.150391,0.146484,0.146484,0.003095,2060800
1981-02-03,0.146484,0.150391,0.146484,0.146484,0.003095,1139200
1981-02-04,0.146484,0.150391,0.146484,0.146484,0.003095,2060800
1981-02-05,0.150391,0.152344,0.150391,0.150391,0.003178,3878400
1981-02-06,0.150391,0.154297,0.150391,0.150391,0.003178,1216000
1981-02-09,0.150391,0.152344,0.146484,0.146484,0.003095,1139200
1981-02-10,0.146484,0.150391,0.146484,0.146484,0.003095,2176000
1981-02-11,0.146484,0.148438,0.142578,0.142578,0.003013,1254400
1981-02-12,0.142578,0.148438,0.142578,0.142578,0.003013,217600
1981-02-13,0.142578,0.146484,0.140625,0.140625,0.002971,921600
1981-02-17,0.140625,0.144531,0.140625,0.140625,0.002971,806400
1981-02-18,0.144531,0.148438,0.144531,0.144531,0.003054,2201600
1981-02-19,0.148438,0.152344,0.148438,0.148438,0.003136,1881600
1981-02-20,0.148438,0.152344,0.146484,0.146484,0.003095,1536000
1981-02-23,0.146484,0.150391,0.146484,0.146484,0.003095,537600
1981-02-24,0.148438,0.154297,0.148438,0.148438,0.003136,2009600
1981-02-25,0.148438,0.152344,0.148438,0.148438,0.003136,537600
1981-02-26,0.150391,0.154297,0.150391,0.150391,0.003178,844800
1981-02-27,0.150391,0.156250,0.150391,0.150391,0.003178,755200
1981-03-02,0.150391,0.156250,0.150391,0.150391,0.003178,896000
1981-03-03,0.154297,0.158203,0.154297,0.154297,0.003260,3801600
1981-03-04,0.154297,0.156250,0.154297,0.154297,0.003260,2508800
1981-03-05,0.154297,0.156250,0.152344,0.152344,0.003219,691200
1981-03-06,0.152344,0.154297,0.150391,0.150391,0.003178,1638400
1981-03-09,0.150391,0.152344,0.148438,0.148438,0.003136,972800
1981-03-10,0.140625,0.140625,0.136719,0.136719,0.002889,1433600
1981-03-11,0.138672,0.142578,0.138672,0.138672,0.002930,1830400
1981-03-12,0.140625,0.144531,0.140625,0.140625,0.002971,3904000
1981-03-13,0.142578,0.146484,0.142578,0.142578,0.003013,729600
1981-03-16,0.142578,0.144531,0.138672,0.138672,0.002930,921600
1981-03-17,0.138672,0.140625,0.138672,0.138672,0.002930,832000
1981-03-18,0.138672,0.140625,0.136719,0.136719,0.002889,2022400
1981-03-19,0.136719,0.138672,0.134766,0.134766,0.002848,3558400
1981-03-20,0.136719,0.138672,0.136719,0.136719,0.002889,1728000
1981-03-23,0.136719,0.140625,0.136719,0.136719,0.002889,2688000
1981-03-24,0.138672,0.140625,0.138672,0.138672,0.002930,3264000
1981-03-25,0.138672,0.140625,0.136719,0.136719,0.002889,1241600
1981-03-26,0.138672,0.142578,0.138672,0.138672,0.002930,3379200
1981-03-27,0.140625,0.142578,0.140625,0.140625,0.002971,1395200
1981-03-30,0.144531,0.148438,0.144531,0.144531,0.003054,3136000
1981-03-31,0.146484,0.152344,0.146484,0.146484,0.003095,3955200
1981-04-01,0.156250,0.160156,0.156250,0.156250,0.003301,3046400
1981-04-02,0.156250,0.160156,0.156250,0.156250,0.003301,4915200
1981-04-03,0.160156,0.162109,0.160156,0.160156,0.003384,1369600
1981-04-06,0.160156,0.160156,0.156250,0.156250,0.003301,2752000
1981-04-07,0.156250,0.158203,0.156250,0.156250,0.003301,1433600
1981-04-08,0.156250,0.160156,0.156250,0.156250,0.003301,1612800
1981-04-09,0.169922,0.173828,0.169922,0.169922,0.003590,5657600
1981-04-10,0.169922,0.171875,0.169922,0.169922,0.003590,4864000
1981-04-13,0.167969,0.167969,0.164063,0.164063,0.003467,8230400
1981-04-14,0.164063,0.164063,0.160156,0.160156,0.003384,3225600
1981-04-15,0.171875,0.173828,0.171875,0.171875,0.003632,3276800
1981-04-16,0.173828,0.177734,0.173828,0.173828,0.003673,10444800
1981-04-20,0.173828,0.177734,0.173828,0.173828,0.003673,8179200
1981-04-21,0.173828,0.177734,0.173828,0.173828,0.003673,2419200
1981-04-22,0.175781,0.179688,0.175781,0.175781,0.003714,4454400
1981-04-23,0.175781,0.177734,0.175781,0.175781,0.003714,5734400
1981-04-24,0.169922,0.169922,0.166016,0.166016,0.003508,2496000
1981-04-27,0.166016,0.169922,0.166016,0.166016,0.003508,2112000
1981-04-28,0.166016,0.169922,0.166016,0.166016,0.003508,1523200
1981-04-29,0.166016,0.166016,0.164063,0.164063,0.003467,1280000
1981-04-30,0.164063,0.166016,0.162109,0.162109,0.003425,908800
1981-05-01,0.162109,0.164063,0.162109,0.162109,0.003425,601600
1981-05-04,0.162109,0.164063,0.160156,0.160156,0.003384,3315200
1981-05-05,0.160156,0.162109,0.158203,0.158203,0.003343,1164800
1981-05-06,0.158203,0.162109,0.158203,0.158203,0.003343,678400
1981-05-07,0.160156,0.166016,0.160156,0.160156,0.003384,537600
1981-05-08,0.160156,0.164063,0.160156,0.160156,0.003384,435200
1981-05-11,0.160156,0.160156,0.158203,0.158203,0.003343,1344000
1981-05-12,0.162109,0.167969,0.162109,0.162109,0.003425,1779200
1981-05-13,0.164063,0.167969,0.164063,0.164063,0.003467,1587200
1981-05-14,0.164063,0.166016,0.160156,0.160156,0.003384,768000
1981-05-15,0.160156,0.162109,0.158203,0.158203,0.003343,921600
1981-05-18,0.158203,0.164063,0.158203,0.158203,0.003343,3596800
1981-05-19,0.158203,0.162109,0.158203,0.158203,0.003343,716800
1981-05-20,0.158203,0.164063,0.158203,0.158203,0.003343,1664000
1981-05-21,0.160156,0.166016,0.160156,0.160156,0.003384,1843200
1981-05-22,0.160156,0.166016,0.160156,0.160156,0.003384,588800
1981-05-26,0.164063,0.169922,0.164063,0.164063,0.003467,4812800
1981-05-27,0.169922,0.173828,0.169922,0.169922,0.003590,3942400
1981-05-28,0.177734,0.181641,0.177734,0.177734,0.003755,9100800
1981-05-29,0.177734,0.183594,0.177734,0.177734,0.003755,3699200
1981-06-01,0.183594,0.187500,0.183594,0.183594,0.003879,3302400
1981-06-02,0.185547,0.189453,0.185547,0.185547,0.003920,5849600
1981-06-03,0.185547,0.189453,0.183594,0.183594,0.003879,7692800
1981-06-04,0.183594,0.189453,0.183594,0.183594,0.003879,2905600
1981-06-05,0.185547,0.189453,0.185547,0.185547,0.003920,6080000
1981-06-08,0.185547,0.187500,0.183594,0.183594,0.003879,1856000
1981-06-09,0.183594,0.187500,0.183594,0.183594,0.003879,1164800
1981-06-10,0.185547,0.191406,0.185547,0.185547,0.003920,2521600
1981-06-11,0.187500,0.193359,0.187500,0.187500,0.003962,3904000
1981-06-12,0.189453,0.193359,0.189453,0.189453,0.004003,8691200
1981-06-15,0.191406,0.193359,0.191406,0.191406,0.004044,4108800
1981-06-16,0.193359,0.195313,0.193359,0.193359,0.004086,16704000
1981-06-17,0.193359,0.193359,0.189453,0.189453,0.004003,4070400
1981-06-18,0.181641,0.181641,0.179688,0.179688,0.003797,6924800
1981-06-19,0.181641,0.185547,0.181641,0.181641,0.003838,2329600
1981-06-22,0.181641,0.185547,0.181641,0.181641,0.003838,1766400
1981-06-23,0.191406,0.193359,0.191406,0.191406,0.004044,5337600
1981-06-24,0.189453,0.189453,0.187500,0.187500,0.003962,1561600
1981-06-25,0.187500,0.189453,0.185547,0.185547,0.003920,3635200
1981-06-26,0.185547,0.189453,0.185547,0.185547,0.003920,2944000
1981-06-29,0.185547,0.187500,0.185547,0.185547,0.003920,1088000
1981-06-30,0.185547,0.187500,0.181641,0.181641,0.003838,1024000
1981-07-01,0.183594,0.185547,0.183594,0.183594,0.003879,1728000
1981-07-02,0.185547,0.189453,0.185547,0.185547,0.003920,1139200
1981-07-06,0.185547,0.185547,0.179688,0.179688,0.003797,1356800
1981-07-07,0.173828,0.173828,0.167969,0.167969,0.003549,1459200
1981-07-08,0.167969,0.169922,0.166016,0.166016,0.003508,614400
1981-07-09,0.167969,0.169922,0.167969,0.167969,0.003549,1420800
1981-07-10,0.167969,0.171875,0.166016,0.166016,0.003508,793600
1981-07-13,0.169922,0.173828,0.169922,0.169922,0.003590,1843200
1981-07-14,0.169922,0.173828,0.169922,0.169922,0.003590,896000
1981-07-15,0.173828,0.177734,0.173828,0.173828,0.003673,537600
1981-07-16,0.173828,0.177734,0.173828,0.173828,0.003673,448000
1981-07-17,0.173828,0.177734,0.173828,0.173828,0.003673,192000
1981-07-20,0.169922,0.169922,0.166016,0.166016,0.003508,3404800
1981-07-21,0.166016,0.166016,0.162109,0.162109,0.003425,857600
1981-07-22,0.162109,0.164063,0.162109,0.162109,0.003425,1152000
1981-07-23,0.166016,0.169922,0.166016,0.166016,0.003508,2560000
1981-07-24,0.171875,0.173828,0.171875,0.171875,0.003632,2035200
1981-07-27,0.171875,0.173828,0.169922,0.169922,0.003590,1433600
1981-07-28,0.171875,0.175781,0.171875,0.171875,0.003632,780800
1981-07-29,0.171875,0.171875,0.169922,0.169922,0.003590,1894400
1981-07-30,0.171875,0.173828,0.171875,0.171875,0.003632,2470400
1981-07-31,0.171875,0.173828,0.169922,0.169922,0.003590,524800
1981-08-03,0.167969,0.167969,0.164063,0.164063,0.003467,1420800
1981-08-04,0.164063,0.167969,0.164063,0.164063,0.003467,1100800
1981-08-05,0.162109,0.162109,0.158203,0.158203,0.003343,2163200
1981-08-06,0.158203,0.160156,0.158203,0.158203,0.003343,1318400
1981-08-07,0.158203,0.158203,0.152344,0.152344,0.003219,998400
1981-08-10,0.152344,0.152344,0.152344,0.152344,0.003219,0
1981-08-11,0.162109,0.166016,0.162109,0.162109,0.003425,1241600
1981-08-12,0.164063,0.167969,0.164063,0.164063,0.003467,2764800
1981-08-13,0.164063,0.167969,0.164063,0.164063,0.003467,588800
1981-08-14,0.164063,0.167969,0.164063,0.164063,0.003467,704000
1981-08-17,0.164063,0.166016,0.162109,0.162109,0.003425,2278400
1981-08-18,0.156250,0.156250,0.150391,0.150391,0.003178,1292800
1981-08-19,0.154297,0.158203,0.154297,0.154297,0.003260,883200
1981-08-20,0.154297,0.158203,0.154297,0.154297,0.003260,883200
1981-08-21,0.156250,0.158203,0.156250,0.156250,0.003301,627200
1981-08-24,0.154297,0.154297,0.150391,0.150391,0.003178,1088000
1981-08-25,0.148438,0.148438,0.145508,0.145508,0.003074,358400
1981-08-26,0.148438,0.152344,0.148438,0.148438,0.003136,614400
1981-08-27,0.148438,0.152344,0.148438,0.148438,0.003136,3840000
1981-08-28,0.150391,0.152344,0.150391,0.150391,0.003178,512000
1981-08-31,0.150391,0.152344,0.150391,0.150391,0.003178,1075200
1981-09-01,0.150391,0.152344,0.148438,0.148438,0.003136,1600000
1981-09-02,0.150391,0.152344,0.150391,0.150391,0.003178,1049600
1981-09-03,0.150391,0.152344,0.150391,0.150391,0.003178,704000
1981-09-04,0.150391,0.152344,0.146484,0.146484,0.003095,1177600
1981-09-08,0.146484,0.150391,0.144531,0.144531,0.003054,1267200
1981-09-09,0.146484,0.152344,0.146484,0.146484,0.003095,179200
1981-09-10,0.150391,0.154297,0.150391,0.150391,0.003178,1907200
1981-09-11,0.154297,0.160156,0.154297,0.154297,0.003260,640000
1981-09-14,0.158203,0.164063,0.158203,0.158203,0.003343,396800
1981-09-15,0.166016,0.169922,0.166016,0.166016,0.003508,2995200
1981-09-16,0.160156,0.160156,0.156250,0.156250,0.003301,1881600
1981-09-17,0.156250,0.158203,0.154297,0.154297,0.003260,1651200
1981-09-18,0.154297,0.158203,0.154297,0.154297,0.003260,320000
1981-09-21,0.156250,0.158203,0.156250,0.156250,0.003301,934400
1981-09-22,0.156250,0.156250,0.150391,0.150391,0.003178,985600
1981-09-23,0.150391,0.152344,0.150391,0.150391,0.003178,1817600
1981-09-24,0.150391,0.154297,0.150391,0.150391,0.003178,1612800
1981-09-25,0.150391,0.150391,0.146484,0.146484,0.003095,2355200
1981-09-28,0.146484,0.146484,0.144531,0.144531,0.003054,3532800
1981-09-29,0.146484,0.148438,0.146484,0.146484,0.003095,678400
1981-09-30,0.148438,0.150391,0.148438,0.148438,0.003136,1305600
1981-10-01,0.148438,0.152344,0.148438,0.148438,0.003136,217600
1981-10-02,0.152344,0.156250,0.152344,0.152344,0.003219,896000
1981-10-05,0.156250,0.160156,0.156250,0.156250,0.003301,1318400
1981-10-06,0.156250,0.158203,0.154297,0.154297,0.003260,1459200
1981-10-07,0.154297,0.158203,0.154297,0.154297,0.003260,409600
1981-10-08,0.156250,0.160156,0.156250,0.156250,0.003301,1216000
1981-10-09,0.152344,0.152344,0.146484,0.146484,0.003095,1088000
1981-10-12,0.154297,0.156250,0.154297,0.154297,0.003260,2304000
1981-10-13,0.169922,0.173828,0.169922,0.169922,0.003590,6976000
1981-10-14,0.175781,0.177734,0.175781,0.175781,0.003714,17088000
1981-10-15,0.175781,0.179688,0.175781,0.175781,0.003714,4262400
1981-10-16,0.177734,0.181641,0.177734,0.177734,0.003755,4032000
1981-10-19,0.183594,0.187500,0.183594,0.183594,0.003879,2496000
1981-10-20,0.187500,0.191406,0.187500,0.187500,0.003962,31961600
1981-10-21,0.191406,0.193359,0.191406,0.191406,0.004044,4915200
1981-10-22,0.191406,0.193359,0.189453,0.189453,0.004003,7232000
1981-10-23,0.189453,0.191406,0.187500,0.187500,0.003962,3865600
1981-10-26,0.187500,0.191406,0.187500,0.187500,0.003962,3251200
1981-10-27,0.191406,0.197266,0.191406,0.191406,0.004044,2483200
1981-10-28,0.205078,0.210938,0.205078,0.205078,0.004333,5785600
1981-10-29,0.208984,0.210938,0.208984,0.208984,0.004416,10649600
1981-10-30,0.208984,0.208984,0.207031,0.207031,0.004374,6988800
1981-11-02,0.207031,0.207031,0.201172,0.201172,0.004251,3699200
1981-11-03,0.203125,0.207031,0.203125,0.203125,0.004292,2291200
1981-11-04,0.203125,0.207031,0.203125,0.203125,0.004292,6604800
1981-11-05,0.203125,0.205078,0.203125,0.203125,0.004292,5273600
1981-11-06,0.203125,0.203125,0.199219,0.199219,0.004209,908800
1981-11-09,0.201172,0.203125,0.201172,0.201172,0.004251,2406400
1981-11-10,0.203125,0.205078,0.203125,0.203125,0.004292,2124800
1981-11-11,0.205078,0.208984,0.205078,0.205078,0.004333,5043200
1981-11-12,0.212891,0.214844,0.212891,0.212891,0.004498,8755200
1981-11-13,0.212891,0.214844,0.210938,0.210938,0.004457,5977600
1981-11-16,0.210938,0.210938,0.207031,0.207031,0.004374,4147200
1981-11-17,0.207031,0.208984,0.205078,0.205078,0.004333,3084800
1981-11-18,0.205078,0.207031,0.203125,0.203125,0.004292,2790400
1981-11-19,0.206055,0.208984,0.206055,0.206055,0.004354,1049600
1981-11-20,0.207031,0.210938,0.207031,0.207031,0.004374,3020800
1981-11-23,0.207031,0.210938,0.207031,0.207031,0.004374,1497600
1981-11-24,0.210938,0.214844,0.210938,0.210938,0.004457,2060800
1981-11-25,0.212891,0.214844,0.212891,0.212891,0.004498,3379200
1981-11-27,0.214844,0.218750,0.214844,0.214844,0.004540,2035200
1981-11-30,0.216797,0.220703,0.216797,0.216797,0.004581,1600000
1981-12-01,0.222656,0.226563,0.222656,0.222656,0.004705,3392000
1981-12-02,0.222656,0.224609,0.222656,0.222656,0.004705,5337600
1981-12-03,0.220703,0.220703,0.218750,0.218750,0.004622,3686400
1981-12-04,0.218750,0.222656,0.218750,0.218750,0.004622,1446400
1981-12-07,0.218750,0.220703,0.218750,0.218750,0.004622,2124800
1981-12-08,0.218750,0.220703,0.216797,0.216797,0.004581,1920000
1981-12-09,0.216797,0.218750,0.214844,0.214844,0.004540,1420800
1981-12-10,0.214844,0.218750,0.214844,0.214844,0.004540,921600
1981-12-11,0.214844,0.218750,0.214844,0.214844,0.004540,1664000
1981-12-14,0.214844,0.216797,0.212891,0.212891,0.004498,1945600
1981-12-15,0.214844,0.216797,0.214844,0.214844,0.004540,1459200
1981-12-16,0.214844,0.216797,0.214844,0.214844,0.004540,2470400
1981-12-17,0.214844,0.216797,0.214844,0.214844,0.004540,2112000
1981-12-18,0.218750,0.222656,0.218750,0.218750,0.004622,2048000
1981-12-21,0.218750,0.220703,0.216797,0.216797,0.004581,972800
1981-12-22,0.216797,0.216797,0.214844,0.214844,0.004540,1113600
1981-12-23,0.214844,0.218750,0.214844,0.214844,0.004540,2419200
1981-12-24,0.214844,0.216797,0.210938,0.210938,0.004457,3955200
1981-12-28,0.210938,0.216797,0.210938,0.210938,0.004457,1024000
1981-12-29,0.212891,0.216797,0.212891,0.212891,0.004498,1728000
1981-12-30,0.222656,0.226563,0.222656,0.222656,0.004705,4441600
1981-12-31,0.222656,0.222656,0.220703,0.220703,0.004663,4864000
1982-01-04,0.220703,0.224609,0.220703,0.220703,0.004663,4531200
1982-01-05,0.218750,0.218750,0.214844,0.214844,0.004540,2777600
1982-01-06,0.212891,0.212891,0.210938,0.210938,0.004457,3212800
1982-01-07,0.212891,0.216797,0.212891,0.212891,0.004498,5606400
1982-01-08,0.222656,0.224609,0.222656,0.222656,0.004705,3955200
1982-01-11,0.224609,0.228516,0.224609,0.224609,0.004746,8294400
1982-01-12,0.228516,0.232422,0.228516,0.228516,0.004828,1651200
1982-01-13,0.228516,0.228516,0.222656,0.222656,0.004705,2752000
1982-01-14,0.224609,0.226563,0.224609,0.224609,0.004746,4211200
1982-01-15,0.224609,0.228516,0.224609,0.224609,0.004746,5196800
1982-01-18,0.226563,0.230469,0.226563,0.226563,0.004787,6681600
1982-01-19,0.226563,0.226563,0.222656,0.222656,0.004705,6348800
1982-01-20,0.222656,0.222656,0.220703,0.220703,0.004663,3404800
1982-01-21,0.222656,0.224609,0.222656,0.222656,0.004705,3404800
1982-01-22,0.222656,0.224609,0.220703,0.220703,0.004663,3430400
1982-01-25,0.218750,0.218750,0.214844,0.214844,0.004540,3174400
1982-01-26,0.216797,0.220703,0.216797,0.216797,0.004581,832000
1982-01-27,0.216797,0.218750,0.216797,0.216797,0.004581,1638400
1982-01-28,0.218750,0.222656,0.218750,0.218750,0.004622,3507200
1982-01-29,0.228516,0.230469,0.228516,0.228516,0.004828,6323200
1982-02-01,0.228516,0.228516,0.226563,0.226563,0.004787,2112000
1982-02-02,0.228516,0.232422,0.228516,0.228516,0.004828,2419200
1982-02-03,0.232422,0.234375,0.232422,0.232422,0.004911,6182400
1982-02-04,0.234375,0.238281,0.234375,0.234375,0.004952,7577600
1982-02-05,0.237305,0.238281,0.237305,0.237305,0.005014,10406400
1982-02-08,0.234375,0.234375,0.230469,0.230469,0.004870,2700800
1982-02-09,0.226563,0.226563,0.224609,0.224609,0.004746,4441600
1982-02-10,0.224609,0.225586,0.224609,0.224609,0.004746,4544000
1982-02-11,0.224609,0.226563,0.224609,0.224609,0.004746,1088000
1982-02-12,0.224609,0.225586,0.223633,0.223633,0.004725,601600
1982-02-16,0.220703,0.220703,0.218750,0.218750,0.004622,2419200
1982-02-17,0.220703,0.222656,0.220703,0.220703,0.004663,2611200
1982-02-18,0.222656,0.223633,0.222656,0.222656,0.004705,3430400
1982-02-19,0.222656,0.224609,0.222656,0.222656,0.004705,1484800
1982-02-22,0.223633,0.225586,0.223633,0.223633,0.004725,4774400
1982-02-23,0.218750,0.218750,0.217773,0.217773,0.004601,3660800
1982-02-24,0.217773,0.218750,0.216797,0.216797,0.004581,1190400
1982-02-25,0.221680,0.224609,0.221680,0.221680,0.004684,2611200
1982-02-26,0.221680,0.223633,0.221680,0.221680,0.004684,2483200
1982-03-01,0.221680,0.223633,0.221680,0.221680,0.004684,23270400
1982-03-02,0.222656,0.225586,0.222656,0.222656,0.004705,1152000
1982-03-03,0.222656,0.225586,0.222656,0.222656,0.004705,1203200
1982-03-04,0.222656,0.223633,0.221680,0.221680,0.004684,960000
1982-03-05,0.222656,0.224609,0.222656,0.222656,0.004705,729600
1982-03-08,0.220703,0.220703,0.217773,0.217773,0.004601,4851200
1982-03-09,0.201172,0.201172,0.199219,0.199219,0.004209,7372800
1982-03-10,0.206055,0.208008,0.206055,0.206055,0.004354,6169600
1982-03-11,0.206055,0.206055,0.204102,0.204102,0.004313,1139200
1982-03-12,0.202148,0.202148,0.199219,0.199219,0.004209,2048000
1982-03-15,0.199219,0.199219,0.197266,0.197266,0.004168,2854400
1982-03-16,0.197266,0.199219,0.197266,0.197266,0.004168,2009600
1982-03-17,0.197266,0.197266,0.194336,0.194336,0.004106,1369600
1982-03-18,0.203125,0.206055,0.203125,0.203125,0.004292,2982400
1982-03-19,0.208984,0.211914,0.208984,0.208984,0.004416,3238400
1982-03-22,0.216797,0.219727,0.216797,0.216797,0.004581,1369600
1982-03-23,0.222656,0.224609,0.222656,0.222656,0.004705,4185600
1982-03-24,0.225586,0.227539,0.225586,0.225586,0.004766,2252800
1982-03-25,0.230469,0.231445,0.230469,0.230469,0.004870,2854400
1982-03-26,0.229492,0.229492,0.227539,0.227539,0.004808,716800
1982-03-29,0.229492,0.231445,0.229492,0.229492,0.004849,1203200
1982-03-30,0.229492,0.231445,0.229492,0.229492,0.004849,2304000
1982-03-31,0.229492,0.231445,0.229492,0.229492,0.004849,524800
1982-04-01,0.230469,0.232422,0.230469,0.230469,0.004870,1920000
1982-04-02,0.234375,0.236328,0.234375,0.234375,0.004952,3315200
1982-04-05,0.234375,0.235352,0.233398,0.233398,0.004932,4390400
1982-04-06,0.235352,0.237305,0.235352,0.235352,0.004973,5529600
1982-04-07,0.235352,0.236328,0.235352,0.235352,0.004973,18009600
1982-04-08,0.236328,0.237305,0.236328,0.236328,0.004993,1356800
1982-04-12,0.236328,0.236328,0.235352,0.235352,0.004973,3187200
1982-04-13,0.235352,0.235352,0.233398,0.233398,0.004932,4595200
1982-04-14,0.233398,0.233398,0.232422,0.232422,0.004911,4646400
1982-04-15,0.234375,0.235352,0.234375,0.234375,0.004952,2112000
1982-04-16,0.236328,0.237305,0.236328,0.236328,0.004993,3059200
1982-04-19,0.236328,0.237305,0.236328,0.236328,0.004993,2982400
1982-04-20,0.236328,0.237305,0.236328,0.236328,0.004993,1894400
1982-04-21,0.236328,0.236328,0.234375,0.234375,0.004952,6566400
1982-04-22,0.234375,0.235352,0.234375,0.234375,0.004952,1945600
1982-04-23,0.234375,0.235352,0.233398,0.233398,0.004932,6848000
1982-04-26,0.229492,0.229492,0.227539,0.227539,0.004808,2304000
1982-04-27,0.225586,0.225586,0.223633,0.223633,0.004725,3545600
1982-04-28,0.223633,0.224609,0.223633,0.223633,0.004725,1715200
1982-04-29,0.220703,0.220703,0.218750,0.218750,0.004622,1536000
1982-04-30,0.218750,0.219727,0.218750,0.218750,0.004622,3238400
1982-05-03,0.218750,0.220703,0.218750,0.218750,0.004622,1932800
1982-05-04,0.224609,0.226563,0.224609,0.224609,0.004746,2163200
1982-05-05,0.231445,0.232422,0.231445,0.231445,0.004890,3481600
1982-05-06,0.234375,0.235352,0.234375,0.234375,0.004952,4172800
1982-05-07,0.234375,0.235352,0.234375,0.234375,0.004952,8128000
1982-05-10,0.234375,0.235352,0.234375,0.234375,0.004952,908800
1982-05-11,0.235352,0.236328,0.235352,0.235352,0.004973,2956800
1982-05-12,0.235352,0.236328,0.235352,0.235352,0.004973,832000
1982-05-13,0.235352,0.236328,0.235352,0.235352,0.004973,8012800
1982-05-14,0.235352,0.236328,0.235352,0.235352,0.004973,793600
1982-05-17,0.235352,0.236328,0.235352,0.235352,0.004973,3340800
1982-05-18,0.233398,0.233398,0.231445,0.231445,0.004890,3123200
1982-05-19,0.231445,0.231445,0.229492,0.229492,0.004849,3916800
1982-05-20,0.229492,0.230469,0.229492,0.229492,0.004849,5043200
1982-05-21,0.234375,0.235352,0.234375,0.234375,0.004952,2252800
1982-05-24,0.234375,0.235352,0.234375,0.234375,0.004952,2316800
1982-05-25,0.234375,0.236328,0.234375,0.234375,0.004952,1843200
1982-05-26,0.234375,0.234375,0.232422,0.232422,0.004911,5376000
1982-05-27,0.233398,0.235352,0.233398,0.233398,0.004932,1574400
1982-05-28,0.233398,0.235352,0.233398,0.233398,0.004932,5209600
1982-06-01,0.233398,0.235352,0.233398,0.233398,0.004932,793600
1982-06-02,0.233398,0.235352,0.233398,0.233398,0.004932,1331200
1982-06-03,0.233398,0.235352,0.233398,0.233398,0.004932,2137600
1982-06-04,0.233398,0.235352,0.233398,0.233398,0.004932,1574400
1982-06-07,0.233398,0.235352,0.233398,0.233398,0.004932,2969600
1982-06-08,0.233398,0.234375,0.233398,0.233398,0.004932,10124800
1982-06-09,0.233398,0.234375,0.232422,0.232422,0.004911,10278400
1982-06-10,0.231445,0.231445,0.230469,0.230469,0.004870,6080000
1982-06-11,0.231445,0.233398,0.231445,0.231445,0.004890,4774400
1982-06-14,0.232422,0.234375,0.232422,0.232422,0.004911,1612800
1982-06-15,0.233398,0.234375,0.233398,0.233398,0.004932,2752000
1982-06-16,0.239258,0.242188,0.239258,0.239258,0.005055,5836800
1982-06-17,0.239258,0.241211,0.239258,0.239258,0.005055,742400
1982-06-18,0.240234,0.241211,0.240234,0.240234,0.005076,2060800
1982-06-21,0.240234,0.240234,0.239258,0.239258,0.005055,1510400
1982-06-22,0.239258,0.240234,0.239258,0.239258,0.005055,5734400
1982-06-23,0.239258,0.239258,0.238281,0.238281,0.005035,2496000
1982-06-24,0.238281,0.239258,0.238281,0.238281,0.005035,972800
1982-06-25,0.238281,0.239258,0.238281,0.238281,0.005035,2892800
1982-06-28,0.238281,0.240234,0.238281,0.238281,0.005035,1088000
1982-06-29,0.241211,0.243164,0.241211,0.241211,0.005097,3353600
1982-06-30,0.244141,0.246094,0.244141,0.244141,0.005159,10240000
1982-07-01,0.244141,0.245117,0.244141,0.244141,0.005159,1472000
1982-07-02,0.244141,0.245117,0.244141,0.244141,0.005159,2521600
1982-07-06,0.244141,0.246094,0.244141,0.244141,0.005159,8755200
1982-07-07,0.244141,0.245117,0.244141,0.244141,0.005159,473600
1982-07-08,0.244141,0.246094,0.244141,0.244141,0.005159,2048000
1982-07-09,0.244141,0.246094,0.244141,0.244141,0.005159,8512000
1982-07-12,0.248047,0.250000,0.248047,0.248047,0.005241,9318400
1982-07-13,0.262695,0.263672,0.262695,0.262695,0.005551,15590400
1982-07-14,0.263672,0.265625,0.263672,0.263672,0.005571,2803200
1982-07-15,0.273438,0.274414,0.273438,0.273438,0.005778,11763200
1982-07-16,0.275391,0.276367,0.275391,0.275391,0.005819,4620800
1982-07-19,0.280273,0.281250,0.280273,0.280273,0.005922,4812800
1982-07-20,0.273438,0.273438,0.271484,0.271484,0.005736,16665600
1982-07-21,0.271484,0.272461,0.271484,0.271484,0.005736,7180800
1982-07-22,0.271484,0.272461,0.271484,0.271484,0.005736,6387200
1982-07-23,0.272461,0.273438,0.272461,0.272461,0.005757,3110400
1982-07-26,0.272461,0.273438,0.272461,0.272461,0.005757,844800
1982-07-27,0.274414,0.276367,0.274414,0.274414,0.005798,3571200
1982-07-28,0.276367,0.277344,0.276367,0.276367,0.005839,2816000
1982-07-29,0.272461,0.272461,0.270508,0.270508,0.005716,17625600
1982-07-30,0.271484,0.272461,0.271484,0.271484,0.005736,3673600
1982-08-02,0.271484,0.273438,0.271484,0.271484,0.005736,2265600
1982-08-03,0.274414,0.275391,0.274414,0.274414,0.005798,3571200
1982-08-04,0.274414,0.275391,0.274414,0.274414,0.005798,5849600
1982-08-05,0.274414,0.275391,0.274414,0.274414,0.005798,6246400
1982-08-06,0.271484,0.271484,0.270508,0.270508,0.005716,9676800
1982-08-09,0.264648,0.264648,0.263672,0.263672,0.005571,8396800
1982-08-10,0.262695,0.262695,0.261719,0.261719,0.005530,4582400
1982-08-11,0.259766,0.259766,0.258789,0.258789,0.005468,5683200
1982-08-12,0.254883,0.254883,0.252930,0.252930,0.005344,6195200
1982-08-13,0.249023,0.249023,0.247070,0.247070,0.005220,3520000
1982-08-16,0.247070,0.249023,0.247070,0.247070,0.005220,3724800
1982-08-17,0.261719,0.262695,0.261719,0.261719,0.005530,9395200
1982-08-18,0.273438,0.274414,0.273438,0.273438,0.005778,17510400
1982-08-19,0.283203,0.284180,0.283203,0.283203,0.005984,17395200
1982-08-20,0.298828,0.299805,0.298828,0.298828,0.006314,18048000
1982-08-23,0.298828,0.298828,0.297852,0.297852,0.006293,7552000
1982-08-24,0.300781,0.302734,0.300781,0.300781,0.006355,13068800
1982-08-25,0.306641,0.307617,0.306641,0.306641,0.006479,5734400
1982-08-26,0.311523,0.312500,0.311523,0.311523,0.006582,15065600
1982-08-27,0.312500,0.313477,0.312500,0.312500,0.006603,4339200
1982-08-30,0.312500,0.312500,0.310547,0.310547,0.006562,6182400
1982-08-31,0.313477,0.315430,0.313477,0.313477,0.006624,6950400
1982-09-01,0.313477,0.314453,0.312500,0.312500,0.006603,18764800
1982-09-02,0.312500,0.314453,0.312500,0.312500,0.006603,11686400
1982-09-03,0.316406,0.317383,0.316406,0.316406,0.006685,8998400
1982-09-07,0.320313,0.321289,0.320313,0.320313,0.006768,2406400
1982-09-08,0.325195,0.326172,0.325195,0.325195,0.006871,12198400
1982-09-09,0.334961,0.336914,0.334961,0.334961,0.007077,15116800
1982-09-10,0.334961,0.335938,0.333984,0.333984,0.007057,1139200
1982-09-13,0.344727,0.346680,0.344727,0.344727,0.007284,3840000
1982-09-14,0.351563,0.353516,0.351563,0.351563,0.007428,16268800
1982-09-15,0.347656,0.347656,0.346680,0.346680,0.007325,8640000
1982-09-16,0.337891,0.337891,0.335938,0.335938,0.007098,9433600
1982-09-17,0.335938,0.335938,0.334961,0.334961,0.007077,3865600
1982-09-20,0.334961,0.335938,0.333984,0.333984,0.007057,4992000
1982-09-21,0.358398,0.359375,0.358398,0.358398,0.007573,9804800
1982-09-22,0.361328,0.363281,0.361328,0.361328,0.007635,9446400
1982-09-23,0.353516,0.353516,0.351563,0.351563,0.007428,9113600
1982-09-24,0.354492,0.355469,0.354492,0.354492,0.007490,3251200
1982-09-27,0.361328,0.363281,0.361328,0.361328,0.007635,2854400
1982-09-28,0.368164,0.370117,0.368164,0.368164,0.007779,6835200
1982-09-29,0.363281,0.363281,0.361328,0.361328,0.007635,3315200
1982-09-30,0.363281,0.365234,0.363281,0.363281,0.007676,2304000
1982-10-01,0.363281,0.363281,0.362305,0.362305,0.007655,4377600
1982-10-04,0.360352,0.360352,0.345703,0.345703,0.007304,6771200
1982-10-05,0.345703,0.352539,0.333008,0.335938,0.007098,11225600
1982-10-06,0.335938,0.337891,0.334961,0.337891,0.007139,22668800
1982-10-07,0.337891,0.363281,0.337891,0.359375,0.007593,27852800
1982-10-08,0.359375,0.376953,0.358398,0.376953,0.007965,13785600
1982-10-11,0.376953,0.381836,0.375000,0.377930,0.007985,6144000
1982-10-12,0.375977,0.375977,0.365234,0.374023,0.007903,5555200
1982-10-13,0.374023,0.382813,0.374023,0.379883,0.008027,4032000
1982-10-14,0.379883,0.385742,0.371094,0.372070,0.007862,91430400
1982-10-15,0.372070,0.374023,0.366211,0.367188,0.007758,21363200
1982-10-18,0.367188,0.377930,0.367188,0.375000,0.007923,12377600
1982-10-19,0.375000,0.381836,0.351563,0.359375,0.007593,57676800
1982-10-20,0.358398,0.358398,0.346680,0.355469,0.007511,22144000
1982-10-21,0.355469,0.364258,0.355469,0.363281,0.007676,21875200
1982-10-22,0.363281,0.367188,0.361328,0.364258,0.007697,14988800
1982-10-25,0.364258,0.366211,0.363281,0.363281,0.007676,8883200
1982-10-26,0.363281,0.369141,0.362305,0.369141,0.007800,9011200
1982-10-27,0.371094,0.375000,0.371094,0.372070,0.007862,11699200
1982-10-28,0.372070,0.374023,0.371094,0.372070,0.007862,3340800
1982-10-29,0.370117,0.370117,0.367188,0.367188,0.007758,6156800
1982-11-01,0.367188,0.369141,0.364258,0.367188,0.007758,15590400
1982-11-02,0.369141,0.379883,0.369141,0.376953,0.007965,8512000
1982-11-03,0.376953,0.390625,0.376953,0.390625,0.008254,13568000
1982-11-04,0.390625,0.401367,0.390625,0.392578,0.008295,16563200
1982-11-05,0.392578,0.399414,0.388672,0.394531,0.008336,22272000
1982-11-08,0.396484,0.398438,0.396484,0.397461,0.008398,6156800
1982-11-09,0.397461,0.400391,0.397461,0.400391,0.008460,5478400
1982-11-10,0.400391,0.423828,0.399414,0.420898,0.008893,12800000
1982-11-11,0.420898,0.420898,0.387695,0.401367,0.008481,18867200
1982-11-12,0.401367,0.412109,0.377930,0.378906,0.008006,20595200
1982-11-15,0.377930,0.377930,0.361328,0.363281,0.007676,20006400
1982-11-16,0.360352,0.360352,0.345703,0.350586,0.007408,32921600
1982-11-17,0.350586,0.358398,0.350586,0.357422,0.007552,16268800
1982-11-18,0.357422,0.361328,0.356445,0.359375,0.007593,23424000
1982-11-19,0.361328,0.365234,0.361328,0.365234,0.007717,3916800
1982-11-22,0.365234,0.365234,0.363281,0.364258,0.007697,6950400
1982-11-23,0.364258,0.366211,0.361328,0.366211,0.007738,9523200
1982-11-24,0.366211,0.371094,0.365234,0.371094,0.007841,6246400
1982-11-26,0.371094,0.384766,0.371094,0.381836,0.008068,5222400
1982-11-29,0.382813,0.386719,0.382813,0.386719,0.008171,11904000
1982-11-30,0.386719,0.407227,0.384766,0.407227,0.008604,7232000
1982-12-01,0.407227,0.417969,0.406250,0.416016,0.008790,21273600
1982-12-02,0.416016,0.424805,0.414063,0.416016,0.008790,12147200
1982-12-03,0.416016,0.419922,0.413086,0.416992,0.008811,3776000
1982-12-06,0.416992,0.425781,0.416992,0.425781,0.008996,3264000
1982-12-07,0.425781,0.437500,0.425781,0.431641,0.009120,8998400
1982-12-08,0.431641,0.432617,0.430664,0.432617,0.009141,8089600
1982-12-09,0.431641,0.431641,0.410156,0.419922,0.008873,18048000
1982-12-10,0.417969,0.417969,0.413086,0.417969,0.008831,9203200
1982-12-13,0.417969,0.417969,0.408203,0.410156,0.008666,5926400
1982-12-14,0.410156,0.417969,0.404297,0.404297,0.008543,6796800
1982-12-15,0.404297,0.405273,0.378906,0.382813,0.008089,9868800
1982-12-16,0.382813,0.382813,0.371094,0.375977,0.007944,13337600
1982-12-17,0.375977,0.385742,0.375000,0.384766,0.008130,16934400
1982-12-20,0.384766,0.388672,0.378906,0.378906,0.008006,4019200
1982-12-21,0.378906,0.379883,0.372070,0.377930,0.007985,5683200
1982-12-22,0.378906,0.382813,0.378906,0.379883,0.008027,7641600
1982-12-23,0.379883,0.399414,0.379883,0.389648,0.008233,8691200
1982-12-27,0.389648,0.390625,0.382813,0.383789,0.008109,2291200
1982-12-28,0.383789,0.383789,0.373047,0.374023,0.007903,8652800
1982-12-29,0.374023,0.374023,0.370117,0.371094,0.007841,6592000
1982-12-30,0.371094,0.373047,0.368164,0.368164,0.007779,9318400
1982-12-31,0.368164,0.369141,0.351563,0.352539,0.007449,5017600
1983-01-03,0.352539,0.355469,0.343750,0.343750,0.007263,14604800
1983-01-04,0.343750,0.343750,0.330078,0.340820,0.007201,17420800
1983-01-05,0.340820,0.342773,0.331055,0.335938,0.007098,17100800
1983-01-06,0.341797,0.365234,0.341797,0.361328,0.007635,21107200
1983-01-07,0.361328,0.363281,0.320313,0.332031,0.007016,43430400
1983-01-10,0.332031,0.333984,0.308594,0.308594,0.006520,27820800
1983-01-11,0.308594,0.312500,0.296875,0.302734,0.006397,2918400
1983-01-12,0.302734,0.328125,0.296875,0.326172,0.006892,34720000
1983-01-13,0.326172,0.339844,0.314453,0.335938,0.007098,13651200
1983-01-14,0.335938,0.351563,0.335938,0.343750,0.007263,20160000
1983-01-17,0.343750,0.343750,0.322266,0.326172,0.006892,14835200
1983-01-18,0.326172,0.326172,0.318359,0.320313,0.006768,21606400
1983-01-19,0.320313,0.324219,0.318359,0.324219,0.006851,10726400
1983-01-20,0.326172,0.341797,0.326172,0.337891,0.007139,6080000
1983-01-21,0.337891,0.341797,0.328125,0.333984,0.007057,3948800
1983-01-24,0.332031,0.332031,0.320313,0.324219,0.006851,4224000
1983-01-25,0.324219,0.330078,0.322266,0.324219,0.006851,3904000
1983-01-26,0.324219,0.326172,0.318359,0.320313,0.006768,3059200
1983-01-27,0.320313,0.326172,0.310547,0.312500,0.006603,5792000
1983-01-28,0.312500,0.318359,0.304688,0.312500,0.006603,15443200
1983-01-31,0.312500,0.320313,0.304688,0.312500,0.006603,6444800
1983-02-01,0.312500,0.320313,0.306641,0.310547,0.006562,16646400
1983-02-02,0.310547,0.310547,0.300781,0.302734,0.006397,14899200
1983-02-03,0.302734,0.306641,0.292969,0.304688,0.006438,15571200
1983-02-04,0.304688,0.318359,0.300781,0.314453,0.006644,9580800
1983-02-07,0.314453,0.316406,0.306641,0.312500,0.006603,6732800
1983-02-08,0.312500,0.312500,0.304688,0.306641,0.006479,11539200
1983-02-09,0.306641,0.314453,0.302734,0.314453,0.006644,7788800
1983-02-10,0.314453,0.316406,0.310547,0.316406,0.006685,7174400
1983-02-11,0.316406,0.335938,0.310547,0.335938,0.007098,14502400
1983-02-14,0.335938,0.355469,0.332031,0.355469,0.007511,19059200
1983-02-15,0.355469,0.365234,0.355469,0.359375,0.007593,14534400
1983-02-16,0.359375,0.367188,0.351563,0.353516,0.007470,14342400
1983-02-17,0.353516,0.361328,0.341797,0.361328,0.007635,6790400
1983-02-18,0.361328,0.367188,0.357422,0.361328,0.007635,5273600
1983-02-22,0.361328,0.371094,0.353516,0.353516,0.007470,3571200
1983-02-23,0.353516,0.361328,0.353516,0.357422,0.007552,6694400
1983-02-24,0.357422,0.359375,0.294922,0.298828,0.006314,34732800
1983-02-25,0.298828,0.298828,0.246094,0.265625,0.005612,84236800
1983-02-28,0.269531,0.285156,0.269531,0.279297,0.005901,24889600
1983-03-01,0.279297,0.281250,0.273438,0.275391,0.005819,23270400
1983-03-02,0.275391,0.277344,0.263672,0.267578,0.005654,41459200
1983-03-03,0.267578,0.267578,0.255859,0.259766,0.005489,24748800
1983-03-04,0.259766,0.259766,0.250000,0.253906,0.005365,12710400
1983-03-07,0.253906,0.253906,0.244141,0.250000,0.005282,14912000
1983-03-08,0.250000,0.255859,0.236328,0.244141,0.005159,136518400
1983-03-09,0.244141,0.257813,0.244141,0.250000,0.005282,30176000
1983-03-10,0.250000,0.261719,0.248047,0.255859,0.005406,36064000
1983-03-11,0.255859,0.255859,0.251953,0.253906,0.005365,17331200
1983-03-14,0.253906,0.255859,0.250000,0.251953,0.005324,11609600
1983-03-15,0.251953,0.251953,0.248047,0.251953,0.005324,17952000
1983-03-16,0.251953,0.255859,0.248047,0.251953,0.005324,12864000
1983-03-17,0.251953,0.251953,0.248047,0.250000,0.005282,13145600
1983-03-18,0.250000,0.250000,0.244141,0.244141,0.005159,11404800
1983-03-21,0.244141,0.248047,0.236328,0.248047,0.005241,5964800
1983-03-22,0.248047,0.250000,0.246094,0.250000,0.005282,20006400
1983-03-23,0.250000,0.253906,0.250000,0.253906,0.005365,12896000
1983-03-24,0.253906,0.253906,0.244141,0.248047,0.005241,14739200
1983-03-25,0.248047,0.255859,0.246094,0.251953,0.005324,14348800
1983-03-28,0.251953,0.251953,0.248047,0.250000,0.005282,8678400
1983-03-29,0.250000,0.251953,0.250000,0.251953,0.005324,5651200
1983-03-30,0.251953,0.257813,0.250000,0.253906,0.005365,19116800
1983-03-31,0.255859,0.267578,0.255859,0.261719,0.005530,9990400
1983-04-04,0.261719,0.263672,0.257813,0.261719,0.005530,4006400
1983-04-05,0.261719,0.261719,0.257813,0.261719,0.005530,4729600
1983-04-06,0.261719,0.267578,0.255859,0.257813,0.005447,7142400
1983-04-07,0.257813,0.261719,0.255859,0.259766,0.005489,6873600
1983-04-08,0.259766,0.259766,0.251953,0.255859,0.005406,10841600
1983-04-11,0.255859,0.259766,0.251953,0.253906,0.005365,5708800
1983-04-12,0.253906,0.261719,0.251953,0.253906,0.005365,13017600
1983-04-13,0.253906,0.263672,0.251953,0.253906,0.005365,13395200
1983-04-14,0.253906,0.261719,0.250000,0.253906,0.005365,6035200
1983-04-15,0.253906,0.263672,0.250000,0.263672,0.005571,33395200
1983-04-18,0.263672,0.263672,0.251953,0.263672,0.005571,25497600
1983-04-19,0.263672,0.263672,0.259766,0.261719,0.005530,10054400
1983-04-20,0.261719,0.265625,0.259766,0.263672,0.005571,16787200
1983-04-21,0.263672,0.265625,0.261719,0.265625,0.005612,23481600
1983-04-22,0.265625,0.279297,0.263672,0.279297,0.005901,49184000
1983-04-25,0.279297,0.296875,0.279297,0.289063,0.006108,41824000
1983-04-26,0.289063,0.318359,0.289063,0.318359,0.006727,42860800
1983-04-27,0.318359,0.333984,0.304688,0.312500,0.006603,34457600
1983-04-28,0.312500,0.318359,0.300781,0.302734,0.006397,22726400
1983-04-29,0.302734,0.310547,0.300781,0.310547,0.006562,18041600
1983-05-02,0.310547,0.314453,0.306641,0.312500,0.006603,8793600
1983-05-03,0.312500,0.312500,0.300781,0.304688,0.006438,8313600
1983-05-04,0.304688,0.306641,0.302734,0.306641,0.006479,18944000
1983-05-05,0.306641,0.308594,0.304688,0.306641,0.006479,4678400
1983-05-06,0.306641,0.312500,0.296875,0.304688,0.006438,11232000
1983-05-09,0.304688,0.306641,0.298828,0.306641,0.006479,8908800
1983-05-10,0.306641,0.310547,0.300781,0.302734,0.006397,7385600
1983-05-11,0.302734,0.308594,0.289063,0.292969,0.006190,6867200
1983-05-12,0.292969,0.304688,0.291016,0.296875,0.006273,7622400
1983-05-13,0.296875,0.302734,0.294922,0.298828,0.006314,4672000
1983-05-16,0.298828,0.300781,0.281250,0.285156,0.006025,11750400
1983-05-17,0.285156,0.292969,0.281250,0.292969,0.006190,7801600
1983-05-18,0.292969,0.304688,0.289063,0.302734,0.006397,20236800
1983-05-19,0.302734,0.312500,0.302734,0.308594,0.006520,13145600
1983-05-20,0.308594,0.308594,0.304688,0.306641,0.006479,6009600
1983-05-23,0.306641,0.308594,0.300781,0.306641,0.006479,3276800
1983-05-24,0.306641,0.314453,0.302734,0.314453,0.006644,8819200
1983-05-25,0.314453,0.320313,0.302734,0.308594,0.006520,5190400
1983-05-26,0.308594,0.308594,0.300781,0.308594,0.006520,15750400
1983-05-27,0.308594,0.308594,0.300781,0.306641,0.006479,5593600
1983-05-31,0.306641,0.306641,0.302734,0.306641,0.006479,4032000
1983-06-01,0.306641,0.308594,0.300781,0.308594,0.006520,5312000
1983-06-02,0.308594,0.310547,0.306641,0.308594,0.006520,8512000
1983-06-03,0.308594,0.310547,0.304688,0.308594,0.006520,7379200
1983-06-06,0.308594,0.310547,0.304688,0.304688,0.006438,18265600
1983-06-07,0.304688,0.306641,0.296875,0.298828,0.006314,6988800
1983-06-08,0.298828,0.302734,0.291016,0.292969,0.006190,9395200
1983-06-09,0.292969,0.294922,0.289063,0.289063,0.006108,5113600
1983-06-10,0.291016,0.294922,0.291016,0.292969,0.006190,8153600
1983-06-13,0.292969,0.292969,0.289063,0.291016,0.006149,2944000
1983-06-14,0.291016,0.292969,0.285156,0.289063,0.006108,5190400
1983-06-15,0.289063,0.294922,0.277344,0.283203,0.005984,6496000
1983-06-16,0.283203,0.296875,0.279297,0.279297,0.005901,12467200
1983-06-17,0.279297,0.283203,0.277344,0.279297,0.005901,5798400
1983-06-20,0.279297,0.281250,0.273438,0.275391,0.005819,8096000
1983-06-21,0.275391,0.275391,0.271484,0.275391,0.005819,4998400
1983-06-22,0.275391,0.275391,0.271484,0.271484,0.005736,8998400
1983-06-23,0.271484,0.273438,0.267578,0.269531,0.005695,9062400
1983-06-24,0.269531,0.273438,0.267578,0.271484,0.005736,6355200
1983-06-27,0.271484,0.273438,0.269531,0.271484,0.005736,7385600
1983-06-28,0.271484,0.275391,0.269531,0.269531,0.005695,13011200
1983-06-29,0.269531,0.271484,0.263672,0.267578,0.005654,15539200
1983-06-30,0.267578,0.269531,0.265625,0.267578,0.005654,2278400
1983-07-01,0.267578,0.273438,0.265625,0.273438,0.005778,7328000
1983-07-05,0.273438,0.273438,0.269531,0.273438,0.005778,2470400
1983-07-06,0.273438,0.279297,0.265625,0.269531,0.005695,14848000
1983-07-07,0.269531,0.269531,0.263672,0.265625,0.005612,3411200
1983-07-08,0.265625,0.265625,0.253906,0.257813,0.005447,12716800
1983-07-11,0.257813,0.261719,0.257813,0.261719,0.005530,8768000
1983-07-12,0.261719,0.261719,0.257813,0.259766,0.005489,6310400
1983-07-13,0.259766,0.259766,0.251953,0.253906,0.005365,5843200
1983-07-14,0.253906,0.255859,0.251953,0.255859,0.005406,13612800
1983-07-15,0.255859,0.255859,0.251953,0.253906,0.005365,9600000
1983-07-18,0.253906,0.255859,0.242188,0.250000,0.005282,5312000
1983-07-19,0.250000,0.255859,0.248047,0.253906,0.005365,17408000
1983-07-20,0.253906,0.277344,0.251953,0.273438,0.005778,9907200
1983-07-21,0.273438,0.291016,0.267578,0.287109,0.006066,10553600
1983-07-22,0.289063,0.312500,0.289063,0.294922,0.006232,17849600
1983-07-25,0.294922,0.298828,0.287109,0.292969,0.006190,5728000
1983-07-26,0.292969,0.294922,0.289063,0.292969,0.006190,8243200
1983-07-27,0.292969,0.292969,0.269531,0.273438,0.005778,6374400
1983-07-28,0.273438,0.277344,0.259766,0.259766,0.005489,7123200
1983-07-29,0.259766,0.265625,0.255859,0.261719,0.005530,6585600
1983-08-01,0.261719,0.261719,0.257813,0.259766,0.005489,4768000
1983-08-02,0.259766,0.263672,0.255859,0.261719,0.005530,3782400
1983-08-03,0.261719,0.269531,0.261719,0.267578,0.005654,6124800
1983-08-04,0.267578,0.275391,0.263672,0.265625,0.005612,4889600
1983-08-05,0.265625,0.267578,0.263672,0.265625,0.005612,2508800
1983-08-08,0.265625,0.265625,0.261719,0.265625,0.005612,2675200
1983-08-09,0.265625,0.265625,0.261719,0.263672,0.005571,3091200
1983-08-10,0.263672,0.263672,0.253906,0.261719,0.005530,3398400
1983-08-11,0.261719,0.263672,0.259766,0.259766,0.005489,3609600
1983-08-12,0.259766,0.263672,0.259766,0.263672,0.005571,5600000
1983-08-15,0.263672,0.291016,0.263672,0.279297,0.005901,15808000
1983-08-16,0.279297,0.281250,0.273438,0.277344,0.005860,3808000
1983-08-17,0.277344,0.277344,0.273438,0.275391,0.005819,5376000
1983-08-18,0.275391,0.275391,0.265625,0.269531,0.005695,7942400
1983-08-19,0.267578,0.267578,0.263672,0.265625,0.005612,2764800
1983-08-22,0.265625,0.269531,0.265625,0.269531,0.005695,8249600
1983-08-23,0.269531,0.271484,0.265625,0.265625,0.005612,4697600
1983-08-24,0.265625,0.273438,0.257813,0.261719,0.005530,2771200
1983-08-25,0.261719,0.265625,0.259766,0.263672,0.005571,6316800
1983-08-26,0.263672,0.263672,0.259766,0.259766,0.005489,5670400
1983-08-29,0.259766,0.263672,0.255859,0.259766,0.005489,4428800
1983-08-30,0.259766,0.259766,0.255859,0.257813,0.005447,5235200
1983-08-31,0.257813,0.265625,0.255859,0.265625,0.005612,6508800
1983-09-01,0.265625,0.271484,0.261719,0.265625,0.005612,6112000
1983-09-02,0.265625,0.273438,0.261719,0.269531,0.005695,3500800
1983-09-06,0.271484,0.277344,0.271484,0.271484,0.005736,4115200
1983-09-07,0.271484,0.273438,0.269531,0.271484,0.005736,9376000
1983-09-08,0.271484,0.275391,0.269531,0.271484,0.005736,3443200
1983-09-09,0.271484,0.275391,0.269531,0.269531,0.005695,5830400
1983-09-12,0.269531,0.273438,0.257813,0.257813,0.005447,14886400
1983-09-13,0.257813,0.259766,0.250000,0.251953,0.005324,4140800
1983-09-14,0.251953,0.253906,0.246094,0.250000,0.005282,15795200
1983-09-15,0.250000,0.251953,0.246094,0.251953,0.005324,4806400
1983-09-16,0.251953,0.255859,0.248047,0.253906,0.005365,11142400
1983-09-19,0.253906,0.273438,0.251953,0.271484,0.005736,13216000
1983-09-20,0.271484,0.281250,0.269531,0.275391,0.005819,18220800
1983-09-21,0.275391,0.279297,0.269531,0.275391,0.005819,21664000
1983-09-22,0.275391,0.283203,0.275391,0.281250,0.005943,12716800
1983-09-23,0.281250,0.283203,0.277344,0.279297,0.005901,13145600
1983-09-26,0.279297,0.283203,0.273438,0.273438,0.005778,4595200
1983-09-27,0.273438,0.275391,0.263672,0.267578,0.005654,10387200
1983-09-28,0.267578,0.273438,0.265625,0.267578,0.005654,9721600
1983-09-29,0.265625,0.265625,0.259766,0.261719,0.005530,4697600
1983-09-30,0.261719,0.265625,0.259766,0.263672,0.005571,2208000
1983-10-03,0.263672,0.263672,0.259766,0.261719,0.005530,14457600
1983-10-04,0.261719,0.277344,0.259766,0.273438,0.005778,13152000
1983-10-05,0.273438,0.281250,0.273438,0.281250,0.005943,31827200
1983-10-06,0.281250,0.285156,0.277344,0.281250,0.005943,5401600
1983-10-07,0.281250,0.283203,0.275391,0.281250,0.005943,10272000
1983-10-10,0.281250,0.283203,0.281250,0.283203,0.005984,2880000
1983-10-11,0.283203,0.289063,0.281250,0.281250,0.005943,12064000
1983-10-12,0.281250,0.292969,0.279297,0.287109,0.006066,16908800
1983-10-13,0.287109,0.289063,0.285156,0.289063,0.006108,13196800
1983-10-14,0.289063,0.289063,0.287109,0.287109,0.006066,2950400
1983-10-17,0.287109,0.289063,0.281250,0.287109,0.006066,1664000
1983-10-18,0.287109,0.289063,0.283203,0.289063,0.006108,18771200
1983-10-19,0.289063,0.292969,0.279297,0.281250,0.005943,5100800
1983-10-20,0.281250,0.283203,0.279297,0.283203,0.005984,2880000
1983-10-21,0.283203,0.285156,0.281250,0.281250,0.005943,3884800
1983-10-24,0.281250,0.283203,0.281250,0.281250,0.005943,2169600
1983-10-25,0.281250,0.285156,0.281250,0.285156,0.006025,2886400
1983-10-26,0.285156,0.287109,0.283203,0.287109,0.006066,10732800
1983-10-27,0.287109,0.287109,0.285156,0.285156,0.006025,1900800
1983-10-28,0.285156,0.289063,0.285156,0.285156,0.006025,2220800
1983-10-31,0.285156,0.287109,0.285156,0.285156,0.006025,6329600
1983-11-01,0.285156,0.291016,0.277344,0.287109,0.006066,4883200
1983-11-02,0.287109,0.287109,0.283203,0.285156,0.006025,2425600
1983-11-03,0.285156,0.287109,0.285156,0.285156,0.006025,4953600
1983-11-04,0.285156,0.287109,0.285156,0.285156,0.006025,5561600
1983-11-07,0.285156,0.287109,0.285156,0.287109,0.006066,3385600
1983-11-08,0.287109,0.287109,0.279297,0.279297,0.005901,4736000
1983-11-09,0.279297,0.281250,0.277344,0.277344,0.005860,1964800
1983-11-10,0.277344,0.279297,0.277344,0.277344,0.005860,1369600
1983-11-11,0.277344,0.279297,0.277344,0.277344,0.005860,1196800
1983-11-14,0.277344,0.281250,0.275391,0.281250,0.005943,4134400
1983-11-15,0.281250,0.281250,0.279297,0.279297,0.005901,3334400
1983-11-16,0.279297,0.285156,0.279297,0.285156,0.006025,3417600
1983-11-17,0.285156,0.285156,0.257813,0.261719,0.005530,34329600
1983-11-18,0.261719,0.263672,0.253906,0.259766,0.005489,21312000
1983-11-21,0.259766,0.261719,0.255859,0.257813,0.005447,6470400
1983-11-22,0.257813,0.259766,0.253906,0.253906,0.005365,10246400
1983-11-23,0.253906,0.255859,0.246094,0.248047,0.005241,11084800
1983-11-25,0.248047,0.250000,0.236328,0.240234,0.005076,9088000
1983-11-28,0.240234,0.240234,0.230469,0.232422,0.004911,14182400
1983-11-29,0.232422,0.240234,0.230469,0.236328,0.004993,8403200
1983-11-30,0.236328,0.240234,0.236328,0.238281,0.005035,6937600
1983-12-01,0.238281,0.255859,0.238281,0.240234,0.005076,5753600
1983-12-02,0.240234,0.240234,0.236328,0.238281,0.005035,2265600
1983-12-05,0.238281,0.240234,0.230469,0.232422,0.004911,8659200
1983-12-06,0.232422,0.236328,0.232422,0.232422,0.004911,10246400
1983-12-07,0.232422,0.232422,0.230469,0.230469,0.004870,2867200
1983-12-08,0.230469,0.232422,0.228516,0.230469,0.004870,6304000
1983-12-09,0.230469,0.230469,0.228516,0.230469,0.004870,4275200
1983-12-12,0.230469,0.230469,0.224609,0.228516,0.004828,12000000
1983-12-13,0.228516,0.238281,0.226563,0.238281,0.005035,8115200
1983-12-14,0.238281,0.238281,0.232422,0.234375,0.004952,5766400
1983-12-15,0.234375,0.238281,0.230469,0.236328,0.004993,8192000
1983-12-16,0.236328,0.238281,0.230469,0.230469,0.004870,2969600
1983-12-19,0.230469,0.234375,0.230469,0.230469,0.004870,3206400
1983-12-20,0.230469,0.234375,0.224609,0.228516,0.004828,7411200
1983-12-21,0.228516,0.232422,0.226563,0.232422,0.004911,23756800
1983-12-22,0.232422,0.232422,0.230469,0.230469,0.004870,3296000
1983-12-23,0.230469,0.234375,0.230469,0.234375,0.004952,2988800
1983-12-27,0.234375,0.234375,0.232422,0.234375,0.004952,5011200
1983-12-28,0.234375,0.234375,0.230469,0.232422,0.004911,5395200
1983-12-29,0.232422,0.232422,0.230469,0.230469,0.004870,3539200
1983-12-30,0.230469,0.236328,0.226563,0.226563,0.004787,7065600
1984-01-03,0.226563,0.234375,0.224609,0.232422,0.004911,9331200
1984-01-04,0.232422,0.244141,0.232422,0.240234,0.005076,7699200
1984-01-05,0.240234,0.251953,0.240234,0.248047,0.005241,12524800
1984-01-06,0.248047,0.255859,0.248047,0.255859,0.005406,9094400
1984-01-09,0.255859,0.255859,0.253906,0.253906,0.005365,4012800
1984-01-10,0.253906,0.255859,0.238281,0.240234,0.005076,11782400
1984-01-11,0.240234,0.244141,0.232422,0.232422,0.004911,8281600
1984-01-12,0.232422,0.234375,0.224609,0.226563,0.004787,10342400
1984-01-13,0.226563,0.230469,0.224609,0.228516,0.004828,4102400
1984-01-16,0.228516,0.234375,0.228516,0.234375,0.004952,3961600
1984-01-17,0.234375,0.244141,0.230469,0.234375,0.004952,7833600
1984-01-18,0.234375,0.236328,0.234375,0.234375,0.004952,2540800
1984-01-19,0.234375,0.236328,0.232422,0.234375,0.004952,2380800
1984-01-20,0.234375,0.234375,0.228516,0.230469,0.004870,3737600
1984-01-23,0.230469,0.232422,0.220703,0.230469,0.004870,1702400
1984-01-24,0.230469,0.230469,0.226563,0.228516,0.004828,5344000
1984-01-25,0.228516,0.230469,0.226563,0.226563,0.004787,800000
1984-01-26,0.226563,0.230469,0.222656,0.228516,0.004828,5766400
1984-01-27,0.228516,0.228516,0.226563,0.228516,0.004828,3308800
1984-01-30,0.228516,0.228516,0.222656,0.222656,0.004705,3584000
1984-01-31,0.222656,0.226563,0.218750,0.220703,0.004663,23078400
1984-02-01,0.220703,0.220703,0.212891,0.214844,0.004540,4019200
1984-02-02,0.214844,0.214844,0.208984,0.208984,0.004416,6848000
1984-02-03,0.208984,0.214844,0.208984,0.208984,0.004416,10054400
1984-02-06,0.208984,0.216797,0.201172,0.203125,0.004292,3782400
1984-02-07,0.203125,0.203125,0.197266,0.197266,0.004168,5344000
1984-02-08,0.197266,0.199219,0.181641,0.185547,0.003920,53632000
1984-02-09,0.185547,0.189453,0.181641,0.187500,0.003962,21369600
1984-02-10,0.187500,0.187500,0.183594,0.187500,0.003962,4428800
1984-02-13,0.187500,0.187500,0.183594,0.183594,0.003879,1888000
1984-02-14,0.183594,0.203125,0.181641,0.203125,0.004292,17868800
1984-02-15,0.203125,0.208984,0.203125,0.207031,0.004374,3468800
1984-02-16,0.207031,0.207031,0.195313,0.199219,0.004209,4761600
1984-02-17,0.199219,0.199219,0.197266,0.199219,0.004209,5312000
1984-02-21,0.199219,0.199219,0.191406,0.193359,0.004086,3238400
1984-02-22,0.193359,0.199219,0.191406,0.191406,0.004044,9363200
1984-02-23,0.191406,0.191406,0.181641,0.187500,0.003962,3481600
1984-02-24,0.187500,0.189453,0.183594,0.183594,0.003879,8851200
1984-02-27,0.183594,0.187500,0.183594,0.187500,0.003962,6848000
1984-02-28,0.187500,0.187500,0.175781,0.179688,0.003797,6668800
1984-02-29,0.179688,0.183594,0.175781,0.179688,0.003797,18752000
1984-03-01,0.179688,0.181641,0.179688,0.181641,0.003838,3936000
1984-03-02,0.181641,0.183594,0.179688,0.183594,0.003879,17292800
1984-03-05,0.183594,0.185547,0.179688,0.181641,0.003838,2777600
1984-03-06,0.181641,0.185547,0.181641,0.185547,0.003920,3808000
1984-03-07,0.185547,0.185547,0.175781,0.177734,0.003755,4358400
1984-03-08,0.177734,0.181641,0.177734,0.181641,0.003838,5939200
1984-03-09,0.181641,0.183594,0.179688,0.181641,0.003838,3078400
1984-03-12,0.181641,0.183594,0.179688,0.183594,0.003879,17856000
1984-03-13,0.183594,0.183594,0.179688,0.183594,0.003879,5990400
1984-03-14,0.183594,0.191406,0.181641,0.185547,0.003920,15648000
1984-03-15,0.185547,0.187500,0.183594,0.187500,0.003962,7462400
1984-03-16,0.187500,0.195313,0.187500,0.187500,0.003962,8064000
1984-03-19,0.187500,0.187500,0.183594,0.187500,0.003962,4051200
1984-03-20,0.187500,0.187500,0.181641,0.183594,0.003879,1888000
1984-03-21,0.183594,0.185547,0.175781,0.183594,0.003879,5248000
1984-03-22,0.183594,0.185547,0.177734,0.179688,0.003797,21561600
1984-03-23,0.179688,0.179688,0.177734,0.179688,0.003797,4320000
1984-03-26,0.179688,0.179688,0.177734,0.177734,0.003755,2105600
1984-03-27,0.177734,0.179688,0.177734,0.177734,0.003755,4153600
1984-03-28,0.177734,0.181641,0.177734,0.181641,0.003838,16307200
1984-03-29,0.181641,0.181641,0.177734,0.179688,0.003797,1644800
1984-03-30,0.179688,0.179688,0.177734,0.179688,0.003797,1811200
1984-04-02,0.179688,0.179688,0.177734,0.177734,0.003755,2419200
1984-04-03,0.177734,0.179688,0.171875,0.173828,0.003673,14918400
1984-04-04,0.173828,0.179688,0.169922,0.171875,0.003632,8300800
1984-04-05,0.171875,0.171875,0.154297,0.158203,0.003343,24524800
1984-04-06,0.158203,0.158203,0.154297,0.156250,0.003301,8934400
1984-04-09,0.156250,0.158203,0.152344,0.156250,0.003301,11609600
1984-04-10,0.156250,0.156250,0.154297,0.154297,0.003260,4300800
1984-04-11,0.154297,0.156250,0.150391,0.150391,0.003178,5990400
1984-04-12,0.150391,0.154297,0.150391,0.152344,0.003219,8076800
1984-04-13,0.152344,0.156250,0.150391,0.156250,0.003301,8012800
1984-04-16,0.156250,0.156250,0.152344,0.156250,0.003301,2425600
1984-04-17,0.156250,0.160156,0.154297,0.156250,0.003301,4857600
1984-04-18,0.156250,0.158203,0.154297,0.154297,0.003260,2355200
1984-04-19,0.154297,0.158203,0.154297,0.158203,0.003343,2931200
1984-04-23,0.158203,0.158203,0.156250,0.158203,0.003343,2425600
1984-04-24,0.158203,0.158203,0.156250,0.156250,0.003301,2515200
1984-04-25,0.156250,0.158203,0.156250,0.158203,0.003343,2758400
1984-04-26,0.158203,0.162109,0.156250,0.158203,0.003343,10400000
1984-04-27,0.158203,0.162109,0.156250,0.156250,0.003301,2240000
1984-04-30,0.156250,0.158203,0.156250,0.156250,0.003301,1964800
1984-05-01,0.156250,0.160156,0.156250,0.158203,0.003343,12908800
1984-05-02,0.158203,0.167969,0.158203,0.164063,0.003467,8480000
1984-05-03,0.164063,0.166016,0.162109,0.164063,0.003467,4070400
1984-05-04,0.164063,0.167969,0.162109,0.162109,0.003425,5484800
1984-05-07,0.162109,0.164063,0.162109,0.164063,0.003467,857600
1984-05-08,0.164063,0.166016,0.162109,0.164063,0.003467,3648000
1984-05-09,0.164063,0.167969,0.162109,0.166016,0.003508,1587200
1984-05-10,0.166016,0.181641,0.166016,0.173828,0.003673,8339200
1984-05-11,0.173828,0.179688,0.169922,0.169922,0.003590,3539200
1984-05-14,0.169922,0.173828,0.169922,0.171875,0.003632,710400
1984-05-15,0.171875,0.175781,0.169922,0.173828,0.003673,4153600
1984-05-16,0.173828,0.175781,0.173828,0.173828,0.003673,1811200
1984-05-17,0.173828,0.175781,0.167969,0.167969,0.003549,3430400
1984-05-18,0.167969,0.171875,0.164063,0.164063,0.003467,4076800
1984-05-21,0.164063,0.166016,0.158203,0.158203,0.003343,21952000
1984-05-22,0.158203,0.160156,0.156250,0.160156,0.003384,1011200
1984-05-23,0.160156,0.160156,0.156250,0.156250,0.003301,7808000
1984-05-24,0.156250,0.160156,0.154297,0.154297,0.003260,2848000
1984-05-25,0.154297,0.158203,0.154297,0.156250,0.003301,1203200
1984-05-29,0.156250,0.158203,0.152344,0.152344,0.003219,3948800
1984-05-30,0.152344,0.154297,0.150391,0.152344,0.003219,6169600
1984-05-31,0.152344,0.154297,0.150391,0.152344,0.003219,1945600
1984-06-01,0.152344,0.156250,0.150391,0.156250,0.003301,2534400
1984-06-04,0.156250,0.156250,0.152344,0.156250,0.003301,6054400
1984-06-05,0.156250,0.156250,0.152344,0.152344,0.003219,1305600
1984-06-06,0.152344,0.154297,0.150391,0.154297,0.003260,1824000
1984-06-07,0.154297,0.156250,0.152344,0.154297,0.003260,1056000
1984-06-08,0.154297,0.162109,0.152344,0.162109,0.003425,8102400
1984-06-11,0.162109,0.162109,0.158203,0.158203,0.003343,1190400
1984-06-12,0.158203,0.160156,0.158203,0.158203,0.003343,2380800
1984-06-13,0.158203,0.160156,0.158203,0.158203,0.003343,3289600
1984-06-14,0.158203,0.160156,0.158203,0.160156,0.003384,2374400
1984-06-15,0.160156,0.162109,0.158203,0.162109,0.003425,1977600
1984-06-18,0.160156,0.160156,0.158203,0.160156,0.003384,684800
1984-06-19,0.160156,0.160156,0.158203,0.158203,0.003343,665600
1984-06-20,0.158203,0.162109,0.158203,0.162109,0.003425,2540800
1984-06-21,0.162109,0.166016,0.158203,0.160156,0.003384,4422400
1984-06-22,0.160156,0.162109,0.152344,0.156250,0.003301,5043200
1984-06-25,0.154297,0.154297,0.152344,0.152344,0.003219,1408000
1984-06-26,0.152344,0.154297,0.150391,0.150391,0.003178,3097600
1984-06-27,0.150391,0.152344,0.150391,0.150391,0.003178,3718400
1984-06-28,0.152344,0.156250,0.152344,0.154297,0.003260,3097600
1984-06-29,0.154297,0.156250,0.154297,0.156250,0.003301,9376000
1984-07-02,0.156250,0.156250,0.154297,0.156250,0.003301,2150400
1984-07-03,0.156250,0.158203,0.154297,0.156250,0.003301,4345600
1984-07-05,0.156250,0.158203,0.156250,0.156250,0.003301,4819200
1984-07-06,0.156250,0.158203,0.156250,0.156250,0.003301,1446400
1984-07-09,0.156250,0.158203,0.156250,0.156250,0.003301,3571200
1984-07-10,0.156250,0.158203,0.156250,0.158203,0.003343,3353600
1984-07-11,0.158203,0.158203,0.154297,0.156250,0.003301,5299200
1984-07-12,0.156250,0.156250,0.148438,0.152344,0.003219,2713600
1984-07-13,0.152344,0.156250,0.150391,0.152344,0.003219,2585600
1984-07-16,0.152344,0.152344,0.148438,0.150391,0.003178,4019200
1984-07-17,0.150391,0.152344,0.150391,0.150391,0.003178,1939200
1984-07-18,0.150391,0.152344,0.138672,0.142578,0.003013,7980800
1984-07-19,0.142578,0.142578,0.140625,0.142578,0.003013,3116800
1984-07-20,0.142578,0.142578,0.140625,0.140625,0.002971,2515200
1984-07-23,0.140625,0.142578,0.130859,0.134766,0.002848,4755200
1984-07-24,0.134766,0.134766,0.130859,0.130859,0.002765,4825600
1984-07-25,0.130859,0.130859,0.123047,0.128906,0.002724,9254400
1984-07-26,0.128906,0.130859,0.126953,0.128906,0.002724,1817600
1984-07-27,0.128906,0.132813,0.128906,0.132813,0.002806,1964800
1984-07-30,0.132813,0.134766,0.130859,0.134766,0.002848,1580800
1984-07-31,0.134766,0.134766,0.130859,0.130859,0.002765,1529600
1984-08-01,0.130859,0.132813,0.130859,0.130859,0.002765,3270400
1984-08-02,0.130859,0.132813,0.126953,0.130859,0.002765,23097600
1984-08-03,0.130859,0.134766,0.128906,0.134766,0.002848,7705600
1984-08-06,0.134766,0.138672,0.132813,0.136719,0.002889,15404800
1984-08-07,0.136719,0.142578,0.134766,0.142578,0.003013,18937600
1984-08-08,0.142578,0.148438,0.140625,0.148438,0.003136,8633600
1984-08-09,0.148438,0.156250,0.146484,0.156250,0.003301,11257600
1984-08-10,0.156250,0.164063,0.156250,0.158203,0.003343,48832000
1984-08-13,0.158203,0.160156,0.156250,0.160156,0.003384,8364800
1984-08-14,0.160156,0.164063,0.158203,0.160156,0.003384,4780800
1984-08-15,0.160156,0.162109,0.158203,0.160156,0.003384,10227200
1984-08-16,0.160156,0.162109,0.158203,0.158203,0.003343,3283200
1984-08-17,0.158203,0.160156,0.148438,0.148438,0.003136,5420800
1984-08-20,0.148438,0.150391,0.146484,0.146484,0.003095,16678400
1984-08-21,0.148438,0.156250,0.148438,0.156250,0.003301,6073600
1984-08-22,0.156250,0.158203,0.152344,0.152344,0.003219,12364800
1984-08-23,0.152344,0.156250,0.152344,0.154297,0.003260,7404800
1984-08-24,0.154297,0.156250,0.154297,0.154297,0.003260,838400
1984-08-27,0.154297,0.156250,0.154297,0.154297,0.003260,2636800
1984-08-28,0.154297,0.156250,0.154297,0.154297,0.003260,992000
1984-08-29,0.154297,0.160156,0.154297,0.158203,0.003343,9331200
1984-08-30,0.158203,0.160156,0.158203,0.158203,0.003343,6201600
1984-08-31,0.158203,0.162109,0.158203,0.160156,0.003384,4928000
1984-09-04,0.160156,0.164063,0.158203,0.158203,0.003343,6828800
1984-09-05,0.158203,0.162109,0.156250,0.158203,0.003343,7308800
1984-09-06,0.158203,0.162109,0.158203,0.158203,0.003343,2131200
1984-09-07,0.158203,0.160156,0.154297,0.158203,0.003343,3904000
1984-09-10,0.158203,0.158203,0.154297,0.154297,0.003260,2144000
1984-09-11,0.154297,0.162109,0.154297,0.160156,0.003384,4524800
1984-09-12,0.160156,0.164063,0.158203,0.162109,0.003425,8281600
1984-09-13,0.162109,0.162109,0.158203,0.158203,0.003343,1664000
1984-09-14,0.158203,0.162109,0.156250,0.158203,0.003343,3776000
1984-09-17,0.156250,0.156250,0.152344,0.154297,0.003260,2432000
1984-09-18,0.154297,0.154297,0.144531,0.148438,0.003136,4153600
1984-09-19,0.148438,0.148438,0.144531,0.148438,0.003136,3136000
1984-09-20,0.148438,0.148438,0.140625,0.142578,0.003013,2348800
1984-09-21,0.142578,0.146484,0.142578,0.142578,0.003013,5228800
1984-09-24,0.142578,0.146484,0.136719,0.138672,0.002930,6336000
1984-09-25,0.138672,0.140625,0.136719,0.138672,0.002930,9440000
1984-09-26,0.138672,0.142578,0.138672,0.142578,0.003013,4806400
1984-09-27,0.142578,0.142578,0.138672,0.140625,0.002971,1606400
1984-09-28,0.140625,0.140625,0.136719,0.140625,0.002971,5817600
1984-10-01,0.140625,0.140625,0.134766,0.136719,0.002889,2393600
1984-10-02,0.136719,0.138672,0.136719,0.136719,0.002889,5164800
1984-10-03,0.136719,0.136719,0.134766,0.136719,0.002889,640000
1984-10-04,0.136719,0.136719,0.134766,0.134766,0.002848,2892800
1984-10-05,0.132813,0.132813,0.123047,0.130859,0.002765,8633600
1984-10-08,0.130859,0.132813,0.128906,0.128906,0.002724,1024000
1984-10-09,0.128906,0.132813,0.126953,0.128906,0.002724,4697600
1984-10-10,0.128906,0.130859,0.126953,0.130859,0.002765,3449600
1984-10-11,0.130859,0.130859,0.128906,0.130859,0.002765,4467200
1984-10-12,0.130859,0.130859,0.128906,0.128906,0.002724,659200
1984-10-15,0.128906,0.130859,0.128906,0.128906,0.002724,2822400
1984-10-16,0.128906,0.130859,0.126953,0.128906,0.002724,4172800
1984-10-17,0.128906,0.130859,0.128906,0.130859,0.002765,966400
1984-10-18,0.130859,0.130859,0.128906,0.128906,0.002724,2579200
1984-10-19,0.128906,0.132813,0.126953,0.126953,0.002682,6419200
1984-10-22,0.126953,0.128906,0.125000,0.126953,0.002682,3980800
1984-10-23,0.126953,0.126953,0.125000,0.126953,0.002682,2060800
1984-10-24,0.126953,0.130859,0.123047,0.123047,0.002600,7072000
1984-10-25,0.123047,0.125000,0.119141,0.123047,0.002600,7142400
1984-10-26,0.123047,0.123047,0.117188,0.119141,0.002517,5683200
1984-10-29,0.119141,0.121094,0.115234,0.117188,0.002476,4832000
1984-10-30,0.117188,0.117188,0.113281,0.115234,0.002435,7558400
1984-10-31,0.115234,0.117188,0.103516,0.107422,0.002270,17120000
1984-11-01,0.107422,0.111328,0.105469,0.109375,0.002311,14950400
1984-11-02,0.109375,0.113281,0.107422,0.111328,0.002352,8787200
1984-11-05,0.111328,0.113281,0.109375,0.109375,0.002311,2624000
1984-11-06,0.109375,0.115234,0.107422,0.115234,0.002435,5452800
1984-11-07,0.115234,0.117188,0.113281,0.113281,0.002394,9632000
1984-11-08,0.113281,0.117188,0.113281,0.113281,0.002394,2585600
1984-11-09,0.113281,0.115234,0.111328,0.113281,0.002394,2092800
1984-11-12,0.113281,0.113281,0.111328,0.113281,0.002394,2464000
1984-11-13,0.113281,0.113281,0.107422,0.111328,0.002352,5529600
1984-11-14,0.111328,0.111328,0.107422,0.109375,0.002311,35968000
1984-11-15,0.109375,0.111328,0.107422,0.107422,0.002270,3219200
1984-11-16,0.107422,0.111328,0.107422,0.109375,0.002311,3296000
1984-11-19,0.109375,0.111328,0.107422,0.107422,0.002270,1612800
1984-11-20,0.107422,0.109375,0.107422,0.109375,0.002311,3334400
1984-11-21,0.109375,0.111328,0.107422,0.109375,0.002311,14291200
1984-11-23,0.109375,0.117188,0.109375,0.115234,0.002435,9996800
1984-11-26,0.115234,0.121094,0.115234,0.117188,0.002476,7238400
1984-11-27,0.117188,0.121094,0.115234,0.121094,0.002559,16115200
1984-11-28,0.121094,0.123047,0.119141,0.119141,0.002517,6547200
1984-11-29,0.119141,0.125000,0.115234,0.121094,0.002559,19174400
1984-11-30,0.121094,0.123047,0.119141,0.121094,0.002559,5030400
1984-12-03,0.121094,0.123047,0.117188,0.121094,0.002559,2304000
1984-12-04,0.121094,0.121094,0.117188,0.117188,0.002476,1728000
1984-12-05,0.117188,0.119141,0.115234,0.117188,0.002476,1984000
1984-12-06,0.117188,0.119141,0.113281,0.115234,0.002435,3872000
1984-12-07,0.115234,0.119141,0.115234,0.119141,0.002517,5472000
1984-12-10,0.119141,0.119141,0.115234,0.115234,0.002435,3283200
1984-12-11,0.115234,0.115234,0.113281,0.115234,0.002435,4121600
1984-12-12,0.115234,0.117188,0.109375,0.113281,0.002394,5977600
1984-12-13,0.113281,0.115234,0.111328,0.115234,0.002435,2483200
1984-12-14,0.115234,0.125000,0.113281,0.121094,0.002559,6342400
1984-12-17,0.121094,0.123047,0.121094,0.123047,0.002600,2419200
1984-12-18,0.123047,0.128906,0.121094,0.126953,0.002682,8992000
1984-12-19,0.126953,0.134766,0.126953,0.130859,0.002765,29292800
1984-12-20,0.130859,0.130859,0.125000,0.126953,0.002682,5088000
1984-12-21,0.126953,0.128906,0.125000,0.126953,0.002682,4889600
1984-12-24,0.126953,0.126953,0.125000,0.125000,0.002641,2092800
1984-12-26,0.125000,0.126953,0.123047,0.125000,0.002641,4966400
1984-12-27,0.125000,0.125000,0.119141,0.123047,0.002600,6086400
1984-12-28,0.123047,0.123047,0.121094,0.123047,0.002600,8723200
1984-12-31,0.123047,0.125000,0.121094,0.123047,0.002600,9292800
1985-01-02,0.123047,0.126953,0.123047,0.126953,0.002682,5401600
1985-01-03,0.126953,0.134766,0.126953,0.132813,0.002806,14662400
1985-01-04,0.132813,0.138672,0.132813,0.138672,0.002930,15737600
1985-01-07,0.138672,0.138672,0.134766,0.136719,0.002889,9484800
1985-01-08,0.136719,0.140625,0.134766,0.140625,0.002971,23788800
1985-01-09,0.140625,0.140625,0.136719,0.138672,0.002930,7731200
1985-01-10,0.138672,0.140625,0.136719,0.140625,0.002971,9190400
1985-01-11,0.140625,0.140625,0.134766,0.136719,0.002889,6380800
1985-01-14,0.136719,0.136719,0.125000,0.130859,0.002765,24857600
1985-01-15,0.130859,0.130859,0.126953,0.126953,0.002682,8499200
1985-01-16,0.126953,0.134766,0.126953,0.130859,0.002765,9120000
1985-01-17,0.130859,0.134766,0.128906,0.130859,0.002765,7680000
1985-01-18,0.130859,0.136719,0.130859,0.136719,0.002889,8288000
1985-01-21,0.136719,0.144531,0.134766,0.144531,0.003054,18054400
1985-01-22,0.144531,0.148438,0.144531,0.144531,0.003054,20940800
1985-01-23,0.144531,0.156250,0.144531,0.156250,0.003301,18694400
1985-01-24,0.156250,0.158203,0.140625,0.144531,0.003054,19481600
1985-01-25,0.144531,0.150391,0.142578,0.148438,0.003136,9299200
1985-01-28,0.148438,0.148438,0.144531,0.146484,0.003095,5440000
1985-01-29,0.146484,0.148438,0.142578,0.146484,0.003095,3942400
1985-01-30,0.146484,0.150391,0.144531,0.150391,0.003178,12595200
1985-01-31,0.148438,0.148438,0.144531,0.144531,0.003054,7040000
1985-02-01,0.144531,0.146484,0.144531,0.144531,0.003054,3059200
1985-02-04,0.144531,0.148438,0.144531,0.146484,0.003095,3257600
1985-02-05,0.146484,0.150391,0.146484,0.150391,0.003178,7904000
1985-02-06,0.150391,0.150391,0.146484,0.148438,0.003136,4467200
1985-02-07,0.148438,0.148438,0.146484,0.148438,0.003136,4480000
1985-02-08,0.148438,0.148438,0.146484,0.146484,0.003095,3667200
1985-02-11,0.146484,0.148438,0.144531,0.146484,0.003095,4435200
1985-02-12,0.146484,0.148438,0.144531,0.146484,0.003095,4582400
1985-02-13,0.146484,0.148438,0.144531,0.148438,0.003136,2208000
1985-02-14,0.148438,0.150391,0.146484,0.148438,0.003136,12044800
1985-02-15,0.148438,0.148438,0.146484,0.148438,0.003136,4377600
1985-02-19,0.148438,0.148438,0.146484,0.148438,0.003136,17126400
1985-02-20,0.148438,0.148438,0.144531,0.148438,0.003136,13830400
1985-02-21,0.148438,0.148438,0.146484,0.146484,0.003095,2496000
1985-02-22,0.146484,0.148438,0.146484,0.148438,0.003136,5017600
1985-02-25,0.148438,0.148438,0.146484,0.146484,0.003095,4960000
1985-02-26,0.146484,0.146484,0.144531,0.146484,0.003095,12492800
1985-02-27,0.146484,0.146484,0.142578,0.144531,0.003054,2784000
1985-02-28,0.144531,0.144531,0.140625,0.142578,0.003013,8499200
1985-03-01,0.142578,0.144531,0.142578,0.144531,0.003054,7603200
1985-03-04,0.144531,0.144531,0.142578,0.144531,0.003054,6233600
1985-03-05,0.144531,0.146484,0.142578,0.144531,0.003054,1766400
1985-03-06,0.144531,0.148438,0.142578,0.144531,0.003054,11104000
1985-03-07,0.144531,0.146484,0.144531,0.144531,0.003054,4633600
1985-03-08,0.144531,0.146484,0.140625,0.142578,0.003013,4550400
1985-03-11,0.142578,0.142578,0.134766,0.136719,0.002889,6348800
1985-03-12,0.136719,0.138672,0.134766,0.134766,0.002848,5676800
1985-03-13,0.134766,0.136719,0.132813,0.134766,0.002848,2496000
1985-03-14,0.134766,0.134766,0.130859,0.134766,0.002848,3846400
1985-03-15,0.134766,0.144531,0.132813,0.142578,0.003013,5388800
1985-03-18,0.142578,0.144531,0.136719,0.136719,0.002889,4736000
1985-03-19,0.136719,0.140625,0.134766,0.140625,0.002971,5772800
1985-03-20,0.140625,0.140625,0.138672,0.140625,0.002971,2086400
1985-03-21,0.140625,0.140625,0.136719,0.138672,0.002930,1875200
1985-03-22,0.138672,0.138672,0.134766,0.138672,0.002930,992000
1985-03-25,0.138672,0.138672,0.134766,0.134766,0.002848,1907200
1985-03-26,0.134766,0.136719,0.132813,0.136719,0.002889,5536000
1985-03-27,0.136719,0.140625,0.134766,0.138672,0.002930,7430400
1985-03-28,0.138672,0.140625,0.134766,0.134766,0.002848,2073600
1985-03-29,0.136719,0.138672,0.136719,0.136719,0.002889,1408000
1985-04-01,0.136719,0.138672,0.132813,0.138672,0.002930,2476800
1985-04-02,0.138672,0.138672,0.130859,0.132813,0.002806,6528000
1985-04-03,0.132813,0.134766,0.130859,0.134766,0.002848,3795200
1985-04-04,0.134766,0.134766,0.128906,0.132813,0.002806,7635200
1985-04-08,0.132813,0.138672,0.130859,0.134766,0.002848,5856000
1985-04-09,0.134766,0.140625,0.134766,0.136719,0.002889,11468800
1985-04-10,0.136719,0.138672,0.132813,0.136719,0.002889,17657600
1985-04-11,0.136719,0.142578,0.136719,0.140625,0.002971,5107200
1985-04-12,0.140625,0.142578,0.140625,0.140625,0.002971,2675200
1985-04-15,0.140625,0.144531,0.140625,0.142578,0.003013,14412800
1985-04-16,0.142578,0.152344,0.142578,0.152344,0.003219,16640000
1985-04-17,0.152344,0.162109,0.144531,0.158203,0.003343,32518400
1985-04-18,0.158203,0.164063,0.156250,0.160156,0.003384,39622400
1985-04-19,0.160156,0.162109,0.160156,0.162109,0.003425,11078400
1985-04-22,0.162109,0.162109,0.156250,0.156250,0.003301,4761600
1985-04-23,0.156250,0.160156,0.156250,0.158203,0.003343,7596800
1985-04-24,0.158203,0.160156,0.158203,0.160156,0.003384,2182400
1985-04-25,0.160156,0.160156,0.158203,0.160156,0.003384,2681600
1985-04-26,0.160156,0.167969,0.158203,0.160156,0.003384,4473600
1985-04-29,0.160156,0.162109,0.154297,0.154297,0.003260,2208000
1985-04-30,0.154297,0.156250,0.152344,0.154297,0.003260,7072000
1985-05-01,0.156250,0.164063,0.156250,0.162109,0.003425,17222400
1985-05-02,0.162109,0.166016,0.160156,0.164063,0.003467,9452800
1985-05-03,0.164063,0.164063,0.160156,0.162109,0.003425,4985600
1985-05-06,0.162109,0.164063,0.162109,0.164063,0.003467,9331200
1985-05-07,0.164063,0.166016,0.162109,0.162109,0.003425,11532800
1985-05-08,0.162109,0.164063,0.162109,0.164063,0.003467,6310400
1985-05-09,0.164063,0.164063,0.162109,0.164063,0.003467,12710400
1985-05-10,0.164063,0.164063,0.160156,0.162109,0.003425,4339200
1985-05-13,0.162109,0.164063,0.160156,0.162109,0.003425,3731200
1985-05-14,0.162109,0.164063,0.162109,0.164063,0.003467,5644800
1985-05-15,0.164063,0.166016,0.162109,0.162109,0.003425,12556800
1985-05-16,0.162109,0.166016,0.162109,0.166016,0.003508,5081600
1985-05-17,0.166016,0.181641,0.164063,0.177734,0.003755,18496000
1985-05-20,0.177734,0.183594,0.173828,0.175781,0.003714,16889600
1985-05-21,0.175781,0.177734,0.162109,0.167969,0.003549,21440000
1985-05-22,0.167969,0.171875,0.166016,0.171875,0.003632,12454400
1985-05-23,0.171875,0.171875,0.169922,0.169922,0.003590,5516800
1985-05-24,0.169922,0.171875,0.162109,0.171875,0.003632,2534400
1985-05-28,0.171875,0.173828,0.169922,0.173828,0.003673,12537600
1985-05-29,0.173828,0.175781,0.171875,0.175781,0.003714,15084800
1985-05-30,0.175781,0.181641,0.173828,0.175781,0.003714,10156800
1985-05-31,0.175781,0.179688,0.173828,0.173828,0.003673,7052800
1985-06-03,0.173828,0.177734,0.167969,0.169922,0.003590,7923200
1985-06-04,0.169922,0.171875,0.166016,0.169922,0.003590,6316800
1985-06-05,0.169922,0.171875,0.166016,0.169922,0.003590,8390400
1985-06-06,0.169922,0.171875,0.169922,0.169922,0.003590,5792000
1985-06-07,0.169922,0.171875,0.164063,0.164063,0.003467,6656000
1985-06-10,0.164063,0.167969,0.164063,0.167969,0.003549,4211200
1985-06-11,0.167969,0.167969,0.166016,0.166016,0.003508,3961600
1985-06-12,0.166016,0.167969,0.162109,0.164063,0.003467,6758400
1985-06-13,0.162109,0.162109,0.152344,0.158203,0.003343,32384000
1985-06-14,0.158203,0.162109,0.156250,0.160156,0.003384,8768000
1985-06-17,0.160156,0.162109,0.156250,0.156250,0.003301,7769600
1985-06-18,0.156250,0.164063,0.156250,0.162109,0.003425,4486400
1985-06-19,0.162109,0.171875,0.162109,0.167969,0.003549,8428800
1985-06-20,0.167969,0.171875,0.166016,0.169922,0.003590,7852800
1985-06-21,0.169922,0.171875,0.169922,0.171875,0.003632,5427200
1985-06-24,0.171875,0.175781,0.169922,0.171875,0.003632,10188800
1985-06-25,0.171875,0.177734,0.171875,0.173828,0.003673,4556800
1985-06-26,0.173828,0.173828,0.171875,0.173828,0.003673,3443200
1985-06-27,0.173828,0.173828,0.169922,0.171875,0.003632,10707200
1985-06-28,0.171875,0.171875,0.166016,0.167969,0.003549,11712000
1985-07-01,0.167969,0.171875,0.166016,0.169922,0.003590,6028800
1985-07-02,0.169922,0.175781,0.167969,0.169922,0.003590,10790400
1985-07-03,0.169922,0.171875,0.167969,0.169922,0.003590,2521600
1985-07-05,0.169922,0.169922,0.166016,0.166016,0.003508,3398400
1985-07-08,0.166016,0.169922,0.164063,0.169922,0.003590,2572800
1985-07-09,0.169922,0.169922,0.166016,0.167969,0.003549,4460800
1985-07-10,0.167969,0.177734,0.166016,0.177734,0.003755,24550400
1985-07-11,0.177734,0.179688,0.173828,0.175781,0.003714,18822400
1985-07-12,0.175781,0.177734,0.173828,0.175781,0.003714,9548800
1985-07-15,0.175781,0.179688,0.175781,0.177734,0.003755,18016000
1985-07-16,0.177734,0.183594,0.175781,0.177734,0.003755,4198400
1985-07-17,0.177734,0.181641,0.175781,0.177734,0.003755,17107200
1985-07-18,0.177734,0.179688,0.177734,0.179688,0.003797,5414400
1985-07-19,0.179688,0.181641,0.177734,0.181641,0.003838,7353600
1985-07-22,0.181641,0.181641,0.179688,0.181641,0.003838,5228800
1985-07-23,0.181641,0.181641,0.175781,0.175781,0.003714,7916800
1985-07-24,0.177734,0.183594,0.177734,0.179688,0.003797,10022400
1985-07-25,0.179688,0.183594,0.179688,0.179688,0.003797,4211200
1985-07-26,0.179688,0.183594,0.179688,0.183594,0.003879,5036800
1985-07-29,0.183594,0.183594,0.177734,0.177734,0.003755,7110400
1985-07-30,0.177734,0.177734,0.173828,0.175781,0.003714,5107200
1985-07-31,0.175781,0.175781,0.173828,0.175781,0.003714,2924800
1985-08-01,0.175781,0.175781,0.173828,0.173828,0.003673,1568000
1985-08-02,0.173828,0.179688,0.173828,0.179688,0.003797,4998400
1985-08-05,0.179688,0.179688,0.175781,0.177734,0.003755,5209600
1985-08-06,0.177734,0.179688,0.175781,0.175781,0.003714,3891200
1985-08-07,0.175781,0.177734,0.175781,0.177734,0.003755,3052800
1985-08-08,0.177734,0.177734,0.175781,0.177734,0.003755,1632000
1985-08-09,0.177734,0.177734,0.175781,0.175781,0.003714,4236800
1985-08-12,0.175781,0.177734,0.175781,0.175781,0.003714,4000000
1985-08-13,0.175781,0.179688,0.175781,0.177734,0.003755,6464000
1985-08-14,0.177734,0.181641,0.175781,0.181641,0.003838,3360000
1985-08-15,0.181641,0.183594,0.179688,0.179688,0.003797,4761600
1985-08-16,0.179688,0.181641,0.179688,0.179688,0.003797,1292800
1985-08-19,0.179688,0.183594,0.179688,0.181641,0.003838,2361600
1985-08-20,0.181641,0.185547,0.181641,0.181641,0.003838,5510400
1985-08-21,0.181641,0.185547,0.179688,0.181641,0.003838,44652800
1985-08-22,0.183594,0.187500,0.183594,0.183594,0.003879,3494400
1985-08-23,0.183594,0.187500,0.183594,0.187500,0.003962,5638400
1985-08-26,0.187500,0.189453,0.183594,0.185547,0.003920,7404800
1985-08-27,0.185547,0.187500,0.183594,0.185547,0.003920,4460800
1985-08-28,0.185547,0.191406,0.183594,0.189453,0.004003,23052800
1985-08-29,0.189453,0.195313,0.187500,0.195313,0.004127,39699200
1985-08-30,0.195313,0.197266,0.193359,0.195313,0.004127,9017600
1985-09-03,0.195313,0.197266,0.193359,0.195313,0.004127,10572800
1985-09-04,0.195313,0.195313,0.193359,0.195313,0.004127,6867200
1985-09-05,0.195313,0.197266,0.193359,0.193359,0.004086,4812800
1985-09-06,0.195313,0.199219,0.195313,0.197266,0.004168,3987200
1985-09-09,0.197266,0.199219,0.197266,0.199219,0.004209,8204800
1985-09-10,0.199219,0.203125,0.197266,0.203125,0.004292,6150400
1985-09-11,0.203125,0.203125,0.199219,0.199219,0.004209,9913600
1985-09-12,0.199219,0.201172,0.193359,0.195313,0.004127,5689600
1985-09-13,0.195313,0.195313,0.191406,0.193359,0.004086,4966400
1985-09-16,0.193359,0.193359,0.183594,0.187500,0.003962,5177600
1985-09-17,0.187500,0.187500,0.179688,0.181641,0.003838,4473600
1985-09-18,0.181641,0.183594,0.177734,0.183594,0.003879,4115200
1985-09-19,0.183594,0.191406,0.181641,0.191406,0.004044,5619200
1985-09-20,0.191406,0.193359,0.189453,0.191406,0.004044,2924800
1985-09-23,0.191406,0.203125,0.189453,0.201172,0.004251,12358400
1985-09-24,0.201172,0.203125,0.199219,0.199219,0.004209,8358400
1985-09-25,0.199219,0.205078,0.199219,0.203125,0.004292,12089600
1985-09-26,0.203125,0.208984,0.199219,0.207031,0.004374,26937600
1985-09-30,0.205078,0.212891,0.205078,0.208984,0.004416,20729600
1985-10-01,0.208984,0.220703,0.208984,0.220703,0.004663,32377600
1985-10-02,0.220703,0.220703,0.210938,0.214844,0.004540,20147200
1985-10-03,0.214844,0.216797,0.207031,0.214844,0.004540,11244800
1985-10-04,0.214844,0.228516,0.212891,0.226563,0.004787,40198400
1985-10-07,0.226563,0.230469,0.218750,0.224609,0.004746,31251200
1985-10-08,0.224609,0.224609,0.218750,0.220703,0.004663,12857600
1985-10-09,0.220703,0.224609,0.216797,0.218750,0.004622,20819200
1985-10-10,0.218750,0.220703,0.218750,0.220703,0.004663,13952000
1985-10-11,0.220703,0.224609,0.216797,0.220703,0.004663,15718400
1985-10-14,0.220703,0.224609,0.220703,0.222656,0.004705,7929600
1985-10-15,0.222656,0.224609,0.220703,0.220703,0.004663,9708800
1985-10-16,0.220703,0.222656,0.218750,0.218750,0.004622,10822400
1985-10-17,0.218750,0.224609,0.216797,0.222656,0.004705,28332800
1985-10-18,0.222656,0.222656,0.218750,0.218750,0.004622,15168000
1985-10-21,0.218750,0.220703,0.218750,0.218750,0.004622,4409600
1985-10-22,0.218750,0.220703,0.212891,0.214844,0.004540,11110400
1985-10-23,0.214844,0.218750,0.212891,0.218750,0.004622,6521600
1985-10-24,0.218750,0.220703,0.214844,0.214844,0.004540,12544000
1985-10-25,0.214844,0.216797,0.208984,0.210938,0.004457,4204800
1985-10-28,0.210938,0.210938,0.205078,0.207031,0.004374,6726400
1985-10-29,0.207031,0.210938,0.207031,0.208984,0.004416,11046400
1985-10-30,0.208984,0.214844,0.208984,0.212891,0.004498,5612800
1985-10-31,0.212891,0.214844,0.210938,0.210938,0.004457,6124800
1985-11-01,0.210938,0.214844,0.210938,0.210938,0.004457,3257600
1985-11-04,0.210938,0.214844,0.208984,0.208984,0.004416,1587200
1985-11-05,0.208984,0.212891,0.208984,0.212891,0.004498,5376000
1985-11-06,0.212891,0.216797,0.208984,0.208984,0.004416,6323200
1985-11-07,0.208984,0.210938,0.205078,0.208984,0.004416,9900800
1985-11-08,0.207031,0.207031,0.201172,0.205078,0.004333,8224000
1985-11-11,0.205078,0.207031,0.201172,0.203125,0.004292,6592000
1985-11-12,0.203125,0.210938,0.201172,0.207031,0.004374,8006400
1985-11-13,0.207031,0.207031,0.201172,0.201172,0.004251,5664000
1985-11-14,0.201172,0.203125,0.199219,0.203125,0.004292,6368000
1985-11-15,0.203125,0.203125,0.191406,0.195313,0.004127,8025600
1985-11-18,0.195313,0.195313,0.187500,0.193359,0.004086,13139200
1985-11-19,0.193359,0.199219,0.193359,0.197266,0.004168,8230400
1985-11-20,0.197266,0.205078,0.197266,0.201172,0.004251,7456000
1985-11-21,0.201172,0.208984,0.201172,0.208984,0.004416,17382400
1985-11-22,0.208984,0.216797,0.208984,0.214844,0.004540,14483200
1985-11-25,0.214844,0.214844,0.210938,0.212891,0.004498,6771200
1985-11-26,0.212891,0.212891,0.210938,0.210938,0.004457,7027200
1985-11-27,0.210938,0.212891,0.208984,0.208984,0.004416,16288000
1985-11-29,0.208984,0.210938,0.205078,0.207031,0.004374,5094400
1985-12-02,0.207031,0.208984,0.199219,0.199219,0.004209,6867200
1985-12-03,0.199219,0.205078,0.197266,0.201172,0.004251,16793600
1985-12-04,0.203125,0.208984,0.203125,0.207031,0.004374,8998400
1985-12-05,0.207031,0.214844,0.207031,0.212891,0.004498,11865600
1985-12-06,0.212891,0.212891,0.208984,0.210938,0.004457,5580800
1985-12-09,0.210938,0.210938,0.207031,0.207031,0.004374,7065600
1985-12-10,0.207031,0.210938,0.207031,0.207031,0.004374,12806400
1985-12-11,0.208984,0.210938,0.208984,0.208984,0.004416,8108800
1985-12-12,0.208984,0.222656,0.208984,0.222656,0.004705,25459200
1985-12-13,0.222656,0.226563,0.218750,0.220703,0.004663,21459200
1985-12-16,0.220703,0.222656,0.220703,0.222656,0.004705,8275200
1985-12-17,0.222656,0.222656,0.214844,0.216797,0.004581,9664000
1985-12-18,0.216797,0.216797,0.210938,0.212891,0.004498,9081600
1985-12-19,0.212891,0.218750,0.212891,0.216797,0.004581,3968000
1985-12-20,0.216797,0.222656,0.214844,0.222656,0.004705,13849600
1985-12-23,0.222656,0.222656,0.216797,0.220703,0.004663,3859200
1985-12-24,0.220703,0.220703,0.216797,0.218750,0.004622,2137600
1985-12-26,0.218750,0.218750,0.216797,0.216797,0.004581,979200
1985-12-27,0.216797,0.220703,0.216797,0.218750,0.004622,3046400
1985-12-30,0.218750,0.222656,0.216797,0.218750,0.004622,6764800
1985-12-31,0.218750,0.222656,0.218750,0.220703,0.004663,3564800
1986-01-02,0.220703,0.220703,0.212891,0.214844,0.004540,5894400
1986-01-03,0.216797,0.230469,0.216797,0.228516,0.004828,56889600
1986-01-06,0.228516,0.236328,0.228516,0.234375,0.004952,46112000
1986-01-07,0.234375,0.242188,0.232422,0.242188,0.005117,20185600
1986-01-08,0.242188,0.257813,0.240234,0.246094,0.005200,71110400
1986-01-09,0.246094,0.250000,0.240234,0.246094,0.005200,37881600
1986-01-10,0.246094,0.246094,0.244141,0.246094,0.005200,21497600
1986-01-13,0.246094,0.246094,0.242188,0.244141,0.005159,10406400
1986-01-14,0.244141,0.244141,0.236328,0.236328,0.004993,34707200
1986-01-15,0.238281,0.253906,0.238281,0.250000,0.005282,22995200
1986-01-16,0.250000,0.251953,0.248047,0.250000,0.005282,64288000
1986-01-17,0.250000,0.251953,0.248047,0.248047,0.005241,23699200
1986-01-20,0.248047,0.250000,0.244141,0.250000,0.005282,13356800
1986-01-21,0.250000,0.257813,0.246094,0.248047,0.005241,29593600
1986-01-22,0.248047,0.251953,0.248047,0.250000,0.005282,15916800
1986-01-23,0.250000,0.250000,0.246094,0.248047,0.005241,8979200
1986-01-24,0.248047,0.251953,0.248047,0.251953,0.005324,21113600
1986-01-27,0.251953,0.253906,0.250000,0.251953,0.005324,21350400
1986-01-28,0.251953,0.259766,0.250000,0.259766,0.005489,34636800
1986-01-29,0.259766,0.263672,0.259766,0.263672,0.005571,24755200
1986-01-30,0.263672,0.263672,0.257813,0.263672,0.005571,10169600
1986-01-31,0.263672,0.265625,0.261719,0.263672,0.005571,28697600
1986-02-03,0.263672,0.263672,0.255859,0.259766,0.005489,9734400
1986-02-04,0.259766,0.263672,0.257813,0.257813,0.005447,10374400
1986-02-05,0.257813,0.259766,0.255859,0.257813,0.005447,17504000
1986-02-06,0.257813,0.263672,0.257813,0.261719,0.005530,21203200
1986-02-07,0.261719,0.263672,0.259766,0.261719,0.005530,4979200
1986-02-10,0.261719,0.261719,0.259766,0.259766,0.005489,12531200
1986-02-11,0.259766,0.263672,0.259766,0.261719,0.005530,26700800
1986-02-12,0.261719,0.267578,0.259766,0.267578,0.005654,38553600
1986-02-13,0.267578,0.269531,0.261719,0.261719,0.005530,13612800
1986-02-14,0.261719,0.267578,0.261719,0.265625,0.005612,6912000
1986-02-18,0.265625,0.269531,0.265625,0.265625,0.005612,14560000
1986-02-19,0.265625,0.275391,0.265625,0.273438,0.005778,54828800
1986-02-20,0.273438,0.273438,0.269531,0.271484,0.005736,44108800
1986-02-21,0.271484,0.271484,0.269531,0.271484,0.005736,14457600
1986-02-24,0.271484,0.271484,0.267578,0.269531,0.005695,11014400
1986-02-25,0.269531,0.269531,0.263672,0.265625,0.005612,5811200
1986-02-26,0.265625,0.267578,0.261719,0.265625,0.005612,7891200
1986-02-27,0.265625,0.265625,0.255859,0.257813,0.008779,8550400
1986-02-28,0.257813,0.259766,0.253906,0.255859,0.008712,11449600
1986-03-03,0.255859,0.257813,0.251953,0.253906,0.008646,7993600
1986-03-04,0.253906,0.263672,0.251953,0.261719,0.008912,23993600
1986-03-05,0.261719,0.263672,0.257813,0.263672,0.008978,14758400
1986-03-06,0.263672,0.269531,0.261719,0.267578,0.009111,20646400
1986-03-07,0.267578,0.267578,0.244141,0.246094,0.008380,36160000
1986-03-10,0.246094,0.259766,0.244141,0.253906,0.008646,63411200
1986-03-11,0.253906,0.259766,0.253906,0.259766,0.008845,20864000
1986-03-12,0.259766,0.267578,0.259766,0.265625,0.009045,19724800
1986-03-13,0.265625,0.267578,0.263672,0.265625,0.009045,11648000
1986-03-14,0.265625,0.267578,0.265625,0.267578,0.009111,17011200
1986-03-17,0.267578,0.267578,0.261719,0.263672,0.008978,11699200
1986-03-18,0.263672,0.267578,0.257813,0.261719,0.008912,24275200
1986-03-19,0.261719,0.265625,0.259766,0.261719,0.008912,14489600
1986-03-20,0.261719,0.267578,0.259766,0.267578,0.009111,15750400
1986-03-21,0.267578,0.269531,0.259766,0.261719,0.008912,25638400
1986-03-24,0.261719,0.269531,0.259766,0.265625,0.009045,59865600
1986-03-25,0.265625,0.277344,0.265625,0.275391,0.009377,29171200
1986-03-26,0.275391,0.285156,0.273438,0.285156,0.009710,80198400
1986-03-27,0.285156,0.291016,0.281250,0.287109,0.009776,47904000
1986-03-31,0.287109,0.289063,0.279297,0.283203,0.009643,19404800
1986-04-01,0.283203,0.283203,0.271484,0.275391,0.009377,5164800
1986-04-02,0.275391,0.275391,0.259766,0.267578,0.009111,23635200
1986-04-03,0.267578,0.267578,0.259766,0.261719,0.008912,11443200
1986-04-04,0.261719,0.265625,0.261719,0.263672,0.008978,30899200
1986-04-07,0.261719,0.261719,0.248047,0.253906,0.008646,27929600
1986-04-08,0.253906,0.257813,0.244141,0.250000,0.008513,15200000
1986-04-09,0.250000,0.251953,0.246094,0.251953,0.008579,19046400
1986-04-10,0.251953,0.259766,0.248047,0.257813,0.008779,22412800
1986-04-11,0.257813,0.261719,0.255859,0.259766,0.008845,22406400
1986-04-14,0.259766,0.261719,0.257813,0.259766,0.008845,13152000
1986-04-15,0.259766,0.269531,0.257813,0.265625,0.009045,17753600
1986-04-16,0.267578,0.271484,0.267578,0.269531,0.009178,20518400
1986-04-17,0.269531,0.271484,0.267578,0.269531,0.009178,20064000
1986-04-18,0.269531,0.275391,0.267578,0.271484,0.009244,26438400
1986-04-21,0.271484,0.275391,0.267578,0.267578,0.009111,23475200
1986-04-22,0.267578,0.271484,0.263672,0.265625,0.009045,24953600
1986-04-23,0.265625,0.271484,0.259766,0.261719,0.008912,10918400
1986-04-24,0.261719,0.265625,0.259766,0.259766,0.008845,9657600
1986-04-25,0.259766,0.265625,0.259766,0.261719,0.008912,7923200
1986-04-28,0.261719,0.263672,0.257813,0.259766,0.008845,6867200
1986-04-29,0.259766,0.259766,0.255859,0.255859,0.008712,9049600
1986-04-30,0.255859,0.257813,0.250000,0.251953,0.008579,22316800
1986-05-01,0.251953,0.251953,0.244141,0.246094,0.008380,8857600
1986-05-02,0.246094,0.250000,0.238281,0.238281,0.008114,13894400
1986-05-05,0.238281,0.246094,0.238281,0.246094,0.008380,7161600
1986-05-06,0.246094,0.251953,0.244141,0.250000,0.008513,14035200
1986-05-07,0.250000,0.250000,0.244141,0.248047,0.008446,7238400
1986-05-08,0.248047,0.253906,0.246094,0.250000,0.008513,9900800
1986-05-09,0.250000,0.251953,0.248047,0.251953,0.008579,16486400
1986-05-12,0.251953,0.251953,0.250000,0.251953,0.008579,11040000
1986-05-13,0.251953,0.253906,0.250000,0.251953,0.008579,14508800
1986-05-14,0.251953,0.255859,0.250000,0.253906,0.008646,15980800
1986-05-15,0.253906,0.255859,0.251953,0.253906,0.008646,6656000
1986-05-16,0.253906,0.255859,0.251953,0.255859,0.008712,5120000
1986-05-19,0.255859,0.255859,0.250000,0.253906,0.008646,3238400
1986-05-20,0.253906,0.253906,0.251953,0.251953,0.008579,12032000
1986-05-21,0.251953,0.253906,0.248047,0.248047,0.008446,6246400
1986-05-22,0.248047,0.251953,0.248047,0.250000,0.008513,12595200
1986-05-23,0.250000,0.251953,0.250000,0.251953,0.008579,2956800
1986-05-27,0.251953,0.255859,0.250000,0.255859,0.008712,12812800
1986-05-28,0.255859,0.261719,0.253906,0.261719,0.008912,10784000
1986-05-29,0.261719,0.269531,0.259766,0.269531,0.009178,11705600
1986-05-30,0.269531,0.279297,0.267578,0.273438,0.014873,20947200
1986-06-02,0.273438,0.273438,0.263672,0.263672,0.014342,7328000
1986-06-03,0.263672,0.265625,0.257813,0.265625,0.014448,6963200
1986-06-04,0.265625,0.269531,0.263672,0.267578,0.014554,7782400
1986-06-05,0.267578,0.279297,0.265625,0.279297,0.015192,23718400
1986-06-06,0.279297,0.285156,0.275391,0.281250,0.015298,33817600
1986-06-09,0.281250,0.283203,0.273438,0.275391,0.014979,22400000
1986-06-10,0.275391,0.277344,0.273438,0.273438,0.014873,16659200
1986-06-11,0.273438,0.275391,0.269531,0.271484,0.014767,7481600
1986-06-12,0.271484,0.273438,0.269531,0.271484,0.014767,10355200
1986-06-13,0.271484,0.275391,0.269531,0.275391,0.014979,10636800
1986-06-16,0.275391,0.279297,0.273438,0.277344,0.015086,6649600
1986-06-17,0.277344,0.279297,0.275391,0.279297,0.015192,12576000
1986-06-18,0.279297,0.279297,0.273438,0.277344,0.015086,8038400
1986-06-19,0.277344,0.277344,0.257813,0.263672,0.014342,14419200
1986-06-20,0.263672,0.275391,0.263672,0.273438,0.014873,41312000
1986-06-23,0.273438,0.277344,0.271484,0.275391,0.014979,31257600
1986-06-24,0.275391,0.289063,0.275391,0.281250,0.015298,40332800
1986-06-25,0.281250,0.298828,0.281250,0.298828,0.016254,37587200
1986-06-26,0.298828,0.320313,0.296875,0.312500,0.016998,86022400
1986-06-27,0.312500,0.314453,0.298828,0.300781,0.016360,36403200
1986-06-30,0.300781,0.306641,0.300781,0.304688,0.016573,14675200
1986-07-01,0.304688,0.308594,0.300781,0.308594,0.016785,33132800
1986-07-02,0.308594,0.316406,0.306641,0.314453,0.017104,34969600
1986-07-03,0.314453,0.316406,0.306641,0.308594,0.016785,12198400
1986-07-07,0.308594,0.308594,0.294922,0.294922,0.016042,33529600
1986-07-08,0.294922,0.296875,0.289063,0.291016,0.015829,16300800
1986-07-09,0.291016,0.296875,0.287109,0.291016,0.015829,15577600
1986-07-10,0.291016,0.292969,0.275391,0.285156,0.015511,22355200
1986-07-11,0.285156,0.287109,0.283203,0.283203,0.015404,11788800
1986-07-14,0.283203,0.285156,0.277344,0.277344,0.015086,11481600
1986-07-15,0.277344,0.281250,0.271484,0.275391,0.014979,10400000
1986-07-16,0.275391,0.283203,0.275391,0.279297,0.015192,5177600
1986-07-17,0.279297,0.279297,0.271484,0.271484,0.014767,8774400
1986-07-18,0.271484,0.273438,0.257813,0.261719,0.014236,13715200
1986-07-21,0.261719,0.263672,0.250000,0.257813,0.014023,8096000
1986-07-22,0.257813,0.257813,0.234375,0.238281,0.012961,33868800
1986-07-23,0.238281,0.251953,0.236328,0.242188,0.013173,37875200
1986-07-24,0.240234,0.240234,0.222656,0.228516,0.012430,44748800
1986-07-25,0.228516,0.228516,0.218750,0.222656,0.012111,17305600
1986-07-28,0.222656,0.224609,0.216797,0.220703,0.012005,17811200
1986-07-29,0.220703,0.220703,0.212891,0.218750,0.011899,16921600
1986-07-30,0.218750,0.218750,0.212891,0.216797,0.011792,11084800
1986-07-31,0.216797,0.222656,0.214844,0.218750,0.011899,26924800
1986-08-01,0.218750,0.224609,0.216797,0.218750,0.011899,17792000
1986-08-04,0.218750,0.218750,0.210938,0.214844,0.011686,17216000
1986-08-05,0.214844,0.218750,0.212891,0.216797,0.011792,13683200
1986-08-06,0.216797,0.216797,0.212891,0.216797,0.011792,7936000
1986-08-07,0.216797,0.222656,0.214844,0.222656,0.012111,30598400
1986-08-08,0.222656,0.226563,0.220703,0.224609,0.012217,28096000
1986-08-11,0.224609,0.228516,0.222656,0.228516,0.012430,13612800
1986-08-12,0.228516,0.228516,0.224609,0.224609,0.012217,11897600
1986-08-13,0.224609,0.230469,0.224609,0.228516,0.012430,15366400
1986-08-14,0.228516,0.236328,0.226563,0.232422,0.012642,24070400
1986-08-15,0.234375,0.240234,0.234375,0.240234,0.013067,13644800
1986-08-18,0.240234,0.248047,0.240234,0.244141,0.013280,15187200
1986-08-19,0.244141,0.244141,0.240234,0.240234,0.013067,9267200
1986-08-20,0.240234,0.248047,0.240234,0.246094,0.013386,11872000
1986-08-21,0.246094,0.248047,0.238281,0.242188,0.013173,7641600
1986-08-22,0.242188,0.242188,0.238281,0.242188,0.013173,10790400
1986-08-25,0.242188,0.242188,0.234375,0.234375,0.012748,6489600
1986-08-26,0.234375,0.236328,0.228516,0.232422,0.012642,11020800
1986-08-27,0.232422,0.234375,0.230469,0.232422,0.012642,9664000
1986-08-28,0.232422,0.232422,0.230469,0.230469,0.012536,8160000
1986-08-29,0.230469,0.232422,0.228516,0.228516,0.022092,10284800
1986-09-02,0.228516,0.230469,0.214844,0.214844,0.020770,13427200
1986-09-03,0.214844,0.220703,0.210938,0.220703,0.021337,20486400
1986-09-04,0.220703,0.224609,0.214844,0.224609,0.021714,20006400
1986-09-05,0.224609,0.228516,0.222656,0.226563,0.021903,16742400
1986-09-08,0.226563,0.230469,0.226563,0.230469,0.022281,13651200
1986-09-09,0.230469,0.234375,0.224609,0.226563,0.021903,9024000
1986-09-10,0.226563,0.226563,0.220703,0.224609,0.021714,12851200
1986-09-11,0.222656,0.222656,0.212891,0.214844,0.020770,17894400
1986-09-12,0.214844,0.214844,0.197266,0.203125,0.019637,23859200
1986-09-15,0.203125,0.205078,0.197266,0.199219,0.019260,10604800
1986-09-16,0.199219,0.201172,0.183594,0.187500,0.018127,10636800
1986-09-17,0.189453,0.203125,0.189453,0.203125,0.019637,22355200
1986-09-18,0.203125,0.205078,0.201172,0.201172,0.019449,5036800
1986-09-19,0.201172,0.203125,0.197266,0.197266,0.019071,15942400
1986-09-22,0.197266,0.201172,0.195313,0.199219,0.019260,11500800
1986-09-23,0.195313,0.195313,0.177734,0.189453,0.018316,15993600
1986-09-24,0.189453,0.191406,0.181641,0.181641,0.017560,31859200
1986-09-25,0.181641,0.183594,0.173828,0.177734,0.017183,21657600
1986-09-26,0.177734,0.183594,0.173828,0.177734,0.017183,23296000
1986-09-29,0.177734,0.177734,0.164063,0.169922,0.016427,13465600
1986-09-30,0.169922,0.171875,0.162109,0.166016,0.016050,13542400
1986-10-01,0.166016,0.173828,0.162109,0.171875,0.016616,34944000
1986-10-02,0.173828,0.195313,0.173828,0.191406,0.018505,64774400
1986-10-03,0.191406,0.207031,0.191406,0.203125,0.019637,36588800
1986-10-06,0.203125,0.205078,0.197266,0.197266,0.019071,9708800
1986-10-07,0.197266,0.201172,0.191406,0.195313,0.018882,12972800
1986-10-08,0.195313,0.201172,0.191406,0.199219,0.019260,35264000
1986-10-09,0.199219,0.210938,0.199219,0.207031,0.020015,20249600
1986-10-10,0.207031,0.216797,0.207031,0.212891,0.020582,14848000
1986-10-13,0.212891,0.214844,0.210938,0.214844,0.020770,5024000
1986-10-14,0.214844,0.214844,0.199219,0.203125,0.019637,12832000
1986-10-15,0.203125,0.208984,0.203125,0.205078,0.019826,8089600
1986-10-16,0.205078,0.207031,0.205078,0.207031,0.020015,1932800
1986-10-17,0.207031,0.207031,0.195313,0.201172,0.019449,11366400
1986-10-20,0.201172,0.201172,0.193359,0.197266,0.019071,6470400
1986-10-21,0.197266,0.199219,0.195313,0.199219,0.019260,27142400
1986-10-22,0.199219,0.199219,0.193359,0.195313,0.018882,14643200
1986-10-23,0.195313,0.199219,0.191406,0.199219,0.019260,80428800
1986-10-24,0.199219,0.199219,0.195313,0.199219,0.019260,14521600
1986-10-27,0.199219,0.201172,0.195313,0.197266,0.019071,7520000
1986-10-28,0.197266,0.199219,0.195313,0.195313,0.018882,10560000
1986-10-29,0.195313,0.199219,0.195313,0.197266,0.019071,17164800
1986-10-30,0.197266,0.205078,0.197266,0.205078,0.019826,16992000
1986-10-31,0.205078,0.236328,0.201172,0.228516,0.022092,71136000
1986-11-03,0.228516,0.248047,0.226563,0.236328,0.022847,119686400
1986-11-04,0.236328,0.236328,0.216797,0.224609,0.021714,84793600
1986-11-05,0.224609,0.240234,0.222656,0.230469,0.022281,84947200
1986-11-06,0.230469,0.230469,0.216797,0.218750,0.021148,24550400
1986-11-07,0.216797,0.216797,0.208984,0.214844,0.020770,56908800
1986-11-10,0.214844,0.214844,0.205078,0.212891,0.020582,18553600
1986-11-11,0.212891,0.220703,0.212891,0.220703,0.021337,13881600
1986-11-12,0.220703,0.224609,0.212891,0.214844,0.020770,9740800
1986-11-13,0.214844,0.214844,0.207031,0.207031,0.020015,28524800
1986-11-14,0.207031,0.214844,0.207031,0.212891,0.020582,21024000
1986-11-17,0.212891,0.212891,0.205078,0.210938,0.020393,11225600
1986-11-18,0.210938,0.210938,0.205078,0.207031,0.020015,10374400
1986-11-19,0.207031,0.207031,0.199219,0.201172,0.019449,12915200
1986-11-20,0.201172,0.203125,0.199219,0.203125,0.019637,10425600
1986-11-21,0.203125,0.205078,0.201172,0.203125,0.019637,10387200
1986-11-24,0.203125,0.207031,0.203125,0.207031,0.020015,15180800
1986-11-25,0.207031,0.210938,0.203125,0.207031,0.020015,6681600
1986-11-26,0.207031,0.218750,0.205078,0.216797,0.020959,21824000
1986-11-28,0.216797,0.222656,0.214844,0.218750,0.021148,12428800
1986-12-01,0.218750,0.226563,0.214844,0.222656,0.021526,20780800
1986-12-02,0.222656,0.226563,0.222656,0.224609,0.021714,29011200
1986-12-03,0.224609,0.226563,0.222656,0.226563,0.021903,23424000
1986-12-04,0.226563,0.226563,0.222656,0.224609,0.021714,16838400
1986-12-05,0.224609,0.226563,0.218750,0.218750,0.021148,24966400
1986-12-08,0.218750,0.218750,0.207031,0.210938,0.020393,19526400
1986-12-09,0.210938,0.212891,0.199219,0.201172,0.037248,15225600
1986-12-10,0.201172,0.203125,0.191406,0.195313,0.036163,19968000
1986-12-11,0.195313,0.199219,0.189453,0.189453,0.035079,15001600
1986-12-12,0.189453,0.191406,0.183594,0.185547,0.034355,14809600
1986-12-15,0.185547,0.185547,0.177734,0.179688,0.033270,13478400
1986-12-16,0.179688,0.183594,0.179688,0.183594,0.033994,13100800
1986-12-17,0.183594,0.189453,0.181641,0.187500,0.034717,16384000
1986-12-18,0.187500,0.197266,0.187500,0.193359,0.035802,19756800
1986-12-19,0.193359,0.201172,0.193359,0.199219,0.036887,14950400
1986-12-22,0.199219,0.199219,0.193359,0.193359,0.035802,13689600
1986-12-23,0.193359,0.197266,0.179688,0.187500,0.034717,11648000
1986-12-24,0.187500,0.189453,0.183594,0.183594,0.033994,11564800
1986-12-26,0.183594,0.185547,0.179688,0.183594,0.033994,5420800
1986-12-29,0.183594,0.185547,0.181641,0.185547,0.034355,11724800
1986-12-30,0.185547,0.185547,0.179688,0.183594,0.033994,8896000
1986-12-31,0.183594,0.185547,0.179688,0.183594,0.033994,5132800
1987-01-02,0.183594,0.183594,0.179688,0.183594,0.033994,3238400
1987-01-05,0.183594,0.191406,0.181641,0.189453,0.035079,13862400
1987-01-06,0.189453,0.191406,0.179688,0.181641,0.033632,13529600
1987-01-07,0.181641,0.185547,0.181641,0.183594,0.033994,17952000
1987-01-08,0.183594,0.185547,0.181641,0.183594,0.033994,15308800
1987-01-09,0.183594,0.185547,0.181641,0.185547,0.034355,18355200
1987-01-12,0.185547,0.185547,0.181641,0.185547,0.034355,10086400
1987-01-13,0.185547,0.195313,0.183594,0.191406,0.035440,36300800
1987-01-14,0.191406,0.195313,0.191406,0.193359,0.035802,20524800
1987-01-15,0.193359,0.203125,0.191406,0.201172,0.037248,31244800
1987-01-16,0.201172,0.201172,0.191406,0.191406,0.035440,7404800
1987-01-19,0.191406,0.195313,0.185547,0.187500,0.034717,5772800
1987-01-20,0.187500,0.189453,0.183594,0.187500,0.034717,19750400
1987-01-21,0.187500,0.189453,0.185547,0.187500,0.034717,16531200
1987-01-22,0.187500,0.191406,0.185547,0.191406,0.035440,18169600
1987-01-23,0.191406,0.199219,0.187500,0.187500,0.034717,35219200
1987-01-26,0.187500,0.189453,0.181641,0.183594,0.033994,7507200
1987-01-27,0.183594,0.193359,0.183594,0.191406,0.035440,15481600
1987-01-28,0.191406,0.191406,0.187500,0.191406,0.035440,9657600
1987-01-29,0.191406,0.197266,0.189453,0.195313,0.036163,20390400
1987-01-30,0.195313,0.195313,0.189453,0.193359,0.035802,8448000
1987-02-02,0.193359,0.205078,0.191406,0.205078,0.037972,20339200
1987-02-03,0.205078,0.214844,0.205078,0.208984,0.038695,17190400
1987-02-04,0.208984,0.218750,0.208984,0.214844,0.039780,9836800
1987-02-05,0.214844,0.216797,0.208984,0.210938,0.039057,13491200
1987-02-06,0.210938,0.210938,0.205078,0.208984,0.038695,8115200
1987-02-09,0.208984,0.208984,0.203125,0.207031,0.038333,7321600
1987-02-10,0.207031,0.207031,0.197266,0.201172,0.037248,7827200
1987-02-11,0.201172,0.212891,0.199219,0.208984,0.038695,41862400
1987-02-12,0.210938,0.218750,0.210938,0.218750,0.040503,22316800
1987-02-13,0.218750,0.218750,0.210938,0.210938,0.039057,5708800
1987-02-17,0.210938,0.214844,0.208984,0.214844,0.039780,17548800
1987-02-18,0.214844,0.218750,0.212891,0.212891,0.039418,9113600
1987-02-19,0.212891,0.214844,0.208984,0.208984,0.038695,12128000
1987-02-20,0.208984,0.210938,0.208984,0.210938,0.039057,5958400
1987-02-23,0.210938,0.212891,0.208984,0.210938,0.039057,26470400
1987-02-24,0.210938,0.210938,0.207031,0.207031,0.038333,6944000
1987-02-25,0.207031,0.208984,0.203125,0.203125,0.037610,14028800
1987-02-26,0.203125,0.210938,0.203125,0.207031,0.038333,5862400
1987-02-27,0.207031,0.234375,0.207031,0.234375,0.043396,33459200
1987-03-02,0.234375,0.242188,0.224609,0.228516,0.042311,30278400
1987-03-03,0.228516,0.228516,0.218750,0.220703,0.040865,10150400
1987-03-04,0.220703,0.236328,0.218750,0.230469,0.042673,21990400
1987-03-05,0.230469,0.242188,0.230469,0.240234,0.044481,36057600
1987-03-06,0.240234,0.251953,0.238281,0.248047,0.045928,42156800
1987-03-09,0.248047,0.250000,0.242188,0.248047,0.045928,27468800
1987-03-10,0.248047,0.259766,0.248047,0.257813,0.047736,73260800
1987-03-11,0.263672,0.273438,0.263672,0.267578,0.049544,81446400
1987-03-12,0.267578,0.283203,0.265625,0.273438,0.050629,97420800
1987-03-13,0.273438,0.273438,0.261719,0.261719,0.048459,41324800
1987-03-16,0.261719,0.269531,0.255859,0.269531,0.081167,37113600
1987-03-17,0.269531,0.275391,0.267578,0.275391,0.082931,21696000
1987-03-18,0.275391,0.279297,0.271484,0.271484,0.081755,27705600
1987-03-19,0.271484,0.273438,0.259766,0.271484,0.081755,23673600
1987-03-20,0.271484,0.292969,0.271484,0.291016,0.087637,51801600
1987-03-23,0.291016,0.291016,0.285156,0.289063,0.087048,42764800
1987-03-24,0.289063,0.294922,0.287109,0.289063,0.087048,38259200
1987-03-25,0.289063,0.292969,0.287109,0.289063,0.087048,31059200
1987-03-26,0.289063,0.292969,0.279297,0.289063,0.087048,72704000
1987-03-27,0.289063,0.292969,0.285156,0.287109,0.086460,39718400
1987-03-30,0.287109,0.287109,0.261719,0.269531,0.081167,65401600
1987-03-31,0.269531,0.283203,0.267578,0.283203,0.085284,22982400
1987-04-01,0.283203,0.283203,0.273438,0.279297,0.084108,12307200
1987-04-02,0.279297,0.285156,0.277344,0.281250,0.084696,9843200
1987-04-03,0.281250,0.283203,0.277344,0.283203,0.085284,14553600
1987-04-06,0.283203,0.283203,0.277344,0.279297,0.084108,27276800
1987-04-07,0.279297,0.283203,0.273438,0.273438,0.082343,21235200
1987-04-08,0.273438,0.275391,0.261719,0.263672,0.079402,12185600
1987-04-09,0.263672,0.265625,0.257813,0.259766,0.078226,21094400
1987-04-10,0.259766,0.259766,0.246094,0.251953,0.075873,15315200
1987-04-13,0.251953,0.253906,0.250000,0.250000,0.075285,20172800
1987-04-14,0.250000,0.250000,0.246094,0.248047,0.074697,18022400
1987-04-15,0.248047,0.255859,0.248047,0.251953,0.075873,45376000
1987-04-16,0.253906,0.257813,0.253906,0.257813,0.077638,13804800
1987-04-20,0.257813,0.261719,0.255859,0.261719,0.078814,8883200
1987-04-21,0.261719,0.279297,0.259766,0.279297,0.084108,35308800
1987-04-22,0.279297,0.285156,0.277344,0.279297,0.084108,52793600
1987-04-23,0.279297,0.279297,0.269531,0.275391,0.082931,13049600
1987-04-24,0.275391,0.275391,0.265625,0.269531,0.081167,7155200
1987-04-27,0.265625,0.265625,0.259766,0.265625,0.079990,7328000
1987-04-28,0.265625,0.269531,0.261719,0.263672,0.079402,7091200
1987-04-29,0.263672,0.265625,0.257813,0.261719,0.078814,4979200
1987-04-30,0.261719,0.261719,0.257813,0.261719,0.078814,7257600
1987-05-01,0.261719,0.261719,0.257813,0.257813,0.077638,6585600
1987-05-04,0.257813,0.257813,0.253906,0.253906,0.076461,3558400
1987-05-05,0.253906,0.257813,0.253906,0.257813,0.077638,10752000
1987-05-06,0.257813,0.257813,0.253906,0.255859,0.077050,12518400
1987-05-07,0.255859,0.259766,0.253906,0.253906,0.076461,14406400
1987-05-08,0.253906,0.255859,0.248047,0.250000,0.075285,17036800
1987-05-11,0.250000,0.255859,0.248047,0.251953,0.075873,10848000
1987-05-12,0.251953,0.253906,0.250000,0.251953,0.075873,9740800
1987-05-13,0.251953,0.253906,0.248047,0.250000,0.075285,6611200
1987-05-14,0.250000,0.263672,0.250000,0.263672,0.079402,23206400
1987-05-15,0.263672,0.263672,0.259766,0.261719,0.078814,6841600
1987-05-18,0.259766,0.259766,0.250000,0.251953,0.075873,6227200
1987-05-19,0.251953,0.253906,0.244141,0.248047,0.074697,5254400
1987-05-20,0.248047,0.248047,0.234375,0.238281,0.071756,14393600
1987-05-21,0.238281,0.244141,0.236328,0.242188,0.072932,26739200
1987-05-22,0.242188,0.246094,0.242188,0.242188,0.072932,21491200
1987-05-26,0.242188,0.246094,0.242188,0.242188,0.072932,9740800
1987-05-27,0.242188,0.246094,0.242188,0.246094,0.074109,6310400
1987-05-28,0.246094,0.246094,0.238281,0.244141,0.073521,11910400
1987-05-29,0.244141,0.267578,0.242188,0.263672,0.079402,103148800
1987-06-01,0.263672,0.269531,0.259766,0.263672,0.079402,11808000
1987-06-02,0.261719,0.261719,0.255859,0.255859,0.077050,22355200
1987-06-03,0.255859,0.257813,0.253906,0.255859,0.077050,5478400
1987-06-04,0.255859,0.259766,0.255859,0.259766,0.078226,7084800
1987-06-05,0.259766,0.269531,0.257813,0.265625,0.079990,17478400
1987-06-08,0.265625,0.275391,0.265625,0.271484,0.081755,38848000
1987-06-09,0.271484,0.289063,0.271484,0.281250,0.084696,25472000
1987-06-10,0.281250,0.287109,0.279297,0.279297,0.084108,18873600
1987-06-11,0.279297,0.281250,0.279297,0.279297,0.084108,7571200
1987-06-12,0.279297,0.289063,0.279297,0.285156,0.085872,12979200
1987-06-15,0.285156,0.292969,0.285156,0.292969,0.136463,19296000
1987-06-16,0.292969,0.292969,0.289063,0.291016,0.135553,15008000
1987-06-17,0.291016,0.296875,0.291016,0.291016,0.135553,6547200
1987-06-18,0.291016,0.292969,0.289063,0.289063,0.134643,12032000
1987-06-19,0.289063,0.292969,0.289063,0.289063,0.134643,11840000
1987-06-22,0.289063,0.292969,0.281250,0.291016,0.135553,21126400
1987-06-23,0.292969,0.298828,0.292969,0.292969,0.136463,17830400
1987-06-24,0.292969,0.294922,0.289063,0.289063,0.134643,10208000
1987-06-25,0.289063,0.294922,0.283203,0.285156,0.132824,12460800
1987-06-26,0.285156,0.285156,0.275391,0.277344,0.129185,12652800
1987-06-29,0.277344,0.279297,0.267578,0.267578,0.124636,9152000
1987-06-30,0.267578,0.269531,0.259766,0.263672,0.122817,24089600
1987-07-01,0.263672,0.269531,0.263672,0.263672,0.122817,14092800
1987-07-02,0.263672,0.269531,0.261719,0.267578,0.124636,13913600
1987-07-06,0.267578,0.273438,0.267578,0.269531,0.125546,10617600
1987-07-07,0.269531,0.271484,0.267578,0.271484,0.126456,5958400
1987-07-08,0.271484,0.287109,0.271484,0.285156,0.132824,13702400
1987-07-09,0.285156,0.287109,0.283203,0.283203,0.131914,19072000
1987-07-10,0.283203,0.287109,0.283203,0.285156,0.132824,5875200
1987-07-13,0.285156,0.298828,0.283203,0.296875,0.138283,29734400
1987-07-14,0.296875,0.312500,0.296875,0.306641,0.142831,31129600
1987-07-15,0.306641,0.306641,0.292969,0.294922,0.137373,20934400
1987-07-16,0.294922,0.302734,0.292969,0.294922,0.137373,10323200
1987-07-17,0.294922,0.300781,0.294922,0.294922,0.137373,8953600
1987-07-20,0.294922,0.298828,0.291016,0.291016,0.135553,11801600
1987-07-21,0.291016,0.294922,0.287109,0.292969,0.136463,10380800
1987-07-22,0.298828,0.308594,0.298828,0.306641,0.142831,24467200
1987-07-23,0.308594,0.324219,0.308594,0.312500,0.145561,63174400
1987-07-24,0.312500,0.314453,0.298828,0.302734,0.141012,68550400
1987-07-27,0.302734,0.310547,0.300781,0.306641,0.142831,13932800
1987-07-28,0.306641,0.308594,0.298828,0.300781,0.140102,14944000
1987-07-29,0.300781,0.302734,0.294922,0.302734,0.141012,17164800
1987-07-30,0.302734,0.330078,0.300781,0.330078,0.153748,83596800
1987-07-31,0.330078,0.343750,0.330078,0.333984,0.155568,37664000
1987-08-03,0.332031,0.332031,0.316406,0.318359,0.148290,20313600
1987-08-04,0.318359,0.324219,0.312500,0.316406,0.147380,9273600
1987-08-05,0.316406,0.320313,0.314453,0.318359,0.148290,6636800
1987-08-06,0.318359,0.324219,0.314453,0.324219,0.151019,6528000
1987-08-07,0.324219,0.333984,0.322266,0.330078,0.153748,12992000
1987-08-10,0.330078,0.332031,0.322266,0.332031,0.154658,11795200
1987-08-11,0.332031,0.343750,0.326172,0.341797,0.159207,27462400
1987-08-12,0.341797,0.349609,0.335938,0.335938,0.156478,46118400
1987-08-13,0.335938,0.349609,0.335938,0.341797,0.159207,14444800
1987-08-14,0.341797,0.349609,0.339844,0.347656,0.161936,5766400
1987-08-17,0.347656,0.349609,0.335938,0.337891,0.157387,7667200
1987-08-18,0.337891,0.339844,0.322266,0.324219,0.151019,14259200
1987-08-19,0.324219,0.326172,0.314453,0.318359,0.148290,12166400
1987-08-20,0.318359,0.326172,0.318359,0.322266,0.150109,12736000
1987-08-21,0.322266,0.324219,0.318359,0.322266,0.150109,2553600
1987-08-24,0.322266,0.322266,0.318359,0.318359,0.148290,11712000
1987-08-25,0.318359,0.353516,0.316406,0.343750,0.160117,29171200
1987-08-26,0.343750,0.345703,0.335938,0.337891,0.157387,11334400
1987-08-27,0.337891,0.339844,0.330078,0.330078,0.153748,4768000
1987-08-28,0.330078,0.332031,0.322266,0.330078,0.153748,17920000
1987-08-31,0.330078,0.339844,0.330078,0.335938,0.156478,8953600
1987-09-01,0.335938,0.335938,0.314453,0.328125,0.152839,15852800
1987-09-02,0.328125,0.328125,0.314453,0.316406,0.147380,21504000
1987-09-03,0.316406,0.322266,0.316406,0.318359,0.148290,16723200
1987-09-04,0.318359,0.320313,0.312500,0.316406,0.147672,13100800
1987-09-08,0.316406,0.318359,0.308594,0.316406,0.147672,20480000
1987-09-09,0.318359,0.353516,0.318359,0.349609,0.163169,34118400
1987-09-10,0.351563,0.363281,0.351563,0.361328,0.168638,47180800
1987-09-11,0.361328,0.363281,0.353516,0.357422,0.166815,15744000
1987-09-14,0.357422,0.361328,0.353516,0.353516,0.164992,16838400
1987-09-15,0.353516,0.355469,0.347656,0.349609,0.163169,13235200
1987-09-16,0.349609,0.363281,0.349609,0.359375,0.167727,12390400
1987-09-17,0.359375,0.367188,0.353516,0.357422,0.166815,21062400
1987-09-18,0.357422,0.361328,0.355469,0.359375,0.167727,16659200
1987-09-21,0.359375,0.361328,0.335938,0.347656,0.162257,53612800
1987-09-22,0.347656,0.365234,0.345703,0.365234,0.170461,46387200
1987-09-23,0.365234,0.386719,0.365234,0.382813,0.178665,49408000
1987-09-24,0.382813,0.386719,0.375000,0.382813,0.178665,15116800
1987-09-25,0.382813,0.382813,0.376953,0.378906,0.176842,6816000
1987-09-28,0.378906,0.386719,0.376953,0.376953,0.175931,12083200
1987-09-29,0.376953,0.378906,0.363281,0.365234,0.170461,9689600
1987-09-30,0.365234,0.375000,0.359375,0.373047,0.174108,26950400
1987-10-01,0.373047,0.380859,0.373047,0.376953,0.175931,11852800
1987-10-02,0.376953,0.378906,0.367188,0.367188,0.171373,8403200
1987-10-05,0.367188,0.371094,0.367188,0.367188,0.171373,3699200
1987-10-06,0.367188,0.369141,0.351563,0.353516,0.164992,10617600
1987-10-07,0.351563,0.351563,0.339844,0.343750,0.160434,17926400
1987-10-08,0.343750,0.351563,0.337891,0.339844,0.158611,15737600
1987-10-09,0.339844,0.341797,0.324219,0.328125,0.153142,24288000
1987-10-12,0.326172,0.326172,0.320313,0.324219,0.151319,18771200
1987-10-13,0.324219,0.335938,0.324219,0.335938,0.156788,7008000
1987-10-14,0.332031,0.332031,0.324219,0.328125,0.153142,9292800
1987-10-15,0.328125,0.328125,0.322266,0.322266,0.150407,8729600
1987-10-16,0.322266,0.324219,0.312500,0.316406,0.147672,38963200
1987-10-19,0.312500,0.312500,0.248047,0.275391,0.128530,28851200
1987-10-20,0.275391,0.277344,0.218750,0.234375,0.109387,48736000
1987-10-21,0.234375,0.277344,0.234375,0.273438,0.127618,52947200
1987-10-22,0.273438,0.283203,0.253906,0.257813,0.120326,35980800
1987-10-23,0.257813,0.259766,0.251953,0.257813,0.120326,20832000
1987-10-26,0.255859,0.255859,0.240234,0.244141,0.113945,82393600
1987-10-27,0.244141,0.251953,0.242188,0.246094,0.114856,95641600
1987-10-28,0.246094,0.246094,0.232422,0.236328,0.110298,18963200
1987-10-29,0.236328,0.250000,0.236328,0.248047,0.115768,6361600
1987-10-30,0.248047,0.261719,0.248047,0.261719,0.122149,17651200
1987-11-02,0.261719,0.269531,0.259766,0.267578,0.124883,13094400
1987-11-03,0.267578,0.267578,0.255859,0.263672,0.123060,15692800
1987-11-04,0.261719,0.261719,0.257813,0.261719,0.122149,4684800
1987-11-05,0.261719,0.265625,0.259766,0.261719,0.122149,6892800
1987-11-06,0.263672,0.279297,0.263672,0.275391,0.128530,9036800
1987-11-09,0.275391,0.275391,0.265625,0.267578,0.124883,6227200
1987-11-10,0.267578,0.267578,0.257813,0.257813,0.120326,7788800
1987-11-11,0.257813,0.261719,0.246094,0.253906,0.118502,57190400
1987-11-12,0.253906,0.265625,0.253906,0.261719,0.122149,6310400
1987-11-13,0.261719,0.265625,0.259766,0.261719,0.122149,1625600
1987-11-16,0.261719,0.265625,0.255859,0.259766,0.121237,6835200
1987-11-17,0.257813,0.257813,0.250000,0.253906,0.118502,19808000
1987-11-18,0.253906,0.263672,0.253906,0.263672,0.123060,20364800
1987-11-19,0.263672,0.263672,0.257813,0.259766,0.121237,6105600
1987-11-20,0.259766,0.259766,0.251953,0.253906,0.118502,8339200
1987-11-23,0.253906,0.255859,0.250000,0.251953,0.117591,5792000
1987-11-24,0.251953,0.253906,0.248047,0.250000,0.116679,4396800
1987-11-25,0.250000,0.251953,0.248047,0.251953,0.117591,9068800
1987-11-27,0.251953,0.251953,0.248047,0.250000,0.116679,1779200
1987-11-30,0.246094,0.246094,0.238281,0.244141,0.113945,65158400
1987-12-01,0.244141,0.250000,0.242188,0.242188,0.113033,7187200
1987-12-02,0.242188,0.248047,0.242188,0.244141,0.113945,9395200
1987-12-03,0.244141,0.248047,0.240234,0.240234,0.112122,9753600
1987-12-04,0.240234,0.240234,0.232422,0.238281,0.111210,9465600
1987-12-07,0.238281,0.240234,0.234375,0.238281,0.111943,5523200
1987-12-08,0.238281,0.251953,0.236328,0.251953,0.118366,9081600
1987-12-09,0.251953,0.259766,0.248047,0.259766,0.122036,4761600
1987-12-10,0.259766,0.261719,0.251953,0.257813,0.121119,6944000
1987-12-11,0.257813,0.261719,0.255859,0.261719,0.122954,1593600
1987-12-14,0.261719,0.281250,0.259766,0.279297,0.131212,11532800
1987-12-15,0.279297,0.300781,0.279297,0.298828,0.140387,13760000
1987-12-16,0.298828,0.312500,0.296875,0.310547,0.145893,26873600
1987-12-17,0.310547,0.312500,0.298828,0.298828,0.140387,22048000
1987-12-18,0.298828,0.304688,0.296875,0.300781,0.141305,11392000
1987-12-21,0.300781,0.308594,0.292969,0.306641,0.144058,16665600
1987-12-22,0.306641,0.314453,0.306641,0.312500,0.146810,10022400
1987-12-23,0.312500,0.326172,0.312500,0.322266,0.151398,15884800
1987-12-24,0.322266,0.324219,0.318359,0.318359,0.149563,3161600
1987-12-28,0.316406,0.316406,0.294922,0.300781,0.141305,11673600
1987-12-29,0.302734,0.308594,0.302734,0.304688,0.143140,8326400
1987-12-30,0.304688,0.308594,0.304688,0.304688,0.143140,4486400
1987-12-31,0.304688,0.304688,0.298828,0.304688,0.143140,16332800
1988-01-04,0.304688,0.304688,0.298828,0.300781,0.141305,12204800
1988-01-05,0.300781,0.306641,0.283203,0.285156,0.133964,55865600
1988-01-06,0.285156,0.292969,0.285156,0.291016,0.136717,24083200
1988-01-07,0.291016,0.310547,0.291016,0.310547,0.145893,23795200
1988-01-08,0.310547,0.314453,0.285156,0.285156,0.133964,13772800
1988-01-11,0.285156,0.292969,0.279297,0.292969,0.137635,30572800
1988-01-12,0.292969,0.294922,0.285156,0.291016,0.136717,13472000
1988-01-13,0.291016,0.291016,0.285156,0.287109,0.134882,13843200
1988-01-14,0.287109,0.289063,0.287109,0.287109,0.134882,6700800
1988-01-15,0.294922,0.300781,0.294922,0.296875,0.139470,9952000
1988-01-18,0.296875,0.298828,0.291016,0.294922,0.138552,2860800
1988-01-19,0.294922,0.296875,0.291016,0.292969,0.137635,2912000
1988-01-20,0.292969,0.292969,0.277344,0.279297,0.131212,17920000
1988-01-21,0.279297,0.287109,0.279297,0.281250,0.132129,7961600
1988-01-22,0.281250,0.283203,0.273438,0.277344,0.130294,9574400
1988-01-25,0.277344,0.287109,0.277344,0.283203,0.133047,15385600
1988-01-26,0.283203,0.283203,0.275391,0.275391,0.129377,9305600
1988-01-27,0.277344,0.281250,0.277344,0.281250,0.132129,7014400
1988-01-28,0.281250,0.281250,0.275391,0.277344,0.130294,10156800
1988-01-29,0.277344,0.277344,0.269531,0.277344,0.130294,12998400
1988-02-01,0.277344,0.289063,0.277344,0.285156,0.133964,16838400
1988-02-02,0.285156,0.308594,0.283203,0.308594,0.144975,17075200
1988-02-03,0.308594,0.314453,0.308594,0.310547,0.145893,29753600
1988-02-04,0.310547,0.316406,0.310547,0.314453,0.147728,17529600
1988-02-05,0.314453,0.324219,0.312500,0.322266,0.151398,23891200
1988-02-08,0.322266,0.341797,0.316406,0.328125,0.154151,27443200
1988-02-09,0.328125,0.330078,0.316406,0.322266,0.151398,8288000
1988-02-10,0.322266,0.328125,0.318359,0.328125,0.154151,7910400
1988-02-11,0.328125,0.333984,0.322266,0.330078,0.155068,10515200
1988-02-12,0.330078,0.341797,0.330078,0.335938,0.157821,10099200
1988-02-16,0.335938,0.343750,0.333984,0.343750,0.161491,35244800
1988-02-17,0.343750,0.353516,0.343750,0.349609,0.164244,27596800
1988-02-18,0.349609,0.351563,0.343750,0.345703,0.162409,19558400
1988-02-19,0.345703,0.351563,0.343750,0.351563,0.165162,12761600
1988-02-22,0.351563,0.357422,0.349609,0.353516,0.166079,10784000
1988-02-23,0.353516,0.359375,0.349609,0.349609,0.164244,12288000
1988-02-24,0.349609,0.351563,0.345703,0.345703,0.162409,7616000
1988-02-25,0.345703,0.347656,0.322266,0.326172,0.153233,18803200
1988-02-26,0.326172,0.332031,0.322266,0.324219,0.152316,10259200
1988-02-29,0.324219,0.332031,0.322266,0.332031,0.155986,22809600
1988-03-01,0.332031,0.341797,0.330078,0.339844,0.159656,25644800
1988-03-02,0.339844,0.378906,0.337891,0.369141,0.173420,107276800
1988-03-03,0.369141,0.371094,0.367188,0.371094,0.174337,48192000
1988-03-04,0.371094,0.371094,0.357422,0.361328,0.169749,19532800
1988-03-07,0.361328,0.369141,0.359375,0.363281,0.170667,14208000
1988-03-08,0.363281,0.371094,0.359375,0.367188,0.172502,15456000
1988-03-09,0.367188,0.392578,0.367188,0.388672,0.182595,45248000
1988-03-10,0.388672,0.400391,0.382813,0.384766,0.180760,52697600
1988-03-11,0.384766,0.384766,0.367188,0.373047,0.175255,26790400
1988-03-14,0.373047,0.375000,0.363281,0.369141,0.174148,9894400
1988-03-15,0.369141,0.384766,0.367188,0.378906,0.178755,22931200
1988-03-16,0.378906,0.380859,0.373047,0.380859,0.179676,16704000
1988-03-17,0.380859,0.404297,0.380859,0.396484,0.187048,66067200
1988-03-18,0.398438,0.414063,0.398438,0.404297,0.190734,155475200
1988-03-21,0.404297,0.404297,0.388672,0.392578,0.185205,35526400
1988-03-22,0.392578,0.398438,0.388672,0.390625,0.184284,33619200
1988-03-23,0.390625,0.392578,0.386719,0.390625,0.184284,24428800
1988-03-24,0.390625,0.392578,0.382813,0.388672,0.183362,26489600
1988-03-25,0.388672,0.396484,0.386719,0.390625,0.184284,59910400
1988-03-28,0.390625,0.390625,0.382813,0.386719,0.182441,39660800
1988-03-29,0.386719,0.390625,0.371094,0.373047,0.175991,34732800
1988-03-30,0.373047,0.375000,0.341797,0.353516,0.166777,37017600
1988-03-31,0.353516,0.359375,0.343750,0.347656,0.164012,83020800
1988-04-04,0.347656,0.347656,0.335938,0.343750,0.162170,70048000
1988-04-05,0.343750,0.345703,0.337891,0.343750,0.162170,60352000
1988-04-06,0.343750,0.347656,0.339844,0.341797,0.161248,11526400
1988-04-07,0.341797,0.353516,0.341797,0.353516,0.166777,17401600
1988-04-08,0.353516,0.378906,0.349609,0.375000,0.176912,27692800
1988-04-11,0.376953,0.386719,0.376953,0.376953,0.177834,13574400
1988-04-12,0.376953,0.378906,0.375000,0.376953,0.177834,9657600
1988-04-13,0.376953,0.378906,0.371094,0.375000,0.176912,17696000
1988-04-14,0.373047,0.373047,0.367188,0.369141,0.174148,34604800
1988-04-15,0.369141,0.373047,0.363281,0.371094,0.175069,17945600
1988-04-18,0.371094,0.371094,0.361328,0.363281,0.171384,13529600
1988-04-19,0.363281,0.375000,0.363281,0.369141,0.174148,10457600
1988-04-20,0.369141,0.375000,0.361328,0.361328,0.170462,9043200
1988-04-21,0.361328,0.365234,0.355469,0.359375,0.169541,24422400
1988-04-22,0.359375,0.367188,0.357422,0.365234,0.172305,5881600
1988-04-25,0.365234,0.373047,0.365234,0.369141,0.174148,6368000
1988-04-26,0.371094,0.382813,0.371094,0.375000,0.176912,10316800
1988-04-27,0.375000,0.396484,0.375000,0.392578,0.185205,18995200
1988-04-28,0.392578,0.394531,0.388672,0.390625,0.184284,15648000
1988-04-29,0.390625,0.392578,0.388672,0.392578,0.185205,14316800
1988-05-02,0.392578,0.392578,0.390625,0.392578,0.185205,6259200
1988-05-03,0.392578,0.392578,0.388672,0.390625,0.184284,8934400
1988-05-04,0.390625,0.398438,0.388672,0.394531,0.186126,24000000
1988-05-05,0.394531,0.400391,0.394531,0.398438,0.187969,13792000
1988-05-06,0.398438,0.400391,0.398438,0.400391,0.188891,16121600
1988-05-09,0.400391,0.400391,0.390625,0.392578,0.185205,25606400
1988-05-10,0.392578,0.396484,0.386719,0.390625,0.184284,21036800
1988-05-11,0.388672,0.388672,0.376953,0.380859,0.179676,21958400
1988-05-12,0.380859,0.384766,0.371094,0.373047,0.175991,21280000
1988-05-13,0.376953,0.382813,0.376953,0.380859,0.179676,9420800
1988-05-16,0.380859,0.382813,0.380859,0.380859,0.179676,16979200
1988-05-17,0.380859,0.384766,0.375000,0.375000,0.176912,13529600
1988-05-18,0.375000,0.376953,0.365234,0.369141,0.174148,18803200
1988-05-19,0.369141,0.373047,0.367188,0.373047,0.175991,9209600
1988-05-20,0.373047,0.376953,0.367188,0.367188,0.173226,5286400
1988-05-23,0.367188,0.369141,0.355469,0.357422,0.168620,9145600
1988-05-24,0.357422,0.357422,0.343750,0.351563,0.165855,9094400
1988-05-25,0.351563,0.363281,0.349609,0.359375,0.169541,10220800
1988-05-26,0.359375,0.373047,0.359375,0.373047,0.175991,6451200
1988-05-27,0.373047,0.373047,0.369141,0.369141,0.174148,4486400
1988-05-31,0.373047,0.378906,0.373047,0.378906,0.178755,18668800
1988-06-01,0.378906,0.382813,0.378906,0.378906,0.178755,9708800
1988-06-02,0.378906,0.378906,0.373047,0.375000,0.176912,8211200
1988-06-03,0.375000,0.378906,0.373047,0.378906,0.178755,2489600
1988-06-06,0.378906,0.378906,0.375000,0.376953,0.177834,6496000
1988-06-07,0.376953,0.378906,0.367188,0.369141,0.174148,10944000
1988-06-08,0.369141,0.375000,0.361328,0.373047,0.175991,23795200
1988-06-09,0.373047,0.382813,0.371094,0.380859,0.179676,20076800
1988-06-10,0.380859,0.384766,0.378906,0.380859,0.179676,18400000
1988-06-13,0.382813,0.392578,0.382813,0.390625,0.185041,28556800
1988-06-14,0.390625,0.406250,0.390625,0.398438,0.188742,42041600
1988-06-15,0.398438,0.400391,0.394531,0.396484,0.187817,9139200
1988-06-16,0.396484,0.400391,0.390625,0.394531,0.186892,15718400
1988-06-17,0.394531,0.396484,0.392578,0.394531,0.186892,15955200
1988-06-20,0.394531,0.394531,0.382813,0.382813,0.181341,8748800
1988-06-21,0.382813,0.388672,0.376953,0.388672,0.184116,18355200
1988-06-22,0.388672,0.404297,0.386719,0.402344,0.190593,28358400
1988-06-23,0.402344,0.416016,0.400391,0.412109,0.195219,17184000
1988-06-24,0.412109,0.417969,0.412109,0.416016,0.197069,28800000
1988-06-27,0.416016,0.429688,0.414063,0.421875,0.199845,16524800
1988-06-28,0.421875,0.455078,0.419922,0.441406,0.209097,31116800
1988-06-29,0.441406,0.455078,0.439453,0.445313,0.210947,42201600
1988-06-30,0.445313,0.449219,0.441406,0.445313,0.210947,23392000
1988-07-01,0.445313,0.445313,0.433594,0.439453,0.208172,9996800
1988-07-05,0.439453,0.441406,0.433594,0.439453,0.208172,17516800
1988-07-06,0.439453,0.441406,0.429688,0.429688,0.203546,16556800
1988-07-07,0.429688,0.435547,0.425781,0.431641,0.204471,9728000
1988-07-08,0.431641,0.433594,0.429688,0.433594,0.205396,5312000
1988-07-11,0.433594,0.433594,0.427734,0.429688,0.203546,3001600
1988-07-12,0.429688,0.433594,0.425781,0.431641,0.204471,10406400
1988-07-13,0.431641,0.441406,0.429688,0.433594,0.205396,48921600
1988-07-14,0.433594,0.433594,0.417969,0.423828,0.200770,20537600
1988-07-15,0.423828,0.427734,0.410156,0.416016,0.197069,14790400
1988-07-18,0.414063,0.414063,0.398438,0.404297,0.191518,13446400
1988-07-19,0.404297,0.412109,0.402344,0.406250,0.192443,12755200
1988-07-20,0.406250,0.410156,0.404297,0.406250,0.192443,5952000
1988-07-21,0.406250,0.406250,0.400391,0.402344,0.190593,10643200
1988-07-22,0.402344,0.402344,0.384766,0.390625,0.185041,15193600
1988-07-25,0.390625,0.396484,0.388672,0.394531,0.186892,4864000
1988-07-26,0.394531,0.396484,0.392578,0.394531,0.186892,5811200
1988-07-27,0.394531,0.400391,0.392578,0.396484,0.187817,6284800
1988-07-28,0.396484,0.400391,0.392578,0.392578,0.185967,9772800
1988-07-29,0.392578,0.398438,0.392578,0.398438,0.188742,9472000
1988-08-01,0.398438,0.400391,0.396484,0.400391,0.189668,14668800
1988-08-02,0.400391,0.402344,0.398438,0.398438,0.188742,12761600
1988-08-03,0.398438,0.400391,0.394531,0.400391,0.189668,15001600
1988-08-04,0.400391,0.416016,0.396484,0.408203,0.193368,30624000
1988-08-05,0.408203,0.408203,0.404297,0.406250,0.192443,10675200
1988-08-08,0.406250,0.406250,0.400391,0.402344,0.190593,7680000
1988-08-09,0.402344,0.406250,0.390625,0.404297,0.191518,11564800
1988-08-10,0.404297,0.404297,0.394531,0.394531,0.186892,8044800
1988-08-11,0.394531,0.398438,0.394531,0.396484,0.187817,9632000
1988-08-12,0.396484,0.398438,0.392578,0.392578,0.185967,2246400
1988-08-15,0.392578,0.394531,0.371094,0.373047,0.176715,11289600
1988-08-16,0.373047,0.380859,0.367188,0.376953,0.178565,13414400
1988-08-17,0.376953,0.384766,0.376953,0.382813,0.181341,8000000
1988-08-18,0.382813,0.386719,0.380859,0.384766,0.182266,4780800
1988-08-19,0.384766,0.398438,0.384766,0.398438,0.188742,7443200
1988-08-22,0.398438,0.400391,0.386719,0.386719,0.183191,8544000
1988-08-23,0.386719,0.392578,0.371094,0.373047,0.176715,30598400
1988-08-24,0.375000,0.382813,0.375000,0.382813,0.181341,17689600
1988-08-25,0.380859,0.380859,0.373047,0.376953,0.178565,4953600
1988-08-26,0.376953,0.376953,0.373047,0.375000,0.177640,2643200
1988-08-29,0.375000,0.386719,0.375000,0.386719,0.183191,13241600
1988-08-30,0.386719,0.388672,0.384766,0.388672,0.184116,8716800
1988-08-31,0.388672,0.398438,0.386719,0.396484,0.187817,17420800
1988-09-01,0.396484,0.396484,0.386719,0.390625,0.185041,13523200
1988-09-02,0.394531,0.414063,0.394531,0.414063,0.196144,14099200
1988-09-06,0.414063,0.417969,0.412109,0.416016,0.197069,13971200
1988-09-07,0.416016,0.421875,0.406250,0.410156,0.194294,19059200
1988-09-08,0.410156,0.429688,0.404297,0.429688,0.203546,63532800
1988-09-09,0.429688,0.455078,0.429688,0.447266,0.211873,63987200
1988-09-12,0.447266,0.453125,0.445313,0.447266,0.212614,28121600
1988-09-13,0.447266,0.457031,0.443359,0.453125,0.215399,29638400
1988-09-14,0.453125,0.460938,0.451172,0.453125,0.215399,27827200
1988-09-15,0.453125,0.453125,0.445313,0.447266,0.212614,17171200
1988-09-16,0.447266,0.447266,0.435547,0.443359,0.210757,18848000
1988-09-19,0.443359,0.476563,0.431641,0.474609,0.225612,85478400
1988-09-20,0.474609,0.478516,0.462891,0.462891,0.220042,87628800
1988-09-21,0.462891,0.470703,0.460938,0.468750,0.222827,26227200
1988-09-22,0.468750,0.472656,0.462891,0.468750,0.222827,37689600
1988-09-23,0.468750,0.478516,0.466797,0.474609,0.225612,39756800
1988-09-26,0.474609,0.474609,0.466797,0.468750,0.222827,14182400
1988-09-27,0.468750,0.470703,0.466797,0.468750,0.222827,17132800
1988-09-28,0.466797,0.466797,0.455078,0.458984,0.218185,20128000
1988-09-29,0.458984,0.460938,0.455078,0.457031,0.217256,10828800
1988-09-30,0.457031,0.462891,0.457031,0.460938,0.219113,19392000
1988-10-03,0.460938,0.460938,0.455078,0.460938,0.219113,6835200
1988-10-04,0.460938,0.460938,0.457031,0.458984,0.218185,3321600
1988-10-05,0.458984,0.460938,0.453125,0.457031,0.217256,11366400
1988-10-06,0.457031,0.472656,0.457031,0.472656,0.224684,19718400
1988-10-07,0.472656,0.486328,0.466797,0.484375,0.230255,58252800
1988-10-10,0.484375,0.496094,0.482422,0.492188,0.233968,27385600
1988-10-11,0.492188,0.496094,0.486328,0.494141,0.234897,23097600
1988-10-12,0.494141,0.494141,0.486328,0.488281,0.232111,15430400
1988-10-13,0.488281,0.492188,0.486328,0.488281,0.232111,11033600
1988-10-14,0.488281,0.509766,0.488281,0.503906,0.239539,53990400
1988-10-17,0.503906,0.507813,0.500000,0.503906,0.239539,12934400
1988-10-18,0.503906,0.503906,0.496094,0.503906,0.239539,10969600
1988-10-19,0.505859,0.515625,0.505859,0.511719,0.243253,23328000
1988-10-20,0.511719,0.521484,0.509766,0.519531,0.246967,13286400
1988-10-21,0.519531,0.537109,0.517578,0.531250,0.252537,52838400
1988-10-24,0.531250,0.537109,0.519531,0.523438,0.248824,14809600
1988-10-25,0.523438,0.523438,0.511719,0.519531,0.246967,19436800
1988-10-26,0.519531,0.521484,0.515625,0.517578,0.246038,15942400
1988-10-27,0.517578,0.529297,0.496094,0.498047,0.236754,22252800
1988-10-28,0.498047,0.505859,0.498047,0.505859,0.240467,17862400
1988-10-31,0.503906,0.503906,0.496094,0.500000,0.237682,8512000
1988-11-01,0.500000,0.503906,0.488281,0.488281,0.232111,12332800
1988-11-02,0.488281,0.496094,0.484375,0.488281,0.232111,16224000
1988-11-03,0.501953,0.517578,0.501953,0.513672,0.244181,77049600
1988-11-04,0.513672,0.519531,0.507813,0.515625,0.245110,21184000
1988-11-07,0.513672,0.513672,0.509766,0.511719,0.243253,29465600
1988-11-08,0.513672,0.519531,0.513672,0.515625,0.245110,10406400
1988-11-09,0.515625,0.517578,0.509766,0.517578,0.246038,10854400
1988-11-10,0.517578,0.527344,0.513672,0.523438,0.248824,25376000
1988-11-11,0.523438,0.525391,0.509766,0.509766,0.242324,30156800
1988-11-14,0.509766,0.515625,0.509766,0.509766,0.242324,14732800
1988-11-15,0.509766,0.513672,0.507813,0.511719,0.243253,21504000
1988-11-16,0.511719,0.511719,0.498047,0.498047,0.236754,36371200
1988-11-17,0.498047,0.503906,0.486328,0.488281,0.232111,22259200
1988-11-18,0.488281,0.490234,0.476563,0.482422,0.229326,16780800
1988-11-21,0.480469,0.480469,0.472656,0.476563,0.226541,15289600
1988-11-22,0.476563,0.476563,0.453125,0.460938,0.219113,118720000
1988-11-23,0.460938,0.468750,0.457031,0.464844,0.220970,52921600
1988-11-25,0.462891,0.462891,0.457031,0.457031,0.217256,21222400
1988-11-28,0.457031,0.458984,0.435547,0.437500,0.207972,46105600
1988-11-29,0.437500,0.441406,0.416016,0.439453,0.208900,101676800
1988-11-30,0.439453,0.445313,0.437500,0.443359,0.210757,45510400
1988-12-01,0.443359,0.457031,0.441406,0.449219,0.213543,27974400
1988-12-02,0.449219,0.455078,0.447266,0.447266,0.212614,19084800
1988-12-05,0.447266,0.453125,0.447266,0.449219,0.213543,39020800
1988-12-06,0.449219,0.453125,0.447266,0.449219,0.213543,31532800
1988-12-07,0.449219,0.451172,0.439453,0.439453,0.208900,27776000
1988-12-08,0.439453,0.441406,0.425781,0.425781,0.202401,21081600
1988-12-09,0.425781,0.429688,0.423828,0.427734,0.203330,18393600
1988-12-12,0.427734,0.427734,0.423828,0.423828,0.202581,19532800
1988-12-13,0.423828,0.435547,0.423828,0.435547,0.208182,16729600
1988-12-14,0.435547,0.435547,0.416016,0.417969,0.199780,37843200
1988-12-15,0.417969,0.419922,0.386719,0.394531,0.188578,87148800
1988-12-16,0.394531,0.417969,0.388672,0.396484,0.189511,106201600
1988-12-19,0.396484,0.396484,0.380859,0.384766,0.183910,53030400
1988-12-20,0.384766,0.392578,0.384766,0.386719,0.184843,41984000
1988-12-21,0.386719,0.400391,0.386719,0.394531,0.188578,37158400
1988-12-22,0.396484,0.408203,0.396484,0.406250,0.194179,38585600
1988-12-23,0.406250,0.412109,0.406250,0.412109,0.196980,10316800
1988-12-27,0.412109,0.416016,0.410156,0.412109,0.196980,20121600
1988-12-28,0.412109,0.417969,0.412109,0.414063,0.197913,12454400
1988-12-29,0.414063,0.419922,0.414063,0.416016,0.198847,22284800
1988-12-30,0.416016,0.417969,0.414063,0.414063,0.197913,13344000
1989-01-03,0.414063,0.419922,0.408203,0.417969,0.199780,19104000
1989-01-04,0.419922,0.429688,0.419922,0.429688,0.205382,13427200
1989-01-05,0.429688,0.429688,0.414063,0.416016,0.198847,22009600
1989-01-06,0.416016,0.416016,0.404297,0.410156,0.196046,20928000
1989-01-09,0.410156,0.410156,0.394531,0.404297,0.193246,25523200
1989-01-10,0.404297,0.410156,0.402344,0.404297,0.193246,30400000
1989-01-11,0.404297,0.414063,0.404297,0.414063,0.197913,37708800
1989-01-12,0.414063,0.417969,0.410156,0.410156,0.196046,22412800
1989-01-13,0.410156,0.417969,0.404297,0.414063,0.197913,26784000
1989-01-16,0.417969,0.429688,0.417969,0.425781,0.203515,55584000
1989-01-17,0.425781,0.441406,0.425781,0.435547,0.208182,20396800
1989-01-18,0.435547,0.455078,0.435547,0.453125,0.216584,34156800
1989-01-19,0.453125,0.460938,0.451172,0.458984,0.219385,36480000
1989-01-20,0.458984,0.470703,0.457031,0.460938,0.220319,41491200
1989-01-23,0.462891,0.470703,0.462891,0.468750,0.224053,20345600
1989-01-24,0.468750,0.484375,0.462891,0.480469,0.229654,36032000
1989-01-25,0.480469,0.488281,0.476563,0.478516,0.228721,21612800
1989-01-26,0.478516,0.482422,0.474609,0.482422,0.230588,14188800
1989-01-27,0.480469,0.480469,0.457031,0.460938,0.220319,22944000
1989-01-30,0.460938,0.474609,0.458984,0.466797,0.223119,25145600
1989-01-31,0.466797,0.476563,0.460938,0.472656,0.225920,29804800
1989-02-01,0.472656,0.486328,0.472656,0.486328,0.232455,23488000
1989-02-02,0.486328,0.500000,0.484375,0.500000,0.238990,20262400
1989-02-03,0.500000,0.517578,0.496094,0.511719,0.244591,28544000
1989-02-06,0.511719,0.513672,0.505859,0.509766,0.243657,21497600
1989-02-07,0.509766,0.519531,0.509766,0.513672,0.245524,18432000
1989-02-08,0.513672,0.517578,0.503906,0.505859,0.241790,16102400
1989-02-09,0.505859,0.505859,0.492188,0.492188,0.235255,25734400
1989-02-10,0.492188,0.492188,0.474609,0.478516,0.228721,20320000
1989-02-13,0.478516,0.484375,0.476563,0.478516,0.228721,25542400
1989-02-14,0.478516,0.484375,0.472656,0.474609,0.226853,16531200
1989-02-15,0.474609,0.480469,0.474609,0.474609,0.226853,5862400
1989-02-16,0.474609,0.478516,0.474609,0.474609,0.226853,5900800
1989-02-17,0.474609,0.480469,0.472656,0.474609,0.226853,9990400
1989-02-21,0.474609,0.480469,0.470703,0.474609,0.226853,12864000
1989-02-22,0.474609,0.476563,0.462891,0.468750,0.224053,19091200
1989-02-23,0.468750,0.468750,0.460938,0.464844,0.222186,23776000
1989-02-24,0.464844,0.466797,0.460938,0.460938,0.220319,12947200
1989-02-27,0.460938,0.462891,0.457031,0.462891,0.221252,11840000
1989-02-28,0.462891,0.470703,0.460938,0.468750,0.224053,13164800
1989-03-01,0.468750,0.476563,0.462891,0.466797,0.224239,18688000
1989-03-02,0.466797,0.470703,0.464844,0.470703,0.226115,8486400
1989-03-03,0.470703,0.478516,0.468750,0.474609,0.227992,11308800
1989-03-06,0.474609,0.492188,0.474609,0.490234,0.235497,24614400
1989-03-07,0.490234,0.490234,0.484375,0.490234,0.235497,7360000
1989-03-08,0.490234,0.500000,0.486328,0.498047,0.239250,23993600
1989-03-09,0.498047,0.509766,0.496094,0.507813,0.243941,20499200
1989-03-10,0.507813,0.527344,0.505859,0.519531,0.249571,28800000
1989-03-13,0.517578,0.517578,0.507813,0.511719,0.345975,17856000
1989-03-14,0.511719,0.511719,0.492188,0.498047,0.336731,16531200
1989-03-15,0.498047,0.503906,0.496094,0.501953,0.339372,12403200
1989-03-16,0.503906,0.513672,0.503906,0.509766,0.344654,5945600
1989-03-17,0.505859,0.505859,0.486328,0.492188,0.332770,25088000
1989-03-20,0.492188,0.533203,0.492188,0.531250,0.359180,44000000
1989-03-21,0.531250,0.539063,0.525391,0.529297,0.357859,50547200
1989-03-22,0.529297,0.531250,0.523438,0.523438,0.353898,25011200
1989-03-23,0.523438,0.525391,0.513672,0.515625,0.348616,23232000
1989-03-27,0.513672,0.513672,0.509766,0.513672,0.347295,5894400
1989-03-28,0.513672,0.523438,0.507813,0.509766,0.344654,15008000
1989-03-29,0.509766,0.511719,0.507813,0.509766,0.344654,19436800
1989-03-30,0.509766,0.525391,0.507813,0.523438,0.353898,13478400
1989-03-31,0.523438,0.527344,0.521484,0.525391,0.355219,11091200
1989-04-03,0.525391,0.544922,0.523438,0.541016,0.365782,29715200
1989-04-04,0.542969,0.552734,0.542969,0.546875,0.369744,34822400
1989-04-05,0.546875,0.548828,0.537109,0.544922,0.368424,10886400
1989-04-06,0.544922,0.568359,0.541016,0.566406,0.382949,22572800
1989-04-07,0.566406,0.578125,0.562500,0.568359,0.384270,22630400
1989-04-10,0.568359,0.574219,0.566406,0.566406,0.382949,10777600
1989-04-11,0.566406,0.576172,0.562500,0.562500,0.380308,22579200
1989-04-12,0.562500,0.570313,0.560547,0.568359,0.384270,7494400
1989-04-13,0.568359,0.572266,0.564453,0.570313,0.385590,13676800
1989-04-14,0.570313,0.583984,0.570313,0.578125,0.390873,13849600
1989-04-17,0.578125,0.585938,0.572266,0.582031,0.393513,18995200
1989-04-18,0.582031,0.589844,0.580078,0.582031,0.393513,15225600
1989-04-19,0.583984,0.589844,0.583984,0.585938,0.396155,9958400
1989-04-20,0.585938,0.585938,0.568359,0.580078,0.392193,15180800
1989-04-21,0.580078,0.583984,0.578125,0.582031,0.393513,6150400
1989-04-24,0.582031,0.583984,0.578125,0.580078,0.392193,4371200
1989-04-25,0.580078,0.582031,0.568359,0.568359,0.384270,18988800
1989-04-26,0.568359,0.570313,0.562500,0.564453,0.381629,16032000
1989-04-27,0.564453,0.574219,0.564453,0.572266,0.386911,9312000
1989-04-28,0.572266,0.574219,0.568359,0.572266,0.386911,6547200
1989-05-01,0.572266,0.582031,0.566406,0.582031,0.393513,10643200
1989-05-02,0.582031,0.595703,0.582031,0.587891,0.397475,16153600
1989-05-03,0.587891,0.595703,0.587891,0.595703,0.402757,16012800
1989-05-04,0.593750,0.593750,0.589844,0.589844,0.398795,10566400
1989-05-05,0.591797,0.601563,0.591797,0.597656,0.404078,12896000
1989-05-08,0.597656,0.615234,0.595703,0.615234,0.415962,18163200
1989-05-09,0.615234,0.621094,0.613281,0.617188,0.417283,10681600
1989-05-10,0.617188,0.619141,0.607422,0.607422,0.410680,13171200
1989-05-11,0.607422,0.613281,0.599609,0.599609,0.405398,6457600
1989-05-12,0.599609,0.607422,0.595703,0.599609,0.405398,6899200
1989-05-15,0.599609,0.599609,0.589844,0.589844,0.398795,15577600
1989-05-16,0.589844,0.593750,0.583984,0.587891,0.397475,16243200
1989-05-17,0.587891,0.591797,0.583984,0.587891,0.397475,24044800
1989-05-18,0.587891,0.587891,0.582031,0.583984,0.394834,18137600
1989-05-19,0.583984,0.599609,0.583984,0.597656,0.404078,34374400
1989-05-22,0.597656,0.603516,0.595703,0.601563,0.406719,21587200
1989-05-23,0.601563,0.603516,0.591797,0.591797,0.400116,14092800
1989-05-24,0.591797,0.591797,0.585938,0.589844,0.398795,19699200
1989-05-25,0.589844,0.591797,0.585938,0.585938,0.396155,10060800
1989-05-26,0.585938,0.593750,0.585938,0.593750,0.401436,10649600
1989-05-30,0.593750,0.595703,0.583984,0.587891,0.397475,18035200
1989-05-31,0.587891,0.597656,0.583984,0.593750,0.401436,36377600
1989-06-01,0.593750,0.599609,0.593750,0.599609,0.405398,19891200
1989-06-02,0.599609,0.626953,0.595703,0.626953,0.423885,94860800
1989-06-05,0.626953,0.628906,0.619141,0.623047,0.421244,45894400
1989-06-06,0.623047,0.664063,0.623047,0.662109,0.447655,56064000
1989-06-07,0.666016,0.708984,0.666016,0.703125,0.475385,86873600
1989-06-08,0.703125,0.712891,0.695313,0.699219,0.472744,66432000
1989-06-09,0.699219,0.699219,0.679688,0.685547,0.463501,22502400
1989-06-12,0.685547,0.685547,0.666016,0.669922,0.454488,14784000
1989-06-13,0.669922,0.669922,0.648438,0.666016,0.451838,27193600
1989-06-14,0.666016,0.671875,0.642578,0.650391,0.441237,17798400
1989-06-15,0.650391,0.650391,0.632813,0.642578,0.435937,24249600
1989-06-16,0.642578,0.652344,0.638672,0.644531,0.437262,17472000
1989-06-19,0.644531,0.656250,0.634766,0.654297,0.443888,16121600
1989-06-20,0.654297,0.662109,0.652344,0.658203,0.446538,15168000
1989-06-21,0.658203,0.681641,0.652344,0.666016,0.451838,23302400
1989-06-22,0.666016,0.667969,0.656250,0.662109,0.449188,13664000
1989-06-23,0.664063,0.671875,0.664063,0.671875,0.455813,11596800
1989-06-26,0.671875,0.677734,0.666016,0.667969,0.453163,9452800
1989-06-27,0.667969,0.687500,0.666016,0.677734,0.459788,16377600
1989-06-28,0.677734,0.679688,0.662109,0.669922,0.454488,12454400
1989-06-29,0.667969,0.667969,0.638672,0.644531,0.437262,20288000
1989-06-30,0.644531,0.652344,0.636719,0.636719,0.431962,17388800
1989-07-03,0.636719,0.638672,0.628906,0.636719,0.431962,10022400
1989-07-05,0.636719,0.664063,0.630859,0.662109,0.449188,21664000
1989-07-06,0.667969,0.695313,0.667969,0.695313,0.471713,23059200
1989-07-07,0.695313,0.708984,0.681641,0.683594,0.463763,21548800
1989-07-10,0.683594,0.685547,0.660156,0.667969,0.453163,28825600
1989-07-11,0.667969,0.675781,0.660156,0.664063,0.450513,35225600
1989-07-12,0.664063,0.664063,0.638672,0.638672,0.433287,25644800
1989-07-13,0.638672,0.675781,0.638672,0.673828,0.457138,43040000
1989-07-14,0.673828,0.708984,0.671875,0.708984,0.480989,63136000
1989-07-17,0.707031,0.707031,0.695313,0.701172,0.475688,30092800
1989-07-18,0.701172,0.701172,0.685547,0.685547,0.465088,22579200
1989-07-19,0.685547,0.687500,0.669922,0.675781,0.458463,37043200
1989-07-20,0.675781,0.675781,0.662109,0.664063,0.450513,25702400
1989-07-21,0.664063,0.673828,0.654297,0.669922,0.454488,30457600
1989-07-24,0.669922,0.677734,0.667969,0.675781,0.458463,18272000
1989-07-25,0.675781,0.705078,0.675781,0.695313,0.471713,37824000
1989-07-26,0.695313,0.714844,0.691406,0.714844,0.484964,44307200
1989-07-27,0.714844,0.722656,0.705078,0.710938,0.482314,36921600
1989-07-28,0.710938,0.712891,0.703125,0.707031,0.479664,10406400
1989-07-31,0.707031,0.724609,0.707031,0.724609,0.491589,23500800
1989-08-01,0.724609,0.728516,0.716797,0.716797,0.486289,27801600
1989-08-02,0.716797,0.726563,0.712891,0.720703,0.488939,10112000
1989-08-03,0.720703,0.724609,0.708984,0.714844,0.484964,13497600
1989-08-04,0.714844,0.724609,0.710938,0.724609,0.491589,23526400
1989-08-07,0.724609,0.750000,0.724609,0.748047,0.507490,22022400
1989-08-08,0.748047,0.755859,0.746094,0.753906,0.511464,16032000
1989-08-09,0.753906,0.753906,0.734375,0.734375,0.498214,18368000
1989-08-10,0.734375,0.746094,0.724609,0.744141,0.504839,26412800
1989-08-11,0.744141,0.748047,0.732422,0.736328,0.499539,18176000
1989-08-14,0.736328,0.740234,0.728516,0.736328,0.499539,21427200
1989-08-15,0.736328,0.744141,0.736328,0.744141,0.504839,6252800
1989-08-16,0.744141,0.763672,0.742188,0.753906,0.511464,16064000
1989-08-17,0.753906,0.763672,0.751953,0.755859,0.512789,10009600
1989-08-18,0.755859,0.755859,0.748047,0.753906,0.511464,12422400
1989-08-21,0.753906,0.753906,0.738281,0.740234,0.502189,15590400
1989-08-22,0.740234,0.744141,0.736328,0.742188,0.503514,7763200
1989-08-23,0.742188,0.744141,0.736328,0.742188,0.503514,11340800
1989-08-24,0.744141,0.757813,0.744141,0.755859,0.512789,29152000
1989-08-25,0.755859,0.757813,0.751953,0.751953,0.510139,12902400
1989-08-28,0.751953,0.757813,0.746094,0.757813,0.514115,14016000
1989-08-29,0.757813,0.765625,0.755859,0.757813,0.514115,17689600
1989-08-30,0.759766,0.792969,0.759766,0.791016,0.536640,27161600
1989-08-31,0.796875,0.814453,0.796875,0.814453,0.552541,23091200
1989-09-01,0.814453,0.814453,0.804688,0.808594,0.548566,30092800
1989-09-05,0.808594,0.820313,0.806641,0.814453,0.552541,23852800
1989-09-06,0.814453,0.814453,0.798828,0.808594,0.548566,12313600
1989-09-07,0.808594,0.816406,0.808594,0.816406,0.553866,15686400
1989-09-08,0.820313,0.871094,0.820313,0.869141,0.589642,41593600
1989-09-11,0.869141,0.894531,0.867188,0.888672,0.604520,39232000
1989-09-12,0.888672,0.894531,0.876953,0.882813,0.600534,28320000
1989-09-13,0.886719,0.937500,0.886719,0.910156,0.619134,53548800
1989-09-14,0.910156,0.916016,0.902344,0.908203,0.617806,31308800
1989-09-15,0.908203,0.914063,0.896484,0.902344,0.613820,25900800
1989-09-18,0.900391,0.900391,0.882813,0.894531,0.608505,62412800
1989-09-19,0.896484,0.943359,0.896484,0.929688,0.632421,59993600
1989-09-20,0.933594,0.966797,0.933594,0.964844,0.656336,54214400
1989-09-21,0.970703,1.027344,0.970703,1.000000,0.680251,70617600
1989-09-22,1.000000,1.000000,0.964844,0.970703,0.660321,58560000
1989-09-25,0.970703,0.990234,0.960938,0.968750,0.658993,48966400
1989-09-26,0.968750,0.972656,0.958984,0.966797,0.657664,28326400
1989-09-27,0.966797,1.027344,0.958984,1.025391,0.697523,47974400
1989-09-28,1.025391,1.072266,0.994141,1.062500,0.722767,103283200
1989-09-29,1.062500,1.064453,1.035156,1.039063,0.706823,34425600
1989-10-02,1.033203,1.033203,1.013672,1.019531,0.693537,28710400
1989-10-03,1.019531,1.027344,1.005859,1.009766,0.686894,20716800
1989-10-04,1.009766,1.009766,0.980469,1.003906,0.682908,35577600
1989-10-05,1.003906,1.013672,0.990234,1.001953,0.681579,19648000
1989-10-06,1.003906,1.035156,1.003906,1.027344,0.698851,25523200
1989-10-09,1.027344,1.048828,1.019531,1.046875,0.712138,12812800
1989-10-10,1.046875,1.056641,1.019531,1.027344,0.698851,23430400
1989-10-11,1.023438,1.023438,1.011719,1.023438,0.696194,14092800
1989-10-12,1.027344,1.054688,1.027344,1.042969,0.709480,28640000
1989-10-13,1.042969,1.082031,1.000000,1.007813,0.685565,48659200
1989-10-16,1.007813,1.011719,0.953125,1.011719,0.688222,68166400
1989-10-17,1.011719,1.013672,0.984375,1.003906,0.682908,29395200
1989-10-18,1.003906,1.029297,0.996094,1.019531,0.693537,20480000
1989-10-19,1.019531,1.042969,1.019531,1.033203,0.702837,21113600
1989-10-20,1.033203,1.041016,1.019531,1.035156,0.704166,20480000
1989-10-23,1.035156,1.050781,1.031250,1.037109,0.705494,14131200
1989-10-24,1.033203,1.033203,1.000000,1.021484,0.694866,23238400
1989-10-25,1.023438,1.035156,1.023438,1.025391,0.697523,4787200
1989-10-26,1.023438,1.023438,0.976563,0.982422,0.668293,27353600
1989-10-27,0.982422,0.984375,0.910156,0.941406,0.640393,45068800
1989-10-30,0.941406,0.949219,0.898438,0.921875,0.627106,45740800
1989-10-31,0.921875,0.964844,0.921875,0.960938,0.653679,18988800
1989-11-01,0.960938,0.980469,0.949219,0.980469,0.666965,24256000
1989-11-02,0.980469,0.980469,0.933594,0.937500,0.637735,46880000
1989-11-03,0.937500,0.945313,0.921875,0.931641,0.633749,20435200
1989-11-06,0.931641,0.933594,0.898438,0.906250,0.616477,20710400
1989-11-07,0.906250,0.929688,0.898438,0.917969,0.624449,20089600
1989-11-08,0.917969,0.960938,0.914063,0.953125,0.648364,47820800
1989-11-09,0.953125,0.970703,0.941406,0.953125,0.648364,28716800
1989-11-10,0.960938,0.988281,0.960938,0.984375,0.669622,30521600
1989-11-13,0.984375,0.992188,0.960938,0.972656,0.661650,22528000
1989-11-14,0.972656,0.972656,0.945313,0.960938,0.653679,15532800
1989-11-15,0.960938,0.964844,0.890625,0.910156,0.619134,84230400
1989-11-16,0.910156,0.937500,0.910156,0.921875,0.627106,40147200
1989-11-17,0.921875,0.937500,0.921875,0.929688,0.632421,31308800
1989-11-20,0.929688,0.933594,0.914063,0.925781,0.629763,19040000
1989-11-21,0.925781,0.925781,0.906250,0.916016,0.623120,24025600
1989-11-22,0.916016,0.925781,0.906250,0.917969,0.624449,18195200
1989-11-24,0.927734,0.937500,0.927734,0.929688,0.632421,6080000
1989-11-27,0.929688,0.949219,0.929688,0.949219,0.645707,16224000
1989-11-28,0.949219,0.957031,0.941406,0.941406,0.640393,10732800
1989-11-29,0.941406,0.945313,0.898438,0.910156,0.619134,41785600
1989-11-30,0.910156,0.929688,0.906250,0.921875,0.627106,28787200
1989-12-01,0.921875,0.929688,0.882813,0.886719,0.603191,55200000
1989-12-04,0.886719,0.886719,0.843750,0.871094,0.592562,72691200
1989-12-05,0.871094,0.882813,0.851563,0.861328,0.585919,26540800
1989-12-06,0.861328,0.863281,0.843750,0.851563,0.579276,19020800
1989-12-07,0.851563,0.855469,0.839844,0.843750,0.573962,19168000
1989-12-08,0.843750,0.863281,0.843750,0.859375,0.584591,20576000
1989-12-11,0.859375,0.863281,0.847656,0.859375,0.586727,17516800
1989-12-12,0.859375,0.863281,0.789063,0.824219,0.562725,67942400
1989-12-13,0.824219,0.828125,0.781250,0.792969,0.541389,52448000
1989-12-14,0.792969,0.792969,0.765625,0.779297,0.532055,56307200
1989-12-15,0.779297,0.789063,0.738281,0.744141,0.508053,36006400
1989-12-18,0.753906,0.792969,0.753906,0.767578,0.524054,59488000
1989-12-19,0.767578,0.835938,0.767578,0.824219,0.562725,42022400
1989-12-20,0.824219,0.839844,0.808594,0.835938,0.570726,26636800
1989-12-21,0.835938,0.855469,0.832031,0.845703,0.577393,12537600
1989-12-22,0.845703,0.847656,0.839844,0.839844,0.573393,6707200
1989-12-26,0.839844,0.847656,0.830078,0.839844,0.573393,5824000
1989-12-27,0.839844,0.851563,0.818359,0.828125,0.565392,17484800
1989-12-28,0.828125,0.839844,0.804688,0.820313,0.560058,29619200
1989-12-29,0.820313,0.847656,0.816406,0.832031,0.568059,16300800
1990-01-02,0.832031,0.878906,0.820313,0.878906,0.600062,34054400
1990-01-03,0.878906,0.890625,0.859375,0.859375,0.586727,31616000
1990-01-04,0.859375,0.863281,0.824219,0.841797,0.574726,13587200
1990-01-05,0.841797,0.867188,0.839844,0.867188,0.592061,17523200
1990-01-08,0.867188,0.871094,0.843750,0.863281,0.589395,9971200
1990-01-09,0.863281,0.875000,0.847656,0.847656,0.578726,10982400
1990-01-10,0.847656,0.859375,0.835938,0.843750,0.576060,20742400
1990-01-11,0.843750,0.855469,0.839844,0.839844,0.573393,5683200
1990-01-12,0.839844,0.843750,0.816406,0.835938,0.570726,11552000
1990-01-15,0.835938,0.855469,0.828125,0.843750,0.576060,10707200
1990-01-16,0.843750,0.859375,0.820313,0.855469,0.584061,20320000
1990-01-17,0.855469,0.871094,0.839844,0.843750,0.576060,10739200
1990-01-18,0.843750,0.859375,0.832031,0.859375,0.586727,12044800
1990-01-19,0.863281,0.878906,0.863281,0.875000,0.597395,24678400
1990-01-22,0.875000,0.890625,0.867188,0.871094,0.594728,20480000
1990-01-23,0.871094,0.882813,0.867188,0.871094,0.594728,18406400
1990-01-24,0.859375,0.859375,0.820313,0.839844,0.573393,50169600
1990-01-25,0.839844,0.855469,0.820313,0.828125,0.565392,12537600
1990-01-26,0.828125,0.843750,0.812500,0.835938,0.570726,16678400
1990-01-29,0.835938,0.835938,0.800781,0.812500,0.554724,20492800
1990-01-30,0.812500,0.820313,0.761719,0.785156,0.536056,22764800
1990-01-31,0.785156,0.800781,0.781250,0.789063,0.538722,29702400
1990-02-01,0.789063,0.796875,0.753906,0.757813,0.517387,61824000
1990-02-02,0.757813,0.789063,0.750000,0.789063,0.538722,29811200
1990-02-05,0.789063,0.822266,0.785156,0.820313,0.560058,22592000
1990-02-06,0.820313,0.828125,0.812500,0.816406,0.557391,14105600
1990-02-07,0.816406,0.820313,0.804688,0.812500,0.554724,12966400
1990-02-08,0.812500,0.820313,0.812500,0.820313,0.560058,16793600
1990-02-09,0.820313,0.830078,0.820313,0.828125,0.565392,23468800
1990-02-12,0.828125,0.835938,0.820313,0.824219,0.562725,5977600
1990-02-13,0.824219,0.832031,0.824219,0.828125,0.565392,27046400
1990-02-14,0.828125,0.832031,0.820313,0.822266,0.561392,15481600
1990-02-15,0.822266,0.839844,0.816406,0.839844,0.573393,13984000
1990-02-16,0.839844,0.851563,0.835938,0.847656,0.578726,22918400
1990-02-20,0.843750,0.843750,0.828125,0.843750,0.576060,8217600
1990-02-21,0.843750,0.843750,0.828125,0.839844,0.573393,12902400
1990-02-22,0.839844,0.863281,0.835938,0.839844,0.573393,18828800
1990-02-23,0.839844,0.839844,0.820313,0.824219,0.562725,16460800
1990-02-26,0.824219,0.847656,0.820313,0.839844,0.573393,9401600
1990-02-27,0.839844,0.859375,0.835938,0.855469,0.584061,12614400
1990-02-28,0.855469,0.886719,0.851563,0.886719,0.605396,18496000
1990-03-01,0.886719,0.914063,0.878906,0.886719,0.605396,23750400
1990-03-02,0.886719,0.890625,0.855469,0.855469,0.584061,41433600
1990-03-05,0.855469,0.882813,0.855469,0.875000,0.597395,19372800
1990-03-06,0.875000,0.906250,0.871094,0.906250,0.618731,16921600
1990-03-07,0.910156,0.949219,0.910156,0.933594,0.637399,33292800
1990-03-08,0.933594,0.964844,0.933594,0.957031,0.653401,22668800
1990-03-09,0.957031,0.976563,0.945313,0.953125,0.650734,18822400
1990-03-12,0.953125,0.976563,0.945313,0.968750,0.663581,18124800
1990-03-13,0.968750,0.972656,0.957031,0.960938,0.658230,11705600
1990-03-14,0.960938,0.968750,0.945313,0.968750,0.663581,17004800
1990-03-15,0.968750,0.972656,0.960938,0.968750,0.663581,12633600
1990-03-16,0.968750,0.996094,0.968750,0.976563,0.668932,31084800
1990-03-19,0.976563,1.027344,0.949219,1.015625,0.695690,33491200
1990-03-20,1.015625,1.039063,1.003906,1.015625,0.695690,27488000
1990-03-21,1.015625,1.015625,0.976563,0.980469,0.671608,15814400
1990-03-22,0.980469,0.992188,0.953125,0.976563,0.668932,29248000
1990-03-23,0.980469,0.996094,0.980469,0.988281,0.676960,19264000
1990-03-26,1.003906,1.046875,1.003906,1.023438,0.701041,35974400
1990-03-27,1.023438,1.074219,1.011719,1.070313,0.733150,26784000
1990-03-28,1.070313,1.105469,1.058594,1.082031,0.741177,39987200
1990-03-29,1.082031,1.089844,1.054688,1.066406,0.730474,16838400
1990-03-30,1.066406,1.082031,1.046875,1.058594,0.725123,21254400
1990-04-02,1.058594,1.058594,1.031250,1.050781,0.719771,19731200
1990-04-03,1.054688,1.085938,1.054688,1.082031,0.741177,19699200
1990-04-04,1.082031,1.109375,1.074219,1.089844,0.746528,30227200
1990-04-05,1.089844,1.101563,1.066406,1.070313,0.733150,33145600
1990-04-06,1.070313,1.078125,1.039063,1.042969,0.714419,33580800
1990-04-09,1.042969,1.042969,1.023438,1.033203,0.707731,20979200
1990-04-10,1.033203,1.062500,1.031250,1.058594,0.725123,18310400
1990-04-11,1.058594,1.082031,1.054688,1.054688,0.722447,15654400
1990-04-12,1.054688,1.074219,1.054688,1.062500,0.727799,7865600
1990-04-16,1.066406,1.089844,1.066406,1.070313,0.733150,14086400
1990-04-17,1.070313,1.089844,1.046875,1.089844,0.746528,25798400
1990-04-18,1.085938,1.085938,1.066406,1.070313,0.733150,17286400
1990-04-19,1.070313,1.070313,1.041016,1.046875,0.717096,23443200
1990-04-20,1.046875,1.062500,1.019531,1.042969,0.714419,21043200
1990-04-23,1.042969,1.046875,1.023438,1.027344,0.703717,19488000
1990-04-24,1.027344,1.046875,1.023438,1.041016,0.713082,11801600
1990-04-25,1.042969,1.082031,1.042969,1.078125,0.738501,22777600
1990-04-26,1.078125,1.085938,1.054688,1.072266,0.734488,15814400
1990-04-27,1.072266,1.078125,1.054688,1.058594,0.725123,9363200
1990-04-30,1.058594,1.074219,1.046875,1.074219,0.735826,24044800
1990-05-01,1.074219,1.093750,1.074219,1.085938,0.743853,31552000
1990-05-02,1.091797,1.113281,1.091797,1.113281,0.762583,33088000
1990-05-03,1.113281,1.136719,1.109375,1.121094,0.767935,24646400
1990-05-04,1.121094,1.128906,1.109375,1.121094,0.767935,14195200
1990-05-07,1.121094,1.128906,1.117188,1.121094,0.767935,11347200
1990-05-08,1.121094,1.128906,1.113281,1.121094,0.767935,8620800
1990-05-09,1.121094,1.121094,1.101563,1.113281,0.762583,24518400
1990-05-10,1.113281,1.121094,1.093750,1.105469,0.757232,14937600
1990-05-11,1.105469,1.109375,1.082031,1.099609,0.753218,32288000
1990-05-14,1.099609,1.136719,1.097656,1.121094,0.767935,32787200
1990-05-15,1.121094,1.179688,1.117188,1.175781,0.805395,38368000
1990-05-16,1.175781,1.216797,1.167969,1.208984,0.828138,36544000
1990-05-17,1.208984,1.230469,1.187500,1.189453,0.814759,36076800
1990-05-18,1.189453,1.199219,1.173828,1.187500,0.813422,25414400
1990-05-21,1.187500,1.199219,1.179688,1.191406,0.816097,30694400
1990-05-22,1.191406,1.195313,1.171875,1.183594,0.810746,27468800
1990-05-23,1.183594,1.234375,1.179688,1.226563,0.840179,47603200
1990-05-24,1.230469,1.277344,1.230469,1.271484,0.870950,48832000
1990-05-25,1.271484,1.285156,1.230469,1.250000,0.856234,44793600
1990-05-29,1.250000,1.281250,1.242188,1.277344,0.874963,29689600
1990-05-30,1.277344,1.296875,1.234375,1.250000,0.856234,44428800
1990-05-31,1.250000,1.253906,1.218750,1.226563,0.840179,25164800
1990-06-01,1.226563,1.253906,1.140625,1.216797,0.833490,72313600
1990-06-04,1.216797,1.238281,1.203125,1.218750,0.834827,38720000
1990-06-05,1.218750,1.234375,1.214844,1.226563,0.840179,15628800
1990-06-06,1.226563,1.226563,1.203125,1.218750,0.834827,18976000
1990-06-07,1.218750,1.238281,1.207031,1.230469,0.842855,12556800
1990-06-08,1.230469,1.234375,1.199219,1.205078,0.825462,17446400
1990-06-11,1.205078,1.207031,1.164063,1.179688,0.810174,28972800
1990-06-12,1.203125,1.228516,1.203125,1.228516,0.843708,19788800
1990-06-13,1.234375,1.261719,1.234375,1.257813,0.863828,44115200
1990-06-14,1.257813,1.257813,1.238281,1.246094,0.855780,13075200
1990-06-15,1.238281,1.238281,1.224609,1.230469,0.845050,19827200
1990-06-18,1.222656,1.222656,1.175781,1.187500,0.815540,25081600
1990-06-19,1.187500,1.195313,1.164063,1.171875,0.804810,33856000
1990-06-20,1.199219,1.226563,1.199219,1.212891,0.832977,30617600
1990-06-21,1.212891,1.214844,1.179688,1.199219,0.823588,26924800
1990-06-22,1.199219,1.210938,1.156250,1.164063,0.799444,29587200
1990-06-25,1.164063,1.179688,1.152344,1.160156,0.796761,32121600
1990-06-26,1.160156,1.179688,1.103516,1.126953,0.773958,58630400
1990-06-27,1.126953,1.160156,1.125000,1.144531,0.786031,43078400
1990-06-28,1.175781,1.212891,1.175781,1.210938,0.831636,82752000
1990-06-29,1.210938,1.218750,1.187500,1.199219,0.823588,18003200
1990-07-02,1.199219,1.214844,1.195313,1.214844,0.834319,20249600
1990-07-03,1.214844,1.242188,1.207031,1.214844,0.834319,35500800
1990-07-05,1.214844,1.218750,1.199219,1.218750,0.837001,20153600
1990-07-06,1.218750,1.261719,1.210938,1.250000,0.858463,44416000
1990-07-09,1.250000,1.367188,1.210938,1.363281,0.936261,100556800
1990-07-10,1.363281,1.417969,1.343750,1.363281,0.936261,120480000
1990-07-11,1.367188,1.406250,1.367188,1.392578,0.956381,35942400
1990-07-12,1.392578,1.449219,1.359375,1.435547,0.985892,68716800
1990-07-13,1.435547,1.457031,1.421875,1.433594,0.984550,36057600
1990-07-16,1.433594,1.498047,1.429688,1.468750,1.008695,44844800
1990-07-17,1.468750,1.472656,1.394531,1.394531,0.957724,42995200
1990-07-18,1.398438,1.449219,1.398438,1.410156,0.968454,32774400
1990-07-19,1.410156,1.429688,1.378906,1.425781,0.979184,37811200
1990-07-20,1.425781,1.441406,1.398438,1.400391,0.961747,34163200
1990-07-23,1.400391,1.421875,1.320313,1.412109,0.969795,50963200
1990-07-24,1.412109,1.429688,1.347656,1.378906,0.946992,36812800
1990-07-25,1.378906,1.394531,1.332031,1.375000,0.944309,36780800
1990-07-26,1.375000,1.382813,1.351563,1.363281,0.936261,20339200
1990-07-27,1.359375,1.359375,1.343750,1.345703,0.924190,11123200
1990-07-30,1.345703,1.359375,1.328125,1.351563,0.928213,27968000
1990-07-31,1.351563,1.355469,1.324219,1.343750,0.922848,32044800
1990-08-01,1.343750,1.365234,1.316406,1.335938,0.917483,41420800
1990-08-02,1.335938,1.339844,1.304688,1.324219,0.909435,25484800
1990-08-03,1.316406,1.316406,1.207031,1.257813,0.863828,90028800
1990-08-06,1.218750,1.218750,1.125000,1.136719,0.780665,70681600
1990-08-07,1.140625,1.187500,1.140625,1.169922,0.803468,48518400
1990-08-08,1.169922,1.203125,1.164063,1.179688,0.810174,79763200
1990-08-09,1.179688,1.210938,1.175781,1.203125,0.826271,40166400
1990-08-10,1.203125,1.203125,1.140625,1.160156,0.796761,40972800
1990-08-13,1.160156,1.183594,1.113281,1.183594,0.812858,34796800
1990-08-14,1.183594,1.214844,1.175781,1.199219,0.823588,24582400
1990-08-15,1.199219,1.230469,1.191406,1.216797,0.835661,30342400
1990-08-16,1.216797,1.226563,1.195313,1.203125,0.826271,35302400
1990-08-17,1.187500,1.187500,1.144531,1.179688,0.810174,51020800
1990-08-20,1.179688,1.187500,1.144531,1.144531,0.786031,40646400
1990-08-21,1.128906,1.128906,1.019531,1.052734,0.722987,105702400
1990-08-22,1.052734,1.070313,0.968750,0.968750,0.665309,86348800
1990-08-23,0.968750,0.968750,0.917969,0.937500,0.643848,67539200
1990-08-24,0.945313,0.976563,0.945313,0.968750,0.665309,46803200
1990-08-27,0.996094,1.066406,0.996094,1.062500,0.729694,47718400
1990-08-28,1.062500,1.066406,1.035156,1.058594,0.727011,33414400
1990-08-29,1.054688,1.054688,1.007813,1.015625,0.697501,41593600
1990-08-30,1.015625,1.027344,0.992188,1.000000,0.686770,29190400
1990-08-31,1.000000,1.031250,0.984375,1.023438,0.702867,23155200
1990-09-04,1.023438,1.078125,1.007813,1.072266,0.736400,37132800
1990-09-05,1.078125,1.121094,1.078125,1.105469,0.759203,32364800
1990-09-06,1.097656,1.097656,1.046875,1.062500,0.729694,38009600
1990-09-07,1.062500,1.078125,1.027344,1.066406,0.732376,39398400
1990-09-10,1.066406,1.109375,1.046875,1.054688,0.726460,30387200
1990-09-11,1.054688,1.109375,1.050781,1.109375,0.764129,46860800
1990-09-12,1.117188,1.144531,1.117188,1.140625,0.785654,35852800
1990-09-13,1.140625,1.164063,1.128906,1.134766,0.781618,50931200
1990-09-14,1.134766,1.179688,1.109375,1.171875,0.807179,49798400
1990-09-17,1.171875,1.187500,1.093750,1.125000,0.774892,92172800
1990-09-18,1.125000,1.125000,1.082031,1.109375,0.764129,46598400
1990-09-19,1.109375,1.132813,1.089844,1.091797,0.752021,29094400
1990-09-20,1.089844,1.089844,1.042969,1.054688,0.726460,41625600
1990-09-21,1.054688,1.074219,1.019531,1.046875,0.721079,37209600
1990-09-24,1.042969,1.042969,1.000000,1.023438,0.704936,27411200
1990-09-25,1.023438,1.042969,1.007813,1.037109,0.714353,36915200
1990-09-26,1.037109,1.039063,0.992188,1.007813,0.694174,36044800
1990-09-27,1.007813,1.015625,0.929688,0.949219,0.653815,72166400
1990-09-28,0.949219,0.988281,0.902344,0.976563,0.672649,49830400
1990-10-01,0.988281,1.039063,0.988281,1.039063,0.715699,39584000
1990-10-02,1.039063,1.060547,1.007813,1.015625,0.699555,37344000
1990-10-03,1.007813,1.007813,0.941406,0.953125,0.656505,52646400
1990-10-04,0.953125,0.988281,0.925781,0.982422,0.676684,33977600
1990-10-05,0.980469,0.980469,0.937500,0.968750,0.667268,61996800
1990-10-08,0.968750,0.992188,0.945313,0.945313,0.651124,20908800
1990-10-09,0.945313,0.945313,0.859375,0.875000,0.602693,31350400
1990-10-10,0.875000,0.937500,0.851563,0.906250,0.624218,36422400
1990-10-11,0.906250,0.921875,0.859375,0.875000,0.602693,42633600
1990-10-12,0.875000,0.941406,0.859375,0.937500,0.645743,36201600
1990-10-15,0.937500,0.968750,0.890625,0.898438,0.618837,29603200
1990-10-16,0.898438,0.921875,0.871094,0.875000,0.602693,17696000
1990-10-17,0.875000,0.875000,0.812500,0.812500,0.559644,33072000
1990-10-18,0.820313,0.875000,0.820313,0.847656,0.583859,35756800
1990-10-19,0.863281,0.898438,0.863281,0.898438,0.618837,25849600
1990-10-22,0.898438,0.941406,0.882813,0.925781,0.637671,21043200
1990-10-23,0.925781,0.941406,0.910156,0.921875,0.634980,18403200
1990-10-24,0.921875,0.929688,0.894531,0.906250,0.624218,10140800
1990-10-25,0.906250,0.921875,0.875000,0.886719,0.610765,11478400
1990-10-26,0.871094,0.871094,0.851563,0.859375,0.591931,7836800
1990-10-29,0.859375,0.863281,0.828125,0.843750,0.581169,12892800
1990-10-30,0.843750,0.843750,0.828125,0.843750,0.581169,8259200
1990-10-31,0.851563,0.875000,0.851563,0.859375,0.591931,6137600
1990-11-01,0.859375,0.882813,0.851563,0.878906,0.605384,8838400
1990-11-02,0.878906,0.902344,0.878906,0.902344,0.621527,8934400
1990-11-05,0.902344,0.910156,0.878906,0.898438,0.618837,9747200
1990-11-06,0.898438,0.914063,0.898438,0.906250,0.624218,14704000
1990-11-07,0.906250,0.914063,0.898438,0.906250,0.624218,32550400
1990-11-08,0.906250,0.941406,0.906250,0.929688,0.640362,11536000
1990-11-09,0.929688,0.949219,0.914063,0.937500,0.645743,9497600
1990-11-12,0.941406,0.992188,0.941406,0.992188,0.683411,14857600
1990-11-13,1.007813,1.042969,1.007813,1.035156,0.713008,22480000
1990-11-14,1.035156,1.089844,1.023438,1.074219,0.739914,17299200
1990-11-15,1.074219,1.089844,1.058594,1.082031,0.745295,15420800
1990-11-16,1.082031,1.097656,1.046875,1.070313,0.737223,12252800
1990-11-19,1.070313,1.089844,1.066406,1.078125,0.742604,8672000
1990-11-20,1.078125,1.085938,1.050781,1.054688,0.726460,10499200
1990-11-21,1.054688,1.062500,1.023438,1.046875,0.721079,10908800
1990-11-23,1.046875,1.070313,1.046875,1.054688,0.726460,3321600
1990-11-26,1.054688,1.089844,1.031250,1.085938,0.747985,8000000
1990-11-27,1.093750,1.125000,1.093750,1.113281,0.766819,10627200
1990-11-28,1.113281,1.140625,1.097656,1.101563,0.758747,11200000
1990-11-29,1.101563,1.132813,1.089844,1.125000,0.774892,14864000
1990-11-30,1.125000,1.132813,1.011719,1.066406,0.734532,83744000
1990-12-03,1.078125,1.105469,1.078125,1.097656,0.756057,22774400
1990-12-04,1.097656,1.121094,1.093750,1.117188,0.769510,15449600
1990-12-05,1.117188,1.171875,1.113281,1.156250,0.796416,17200000
1990-12-06,1.156250,1.187500,1.128906,1.140625,0.785654,31971200
1990-12-07,1.140625,1.171875,1.125000,1.160156,0.799107,14108800
1990-12-10,1.160156,1.164063,1.140625,1.140625,0.788631,9635200
1990-12-11,1.140625,1.148438,1.101563,1.117188,0.772427,11475200
1990-12-12,1.144531,1.195313,1.144531,1.175781,0.812938,32547200
1990-12-13,1.179688,1.210938,1.179688,1.179688,0.815639,24921600
1990-12-14,1.179688,1.203125,1.164063,1.195313,0.826442,13443200
1990-12-17,1.195313,1.203125,1.132813,1.152344,0.796733,24134400
1990-12-18,1.152344,1.199219,1.152344,1.195313,0.826442,21004800
1990-12-19,1.195313,1.230469,1.195313,1.226563,0.848048,21254400
1990-12-20,1.226563,1.242188,1.203125,1.230469,0.850749,17043200
1990-12-21,1.230469,1.257813,1.226563,1.253906,0.866954,12598400
1990-12-24,1.253906,1.253906,1.242188,1.246094,0.861552,3820800
1990-12-26,1.246094,1.257813,1.238281,1.253906,0.866954,7033600
1990-12-27,1.253906,1.253906,1.226563,1.226563,0.848048,8272000
1990-12-28,1.226563,1.234375,1.222656,1.226563,0.848048,5027200
1990-12-31,1.226563,1.257813,1.210938,1.257813,0.869654,6096000
1991-01-02,1.257813,1.265625,1.246094,1.250000,0.864253,11961600
1991-01-03,1.250000,1.253906,1.187500,1.191406,0.823741,11593600
1991-01-04,1.183594,1.183594,1.136719,1.167969,0.807536,16348800
1991-01-07,1.156250,1.156250,1.132813,1.136719,0.785931,9507200
1991-01-08,1.136719,1.148438,1.128906,1.144531,0.791332,7577600
1991-01-09,1.144531,1.183594,1.128906,1.136719,0.785931,12288000
1991-01-10,1.140625,1.171875,1.140625,1.171875,0.810237,9891200
1991-01-11,1.171875,1.179688,1.132813,1.136719,0.785931,5347200
1991-01-14,1.125000,1.125000,1.101563,1.109375,0.767025,8281600
1991-01-15,1.109375,1.152344,1.105469,1.152344,0.796733,10643200
1991-01-16,1.152344,1.222656,1.152344,1.195313,0.826442,21116800
1991-01-17,1.230469,1.320313,1.230469,1.296875,0.896663,36867200
1991-01-18,1.296875,1.351563,1.277344,1.343750,0.929072,24278400
1991-01-21,1.343750,1.367188,1.324219,1.359375,0.939875,14121600
1991-01-22,1.359375,1.402344,1.332031,1.335938,0.923671,19504000
1991-01-23,1.335938,1.382813,1.328125,1.382813,0.956080,16108800
1991-01-24,1.382813,1.410156,1.351563,1.355469,0.937174,21667200
1991-01-25,1.355469,1.359375,1.328125,1.343750,0.929072,8438400
1991-01-28,1.343750,1.359375,1.320313,1.351563,0.934474,8400000
1991-01-29,1.351563,1.386719,1.343750,1.367188,0.945277,12489600
1991-01-30,1.375000,1.402344,1.375000,1.402344,0.969584,10422400
1991-01-31,1.402344,1.492188,1.402344,1.492188,1.031703,15865600
1991-02-01,1.492188,1.515625,1.410156,1.437500,0.993892,14323200
1991-02-04,1.437500,1.515625,1.417969,1.496094,1.034403,14988800
1991-02-05,1.496094,1.507813,1.472656,1.488281,1.029002,25020800
1991-02-06,1.488281,1.582031,1.472656,1.578125,1.091119,18297600
1991-02-07,1.578125,1.683594,1.531250,1.562500,1.080317,29667200
1991-02-08,1.558594,1.558594,1.519531,1.531250,1.058710,12640000
1991-02-11,1.531250,1.578125,1.531250,1.570313,1.085718,13296000
1991-02-12,1.570313,1.605469,1.546875,1.574219,1.088419,12816000
1991-02-13,1.574219,1.589844,1.562500,1.589844,1.099222,5843200
1991-02-14,1.589844,1.597656,1.414063,1.457031,1.007395,57488000
1991-02-15,1.457031,1.476563,1.390625,1.402344,0.969584,41075200
1991-02-19,1.402344,1.476563,1.359375,1.464844,1.012797,24947200
1991-02-20,1.460938,1.460938,1.429688,1.429688,0.988489,13590400
1991-02-21,1.429688,1.449219,1.417969,1.429688,0.988489,12547200
1991-02-22,1.429688,1.507813,1.429688,1.492188,1.031703,16304000
1991-02-25,1.500000,1.535156,1.500000,1.523438,1.053308,12896000
1991-02-26,1.523438,1.539063,1.500000,1.511719,1.045206,8598400
1991-02-27,1.511719,1.542969,1.511719,1.535156,1.061411,9360000
1991-02-28,1.535156,1.535156,1.500000,1.500000,1.037104,7228800
1991-03-01,1.500000,1.511719,1.460938,1.511719,1.045206,6048000
1991-03-04,1.511719,1.558594,1.492188,1.550781,1.072214,7507200
1991-03-05,1.550781,1.574219,1.539063,1.554688,1.074915,11593600
1991-03-06,1.570313,1.585938,1.570313,1.574219,1.088419,14188800
1991-03-07,1.574219,1.621094,1.570313,1.613281,1.115427,7184000
1991-03-08,1.617188,1.703125,1.617188,1.648438,1.139734,14217600
1991-03-11,1.648438,1.664063,1.625000,1.632813,1.129314,5155200
1991-03-12,1.632813,1.664063,1.613281,1.628906,1.126613,8870400
1991-03-13,1.625000,1.625000,1.601563,1.613281,1.115806,6179200
1991-03-14,1.613281,1.652344,1.613281,1.613281,1.115806,8508800
1991-03-15,1.613281,1.621094,1.562500,1.562500,1.080683,14643200
1991-03-18,1.558594,1.558594,1.468750,1.484375,1.026649,46121600
1991-03-19,1.433594,1.433594,1.367188,1.429688,0.988825,57094400
1991-03-20,1.429688,1.437500,1.410156,1.414063,0.978019,18745600
1991-03-21,1.414063,1.425781,1.378906,1.378906,0.953703,12281600
1991-03-22,1.378906,1.410156,1.375000,1.406250,0.972614,17369600
1991-03-25,1.406250,1.429688,1.402344,1.417969,0.980720,11692800
1991-03-26,1.417969,1.429688,1.402344,1.421875,0.983422,13369600
1991-03-27,1.421875,1.453125,1.417969,1.421875,0.983422,10204800
1991-03-28,1.425781,1.445313,1.425781,1.441406,0.996931,7177600
1991-04-01,1.441406,1.449219,1.414063,1.425781,0.986124,6262400
1991-04-02,1.425781,1.441406,1.425781,1.433594,0.991527,8140800
1991-04-03,1.417969,1.417969,1.343750,1.347656,0.932090,38345600
1991-04-04,1.359375,1.402344,1.359375,1.378906,0.953703,38761600
1991-04-05,1.382813,1.402344,1.382813,1.386719,0.959107,12480000
1991-04-08,1.386719,1.394531,1.382813,1.394531,0.964510,8614400
1991-04-09,1.394531,1.398438,1.332031,1.359375,0.940194,16985600
1991-04-10,1.359375,1.375000,1.335938,1.351563,0.934791,8675200
1991-04-11,1.351563,1.402344,1.351563,1.390625,0.961808,12208000
1991-04-12,1.390625,1.406250,1.367188,1.371094,0.948300,11347200
1991-04-15,1.371094,1.390625,1.355469,1.359375,0.940194,6227200
1991-04-16,1.359375,1.386719,1.347656,1.378906,0.953703,13731200
1991-04-17,1.378906,1.445313,1.367188,1.437500,0.994229,20982400
1991-04-18,1.437500,1.507813,1.437500,1.468750,1.015842,18585600
1991-04-19,1.468750,1.468750,1.441406,1.464844,1.013141,9452800
1991-04-22,1.464844,1.496094,1.429688,1.480469,1.023948,18380800
1991-04-23,1.488281,1.527344,1.488281,1.519531,1.050964,12915200
1991-04-24,1.527344,1.570313,1.527344,1.554688,1.075280,21104000
1991-04-25,1.554688,1.554688,1.531250,1.535156,1.061772,12358400
1991-04-26,1.531250,1.531250,1.480469,1.503906,1.040158,10288000
1991-04-29,1.503906,1.531250,1.492188,1.492188,1.032053,6528000
1991-04-30,1.492188,1.515625,1.476563,1.484375,1.026649,13481600
1991-05-01,1.484375,1.511719,1.480469,1.507813,1.042859,12851200
1991-05-02,1.511719,1.531250,1.511719,1.519531,1.050964,7744000
1991-05-03,1.519531,1.535156,1.511719,1.523438,1.053666,7564800
1991-05-06,1.523438,1.523438,1.503906,1.523438,1.053666,5430400
1991-05-07,1.523438,1.542969,1.515625,1.515625,1.048263,8003200
1991-05-08,1.515625,1.515625,1.429688,1.445313,0.999632,37308800
1991-05-09,1.445313,1.476563,1.445313,1.457031,1.007737,20675200
1991-05-10,1.457031,1.460938,1.394531,1.406250,0.972614,23433600
1991-05-13,1.402344,1.402344,1.355469,1.363281,0.942896,11593600
1991-05-14,1.363281,1.363281,1.328125,1.347656,0.932090,20208000
1991-05-15,1.339844,1.339844,1.265625,1.281250,0.886161,21558400
1991-05-16,1.281250,1.304688,1.281250,1.289063,0.891564,23462400
1991-05-17,1.285156,1.285156,1.238281,1.242188,0.859144,29977600
1991-05-20,1.242188,1.246094,1.195313,1.199219,0.829425,42400000
1991-05-21,1.199219,1.253906,1.195313,1.218750,0.842933,25884800
1991-05-22,1.218750,1.242188,1.191406,1.207031,0.834828,21315200
1991-05-23,1.207031,1.234375,1.207031,1.230469,0.851039,20508800
1991-05-24,1.230469,1.250000,1.226563,1.250000,0.864547,10083200
1991-05-28,1.250000,1.265625,1.230469,1.230469,0.851039,15555200
1991-05-29,1.230469,1.234375,1.210938,1.214844,0.840231,12358400
1991-05-30,1.214844,1.222656,1.195313,1.199219,0.829425,18438400
1991-05-31,1.203125,1.250000,1.203125,1.242188,0.859144,31040000
1991-06-03,1.242188,1.277344,1.242188,1.257813,0.869951,33267200
1991-06-04,1.257813,1.261719,1.230469,1.257813,0.869951,22611200
1991-06-05,1.257813,1.304688,1.257813,1.300781,0.899669,20153600
1991-06-06,1.300781,1.300781,1.277344,1.285156,0.888862,7916800
1991-06-07,1.277344,1.277344,1.234375,1.238281,0.856442,10784000
1991-06-10,1.230469,1.230469,1.207031,1.207031,0.835206,12102400
1991-06-11,1.207031,1.214844,1.156250,1.171875,0.810879,16297600
1991-06-12,1.171875,1.195313,1.148438,1.191406,0.824394,15676800
1991-06-13,1.191406,1.207031,1.179688,1.207031,0.835206,14521600
1991-06-14,1.210938,1.226563,1.210938,1.210938,0.837909,12883200
1991-06-17,1.207031,1.207031,1.187500,1.195313,0.827097,4982400
1991-06-18,1.195313,1.222656,1.195313,1.199219,0.829800,10691200
1991-06-19,1.191406,1.191406,1.164063,1.171875,0.810879,13017600
1991-06-20,1.171875,1.187500,1.164063,1.175781,0.813583,12896000
1991-06-21,1.175781,1.187500,1.175781,1.183594,0.818988,9750400
1991-06-24,1.183594,1.183594,1.175781,1.175781,0.813583,5820800
1991-06-25,1.175781,1.187500,1.175781,1.179688,0.816285,7673600
1991-06-26,1.179688,1.183594,1.160156,1.164063,0.805473,10432000
1991-06-27,1.164063,1.167969,1.097656,1.121094,0.775741,18774400
1991-06-28,1.121094,1.136719,1.117188,1.128906,0.781148,9606400
1991-07-01,1.128906,1.144531,1.125000,1.132813,0.783850,8108800
1991-07-02,1.132813,1.148438,1.117188,1.121094,0.775741,18524800
1991-07-03,1.121094,1.136719,1.109375,1.125000,0.778444,23462400
1991-07-05,1.125000,1.144531,1.125000,1.144531,0.791959,5430400
1991-07-08,1.144531,1.214844,1.136719,1.214844,0.840612,20636800
1991-07-09,1.230469,1.292969,1.230469,1.289063,0.891967,21952000
1991-07-10,1.289063,1.363281,1.234375,1.328125,0.918997,56496000
1991-07-11,1.328125,1.351563,1.300781,1.324219,0.916294,19299200
1991-07-12,1.324219,1.359375,1.324219,1.355469,0.937917,14531200
1991-07-15,1.355469,1.371094,1.351563,1.351563,0.935214,10092800
1991-07-16,1.351563,1.359375,1.300781,1.312500,0.908185,14985600
1991-07-17,1.312500,1.320313,1.304688,1.312500,0.908185,6985600
1991-07-18,1.312500,1.355469,1.312500,1.347656,0.932512,10723200
1991-07-19,1.347656,1.351563,1.335938,1.335938,0.924402,9344000
1991-07-22,1.335938,1.359375,1.320313,1.351563,0.935214,11680000
1991-07-23,1.351563,1.371094,1.328125,1.332031,0.921700,5603200
1991-07-24,1.332031,1.343750,1.328125,1.332031,0.921700,6608000
1991-07-25,1.332031,1.335938,1.296875,1.320313,0.913591,4396800
1991-07-26,1.320313,1.339844,1.320313,1.335938,0.924402,2217600
1991-07-29,1.335938,1.339844,1.320313,1.320313,0.913591,9849600
1991-07-30,1.320313,1.320313,1.304688,1.304688,0.902779,9120000
1991-07-31,1.304688,1.363281,1.304688,1.363281,0.943323,15628800
1991-08-01,1.363281,1.406250,1.343750,1.402344,0.970352,19712000
1991-08-02,1.402344,1.414063,1.367188,1.367188,0.946026,6230400
1991-08-05,1.355469,1.355469,1.339844,1.339844,0.927105,7081600
1991-08-06,1.339844,1.390625,1.320313,1.382813,0.956838,16633600
1991-08-07,1.382813,1.398438,1.355469,1.363281,0.943323,9414400
1991-08-08,1.367188,1.402344,1.367188,1.394531,0.964947,12441600
1991-08-09,1.394531,1.394531,1.378906,1.382813,0.956838,6758400
1991-08-12,1.382813,1.402344,1.367188,1.398438,0.967649,7612800
1991-08-13,1.402344,1.460938,1.402344,1.433594,0.991976,29312000
1991-08-14,1.445313,1.484375,1.445313,1.476563,1.021708,29894400
1991-08-15,1.476563,1.515625,1.476563,1.503906,1.040628,23014400
1991-08-16,1.503906,1.519531,1.433594,1.460938,1.010896,18835200
1991-08-19,1.414063,1.414063,1.359375,1.406250,0.973055,24022400
1991-08-20,1.406250,1.429688,1.390625,1.414063,0.978461,12748800
1991-08-21,1.441406,1.507813,1.441406,1.507813,1.043331,14966400
1991-08-22,1.507813,1.507813,1.492188,1.500000,1.037926,5744000
1991-08-23,1.500000,1.539063,1.488281,1.523438,1.054143,12112000
1991-08-26,1.523438,1.527344,1.492188,1.492188,1.032520,7648000
1991-08-27,1.488281,1.488281,1.457031,1.480469,1.024411,6947200
1991-08-28,1.480469,1.539063,1.472656,1.527344,1.056846,8640000
1991-08-29,1.527344,1.535156,1.507813,1.523438,1.054143,6726400
1991-08-30,1.531250,1.562500,1.531250,1.558594,1.078470,10681600
1991-09-03,1.558594,1.601563,1.550781,1.554688,1.075767,23110400
1991-09-04,1.554688,1.562500,1.515625,1.539063,1.064955,7020800
1991-09-05,1.539063,1.546875,1.515625,1.523438,1.054143,5939200
1991-09-06,1.523438,1.539063,1.507813,1.527344,1.056846,13139200
1991-09-09,1.527344,1.535156,1.511719,1.519531,1.051826,2611200
1991-09-10,1.519531,1.523438,1.484375,1.492188,1.032899,4054400
1991-09-11,1.492188,1.500000,1.480469,1.492188,1.032899,5724800
1991-09-12,1.492188,1.507813,1.484375,1.503906,1.041010,10809600
1991-09-13,1.503906,1.527344,1.492188,1.503906,1.041010,8963200
1991-09-16,1.554688,1.605469,1.554688,1.597656,1.105904,40179200
1991-09-17,1.597656,1.621094,1.585938,1.605469,1.111312,16784000
1991-09-18,1.605469,1.609375,1.582031,1.601563,1.108608,8633600
1991-09-19,1.601563,1.625000,1.593750,1.609375,1.114016,11030400
1991-09-20,1.609375,1.636719,1.601563,1.609375,1.114016,20880000
1991-09-23,1.617188,1.636719,1.617188,1.632813,1.130240,7465600
1991-09-24,1.632813,1.648438,1.601563,1.640625,1.135647,9033600
1991-09-25,1.640625,1.703125,1.640625,1.703125,1.178910,14384000
1991-09-26,1.703125,1.707031,1.667969,1.675781,1.159982,9097600
1991-09-27,1.675781,1.695313,1.667969,1.675781,1.159982,8009600
1991-09-30,1.675781,1.695313,1.660156,1.691406,1.170799,6700800
1991-10-01,1.691406,1.726563,1.683594,1.707031,1.181615,15376000
1991-10-02,1.707031,1.714844,1.636719,1.640625,1.135647,9417600
1991-10-03,1.640625,1.640625,1.578125,1.582031,1.095088,16924800
1991-10-04,1.582031,1.601563,1.582031,1.593750,1.103200,8784000
1991-10-07,1.593750,1.613281,1.578125,1.593750,1.103200,4825600
1991-10-08,1.593750,1.593750,1.546875,1.550781,1.073457,14281600
1991-10-09,1.554688,1.605469,1.554688,1.593750,1.103200,20739200
1991-10-10,1.593750,1.613281,1.570313,1.605469,1.111312,13225600
1991-10-11,1.601563,1.601563,1.574219,1.585938,1.097792,10953600
1991-10-14,1.589844,1.644531,1.589844,1.640625,1.135647,11372800
1991-10-15,1.640625,1.664063,1.628906,1.648438,1.141055,10643200
1991-10-16,1.648438,1.656250,1.640625,1.648438,1.141055,8483200
1991-10-17,1.648438,1.695313,1.625000,1.687500,1.168095,24400000
1991-10-18,1.687500,1.734375,1.683594,1.714844,1.187022,12758400
1991-10-21,1.710938,1.710938,1.664063,1.699219,1.176206,7209600
1991-10-22,1.699219,1.730469,1.691406,1.691406,1.170799,6841600
1991-10-23,1.687500,1.687500,1.667969,1.679688,1.162687,5593600
1991-10-24,1.679688,1.679688,1.609375,1.625000,1.124831,6316800
1991-10-25,1.625000,1.648438,1.625000,1.632813,1.130240,4758400
1991-10-28,1.632813,1.691406,1.632813,1.687500,1.168095,9382400
1991-10-29,1.687500,1.734375,1.683594,1.714844,1.187022,7315200
1991-10-30,1.714844,1.730469,1.707031,1.726563,1.195134,5363200
1991-10-31,1.726563,1.765625,1.718750,1.726563,1.195134,10835200
1991-11-01,1.734375,1.757813,1.734375,1.742188,1.205950,7296000
1991-11-04,1.742188,1.757813,1.707031,1.757813,1.216765,8025600
1991-11-05,1.761719,1.804688,1.761719,1.804688,1.249212,9788800
1991-11-06,1.804688,1.804688,1.769531,1.796875,1.243804,8934400
1991-11-07,1.796875,1.820313,1.781250,1.812500,1.254620,7977600
1991-11-08,1.820313,1.871094,1.820313,1.847656,1.278955,11760000
1991-11-11,1.843750,1.867188,1.832031,1.859375,1.287067,7968000
1991-11-12,1.871094,1.917969,1.863281,1.910156,1.322219,17088000
1991-11-13,1.890625,1.953125,1.859375,1.945313,1.346554,19635200
1991-11-14,1.945313,1.960938,1.875000,1.875000,1.297884,14371200
1991-11-15,1.867188,1.871094,1.804688,1.804688,1.249212,15104000
1991-11-18,1.812500,1.867188,1.757813,1.867188,1.292475,13542400
1991-11-19,1.851563,1.851563,1.734375,1.781250,1.232988,15472000
1991-11-20,1.796875,1.800781,1.750000,1.777344,1.230285,7382400
1991-11-21,1.777344,1.863281,1.769531,1.851563,1.281659,7788800
1991-11-22,1.867188,1.894531,1.847656,1.847656,1.278955,7212800
1991-11-25,1.863281,1.867188,1.828125,1.835938,1.270844,8297600
1991-11-26,1.843750,1.863281,1.796875,1.839844,1.273547,10038400
1991-11-27,1.839844,1.851563,1.824219,1.835938,1.270844,12582400
1991-11-29,1.832031,1.851563,1.816406,1.839844,1.273547,2265600
1991-12-02,1.824219,1.890625,1.812500,1.890625,1.308698,5907200
1991-12-03,1.886719,1.933594,1.875000,1.875000,1.297884,10272000
1991-12-04,1.875000,1.875000,1.820313,1.832031,1.268140,13692800
1991-12-05,1.832031,1.847656,1.792969,1.800781,1.246509,5788800
1991-12-06,1.796875,1.851563,1.789063,1.816406,1.257323,7564800
1991-12-09,1.824219,1.839844,1.816406,1.835938,1.271257,3337600
1991-12-10,1.835938,1.859375,1.832031,1.839844,1.273961,4163200
1991-12-11,1.847656,1.867188,1.828125,1.851563,1.282075,3872000
1991-12-12,1.859375,1.875000,1.824219,1.863281,1.290190,7827200
1991-12-13,1.875000,1.937500,1.871094,1.933594,1.338877,12809600
1991-12-16,1.984375,2.031250,1.957031,2.015625,1.395677,15705600
1991-12-17,2.039063,2.039063,2.015625,2.019531,1.398382,12998400
1991-12-18,2.019531,2.019531,1.988281,1.996094,1.382153,10620800
1991-12-19,1.988281,2.007813,1.953125,1.960938,1.357810,8598400
1991-12-20,1.992188,1.992188,1.957031,1.960938,1.357810,8531200
1991-12-23,1.960938,2.023438,1.949219,2.019531,1.398382,10908800
1991-12-24,2.031250,2.101563,2.023438,2.085938,1.444363,7875200
1991-12-26,2.093750,2.195313,2.093750,2.171875,1.503869,8822400
1991-12-27,2.171875,2.242188,2.171875,2.226563,1.541737,8521600
1991-12-30,2.234375,2.328125,2.207031,2.328125,1.612061,9644800
1991-12-31,2.320313,2.367188,2.242188,2.261719,1.566080,12684800
1992-01-02,2.218750,2.281250,2.171875,2.269531,1.571489,15763200
1992-01-03,2.281250,2.320313,2.246094,2.281250,1.579604,8844800
1992-01-06,2.265625,2.277344,2.218750,2.230469,1.544441,14140800
1992-01-07,2.230469,2.230469,2.195313,2.210938,1.530917,8633600
1992-01-08,2.210938,2.250000,2.171875,2.199219,1.522803,16582400
1992-01-09,2.222656,2.242188,2.207031,2.218750,1.536327,5763200
1992-01-10,2.210938,2.265625,2.203125,2.261719,1.566080,7152000
1992-01-13,2.253906,2.265625,2.210938,2.226563,1.541737,6195200
1992-01-14,2.222656,2.335938,2.222656,2.335938,1.617471,15520000
1992-01-15,2.375000,2.421875,2.359375,2.398438,1.660748,19667200
1992-01-16,2.406250,2.414063,2.320313,2.335938,1.617471,16854400
1992-01-17,2.343750,2.347656,2.277344,2.335938,1.617471,12467200
1992-01-20,2.343750,2.343750,2.300781,2.320313,1.606652,4140800
1992-01-21,2.312500,2.328125,2.261719,2.269531,1.571489,6409600
1992-01-22,2.277344,2.328125,2.273438,2.328125,1.612061,4528000
1992-01-23,2.328125,2.343750,2.292969,2.304688,1.595833,5692800
1992-01-24,2.304688,2.320313,2.281250,2.281250,1.579604,6822400
1992-01-27,2.285156,2.300781,2.261719,2.265625,1.568784,7148800
1992-01-28,2.273438,2.320313,2.273438,2.289063,1.585015,9292800
1992-01-29,2.296875,2.300781,2.214844,2.214844,1.533622,8396800
1992-01-30,2.222656,2.320313,2.222656,2.320313,1.606652,10102400
1992-01-31,2.312500,2.328125,2.273438,2.300781,1.593128,7513600
1992-02-03,2.308594,2.355469,2.296875,2.347656,1.625586,5088000
1992-02-04,2.343750,2.359375,2.328125,2.335938,1.617471,5491200
1992-02-05,2.351563,2.417969,2.339844,2.367188,1.639110,9948800
1992-02-06,2.375000,2.406250,2.347656,2.359375,1.633700,5926400
1992-02-07,2.363281,2.371094,2.296875,2.328125,1.612061,4534400
1992-02-10,2.320313,2.382813,2.308594,2.382813,1.649929,4188800
1992-02-11,2.386719,2.390625,2.335938,2.343750,1.622881,3715200
1992-02-12,2.335938,2.355469,2.312500,2.328125,1.612061,4828800
1992-02-13,2.332031,2.351563,2.320313,2.335938,1.617471,6966400
1992-02-14,2.328125,2.347656,2.312500,2.328125,1.612061,4326400
1992-02-18,2.328125,2.355469,2.316406,2.328125,1.612061,6870400
1992-02-19,2.312500,2.312500,2.230469,2.230469,1.544441,8464000
1992-02-20,2.242188,2.296875,2.238281,2.253906,1.560670,8678400
1992-02-21,2.234375,2.242188,2.132813,2.164063,1.498460,14684800
1992-02-24,2.164063,2.167969,2.125000,2.160156,1.495755,9360000
1992-02-25,2.148438,2.175781,2.113281,2.175781,1.506575,7094400
1992-02-26,2.179688,2.269531,2.171875,2.250000,1.557966,9235200
1992-02-27,2.273438,2.296875,2.250000,2.269531,1.571489,7340800
1992-02-28,2.273438,2.296875,2.253906,2.281250,1.579604,6886400
1992-03-02,2.289063,2.300781,2.265625,2.281250,1.579604,5027200
1992-03-03,2.289063,2.308594,2.285156,2.308594,1.598537,5814400
1992-03-04,2.308594,2.312500,2.292969,2.300781,1.593128,3190400
1992-03-05,2.296875,2.304688,2.273438,2.277344,1.576899,4172800
1992-03-06,2.269531,2.273438,2.210938,2.226563,1.541737,6771200
1992-03-09,2.210938,2.214844,2.179688,2.183594,1.512385,7305600
1992-03-10,2.187500,2.257813,2.187500,2.242188,1.552967,7216000
1992-03-11,2.234375,2.277344,2.226563,2.226563,1.542146,9670400
1992-03-12,2.234375,2.234375,2.199219,2.230469,1.544850,4944000
1992-03-13,2.234375,2.339844,2.234375,2.316406,1.604372,10659200
1992-03-16,2.250000,2.277344,2.175781,2.203125,1.525912,19014400
1992-03-17,2.214844,2.238281,2.203125,2.203125,1.525912,13708800
1992-03-18,2.210938,2.210938,2.140625,2.179688,1.509679,12054400
1992-03-19,2.171875,2.179688,2.109375,2.113281,1.463685,12579200
1992-03-20,2.113281,2.117188,2.054688,2.089844,1.447452,22268800
1992-03-23,2.089844,2.089844,2.074219,2.078125,1.439336,4640000
1992-03-24,2.085938,2.109375,2.074219,2.078125,1.439336,8156800
1992-03-25,2.082031,2.105469,2.074219,2.089844,1.447452,8819200
1992-03-26,2.097656,2.105469,2.089844,2.093750,1.450158,5094400
1992-03-27,2.089844,2.089844,2.039063,2.042969,1.414986,5952000
1992-03-30,2.050781,2.109375,2.050781,2.097656,1.452863,6272000
1992-03-31,2.101563,2.117188,2.097656,2.105469,1.458274,4540800
1992-04-01,2.093750,2.117188,2.082031,2.117188,1.466391,6313600
1992-04-02,2.117188,2.132813,2.109375,2.117188,1.466391,7539200
1992-04-03,2.121094,2.125000,2.097656,2.109375,1.460980,6412800
1992-04-06,2.113281,2.128906,2.089844,2.125000,1.471803,6579200
1992-04-07,2.132813,2.132813,2.082031,2.085938,1.444746,3523200
1992-04-08,2.085938,2.085938,2.000000,2.023438,1.401459,11497600
1992-04-09,2.031250,2.062500,2.003906,2.046875,1.417692,15660800
1992-04-10,2.050781,2.085938,2.042969,2.085938,1.444746,12294400
1992-04-13,2.085938,2.140625,2.078125,2.136719,1.479919,7977600
1992-04-14,2.160156,2.210938,2.156250,2.175781,1.506974,11712000
1992-04-15,2.187500,2.242188,2.183594,2.222656,1.539440,8364800
1992-04-16,2.230469,2.230469,2.171875,2.191406,1.517796,7484800
1992-04-20,2.187500,2.187500,2.101563,2.125000,1.471803,8252800
1992-04-21,2.125000,2.125000,2.054688,2.078125,1.439336,9376000
1992-04-22,2.085938,2.085938,2.039063,2.058594,1.425809,11718400
1992-04-23,2.066406,2.089844,2.031250,2.046875,1.417692,10518400
1992-04-24,2.054688,2.062500,2.003906,2.007813,1.390636,6832000
1992-04-27,1.929688,1.929688,1.906250,1.925781,1.333821,38451200
1992-04-28,1.925781,1.929688,1.835938,1.886719,1.306765,26294400
1992-04-29,1.886719,1.917969,1.867188,1.902344,1.317587,20662400
1992-04-30,1.906250,1.984375,1.906250,1.957031,1.355465,16624000
1992-05-01,1.964844,1.976563,1.890625,1.914063,1.325704,15027200
1992-05-04,1.914063,1.972656,1.906250,1.953125,1.352759,7100800
1992-05-05,1.964844,2.011719,1.953125,1.996094,1.382520,11174400
1992-05-06,2.015625,2.023438,2.000000,2.011719,1.393342,10393600
1992-05-07,2.007813,2.007813,1.968750,1.992188,1.379814,6534400
1992-05-08,2.000000,2.003906,1.968750,1.984375,1.374403,2864000
1992-05-11,1.992188,2.039063,1.988281,2.035156,1.409575,5404800
1992-05-12,2.039063,2.054688,2.023438,2.054688,1.423102,5913600
1992-05-13,2.062500,2.062500,2.042969,2.042969,1.414986,5075200
1992-05-14,2.031250,2.031250,1.867188,1.902344,1.317587,22124800
1992-05-15,1.875000,1.890625,1.792969,1.820313,1.260772,33132800
1992-05-18,1.824219,1.902344,1.824219,1.898438,1.314882,14204800
1992-05-19,1.898438,1.921875,1.894531,1.914063,1.325704,6435200
1992-05-20,1.925781,1.925781,1.898438,1.914063,1.325704,7859200
1992-05-21,1.890625,1.890625,1.859375,1.863281,1.290532,9804800
1992-05-22,1.863281,1.882813,1.824219,1.835938,1.271593,9564800
1992-05-26,1.835938,1.855469,1.824219,1.851563,1.282415,8131200
1992-05-27,1.843750,1.847656,1.828125,1.839844,1.274299,4742400
1992-05-28,1.832031,1.835938,1.773438,1.796875,1.244538,15107200
1992-05-29,1.800781,1.835938,1.800781,1.812500,1.255360,13379200
1992-06-01,1.816406,1.859375,1.800781,1.843750,1.277005,11696000
1992-06-02,1.843750,1.843750,1.816406,1.824219,1.263477,8064000
1992-06-03,1.816406,1.855469,1.816406,1.839844,1.274299,7968000
1992-06-04,1.855469,1.855469,1.785156,1.785156,1.236422,6950400
1992-06-05,1.777344,1.777344,1.750000,1.769531,1.225600,19292800
1992-06-08,1.777344,1.800781,1.773438,1.792969,1.242247,7008000
1992-06-09,1.796875,1.812500,1.769531,1.781250,1.234128,6323200
1992-06-10,1.777344,1.796875,1.765625,1.765625,1.223302,5635200
1992-06-11,1.773438,1.808594,1.761719,1.804688,1.250366,4588800
1992-06-12,1.816406,1.820313,1.796875,1.796875,1.244954,5504000
1992-06-15,1.781250,1.828125,1.777344,1.808594,1.253072,6928000
1992-06-16,1.816406,1.835938,1.777344,1.777344,1.231422,5056000
1992-06-17,1.761719,1.761719,1.722656,1.738281,1.204357,8892800
1992-06-18,1.746094,1.773438,1.730469,1.765625,1.223302,6329600
1992-06-19,1.769531,1.785156,1.742188,1.761719,1.220595,6678400
1992-06-22,1.753906,1.765625,1.734375,1.757813,1.217889,3395200
1992-06-23,1.757813,1.781250,1.753906,1.773438,1.228716,4307200
1992-06-24,1.777344,1.785156,1.718750,1.726563,1.196238,10518400
1992-06-25,1.742188,1.789063,1.742188,1.785156,1.236834,13132800
1992-06-26,1.789063,1.875000,1.789063,1.863281,1.290962,9984000
1992-06-29,1.855469,1.925781,1.855469,1.914063,1.326146,6950400
1992-06-30,1.917969,1.960938,1.914063,1.941406,1.345091,7990400
1992-07-01,1.945313,1.953125,1.921875,1.945313,1.347798,7200000
1992-07-02,1.933594,1.933594,1.875000,1.894531,1.312614,10697600
1992-07-06,1.894531,1.968750,1.875000,1.960938,1.358623,9187200
1992-07-07,1.953125,1.980469,1.867188,1.867188,1.293669,10342400
1992-07-08,1.906250,2.078125,1.906250,2.066406,1.431697,30691200
1992-07-09,2.023438,2.074219,2.023438,2.054688,1.423577,10684800
1992-07-10,2.062500,2.140625,2.062500,2.128906,1.474999,8153600
1992-07-13,2.132813,2.136719,2.097656,2.125000,1.472294,7680000
1992-07-14,2.125000,2.132813,2.101563,2.117188,1.466880,6537600
1992-07-15,2.109375,2.125000,2.109375,2.121094,1.469586,3257600
1992-07-16,2.113281,2.125000,2.089844,2.125000,1.472294,5648000
1992-07-17,2.121094,2.125000,2.089844,2.125000,1.472294,6416000
1992-07-20,2.109375,2.171875,2.085938,2.167969,1.502064,9376000
1992-07-21,2.179688,2.191406,2.171875,2.179688,1.510183,8688000
1992-07-22,2.171875,2.171875,2.109375,2.121094,1.469586,8649600
1992-07-23,2.117188,2.136719,2.109375,2.121094,1.469586,4854400
1992-07-24,2.105469,2.125000,2.097656,2.113281,1.464173,2832000
1992-07-27,2.105469,2.156250,2.105469,2.156250,1.493944,3561600
1992-07-28,2.152344,2.195313,2.148438,2.183594,1.512889,11209600
1992-07-29,2.187500,2.250000,2.187500,2.246094,1.556192,18313600
1992-07-30,2.230469,2.242188,2.218750,2.222656,1.539954,7296000
1992-07-31,2.203125,2.257813,2.179688,2.242188,1.553485,8640000
1992-08-03,2.234375,2.289063,2.230469,2.285156,1.583255,8745600
1992-08-04,2.273438,2.277344,2.226563,2.257813,1.564312,11801600
1992-08-05,2.250000,2.253906,2.238281,2.242188,1.553485,4793600
1992-08-06,2.242188,2.250000,2.226563,2.230469,1.545366,2732800
1992-08-07,2.222656,2.281250,2.222656,2.250000,1.558898,6985600
1992-08-10,2.242188,2.242188,2.203125,2.222656,1.539954,2601600
1992-08-11,2.214844,2.214844,2.187500,2.203125,1.526421,7292800
1992-08-12,2.203125,2.203125,2.164063,2.175781,1.507477,4355200
1992-08-13,2.167969,2.230469,2.167969,2.230469,1.545366,5974400
1992-08-14,2.230469,2.230469,2.199219,2.203125,1.526421,3132800
1992-08-17,2.195313,2.199219,2.171875,2.187500,1.515595,4857600
1992-08-18,2.179688,2.218750,2.167969,2.203125,1.526421,5164800
1992-08-19,2.210938,2.230469,2.207031,2.214844,1.534540,4409600
1992-08-20,2.222656,2.226563,2.191406,2.191406,1.518302,4896000
1992-08-21,2.195313,2.210938,2.191406,2.199219,1.523715,7734400
1992-08-24,2.187500,2.191406,2.171875,2.175781,1.507477,4873600
1992-08-25,2.167969,2.210938,2.140625,2.210938,1.531834,7952000
1992-08-26,2.203125,2.218750,2.187500,2.210938,1.531834,2492800
1992-08-27,2.203125,2.242188,2.203125,2.226563,1.542660,5478400
1992-08-28,2.234375,2.257813,2.226563,2.250000,1.558898,5238400
1992-08-31,2.253906,2.261719,2.234375,2.261719,1.567018,4412800
1992-09-01,2.261719,2.277344,2.246094,2.277344,1.577843,2784000
1992-09-02,2.277344,2.304688,2.261719,2.300781,1.594082,5564800
1992-09-03,2.296875,2.320313,2.250000,2.273438,1.575137,7628800
1992-09-04,2.257813,2.277344,2.242188,2.250000,1.559303,3097600
1992-09-08,2.250000,2.281250,2.238281,2.281250,1.580960,4780800
1992-09-09,2.281250,2.304688,2.269531,2.296875,1.591788,4128000
1992-09-10,2.304688,2.339844,2.289063,2.335938,1.618859,10275200
1992-09-11,2.320313,2.347656,2.312500,2.339844,1.621567,8883200
1992-09-14,2.359375,2.414063,2.347656,2.414063,1.673003,10275200
1992-09-15,2.382813,2.394531,2.375000,2.386719,1.654052,7987200
1992-09-16,2.371094,2.414063,2.359375,2.386719,1.654052,9996800
1992-09-17,2.390625,2.417969,2.386719,2.398438,1.662174,6051200
1992-09-18,2.402344,2.402344,2.351563,2.363281,1.637810,7996800
1992-09-21,2.281250,2.406250,2.281250,2.386719,1.654052,28131200
1992-09-22,2.386719,2.386719,2.343750,2.359375,1.635102,7206400
1992-09-23,2.367188,2.476563,2.359375,2.445313,1.694660,20355200
1992-09-24,2.445313,2.445313,2.414063,2.421875,1.678416,5980800
1992-09-25,2.421875,2.429688,2.367188,2.398438,1.662174,7430400
1992-09-28,2.390625,2.410156,2.386719,2.398438,1.662174,2057600
1992-09-29,2.402344,2.460938,2.382813,2.460938,1.705487,10358400
1992-09-30,2.468750,2.511719,2.468750,2.484375,1.721729,14739200
1992-10-01,2.476563,2.484375,2.445313,2.457031,1.702780,11369600
1992-10-02,2.449219,2.453125,2.417969,2.433594,1.686538,5929600
1992-10-05,2.417969,2.429688,2.316406,2.425781,1.681123,13395200
1992-10-06,2.425781,2.429688,2.402344,2.406250,1.667588,6844800
1992-10-07,2.414063,2.464844,2.406250,2.449219,1.697367,10435200
1992-10-08,2.453125,2.464844,2.441406,2.464844,1.708194,12182400
1992-10-09,2.453125,2.453125,2.416016,2.425781,1.681123,5680000
1992-10-12,2.433594,2.445313,2.421875,2.429688,1.683831,9404800
1992-10-13,2.433594,2.457031,2.398438,2.414063,1.673003,7904000
1992-10-14,2.414063,2.433594,2.382813,2.386719,1.654052,5664000
1992-10-15,2.386719,2.460938,2.371094,2.449219,1.697367,16176000
1992-10-16,2.441406,2.445313,2.414063,2.425781,1.681123,9296000
1992-10-19,2.417969,2.449219,2.414063,2.433594,1.686538,5043200
1992-10-20,2.460938,2.468750,2.441406,2.453125,1.700073,7020800
1992-10-21,2.457031,2.464844,2.445313,2.453125,1.700073,3776000
1992-10-22,2.460938,2.460938,2.417969,2.437500,1.689244,3097600
1992-10-23,2.433594,2.437500,2.414063,2.421875,1.678416,3574400
1992-10-26,2.425781,2.425781,2.410156,2.414063,1.673003,2323200
1992-10-27,2.406250,2.410156,2.363281,2.402344,1.664881,10851200
1992-10-28,2.394531,2.433594,2.390625,2.421875,1.678416,6284800
1992-10-29,2.425781,2.425781,2.406250,2.417969,1.675709,3510400
1992-10-30,2.414063,2.445313,2.398438,2.433594,1.686538,5244800
1992-11-02,2.441406,2.515625,2.441406,2.496094,1.729851,9644800
1992-11-03,2.503906,2.574219,2.484375,2.570313,1.781287,13856000
1992-11-04,2.566406,2.574219,2.535156,2.535156,1.756923,5734400
1992-11-05,2.546875,2.546875,2.515625,2.523438,1.748802,2780800
1992-11-06,2.531250,2.613281,2.531250,2.609375,1.808358,11651200
1992-11-09,2.601563,2.636719,2.589844,2.621094,1.816480,5008000
1992-11-10,2.613281,2.648438,2.597656,2.636719,1.827308,4326400
1992-11-11,2.628906,2.652344,2.621094,2.632813,1.824602,13443200
1992-11-12,2.636719,2.648438,2.632813,2.648438,1.835429,3862400
1992-11-13,2.656250,2.695313,2.652344,2.671875,1.851672,12585600
1992-11-16,2.683594,2.714844,2.675781,2.687500,1.862500,5804800
1992-11-17,2.703125,2.734375,2.703125,2.726563,1.889572,11488000
1992-11-18,2.726563,2.742188,2.687500,2.722656,1.886864,11152000
1992-11-19,2.722656,2.734375,2.722656,2.726563,1.889572,5312000
1992-11-20,2.746094,2.750000,2.730469,2.746094,1.903108,6332800
1992-11-23,2.738281,2.765625,2.726563,2.761719,1.913936,5059200
1992-11-24,2.769531,2.820313,2.769531,2.773438,1.922058,8896000
1992-11-25,2.777344,2.777344,2.718750,2.726563,1.889572,7142400
1992-11-27,2.734375,2.757813,2.734375,2.738281,1.897693,4377600
1992-11-30,2.722656,2.722656,2.687500,2.695313,1.867915,10348800
1992-12-01,2.691406,2.707031,2.648438,2.652344,1.838137,6924800
1992-12-02,2.652344,2.652344,2.593750,2.605469,1.805651,9820800
1992-12-03,2.609375,2.632813,2.609375,2.613281,1.811066,9136000
1992-12-04,2.617188,2.667969,2.609375,2.648438,1.835429,8454400
1992-12-07,2.644531,2.683594,2.632813,2.683594,1.860342,7452800
1992-12-08,2.675781,2.679688,2.656250,2.667969,1.849510,9948800
1992-12-09,2.667969,2.695313,2.652344,2.695313,1.868465,18304000
1992-12-10,2.695313,2.742188,2.687500,2.714844,1.882005,7580800
1992-12-11,2.707031,2.742188,2.703125,2.726563,1.890128,2979200
1992-12-14,2.722656,2.738281,2.707031,2.718750,1.884713,7516800
1992-12-15,2.726563,2.796875,2.726563,2.777344,1.925332,9872000
1992-12-16,2.777344,2.812500,2.750000,2.769531,1.919915,7526400
1992-12-17,2.769531,2.800781,2.769531,2.769531,1.919915,11539200
1992-12-18,2.781250,2.796875,2.738281,2.761719,1.914500,14492800
1992-12-21,2.753906,2.753906,2.703125,2.703125,1.873881,6566400
1992-12-22,2.687500,2.710938,2.664063,2.687500,1.863049,8860800
1992-12-23,2.687500,2.695313,2.632813,2.636719,1.827846,9075200
1992-12-24,2.644531,2.656250,2.636719,2.648438,1.835970,4822400
1992-12-28,2.652344,2.667969,2.617188,2.621094,1.817015,9424000
1992-12-29,2.625000,2.648438,2.621094,2.621094,1.817015,7084800
1992-12-30,2.625000,2.644531,2.613281,2.625000,1.819723,5436800
1992-12-31,2.636719,2.640625,2.593750,2.593750,1.798060,5056000
1993-01-04,2.601563,2.609375,2.585938,2.601563,1.803475,6156800
1993-01-05,2.593750,2.597656,2.550781,2.550781,1.768273,5926400
1993-01-06,2.554688,2.574219,2.511719,2.535156,1.757440,11753600
1993-01-07,2.542969,2.593750,2.542969,2.554688,1.770980,7113600
1993-01-08,2.546875,2.546875,2.457031,2.500000,1.733070,16147200
1993-01-11,2.507813,2.550781,2.503906,2.539063,1.760148,4918400
1993-01-12,2.539063,2.554688,2.503906,2.527344,1.752024,8809600
1993-01-13,2.523438,2.578125,2.523438,2.566406,1.779104,6844800
1993-01-14,2.574219,2.703125,2.574219,2.695313,1.868465,14588800
1993-01-15,2.734375,2.734375,2.648438,2.660156,1.844094,9603200
1993-01-18,2.652344,2.656250,2.632813,2.640625,1.830553,4985600
1993-01-19,2.644531,2.644531,2.613281,2.625000,1.819723,8905600
1993-01-20,2.628906,2.660156,2.613281,2.632813,1.825139,9222400
1993-01-21,2.636719,2.640625,2.625000,2.632813,1.825139,8016000
1993-01-22,2.640625,2.640625,2.574219,2.578125,1.787228,5116800
1993-01-25,2.582031,2.601563,2.574219,2.578125,1.787228,4179200
1993-01-26,2.582031,2.613281,2.578125,2.582031,1.789936,4668800
1993-01-27,2.585938,2.585938,2.500000,2.527344,1.752024,5916800
1993-01-28,2.535156,2.558594,2.507813,2.531250,1.754732,17318400
1993-01-29,2.539063,2.550781,2.523438,2.550781,1.768273,3747200
1993-02-01,2.574219,2.636719,2.566406,2.628906,1.822431,6809600
1993-02-02,2.640625,2.648438,2.585938,2.648438,1.835970,4208000
1993-02-03,2.664063,2.687500,2.660156,2.687500,1.863049,5817600
1993-02-04,2.703125,2.753906,2.695313,2.742188,1.900960,8329600
1993-02-05,2.746094,2.789063,2.648438,2.656250,1.841387,12684800
1993-02-08,2.640625,2.644531,2.558594,2.558594,1.773688,12316800
1993-02-09,2.507813,2.550781,2.492188,2.546875,1.765565,10928000
1993-02-10,2.539063,2.539063,2.500000,2.531250,1.754732,13228800
1993-02-11,2.539063,2.597656,2.539063,2.578125,1.787228,5120000
1993-02-12,2.578125,2.585938,2.562500,2.566406,1.779104,5904000
1993-02-16,2.250000,2.316406,2.250000,2.281250,1.581425,36390400
1993-02-17,2.289063,2.343750,2.250000,2.261719,1.567886,23968000
1993-02-18,2.296875,2.296875,2.234375,2.250000,1.559763,14636800
1993-02-19,2.246094,2.250000,2.210938,2.214844,1.535391,9024000
1993-02-22,2.199219,2.199219,2.046875,2.062500,1.429781,13878400
1993-02-23,2.078125,2.171875,2.015625,2.164063,1.500188,29548800
1993-02-24,2.171875,2.230469,2.171875,2.218750,1.538099,13801600
1993-02-25,2.222656,2.230469,2.203125,2.222656,1.540806,7836800
1993-02-26,2.242188,2.289063,2.238281,2.253906,1.562470,8534400
1993-03-01,2.253906,2.273438,2.246094,2.273438,1.576010,8412800
1993-03-02,2.292969,2.375000,2.285156,2.375000,1.646416,11456000
1993-03-03,2.378906,2.382813,2.335938,2.339844,1.622045,12224000
1993-03-04,2.328125,2.328125,2.218750,2.238281,1.551638,17318400
1993-03-05,2.257813,2.257813,2.203125,2.203125,1.527267,11667200
1993-03-08,2.207031,2.292969,2.207031,2.292969,1.590112,9881600
1993-03-09,2.292969,2.304688,2.246094,2.285156,1.584695,15907200
1993-03-10,2.285156,2.328125,2.285156,2.324219,1.611785,7980800
1993-03-11,2.332031,2.335938,2.273438,2.273438,1.576568,6822400
1993-03-12,2.273438,2.273438,2.218750,2.242188,1.554897,8912000
1993-03-15,2.285156,2.417969,2.285156,2.386719,1.655125,21446400
1993-03-16,2.394531,2.445313,2.382813,2.382813,1.652416,11984000
1993-03-17,2.382813,2.382813,2.343750,2.359375,1.636164,5916800
1993-03-18,2.375000,2.417969,2.375000,2.402344,1.665961,4624000
1993-03-19,2.414063,2.414063,2.378906,2.382813,1.652416,5798400
1993-03-22,2.371094,2.421875,2.359375,2.417969,1.676797,4806400
1993-03-23,2.414063,2.433594,2.394531,2.398438,1.663252,4649600
1993-03-24,2.402344,2.429688,2.390625,2.429688,1.684923,5446400
1993-03-25,2.437500,2.484375,2.429688,2.457031,1.703886,6825600
1993-03-26,2.457031,2.457031,2.375000,2.382813,1.652416,6950400
1993-03-29,2.386719,2.414063,2.375000,2.382813,1.652416,3836800
1993-03-30,2.367188,2.414063,2.367188,2.402344,1.665961,2896000
1993-03-31,2.410156,2.433594,2.390625,2.394531,1.660542,5244800
1993-04-01,2.390625,2.394531,2.359375,2.363281,1.638872,6752000
1993-04-02,2.351563,2.351563,2.308594,2.316406,1.606365,11849600
1993-04-05,2.316406,2.324219,2.281250,2.296875,1.592821,10230400
1993-04-06,2.296875,2.312500,2.179688,2.179688,1.511555,14787200
1993-04-07,2.195313,2.265625,2.195313,2.257813,1.565732,12240000
1993-04-08,2.265625,2.273438,2.222656,2.234375,1.549479,8265600
1993-04-12,2.242188,2.304688,2.242188,2.296875,1.592821,4521600
1993-04-13,2.320313,2.363281,2.320313,2.339844,1.622619,8940800
1993-04-14,2.343750,2.347656,2.289063,2.296875,1.592821,3686400
1993-04-15,2.304688,2.316406,2.289063,2.296875,1.592821,4144000
1993-04-16,2.304688,2.304688,2.261719,2.269531,1.573859,4291200
1993-04-19,2.273438,2.289063,2.207031,2.226563,1.544061,11875200
1993-04-20,2.218750,2.250000,2.195313,2.242188,1.554897,8035200
1993-04-21,2.234375,2.281250,2.234375,2.250000,1.560314,7241600
1993-04-22,2.250000,2.253906,2.203125,2.203125,1.527808,8694400
1993-04-23,2.187500,2.203125,2.171875,2.195313,1.522391,8992000
1993-04-26,2.191406,2.214844,2.167969,2.195313,1.522391,6748800
1993-04-27,2.195313,2.199219,2.175781,2.191406,1.519682,5824000
1993-04-28,2.191406,2.191406,2.140625,2.187500,1.516973,14668800
1993-04-29,2.187500,2.187500,2.140625,2.152344,1.492594,13788800
1993-04-30,2.160156,2.164063,2.117188,2.132813,1.479048,13961600
1993-05-03,2.140625,2.195313,2.132813,2.179688,1.511555,13769600
1993-05-04,2.179688,2.179688,2.132813,2.160156,1.498010,12643200
1993-05-05,2.167969,2.199219,2.148438,2.183594,1.514263,11910400
1993-05-06,2.175781,2.179688,2.156250,2.167969,1.503428,7843200
1993-05-07,2.156250,2.210938,2.156250,2.210938,1.533225,7942400
1993-05-10,2.226563,2.292969,2.226563,2.277344,1.579277,10384000
1993-05-11,2.285156,2.308594,2.261719,2.308594,1.600947,6723200
1993-05-12,2.296875,2.343750,2.292969,2.328125,1.614493,7273600
1993-05-13,2.312500,2.312500,2.269531,2.273438,1.576568,5593600
1993-05-14,2.277344,2.289063,2.269531,2.285156,1.584695,2588800
1993-05-17,2.292969,2.304688,2.265625,2.292969,1.590112,3315200
1993-05-18,2.308594,2.324219,2.304688,2.324219,1.611785,7689600
1993-05-19,2.343750,2.414063,2.316406,2.390625,1.657834,10640000
1993-05-20,2.398438,2.410156,2.351563,2.359375,1.636164,6467200
1993-05-21,2.355469,2.359375,2.261719,2.285156,1.584695,16688000
1993-05-24,2.281250,2.335938,2.261719,2.335938,1.619909,16886400
1993-05-25,2.335938,2.335938,2.289063,2.312500,1.603657,4883200
1993-05-26,2.304688,2.339844,2.304688,2.332031,1.617202,6643200
1993-05-27,2.339844,2.343750,2.312500,2.328125,1.614493,6870400
1993-05-28,2.304688,2.324219,2.230469,2.265625,1.571149,11996800
1993-06-01,2.273438,2.335938,2.269531,2.332031,1.617202,5776000
1993-06-02,2.328125,2.328125,2.269531,2.285156,1.584695,4419200
1993-06-03,2.285156,2.296875,2.261719,2.265625,1.571149,3900800
1993-06-04,2.250000,2.257813,2.191406,2.218750,1.538644,8038400
1993-06-07,2.207031,2.214844,2.179688,2.187500,1.517506,8892800
1993-06-08,2.195313,2.226563,2.140625,2.140625,1.484988,11404800
1993-06-09,2.148438,2.210938,2.128906,2.164063,1.501247,13107200
1993-06-10,2.164063,2.175781,2.144531,2.148438,1.490408,11987200
1993-06-11,2.148438,2.156250,2.058594,2.140625,1.484988,28854400
1993-06-14,2.148438,2.160156,2.128906,2.128906,1.476858,4627200
1993-06-15,2.125000,2.125000,2.062500,2.082031,1.444340,24918400
1993-06-16,2.085938,2.109375,2.082031,2.101563,1.457890,7708800
1993-06-17,2.093750,2.105469,2.082031,2.089844,1.449760,7878400
1993-06-18,2.093750,2.101563,1.906250,1.937500,1.344077,8572800
1993-06-21,1.867188,1.867188,1.773438,1.808594,1.254653,54364800
1993-06-22,1.816406,1.824219,1.773438,1.781250,1.235683,27552000
1993-06-23,1.785156,1.789063,1.703125,1.703125,1.181487,29539200
1993-06-24,1.718750,1.722656,1.691406,1.691406,1.173357,27225600
1993-06-25,1.695313,1.765625,1.695313,1.761719,1.222134,18480000
1993-06-28,1.765625,1.785156,1.757813,1.761719,1.222134,17068800
1993-06-29,1.750000,1.757813,1.710938,1.718750,1.192326,16860800
1993-06-30,1.726563,1.734375,1.707031,1.722656,1.195036,10057600
1993-07-01,1.718750,1.738281,1.695313,1.703125,1.181487,11625600
1993-07-02,1.695313,1.722656,1.679688,1.707031,1.184196,15865600
1993-07-06,1.703125,1.718750,1.687500,1.695313,1.176068,14652800
1993-07-07,1.687500,1.707031,1.687500,1.703125,1.181487,10361600
1993-07-08,1.742188,1.757813,1.703125,1.750000,1.214005,45040000
1993-07-09,1.750000,1.753906,1.714844,1.722656,1.195036,28099200
1993-07-12,1.722656,1.738281,1.703125,1.738281,1.205875,13132800
1993-07-13,1.742188,1.746094,1.722656,1.734375,1.203166,11280000
1993-07-14,1.753906,1.796875,1.742188,1.781250,1.235683,16777600
1993-07-15,1.785156,1.812500,1.777344,1.804688,1.251942,12032000
1993-07-16,1.804688,1.808594,1.785156,1.785156,1.238394,8176000
1993-07-19,1.789063,1.789063,1.746094,1.765625,1.224844,7379200
1993-07-20,1.757813,1.765625,1.742188,1.757813,1.219424,11219200
1993-07-21,1.757813,1.769531,1.726563,1.746094,1.211295,7609600
1993-07-22,1.753906,1.753906,1.730469,1.738281,1.205875,5593600
1993-07-23,1.738281,1.746094,1.726563,1.738281,1.205875,15219200
1993-07-26,1.742188,1.742188,1.726563,1.738281,1.205875,8732800
1993-07-27,1.738281,1.765625,1.738281,1.750000,1.214005,7948800
1993-07-28,1.750000,1.750000,1.714844,1.734375,1.203166,7952000
1993-07-29,1.742188,1.753906,1.730469,1.750000,1.214005,6339200
1993-07-30,1.757813,1.761719,1.742188,1.757813,1.219424,4646400
1993-08-02,1.765625,1.781250,1.761719,1.765625,1.224844,4809600
1993-08-03,1.773438,1.796875,1.757813,1.761719,1.222134,8576000
1993-08-04,1.757813,1.761719,1.742188,1.746094,1.211295,3587200
1993-08-05,1.746094,1.746094,1.722656,1.722656,1.195036,5968000
1993-08-06,1.738281,1.757813,1.730469,1.746094,1.211295,4272000
1993-08-09,1.746094,1.757813,1.722656,1.722656,1.195036,3145600
1993-08-10,1.722656,1.726563,1.660156,1.660156,1.151679,10371200
1993-08-11,1.660156,1.660156,1.542969,1.558594,1.081223,37622400
1993-08-12,1.562500,1.609375,1.562500,1.605469,1.113741,17628800
1993-08-13,1.605469,1.636719,1.605469,1.632813,1.132710,13424000
1993-08-16,1.628906,1.687500,1.628906,1.679688,1.165228,11756800
1993-08-17,1.687500,1.687500,1.656250,1.656250,1.148969,8044800
1993-08-18,1.660156,1.671875,1.644531,1.664063,1.154388,14246400
1993-08-19,1.640625,1.703125,1.617188,1.703125,1.181487,12582400
1993-08-20,1.703125,1.710938,1.687500,1.695313,1.176068,9683200
1993-08-23,1.695313,1.742188,1.687500,1.738281,1.205875,8585600
1993-08-24,1.738281,1.769531,1.714844,1.769531,1.227555,7072000
1993-08-25,1.761719,1.765625,1.722656,1.726563,1.197746,10630400
1993-08-26,1.726563,1.726563,1.695313,1.714844,1.189616,5827200
1993-08-27,1.714844,1.714844,1.652344,1.667969,1.157099,11590400
1993-08-30,1.664063,1.679688,1.625000,1.664063,1.154388,8121600
1993-08-31,1.671875,1.707031,1.664063,1.683594,1.167938,6467200
1993-09-01,1.679688,1.699219,1.660156,1.691406,1.173357,12380800
1993-09-02,1.695313,1.695313,1.679688,1.679688,1.165228,10256000
1993-09-03,1.664063,1.664063,1.625000,1.628906,1.130525,10185600
1993-09-07,1.636719,1.656250,1.597656,1.601563,1.111547,9145600
1993-09-08,1.609375,1.625000,1.574219,1.597656,1.108837,12192000
1993-09-09,1.601563,1.632813,1.585938,1.628906,1.130525,6588800
1993-09-10,1.628906,1.632813,1.601563,1.617188,1.122392,13158400
1993-09-13,1.609375,1.632813,1.605469,1.605469,1.114258,10393600
1993-09-14,1.585938,1.589844,1.550781,1.562500,1.084436,26412800
1993-09-15,1.546875,1.546875,1.515625,1.523438,1.057326,27068800
1993-09-16,1.527344,1.527344,1.460938,1.476563,1.024793,32707200
1993-09-17,1.480469,1.519531,1.480469,1.500000,1.041059,20249600
1993-09-20,1.378906,1.480469,1.351563,1.445313,1.003104,37952000
1993-09-21,1.429688,1.433594,1.375000,1.402344,0.973282,33369600
1993-09-22,1.406250,1.421875,1.382813,1.414063,0.981415,22444800
1993-09-23,1.417969,1.460938,1.414063,1.453125,1.008526,13040000
1993-09-24,1.453125,1.460938,1.437500,1.457031,1.011237,10928000
1993-09-27,1.457031,1.492188,1.457031,1.472656,1.022081,7129600
1993-09-28,1.480469,1.480469,1.441406,1.445313,1.003104,14150400
1993-09-29,1.445313,1.453125,1.390625,1.402344,0.973282,17024000
1993-09-30,1.402344,1.421875,1.398438,1.406250,0.975993,8732800
1993-10-01,1.406250,1.429688,1.406250,1.429688,0.992259,6819200
1993-10-04,1.429688,1.480469,1.429688,1.472656,1.022081,10230400
1993-10-05,1.468750,1.480469,1.425781,1.437500,0.997682,14649600
1993-10-06,1.421875,1.429688,1.398438,1.414063,0.981415,20089600
1993-10-07,1.417969,1.421875,1.406250,1.406250,0.975993,13200000
1993-10-08,1.414063,1.417969,1.402344,1.406250,0.975993,11705600
1993-10-11,1.410156,1.449219,1.406250,1.445313,1.003104,14208000
1993-10-12,1.445313,1.457031,1.414063,1.414063,0.981415,13497600
1993-10-13,1.421875,1.429688,1.410156,1.414063,0.981415,8124800
1993-10-14,1.414063,1.449219,1.414063,1.449219,1.005815,12710400
1993-10-15,1.464844,1.546875,1.460938,1.515625,1.051904,26502400
1993-10-18,1.515625,1.515625,1.496094,1.503906,1.043770,8188800
1993-10-19,1.500000,1.503906,1.453125,1.476563,1.024793,12675200
1993-10-20,1.476563,1.507813,1.468750,1.488281,1.032925,8089600
1993-10-21,1.492188,1.496094,1.476563,1.496094,1.038348,7968000
1993-10-22,1.500000,1.507813,1.460938,1.460938,1.013948,7568000
1993-10-25,1.441406,1.449219,1.429688,1.445313,1.003104,14563200
1993-10-26,1.457031,1.496094,1.457031,1.468750,1.019370,9113600
1993-10-27,1.468750,1.488281,1.464844,1.472656,1.022081,8624000
1993-10-28,1.480469,1.496094,1.480469,1.496094,1.038348,7548800
1993-10-29,1.500000,1.515625,1.484375,1.511719,1.049192,7942400
1993-11-01,1.511719,1.621094,1.511719,1.621094,1.125103,20416000
1993-11-02,1.609375,1.679688,1.609375,1.671875,1.160347,25097600
1993-11-03,1.675781,1.683594,1.617188,1.625000,1.127814,15280000
1993-11-04,1.625000,1.632813,1.578125,1.585938,1.100703,12627200
1993-11-05,1.585938,1.640625,1.578125,1.632813,1.133237,10425600
1993-11-08,1.640625,1.667969,1.625000,1.652344,1.146791,7676800
1993-11-09,1.671875,1.699219,1.664063,1.671875,1.160347,11840000
1993-11-10,1.640625,1.648438,1.609375,1.628906,1.130525,21574400
1993-11-11,1.628906,1.628906,1.593750,1.605469,1.114258,8281600
1993-11-12,1.613281,1.613281,1.570313,1.574219,1.092570,12224000
1993-11-15,1.574219,1.589844,1.550781,1.550781,1.076303,20540800
1993-11-16,1.554688,1.574219,1.527344,1.574219,1.092570,10534400
1993-11-17,1.582031,1.593750,1.558594,1.570313,1.089859,7484800
1993-11-18,1.562500,1.570313,1.550781,1.570313,1.089859,5427200
1993-11-19,1.570313,1.585938,1.554688,1.582031,1.097992,8044800
1993-11-22,1.570313,1.582031,1.566406,1.578125,1.095281,7024000
1993-11-23,1.578125,1.578125,1.535156,1.554688,1.079015,8028800
1993-11-24,1.558594,1.562500,1.539063,1.546875,1.073592,5184000
1993-11-26,1.550781,1.550781,1.519531,1.527344,1.060037,3152000
1993-11-29,1.527344,1.531250,1.503906,1.511719,1.049192,6172800
1993-11-30,1.500000,1.511719,1.492188,1.496094,1.038348,7219200
1993-12-01,1.507813,1.519531,1.503906,1.511719,1.049192,8467200
1993-12-02,1.511719,1.519531,1.496094,1.507813,1.046481,5350400
1993-12-03,1.515625,1.515625,1.496094,1.500000,1.041059,5523200
1993-12-06,1.496094,1.500000,1.472656,1.484375,1.030751,7222400
1993-12-07,1.429688,1.468750,1.421875,1.457031,1.011763,25910400
1993-12-08,1.460938,1.472656,1.445313,1.464844,1.017188,8720000
1993-12-09,1.460938,1.480469,1.453125,1.460938,1.014475,16243200
1993-12-10,1.453125,1.460938,1.421875,1.425781,0.990063,22697600
1993-12-13,1.433594,1.437500,1.406250,1.410156,0.979213,17510400
1993-12-14,1.406250,1.421875,1.394531,1.394531,0.968363,20620800
1993-12-15,1.406250,1.445313,1.402344,1.441406,1.000913,19369600
1993-12-16,1.445313,1.464844,1.421875,1.433594,0.995488,17475200
1993-12-17,1.429688,1.433594,1.402344,1.406250,0.976500,26435200
1993-12-20,1.406250,1.414063,1.390625,1.394531,0.968363,19449600
1993-12-21,1.382813,1.390625,1.347656,1.355469,0.941239,43536000
1993-12-22,1.351563,1.402344,1.351563,1.394531,0.968363,16873600
1993-12-23,1.398438,1.437500,1.398438,1.433594,0.995488,14784000
1993-12-27,1.437500,1.437500,1.417969,1.425781,0.990063,6000000
1993-12-28,1.425781,1.429688,1.410156,1.414063,0.981926,7324800
1993-12-29,1.425781,1.433594,1.410156,1.425781,0.990063,10572800
1993-12-30,1.425781,1.449219,1.421875,1.433594,0.995488,8812800
1993-12-31,1.429688,1.457031,1.429688,1.445313,1.003626,6028800
1994-01-03,1.449219,1.472656,1.445313,1.460938,1.014475,11939200
1994-01-04,1.468750,1.531250,1.460938,1.523438,1.057876,26793600
1994-01-05,1.531250,1.531250,1.496094,1.515625,1.052451,12774400
1994-01-06,1.523438,1.527344,1.507813,1.515625,1.052451,10876800
1994-01-07,1.539063,1.546875,1.519531,1.539063,1.068726,15024000
1994-01-10,1.546875,1.570313,1.542969,1.562500,1.085000,14230400
1994-01-11,1.562500,1.562500,1.539063,1.562500,1.085000,13478400
1994-01-12,1.562500,1.609375,1.542969,1.609375,1.117551,22896000
1994-01-13,1.593750,1.617188,1.585938,1.613281,1.120263,24307200
1994-01-14,1.613281,1.652344,1.609375,1.632813,1.133826,14966400
1994-01-17,1.625000,1.625000,1.617188,1.621094,1.125688,11577600
1994-01-18,1.625000,1.644531,1.609375,1.613281,1.120263,17225600
1994-01-19,1.609375,1.609375,1.582031,1.601563,1.112126,14025600
1994-01-20,1.601563,1.652344,1.597656,1.640625,1.139251,10137600
1994-01-21,1.644531,1.644531,1.617188,1.621094,1.125688,6252800
1994-01-24,1.613281,1.621094,1.601563,1.613281,1.120263,4675200
1994-01-25,1.605469,1.613281,1.585938,1.593750,1.106701,4905600
1994-01-26,1.589844,1.605469,1.589844,1.597656,1.109413,3974400
1994-01-27,1.589844,1.593750,1.554688,1.558594,1.082288,7888000
1994-01-28,1.558594,1.578125,1.554688,1.566406,1.087713,6838400
1994-01-31,1.570313,1.605469,1.554688,1.562500,1.085000,13142400
1994-02-01,1.570313,1.574219,1.554688,1.566406,1.087713,5737600
1994-02-02,1.566406,1.601563,1.554688,1.566406,1.087713,12259200
1994-02-03,1.562500,1.582031,1.554688,1.574219,1.093138,7142400
1994-02-04,1.574219,1.609375,1.570313,1.578125,1.095851,11088000
1994-02-07,1.546875,1.570313,1.527344,1.562500,1.085000,13830400
1994-02-08,1.566406,1.570313,1.554688,1.566406,1.087713,7520000
1994-02-09,1.574219,1.597656,1.570313,1.593750,1.106701,9507200
1994-02-10,1.593750,1.593750,1.570313,1.574219,1.093138,4812800
1994-02-11,1.562500,1.578125,1.546875,1.562500,1.085000,4608000
1994-02-14,1.562500,1.574219,1.554688,1.566406,1.087713,9257600
1994-02-15,1.562500,1.578125,1.558594,1.574219,1.093138,3379200
1994-02-16,1.582031,1.609375,1.578125,1.601563,1.112126,5305600
1994-02-17,1.597656,1.609375,1.589844,1.605469,1.114837,7836800
1994-02-18,1.609375,1.625000,1.597656,1.601563,1.112126,9155200
1994-02-22,1.601563,1.617188,1.593750,1.597656,1.109413,5929600
1994-02-23,1.605469,1.617188,1.593750,1.613281,1.120263,11564800
1994-02-24,1.605469,1.605469,1.574219,1.574219,1.093138,14278400
1994-02-25,1.582031,1.589844,1.574219,1.578125,1.095851,6220800
1994-02-28,1.578125,1.625000,1.578125,1.617188,1.122976,18332800
1994-03-01,1.609375,1.613281,1.585938,1.613281,1.120263,12080000
1994-03-02,1.585938,1.621094,1.585938,1.609375,1.117551,11446400
1994-03-03,1.601563,1.601563,1.578125,1.585938,1.101276,11216000
1994-03-04,1.589844,1.621094,1.582031,1.621094,1.125688,12502400
1994-03-07,1.613281,1.675781,1.613281,1.667969,1.158796,20921600
1994-03-08,1.691406,1.738281,1.687500,1.710938,1.188648,35043200
1994-03-09,1.695313,1.699219,1.660156,1.691406,1.175078,12057600
1994-03-10,1.679688,1.683594,1.632813,1.648438,1.145226,9961600
1994-03-11,1.656250,1.664063,1.636719,1.656250,1.150655,5971200
1994-03-14,1.652344,1.675781,1.640625,1.671875,1.161510,6124800
1994-03-15,1.664063,1.703125,1.644531,1.703125,1.183221,9353600
1994-03-16,1.765625,1.824219,1.765625,1.796875,1.248351,45244800
1994-03-17,1.796875,1.796875,1.765625,1.781250,1.237496,13977600
1994-03-18,1.785156,1.789063,1.773438,1.785156,1.240210,9459200
1994-03-21,1.789063,1.804688,1.781250,1.796875,1.248351,5139200
1994-03-22,1.789063,1.824219,1.789063,1.816406,1.261920,10470400
1994-03-23,1.812500,1.812500,1.773438,1.773438,1.232069,5417600
1994-03-24,1.777344,1.777344,1.738281,1.750000,1.215786,6787200
1994-03-25,1.750000,1.757813,1.734375,1.742188,1.210358,3433600
1994-03-28,1.742188,1.753906,1.734375,1.738281,1.207644,8620800
1994-03-29,1.742188,1.746094,1.707031,1.718750,1.194075,12377600
1994-03-30,1.718750,1.718750,1.656250,1.660156,1.153368,11590400
1994-03-31,1.683594,1.683594,1.632813,1.656250,1.150655,13334400
1994-04-04,1.640625,1.664063,1.632813,1.644531,1.142513,12649600
1994-04-05,1.656250,1.671875,1.652344,1.656250,1.150655,8208000
1994-04-06,1.664063,1.722656,1.640625,1.707031,1.185934,15110400
1994-04-07,1.710938,1.796875,1.707031,1.789063,1.242924,10294400
1994-04-08,1.777344,1.835938,1.773438,1.816406,1.261920,21110400
1994-04-11,1.820313,1.824219,1.796875,1.816406,1.261920,6873600
1994-04-12,1.812500,1.824219,1.796875,1.800781,1.251065,8025600
1994-04-13,1.796875,1.828125,1.769531,1.773438,1.232069,12665600
1994-04-14,1.757813,1.757813,1.726563,1.757813,1.221213,7452800
1994-04-15,1.757813,1.761719,1.742188,1.753906,1.218500,4054400
1994-04-18,1.753906,1.757813,1.687500,1.695313,1.177792,6128000
1994-04-19,1.687500,1.710938,1.671875,1.683594,1.169651,13328000
1994-04-20,1.671875,1.691406,1.660156,1.671875,1.161510,6972800
1994-04-21,1.687500,1.710938,1.675781,1.687500,1.172364,7840000
1994-04-22,1.687500,1.707031,1.687500,1.695313,1.177792,4688000
1994-04-25,1.703125,1.703125,1.687500,1.703125,1.183221,2195200
1994-04-26,1.699219,1.699219,1.679688,1.687500,1.172364,2518400
1994-04-28,1.687500,1.703125,1.671875,1.683594,1.169651,10697600
1994-04-29,1.675781,1.691406,1.671875,1.675781,1.164223,3027200
1994-05-02,1.683594,1.695313,1.667969,1.683594,1.169651,6681600
1994-05-03,1.683594,1.687500,1.675781,1.683594,1.169651,3820800
1994-05-04,1.683594,1.683594,1.671875,1.679688,1.166937,7216000
1994-05-05,1.675781,1.679688,1.664063,1.667969,1.158796,2246400
1994-05-06,1.660156,1.671875,1.656250,1.667969,1.158796,5414400
1994-05-09,1.679688,1.710938,1.679688,1.687500,1.172364,7315200
1994-05-10,1.734375,1.742188,1.714844,1.730469,1.202216,11964800
1994-05-11,1.714844,1.722656,1.707031,1.718750,1.194075,7382400
1994-05-12,1.730469,1.773438,1.722656,1.753906,1.218500,6598400
1994-05-13,1.761719,1.812500,1.746094,1.800781,1.251065,9632000
1994-05-16,1.800781,1.804688,1.781250,1.781250,1.237496,11750400
1994-05-17,1.761719,1.781250,1.757813,1.769531,1.229355,3964800
1994-05-18,1.781250,1.800781,1.773438,1.800781,1.251065,9913600
1994-05-19,1.800781,1.898438,1.800781,1.886719,1.310769,20368000
1994-05-20,1.855469,1.859375,1.812500,1.847656,1.283631,17686400
1994-05-23,1.847656,1.914063,1.839844,1.902344,1.321624,15513600
1994-05-24,1.902344,1.933594,1.875000,1.894531,1.316197,7500800
1994-05-25,1.882813,1.898438,1.863281,1.882813,1.308055,14758400
1994-05-26,1.882813,1.886719,1.859375,1.875000,1.302628,4739200
1994-05-27,1.863281,1.875000,1.855469,1.855469,1.289059,8601600
1994-05-31,1.859375,1.859375,1.835938,1.843750,1.280917,6595200
1994-06-01,1.835938,1.835938,1.816406,1.816406,1.261920,9398400
1994-06-02,1.824219,1.824219,1.800781,1.804688,1.253779,6508800
1994-06-03,1.796875,1.816406,1.785156,1.808594,1.256493,10854400
1994-06-06,1.808594,1.820313,1.773438,1.773438,1.232600,7168000
1994-06-07,1.765625,1.777344,1.757813,1.769531,1.229885,15884800
1994-06-08,1.789063,1.855469,1.781250,1.851563,1.286900,11932800
1994-06-09,1.847656,1.859375,1.843750,1.847656,1.284185,5462400
1994-06-10,1.855469,1.882813,1.847656,1.863281,1.295045,6128000
1994-06-13,1.855469,1.855469,1.832031,1.835938,1.276039,3651200
1994-06-14,1.843750,1.898438,1.843750,1.871094,1.300475,8675200
1994-06-15,1.871094,1.882813,1.835938,1.847656,1.284185,6332800
1994-06-16,1.843750,1.855469,1.835938,1.851563,1.286900,6838400
1994-06-17,1.847656,1.851563,1.835938,1.843750,1.281470,7376000
1994-06-20,1.835938,1.843750,1.816406,1.835938,1.276039,3904000
1994-06-21,1.832031,1.839844,1.820313,1.835938,1.276039,4832000
1994-06-22,1.835938,1.867188,1.832031,1.847656,1.284185,5468800
1994-06-23,1.855469,1.855469,1.824219,1.828125,1.270610,9347200
1994-06-24,1.832031,1.832031,1.796875,1.796875,1.248890,4227200
1994-06-27,1.789063,1.789063,1.757813,1.785156,1.240745,10995200
1994-06-28,1.781250,1.796875,1.777344,1.777344,1.235314,6224000
1994-06-29,1.769531,1.835938,1.769531,1.824219,1.267895,8604800
1994-06-30,1.843750,1.871094,1.843750,1.867188,1.297759,5920000
1994-07-01,1.871094,1.910156,1.871094,1.898438,1.319480,8124800
1994-07-05,1.906250,1.914063,1.890625,1.894531,1.316765,8640000
1994-07-06,1.890625,1.890625,1.851563,1.851563,1.286900,7564800
1994-07-07,1.843750,1.875000,1.820313,1.875000,1.303190,10684800
1994-07-08,1.929688,1.953125,1.921875,1.941406,1.349344,21603200
1994-07-11,1.945313,1.976563,1.937500,1.960938,1.362919,14835200
1994-07-12,1.953125,1.953125,1.917969,1.937500,1.346629,8233600
1994-07-13,1.949219,1.968750,1.941406,1.941406,1.349344,9398400
1994-07-14,1.949219,1.957031,1.945313,1.953125,1.357489,8057600
1994-07-15,1.953125,1.953125,1.906250,1.910156,1.327624,12867200
1994-07-18,1.914063,1.949219,1.910156,1.941406,1.349344,10585600
1994-07-19,1.949219,1.980469,1.949219,1.964844,1.365634,10761600
1994-07-20,1.972656,1.996094,1.968750,1.976563,1.373779,14140800
1994-07-21,1.972656,1.972656,1.953125,1.953125,1.357489,5814400
1994-07-22,1.945313,1.945313,1.910156,1.910156,1.327624,5369600
1994-07-25,1.902344,1.925781,1.902344,1.921875,1.335770,8636800
1994-07-26,1.917969,1.925781,1.906250,1.925781,1.338484,4512000
1994-07-27,1.921875,1.976563,1.921875,1.968750,1.368349,7961600
1994-07-28,1.960938,1.960938,1.933594,1.945313,1.352060,3708800
1994-07-29,1.945313,1.945313,1.921875,1.921875,1.335770,4774400
1994-08-01,1.929688,1.941406,1.921875,1.937500,1.346629,3283200
1994-08-02,1.949219,1.957031,1.933594,1.941406,1.349344,4758400
1994-08-03,1.937500,1.984375,1.937500,1.980469,1.376494,4105600
1994-08-04,1.988281,2.015625,1.988281,2.000000,1.390069,9676800
1994-08-05,1.996094,2.023438,1.984375,2.015625,1.400929,4528000
1994-08-08,2.007813,2.019531,1.996094,2.003906,1.392784,6044800
1994-08-09,1.996094,2.015625,1.984375,2.007813,1.395499,10457600
1994-08-10,2.011719,2.011719,1.984375,2.000000,1.390069,11939200
1994-08-11,1.992188,2.007813,1.976563,1.988281,1.381924,5945600
1994-08-12,1.996094,2.023438,1.992188,2.000000,1.390069,10672000
1994-08-15,2.007813,2.007813,1.996094,2.000000,1.390069,6150400
1994-08-16,2.023438,2.062500,2.015625,2.062500,1.433508,17939200
1994-08-17,2.046875,2.050781,2.031250,2.042969,1.419934,10972800
1994-08-18,2.035156,2.039063,1.937500,1.937500,1.346629,6358400
1994-08-19,1.937500,2.019531,1.937500,2.015625,1.400929,22268800
1994-08-22,2.003906,2.015625,1.996094,2.007813,1.395499,3017600
1994-08-23,2.000000,2.054688,2.000000,2.039063,1.417219,7110400
1994-08-24,2.042969,2.074219,2.039063,2.066406,1.436223,10467200
1994-08-25,2.066406,2.082031,2.042969,2.050781,1.425364,6128000
1994-08-26,2.062500,2.070313,2.007813,2.039063,1.417219,5225600
1994-08-29,2.035156,2.039063,2.019531,2.023438,1.406359,7859200
1994-08-30,2.023438,2.027344,1.992188,2.003906,1.392784,10921600
1994-08-31,2.011719,2.015625,2.000000,2.011719,1.398214,6953600
1994-09-01,2.019531,2.023438,2.003906,2.023438,1.406359,3161600
1994-09-02,2.011719,2.019531,1.984375,1.996094,1.387889,1996800
1994-09-06,1.988281,2.015625,1.988281,2.003906,1.393321,3862400
1994-09-07,2.000000,2.000000,1.980469,1.996094,1.387889,5974400
1994-09-08,1.992188,2.050781,1.992188,2.050781,1.425913,7964800
1994-09-09,2.035156,2.039063,2.015625,2.023438,1.406901,7558400
1994-09-12,2.023438,2.023438,1.992188,2.000000,1.390605,3196800
1994-09-13,2.003906,2.019531,1.992188,2.011719,1.398753,3465600
1994-09-14,2.015625,2.015625,1.996094,2.000000,1.390605,4947200
1994-09-15,1.992188,2.003906,1.945313,1.984375,1.379741,9792000
1994-09-16,1.980469,2.054688,1.976563,2.046875,1.423197,16374400
1994-09-19,2.062500,2.074219,1.960938,1.964844,1.366161,14540800
1994-09-20,1.984375,1.984375,1.851563,1.859375,1.292828,21836800
1994-09-21,1.867188,1.890625,1.859375,1.890625,1.314556,18291200
1994-09-22,1.894531,1.902344,1.875000,1.878906,1.306409,5363200
1994-09-23,1.875000,1.882813,1.867188,1.871094,1.300976,9145600
1994-09-26,1.863281,1.882813,1.851563,1.851563,1.287396,8873600
1994-09-27,1.859375,1.867188,1.847656,1.847656,1.284680,5564800
1994-09-28,1.851563,1.871094,1.851563,1.855469,1.290112,6553600
1994-09-29,1.847656,1.847656,1.824219,1.824219,1.268384,4166400
1994-09-30,1.816406,1.871094,1.816406,1.851563,1.287396,9318400
1994-10-03,1.851563,1.851563,1.828125,1.843750,1.281964,4931200
1994-10-04,1.851563,1.863281,1.816406,1.832031,1.273816,8188800
1994-10-05,1.824219,1.886719,1.824219,1.878906,1.306409,12924800
1994-10-06,1.886719,1.890625,1.871094,1.882813,1.309124,3686400
1994-10-07,1.875000,1.898438,1.859375,1.894531,1.317272,3318400
1994-10-10,1.890625,1.906250,1.890625,1.906250,1.325421,3161600
1994-10-11,1.917969,1.941406,1.917969,1.937500,1.347149,4000000
1994-10-12,1.933594,1.941406,1.921875,1.937500,1.347149,5376000
1994-10-13,1.953125,1.964844,1.945313,1.957031,1.360729,6182400
1994-10-14,1.949219,1.949219,1.921875,1.929688,1.341717,2275200
1994-10-17,1.929688,1.929688,1.898438,1.914063,1.330852,3081600
1994-10-18,1.914063,1.921875,1.898438,1.906250,1.325421,2876800
1994-10-19,1.898438,1.917969,1.894531,1.898438,1.319989,2153600
1994-10-20,1.898438,1.933594,1.894531,1.925781,1.339000,2304000
1994-10-21,1.910156,1.929688,1.902344,1.902344,1.322704,2774400
1994-10-24,1.886719,1.902344,1.878906,1.878906,1.306409,2883200
1994-10-25,1.871094,1.906250,1.871094,1.902344,1.322704,2489600
1994-10-26,1.902344,1.925781,1.898438,1.906250,1.325421,1929600
1994-10-27,1.898438,1.917969,1.898438,1.914063,1.330852,1600000
1994-10-28,1.917969,1.945313,1.917969,1.921875,1.336284,3558400
1994-10-31,1.917969,1.921875,1.902344,1.902344,1.322704,6425600
1994-11-01,1.898438,1.906250,1.875000,1.882813,1.309124,10233600
1994-11-02,1.875000,1.882813,1.859375,1.863281,1.295544,6179200
1994-11-03,1.867188,1.882813,1.855469,1.882813,1.309124,2156800
1994-11-04,1.875000,1.906250,1.863281,1.863281,1.295544,3043200
1994-11-07,1.910156,1.933594,1.894531,1.921875,1.336284,10070400
1994-11-08,1.921875,1.925781,1.894531,1.914063,1.330852,6518400
1994-11-09,1.929688,1.964844,1.921875,1.949219,1.355296,7756800
1994-11-10,1.949219,1.957031,1.906250,1.906250,1.325421,5347200
1994-11-11,1.902344,1.921875,1.902344,1.906250,1.325421,2595200
1994-11-14,1.910156,1.937500,1.910156,1.933594,1.344433,2713600
1994-11-15,1.933594,1.957031,1.933594,1.953125,1.358013,3980800
1994-11-16,1.953125,2.015625,1.945313,2.003906,1.393321,7200000
1994-11-17,2.000000,2.019531,1.980469,2.015625,1.401469,5804800
1994-11-18,2.011719,2.039063,2.007813,2.023438,1.406901,9363200
1994-11-21,2.027344,2.041016,1.992188,1.992188,1.385173,3459200
1994-11-22,1.992188,2.023438,1.984375,1.984375,1.379741,6825600
1994-11-23,1.988281,2.007813,1.980469,2.000000,1.390605,6083200
1994-11-25,1.996094,2.007813,1.984375,1.984375,1.379741,1062400
1994-11-28,1.988281,2.011719,1.988281,2.000000,1.390605,3670400
1994-11-29,1.992188,2.003906,1.988281,2.000000,1.390605,4000000
1994-11-30,2.003906,2.007813,1.984375,1.996094,1.387889,11564800
1994-12-01,2.000000,2.007813,1.988281,1.988281,1.382457,6483200
1994-12-02,1.992188,2.011719,1.988281,2.011719,1.398753,4380800
1994-12-05,2.003906,2.019531,2.003906,2.011719,1.399428,3366400
1994-12-06,2.007813,2.085938,2.007813,2.066406,1.437470,7337600
1994-12-07,2.058594,2.078125,2.042969,2.074219,1.442905,6390400
1994-12-08,2.062500,2.082031,2.058594,2.058594,1.432036,8131200
1994-12-09,2.042969,2.054688,2.039063,2.046875,1.423884,5315200
1994-12-12,2.015625,2.042969,2.015625,2.039063,1.418449,4403200
1994-12-13,2.035156,2.070313,2.035156,2.062500,1.434753,7648000
1994-12-14,2.062500,2.132813,2.062500,2.125000,1.478231,13977600
1994-12-15,2.125000,2.136719,2.121094,2.125000,1.478231,8396800
1994-12-16,2.125000,2.125000,2.089844,2.089844,1.453775,10723200
1994-12-19,2.089844,2.089844,2.058594,2.062500,1.434753,15187200
1994-12-20,2.175781,2.246094,2.156250,2.238281,1.557033,43113600
1994-12-21,2.226563,2.343750,2.222656,2.316406,1.611380,24771200
1994-12-22,2.292969,2.359375,2.281250,2.355469,1.638553,17996800
1994-12-23,2.339844,2.359375,2.332031,2.343750,1.630402,8636800
1994-12-27,2.343750,2.390625,2.343750,2.382813,1.657575,7526400
1994-12-28,2.375000,2.375000,2.304688,2.308594,1.605946,4976000
1994-12-29,2.308594,2.332031,2.308594,2.324219,1.616815,6352000
1994-12-30,2.328125,2.347656,2.328125,2.332031,1.622250,3795200
1995-01-03,2.312500,2.312500,2.250000,2.250000,1.565185,21308800
1995-01-04,2.250000,2.265625,2.234375,2.246094,1.562468,12208000
1995-01-05,2.242188,2.265625,2.242188,2.246094,1.562468,7913600
1995-01-06,2.238281,2.257813,2.210938,2.230469,1.551598,8915200
1995-01-09,2.222656,2.250000,2.222656,2.246094,1.562468,3152000
1995-01-10,2.253906,2.273438,2.250000,2.250000,1.565185,12022400
1995-01-11,2.253906,2.261719,2.218750,2.242188,1.559750,6268800
1995-01-12,2.238281,2.253906,2.234375,2.242188,1.559750,5088000
1995-01-13,2.234375,2.261719,2.234375,2.253906,1.567903,8243200
1995-01-16,2.250000,2.292969,2.250000,2.281250,1.586923,8688000
1995-01-17,2.273438,2.281250,2.265625,2.273438,1.581488,11456000
1995-01-18,2.273438,2.273438,2.246094,2.265625,1.576054,6342400
1995-01-19,2.257813,2.257813,2.230469,2.238281,1.557033,6080000
1995-01-20,2.238281,2.246094,2.222656,2.246094,1.562468,6521600
1995-01-23,2.238281,2.296875,2.238281,2.296875,1.597794,7571200
1995-01-24,2.289063,2.289063,2.226563,2.261719,1.573337,6934400
1995-01-25,2.246094,2.300781,2.246094,2.281250,1.586923,9116800
1995-01-26,2.277344,2.281250,2.261719,2.269531,1.578772,4147200
1995-01-27,2.281250,2.300781,2.281250,2.285156,1.589641,3292800
1995-01-30,2.277344,2.296875,2.273438,2.273438,1.581488,3984000
1995-01-31,2.257813,2.257813,2.179688,2.218750,1.543447,12064000
1995-02-01,2.203125,2.203125,2.148438,2.183594,1.518991,16278400
1995-02-02,2.187500,2.210938,2.179688,2.183594,1.518991,5372800
1995-02-03,2.187500,2.242188,2.187500,2.218750,1.543447,8195200
1995-02-06,2.226563,2.226563,2.156250,2.164063,1.505404,17148800
1995-02-07,2.171875,2.191406,2.171875,2.183594,1.518991,11196800
1995-02-08,2.183594,2.183594,2.164063,2.171875,1.510838,5497600
1995-02-09,2.171875,2.187500,2.171875,2.171875,1.510838,3776000
1995-02-10,2.175781,2.199219,2.175781,2.195313,1.527143,9104000
1995-02-13,2.199219,2.214844,2.199219,2.207031,1.535295,3561600
1995-02-14,2.203125,2.207031,2.199219,2.207031,1.535295,3011200
1995-02-15,2.214844,2.214844,2.179688,2.183594,1.518991,8390400
1995-02-16,2.191406,2.191406,2.171875,2.187500,1.521708,3865600
1995-02-17,2.187500,2.195313,2.175781,2.191406,1.524426,4051200
1995-02-21,2.187500,2.238281,2.183594,2.234375,1.554317,18086400
1995-02-22,2.230469,2.242188,2.207031,2.234375,1.554317,8960000
1995-02-23,2.242188,2.265625,2.242188,2.265625,1.576054,9280000
1995-02-24,2.265625,2.300781,2.261719,2.300781,1.600511,4032000
1995-02-27,2.312500,2.312500,2.250000,2.269531,1.578772,9699200
1995-02-28,2.273438,2.285156,2.246094,2.246094,1.562468,5424000
1995-03-01,2.246094,2.277344,2.238281,2.277344,1.584207,5024000
1995-03-02,2.281250,2.316406,2.269531,2.316406,1.611380,6790400
1995-03-03,2.308594,2.332031,2.300781,2.324219,1.616815,5792000
1995-03-06,2.316406,2.324219,2.281250,2.308594,1.606616,3830400
1995-03-07,2.308594,2.312500,2.281250,2.289063,1.593023,4364800
1995-03-08,2.296875,2.359375,2.281250,2.339844,1.628364,14953600
1995-03-09,2.335938,2.375000,2.324219,2.343750,1.631082,18537600
1995-03-10,2.351563,2.414063,2.339844,2.390625,1.663703,14540800
1995-03-13,2.390625,2.425781,2.386719,2.417969,1.682734,8636800
1995-03-14,2.417969,2.417969,2.371094,2.371094,1.650112,4982400
1995-03-15,2.375000,2.394531,2.371094,2.386719,1.660985,11113600
1995-03-16,2.382813,2.437500,2.367188,2.437500,1.696325,21235200
1995-03-17,2.390625,2.402344,2.359375,2.382813,1.658267,26892800
1995-03-20,2.382813,2.390625,2.359375,2.367188,1.647394,14745600
1995-03-21,2.375000,2.375000,2.296875,2.304688,1.603898,11769600
1995-03-22,2.308594,2.324219,2.300781,2.316406,1.612052,9296000
1995-03-23,2.308594,2.312500,2.300781,2.308594,1.606616,4742400
1995-03-24,2.316406,2.343750,2.316406,2.328125,1.620208,9068800
1995-03-27,2.339844,2.359375,2.332031,2.355469,1.639237,8268800
1995-03-28,2.355469,2.363281,2.339844,2.339844,1.628364,14179200
1995-03-29,2.343750,2.347656,2.300781,2.308594,1.606616,12550400
1995-03-30,2.324219,2.351563,2.316406,2.332031,1.622927,8108800
1995-03-31,2.312500,2.347656,2.304688,2.343750,1.631082,9408000
1995-04-03,2.335938,2.382813,2.335938,2.378906,1.655548,5408000
1995-04-04,2.382813,2.398438,2.328125,2.375000,1.652830,10179200
1995-04-05,2.375000,2.375000,2.339844,2.367188,1.647394,8041600
1995-04-06,2.371094,2.398438,2.347656,2.355469,1.639237,7840000
1995-04-07,2.363281,2.367188,2.335938,2.343750,1.631082,5068800
1995-04-10,2.343750,2.347656,2.324219,2.339844,1.628364,3043200
1995-04-11,2.343750,2.343750,2.328125,2.339844,1.628364,3046400
1995-04-12,2.332031,2.343750,2.328125,2.343750,1.631082,4384000
1995-04-13,2.343750,2.351563,2.335938,2.339844,1.628364,5398400
1995-04-17,2.339844,2.339844,2.285156,2.296875,1.598460,7491200
1995-04-18,2.304688,2.324219,2.300781,2.324219,1.617489,8403200
1995-04-19,2.324219,2.324219,2.289063,2.292969,1.595743,52777600
1995-04-20,2.289063,2.289063,2.214844,2.269531,1.579431,16284800
1995-04-21,2.289063,2.316406,2.285156,2.285156,1.590305,19561600
1995-04-24,2.285156,2.332031,2.285156,2.312500,1.609334,19683200
1995-04-25,2.312500,2.351563,2.312500,2.339844,1.628364,8102400
1995-04-26,2.347656,2.371094,2.339844,2.359375,1.641956,10918400
1995-04-27,2.359375,2.367188,2.343750,2.363281,1.644674,5449600
1995-04-28,2.382813,2.402344,2.375000,2.394531,1.666422,7740800
1995-05-01,2.386719,2.402344,2.378906,2.402344,1.671860,5548800
1995-05-02,2.406250,2.433594,2.390625,2.417969,1.682734,5705600
1995-05-03,2.425781,2.468750,2.417969,2.464844,1.715355,6979200
1995-05-04,2.468750,2.488281,2.414063,2.414063,1.680015,9110400
1995-05-05,2.425781,2.429688,2.386719,2.398438,1.669140,12192000
1995-05-08,2.390625,2.468750,2.390625,2.449219,1.704481,7264000
1995-05-09,2.453125,2.453125,2.425781,2.449219,1.704481,4736000
1995-05-10,2.441406,2.453125,2.414063,2.445313,1.701763,3561600
1995-05-11,2.445313,2.472656,2.425781,2.449219,1.704481,6185600
1995-05-12,2.449219,2.464844,2.445313,2.457031,1.709918,4819200
1995-05-15,2.457031,2.500000,2.457031,2.496094,1.737103,10096000
1995-05-16,2.492188,2.492188,2.472656,2.472656,1.720792,3100800
1995-05-17,2.476563,2.496094,2.445313,2.488281,1.731666,8112000
1995-05-18,2.488281,2.488281,2.457031,2.457031,1.709918,5756800
1995-05-19,2.460938,2.472656,2.406250,2.449219,1.704481,13603200
1995-05-22,2.453125,2.484375,2.449219,2.480469,1.726228,4227200
1995-05-23,2.488281,2.519531,2.488281,2.515625,1.750695,5715200
1995-05-24,2.511719,2.519531,2.417969,2.445313,1.701763,6307200
1995-05-25,2.441406,2.480469,2.398438,2.472656,1.720792,11692800
1995-05-26,2.488281,2.492188,2.445313,2.449219,1.704481,5235200
1995-05-30,2.441406,2.464844,2.425781,2.437500,1.696325,4867200
1995-05-31,2.445313,2.464844,2.425781,2.464844,1.715355,16784000
1995-06-01,2.460938,2.476563,2.441406,2.460938,1.712636,9843200
1995-06-02,2.453125,2.515625,2.441406,2.507813,1.745257,12908800
1995-06-05,2.511719,2.511719,2.457031,2.468750,1.908309,13763200
1995-06-06,2.457031,2.472656,2.453125,2.468750,1.909059,10537600
1995-06-07,2.476563,2.503906,2.468750,2.503906,1.936245,10960000
1995-06-08,2.500000,2.503906,2.476563,2.488281,1.924164,2521600
1995-06-09,2.480469,2.492188,2.464844,2.492188,1.927184,8016000
1995-06-12,2.500000,2.585938,2.500000,2.574219,1.990618,11974400
1995-06-13,2.574219,2.585938,2.558594,2.566406,1.984577,5001600
1995-06-14,2.558594,2.566406,2.539063,2.546875,1.969472,5920000
1995-06-15,2.550781,2.648438,2.550781,2.605469,2.014784,10716800
1995-06-16,2.613281,2.640625,2.582031,2.636719,2.038949,10473600
1995-06-19,2.632813,2.675781,2.632813,2.671875,2.066135,7564800
1995-06-20,2.664063,2.671875,2.609375,2.625000,2.029886,6582400
1995-06-21,2.632813,2.648438,2.609375,2.625000,2.029886,3625600
1995-06-22,2.617188,2.667969,2.613281,2.660156,2.057072,8025600
1995-06-23,2.648438,2.652344,2.617188,2.632813,2.035928,3212800
1995-06-26,2.625000,2.656250,2.617188,2.617188,2.023845,3769600
1995-06-27,2.617188,2.640625,2.582031,2.585938,1.999679,4185600
1995-06-28,2.585938,2.621094,2.582031,2.601563,2.011763,3004800
1995-06-29,2.585938,2.617188,2.585938,2.609375,2.017803,5484800
1995-06-30,2.613281,2.636719,2.613281,2.625000,2.029886,2707200
1995-07-03,2.617188,2.625000,2.613281,2.625000,2.029886,1123200
1995-07-05,2.632813,2.640625,2.609375,2.636719,2.038949,5056000
1995-07-06,2.628906,2.683594,2.628906,2.679688,2.072175,9011200
1995-07-07,2.679688,2.679688,2.664063,2.671875,2.066135,4377600
1995-07-10,2.675781,2.734375,2.671875,2.718750,2.102382,14214400
1995-07-11,2.757813,2.789063,2.718750,2.722656,2.105403,22092800
1995-07-12,2.726563,2.738281,2.671875,2.675781,2.069155,11299200
1995-07-13,2.675781,2.703125,2.675781,2.695313,2.084258,6150400
1995-07-14,2.683594,2.710938,2.679688,2.710938,2.096339,5408000
1995-07-17,2.718750,2.742188,2.718750,2.726563,2.108423,5180800
1995-07-18,2.718750,2.718750,2.687500,2.695313,2.084258,10428800
1995-07-19,2.687500,2.703125,2.601563,2.621094,2.026866,9286400
1995-07-20,2.625000,2.691406,2.609375,2.679688,2.072175,9491200
1995-07-21,2.683594,2.703125,2.667969,2.683594,2.075197,8659200
1995-07-24,2.691406,2.707031,2.679688,2.703125,2.090299,6604800
1995-07-25,2.707031,2.750000,2.703125,2.746094,2.123527,8083200
1995-07-26,2.750000,2.796875,2.750000,2.777344,2.147692,10374400
1995-07-27,2.785156,2.843750,2.785156,2.839844,2.196023,5993600
1995-07-28,2.898438,2.898438,2.863281,2.863281,2.214147,10940800
1995-07-31,2.859375,2.863281,2.816406,2.824219,2.183940,4294400
1995-08-01,2.832031,2.867188,2.808594,2.851563,2.205085,4822400
1995-08-02,2.875000,2.890625,2.863281,2.890625,2.235292,9136000
1995-08-03,2.890625,2.890625,2.867188,2.886719,2.232271,7715200
1995-08-04,2.906250,2.937500,2.906250,2.925781,2.262477,3635200
1995-08-07,2.921875,3.023438,2.921875,3.003906,2.322890,15561600
1995-08-08,3.000000,3.000000,2.921875,2.941406,2.274560,21862400
1995-08-09,2.925781,2.953125,2.917969,2.941406,2.274560,7238400
1995-08-10,2.941406,2.945313,2.882813,2.894531,2.238311,8604800
1995-08-11,2.890625,2.906250,2.843750,2.859375,2.211126,5526400
1995-08-14,2.867188,2.906250,2.851563,2.871094,2.220188,5126400
1995-08-15,2.871094,2.871094,2.789063,2.835938,2.193002,7836800
1995-08-16,2.816406,2.890625,2.816406,2.886719,2.232271,6832000
1995-08-17,2.906250,2.957031,2.894531,2.921875,2.259456,4969600
1995-08-18,2.925781,2.941406,2.894531,2.898438,2.241332,5024000
1995-08-21,2.921875,2.949219,2.894531,2.914063,2.253416,5052800
1995-08-22,2.921875,2.921875,2.886719,2.894531,2.238311,4976000
1995-08-23,2.894531,2.902344,2.875000,2.902344,2.244354,3283200
1995-08-24,2.902344,2.953125,2.902344,2.953125,2.283622,8454400
1995-08-25,2.949219,2.957031,2.937500,2.945313,2.277580,7718400
1995-08-28,2.953125,2.957031,2.906250,2.953125,2.283622,8889600
1995-08-29,2.953125,2.957031,2.914063,2.917969,2.256436,9500800
1995-08-30,2.921875,2.953125,2.914063,2.953125,2.283622,11424000
1995-08-31,2.960938,2.960938,2.894531,2.894531,2.238311,6352000
1995-09-01,2.894531,2.898438,2.871094,2.890625,2.235292,9731200
1995-09-05,2.882813,2.917969,2.871094,2.894531,2.238311,7110400
1995-09-06,2.894531,2.898438,2.871094,2.878906,2.226976,4982400
1995-09-07,2.875000,2.875000,2.832031,2.851563,2.205824,12272000
1995-09-08,2.851563,2.882813,2.843750,2.863281,2.214889,5395200
1995-09-11,2.875000,2.894531,2.855469,2.855469,2.208846,6332800
1995-09-12,2.863281,2.875000,2.843750,2.855469,2.208846,2147200
1995-09-13,2.871094,2.960938,2.863281,2.914063,2.254172,25862400
1995-09-14,2.937500,2.949219,2.914063,2.921875,2.260214,12131200
1995-09-15,2.906250,2.925781,2.886719,2.890625,2.236041,9852800
1995-09-18,3.015625,3.117188,3.007813,3.113281,2.408277,33942400
1995-09-19,3.113281,3.277344,3.113281,3.250000,2.514034,30892800
1995-09-20,3.234375,3.273438,3.218750,3.261719,2.523099,11923200
1995-09-21,3.261719,3.261719,3.210938,3.218750,2.489863,15382400
1995-09-22,3.207031,3.300781,3.191406,3.292969,2.547275,13292800
1995-09-25,3.289063,3.437500,3.289063,3.437500,2.659076,16684800
1995-09-26,3.382813,3.417969,3.351563,3.359375,2.598642,22851200
1995-09-27,3.347656,3.375000,3.324219,3.359375,2.598642,9894400
1995-09-28,3.355469,3.523438,3.355469,3.472656,2.686270,16595200
1995-09-29,3.492188,3.546875,3.460938,3.472656,2.686270,10390400
1995-10-02,3.476563,3.648438,3.476563,3.644531,2.819226,13481600
1995-10-03,3.585938,3.625000,3.554688,3.593750,2.779943,14476800
1995-10-04,3.585938,3.585938,3.492188,3.492188,2.701379,9548800
1995-10-05,3.488281,3.511719,3.449219,3.476563,2.689293,14320000
1995-10-06,3.484375,3.550781,3.460938,3.468750,2.683249,9344000
1995-10-09,3.468750,3.496094,3.445313,3.468750,2.683249,9299200
1995-10-10,3.437500,3.496094,3.375000,3.433594,2.656054,10332800
1995-10-11,3.425781,3.437500,3.363281,3.386719,2.619795,5561600
1995-10-12,3.390625,3.460938,3.390625,3.406250,2.634902,6825600
1995-10-13,3.437500,3.460938,3.425781,3.437500,2.659076,7590400
1995-10-16,3.429688,3.453125,3.417969,3.433594,2.656054,4412800
1995-10-17,3.445313,3.464844,3.425781,3.425781,2.650010,5376000
1995-10-18,3.429688,3.503906,3.429688,3.503906,2.710445,7971200
1995-10-19,3.523438,3.546875,3.511719,3.511719,2.716487,7104000
1995-10-20,3.500000,3.511719,3.441406,3.464844,2.680228,4736000
1995-10-23,3.472656,3.484375,3.449219,3.476563,2.689293,5168000
1995-10-24,3.484375,3.550781,3.484375,3.550781,2.746703,3929600
1995-10-25,3.562500,3.605469,3.519531,3.519531,2.722531,6976000
1995-10-26,3.531250,3.566406,3.468750,3.488281,2.698356,5510400
1995-10-27,3.453125,3.496094,3.437500,3.496094,2.704401,8396800
1995-10-30,3.488281,3.562500,3.488281,3.562500,2.755769,7107200
1995-10-31,3.593750,3.632813,3.531250,3.539063,2.737638,5920000
1995-11-01,3.531250,3.593750,3.500000,3.593750,2.779943,4006400
1995-11-02,3.593750,3.726563,3.578125,3.718750,2.876635,9723200
1995-11-03,3.718750,3.734375,3.656250,3.703125,2.864549,5929600
1995-11-06,3.703125,3.773438,3.703125,3.750000,2.900810,11211200
1995-11-07,3.750000,3.773438,3.710938,3.750000,2.900810,6768000
1995-11-08,3.765625,3.765625,3.742188,3.765625,2.912896,5712000
1995-11-09,3.765625,3.796875,3.742188,3.781250,2.924984,5422400
1995-11-10,3.789063,3.789063,3.695313,3.734375,2.888723,5680000
1995-11-13,3.734375,3.773438,3.687500,3.765625,2.912896,5705600
1995-11-14,3.773438,3.835938,3.765625,3.812500,2.949157,3025600
1995-11-15,3.843750,3.914063,3.843750,3.906250,3.021677,5398400
1995-11-16,3.875000,3.882813,3.820313,3.843750,2.973329,8771200
1995-11-17,3.812500,3.828125,3.750000,3.757813,2.906854,12539200
1995-11-20,3.757813,3.859375,3.750000,3.812500,2.949157,7051200
1995-11-21,3.812500,3.812500,3.742188,3.742188,2.894767,5681600
1995-11-22,3.742188,3.742188,3.648438,3.710938,2.870592,5867200
1995-11-24,3.742188,3.796875,3.734375,3.750000,2.900810,1388800
1995-11-27,3.796875,3.828125,3.632813,3.648438,2.822247,4568000
1995-11-28,3.609375,3.664063,3.570313,3.585938,2.773900,8944000
1995-11-29,3.593750,3.687500,3.570313,3.648438,2.822247,9164800
1995-11-30,3.656250,3.656250,3.585938,3.625000,2.804116,6592000
1995-12-01,3.625000,3.695313,3.617188,3.656250,2.828289,6913600
1995-12-04,3.703125,3.726563,3.656250,3.664063,2.834334,8017600
1995-12-05,3.671875,3.812500,3.664063,3.796875,2.937070,9006400
1995-12-06,3.781250,3.898438,3.781250,3.843750,2.975194,7476800
1995-12-07,3.851563,3.859375,3.804688,3.835938,2.969148,6852800
1995-12-08,3.851563,3.867188,3.820313,3.843750,2.975194,4558400
1995-12-11,3.843750,3.843750,3.726563,3.734375,2.890535,4996800
1995-12-12,3.734375,3.781250,3.734375,3.765625,2.914723,7758400
1995-12-13,3.773438,3.937500,3.773438,3.937500,3.047761,8942400
1995-12-14,3.921875,3.992188,3.890625,3.937500,3.047761,6712000
1995-12-15,3.937500,4.000000,3.890625,3.992188,3.090091,8892800
1995-12-18,3.992188,3.992188,3.812500,3.875000,2.999384,5284800
1995-12-19,4.093750,4.093750,3.953125,4.000000,3.096138,18380800
1995-12-20,4.031250,4.066406,3.984375,4.015625,3.108231,6960000
1995-12-21,4.031250,4.226563,4.031250,4.226563,3.271505,8600000
1995-12-22,4.250000,4.312500,4.125000,4.132813,3.198938,8355200
1995-12-26,4.125000,4.171875,4.078125,4.171875,3.229175,4452800
1995-12-27,4.187500,4.210938,4.125000,4.203125,3.253363,3648000
1995-12-28,4.210938,4.382813,4.203125,4.375000,3.386401,10052800
1995-12-29,4.375000,4.398438,4.335938,4.351563,3.368260,7123200
1996-01-02,4.296875,4.460938,4.296875,4.445313,3.440825,10395200
1996-01-03,4.437500,4.453125,4.304688,4.312500,3.338024,13633600
1996-01-04,4.320313,4.328125,4.195313,4.265625,3.301740,12779200
1996-01-05,4.203125,4.226563,4.109375,4.132813,3.198938,5228800
1996-01-08,4.125000,4.203125,4.125000,4.203125,3.253363,1556800
1996-01-09,4.226563,4.265625,4.046875,4.117188,3.186845,5937600
1996-01-10,4.085938,4.101563,4.039063,4.101563,3.174750,7612800
1996-01-11,4.085938,4.289063,3.976563,4.250000,3.289646,11558400
1996-01-12,4.242188,4.265625,4.109375,4.218750,3.265457,8971200
1996-01-15,4.210938,4.234375,4.109375,4.132813,3.198938,3432000
1996-01-16,4.148438,4.179688,4.078125,4.179688,3.235222,7496000
1996-01-17,4.195313,4.226563,4.148438,4.218750,3.265457,6654400
1996-01-18,4.210938,4.320313,4.187500,4.296875,3.325930,8256000
1996-01-19,4.359375,4.375000,4.304688,4.304688,3.331976,9075200
1996-01-22,4.289063,4.359375,4.281250,4.328125,3.350117,10084800
1996-01-23,4.320313,4.328125,4.296875,4.320313,3.344071,3976000
1996-01-24,4.312500,4.398438,4.304688,4.320313,3.344071,5444800
1996-01-25,4.335938,4.382813,4.304688,4.312500,3.338024,5620800
1996-01-26,4.304688,4.328125,4.281250,4.312500,3.338024,5288000
1996-01-29,4.289063,4.312500,4.273438,4.296875,3.325930,4731200
1996-01-30,4.320313,4.375000,4.312500,4.312500,3.338024,9494400
1996-01-31,4.320313,4.382813,4.312500,4.359375,3.374306,9726400
1996-02-01,4.171875,4.242188,4.093750,4.226563,3.271505,41134400
1996-02-02,4.210938,4.304688,4.164063,4.242188,3.283599,10264000
1996-02-05,4.218750,4.242188,4.179688,4.226563,3.271505,8408000
1996-02-06,4.218750,4.242188,4.156250,4.218750,3.265457,9115200
1996-02-07,4.234375,4.273438,4.164063,4.257813,3.295694,5588800
1996-02-08,4.296875,4.304688,4.218750,4.273438,3.307788,5080000
1996-02-09,4.242188,4.312500,4.242188,4.250000,3.289646,7420800
1996-02-12,4.273438,4.304688,4.273438,4.289063,3.319884,3478400
1996-02-13,4.273438,4.296875,4.234375,4.265625,3.301740,5488000
1996-02-14,4.273438,4.304688,4.085938,4.187500,3.241268,6457600
1996-02-15,4.164063,4.304688,4.156250,4.226563,3.271505,7164800
1996-02-16,4.218750,4.250000,4.171875,4.203125,3.253363,4833600
1996-02-20,4.210938,4.218750,4.140625,4.148438,3.211033,3678400
1996-02-21,4.132813,4.234375,4.093750,4.195313,3.247316,10569600
1996-02-22,4.210938,4.226563,4.148438,4.156250,3.217081,6884800
1996-02-23,4.164063,4.179688,4.054688,4.062500,3.144514,9232000
1996-02-26,4.007813,4.046875,3.968750,3.976563,3.077996,15825600
1996-02-27,4.000000,4.101563,3.976563,4.062500,3.144514,11452800
1996-02-28,4.078125,4.125000,4.031250,4.039063,3.126373,9171200
1996-02-29,4.007813,4.125000,4.000000,4.062500,3.144514,12088000
1996-03-01,4.085938,4.218750,4.085938,4.203125,3.253363,9683200
1996-03-04,4.195313,4.296875,4.148438,4.234375,3.277551,7580800
1996-03-05,4.234375,4.367188,4.234375,4.343750,3.362212,10072000
1996-03-06,4.562500,4.585938,4.515625,4.539063,3.515317,22336000
1996-03-07,4.570313,4.648438,4.539063,4.625000,3.581871,15696000
1996-03-08,4.500000,4.625000,4.406250,4.492188,3.479016,12123200
1996-03-11,4.476563,4.625000,4.468750,4.593750,3.557669,9852800
1996-03-12,4.609375,4.742188,4.609375,4.718750,3.654477,11529600
1996-03-13,4.804688,4.890625,4.804688,4.890625,3.787586,10899200
1996-03-14,4.890625,4.953125,4.773438,4.921875,3.811789,20806400
1996-03-15,4.906250,4.984375,4.781250,4.976563,3.854142,19321600
1996-03-18,5.000000,5.015625,4.882813,4.976563,3.854142,8780800
1996-03-19,5.015625,5.023438,4.906250,4.968750,3.848091,9083200
1996-03-20,4.992188,4.992188,4.914063,4.960938,3.842040,7891200
1996-03-21,4.937500,5.046875,4.929688,5.015625,3.884395,7942400
1996-03-22,5.039063,5.179688,5.039063,5.164063,3.999353,10187200
1996-03-25,5.250000,5.335938,5.203125,5.304688,4.108262,13441600
1996-03-26,5.304688,5.343750,5.265625,5.343750,4.138516,10056000
1996-03-27,5.359375,5.367188,5.195313,5.257813,4.071960,9131200
1996-03-28,5.257813,5.281250,5.148438,5.164063,3.999353,5843200
1996-03-29,5.171875,5.179688,5.070313,5.078125,3.932799,8342400
1996-04-01,5.078125,5.187500,5.078125,5.164063,3.999353,11281600
1996-04-02,5.187500,5.187500,5.039063,5.046875,3.908597,8900800
1996-04-03,5.054688,5.054688,4.914063,4.984375,3.860192,12940800
1996-04-04,5.093750,5.195313,5.085938,5.117188,3.963052,16432000
1996-04-08,5.031250,5.070313,4.976563,5.062500,3.920698,11348800
1996-04-09,5.070313,5.101563,4.859375,5.062500,3.920698,16465600
1996-04-10,5.046875,5.171875,5.046875,5.148438,3.987254,13667200
1996-04-11,5.312500,5.320313,5.179688,5.218750,4.041706,11907200
1996-04-12,5.203125,5.304688,5.203125,5.296875,4.102212,4848000
1996-04-15,5.343750,5.367188,5.312500,5.367188,4.156663,6891200
1996-04-16,5.367188,5.562500,5.343750,5.523438,4.277675,13417600
1996-04-17,5.484375,5.914063,5.484375,5.796875,4.489440,19065600
1996-04-18,5.781250,5.859375,5.679688,5.687500,4.404735,12838400
1996-04-19,5.687500,5.687500,5.625000,5.687500,4.404735,12342400
1996-04-22,5.664063,5.679688,5.609375,5.640625,4.368429,8900800
1996-04-23,5.632813,5.632813,5.578125,5.601563,4.338180,5646400
1996-04-24,5.625000,5.648438,5.554688,5.609375,4.344231,7129600
1996-04-25,5.562500,5.578125,5.468750,5.500000,4.259522,10630400
1996-04-26,5.515625,5.554688,5.492188,5.531250,4.283727,4556800
1996-04-29,5.531250,5.562500,5.523438,5.562500,4.307927,3494400
1996-04-30,5.554688,5.554688,5.445313,5.468750,4.235321,6937600
1996-05-01,5.476563,5.601563,5.468750,5.531250,4.283727,10347200
1996-05-02,5.523438,5.609375,5.468750,5.468750,4.235321,8828800
1996-05-03,5.507813,5.601563,5.500000,5.585938,4.326077,7916800
1996-05-06,5.585938,5.632813,5.539063,5.570313,4.313977,5483200
1996-05-07,5.687500,5.859375,5.640625,5.796875,4.489440,12051200
1996-05-08,5.781250,5.859375,5.664063,5.851563,4.531792,10968000
1996-05-09,5.851563,5.851563,5.718750,5.742188,4.447088,6827200
1996-05-10,5.773438,5.937500,5.773438,5.820313,4.507590,6172800
1996-05-13,5.843750,6.062500,5.835938,6.023438,4.664902,7827200
1996-05-14,6.031250,6.109375,6.023438,6.031250,4.670953,8332800
1996-05-15,6.015625,6.031250,5.843750,5.867188,4.543895,10342400
1996-05-16,5.859375,5.882813,5.804688,5.867188,4.543895,11876800
1996-05-17,5.867188,5.945313,5.867188,5.929688,4.592296,8881600
1996-05-20,5.968750,6.015625,5.929688,6.007813,4.652802,6801600
1996-05-21,6.023438,6.289063,6.023438,6.257813,4.846416,14939200
1996-05-22,6.289063,6.476563,6.164063,6.187500,4.791963,18670400
1996-05-23,6.210938,6.437500,6.210938,6.328125,4.900871,10153600
1996-05-24,6.250000,6.414063,6.250000,6.335938,4.906922,7545600
1996-05-28,6.359375,6.507813,6.148438,6.148438,4.761711,12008000
1996-05-29,6.210938,6.304688,6.187500,6.210938,4.810112,9708800
1996-05-30,6.210938,6.281250,6.156250,6.234375,4.828268,6931200
1996-05-31,6.250000,6.304688,6.234375,6.273438,4.858519,5004800
1996-06-03,6.265625,6.351563,6.234375,6.296875,4.876670,3027200
1996-06-04,6.312500,6.328125,6.164063,6.218750,4.816168,5696000
1996-06-05,6.203125,6.492188,6.195313,6.484375,5.023804,8473600
1996-06-06,6.539063,6.593750,6.468750,6.515625,5.048015,12459200
1996-06-07,6.250000,6.609375,6.234375,6.531250,5.060119,10000000
1996-06-10,6.515625,6.554688,6.476563,6.554688,5.078279,3795200
1996-06-11,6.656250,6.710938,6.578125,6.601563,5.114596,5283200
1996-06-12,6.570313,6.742188,6.539063,6.726563,5.211441,6416000
1996-06-13,6.710938,6.710938,6.593750,6.601563,5.114596,4980800
1996-06-14,6.617188,6.617188,6.554688,6.570313,5.090384,3532800
1996-06-17,6.531250,6.578125,6.476563,6.492188,5.029858,4105600
1996-06-18,6.507813,6.515625,6.367188,6.382813,4.945115,5196800
1996-06-19,6.390625,6.453125,6.265625,6.273438,4.860378,7136000
1996-06-20,6.250000,6.257813,6.078125,6.132813,4.751430,8872000
1996-06-21,6.203125,6.492188,6.203125,6.492188,5.029858,10321600
1996-06-24,6.531250,6.531250,6.382813,6.437500,4.987489,6251200
1996-06-25,6.453125,6.476563,6.234375,6.328125,4.902747,11723200
1996-06-26,6.281250,6.328125,6.242188,6.281250,4.866429,5504000
1996-06-27,6.281250,6.328125,6.257813,6.257813,4.848272,4624000
1996-06-28,6.296875,6.500000,6.281250,6.421875,4.975380,9721600
1996-07-01,6.429688,6.531250,6.390625,6.515625,5.048015,4928000
1996-07-02,6.609375,6.640625,6.507813,6.609375,5.120646,7788800
1996-07-03,6.687500,6.843750,6.664063,6.812500,5.278019,12296000
1996-07-05,6.687500,6.710938,6.562500,6.640625,5.144860,5672000
1996-07-08,6.656250,6.796875,6.484375,6.515625,5.048015,12600000
1996-07-09,6.796875,6.906250,6.750000,6.796875,5.265915,30236800
1996-07-10,6.812500,6.828125,6.554688,6.703125,5.193282,16140800
1996-07-11,6.710938,6.710938,6.203125,6.500000,5.035907,16228800
1996-07-12,6.562500,6.695313,6.515625,6.632813,5.138805,16288000
1996-07-15,6.664063,6.664063,6.375000,6.375000,4.939065,9044800
1996-07-16,6.382813,6.492188,6.187500,6.406250,4.963276,24523200
1996-07-17,6.484375,6.523438,6.421875,6.437500,4.987489,10819200
1996-07-18,6.453125,6.578125,6.375000,6.539063,5.066171,7963200
1996-07-19,6.523438,6.523438,6.312500,6.312500,4.890643,9822400
1996-07-22,6.250000,6.320313,6.164063,6.250000,4.842220,7740800
1996-07-23,6.265625,6.398438,6.210938,6.328125,4.902747,9492800
1996-07-24,6.203125,6.390625,6.085938,6.179688,4.787745,16254400
1996-07-25,6.242188,6.273438,6.078125,6.093750,4.721165,12075200
1996-07-26,6.078125,6.210938,5.984375,6.125000,4.745376,9022400
1996-07-29,6.109375,6.382813,6.101563,6.265625,4.854325,8289600
1996-07-30,6.328125,6.476563,6.273438,6.476563,5.017752,9043200
1996-07-31,6.437500,6.546875,6.375000,6.429688,4.981432,7326400
1996-08-01,6.445313,6.617188,6.445313,6.609375,5.120646,8406400
1996-08-02,6.671875,6.828125,6.664063,6.789063,5.259861,12462400
1996-08-05,6.773438,6.781250,6.718750,6.757813,5.235652,7068800
1996-08-06,6.750000,6.859375,6.750000,6.781250,5.253809,6878400
1996-08-07,6.812500,6.843750,6.757813,6.757813,5.235652,5364800
1996-08-08,6.765625,6.773438,6.710938,6.726563,5.211441,6804800
1996-08-09,6.742188,6.742188,6.632813,6.632813,5.138805,6892800
1996-08-12,6.617188,6.710938,6.593750,6.710938,5.199335,3636800
1996-08-13,6.687500,6.710938,6.625000,6.664063,5.163017,2196800
1996-08-14,6.632813,6.656250,6.562500,6.562500,5.084332,6382400
1996-08-15,6.562500,6.562500,6.445313,6.492188,5.029858,9700800
1996-08-16,6.500000,6.578125,6.500000,6.531250,5.060119,5857600
1996-08-19,6.570313,6.656250,6.562500,6.648438,5.150912,3353600
1996-08-20,6.656250,6.781250,6.648438,6.781250,5.253809,5921600
1996-08-21,6.781250,6.804688,6.687500,6.695313,5.187228,2646400
1996-08-22,6.687500,6.804688,6.664063,6.796875,5.265915,3611200
1996-08-23,6.851563,6.851563,6.671875,6.710938,5.199335,5232000
1996-08-26,6.687500,6.710938,6.640625,6.679688,5.175123,3889600
1996-08-27,6.679688,6.781250,6.648438,6.773438,5.247759,3118400
1996-08-28,6.765625,6.953125,6.765625,6.859375,5.314338,14088000
1996-08-29,6.835938,6.835938,6.656250,6.773438,5.247759,4768000
1996-08-30,6.757813,6.765625,6.648438,6.750000,5.229599,3902400
1996-09-03,6.648438,6.750000,6.617188,6.726563,5.211441,5414400
1996-09-04,6.718750,6.890625,6.718750,6.843750,5.304109,13192000
1996-09-05,6.828125,6.843750,6.703125,6.703125,5.195119,5587200
1996-09-06,6.781250,6.898438,6.765625,6.867188,5.322272,7460800
1996-09-09,6.882813,7.078125,6.859375,7.078125,5.485754,9476800
1996-09-10,7.085938,7.210938,7.078125,7.164063,5.552360,8603200
1996-09-11,7.140625,7.351563,7.117188,7.343750,5.691622,18451200
1996-09-12,7.390625,7.531250,7.312500,7.500000,5.812721,12840000
1996-09-13,7.539063,7.593750,7.437500,7.515625,5.824831,15142400
1996-09-16,7.531250,7.687500,7.398438,7.601563,5.891434,22630400
1996-09-17,7.656250,7.796875,7.640625,7.773438,6.024643,17790400
1996-09-18,7.781250,7.781250,7.703125,7.703125,5.970148,9265600
1996-09-19,7.679688,7.796875,7.664063,7.773438,6.024643,8331200
1996-09-20,7.789063,7.843750,7.765625,7.812500,6.054916,10635200
1996-09-23,7.804688,7.812500,7.742188,7.765625,6.018587,7284800
1996-09-24,7.765625,7.789063,7.687500,7.734375,5.994368,9664000
1996-09-25,7.742188,7.742188,7.664063,7.671875,5.945930,6062400
1996-09-26,7.679688,7.687500,7.492188,7.500000,5.812721,8227200
1996-09-27,7.507813,7.609375,7.429688,7.601563,5.891434,6518400
1996-09-30,7.648438,7.679688,7.578125,7.609375,5.897492,4865600
1996-10-01,7.625000,7.632813,7.515625,7.539063,5.842996,5584000
1996-10-02,7.593750,7.664063,7.546875,7.632813,5.915654,5392000
1996-10-03,7.671875,7.835938,7.671875,7.757813,6.012533,11920000
1996-10-04,7.859375,7.898438,7.757813,7.765625,6.018587,10520000
1996-10-07,7.789063,7.843750,7.765625,7.773438,6.024643,4107200
1996-10-08,7.781250,7.781250,7.562500,7.570313,5.867215,8292800
1996-10-09,7.578125,7.656250,7.539063,7.578125,5.873269,7217600
1996-10-10,7.546875,7.585938,7.484375,7.515625,5.824831,7144000
1996-10-11,7.609375,7.609375,7.468750,7.468750,5.788503,9512000
1996-10-14,7.468750,7.625000,7.460938,7.625000,5.909601,9470400
1996-10-15,7.640625,7.671875,7.468750,7.492188,5.806668,8992000
1996-10-16,7.507813,7.609375,7.468750,7.570313,5.867215,8377600
1996-10-17,7.601563,7.648438,7.578125,7.593750,5.885382,5475200
1996-10-18,7.609375,7.609375,7.515625,7.539063,5.842996,6798400
1996-10-21,7.523438,7.765625,7.515625,7.687500,5.958039,7796800
1996-10-22,7.687500,7.726563,7.578125,7.617188,5.903544,4686400
1996-10-23,7.617188,7.625000,7.484375,7.570313,5.867215,7558400
1996-10-24,7.562500,7.859375,7.546875,7.765625,6.018587,11611200
1996-10-25,7.843750,7.968750,7.750000,7.875000,6.103358,10563200
1996-10-28,7.953125,8.000000,7.750000,7.781250,6.030699,9272000
1996-10-29,7.812500,7.828125,7.546875,7.609375,5.897492,9288800
1996-10-30,7.609375,7.625000,7.296875,7.468750,5.788503,12857600
1996-10-31,7.437500,7.437500,7.187500,7.390625,5.727952,12772000
1996-11-01,7.421875,7.484375,6.687500,6.843750,5.304109,65710400
1996-11-04,6.953125,6.968750,6.781250,6.843750,5.304109,26155200
1996-11-05,6.875000,6.890625,6.453125,6.750000,5.231451,52776000
1996-11-06,6.812500,7.046875,6.781250,6.984375,5.413096,30355200
1996-11-07,7.000000,7.156250,7.000000,7.046875,5.461536,18374400
1996-11-08,7.031250,7.281250,6.968750,7.234375,5.606854,10179200
1996-11-11,7.250000,7.343750,7.125000,7.171875,5.558414,13295200
1996-11-12,7.203125,7.234375,6.968750,7.031250,5.449426,12193600
1996-11-13,7.062500,7.062500,6.906250,6.921875,5.364657,9078400
1996-11-14,6.921875,6.921875,6.765625,6.796875,5.267779,13043200
1996-11-15,6.859375,7.000000,6.843750,6.953125,5.388877,13841600
1996-11-18,7.031250,7.109375,6.906250,6.953125,5.388877,7896000
1996-11-19,6.937500,6.937500,6.796875,6.843750,5.304109,9620800
1996-11-20,6.859375,6.859375,6.609375,6.671875,5.170899,19510400
1996-11-21,6.781250,6.796875,6.578125,6.656250,5.158790,13453600
1996-11-22,6.687500,7.000000,6.687500,7.000000,5.425207,12428000
1996-11-25,7.109375,7.109375,6.875000,6.968750,5.400987,9857600
1996-11-26,7.046875,7.078125,6.937500,6.953125,5.388877,11151200
1996-11-27,6.953125,7.000000,6.859375,6.984375,5.413096,7745600
1996-11-29,7.078125,7.140625,7.031250,7.109375,5.509975,4118400
1996-12-02,7.125000,7.187500,7.031250,7.187500,5.570528,6196000
1996-12-03,7.218750,7.312500,6.906250,6.968750,5.400987,14370400
1996-12-04,6.968750,7.187500,6.859375,7.187500,5.570528,14949600
1996-12-05,7.187500,7.250000,7.062500,7.109375,5.509975,7948000
1996-12-06,6.796875,7.046875,6.796875,7.015625,5.437314,8372800
1996-12-09,7.046875,7.156250,7.031250,7.125000,5.522085,7147200
1996-12-10,7.156250,7.156250,6.984375,7.000000,5.425207,8819200
1996-12-11,6.843750,6.937500,6.781250,6.828125,5.291999,15811200
1996-12-12,6.843750,6.921875,6.734375,6.734375,5.219338,14439200
1996-12-13,6.718750,6.718750,6.437500,6.515625,5.054492,16056800
1996-12-16,6.531250,6.875000,6.515625,6.625000,5.139341,15107200
1996-12-17,6.546875,6.718750,6.531250,6.578125,5.102978,14852800
1996-12-18,6.703125,7.382813,6.671875,7.375000,5.721154,10237600
1996-12-19,7.437500,7.703125,7.421875,7.609375,5.902966,37416800
1996-12-20,7.718750,7.750000,7.640625,7.687500,5.963575,16568000
1996-12-23,7.671875,7.812500,7.593750,7.625000,5.915089,8096000
1996-12-24,7.625000,7.781250,7.593750,7.718750,5.987816,4056000
1996-12-26,7.765625,7.796875,7.671875,7.796875,6.048420,4151200
1996-12-27,7.828125,7.843750,7.703125,7.750000,6.012059,3163200
1996-12-30,7.750000,7.750000,7.593750,7.656250,5.939332,5312000
1996-12-31,7.671875,7.671875,7.421875,7.500000,5.818122,8338400
1997-01-02,7.468750,7.484375,7.234375,7.453125,5.781758,11778400
1997-01-03,7.562500,7.703125,7.531250,7.562500,5.866608,5774400
1997-01-06,7.734375,7.812500,7.562500,7.593750,5.890848,10281600
1997-01-07,7.546875,7.578125,7.453125,7.484375,5.806001,8089600
1997-01-08,7.500000,7.640625,7.421875,7.437500,5.769635,12529600
1997-01-09,7.484375,7.609375,7.484375,7.578125,5.878726,10835200
1997-01-10,7.437500,7.671875,7.437500,7.625000,5.915089,9521600
1997-01-13,7.671875,7.734375,7.484375,7.515625,5.830243,10945600
1997-01-14,7.578125,7.750000,7.578125,7.687500,5.963575,11922400
1997-01-15,7.656250,7.718750,7.625000,7.703125,5.975696,9804000
1997-01-16,7.734375,7.843750,7.718750,7.734375,5.999938,13860800
1997-01-17,7.734375,8.093750,7.734375,8.062500,6.254480,20928000
1997-01-20,8.078125,8.406250,8.046875,8.343750,6.472656,15778400
1997-01-21,8.250000,8.343750,8.203125,8.265625,6.412055,11376000
1997-01-22,8.296875,8.484375,8.250000,8.453125,6.557507,10971200
1997-01-23,8.531250,8.671875,8.281250,8.296875,6.436295,17328000
1997-01-24,8.265625,8.437500,8.187500,8.265625,6.412055,9737600
1997-01-27,8.234375,8.250000,8.109375,8.125000,6.302965,6282400
1997-01-28,8.250000,8.328125,8.078125,8.125000,6.302965,6722400
1997-01-29,8.156250,8.281250,8.156250,8.281250,6.424175,4300000
1997-01-30,8.359375,8.375000,8.203125,8.296875,6.436295,8577600
1997-01-31,8.421875,8.546875,8.328125,8.546875,6.630235,7751200
1997-02-03,8.515625,8.593750,8.453125,8.468750,6.569627,8217600
1997-02-04,8.375000,8.375000,8.250000,8.296875,6.436295,6952800
1997-02-05,8.296875,8.359375,7.890625,8.156250,6.327206,9160800
1997-02-06,8.125000,8.187500,7.921875,7.984375,6.193876,8655200
1997-02-07,8.171875,8.171875,8.031250,8.171875,6.339328,8605600
1997-02-10,8.218750,8.531250,8.187500,8.468750,6.569627,11100000
1997-02-11,8.500000,8.578125,8.437500,8.562500,6.642353,6984800
1997-02-12,8.562500,8.906250,8.562500,8.906250,6.909019,13146400
1997-02-13,8.875000,9.500000,8.843750,9.468750,7.345377,20280000
1997-02-14,9.281250,9.390625,9.187500,9.359375,7.260530,17065600
1997-02-18,9.203125,9.484375,9.046875,9.437500,7.321139,11239200
1997-02-19,9.421875,9.546875,9.203125,9.281250,7.199927,11107200
1997-02-20,9.187500,9.343750,9.093750,9.234375,7.163561,12408800
1997-02-21,9.203125,9.234375,9.125000,9.187500,7.127200,8203200
1997-02-24,9.062500,9.187500,8.984375,9.078125,7.042351,8005600
1997-02-25,9.140625,9.343750,9.015625,9.312500,7.224167,8991200
1997-02-26,9.281250,9.406250,9.062500,9.375000,7.272651,11241600
1997-02-27,9.375000,9.468750,9.265625,9.265625,7.187804,6457600
1997-02-28,9.093750,9.156250,8.937500,8.984375,6.969625,9372000
1997-03-03,8.843750,8.906250,8.703125,8.859375,6.872653,11350400
1997-03-04,8.968750,9.140625,8.937500,8.953125,6.945384,7558400
1997-03-05,9.000000,9.062500,8.906250,8.953125,6.945384,4572000
1997-03-06,8.984375,9.046875,8.906250,8.921875,6.921144,6551200
1997-03-07,8.906250,8.968750,8.531250,8.562500,6.642353,9776000
1997-03-10,8.562500,8.562500,8.328125,8.375000,6.496902,21879200
1997-03-11,7.875000,8.406250,7.875000,8.296875,6.436295,65299200
1997-03-12,8.312500,8.406250,7.921875,8.234375,6.387812,19391200
1997-03-13,8.312500,8.343750,8.046875,8.062500,6.254480,13781600
1997-03-14,8.156250,8.250000,8.140625,8.203125,6.363572,10773600
1997-03-17,8.218750,8.218750,8.000000,8.203125,6.363572,8556800
1997-03-18,8.156250,8.265625,8.093750,8.187500,6.356290,10819200
1997-03-19,8.203125,8.671875,8.109375,8.531250,6.623158,20067200
1997-03-20,8.562500,8.718750,8.375000,8.437500,6.550379,15308000
1997-03-21,8.625000,8.671875,8.109375,8.156250,6.332029,31067200
1997-03-24,8.234375,8.234375,7.906250,8.046875,6.247118,20025600
1997-03-25,8.078125,8.218750,8.046875,8.156250,6.332029,17813600
1997-03-26,8.140625,8.218750,8.078125,8.156250,6.332029,11981600
1997-03-27,8.140625,8.156250,7.937500,7.953125,6.174337,9844800
1997-03-31,7.875000,7.875000,7.671875,7.734375,6.004513,14300000
1997-04-01,7.718750,7.812500,7.531250,7.796875,6.053032,16017600
1997-04-02,7.843750,7.906250,7.562500,7.640625,5.931732,14578400
1997-04-03,7.578125,7.609375,7.250000,7.359375,5.713385,21554400
1997-04-04,7.156250,7.453125,7.156250,7.390625,5.737646,20128000
1997-04-07,7.531250,7.531250,6.406250,6.859375,5.325214,108052800
1997-04-08,7.093750,7.093750,6.593750,6.843750,5.313082,60657600
1997-04-09,6.968750,7.062500,6.750000,7.046875,5.470778,33796800
1997-04-10,7.046875,7.093750,6.953125,6.968750,5.410125,14685600
1997-04-11,6.968750,7.046875,6.859375,6.875000,5.337346,12316800
1997-04-14,7.015625,7.078125,6.906250,7.062500,5.482906,11925600
1997-04-15,7.281250,7.328125,7.062500,7.296875,5.664865,19558400
1997-04-16,7.281250,7.390625,7.187500,7.250000,5.628471,15995200
1997-04-17,7.265625,7.328125,6.593750,6.765625,5.252432,57412800
1997-04-18,6.812500,6.859375,6.421875,6.515625,5.058346,48961600
1997-04-21,6.593750,6.687500,6.546875,6.562500,5.094738,15800000
1997-04-22,6.609375,6.671875,6.531250,6.640625,5.155388,13605600
1997-04-23,6.671875,6.796875,6.656250,6.796875,5.276692,15935200
1997-04-24,6.828125,6.890625,6.781250,6.843750,5.313082,15203200
1997-04-25,6.906250,7.062500,6.890625,7.015625,5.446518,17400000
1997-04-28,6.843750,6.906250,6.531250,6.671875,5.179651,25024000
1997-04-29,6.750000,6.843750,6.671875,6.843750,5.313082,14053600
1997-04-30,6.859375,7.140625,6.828125,7.031250,5.458647,17342400
1997-05-01,7.078125,7.203125,7.046875,7.187500,5.579950,16620800
1997-05-02,7.187500,7.187500,6.906250,6.984375,5.422256,18538400
1997-05-05,7.046875,7.437500,7.015625,7.343750,5.701254,18021600
1997-05-06,7.359375,7.453125,7.250000,7.312500,5.676993,19728000
1997-05-07,7.281250,7.328125,7.187500,7.218750,5.604212,10238400
1997-05-08,7.156250,7.218750,7.000000,7.031250,5.458647,13827200
1997-05-09,7.062500,7.093750,6.906250,7.000000,5.434388,17100800
1997-05-12,7.000000,7.031250,6.937500,7.031250,5.458647,20164800
1997-05-13,7.000000,7.109375,6.984375,7.093750,5.507168,15238400
1997-05-14,7.125000,7.359375,7.046875,7.156250,5.555690,26992000
1997-05-15,7.125000,7.203125,7.093750,7.171875,5.567822,15570400
1997-05-16,7.125000,7.125000,6.718750,6.812500,5.288823,55036000
1997-05-19,6.937500,6.953125,6.843750,6.937500,5.385866,19595200
1997-05-20,6.984375,7.078125,6.953125,7.062500,5.482906,18668800
1997-05-21,7.093750,7.125000,6.968750,7.109375,5.519298,19121600
1997-05-22,7.140625,7.203125,6.875000,7.000000,5.434388,26205600
1997-05-23,7.015625,7.093750,6.859375,7.015625,5.446518,23476800
1997-05-27,7.031250,7.531250,7.031250,7.515625,5.834688,31323200
1997-05-28,7.609375,8.312500,7.593750,8.000000,6.210727,50995200
1997-05-29,6.781250,7.031250,6.750000,6.921875,5.373734,157445600
1997-05-30,6.937500,7.203125,6.859375,7.187500,5.579950,58500800
1997-06-02,7.218750,7.218750,6.984375,7.046875,5.470778,21775200
1997-06-03,7.046875,7.046875,6.906250,6.921875,5.373734,20666400
1997-06-04,6.937500,7.046875,6.875000,6.937500,5.385866,22621600
1997-06-05,6.968750,7.031250,6.859375,6.890625,5.349474,19127200
1997-06-06,6.890625,6.968750,6.859375,6.968750,5.410125,15915200
1997-06-09,7.078125,7.171875,6.937500,7.125000,5.531429,16161600
1997-06-10,7.187500,7.359375,7.156250,7.265625,5.640603,15350400
1997-06-11,7.265625,7.375000,7.250000,7.359375,5.713385,18057600
1997-06-12,7.375000,7.406250,7.218750,7.312500,5.676993,16356000
1997-06-13,7.375000,7.484375,7.359375,7.406250,5.749776,16402400
1997-06-16,7.375000,7.625000,7.328125,7.593750,5.900321,18450400
1997-06-17,7.453125,7.765625,7.406250,7.484375,5.815335,30969600
1997-06-18,7.468750,7.593750,7.406250,7.546875,5.863897,10886400
1997-06-19,7.625000,7.656250,7.515625,7.625000,5.924601,13938400
1997-06-20,7.609375,7.625000,7.468750,7.500000,5.827476,12279200
1997-06-23,7.484375,7.500000,7.328125,7.359375,5.718210,9364800
1997-06-24,7.398438,7.539063,7.343750,7.484375,5.815335,14157600
1997-06-25,7.468750,7.617188,7.406250,7.484375,5.815335,13535200
1997-06-26,7.500000,7.578125,7.218750,7.281250,5.657509,14824000
1997-06-27,7.312500,7.343750,7.171875,7.296875,5.669648,13441600
1997-06-30,7.453125,7.468750,7.187500,7.296875,5.669648,11793600
1997-07-01,7.265625,7.406250,7.234375,7.250000,5.633225,9890400
1997-07-02,7.000000,7.312500,6.953125,7.171875,5.572524,40356800
1997-07-03,7.304688,7.343750,7.234375,7.335938,5.699999,13809600
1997-07-07,7.398438,7.406250,7.125000,7.148438,5.554312,18119200
1997-07-08,7.148438,7.187500,7.093750,7.187500,5.584664,16339200
1997-07-09,7.234375,7.343750,7.140625,7.328125,5.693929,23820000
1997-07-10,7.320313,7.375000,7.250000,7.351563,5.712139,14081600
1997-07-11,7.367188,7.398438,7.296875,7.343750,5.706069,10883200
1997-07-14,7.367188,7.515625,7.359375,7.500000,5.827476,18007200
1997-07-15,7.539063,7.750000,7.468750,7.718750,5.997443,24760800
1997-07-16,7.742188,7.828125,7.531250,7.593750,5.900321,17957600
1997-07-17,7.625000,7.773438,7.601563,7.742188,6.015653,16556800
1997-07-18,7.781250,7.828125,7.625000,7.726563,6.003515,13606400
1997-07-21,7.710938,7.750000,7.593750,7.593750,5.900321,8488800
1997-07-22,7.617188,7.656250,7.570313,7.656250,5.948879,10418400
1997-07-23,7.687500,7.812500,7.625000,7.726563,6.003515,11338400
1997-07-24,7.781250,7.804688,7.609375,7.640625,5.936742,8918400
1997-07-25,7.687500,7.781250,7.640625,7.671875,5.961020,6384800
1997-07-28,7.742188,7.742188,7.546875,7.562500,5.876037,6317600
1997-07-29,7.625000,7.726563,7.539063,7.679688,5.967090,6932800
1997-07-30,7.695313,7.898438,7.664063,7.843750,6.094568,14849600
1997-07-31,7.875000,8.015625,7.757813,7.828125,6.082428,11653600
1997-08-01,7.757813,7.781250,7.632813,7.734375,6.009584,11481600
1997-08-04,7.718750,7.875000,7.710938,7.796875,6.058145,5746400
1997-08-05,7.789063,7.804688,7.625000,7.710938,5.991372,4946400
1997-08-06,7.695313,7.726563,7.578125,7.625000,5.924601,8842400
1997-08-07,7.625000,7.640625,7.453125,7.468750,5.803193,10968000
1997-08-08,7.421875,7.453125,7.359375,7.382813,5.736419,9186400
1997-08-11,7.351563,7.562500,7.312500,7.531250,5.851755,9060800
1997-08-12,7.562500,7.703125,7.562500,7.687500,5.973161,14703200
1997-08-13,7.812500,7.812500,7.562500,7.718750,5.997443,13512000
1997-08-14,7.734375,7.773438,7.664063,7.773438,6.039933,13395200
1997-08-15,7.703125,7.726563,7.390625,7.437500,5.778912,17945600
1997-08-18,7.437500,7.437500,7.250000,7.437500,5.778912,16619200
1997-08-19,7.437500,7.437500,7.117188,7.210938,5.602876,34731200
1997-08-20,7.156250,7.218750,7.054688,7.125000,5.536100,29460800
1997-08-21,7.109375,7.117188,6.921875,6.992188,5.432908,23751200
1997-08-22,6.882813,7.046875,6.875000,6.984375,5.426836,16240800
1997-08-25,7.000000,7.015625,6.882813,6.937500,5.390415,10116800
1997-08-26,6.914063,6.984375,6.835938,6.867188,5.335783,16036800
1997-08-27,6.843750,6.851563,6.679688,6.734375,5.232587,16625600
1997-08-28,6.734375,6.789063,6.585938,6.656250,5.171885,17444000
1997-08-29,6.625000,6.734375,6.593750,6.671875,5.184026,12975200
1997-09-02,6.804688,6.984375,6.789063,6.945313,5.396484,14430400
1997-09-03,6.960938,7.062500,6.773438,7.039063,5.469329,21334400
1997-09-04,7.023438,7.023438,6.843750,6.921875,5.378273,13213600
1997-09-05,6.953125,7.023438,6.750000,6.796875,5.281148,11224000
1997-09-08,6.804688,6.859375,6.687500,6.781250,5.269008,20735200
1997-09-09,6.750000,6.921875,6.734375,6.828125,5.305429,14639200
1997-09-10,6.812500,6.820313,6.609375,6.640625,5.159742,23548000
1997-09-11,6.578125,6.750000,6.570313,6.750000,5.244728,16307200
1997-09-12,6.750000,6.812500,6.593750,6.781250,5.269008,11885600
1997-09-15,6.781250,6.781250,6.625000,6.625000,5.147603,9650400
1997-09-16,6.632813,6.710938,6.570313,6.640625,5.159742,17984800
1997-09-17,6.578125,6.632813,6.546875,6.578125,5.111179,18564000
1997-09-18,6.570313,6.906250,6.562500,6.859375,5.334780,25782400
1997-09-19,6.718750,6.953125,6.687500,6.789063,5.280097,34753600
1997-09-22,6.796875,6.968750,6.726563,6.921875,5.383389,19523200
1997-09-23,6.921875,6.984375,6.835938,6.890625,5.359084,18414400
1997-09-24,6.882813,6.906250,6.781250,6.812500,5.298324,9191200
1997-09-25,6.765625,6.773438,6.703125,6.734375,5.237563,9016800
1997-09-26,6.718750,6.773438,6.679688,6.687500,5.201107,8713600
1997-09-29,6.656250,6.726563,6.648438,6.687500,5.201107,7840000
1997-09-30,6.695313,6.718750,6.585938,6.625000,5.152498,9102400
1997-10-01,6.664063,6.664063,6.570313,6.609375,5.140345,9087200
1997-10-02,6.601563,6.632813,6.578125,6.617188,5.146421,6230400
1997-10-03,6.648438,6.718750,6.601563,6.648438,5.170726,10140800
1997-10-06,6.648438,6.648438,6.523438,6.531250,5.079585,9005600
1997-10-07,6.546875,6.617188,6.507813,6.578125,5.116041,8344000
1997-10-08,6.625000,6.656250,6.500000,6.500000,5.055281,18615200
1997-10-09,6.500000,6.562500,6.421875,6.476563,5.037055,13612800
1997-10-10,6.507813,6.562500,6.429688,6.484375,5.043129,9501600
1997-10-13,6.562500,6.578125,6.484375,6.507813,5.061359,6336000
1997-10-14,6.523438,6.554688,6.476563,6.531250,5.079585,9076000
1997-10-15,6.476563,6.585938,6.453125,6.515625,5.067432,9233600
1997-10-16,6.562500,6.562500,6.382813,6.406250,4.982367,12010400
1997-10-17,6.312500,6.320313,6.187500,6.250000,4.860847,24133600
1997-10-20,6.250000,6.273438,6.195313,6.242188,4.854772,13648000
1997-10-21,6.187500,6.187500,6.000000,6.109375,4.751478,28930400
1997-10-22,6.117188,6.187500,6.117188,6.132813,4.769706,29968000
1997-10-23,6.000000,6.187500,5.992188,6.125000,4.763630,19533600
1997-10-24,6.132813,6.148438,5.945313,6.070313,4.721097,13958400
1997-10-27,5.960938,6.093750,5.625000,5.718750,4.447678,14493600
1997-10-28,5.625000,6.031250,5.625000,5.890625,4.581348,27999200
1997-10-29,5.906250,6.078125,5.828125,5.976563,4.648186,17536000
1997-10-30,5.875000,6.062500,5.843750,5.914063,4.599577,11026400
1997-10-31,5.921875,5.968750,5.859375,5.890625,4.581348,10211200
1997-11-03,5.992188,6.078125,5.898438,6.070313,4.721097,11335200
1997-11-04,6.046875,6.148438,6.007813,6.132813,4.769706,16032000
1997-11-05,6.109375,6.109375,5.968750,6.093750,4.739326,15204800
1997-11-06,6.078125,6.093750,6.039063,6.070313,4.721097,9236000
1997-11-07,5.984375,6.046875,5.953125,6.000000,4.666413,7520000
1997-11-10,6.031250,6.046875,5.929688,5.960938,4.636032,10116800
1997-11-11,5.968750,6.000000,5.875000,5.937500,4.617801,7676800
1997-11-12,5.890625,5.929688,5.843750,5.843750,4.544889,8453600
1997-11-13,5.835938,5.937500,5.781250,5.851563,4.550967,6112000
1997-11-14,5.875000,6.125000,5.875000,6.085938,4.733250,5664800
1997-11-17,6.226563,6.289063,6.078125,6.257813,4.866923,11433600
1997-11-18,6.257813,6.414063,6.257813,6.335938,4.927684,13595200
1997-11-19,6.312500,6.367188,6.312500,6.328125,4.921608,7342400
1997-11-20,6.304688,6.359375,6.250000,6.250000,4.860847,6825600
1997-11-21,6.273438,6.359375,6.265625,6.359375,4.945913,7743200
1997-11-24,6.234375,6.234375,6.062500,6.093750,4.739326,15057600
1997-11-25,6.117188,6.281250,6.093750,6.242188,4.854772,11511200
1997-11-26,6.234375,6.265625,6.179688,6.234375,4.848695,10286400
1997-11-28,6.234375,6.242188,6.085938,6.085938,4.733250,5298400
1997-12-01,6.117188,6.257813,6.117188,6.226563,4.842619,8693600
1997-12-02,6.242188,6.250000,6.023438,6.031250,4.690718,14576000
1997-12-03,5.976563,6.031250,5.890625,5.992188,4.660337,24898400
1997-12-04,6.000000,6.062500,5.945313,6.031250,4.690718,17211200
1997-12-05,5.984375,6.015625,5.906250,5.906250,4.593500,23044800
1997-12-08,5.937500,5.937500,5.875000,5.890625,4.581348,16957600
1997-12-09,5.867188,5.898438,5.781250,5.804688,4.514513,17191200
1997-12-10,5.804688,5.906250,5.804688,5.812500,4.520590,11036000
1997-12-11,5.750000,5.757813,5.570313,5.640625,4.386912,18121600
1997-12-12,5.632813,5.656250,5.500000,5.554688,4.320076,14348000
1997-12-15,5.578125,5.671875,5.546875,5.554688,4.320076,13890400
1997-12-16,5.562500,5.796875,5.562500,5.593750,4.350459,15252000
1997-12-17,5.562500,5.578125,5.414063,5.429688,4.222860,13436000
1997-12-18,5.390625,5.460938,5.000000,5.000000,3.894058,20759200
1997-12-19,4.843750,5.015625,4.718750,5.015625,3.906223,64632000
1997-12-22,4.953125,5.046875,4.937500,4.984375,3.881888,16414400
1997-12-23,4.945313,4.953125,4.820313,4.875000,3.796704,17004800
1997-12-24,4.843750,4.882813,4.820313,4.843750,3.772368,8492800
1997-12-26,4.859375,4.890625,4.851563,4.890625,3.808876,8316800
1997-12-29,4.875000,4.882813,4.804688,4.835938,3.766283,16860800
1997-12-30,4.835938,4.992188,4.828125,4.968750,3.869718,20009600
1997-12-31,4.937500,5.031250,4.875000,4.882813,3.802789,21385600
1998-01-02,4.906250,5.023438,4.906250,5.007813,3.900139,11108800
1998-01-05,5.195313,5.390625,5.148438,5.351563,4.167857,26392800
1998-01-06,5.343750,5.414063,5.281250,5.343750,4.161773,19414400
1998-01-07,5.273438,5.351563,5.234375,5.296875,4.125266,20752800
1998-01-08,5.304688,5.320313,5.234375,5.273438,4.107013,9124800
1998-01-09,5.250000,5.257813,4.937500,4.937500,3.845381,13812800
1998-01-12,4.875000,5.000000,4.859375,4.992188,3.887971,13344800
1998-01-13,5.000000,5.117188,4.976563,5.117188,3.985323,7830400
1998-01-14,5.101563,5.156250,4.976563,5.148438,4.009661,15986400
1998-01-15,5.125000,5.210938,5.117188,5.171875,4.027916,8615200
1998-01-16,5.187500,5.210938,5.117188,5.148438,4.009661,9079200
1998-01-20,5.210938,5.226563,5.132813,5.210938,4.058338,9015200
1998-01-21,5.218750,5.273438,5.195313,5.203125,4.052252,9165600
1998-01-22,5.140625,5.187500,5.015625,5.031250,3.918395,11049600
1998-01-23,5.093750,5.093750,4.984375,5.015625,3.906223,8397600
1998-01-26,5.007813,5.031250,4.984375,5.015625,3.906223,5478400
1998-01-27,5.000000,5.109375,5.000000,5.062500,3.942732,7167200
1998-01-28,5.070313,5.156250,5.015625,5.101563,3.973155,7209600
1998-01-29,5.109375,5.273438,5.093750,5.132813,3.997493,14968000
1998-01-30,5.203125,5.218750,4.984375,5.007813,3.900139,18786400
1998-02-02,5.039063,5.218750,5.015625,5.148438,4.009661,17048000
1998-02-03,5.125000,5.234375,5.085938,5.218750,4.064424,11381600
1998-02-04,5.187500,5.273438,5.148438,5.273438,4.107013,9424000
1998-02-05,5.250000,5.257813,5.062500,5.062500,3.942732,15995200
1998-02-06,5.085938,5.156250,5.007813,5.132813,3.997493,11097600
1998-02-09,5.132813,5.164063,5.007813,5.015625,3.906223,12923200
1998-02-10,5.039063,5.070313,4.968750,5.039063,3.924478,16761600
1998-02-11,5.054688,5.054688,5.000000,5.031250,3.918395,10865600
1998-02-12,5.031250,5.093750,4.992188,5.070313,3.948818,11658400
1998-02-13,5.054688,5.117188,4.992188,5.109375,3.979238,15371200
1998-02-17,5.156250,5.687500,5.140625,5.546875,4.319969,51872000
1998-02-18,5.601563,5.843750,5.546875,5.578125,4.344307,41999200
1998-02-19,5.664063,5.750000,5.546875,5.640625,4.392980,15639200
1998-02-20,5.687500,5.742188,5.593750,5.632813,4.386900,19660000
1998-02-23,5.750000,5.937500,5.734375,5.835938,4.545096,19777600
1998-02-24,5.835938,5.843750,5.312500,5.390625,4.198279,16074400
1998-02-25,5.437500,5.703125,5.421875,5.625000,4.380815,47615200
1998-02-26,5.578125,5.578125,5.453125,5.515625,4.295631,25164800
1998-02-27,5.507813,5.578125,5.460938,5.484375,4.271293,13828800
1998-03-02,5.484375,5.539063,5.468750,5.515625,4.295631,15536000
1998-03-03,5.484375,5.554688,5.453125,5.539063,4.313886,16426400
1998-03-04,5.507813,5.664063,5.460938,5.656250,4.405151,9147200
1998-03-05,5.593750,5.781250,5.578125,5.710938,4.447743,14185600
1998-03-06,5.742188,5.867188,5.742188,5.812500,4.526843,8654400
1998-03-09,5.843750,5.875000,5.796875,5.804688,4.520759,8670400
1998-03-10,5.851563,5.921875,5.835938,5.921875,4.612025,8204000
1998-03-11,5.882813,5.953125,5.859375,5.890625,4.587685,8839200
1998-03-12,5.898438,5.914063,5.687500,5.726563,4.459912,9818400
1998-03-13,5.695313,5.703125,5.593750,5.601563,4.362562,9180000
1998-03-16,5.593750,5.648438,5.484375,5.640625,4.392980,10159200
1998-03-17,5.617188,5.640625,5.546875,5.562500,4.332139,9323200
1998-03-18,5.523438,5.781250,5.515625,5.765625,4.496397,17452000
1998-03-19,5.648438,5.656250,5.453125,5.476563,4.270970,23226400
1998-03-20,5.445313,5.554688,5.359375,5.539063,4.319708,19979200
1998-03-23,5.375000,5.523438,5.375000,5.484375,4.277060,11820000
1998-03-24,5.500000,5.593750,5.500000,5.585938,4.356266,11624800
1998-03-25,5.601563,5.632813,5.476563,5.500000,4.289245,16196000
1998-03-26,5.445313,5.515625,5.437500,5.468750,4.264875,8842400
1998-03-27,5.484375,5.492188,5.437500,5.476563,4.270970,7798400
1998-03-30,5.421875,5.437500,5.343750,5.359375,4.179576,6508000
1998-03-31,5.390625,5.562500,5.375000,5.531250,4.313618,13049600
1998-04-01,5.531250,5.578125,5.437500,5.515625,4.301430,9975200
1998-04-02,5.492188,5.648438,5.492188,5.585938,4.356266,14131200
1998-04-03,5.617188,5.679688,5.539063,5.632813,4.392823,10760000
1998-04-06,5.601563,5.632813,5.585938,5.609375,4.374542,7914400
1998-04-07,5.593750,5.601563,5.523438,5.531250,4.313618,6774400
1998-04-08,5.500000,5.515625,5.437500,5.476563,4.270970,6631200
1998-04-09,5.484375,5.554688,5.476563,5.531250,4.313618,3745600
1998-04-13,5.500000,5.500000,5.421875,5.484375,4.277060,7387200
1998-04-14,5.484375,5.500000,5.421875,5.484375,4.277060,5251200
1998-04-15,5.476563,5.484375,5.406250,5.406250,4.216135,6472000
1998-04-16,5.382813,5.398438,5.359375,5.359375,4.179576,6545600
1998-04-17,5.375000,5.484375,5.359375,5.484375,4.277060,7980000
1998-04-20,5.445313,5.468750,5.398438,5.398438,4.210042,6832800
1998-04-21,5.375000,5.859375,5.375000,5.851563,4.563416,20696000
1998-04-22,5.796875,5.953125,5.687500,5.937500,4.630434,26894400
1998-04-23,5.859375,5.867188,5.773438,5.859375,4.569510,10636800
1998-04-24,5.835938,5.906250,5.742188,5.882813,4.587787,11449600
1998-04-27,5.757813,5.898438,5.703125,5.882813,4.587787,10312000
1998-04-28,5.906250,6.093750,5.906250,6.054688,4.721825,16518400
1998-04-29,5.937500,6.062500,5.882813,6.023438,4.697453,7426400
1998-04-30,6.039063,6.070313,5.945313,5.968750,4.654808,5620800
1998-05-01,5.984375,5.992188,5.875000,5.976563,4.660900,5657600
1998-05-04,5.976563,6.093750,5.953125,6.023438,4.697453,6195200
1998-05-05,6.054688,6.054688,5.851563,5.882813,4.587787,7532000
1998-05-06,5.875000,5.875000,5.796875,5.843750,4.557324,5440800
1998-05-07,5.843750,5.843750,5.703125,5.703125,4.447655,5353600
1998-05-08,5.703125,5.765625,5.703125,5.750000,4.484210,3972000
1998-05-11,5.750000,5.796875,5.656250,5.679688,4.429377,4276800
1998-05-12,5.703125,5.937500,5.695313,5.929688,4.624343,6202400
1998-05-13,5.921875,5.921875,5.820313,5.898438,4.599971,4926400
1998-05-14,5.882813,5.921875,5.812500,5.820313,4.539046,6278400
1998-05-15,5.796875,5.929688,5.765625,5.875000,4.581693,5268800
1998-05-18,5.859375,5.882813,5.796875,5.796875,4.520767,8905600
1998-05-19,5.820313,5.851563,5.789063,5.851563,4.563416,4840000
1998-05-20,5.726563,5.796875,5.687500,5.765625,4.496397,9223200
1998-05-21,5.796875,5.968750,5.718750,5.867188,4.575602,8573600
1998-05-22,5.882813,5.960938,5.875000,5.898438,4.599971,6906400
1998-05-26,5.914063,5.929688,5.835938,5.875000,4.581693,5351200
1998-05-27,5.812500,5.906250,5.789063,5.859375,4.569510,7186400
1998-05-28,5.875000,5.898438,5.820313,5.859375,4.569510,6461600
1998-05-29,5.851563,5.875000,5.742188,5.750000,4.484210,6745600
1998-06-01,5.718750,5.781250,5.664063,5.718750,4.459844,7456800
1998-06-02,5.703125,5.773438,5.671875,5.718750,4.459844,4718400
1998-06-03,5.726563,5.835938,5.718750,5.718750,4.459844,3593600
1998-06-04,5.718750,5.757813,5.687500,5.757813,4.490305,3767200
1998-06-05,5.750000,5.835938,5.742188,5.789063,4.514675,3918400
1998-06-08,5.726563,5.843750,5.710938,5.742188,4.478117,4076800
1998-06-09,5.718750,5.757813,5.703125,5.742188,4.478117,4015200
1998-06-10,5.703125,5.742188,5.625000,5.625000,4.386730,3536800
1998-06-11,5.648438,5.687500,5.593750,5.601563,4.368451,4486400
1998-06-12,5.554688,5.617188,5.484375,5.523438,4.307523,4196000
1998-06-15,5.445313,5.492188,5.421875,5.421875,4.234067,4994400
1998-06-16,5.437500,5.578125,5.437500,5.476563,4.276774,5760800
1998-06-17,5.507813,5.570313,5.492188,5.570313,4.349986,4744800
1998-06-18,5.531250,5.562500,5.453125,5.562500,4.343884,3929600
1998-06-19,5.562500,5.617188,5.562500,5.570313,4.349986,4695200
1998-06-22,5.593750,5.734375,5.593750,5.703125,4.453701,6996000
1998-06-23,5.726563,5.757813,5.656250,5.742188,4.484206,7439200
1998-06-24,5.742188,5.835938,5.710938,5.820313,4.545218,5740000
1998-06-25,5.828125,6.000000,5.812500,5.890625,4.600124,10732000
1998-06-26,5.875000,6.000000,5.867188,5.968750,4.661135,6512000
1998-06-29,6.109375,6.242188,6.078125,6.156250,4.807559,14334400
1998-06-30,6.171875,6.210938,6.000000,6.085938,4.752650,12824000
1998-07-01,6.343750,6.523438,6.320313,6.507813,5.082100,45736800
1998-07-02,6.507813,6.539063,6.437500,6.531250,5.100405,15752800
1998-07-06,6.515625,6.585938,6.429688,6.429688,5.021092,14107200
1998-07-07,6.406250,6.437500,6.359375,6.390625,4.990588,7488800
1998-07-08,6.382813,6.531250,6.328125,6.531250,5.100405,9149600
1998-07-09,6.500000,6.500000,6.382813,6.390625,4.990588,7120000
1998-07-10,6.312500,6.429688,6.281250,6.375000,4.978383,6319200
1998-07-13,6.312500,6.312500,6.234375,6.281250,4.905174,8272000
1998-07-14,6.265625,6.343750,6.218750,6.218750,4.856367,6861600
1998-07-15,6.171875,6.234375,6.046875,6.054688,4.728245,15517600
1998-07-16,6.078125,6.210938,6.062500,6.210938,4.850265,7047200
1998-07-17,6.250000,6.289063,6.218750,6.281250,4.905174,8991200
1998-07-20,6.281250,6.304688,6.234375,6.234375,4.868569,5872000
1998-07-21,6.203125,6.210938,5.921875,5.968750,4.661135,9376000
1998-07-22,5.984375,6.062500,5.921875,6.062500,4.734347,5340000
1998-07-23,6.046875,6.062500,5.726563,5.789063,4.520812,7552800
1998-07-24,5.773438,5.781250,5.656250,5.718750,4.465904,6728800
1998-07-27,5.640625,5.796875,5.625000,5.796875,4.526911,4964800
1998-07-28,5.796875,5.796875,5.593750,5.625000,4.392694,13316000
1998-07-29,5.601563,5.726563,5.601563,5.703125,4.453701,4367200
1998-07-30,5.710938,5.820313,5.703125,5.726563,4.472006,6249600
1998-07-31,5.695313,5.742188,5.492188,5.562500,4.343884,5735200
1998-08-03,5.546875,5.656250,5.515625,5.585938,4.362188,4400000
1998-08-04,5.570313,5.656250,5.351563,5.375000,4.197462,9532000
1998-08-05,5.359375,5.523438,5.343750,5.507813,4.301178,10292000
1998-08-06,5.437500,5.453125,5.375000,5.437500,4.246271,6529600
1998-08-07,5.437500,5.500000,5.390625,5.398438,4.215764,3559200
1998-08-10,5.414063,5.484375,5.367188,5.367188,4.191360,6085600
1998-08-11,5.343750,5.351563,5.148438,5.250000,4.099846,8293600
1998-08-12,5.242188,5.265625,4.890625,5.039063,3.935121,16312800
1998-08-13,5.007813,5.054688,4.921875,4.992188,3.898514,13213600
1998-08-14,4.992188,5.031250,4.890625,4.953125,3.868011,9128000
1998-08-17,4.875000,4.953125,4.820313,4.890625,3.819202,14249600
1998-08-18,4.898438,4.992188,4.867188,4.921875,3.843607,7243200
1998-08-19,4.937500,4.992188,4.890625,4.937500,3.855807,6469600
1998-08-20,4.968750,5.039063,4.914063,4.937500,3.855807,4884000
1998-08-21,4.914063,4.960938,4.851563,4.960938,3.874110,7956800
1998-08-24,4.843750,5.007813,4.843750,4.898438,3.825305,5218400
1998-08-25,4.937500,4.984375,4.890625,4.914063,3.837506,4661600
1998-08-26,4.828125,4.898438,4.671875,4.671875,3.648376,11097600
1998-08-27,4.625000,4.632813,4.507813,4.531250,3.538558,19092800
1998-08-28,4.500000,4.562500,4.421875,4.437500,3.465347,17882400
1998-08-31,4.445313,4.468750,4.328125,4.335938,3.386034,20403200
1998-09-01,4.320313,4.375000,4.265625,4.296875,3.355530,16265600
1998-09-02,4.265625,4.265625,3.960938,3.968750,3.099289,17334400
1998-09-03,3.953125,4.210938,3.875000,4.187500,3.270115,12467200
1998-09-04,4.187500,4.351563,4.187500,4.296875,3.355530,10716000
1998-09-08,4.531250,4.531250,4.296875,4.390625,3.428742,10593600
1998-09-09,4.390625,4.406250,4.148438,4.187500,3.270115,8844800
1998-09-10,4.109375,4.140625,4.078125,4.093750,3.196904,11260000
1998-09-11,4.062500,4.273438,4.007813,4.257813,3.325025,6246400
1998-09-14,4.242188,4.500000,4.242188,4.414063,3.447045,6228000
1998-09-15,4.398438,4.414063,4.242188,4.312500,3.367733,8828800
1998-09-16,4.304688,4.617188,4.265625,4.523438,3.532456,9880000
1998-09-17,4.257813,4.429688,4.210938,4.218750,3.299991,8749600
1998-09-18,4.593750,4.867188,4.515625,4.718750,3.691101,23062400
1998-09-21,4.718750,4.929688,4.625000,4.882813,3.819435,10066400
1998-09-22,4.882813,4.953125,4.796875,4.820313,3.770545,11498400
1998-09-23,4.804688,4.929688,4.804688,4.843750,3.788878,8766400
1998-09-24,5.015625,5.250000,4.976563,5.234375,4.094433,13841600
1998-09-25,5.062500,5.156250,5.007813,5.117188,4.002765,9012800
1998-09-28,5.062500,5.125000,4.937500,4.968750,3.886655,4242400
1998-09-29,5.000000,5.007813,4.843750,4.851563,3.794990,5456800
1998-09-30,4.851563,4.851563,4.593750,4.601563,3.599434,5452000
1998-10-01,4.531250,4.742188,4.507813,4.656250,3.642212,5378400
1998-10-02,4.656250,4.906250,4.656250,4.898438,3.831657,7124800
1998-10-05,4.828125,4.851563,4.640625,4.773438,3.733879,5522400
1998-10-06,4.843750,4.890625,4.773438,4.796875,3.752212,3647200
1998-10-07,4.804688,4.937500,4.648438,4.734375,3.703323,5289600
1998-10-08,4.531250,4.656250,4.437500,4.625000,3.617768,7788000
1998-10-09,4.671875,4.734375,4.515625,4.703125,3.678880,8524000
1998-10-12,4.687500,4.875000,4.687500,4.812500,3.764434,2730400
1998-10-13,4.804688,4.843750,4.601563,4.765625,3.727768,7484800
1998-10-14,4.703125,4.906250,4.695313,4.859375,3.801102,8373600
1998-10-15,4.851563,5.000000,4.851563,4.992188,3.904988,6350400
1998-10-16,5.000000,5.031250,4.953125,4.976563,3.892769,6332800
1998-10-19,4.945313,5.023438,4.914063,4.984375,3.898879,4057600
1998-10-20,5.015625,5.109375,4.921875,4.960938,3.880545,10685600
1998-10-21,4.992188,4.992188,4.875000,4.914063,3.843879,6608800
1998-10-22,4.914063,5.031250,4.867188,5.031250,3.935545,5372800
1998-10-23,5.031250,5.093750,5.000000,5.031250,3.935545,4657600
1998-10-26,5.078125,5.375000,5.070313,5.320313,4.161656,6806400
1998-10-27,5.328125,5.500000,5.328125,5.429688,4.247211,8579200
1998-10-28,5.421875,5.421875,5.257813,5.273438,4.124989,5112800
1998-10-29,5.257813,5.390625,5.203125,5.359375,4.192213,3850400
1998-10-30,5.484375,5.609375,5.406250,5.421875,4.241099,9233600
1998-11-02,5.437500,5.437500,5.250000,5.382813,4.210546,9889600
1998-11-03,5.312500,5.492188,5.281250,5.421875,4.241099,6630400
1998-11-04,5.445313,5.492188,5.328125,5.343750,4.179989,13336800
1998-11-05,5.257813,5.273438,5.140625,5.203125,4.069991,9959200
1998-11-06,5.125000,5.953125,5.109375,5.750000,4.497768,23649600
1998-11-09,5.625000,5.632813,5.453125,5.453125,4.265546,8827200
1998-11-10,5.476563,5.656250,5.421875,5.585938,4.369433,10190400
1998-11-11,5.593750,5.593750,5.429688,5.515625,4.314433,5187200
1998-11-12,5.437500,5.578125,5.437500,5.476563,4.283877,5011200
1998-11-13,5.500000,5.664063,5.476563,5.515625,4.314433,3641600
1998-11-16,5.734375,5.812500,5.375000,5.406250,4.228880,9463200
1998-11-17,5.421875,5.546875,5.351563,5.390625,4.216656,6519200
1998-11-18,5.328125,5.328125,5.171875,5.171875,4.045547,6533600
1998-11-19,5.195313,5.367188,5.117188,5.226563,4.088321,16805600
1998-11-20,5.257813,5.335938,5.234375,5.335938,4.173878,5000000
1998-11-23,5.328125,5.585938,5.328125,5.523438,4.320542,4933600
1998-11-24,5.460938,5.484375,5.242188,5.250000,4.106655,10445600
1998-11-25,5.257813,5.289063,5.148438,5.187500,4.057766,3832000
1998-11-27,5.187500,5.187500,5.125000,5.125000,4.008879,2108800
1998-11-30,5.000000,5.054688,4.914063,5.000000,3.911101,9995200
1998-12-01,4.937500,5.046875,4.875000,4.945313,3.868322,7249600
1998-12-02,4.914063,4.953125,4.867188,4.875000,3.813323,7941600
1998-12-03,4.687500,4.812500,4.578125,4.609375,3.605547,17280800
1998-12-04,4.625000,4.679688,4.359375,4.492188,3.513880,25311200
1998-12-07,4.484375,4.601563,4.390625,4.601563,3.599434,10679200
1998-12-08,4.578125,4.898438,4.562500,4.781250,3.739990,12660800
1998-12-09,4.671875,4.812500,4.609375,4.609375,3.605547,9202400
1998-12-10,4.593750,4.656250,4.546875,4.562500,3.568880,9132800
1998-12-11,4.531250,4.695313,4.468750,4.500000,3.519990,8399200
1998-12-14,4.859375,5.000000,4.750000,4.765625,3.727768,21164800
1998-12-15,4.843750,5.171875,4.828125,5.171875,4.045547,15022400
1998-12-16,5.164063,5.250000,5.046875,5.250000,4.106655,12693600
1998-12-17,5.203125,5.296875,5.156250,5.187500,4.063572,9514400
1998-12-18,5.265625,5.265625,4.945313,4.960938,3.886097,12711200
1998-12-21,4.929688,5.132813,4.890625,4.890625,3.831020,7503200
1998-12-22,4.906250,4.945313,4.812500,4.906250,3.843257,5575200
1998-12-23,4.906250,5.054688,4.898438,5.039063,3.947297,7424800
1998-12-24,5.000000,5.179688,5.000000,5.164063,4.045211,5200800
1998-12-28,5.156250,5.179688,4.890625,4.945313,3.873857,3980000
1998-12-29,4.921875,5.179688,4.914063,5.156250,4.039092,6569600
1998-12-30,5.031250,5.117188,4.976563,5.070313,3.971774,6509600
1998-12-31,5.062500,5.148438,5.031250,5.070313,3.971774,7983200
1999-01-04,5.070313,5.250000,5.062500,5.164063,4.045211,9884800
1999-01-05,5.148438,5.210938,5.062500,5.085938,3.984015,5804000
1999-01-06,5.078125,5.523438,5.078125,5.453125,4.271646,28024000
1999-01-07,5.343750,5.398438,5.335938,5.367188,4.204330,12841600
1999-01-08,5.375000,5.484375,5.281250,5.484375,4.296125,9901600
1999-01-11,5.476563,5.601563,5.460938,5.546875,4.345087,7717600
1999-01-12,5.390625,5.390625,5.195313,5.250000,4.112529,9742400
1999-01-13,5.078125,5.375000,5.062500,5.257813,4.118650,5936800
1999-01-14,5.226563,5.250000,5.093750,5.164063,4.045211,8070400
1999-01-15,5.140625,5.171875,5.031250,5.054688,3.959538,8468000
1999-01-19,5.046875,5.046875,4.945313,4.968750,3.892218,12502400
1999-01-20,4.937500,5.054688,4.906250,4.968750,3.892218,10173600
1999-01-21,4.859375,4.976563,4.843750,4.929688,3.861618,6559200
1999-01-22,4.921875,5.343750,4.906250,5.218750,4.088050,13892000
1999-01-25,5.250000,5.351563,5.226563,5.289063,4.143130,6273600
1999-01-26,5.265625,5.281250,5.234375,5.257813,4.118650,6449600
1999-01-27,5.257813,5.273438,5.226563,5.257813,4.118650,4900000
1999-01-28,5.250000,5.351563,5.203125,5.335938,4.179849,6062400
1999-01-29,5.328125,5.734375,5.312500,5.687500,4.455240,17217600
1999-02-01,6.000000,6.093750,5.968750,5.992188,4.693916,16517600
1999-02-02,5.960938,5.960938,5.773438,5.882813,4.608238,8541600
1999-02-03,5.875000,6.156250,5.710938,6.093750,4.773473,10312800
1999-02-04,6.078125,6.085938,5.898438,5.937500,4.651075,5932000
1999-02-05,5.968750,6.093750,5.875000,6.093750,4.773473,9441600
1999-02-08,6.203125,6.453125,6.156250,6.375000,4.993785,15592000
1999-02-09,6.250000,6.507813,6.210938,6.343750,4.969309,13256000
1999-02-10,6.335938,6.335938,6.101563,6.179688,4.840792,11956800
1999-02-11,6.164063,6.226563,6.148438,6.179688,4.840792,4362400
1999-02-12,6.140625,6.242188,6.140625,6.210938,4.865271,8892000
1999-02-16,6.281250,6.328125,6.226563,6.289063,4.926468,7483200
1999-02-17,6.257813,6.359375,6.039063,6.062500,4.748994,5619200
1999-02-18,6.171875,6.171875,6.031250,6.070313,4.755113,6967200
1999-02-19,6.070313,6.156250,6.023438,6.085938,4.767353,6925600
1999-02-22,6.078125,6.250000,6.070313,6.250000,4.895870,6579200
1999-02-23,6.242188,6.750000,6.187500,6.742188,5.281417,22136000
1999-02-24,6.640625,6.875000,6.593750,6.757813,5.293659,16444800
1999-02-25,6.750000,6.750000,6.562500,6.710938,5.256942,7234400
1999-02-26,6.710938,6.750000,6.656250,6.679688,5.232460,6186400
1999-03-01,6.593750,6.656250,6.437500,6.632813,5.195741,5818400
1999-03-02,6.625000,6.742188,6.515625,6.515625,5.103946,6003200
1999-03-03,6.343750,6.406250,6.250000,6.343750,4.969309,8001600
1999-03-04,6.351563,6.500000,6.320313,6.406250,5.018265,10068000
1999-03-05,6.437500,6.750000,6.437500,6.671875,5.226341,14700800
1999-03-08,6.828125,6.859375,6.750000,6.828125,5.348737,11220800
1999-03-09,6.796875,6.914063,6.734375,6.765625,5.299777,12993600
1999-03-10,6.796875,7.156250,6.789063,7.125000,5.581291,26400000
1999-03-11,7.125000,7.242188,6.937500,6.960938,5.452775,15970400
1999-03-12,6.843750,7.062500,6.843750,6.976563,5.465014,13877600
1999-03-15,6.898438,7.085938,6.898438,7.023438,5.501734,10092800
1999-03-16,7.031250,7.242188,7.007813,7.062500,5.532334,15654400
1999-03-17,7.000000,7.234375,6.968750,7.187500,5.630250,11342400
1999-03-18,7.031250,7.046875,6.765625,6.875000,5.391084,20670400
1999-03-19,7.156250,7.937500,7.156250,7.718750,6.052716,53154400
1999-03-22,7.609375,7.671875,7.312500,7.359375,5.770908,17344000
1999-03-23,7.015625,7.125000,6.937500,7.093750,5.562617,15934400
1999-03-24,7.156250,7.156250,6.960938,7.046875,5.525859,4042400
1999-03-25,7.070313,7.164063,6.968750,7.109375,5.574869,7565600
1999-03-26,6.937500,7.156250,6.937500,7.101563,5.568741,4932800
1999-03-29,7.125000,7.218750,7.023438,7.070313,5.544236,4348800
1999-03-30,7.039063,7.187500,7.039063,7.164063,5.617754,10231200
1999-03-31,7.195313,7.343750,6.992188,7.210938,5.654509,8926400
1999-04-01,7.210938,7.273438,6.835938,7.023438,5.507479,5492800
1999-04-05,7.304688,7.453125,7.281250,7.296875,5.721900,10762400
1999-04-06,7.296875,7.484375,7.296875,7.375000,5.783164,8829600
1999-04-07,7.421875,7.437500,7.187500,7.250000,5.685143,5118400
1999-04-08,7.250000,7.359375,7.109375,7.281250,5.709646,5854400
1999-04-09,7.281250,7.500000,7.281250,7.421875,5.819918,8464000
1999-04-12,7.250000,7.296875,7.164063,7.234375,5.672888,6056800
1999-04-13,7.265625,7.328125,7.093750,7.117188,5.580995,4472800
1999-04-14,7.125000,7.140625,6.968750,7.015625,5.501355,7496800
1999-04-15,7.101563,7.382813,7.039063,7.375000,5.783164,17316800
1999-04-16,7.476563,7.492188,7.367188,7.375000,5.783164,7256800
1999-04-19,7.484375,7.546875,7.351563,7.453125,5.844424,12336800
1999-04-20,7.453125,7.515625,7.296875,7.398438,5.801539,4808000
1999-04-21,7.484375,7.648438,7.468750,7.648438,5.997579,9105600
1999-04-22,7.718750,7.742188,7.546875,7.687500,6.028210,8732800
1999-04-23,7.664063,7.742188,7.593750,7.671875,6.015957,7376800
1999-04-26,7.742188,8.093750,7.687500,8.000000,6.273257,13446400
1999-04-27,7.937500,8.062500,7.812500,7.812500,6.126231,13376800
1999-04-28,7.843750,7.968750,7.796875,7.812500,6.126231,10225600
1999-04-29,7.812500,7.890625,7.718750,7.796875,6.113976,5551200
1999-04-30,7.789063,7.835938,7.609375,7.773438,6.095599,5672000
1999-05-03,7.757813,7.937500,7.750000,7.851563,6.156861,6156000
1999-05-04,7.875000,7.921875,7.812500,7.843750,6.150736,4952000
1999-05-05,7.835938,7.914063,7.601563,7.812500,6.126231,5605600
1999-05-06,7.812500,7.875000,7.789063,7.843750,6.150736,5484800
1999-05-07,7.828125,7.968750,7.781250,7.875000,6.175240,7908000
1999-05-10,7.859375,7.890625,7.789063,7.851563,6.156861,5184800
1999-05-11,8.109375,8.242188,8.031250,8.187500,6.420290,22498400
1999-05-12,8.125000,8.125000,7.937500,8.031250,6.297764,7667200
1999-05-13,8.109375,8.109375,7.804688,7.875000,6.175240,3602400
1999-05-14,7.687500,7.820313,7.679688,7.789063,6.107851,7171200
1999-05-17,7.781250,7.960938,7.687500,7.804688,6.120102,4776800
1999-05-18,7.734375,7.773438,7.578125,7.679688,6.022083,5145600
1999-05-19,7.664063,7.718750,7.437500,7.523438,5.899560,6663200
1999-05-20,7.515625,8.031250,7.492188,8.000000,6.273257,12020800
1999-05-21,8.007813,8.359375,8.007813,8.117188,6.365152,14919200
1999-05-24,8.085938,8.367188,7.859375,8.031250,6.297764,10530400
1999-05-25,8.007813,8.031250,7.632813,7.640625,5.991452,6896000
1999-05-26,7.750000,7.828125,7.570313,7.710938,6.046590,9136800
1999-05-27,7.710938,7.734375,7.265625,7.367188,5.777034,6435200
1999-05-28,7.367188,7.671875,7.367188,7.617188,5.973073,5108800
1999-06-01,7.585938,7.585938,7.203125,7.546875,5.917936,3431200
1999-06-02,7.546875,7.656250,6.789063,7.406250,5.807667,13831200
1999-06-03,7.500000,7.625000,7.312500,7.367188,5.777034,5183200
1999-06-04,7.351563,7.500000,7.148438,7.500000,5.881179,4512800
1999-06-07,7.468750,7.609375,7.382813,7.500000,5.881179,3314400
1999-06-08,7.476563,7.476563,7.210938,7.234375,5.672888,5696800
1999-06-09,7.218750,7.218750,6.937500,6.960938,5.458470,7997600
1999-06-10,6.992188,7.312500,6.984375,7.218750,5.660636,18772800
1999-06-11,7.210938,7.210938,6.843750,6.937500,5.440094,7603200
1999-06-14,7.093750,7.179688,7.000000,7.054688,5.537972,5964800
1999-06-15,7.085938,7.140625,6.843750,6.843750,5.372387,6945600
1999-06-16,7.031250,7.070313,6.945313,7.015625,5.507309,6642400
1999-06-17,7.015625,7.195313,6.921875,7.125000,5.593167,15643200
1999-06-18,7.132813,7.460938,7.132813,7.421875,5.826216,9522400
1999-06-21,7.453125,7.500000,7.328125,7.484375,5.875280,7604800
1999-06-22,7.406250,7.453125,7.203125,7.250000,5.691295,5657600
1999-06-23,7.187500,7.671875,7.148438,7.625000,5.985671,8896000
1999-06-24,7.609375,7.609375,7.398438,7.539063,5.918211,4785600
1999-06-25,7.593750,7.796875,7.593750,7.796875,6.120595,8427200
1999-06-28,7.828125,8.031250,7.812500,7.984375,6.267783,13923200
1999-06-29,8.046875,8.125000,7.953125,8.015625,6.292317,10247200
1999-06-30,8.117188,8.117188,7.882813,7.921875,6.218721,13686400
1999-07-01,7.640625,7.703125,7.343750,7.445313,5.844616,15401600
1999-07-02,7.265625,7.289063,6.937500,7.000000,5.495043,25940000
1999-07-06,7.000000,7.187500,6.906250,6.937500,5.445980,14617600
1999-07-07,6.968750,7.039063,6.820313,6.859375,5.384650,9987200
1999-07-08,6.812500,6.875000,6.648438,6.742188,5.292660,15916800
1999-07-09,6.781250,6.914063,6.750000,6.890625,5.409184,10581600
1999-07-12,6.882813,6.937500,6.812500,6.843750,5.372387,9454400
1999-07-13,6.835938,6.992188,6.710938,6.734375,5.286526,7919200
1999-07-14,6.710938,6.843750,6.710938,6.843750,5.372387,9691200
1999-07-15,7.062500,7.210938,6.953125,7.195313,5.648363,15593600
1999-07-16,7.242188,7.375000,7.132813,7.375000,5.789421,15840000
1999-07-19,7.343750,7.367188,7.164063,7.343750,5.764889,7604000
1999-07-20,7.328125,7.343750,7.226563,7.265625,5.703558,8345600
1999-07-21,7.257813,7.328125,7.070313,7.140625,5.605434,4239200
1999-07-22,7.109375,7.117188,6.726563,6.781250,5.323322,14855200
1999-07-23,6.781250,6.937500,6.617188,6.921875,5.433714,7633600
1999-07-26,6.921875,6.992188,6.835938,6.921875,5.433714,6710400
1999-07-27,6.906250,6.921875,6.710938,6.750000,5.298791,8606400
1999-07-28,6.742188,6.914063,6.726563,6.812500,5.347854,5545600
1999-07-29,6.718750,6.859375,6.625000,6.703125,5.261993,4991200
1999-07-30,6.710938,6.835938,6.468750,6.500000,5.102539,7684800
1999-08-02,6.484375,6.546875,6.218750,6.265625,4.918556,14422400
1999-08-03,6.390625,6.453125,6.148438,6.156250,4.832695,12333600
1999-08-04,6.187500,6.453125,6.093750,6.273438,4.924686,16279200
1999-08-05,6.140625,6.218750,5.929688,6.000000,4.710037,11942400
1999-08-06,5.984375,6.203125,5.875000,6.132813,4.814295,10722400
1999-08-09,6.195313,6.234375,6.101563,6.117188,4.802030,4918400
1999-08-10,6.109375,6.234375,6.093750,6.148438,4.826563,5088000
1999-08-11,6.250000,6.375000,6.210938,6.250000,4.906290,5641600
1999-08-12,6.242188,6.312500,6.125000,6.281250,4.930820,7763200
1999-08-13,6.328125,6.406250,6.312500,6.382813,5.010545,5561600
1999-08-16,6.390625,6.531250,6.359375,6.406250,5.028945,5688000
1999-08-17,6.468750,6.742188,6.406250,6.726563,5.280392,8604000
1999-08-18,6.726563,6.820313,6.578125,6.609375,5.188400,6368000
1999-08-19,6.546875,6.664063,6.484375,6.578125,5.163867,3500800
1999-08-20,6.625000,6.710938,6.562500,6.585938,5.170002,2667200
1999-08-23,6.554688,6.671875,6.554688,6.617188,5.194532,3065600
1999-08-24,6.585938,6.648438,6.500000,6.562500,5.151604,4838400
1999-08-25,6.570313,6.750000,6.570313,6.656250,5.225197,6721600
1999-08-26,6.664063,6.679688,6.421875,6.421875,5.041210,3596000
1999-08-27,6.343750,6.390625,6.289063,6.296875,4.943085,4196000
1999-08-30,6.250000,6.273438,6.078125,6.140625,4.820427,5953600
1999-08-31,6.140625,6.140625,5.773438,5.843750,4.587379,10168000
1999-09-01,5.781250,6.195313,5.781250,6.148438,4.826563,12338400
1999-09-02,6.000000,6.148438,5.937500,6.117188,4.802030,11956000
1999-09-03,6.218750,6.429688,6.210938,6.265625,4.918556,7637600
1999-09-07,6.296875,6.414063,6.257813,6.351563,4.986014,7371200
1999-09-08,6.335938,6.796875,6.328125,6.789063,5.329455,11507200
1999-09-09,6.789063,7.218750,6.750000,7.156250,5.617699,17698400
1999-09-10,7.156250,7.164063,6.859375,7.015625,5.507309,13699200
1999-09-13,6.984375,7.015625,6.898438,7.000000,5.495043,5464800
1999-09-14,6.976563,6.976563,6.812500,6.851563,5.378517,4459200
1999-09-15,6.906250,6.953125,6.757813,6.789063,5.329455,7362400
1999-09-16,6.757813,6.859375,6.515625,6.843750,5.378327,7982400
1999-09-17,6.750000,6.804688,6.367188,6.671875,5.243256,27159200
1999-09-20,6.734375,6.773438,6.671875,6.742188,5.298511,12993600
1999-09-21,6.742188,6.742188,6.500000,6.562500,5.157300,7556800
1999-09-22,6.546875,6.593750,6.507813,6.531250,5.132742,7208000
1999-09-23,6.593750,6.726563,6.507813,6.507813,5.114323,7420800
1999-09-24,6.562500,6.734375,6.445313,6.726563,5.286232,7947200
1999-09-27,6.820313,7.101563,6.781250,7.046875,5.537957,11124000
1999-09-28,7.125000,7.125000,6.937500,7.078125,5.562517,7305600
1999-09-29,7.093750,7.226563,7.046875,7.062500,5.550237,8228800
1999-09-30,7.093750,7.109375,6.929688,7.109375,5.587075,16650400
1999-10-01,7.078125,7.195313,7.046875,7.195313,5.654610,8156800
1999-10-04,7.210938,7.398438,7.203125,7.343750,5.771263,6956800
1999-10-05,7.312500,7.359375,7.187500,7.312500,5.746704,8703200
1999-10-06,7.304688,7.406250,7.265625,7.312500,5.746704,6101600
1999-10-07,7.367188,7.375000,7.257813,7.265625,5.709866,7301600
1999-10-08,7.281250,7.281250,7.125000,7.140625,5.611634,7067200
1999-10-11,7.140625,7.343750,7.070313,7.320313,5.752847,3693600
1999-10-12,7.312500,7.312500,7.117188,7.164063,5.630052,4705600
1999-10-13,7.171875,7.218750,6.882813,6.945313,5.458141,3825600
1999-10-14,6.937500,7.109375,6.875000,7.031250,5.525680,4657600
1999-10-15,7.062500,7.062500,6.804688,6.835938,5.372187,6544800
1999-10-18,6.835938,6.875000,6.664063,6.710938,5.273952,7851200
1999-10-19,6.875000,6.906250,6.734375,6.765625,5.316930,4419200
1999-10-20,6.765625,6.992188,6.734375,6.921875,5.439723,5512000
1999-10-21,6.867188,6.976563,6.796875,6.976563,5.482699,3256800
1999-10-22,7.023438,7.070313,6.828125,6.890625,5.415166,6068000
1999-10-25,6.796875,7.031250,6.687500,7.023438,5.519538,9448800
1999-10-26,7.054688,7.242188,7.007813,7.179688,5.642333,9280800
1999-10-27,7.179688,7.312500,7.156250,7.226563,5.679170,6885600
1999-10-28,7.218750,7.265625,6.929688,6.992188,5.494982,16320800
1999-10-29,6.992188,7.132813,6.914063,7.000000,5.501120,11466400
1999-11-01,6.968750,7.046875,6.906250,7.039063,5.531817,7169600
1999-11-02,6.937500,6.992188,6.562500,6.562500,5.157300,12340800
1999-11-03,6.437500,6.445313,5.968750,6.273438,4.930133,25880000
1999-11-04,6.257813,6.406250,6.234375,6.296875,4.948551,11954400
1999-11-05,6.273438,6.351563,5.875000,5.992188,4.709106,13229600
1999-11-08,5.890625,5.929688,5.671875,5.859375,4.604733,18019200
1999-11-09,5.859375,6.015625,5.781250,5.929688,4.659990,10276800
1999-11-10,5.898438,6.070313,5.828125,5.875000,4.617010,8123200
1999-11-11,5.906250,5.914063,5.750000,5.765625,4.531055,7608000
1999-11-12,5.796875,5.843750,5.687500,5.765625,4.531055,5432800
1999-11-15,5.781250,5.960938,5.703125,5.914063,4.647707,8761600
1999-11-16,5.882813,5.968750,5.507813,5.539063,4.353004,12928800
1999-11-17,5.531250,5.656250,5.507813,5.531250,4.346867,22547200
1999-11-18,5.625000,5.921875,5.593750,5.875000,4.617010,21924000
1999-11-19,6.187500,6.203125,6.000000,6.156250,4.838040,16694400
1999-11-22,6.125000,6.171875,5.976563,6.070313,4.770501,7472800
1999-11-23,6.054688,6.062500,5.890625,5.921875,4.653850,7136800
1999-11-24,5.929688,5.937500,5.773438,5.820313,4.574033,4132800
1999-11-26,5.875000,5.921875,5.828125,5.875000,4.617010,1460000
1999-11-29,5.726563,5.828125,5.726563,5.796875,4.555615,5716000
1999-11-30,5.796875,5.843750,5.734375,5.750000,4.518777,8496000
1999-12-01,5.718750,5.898438,5.703125,5.875000,4.617010,5327200
1999-12-02,5.906250,5.906250,5.562500,5.699219,4.478870,12485600
1999-12-03,5.648438,5.867188,5.648438,5.796875,4.555615,11795200
1999-12-06,5.781250,5.953125,5.695313,5.882813,4.623151,7258400
1999-12-07,5.796875,5.859375,5.718750,5.804688,4.561755,8043200
1999-12-08,5.781250,5.796875,5.585938,5.650391,4.440498,17163200
1999-12-09,5.625000,5.781250,5.625000,5.718750,4.494220,5684000
1999-12-10,5.718750,5.718750,5.484375,5.484375,4.310028,16460800
1999-12-13,5.484375,5.484375,5.226563,5.349609,4.204120,11061600
1999-12-14,5.265625,5.265625,4.976563,5.023438,3.947790,19863200
1999-12-15,5.093750,5.242188,5.078125,5.234375,4.113561,17261600
1999-12-16,5.234375,5.750000,5.210938,5.710938,4.494520,11228000
1999-12-17,6.218750,6.984375,6.164063,6.554688,5.158551,45736800
1999-12-20,6.562500,6.640625,6.281250,6.398438,5.035583,11616000
1999-12-21,6.375000,6.375000,6.031250,6.140625,4.832683,9639200
1999-12-22,6.234375,6.265625,6.125000,6.187500,4.869575,5060000
1999-12-23,6.210938,6.492188,6.195313,6.484375,5.103212,5934400
1999-12-27,6.453125,6.453125,6.210938,6.210938,4.888019,3876800
1999-12-28,6.218750,6.281250,6.203125,6.250000,4.918763,4499200
1999-12-29,6.257813,6.265625,6.203125,6.226563,4.900315,2108000
1999-12-30,6.218750,6.250000,6.140625,6.148438,4.838833,1956000
1999-12-31,6.187500,6.218750,6.156250,6.195313,4.875723,1802400
2000-01-03,6.164063,6.195313,5.968750,6.015625,4.734309,8014400
2000-01-04,5.875000,5.914063,5.671875,5.687500,4.476074,9810400
2000-01-05,5.718750,6.046875,5.718750,6.015625,4.734309,6542400
2000-01-06,5.984375,5.984375,5.820313,5.984375,4.709714,4891200
2000-01-07,5.960938,6.000000,5.875000,5.984375,4.709714,3993600
2000-01-10,6.015625,6.117188,6.000000,6.085938,4.789645,3946400
2000-01-11,6.171875,6.531250,6.156250,6.390625,5.029436,10976000
2000-01-12,6.359375,6.375000,6.140625,6.171875,4.857278,10050400
2000-01-13,6.132813,6.304688,6.054688,6.250000,4.918763,5144800
2000-01-14,6.328125,6.484375,6.296875,6.414063,5.047881,7680800
2000-01-18,6.343750,6.453125,6.257813,6.328125,4.980246,8356000
2000-01-19,6.468750,6.687500,6.429688,6.601563,5.195443,10299200
2000-01-20,6.656250,6.671875,6.406250,6.445313,5.072472,5103200
2000-01-21,6.445313,6.445313,6.312500,6.335938,4.986395,10265600
2000-01-24,6.203125,6.281250,6.156250,6.210938,4.888019,5733600
2000-01-25,6.195313,6.265625,6.062500,6.109375,4.808091,3823200
2000-01-26,5.765625,6.218750,5.765625,6.187500,4.869575,12886400
2000-01-27,6.000000,6.078125,5.796875,5.906250,4.648230,6304000
2000-01-28,5.875000,5.875000,5.750000,5.859375,4.611340,3556000
2000-01-31,5.750000,5.773438,5.679688,5.687500,4.476074,4627200
2000-02-01,5.679688,5.890625,5.656250,5.835938,4.592894,5971200
2000-02-02,5.828125,6.062500,5.773438,5.929688,4.666676,5572800
2000-02-03,5.914063,5.984375,5.820313,5.984375,4.709714,3973600
2000-02-04,5.984375,5.984375,5.828125,5.835938,4.592894,12485600
2000-02-07,5.828125,5.828125,5.585938,5.656250,4.451480,6455200
2000-02-08,5.625000,5.625000,4.515625,4.625000,3.639885,65707200
2000-02-09,4.562500,4.562500,4.046875,4.218750,3.320166,62571200
2000-02-10,4.171875,4.351563,4.109375,4.218750,3.320166,25032800
2000-02-11,4.265625,4.312500,4.140625,4.250000,3.344758,12644800
2000-02-14,4.187500,4.257813,4.015625,4.039063,3.178751,17859200
2000-02-15,4.007813,4.015625,3.781250,3.804688,2.994296,30056000
2000-02-16,3.804688,3.843750,3.656250,3.687500,2.902070,22678400
2000-02-17,3.664063,3.734375,3.601563,3.625000,2.852883,14977600
2000-02-18,3.609375,3.640625,3.421875,3.500000,2.754507,26087200
2000-02-22,3.578125,3.593750,3.375000,3.375000,2.656131,12847200
2000-02-23,3.531250,3.562500,3.492188,3.507813,2.760655,12624800
2000-02-24,3.500000,3.507813,3.328125,3.382813,2.662280,16156800
2000-02-25,3.375000,3.382813,3.312500,3.320313,2.613093,14830400
2000-02-28,3.367188,3.531250,3.351563,3.484375,2.742210,16385600
2000-02-29,3.484375,3.640625,3.484375,3.554688,2.797547,12575200
2000-03-01,3.554688,3.585938,3.492188,3.515625,2.766804,9884800
2000-03-02,3.546875,3.742188,3.515625,3.679688,2.895921,11260800
2000-03-03,3.757813,3.781250,3.640625,3.671875,2.889773,6912800
2000-03-06,3.687500,3.703125,3.523438,3.562500,2.803694,7684800
2000-03-07,3.593750,3.601563,3.460938,3.484375,2.742210,9532000
2000-03-08,3.406250,3.453125,3.375000,3.406250,2.680725,10000000
2000-03-09,3.390625,3.406250,3.226563,3.343750,2.631538,14059200
2000-03-10,3.367188,3.429688,3.351563,3.359375,2.643834,12566400
2000-03-13,3.390625,3.656250,3.312500,3.593750,2.828288,20965600
2000-03-14,3.625000,3.765625,3.531250,3.609375,2.840585,18244000
2000-03-15,3.578125,4.187500,3.570313,4.125000,3.246382,25912800
2000-03-16,4.117188,4.750000,3.921875,4.468750,3.523321,17427200
2000-03-17,4.328125,4.515625,4.015625,4.250000,3.350850,30021600
2000-03-20,4.039063,4.171875,4.039063,4.125000,3.252295,14386400
2000-03-21,4.140625,4.179688,4.031250,4.140625,3.264615,13809600
2000-03-22,4.281250,4.312500,4.179688,4.218750,3.326212,11780000
2000-03-23,4.203125,4.328125,4.156250,4.250000,3.350850,12538400
2000-03-24,4.250000,4.312500,4.210938,4.234375,3.338531,7305600
2000-03-27,4.500000,4.531250,4.375000,4.492188,3.541801,16704800
2000-03-28,4.523438,4.601563,4.468750,4.601563,3.628035,9060800
2000-03-29,4.601563,4.906250,4.601563,4.875000,3.843623,17080800
2000-03-30,4.882813,4.890625,4.710938,4.835938,3.812823,13088800
2000-03-31,4.843750,5.000000,4.804688,4.953125,3.905220,15036800
2000-04-03,5.125000,5.125000,5.000000,5.000000,3.942178,14220800
2000-04-04,5.000000,5.015625,4.546875,4.867188,3.837462,12149600
2000-04-05,4.937500,5.062500,4.859375,4.898438,3.862101,5654400
2000-04-06,4.914063,5.218750,4.914063,5.195313,4.096168,11058400
2000-04-07,5.312500,5.367188,5.226563,5.367188,4.231680,12285600
2000-04-10,5.351563,5.398438,5.250000,5.375000,4.237839,6696800
2000-04-11,5.484375,5.718750,5.484375,5.640625,4.447268,18799200
2000-04-12,5.632813,5.664063,5.492188,5.554688,4.379513,9212800
2000-04-13,5.562500,5.648438,5.468750,5.492188,4.330236,9680000
2000-04-14,5.312500,5.406250,5.109375,5.328125,4.200882,17863200
2000-04-17,5.359375,5.375000,5.109375,5.250000,4.139287,12481600
2000-04-18,5.226563,5.437500,5.117188,5.296875,4.176243,11352000
2000-04-19,5.421875,5.734375,5.375000,5.507813,4.342552,9402400
2000-04-20,5.515625,5.546875,5.468750,5.492188,4.330236,6341600
2000-04-24,5.507813,5.671875,5.382813,5.398438,4.256319,7215200
2000-04-25,5.390625,5.726563,5.359375,5.703125,4.496544,6885600
2000-04-26,5.656250,5.656250,5.398438,5.484375,4.324075,4333600
2000-04-27,5.375000,5.445313,5.328125,5.414063,4.268637,3830400
2000-04-28,5.562500,5.617188,5.390625,5.429688,4.280958,7720000
2000-05-01,5.429688,5.890625,5.421875,5.820313,4.588940,8130400
2000-05-02,5.789063,5.789063,5.578125,5.656250,4.459588,4469600
2000-05-03,5.406250,5.460938,5.203125,5.296875,4.176243,8126400
2000-05-04,5.375000,5.500000,5.312500,5.343750,4.213202,6128800
2000-05-05,5.343750,5.414063,5.218750,5.343750,4.213202,4955200
2000-05-08,5.343750,5.484375,5.328125,5.382813,4.244002,6868000
2000-05-09,5.351563,5.429688,5.281250,5.398438,4.256319,6644000
2000-05-10,5.312500,5.328125,5.195313,5.281250,4.163925,4293600
2000-05-11,5.281250,5.343750,5.257813,5.335938,4.207042,2653600
2000-05-12,5.250000,5.351563,5.218750,5.351563,4.219360,2688000
2000-05-15,5.359375,5.554688,5.281250,5.515625,4.348714,5956000
2000-05-16,5.484375,5.593750,5.453125,5.523438,4.354875,3246400
2000-05-17,5.453125,5.460938,5.140625,5.164063,4.071531,5001600
2000-05-18,5.171875,5.257813,5.031250,5.093750,4.016094,7704000
2000-05-19,4.976563,5.023438,4.796875,5.000000,3.942178,9682400
2000-05-22,5.000000,5.140625,4.890625,4.953125,3.905220,5794400
2000-05-23,4.968750,5.210938,4.734375,5.164063,4.071531,11746400
2000-05-24,5.250000,5.593750,5.250000,5.437500,4.287116,13967200
2000-05-25,5.468750,5.492188,5.390625,5.421875,4.274798,8943200
2000-05-26,5.437500,5.531250,5.390625,5.445313,4.293277,4872000
2000-05-30,5.437500,5.546875,5.210938,5.531250,4.361032,5676800
2000-05-31,5.515625,5.515625,5.078125,5.359375,4.225521,7727200
2000-06-01,5.390625,5.429688,5.335938,5.406250,4.262480,4212800
2000-06-02,5.546875,5.593750,5.484375,5.531250,4.361032,4600000
2000-06-05,5.531250,5.609375,5.445313,5.523438,4.354875,3837600
2000-06-06,5.500000,5.500000,5.187500,5.250000,4.139287,3589600
2000-06-07,5.250000,5.500000,5.179688,5.492188,4.330236,4171200
2000-06-08,5.312500,5.375000,5.250000,5.367188,4.231680,2794400
2000-06-09,5.335938,5.375000,5.125000,5.195313,4.096168,5871200
2000-06-12,4.890625,5.078125,4.625000,5.050781,3.982216,15022400
2000-06-13,5.054688,5.062500,4.750000,4.875000,3.843623,6928800
2000-06-14,4.875000,4.976563,4.867188,4.945313,3.905069,5578400
2000-06-15,4.937500,4.937500,4.703125,4.789063,3.781685,6023200
2000-06-16,4.757813,4.765625,4.625000,4.656250,3.676810,8535200
2000-06-19,4.734375,4.781250,4.515625,4.570313,3.608948,5864000
2000-06-20,4.562500,4.562500,4.398438,4.460938,3.522581,8980000
2000-06-21,4.429688,4.507813,4.406250,4.445313,3.510244,5191200
2000-06-22,4.421875,4.429688,4.351563,4.398438,3.473227,4257600
2000-06-23,4.429688,4.679688,4.421875,4.632813,3.658300,7271200
2000-06-26,4.750000,5.000000,4.718750,4.875000,3.849545,11592000
2000-06-27,5.007813,5.031250,4.921875,4.992188,3.942082,7790400
2000-06-28,5.007813,5.125000,4.843750,4.886719,3.858799,8188000
2000-06-29,4.875000,5.281250,4.726563,4.937500,3.898901,8083200
2000-06-30,4.953125,4.990234,4.804688,4.976563,3.929744,10526400
2000-07-03,5.125000,5.140625,4.976563,5.125000,4.046959,7405600
2000-07-05,5.054688,5.117188,4.992188,5.031250,3.972927,3610400
2000-07-06,5.062500,5.140625,4.968750,5.062500,3.997605,3177600
2000-07-07,5.117188,5.312500,5.062500,5.257813,4.151833,5385600
2000-07-10,5.289063,5.304688,5.171875,5.210938,4.114820,4084000
2000-07-11,5.250000,5.453125,5.171875,5.382813,4.250538,5830400
2000-07-12,5.382813,5.406250,5.281250,5.304688,4.188850,4732800
2000-07-13,5.335938,5.578125,5.320313,5.492188,4.336907,8097600
2000-07-14,5.523438,5.546875,5.351563,5.484375,4.330734,8752800
2000-07-17,5.515625,5.679688,5.437500,5.652344,4.463375,7823200
2000-07-18,5.640625,5.671875,5.398438,5.617188,4.435614,5310400
2000-07-19,5.585938,5.617188,5.476563,5.507813,4.349246,3758400
2000-07-20,5.523438,5.617188,5.507813,5.578125,4.404768,3669600
2000-07-21,5.585938,5.609375,5.531250,5.585938,4.410938,5488800
2000-07-24,5.617188,5.820313,5.593750,5.742188,4.534320,8527200
2000-07-25,5.812500,5.859375,5.640625,5.796875,4.577504,5234400
2000-07-26,5.781250,5.968750,5.726563,5.882813,4.645363,11223200
2000-07-27,5.890625,5.914063,5.625000,5.750000,4.540490,6685600
2000-07-28,5.742188,5.750000,5.414063,5.515625,4.355416,4375200
2000-07-31,5.492188,5.554688,5.359375,5.468750,4.318399,5032800
2000-08-01,5.468750,5.671875,5.468750,5.562500,4.392428,3436800
2000-08-02,5.570313,5.734375,5.515625,5.703125,4.503473,4024000
2000-08-03,5.562500,5.812500,5.562500,5.750000,4.540490,7808800
2000-08-04,5.656250,5.757813,5.546875,5.750000,4.540490,8060000
2000-08-07,5.773438,5.781250,5.679688,5.718750,4.515814,8128800
2000-08-08,5.750000,6.000000,5.750000,6.000000,4.737902,8260800
2000-08-09,6.062500,6.062500,5.914063,6.000000,4.737902,6028000
2000-08-10,6.000000,6.046875,5.835938,5.835938,4.608349,7611200
2000-08-11,5.851563,6.000000,5.820313,5.859375,4.626858,5355200
2000-08-14,5.828125,5.984375,5.820313,5.945313,4.694718,6420800
2000-08-15,5.914063,5.921875,5.734375,5.851563,4.620688,4439200
2000-08-16,5.851563,5.976563,5.851563,5.906250,4.663872,6120800
2000-08-17,5.875000,5.992188,5.859375,5.937500,4.688548,5544000
2000-08-18,5.968750,5.968750,5.859375,5.960938,4.707056,3664800
2000-08-21,5.960938,5.960938,5.687500,5.859375,4.626858,5720000
2000-08-22,5.609375,5.609375,5.179688,5.265625,4.158002,20796000
2000-08-23,5.140625,5.171875,5.023438,5.031250,3.972927,19686400
2000-08-24,5.031250,5.375000,5.031250,5.156250,4.071635,12156800
2000-08-25,5.187500,5.351563,5.187500,5.312500,4.195019,6500800
2000-08-28,5.250000,5.273438,5.062500,5.093750,4.022280,10172000
2000-08-29,5.125000,5.343750,5.101563,5.250000,4.145665,10532000
2000-08-30,5.250000,5.257813,5.093750,5.179688,4.090140,5400000
2000-08-31,5.117188,5.117188,4.945313,4.947266,3.906609,11944800
2000-09-01,5.046875,5.171875,5.039063,5.109375,4.034618,7378400
2000-09-05,5.109375,5.242188,5.109375,5.210938,4.114820,4739200
2000-09-06,5.203125,5.203125,4.937500,5.000000,3.948252,7449600
2000-09-07,4.984375,4.984375,4.683594,4.828125,3.812529,20890400
2000-09-08,4.765625,5.046875,4.765625,4.890625,3.861883,14437600
2000-09-11,4.890625,5.000000,4.523438,4.578125,3.615117,23844800
2000-09-12,4.953125,5.070313,4.875000,4.970703,3.925116,28375200
2000-09-13,4.843750,4.843750,4.664063,4.828125,3.812529,10433600
2000-09-14,4.812500,5.000000,4.687500,4.812500,3.806104,8961600
2000-09-15,4.640625,4.875000,4.437500,4.718750,3.731960,29448800
2000-09-18,4.593750,4.843750,4.531250,4.734375,3.744318,10156800
2000-09-19,4.742188,5.250000,4.687500,5.250000,4.152116,5376800
2000-09-20,4.773438,4.789063,4.617188,4.734375,3.744318,8884000
2000-09-21,4.781250,4.914063,4.750000,4.828125,3.818463,5314400
2000-09-22,4.859375,5.031250,4.656250,4.945313,3.911143,10242400
2000-09-25,4.945313,5.031250,4.921875,5.023438,3.972930,7001600
2000-09-26,5.054688,5.062500,4.984375,5.007813,3.960573,6327200
2000-09-27,5.031250,5.046875,4.953125,4.984375,3.942037,7603200
2000-09-28,4.992188,5.093750,4.976563,5.015625,3.966751,7882400
2000-09-29,5.015625,5.039063,4.976563,5.007813,3.960573,4827200
2000-10-02,5.007813,5.093750,4.984375,5.000000,3.954395,3840800
2000-10-03,5.046875,5.242188,5.023438,5.187500,4.102684,6312800
2000-10-04,5.179688,5.179688,5.054688,5.085938,4.022359,5820000
2000-10-05,5.101563,5.437500,5.093750,5.375000,4.250972,6759200
2000-10-06,5.382813,5.382813,4.937500,4.960938,3.923501,5553600
2000-10-09,4.960938,4.960938,4.750000,4.875000,3.855534,7100800
2000-10-10,4.906250,5.070313,4.875000,4.960938,3.923501,6661600
2000-10-11,4.929688,5.023438,4.851563,4.867188,3.849355,6432800
2000-10-12,4.867188,4.867188,4.687500,4.796875,3.793746,3619200
2000-10-13,4.789063,4.929688,4.773438,4.812500,3.806104,3441600
2000-10-16,4.796875,5.054688,4.750000,4.929688,3.898787,4953600
2000-10-17,5.015625,5.046875,4.703125,4.750000,3.756673,26293600
2000-10-18,4.601563,4.773438,4.570313,4.718750,3.731960,15689600
2000-10-19,4.742188,4.820313,4.726563,4.796875,3.793746,7110400
2000-10-20,4.671875,4.718750,4.554688,4.632813,3.663993,5117600
2000-10-23,4.664063,4.664063,4.367188,4.546875,3.596027,14903200
2000-10-24,4.625000,4.687500,4.562500,4.632813,3.663993,9598400
2000-10-25,4.664063,4.820313,4.632813,4.671875,3.694886,6776800
2000-10-26,4.734375,4.953125,4.656250,4.898438,3.874072,10486400
2000-10-27,4.890625,4.890625,4.757813,4.789063,3.787568,5961600
2000-10-30,4.796875,4.960938,4.796875,4.867188,3.849355,7250400
2000-10-31,4.867188,4.992188,4.820313,4.992188,3.948215,11690400
2000-11-01,4.960938,5.046875,4.890625,4.984375,3.942037,4692800
2000-11-02,5.078125,5.304688,5.070313,5.304688,4.195365,17064000
2000-11-03,5.273438,5.289063,5.164063,5.171875,4.090326,4008000
2000-11-06,5.164063,5.476563,5.164063,5.335938,4.220081,8074400
2000-11-07,5.343750,5.398438,5.250000,5.375000,4.250972,3296800
2000-11-08,5.437500,5.617188,5.375000,5.562500,4.399262,6218400
2000-11-09,5.593750,5.593750,5.375000,5.453125,4.312763,7860800
2000-11-10,5.406250,5.429688,5.140625,5.195313,4.108863,5866400
2000-11-13,5.195313,5.226563,5.140625,5.171875,4.090326,6414400
2000-11-14,5.093750,5.242188,5.039063,5.218750,4.127399,6412800
2000-11-15,5.273438,5.312500,5.164063,5.265625,4.164471,3964000
2000-11-16,5.265625,5.359375,5.164063,5.164063,4.084147,3732800
2000-11-17,5.109375,5.226563,5.078125,5.210938,4.121221,3002400
2000-11-20,5.210938,5.328125,4.921875,5.000000,3.954395,11308800
2000-11-21,5.046875,5.117188,4.953125,5.000000,3.954395,4022400
2000-11-22,4.976563,5.046875,4.921875,5.031250,3.979110,6081600
2000-11-24,5.000000,5.085938,5.000000,5.062500,4.003824,1994400
2000-11-27,5.218750,5.437500,5.195313,5.375000,4.250972,9434400
2000-11-28,5.312500,5.507813,5.218750,5.492188,4.343655,7265600
2000-11-29,5.437500,5.445313,5.265625,5.351563,4.232438,4848800
2000-11-30,5.351563,5.429688,5.312500,5.328125,4.213902,9480000
2000-12-01,5.343750,5.531250,5.343750,5.460938,4.318940,6033600
2000-12-04,5.437500,5.687500,5.437500,5.625000,4.448692,7388000
2000-12-05,5.593750,5.617188,5.460938,5.531250,4.374548,6187200
2000-12-06,5.492188,5.703125,5.398438,5.414063,4.281868,10084000
2000-12-07,5.414063,5.414063,5.031250,5.203125,4.115040,10409600
2000-12-08,5.187500,5.382813,5.179688,5.320313,4.207723,6024000
2000-12-11,5.289063,5.640625,5.195313,5.500000,4.349834,6881600
2000-12-12,5.507813,5.695313,5.507813,5.601563,4.430158,5144000
2000-12-13,5.695313,5.703125,5.578125,5.632813,4.454873,9826400
2000-12-14,5.648438,6.000000,5.640625,6.000000,4.751600,20167200
2000-12-15,5.992188,5.992188,5.789063,5.953125,4.714478,14008800
2000-12-18,5.906250,5.953125,5.820313,5.835938,4.621673,9349600
2000-12-19,5.820313,6.085938,5.804688,5.945313,4.708290,17456000
2000-12-20,5.687500,6.242188,5.679688,6.140625,4.862966,26594400
2000-12-21,6.109375,6.242188,5.984375,6.156250,4.875340,18087200
2000-12-22,6.250000,6.398438,6.242188,6.398438,5.067135,12097600
2000-12-26,6.382813,6.773438,6.382813,6.757813,5.351736,14339200
2000-12-27,6.781250,7.093750,6.750000,7.085938,5.611590,20370400
2000-12-28,7.046875,7.093750,6.968750,7.093750,5.617776,13336000
2000-12-29,7.093750,7.125000,6.898438,6.976563,5.524973,8772800
2001-01-02,6.843750,6.937500,6.703125,6.765625,5.357924,28993600
2001-01-03,6.406250,7.000000,6.343750,6.992188,5.537348,30599200
2001-01-04,6.960938,7.171875,6.921875,7.171875,5.679646,29224000
2001-01-05,7.164063,7.203125,6.859375,6.859375,5.432168,22917600
2001-01-08,6.867188,7.234375,6.757813,7.203125,5.704394,17046400
2001-01-09,7.125000,7.507813,7.062500,7.429688,5.883818,30744800
2001-01-10,7.414063,7.460938,7.242188,7.265625,5.753888,15828800
2001-01-11,7.273438,7.289063,7.101563,7.218750,5.716767,12061600
2001-01-12,7.140625,7.156250,7.015625,7.054688,5.586842,10188800
2001-01-16,7.046875,7.109375,6.843750,6.960938,5.512599,8748000
2001-01-17,6.992188,7.125000,6.921875,6.976563,5.524973,12588800
2001-01-18,6.984375,7.078125,6.968750,7.007813,5.549721,6805600
2001-01-19,6.937500,6.992188,6.500000,6.554688,5.190876,21124800
2001-01-22,6.359375,6.781250,6.359375,6.617188,5.240372,9307200
2001-01-23,6.687500,6.703125,6.507813,6.640625,5.258933,8467200
2001-01-24,6.625000,6.718750,6.468750,6.546875,5.184690,9546400
2001-01-25,6.500000,6.804688,6.492188,6.773438,5.364112,8836800
2001-01-26,6.718750,6.812500,6.546875,6.625000,5.246559,6229600
2001-01-29,6.637500,6.637500,6.425000,6.553750,5.190133,4100800
2001-01-30,6.625000,6.790000,6.563750,6.626250,5.247548,6959200
2001-01-31,6.750000,6.918750,6.673750,6.876250,5.445530,7408000
2001-02-01,6.875000,6.890000,6.772500,6.810000,5.393066,10366400
2001-02-02,6.822500,6.902500,6.758750,6.826250,5.405936,5003200
2001-02-05,6.825000,6.953750,6.822500,6.898750,5.463352,5487200
2001-02-06,6.898750,7.125000,6.898750,7.067500,5.596990,8448000
2001-02-07,7.125000,7.165000,7.036250,7.055000,5.587089,10194400
2001-02-08,7.016250,7.018750,6.760000,6.890000,5.456419,11316800
2001-02-09,6.888750,6.888750,6.755000,6.806250,5.390095,6783200
2001-02-12,6.750000,6.821250,6.750000,6.788750,5.376237,4188800
2001-02-13,6.788750,7.125000,6.788750,7.011250,5.552444,6788800
2001-02-14,7.012500,7.032500,6.782500,6.891250,5.457412,4241600
2001-02-15,6.826250,6.826250,6.526250,6.533750,5.174295,14766400
2001-02-16,6.540000,6.637500,6.440000,6.440000,5.100050,10629600
2001-02-20,6.440000,6.440000,5.938750,5.940000,4.704084,31327200
2001-02-21,6.078750,6.181250,5.876250,5.882500,4.658548,16009600
2001-02-22,5.890000,6.047500,5.671250,6.003750,4.754570,18472800
2001-02-23,6.010000,6.135000,6.003750,6.125000,4.850591,7768800
2001-02-26,6.145000,6.250000,6.067500,6.138750,4.861481,17316000
2001-02-27,5.047500,5.165000,4.771250,4.922500,3.898291,97760800
2001-02-28,4.931250,4.931250,4.661250,4.878750,3.863646,23287200
2001-03-01,4.882500,4.902500,4.697500,4.766250,3.774553,9636800
2001-03-02,4.703750,4.773750,4.688750,4.697500,3.720107,11933600
2001-03-05,4.751250,4.797500,4.668750,4.703750,3.725056,14545600
2001-03-06,4.773750,4.911250,4.753750,4.893750,3.875524,9149600
2001-03-07,4.947500,5.040000,4.935000,5.032500,3.985406,8788000
2001-03-08,5.032500,5.156250,4.953750,5.040000,3.991346,11703200
2001-03-09,5.005000,5.075000,4.940000,5.008750,3.966597,7976800
2001-03-12,5.003750,5.023750,4.886250,4.888750,3.871563,3953600
2001-03-13,4.875000,4.876250,4.667500,4.691250,3.715157,7943200
2001-03-14,4.671250,4.750000,4.563750,4.565000,3.615176,7587200
2001-03-15,4.555000,4.576250,4.435000,4.543750,3.604269,9785600
2001-03-16,4.453750,4.625000,4.427500,4.540000,3.601293,16113600
2001-03-19,4.507500,4.525000,4.415000,4.523750,3.588404,8687200
2001-03-20,4.563750,4.915000,4.556250,4.751250,3.768865,13690400
2001-03-21,5.007500,5.067500,4.940000,5.016250,3.979072,27081600
2001-03-22,5.016250,5.055000,4.908750,4.940000,3.918589,15406400
2001-03-23,4.931250,5.046250,4.790000,5.037500,3.995930,11733600
2001-03-26,5.038750,5.076250,4.887500,4.922500,3.904707,7064000
2001-03-27,4.922500,5.000000,4.810000,4.951250,3.927513,8483200
2001-03-28,5.000000,5.000000,4.793750,4.933750,3.913632,6362400
2001-03-29,4.938750,5.046250,4.938750,5.018750,3.981056,5832800
2001-03-30,5.023750,5.052500,4.813750,5.043750,4.000886,4391200
2001-04-02,5.040000,5.250000,5.040000,5.140000,4.077236,7388800
2001-04-03,5.142500,5.143750,4.810000,4.907500,3.892808,6492800
2001-04-04,4.907500,5.023750,4.891250,4.953750,3.929496,5100000
2001-04-05,5.047500,5.060000,4.791250,4.922500,3.904707,13628800
2001-04-06,4.922500,4.922500,4.806250,4.905000,3.890826,6812800
2001-04-09,4.943750,5.012500,4.887500,4.937500,3.916605,4030400
2001-04-10,4.968750,4.997500,4.755000,4.927500,3.908673,15030400
2001-04-11,4.896250,4.925000,4.750000,4.756250,3.772832,10657600
2001-04-12,4.737500,4.775000,4.537500,4.682500,3.714331,13772000
2001-04-16,4.713750,4.796250,4.575000,4.618750,3.663759,14552000
2001-04-17,4.575000,4.712500,4.572500,4.650000,3.688549,8573600
2001-04-18,4.606250,4.793750,4.593750,4.780000,3.791672,20862400
2001-04-19,4.811250,5.031250,4.811250,4.950000,3.926522,16092000
2001-04-20,4.962500,4.995000,4.868750,4.967500,3.940402,9133600
2001-04-23,4.952500,5.018750,4.880000,4.975000,3.946352,6832000
2001-04-24,4.947500,4.951250,4.781250,4.781250,3.792662,6303200
2001-04-25,4.762500,4.918750,4.762500,4.872500,3.865046,4781600
2001-04-26,4.875000,5.050000,4.870000,4.978750,3.949326,7180000
2001-04-27,4.993750,5.256250,4.988750,5.202500,4.126813,11600800
2001-04-30,5.202500,5.252500,5.138750,5.226250,4.145652,9381600
2001-05-01,5.150000,5.225000,5.072500,5.072500,4.023692,7025600
2001-05-02,5.072500,5.235000,5.062500,5.195000,4.120862,4779200
2001-05-03,5.131250,5.131250,5.007500,5.117500,4.059390,5381600
2001-05-04,5.040000,5.170000,4.938750,5.077500,4.027658,6878400
2001-05-07,5.065000,5.107500,5.018750,5.065000,4.017744,4399200
2001-05-08,5.063750,5.137500,5.000000,5.120000,4.061371,4370400
2001-05-09,5.012500,5.050000,4.988750,5.002500,3.968167,13472800
2001-05-10,4.998750,5.125000,4.907500,4.922500,3.904707,14444800
2001-05-11,4.935000,4.950000,4.781250,4.798750,3.806542,15259200
2001-05-14,4.812500,4.875000,4.807500,4.857500,3.853146,5295200
2001-05-15,4.862500,5.012500,4.862500,4.950000,3.926522,8804800
2001-05-16,4.918750,5.255000,4.918750,5.251250,4.165481,8776000
2001-05-17,5.220000,5.350000,5.200000,5.287500,4.194238,16219200
2001-05-18,5.288750,5.317500,5.250000,5.300000,4.204153,8616000
2001-05-21,5.312500,5.467500,5.292500,5.460000,4.331072,7160000
2001-05-22,5.656250,5.717500,5.625000,5.636250,4.470878,13677600
2001-05-23,5.618750,5.620000,5.365000,5.462500,4.333056,11368800
2001-05-24,5.437500,5.505000,5.405000,5.468750,4.338013,3976000
2001-05-25,5.437500,5.512500,5.425000,5.435000,4.311241,5265600
2001-05-29,5.386250,5.390000,5.281250,5.307500,4.210102,8752000
2001-05-30,5.212500,5.237500,5.056250,5.125000,4.065338,17573600
2001-05-31,5.093750,5.190000,5.087500,5.137500,4.075253,11191200
2001-06-01,5.150000,5.168750,5.083750,5.163750,4.096075,7395200
2001-06-04,5.162500,5.176250,5.100000,5.145000,4.081201,4694400
2001-06-05,5.145000,5.231250,5.145000,5.177500,4.106981,6280000
2001-06-06,5.206250,5.215000,5.152500,5.175000,4.105000,4986400
2001-06-07,5.175000,5.492500,5.175000,5.292500,4.198204,12457600
2001-06-08,5.200000,5.287500,5.160000,5.202500,4.126813,3804800
2001-06-11,5.227500,5.243750,5.131250,5.148750,4.084176,5498400
2001-06-12,5.137500,5.247500,5.112500,5.233750,4.151601,6781600
2001-06-13,5.212500,5.218750,5.112500,5.168750,4.105927,4986400
2001-06-14,5.172500,5.225000,5.157500,5.181250,4.115855,7860800
2001-06-15,5.181250,5.200000,5.081250,5.113750,4.062235,12663200
2001-06-18,5.100000,5.125000,5.073750,5.101250,4.052305,5157600
2001-06-19,5.103750,5.356250,5.093750,5.326250,4.231040,10737600
2001-06-20,5.257500,5.418750,5.218750,5.250000,4.170469,10246400
2001-06-21,5.218750,5.531250,5.206250,5.441250,4.322393,17780000
2001-06-22,5.472500,5.581250,5.335000,5.568750,4.423674,8082400
2001-06-25,5.581250,5.625000,5.407500,5.500000,4.369060,9700000
2001-06-26,5.475000,5.475000,5.290000,5.343750,4.244940,11744000
2001-06-27,5.262500,5.531250,5.262500,5.332500,4.236003,6638400
2001-06-28,5.375000,5.437500,5.062500,5.247500,4.168483,40526400
2001-06-29,5.262500,5.312500,5.238750,5.248750,4.169476,23972800
2001-07-02,5.225000,5.418750,5.225000,5.268750,4.185363,12188000
2001-07-03,5.243750,5.363750,5.218750,5.315000,4.222102,5087200
2001-07-05,5.315000,5.337500,5.213750,5.261250,4.179405,11560800
2001-07-06,5.261250,5.312500,5.193750,5.225000,4.150609,7800000
2001-07-09,5.187500,5.281250,5.168750,5.187500,4.120819,4908000
2001-07-10,5.158750,5.218750,5.041250,5.141250,4.084079,8885600
2001-07-11,5.141250,5.437500,5.135000,5.295000,4.206216,7352800
2001-07-12,5.296250,5.748750,5.296250,5.625000,4.468358,13215200
2001-07-13,5.593750,5.731250,5.515000,5.641250,4.481269,6738400
2001-07-16,5.642500,5.893750,5.640000,5.800000,4.607377,14795200
2001-07-17,5.800000,5.915000,5.726250,5.868750,4.661989,9413600
2001-07-18,5.806250,5.825000,5.720000,5.748750,4.566662,7651200
2001-07-19,5.748750,6.005000,5.581250,5.967500,4.740434,21112000
2001-07-20,5.965000,6.012500,5.875000,5.920000,4.702702,8193600
2001-07-23,5.888750,5.931250,5.706250,5.777500,4.589499,10483200
2001-07-24,5.775000,5.850000,5.656250,5.756250,4.572621,6176000
2001-07-25,5.695000,5.868750,5.603750,5.847500,4.645108,6352000
2001-07-26,5.802500,5.981250,5.772500,5.980000,4.750361,7420000
2001-07-27,5.900000,5.962500,5.806250,5.850000,4.647092,8160000
2001-07-30,5.831250,5.862500,5.725000,5.762500,4.577586,9475200
2001-07-31,5.762500,5.950000,5.700000,5.943750,4.721564,11809600
2001-08-01,5.908750,6.001250,5.807500,5.976250,4.747383,6523200
2001-08-02,6.040000,6.251250,6.031250,6.223750,4.943990,17220000
2001-08-03,6.223750,6.268750,6.148750,6.268750,4.979739,9455200
2001-08-06,6.175000,6.212500,5.868750,5.941250,4.719582,14084000
2001-08-07,5.941250,6.018750,5.906250,5.971250,4.743412,5502400
2001-08-08,5.960000,6.038750,5.937500,6.000000,4.766248,9898400
2001-08-09,5.987500,6.132500,5.956250,6.081250,4.830793,9937600
2001-08-10,6.050000,6.187500,5.912500,6.180000,4.909235,5316800
2001-08-13,6.147500,6.243750,6.118750,6.210000,4.933067,6129600
2001-08-14,6.210000,6.220000,6.126250,6.187500,4.915196,3258400
2001-08-15,6.218750,6.247500,6.068750,6.093750,4.840721,7245600
2001-08-16,6.087500,6.148750,6.025000,6.126250,4.866538,5716800
2001-08-17,6.062500,6.123750,6.062500,6.091250,4.838737,5426400
2001-08-20,6.093750,6.130000,6.001250,6.026250,4.787101,6202400
2001-08-21,6.031250,6.131250,5.965000,6.080000,4.829799,10111200
2001-08-22,6.048750,6.131250,5.942500,6.112500,4.855618,6225600
2001-08-23,6.100000,6.175000,6.005000,6.153750,4.888383,9220800
2001-08-24,6.162500,6.475000,6.143750,6.410000,5.091943,13169600
2001-08-27,6.312500,6.371250,6.270000,6.312500,5.014492,7254400
2001-08-28,6.281250,6.356250,6.281250,6.312500,5.014492,7459200
2001-08-29,6.300000,6.368750,6.281250,6.281250,4.989666,5089600
2001-08-30,6.281250,6.282500,6.162500,6.188750,4.916188,7333600
2001-08-31,6.188750,6.397500,6.188750,6.250000,4.964846,8666400
2001-09-04,6.281250,6.500000,6.275000,6.343750,5.039316,13728000
2001-09-05,6.350000,6.350000,6.156250,6.312500,5.014492,10056800
2001-09-06,6.312500,6.375000,6.188750,6.266250,4.977752,8446400
2001-09-07,6.168750,6.250000,5.945000,6.063750,4.816889,14432800
2001-09-10,6.022500,6.206250,6.022500,6.081250,4.830793,7283200
2001-09-17,5.625000,5.687500,5.496250,5.506250,4.467586,18979200
2001-09-18,5.506250,5.530000,5.380000,5.380000,4.365150,25150400
2001-09-19,5.406250,5.531250,5.242500,5.343750,4.335738,24913600
2001-09-20,5.218750,5.412500,5.093750,5.282500,4.286043,19208800
2001-09-21,5.187500,5.568750,5.168750,5.460000,4.430060,40428800
2001-09-24,5.587500,5.918750,5.587500,5.801250,4.706940,12559200
2001-09-25,5.750000,5.837500,5.690000,5.706250,4.629858,9951200
2001-09-26,5.787500,5.891250,5.631250,5.681250,4.609575,13273600
2001-09-27,5.681250,5.737500,5.503750,5.693750,4.619717,13406400
2001-09-28,5.762500,5.912500,5.657500,5.851250,4.747507,10322400
2001-10-01,5.847500,5.976250,5.768750,5.861250,4.755622,8278400
2001-10-02,5.861250,6.030000,5.850000,6.007500,4.874284,10900000
2001-10-03,5.910000,6.300000,5.906250,6.118750,4.964546,13999200
2001-10-04,6.112500,6.122500,5.922500,5.952500,4.829659,9056000
2001-10-05,5.887500,5.998750,5.843750,5.975000,4.847912,12214400
2001-10-08,5.976250,5.996250,5.906250,5.925000,4.807346,12100000
2001-10-09,5.912500,5.925000,5.831250,5.845000,4.742435,11063200
2001-10-10,5.845000,6.066250,5.812500,6.031250,4.893554,16685600
2001-10-11,6.062500,6.248750,5.927500,5.988750,4.859069,16228800
2001-10-12,5.975000,6.028750,5.801250,6.010000,4.876311,11457600
2001-10-15,6.010000,6.012500,5.856250,5.956250,4.832699,9600000
2001-10-16,5.878750,6.000000,5.875000,5.941250,4.820529,13043200
2001-10-17,5.948750,6.027500,5.881250,5.928750,4.810387,8213600
2001-10-18,5.881250,6.010000,5.881250,5.952500,4.829659,6332000
2001-10-19,5.943750,6.028750,5.925000,6.016250,4.881383,12712800
2001-10-22,5.993750,6.200000,5.993750,6.165000,5.002073,10716800
2001-10-23,6.193750,6.370000,6.141250,6.141250,4.982804,12030400
2001-10-24,6.156250,6.193750,6.062500,6.097500,4.947307,3948800
2001-10-25,6.000000,6.137500,5.987500,6.123750,4.968606,9764800
2001-10-26,6.125000,6.246250,6.120000,6.205000,5.034527,8450400
2001-10-29,6.205000,6.218750,6.093750,6.106250,4.954405,5242400
2001-10-30,6.112500,6.112500,5.987500,6.007500,4.874284,8999200
2001-10-31,6.050000,6.262500,6.050000,6.170000,5.006130,16315200
2001-11-01,6.075000,6.127500,5.956250,6.122500,4.967591,12476000
2001-11-02,6.101250,6.198750,6.088750,6.147500,4.987875,4517600
2001-11-05,6.175000,6.246250,6.138750,6.185000,5.018301,3059200
2001-11-06,6.160000,6.268750,6.157500,6.246250,5.067996,5361600
2001-11-07,6.247500,6.250000,6.147500,6.217500,5.044667,7430400
2001-11-08,6.237500,6.280000,6.190000,6.230000,5.054814,6240000
2001-11-09,6.230000,6.243750,6.137500,6.193750,5.025398,2723200
2001-11-12,6.193750,6.195000,6.030000,6.171250,5.007144,3999200
2001-11-13,6.237500,6.256250,6.212500,6.247500,5.069010,8261600
2001-11-14,6.268750,6.450000,6.262500,6.445000,5.229258,12618400
2001-11-15,6.445000,6.738750,6.432500,6.555000,5.318505,13776800
2001-11-16,6.556250,6.625000,6.537500,6.618750,5.370230,11053600
2001-11-19,6.625000,6.803750,6.618750,6.655000,5.399643,17625600
2001-11-20,6.693750,6.737500,6.575000,6.692500,5.430070,12739200
2001-11-21,6.687500,6.705000,6.602500,6.693750,5.431082,9084000
2001-11-23,6.687500,6.687500,6.633750,6.675000,5.415869,2711200
2001-11-26,6.681250,6.687500,6.488750,6.536250,5.303293,12923200
2001-11-27,6.518750,6.623750,6.500000,6.532500,5.300250,6218400
2001-11-28,6.502500,6.512500,6.406250,6.470000,5.249540,6448800
2001-11-29,6.435000,6.456250,6.386250,6.425000,5.213029,7641600
2001-11-30,6.450000,6.656250,6.450000,6.623750,5.374288,12154400
2001-12-03,6.622500,6.668750,6.506250,6.611250,5.364145,6876800
2001-12-04,6.560000,6.626250,6.543750,6.621250,5.372261,7030400
2001-12-05,6.602500,6.875000,6.587500,6.846250,5.554817,10920000
2001-12-06,6.875000,7.047500,6.827500,7.042500,5.714049,15729600
2001-12-07,6.937500,6.948750,6.848750,6.880000,5.582200,13519200
2001-12-10,6.900000,6.955000,6.731250,6.802500,5.519321,8631200
2001-12-11,6.862500,6.876250,6.768750,6.875000,5.578144,7176000
2001-12-12,6.876250,6.983750,6.797500,6.812500,5.527432,11228000
2001-12-13,6.781250,6.868750,6.726250,6.853750,5.567031,10440800
2001-12-14,6.618750,6.856250,6.250000,6.731250,5.467528,65985600
2001-12-17,6.668750,6.683750,6.538750,6.538750,5.311168,26223200
2001-12-18,6.511250,6.625000,6.480000,6.597500,5.358891,15545600
2001-12-19,6.633750,6.850000,6.600000,6.826250,5.544695,22935200
2001-12-20,6.781250,6.812500,6.625000,6.723750,5.461439,15624000
2001-12-21,7.012500,7.112500,6.906250,7.037500,5.716285,33040000
2001-12-24,7.081250,7.148750,7.056250,7.131250,5.792433,8288800
2001-12-26,7.168750,7.303750,7.112500,7.137500,5.797511,12077600
2001-12-27,7.156250,7.156250,7.000000,7.093750,5.761972,5219200
2001-12-28,7.068750,7.128750,7.026250,7.060000,5.734558,5465600
2001-12-31,7.060000,7.193750,7.016250,7.030000,5.710192,6570400
2002-01-02,7.040000,7.147500,7.003750,7.115000,5.779232,9688000
2002-01-03,7.143750,7.143750,7.032500,7.062500,5.736590,10716000
2002-01-04,7.062500,7.311250,7.062500,7.125000,5.787357,18803200
2002-01-07,7.187500,7.242500,7.131250,7.148750,5.806649,10421600
2002-01-08,7.068750,7.212500,7.062500,7.168750,5.822890,12569600
2002-01-09,7.168750,7.200000,7.025000,7.067500,5.740653,7919200
2002-01-10,7.018750,7.187500,7.006250,7.128750,5.790401,7835200
2002-01-11,7.062500,7.110000,6.862500,6.928750,5.627951,14765600
2002-01-14,6.928750,6.928750,6.825000,6.837500,5.553832,6080800
2002-01-15,7.031250,7.168750,7.012500,7.162500,5.817818,18412000
2002-01-16,7.162500,7.162500,7.006250,7.025000,5.706131,5040800
2002-01-17,7.037500,7.198750,7.008750,7.172500,5.825938,8780000
2002-01-18,7.150000,7.287500,7.138750,7.193750,5.843199,11547200
2002-01-22,7.262500,7.296250,7.200000,7.250000,5.888887,14525600
2002-01-23,7.250000,7.275000,7.191250,7.270000,5.905132,9128800
2002-01-24,7.262500,7.400000,7.237500,7.342500,5.964024,12901600
2002-01-25,7.312500,7.391250,7.268750,7.326250,5.950826,9368000
2002-01-28,7.287500,7.303750,7.223750,7.278750,5.912242,8718400
2002-01-29,7.310000,7.425000,7.138750,7.225000,5.868581,10406400
2002-01-30,7.193750,7.631250,7.187500,7.625000,6.193486,32193600
2002-01-31,7.593750,7.605000,7.460000,7.488750,6.082816,16327200
2002-02-01,7.481250,7.568750,7.400000,7.502500,6.093987,7840800
2002-02-04,7.475000,7.543750,7.398750,7.432500,6.037126,6024000
2002-02-05,7.450000,7.562500,7.443750,7.498750,6.090938,14220800
2002-02-06,7.450000,7.518750,7.440000,7.512500,6.102105,9764800
2002-02-07,7.512500,7.580000,7.492500,7.506250,6.097030,14716000
2002-02-08,7.450000,7.487500,7.387500,7.387500,6.000576,9759200
2002-02-11,7.400000,7.557500,7.400000,7.555000,6.136630,11110400
2002-02-12,7.523750,7.551250,7.500000,7.520000,6.108199,3904800
2002-02-13,7.512500,7.562500,7.491250,7.550000,6.132567,7305600
2002-02-14,7.533750,7.565000,7.506250,7.560000,6.140690,5942400
2002-02-15,7.547500,7.550000,7.425000,7.438750,6.042202,7847200
2002-02-19,7.412500,7.425000,7.286250,7.292500,5.923410,6598400
2002-02-20,7.262500,7.343750,7.262500,7.316250,5.942700,6187200
2002-02-21,7.260000,7.303750,7.187500,7.187500,5.838122,15360800
2002-02-22,7.212500,7.475000,7.091250,7.425000,6.031034,9350400
2002-02-25,7.368750,7.525000,7.338750,7.467500,6.065558,10842400
2002-02-26,7.500000,7.507500,7.410000,7.428750,6.034079,9015200
2002-02-27,7.450000,7.456250,7.280000,7.315000,5.941686,5548800
2002-02-28,7.346250,7.405000,7.256250,7.357500,5.976208,10628800
2002-03-01,7.350000,7.402500,7.276250,7.356250,5.975194,7475200
2002-03-04,7.325000,7.455000,7.306250,7.405000,6.014790,7805600
2002-03-05,7.381250,7.381250,7.252500,7.252500,5.890920,10219200
2002-03-06,7.250000,7.423750,7.198750,7.325000,5.949808,11372000
2002-03-07,7.325000,7.412500,7.300000,7.350000,5.970115,9264000
2002-03-08,7.412500,7.437500,7.232500,7.275000,5.909195,8812000
2002-03-11,7.175000,7.350000,7.131250,7.311250,5.938641,5996000
2002-03-12,7.280000,7.337500,7.226250,7.311250,5.938641,7266400
2002-03-13,7.342500,7.593750,7.318750,7.587500,6.163026,15831200
2002-03-14,7.625000,7.865000,7.588750,7.845000,6.378489,28416800
2002-03-15,7.845000,7.906250,7.797500,7.843750,6.377473,14512000
2002-03-18,7.845000,7.982500,7.843750,7.937500,6.453699,11933600
2002-03-19,7.938750,7.970000,7.890000,7.925000,6.443534,9704800
2002-03-20,7.875000,8.035000,7.856250,7.998750,6.503498,9429600
2002-03-21,7.943750,8.000000,7.755000,7.900000,6.423208,11281600
2002-03-22,7.437500,7.531250,7.338750,7.437500,6.047165,45276800
2002-03-25,7.437500,7.542500,7.412500,7.508750,6.105096,13555200
2002-03-26,7.508750,7.605000,7.508750,7.562500,6.148800,14090400
2002-03-27,7.553750,7.625000,7.531250,7.625000,6.199614,9327200
2002-03-28,7.568750,7.643750,7.481250,7.501250,6.098995,7105600
2002-04-01,7.450000,7.450000,7.262500,7.342500,5.969924,10740800
2002-04-02,7.311250,7.312500,7.187500,7.207500,5.860161,17763200
2002-04-03,7.145000,7.375000,7.013750,7.275000,5.915042,25100800
2002-04-04,7.250000,7.310000,7.225000,7.253750,5.897764,15709600
2002-04-05,7.285000,7.425000,7.285000,7.358750,5.983136,8512800
2002-04-08,7.268750,7.373750,7.250000,7.318750,5.950615,8042400
2002-04-09,7.300000,7.387500,7.255000,7.333750,5.962812,8849600
2002-04-10,7.312500,7.375000,7.281250,7.313750,5.946549,9764800
2002-04-11,7.312500,7.318750,7.180000,7.193750,5.848980,12962400
2002-04-12,7.218750,7.286250,7.206250,7.232500,5.880487,8440800
2002-04-15,7.250000,7.275000,7.121250,7.130000,5.797147,8157600
2002-04-16,7.127500,7.406250,7.127500,7.342500,5.969924,11281600
2002-04-17,7.311250,7.330000,7.125000,7.175000,5.833737,10640000
2002-04-18,7.087500,7.125000,6.920000,6.925000,5.630470,24531200
2002-04-19,6.956250,7.137500,6.887500,7.102500,5.774789,21612800
2002-04-22,7.102500,7.150000,7.027500,7.125000,5.793084,11625600
2002-04-23,7.093750,7.255000,7.068750,7.177500,5.835768,10249600
2002-04-24,7.137500,7.171250,6.981250,7.000000,5.691450,10952000
2002-04-25,6.968750,6.978750,6.856250,6.936250,5.639617,13184000
2002-04-26,6.946250,6.995000,6.843750,6.843750,5.564410,8363200
2002-04-29,6.812500,6.813750,6.735000,6.737500,5.478020,9502400
2002-04-30,6.750000,6.762500,6.600000,6.666250,5.420088,10550400
2002-05-01,6.612500,6.856250,6.550000,6.835000,5.557294,12188000
2002-05-02,6.780000,6.953750,6.780000,6.903750,5.613192,9292800
2002-05-03,6.950000,6.958750,6.875000,6.917500,5.624372,9031200
2002-05-06,6.886250,6.937500,6.731250,6.750000,5.488183,6404000
2002-05-07,6.825000,6.943750,6.793750,6.892500,5.604044,8880800
2002-05-08,7.031250,7.050000,6.921250,7.006250,5.696534,11174400
2002-05-09,7.012500,7.012500,6.841250,6.862500,5.579654,10512800
2002-05-10,6.837500,6.838750,6.583750,6.612500,5.376387,20409600
2002-05-13,6.652500,6.750000,6.651250,6.712500,5.457691,13024000
2002-05-14,6.810000,6.925000,6.772500,6.895000,5.606078,16344800
2002-05-15,6.875000,6.887500,6.807500,6.807500,5.534934,7164000
2002-05-16,6.838750,7.008750,6.825000,6.981250,5.676206,12305600
2002-05-17,6.993750,7.052500,6.881250,6.980000,5.675189,7981600
2002-05-20,6.962500,7.010000,6.783750,6.800000,5.528836,9714400
2002-05-21,6.831250,6.833750,6.665000,6.720000,5.463792,7502400
2002-05-22,6.688750,6.693750,6.500000,6.593750,5.361143,12484800
2002-05-23,6.625000,6.950000,6.625000,6.843750,5.564410,17653600
2002-05-24,6.843750,6.843750,6.737500,6.750000,5.488183,4313600
2002-05-28,6.725000,6.777500,6.700000,6.712500,5.457691,6865600
2002-05-29,6.721250,6.775000,6.696250,6.696250,5.444483,7258400
2002-05-30,6.693750,6.737500,6.672500,6.692500,5.441432,9542400
2002-05-31,6.675000,6.792500,6.670000,6.718750,5.462777,6962400
2002-06-03,6.708750,6.733750,6.507500,6.507500,5.291016,6782400
2002-06-04,6.406250,6.431250,6.182500,6.298750,5.121289,20084800
2002-06-05,6.281250,6.365000,6.222500,6.350000,5.162958,23251200
2002-06-06,6.350000,6.417500,6.237500,6.293750,5.117222,6863200
2002-06-07,6.256250,6.306250,6.235000,6.267500,5.095881,9258400
2002-06-10,6.277500,6.318750,6.250000,6.285000,5.110108,5749600
2002-06-11,6.285000,6.367500,6.268750,6.300000,5.122305,9564000
2002-06-12,6.291250,6.311250,6.228750,6.293750,5.123321,12732000
2002-06-13,6.262500,6.300000,6.225000,6.250000,5.087708,11324800
2002-06-14,6.250000,6.250000,6.181250,6.218750,5.062270,21538400
2002-06-17,6.250000,6.568750,6.228750,6.545000,5.327848,11135200
2002-06-18,6.513750,6.675000,6.475000,6.625000,5.392971,11430400
2002-06-19,6.626250,6.750000,6.590000,6.625000,5.392971,12220000
2002-06-20,6.575000,6.637500,6.500000,6.500000,5.291216,14919200
2002-06-21,6.437500,6.456250,6.285000,6.343750,5.164025,20275200
2002-06-24,6.345000,6.481250,6.187500,6.362500,5.179286,13702400
2002-06-25,6.393750,6.456250,6.188750,6.200000,5.047007,12780000
2002-06-26,6.200000,6.233750,6.027500,6.135000,4.994096,11421600
2002-06-27,6.281250,6.450000,6.236250,6.427500,5.232199,11546400
2002-06-28,6.812500,7.037500,6.706250,6.706250,5.459112,38186400
2002-07-01,6.793750,6.933750,6.736250,6.825000,5.555778,14140800
2002-07-02,6.825000,6.950000,6.790000,6.837500,5.565951,17796000
2002-07-03,6.843750,6.950000,6.842500,6.881250,5.601565,18846400
2002-07-05,6.912500,7.093750,6.887500,7.035000,5.726723,5763200
2002-07-08,7.087500,7.187500,7.050000,7.095000,5.775567,11368800
2002-07-09,7.096250,7.231250,6.981250,7.000000,5.698234,13620000
2002-07-10,7.003750,7.106250,6.911250,6.958750,5.664657,13750400
2002-07-11,6.918750,6.918750,6.541250,6.581250,5.357358,18399200
2002-07-12,6.718750,6.826250,6.618750,6.647500,5.411286,13425600
2002-07-15,6.647500,6.655000,6.302500,6.550000,5.331920,12742400
2002-07-16,6.625000,6.825000,6.612500,6.755000,5.498795,20492000
2002-07-17,6.950000,7.060000,6.662500,6.687500,5.443849,26277600
2002-07-18,6.695000,6.793750,6.376250,6.382500,5.195567,15584000
2002-07-19,6.262500,6.330000,6.110000,6.122500,4.983919,13297600
2002-07-22,6.018750,6.217500,5.892500,5.942500,4.837392,16643200
2002-07-23,5.942500,5.987500,5.687500,5.793750,4.716305,20030400
2002-07-24,5.643750,6.093750,5.637500,6.050000,4.924902,20493600
2002-07-25,6.056250,6.185000,5.930000,6.073750,4.944235,13172000
2002-07-26,6.105000,6.243750,6.045000,6.088750,4.956443,9958400
2002-07-29,6.143750,6.391250,6.143750,6.356250,5.174200,13128000
2002-07-30,6.325000,6.420000,6.237500,6.287500,5.118235,13300000
2002-07-31,6.256250,6.256250,5.962500,6.161250,5.015464,17416800
2002-08-01,6.062500,6.062500,5.788750,5.875000,4.782445,30043200
2002-08-02,5.818750,5.831250,5.618750,5.685000,4.627780,12247200
2002-08-05,5.653750,5.725000,5.468750,5.488750,4.468026,13232800
2002-08-06,5.537500,5.667500,5.523750,5.575000,4.538235,15705600
2002-08-07,5.637500,5.671250,5.406250,5.570000,4.534164,12808000
2002-08-08,5.538750,5.660000,5.481250,5.623750,4.577919,12080800
2002-08-09,5.562500,5.570000,5.468750,5.490000,4.469044,12630400
2002-08-12,5.425000,5.425000,5.337500,5.346250,4.352028,16540800
2002-08-13,5.350000,5.577500,5.343750,5.375000,4.375428,17048800
2002-08-14,5.387500,5.533750,5.337500,5.531250,4.502622,10160000
2002-08-15,5.530000,5.668750,5.062500,5.662500,4.609464,57087200
2002-08-16,5.618750,5.643750,5.462500,5.506250,4.482271,25323200
2002-08-19,5.485000,5.571250,5.418750,5.447500,4.434446,26128000
2002-08-20,5.447500,5.601250,5.413750,5.600000,4.558588,21135200
2002-08-21,5.625000,5.788750,5.605000,5.686250,4.628797,17446400
2002-08-22,5.706250,5.788750,5.647500,5.768750,4.695958,16512800
2002-08-23,5.741250,5.797500,5.712500,5.725000,4.660339,10257600
2002-08-26,5.718750,5.777500,5.687500,5.737500,4.670516,15488000
2002-08-27,5.812500,5.817500,5.636250,5.663750,4.610483,22111200
2002-08-28,5.656250,5.685000,5.550000,5.566250,4.531112,10277600
2002-08-29,5.401250,5.406250,5.318750,5.372500,4.373392,22445600
2002-08-30,5.381250,5.483750,5.375000,5.397500,4.393744,10836000
2002-09-03,5.350000,5.376250,5.270000,5.272500,4.291991,14342400
2002-09-04,5.287500,5.306250,5.188750,5.271250,4.290974,10861600
2002-09-05,5.218750,5.338750,5.206250,5.233750,4.260445,11138400
2002-09-06,5.250000,5.321250,5.221250,5.235000,4.261466,10312000
2002-09-09,5.162500,5.231250,5.093750,5.118750,4.166831,14457600
2002-09-10,5.131250,5.273750,5.093750,5.266250,4.286902,14068000
2002-09-11,5.281250,5.387500,5.281250,5.375000,4.375428,10124000
2002-09-12,5.360000,5.400000,5.198750,5.222500,4.257229,10177600
2002-09-13,5.062500,5.293750,5.043750,5.216250,4.252137,20060000
2002-09-16,5.187500,5.322500,5.175000,5.276250,4.301044,13392000
2002-09-17,5.412500,5.460000,5.181250,5.212500,4.249080,13172000
2002-09-18,5.137500,5.468750,5.133750,5.381250,4.386640,29804800
2002-09-19,5.362500,5.540000,5.325000,5.501250,4.484457,18411200
2002-09-20,5.481250,5.556250,5.425000,5.512500,4.493631,19296800
2002-09-23,5.513750,5.513750,5.236250,5.287500,4.310213,12395200
2002-09-24,5.288750,5.387500,5.206250,5.276250,4.301044,11419200
2002-09-25,5.425000,5.611250,5.356250,5.546250,4.521140,12144000
2002-09-26,5.595000,5.715000,5.550000,5.701250,4.647492,10064000
2002-09-27,5.685000,5.686250,5.468750,5.482500,4.469173,8324800
2002-09-30,5.381250,5.423750,5.233750,5.397500,4.399883,10552000
2002-10-01,5.398750,5.447500,5.197500,5.435000,4.430452,11379200
2002-10-02,5.420000,5.552500,5.325000,5.387500,4.391731,11360000
2002-10-03,5.383750,5.415000,5.237500,5.255000,4.283721,12894400
2002-10-04,5.275000,5.316250,5.140000,5.242500,4.273533,14320800
2002-10-07,5.212500,5.241250,4.985000,4.995000,4.071778,17309600
2002-10-08,5.050000,5.142500,4.898750,5.001250,4.076872,22868800
2002-10-09,4.931250,5.031250,4.902500,4.915000,4.006564,12019200
2002-10-10,4.916250,4.980000,4.816250,4.978750,4.058531,17004800
2002-10-11,5.010000,5.300000,5.010000,5.232500,4.265381,13461600
2002-10-14,5.175000,5.361250,5.137500,5.322500,4.338748,9926400
2002-10-15,5.425000,5.625000,5.400000,5.618750,4.580242,12033600
2002-10-16,5.562500,5.562500,5.356250,5.385000,4.389695,13378400
2002-10-17,5.556250,5.667500,5.493750,5.562500,4.534389,13486400
2002-10-18,5.562500,5.562500,5.315000,5.431250,4.427397,16188800
2002-10-21,5.417500,5.725000,5.382500,5.692500,4.640360,12096800
2002-10-22,5.668750,5.717500,5.606250,5.662500,4.615904,13505600
2002-10-23,5.663750,5.787500,5.583750,5.655000,4.609792,10222400
2002-10-24,5.667500,5.791250,5.658750,5.700000,4.646474,11374400
2002-10-25,5.731250,5.875000,5.693750,5.873750,4.788110,12144800
2002-10-28,6.000000,6.028750,5.791250,5.838750,4.759578,11556800
2002-10-29,5.825000,5.855000,5.641250,5.783750,4.714745,10322400
2002-10-30,5.837500,5.937500,5.726250,5.887500,4.799317,14924800
2002-10-31,5.887500,5.973750,5.862500,5.898750,4.808489,8780000
2002-11-01,5.893750,5.943750,5.760000,5.931250,4.834981,10004800
2002-11-04,6.000000,6.025000,5.897500,5.918750,4.824791,7002400
2002-11-05,5.918750,5.952500,5.747500,5.765000,4.699458,14684800
2002-11-06,5.780000,5.781250,5.531250,5.652500,4.607750,25207200
2002-11-07,5.581250,5.675000,5.518750,5.567500,4.538463,8756800
2002-11-08,5.567500,5.663750,5.431250,5.501250,4.484457,9651200
2002-11-11,5.501250,5.501250,5.353750,5.355000,4.365238,6747200
2002-11-12,5.368750,5.553750,5.368750,5.481250,4.468155,8285600
2002-11-13,5.437500,5.505000,5.371250,5.452500,4.444718,9046400
2002-11-14,5.531250,5.748750,5.506250,5.653750,4.608773,15392800
2002-11-15,5.627500,5.762500,5.626250,5.695000,4.642397,11902400
2002-11-18,5.768750,5.768750,5.575000,5.661250,4.614886,12284800
2002-11-19,5.682500,5.687500,5.550000,5.568750,4.539483,10750400
2002-11-20,5.631250,5.842500,5.625000,5.715000,4.658700,14206400
2002-11-21,5.800000,5.902500,5.436250,5.633750,4.592469,27852800
2002-11-22,5.626250,5.630000,5.442500,5.468750,4.457966,17854400
2002-11-25,5.500000,5.605000,5.462500,5.571250,4.541522,11533600
2002-11-26,5.581250,5.638750,5.488750,5.492500,4.477325,7906400
2002-11-27,5.515000,5.721250,5.506250,5.636250,4.594505,12444800
2002-11-29,5.667500,5.703750,5.590000,5.597500,4.562919,4201600
2002-12-02,5.750000,5.891250,5.737500,5.818750,4.743274,18641600
2002-12-03,5.825000,5.825000,5.703750,5.812500,4.738179,10008800
2002-12-04,5.787500,5.815000,5.681250,5.762500,4.697422,12173600
2002-12-05,5.763750,5.767500,5.532500,5.668750,4.620999,13488000
2002-12-06,5.637500,5.668750,5.505000,5.640000,4.597564,13623200
2002-12-09,5.641250,5.725000,5.445000,5.445000,4.438603,10828800
2002-12-10,5.445000,5.445000,5.322500,5.411250,4.411093,16245600
2002-12-11,5.398750,5.452500,5.368750,5.395000,4.397847,8764800
2002-12-12,5.377500,5.497500,5.300000,5.475000,4.470310,14735200
2002-12-13,5.476250,5.476250,5.305000,5.316250,4.340692,10268000
2002-12-16,5.336250,5.556250,5.336250,5.528750,4.514196,9933600
2002-12-17,5.528750,5.528750,5.287500,5.337500,4.358041,18489600
2002-12-18,5.362500,5.393750,5.148750,5.241250,4.279454,16611200
2002-12-19,5.262500,5.370000,5.156250,5.191250,4.238628,14907200
2002-12-20,5.191250,5.637500,5.191250,5.637500,4.602991,37304800
2002-12-23,5.595000,5.625000,5.510000,5.537500,4.521341,12648800
2002-12-24,5.558750,5.575000,5.497500,5.506250,4.495826,3625600
2002-12-26,5.515000,5.636250,5.500000,5.517500,4.505011,5504800
2002-12-27,5.516250,5.531250,5.438750,5.441250,4.442755,5078400
2002-12-30,5.450000,5.572500,5.437500,5.565000,4.543796,6828800
2002-12-31,5.556250,5.587500,5.511250,5.558750,4.538690,7450400
2003-01-02,5.571250,5.762500,5.560000,5.762500,4.705052,9133600
2003-01-03,5.762500,5.762500,5.623750,5.643750,4.608094,9072000
2003-01-06,5.625000,5.750000,5.625000,5.722500,4.672393,8532000
2003-01-07,5.687500,5.762500,5.675000,5.707500,4.660146,6733600
2003-01-08,5.708750,5.803750,5.675000,5.752500,4.696886,7736000
2003-01-09,5.775000,5.961250,5.775000,5.900000,4.817320,11535200
2003-01-10,5.843750,6.053750,5.818750,5.941250,4.851002,16739200
2003-01-13,5.955000,6.025000,5.858750,5.887500,4.807115,9019200
2003-01-14,5.837500,5.880000,5.796250,5.835000,4.764248,9748000
2003-01-15,5.836250,5.836250,5.721250,5.743750,4.689744,6536000
2003-01-16,5.762500,5.766250,5.650000,5.690000,4.645856,8339200
2003-01-17,5.650000,5.680000,5.581250,5.631250,4.597887,10815200
2003-01-21,5.631250,5.697500,5.480000,5.480000,4.474392,10180800
2003-01-22,5.480000,5.548750,5.415000,5.427500,4.431526,8596800
2003-01-23,5.475000,5.598750,5.468750,5.580000,4.556042,7800000
2003-01-24,5.548750,5.577500,5.400000,5.425000,4.429486,7816800
2003-01-27,5.387500,5.463750,5.315000,5.445000,4.445814,9672000
2003-01-28,5.465000,5.592500,5.462500,5.576250,4.552980,10444000
2003-01-29,5.577500,5.712500,5.518750,5.708750,4.661166,13831200
2003-01-30,5.708750,5.728750,5.512500,5.616250,4.585641,14952000
2003-01-31,5.596250,5.657500,5.522500,5.567500,4.545835,11808800
2003-02-03,5.581250,5.603750,5.445000,5.521250,4.508074,11604800
2003-02-04,5.522500,5.522500,5.333750,5.460000,4.458061,16016000
2003-02-05,5.460000,5.478750,5.383750,5.411250,4.418258,14406400
2003-02-06,5.411250,5.465000,5.375000,5.397500,4.407029,11475200
2003-02-07,5.422500,5.456250,5.297500,5.300000,4.327425,9196000
2003-02-10,5.331250,5.446250,5.318750,5.417500,4.423361,9557600
2003-02-11,5.497500,5.521250,5.426250,5.481250,4.475412,10545600
2003-02-12,5.481250,5.505000,5.440000,5.458750,4.457041,7054400
2003-02-13,5.460000,5.506250,5.393750,5.497500,4.488682,10347200
2003-02-14,5.500000,5.642500,5.468750,5.642500,4.607074,11272800
2003-02-18,5.641250,5.713750,5.625000,5.695000,4.649939,9316800
2003-02-19,5.695000,5.711250,5.630000,5.683750,4.640754,7652000
2003-02-20,5.701250,5.732500,5.665000,5.710000,4.662186,6384000
2003-02-21,5.735000,5.830000,5.725000,5.795000,4.731589,9549600
2003-02-24,5.796250,5.796250,5.643750,5.658750,4.620341,10600000
2003-02-25,5.606250,5.731250,5.532500,5.676250,4.634629,14719200
2003-02-26,5.675000,5.712500,5.576250,5.633750,4.599929,9232800
2003-02-27,5.642500,5.778750,5.602500,5.778750,4.718320,7959200
2003-02-28,5.778750,5.872500,5.740000,5.796250,4.732610,10693600
2003-03-03,5.812500,5.915000,5.793750,5.835000,4.764248,12242400
2003-03-04,5.843750,5.862500,5.707500,5.707500,4.660146,10201600
2003-03-05,5.707500,5.835000,5.688750,5.822500,4.754045,9784000
2003-03-06,5.793750,5.900000,5.763750,5.826250,4.757103,10597600
2003-03-07,5.826250,6.150000,5.781250,6.137500,5.011238,22413600
2003-03-10,6.106250,6.107500,5.875000,5.908750,4.824462,14977600
2003-03-11,5.910000,6.102500,5.910000,5.943750,4.853044,13907200
2003-03-12,5.931250,6.025000,5.906250,6.018750,4.914278,12011200
2003-03-13,6.112500,6.210000,6.018750,6.125000,5.008312,19496800
2003-03-14,6.156250,6.243750,6.150000,6.218750,5.084970,18746400
2003-03-17,6.218750,6.468750,6.203750,6.446250,5.270994,21066400
2003-03-18,6.362500,6.365000,6.068750,6.123750,5.007290,27957600
2003-03-19,6.155000,6.291250,6.143750,6.260000,5.118701,18655200
2003-03-20,6.280000,6.623750,6.253750,6.606250,5.401824,31173600
2003-03-21,6.625000,6.675000,6.522500,6.662500,5.447818,13041600
2003-03-24,6.640000,6.662500,6.456250,6.513750,5.326187,16826400
2003-03-25,6.543750,6.626250,6.477500,6.611250,5.405913,10043200
2003-03-26,6.611250,6.650000,6.500000,6.507500,5.321076,12439200
2003-03-27,6.418750,6.603750,6.418750,6.526250,5.336407,9357600
2003-03-28,6.522500,6.668750,6.500000,6.630000,5.421240,9163200
2003-03-31,6.506250,6.512500,6.425000,6.427500,5.255662,14238400
2003-04-01,6.437500,6.442500,6.282500,6.350000,5.192293,15256800
2003-04-02,6.462500,6.571250,6.451250,6.537500,5.345608,13114400
2003-04-03,6.586250,6.586250,6.478750,6.521250,5.332321,8769600
2003-04-04,6.537500,6.570000,6.415000,6.437500,5.263839,7757600
2003-04-07,6.587500,6.592500,6.410000,6.427500,5.255662,12481600
2003-04-08,6.443750,6.508750,6.362500,6.483750,5.301657,10032000
2003-04-09,6.512500,6.668750,6.437500,6.472500,5.292459,16861600
2003-04-10,6.473750,6.592500,6.457500,6.583750,5.383425,9451200
2003-04-11,6.625000,6.687500,6.532500,6.573750,5.375248,8447200
2003-04-14,6.565000,6.685000,6.506250,6.656250,5.442705,7081600
2003-04-15,6.618750,6.800000,6.593750,6.721250,5.495856,12501600
2003-04-16,6.771250,6.798750,6.496250,6.543750,5.350718,11927200
2003-04-17,6.533750,6.573750,6.463750,6.537500,5.345608,9856800
2003-04-21,6.550000,6.551250,6.412500,6.482500,5.300635,7146400
2003-04-22,6.482500,6.687500,6.406250,6.643750,5.432486,8884000
2003-04-23,6.668750,6.721250,6.576250,6.718750,5.493814,6476000
2003-04-24,6.681250,6.697500,6.525000,6.632500,5.423289,6590400
2003-04-25,6.625000,6.658750,6.513750,6.527500,5.337431,6627200
2003-04-28,6.568750,6.773750,6.568750,6.746250,5.516300,11524800
2003-04-29,6.747500,6.957500,6.711250,6.783750,5.546962,13624800
2003-04-30,6.785000,6.785000,6.640000,6.691250,5.471327,14233600
2003-05-01,6.716250,6.716250,6.566250,6.588750,5.387515,12104000
2003-05-02,6.591250,6.718750,6.550000,6.705000,5.482570,8370400
2003-05-05,6.725000,6.756250,6.562500,6.593750,5.391603,8249600
2003-05-06,6.600000,6.778750,6.585000,6.778750,5.542873,10432000
2003-05-07,6.777500,6.838750,6.738750,6.765000,5.531632,9298400
2003-05-08,6.700000,6.775000,6.600000,6.671250,5.454971,9800800
2003-05-09,6.683750,6.756250,6.681250,6.756250,5.524475,7916000
2003-05-12,6.731250,6.808750,6.641250,6.808750,5.567404,13471200
2003-05-13,6.807500,6.875000,6.731250,6.843750,5.596024,13801600
2003-05-14,6.850000,6.853750,6.731250,6.743750,5.514255,6886400
2003-05-15,6.775000,6.781250,6.687500,6.735000,5.507100,8127200
2003-05-16,6.766250,6.787500,6.582500,6.607500,5.402847,15063200
2003-05-19,6.607500,6.608750,6.487500,6.533750,5.342541,11633600
2003-05-20,6.546250,6.627500,6.502500,6.567500,5.370137,9195200
2003-05-21,6.525000,6.650000,6.437500,6.481250,5.299612,12604000
2003-05-22,6.558750,6.560000,6.470000,6.530000,5.339477,15064800
2003-05-23,6.537500,6.541250,6.456250,6.480000,5.298592,8010400
2003-05-27,6.497500,6.750000,6.481250,6.737500,5.509145,12947200
2003-05-28,6.738750,6.843750,6.693750,6.827500,5.582736,10216000
2003-05-29,6.796250,6.890000,6.792500,6.842500,5.595000,13233600
2003-05-30,6.873750,7.070000,6.873750,6.998750,5.722765,13806400
2003-06-02,7.006250,7.062500,6.978750,6.996250,5.720721,17061600
2003-06-03,6.943750,6.950000,6.793750,6.843750,5.596024,14325600
2003-06-04,6.818750,7.005000,6.787500,6.985000,5.711521,9160800
2003-06-05,6.977500,7.010000,6.925000,6.967500,5.697210,9901600
2003-06-06,6.993750,6.997500,6.867500,6.931250,5.667570,11166400
2003-06-09,6.931250,6.995000,6.856250,6.910000,5.650195,6854400
2003-06-10,6.918750,7.016250,6.906250,6.988750,5.714588,7096000
2003-06-11,6.971250,6.981250,6.875000,6.912500,5.659323,16360000
2003-06-12,6.943750,6.951250,6.863750,6.900000,5.649090,10339200
2003-06-13,6.887500,6.910000,6.811250,6.818750,5.582571,12905600
2003-06-16,6.818750,6.906250,6.798750,6.875000,5.628622,13642400
2003-06-17,6.881250,6.966250,6.847500,6.958750,5.697190,9340800
2003-06-18,6.947500,7.020000,6.918750,7.016250,5.744266,8930400
2003-06-19,7.016250,7.110000,7.000000,7.040000,5.763708,10700000
2003-06-20,7.050000,7.115000,6.998750,7.002500,5.733006,11696800
2003-06-23,7.012500,7.041250,6.891250,6.921250,5.666488,10892800
2003-06-24,6.952500,7.102500,6.952500,7.078750,5.795435,15525600
2003-06-25,7.110000,7.143750,7.068750,7.112500,5.823066,13966400
2003-06-26,7.122500,7.187500,7.106250,7.116250,5.826138,15184000
2003-06-27,6.768750,6.800000,6.575000,6.635000,5.432134,52179200
2003-06-30,6.637500,6.706250,6.595000,6.686250,5.474093,50000800
2003-07-01,6.686250,6.745000,6.593750,6.735000,5.514005,12168000
2003-07-02,6.731250,6.750000,6.631250,6.731250,5.510933,13672000
2003-07-03,6.725000,6.746250,6.637500,6.688750,5.476138,4918400
2003-07-07,6.695000,6.762500,6.695000,6.735000,5.514005,11005600
2003-07-08,6.730000,6.760000,6.683750,6.713750,5.496606,9452000
2003-07-09,6.688750,6.703750,6.623750,6.625000,5.423945,16193600
2003-07-10,6.656250,6.727500,6.553750,6.707500,5.491490,18492800
2003-07-11,6.712500,6.742500,6.672500,6.703750,5.488419,6198400
2003-07-14,6.735000,6.807500,6.632500,6.712500,5.495582,7411200
2003-07-15,6.718750,6.731250,6.606250,6.636250,5.433156,7327200
2003-07-16,6.618750,6.653750,6.538750,6.632500,5.430086,7761600
2003-07-17,6.623750,6.653750,6.462500,6.530000,5.346168,9530400
2003-07-18,6.593750,6.600000,6.462500,6.500000,5.321607,10080800
2003-07-21,6.481250,6.485000,6.350000,6.387500,5.229501,10958400
2003-07-22,6.387500,6.445000,6.282500,6.431250,5.265323,12536000
2003-07-23,6.400000,6.525000,6.362500,6.496250,5.318538,11722400
2003-07-24,6.622500,6.717500,6.562500,6.562500,5.372774,12827200
2003-07-25,6.557500,6.612500,6.502500,6.585000,5.391197,6476800
2003-07-28,6.568750,6.582500,6.462500,6.497500,5.319560,9124800
2003-07-29,6.493750,6.516250,6.412500,6.473750,5.300116,9430400
2003-07-30,6.481250,6.481250,6.405000,6.407500,5.245876,5778400
2003-07-31,6.438750,6.555000,6.391250,6.467500,5.295000,11784000
2003-08-01,6.437500,6.493750,6.327500,6.337500,5.188566,8605600
2003-08-04,6.312500,6.401250,6.250000,6.327500,5.180379,9734400
2003-08-05,6.337500,6.337500,6.223750,6.223750,5.095439,7953600
2003-08-06,6.226250,6.316250,6.200000,6.212500,5.086227,11247200
2003-08-07,6.258750,6.345000,6.253750,6.325000,5.178332,9023200
2003-08-08,6.326250,6.613750,6.326250,6.601250,5.404501,17093600
2003-08-11,6.593750,6.606250,6.537500,6.597500,5.401432,9403200
2003-08-12,6.625000,6.735000,6.625000,6.716250,5.498652,8604000
2003-08-13,6.746250,6.837500,6.738750,6.797500,5.565173,12436000
2003-08-14,6.797500,6.875000,6.768750,6.850000,5.608156,8427200
2003-08-15,6.850000,6.910000,6.800000,6.906250,5.654207,4042400
2003-08-18,6.906250,6.952500,6.862500,6.885000,5.636811,8202400
2003-08-19,6.906250,6.906250,6.770000,6.831250,5.592804,9080800
2003-08-20,6.758750,6.823750,6.758750,6.791250,5.560057,5768800
2003-08-21,6.806250,6.962500,6.782500,6.898750,5.648067,14783200
2003-08-22,6.950000,6.950000,6.836250,6.837500,5.597920,7308000
2003-08-25,6.867500,6.916250,6.812500,6.906250,5.654207,6108800
2003-08-26,6.906250,6.943750,6.861250,6.927500,5.671605,5816800
2003-08-27,6.896250,6.990000,6.870000,6.958750,5.697190,4050400
2003-08-28,6.981250,7.031250,6.951250,7.015000,5.743243,5835200
2003-08-29,7.027500,7.133750,7.025000,7.122500,5.831253,10634400
2003-09-02,7.132500,7.187500,7.063750,7.185000,5.882423,6198400
2003-09-03,7.186250,7.187500,7.112500,7.155000,5.857862,7941600
2003-09-04,7.162500,7.190000,7.072500,7.100000,5.812830,7106400
2003-09-05,7.087500,7.122500,7.015000,7.036250,5.760639,7929600
2003-09-08,7.037500,7.183750,7.030000,7.106250,5.817949,8039200
2003-09-09,7.043750,7.066250,7.007500,7.035000,5.759615,8035200
2003-09-10,7.035000,7.041250,6.923750,6.923750,5.668534,7623200
2003-09-11,6.937500,7.035000,6.937500,6.973750,5.716694,7538400
2003-09-12,6.973750,6.980000,6.883750,6.960000,5.705424,5647200
2003-09-15,6.968750,7.103750,6.968750,7.043750,5.774078,5573600
2003-09-16,7.093750,7.097500,7.027500,7.070000,5.795595,9644800
2003-09-17,7.101250,7.143750,7.076250,7.140000,5.852976,8752000
2003-09-18,7.131250,7.172500,7.112500,7.156250,5.866297,11152800
2003-09-19,7.562500,7.781250,7.538750,7.687500,6.301788,59559200
2003-09-22,7.581250,7.695000,7.581250,7.660000,6.279243,21054400
2003-09-23,7.606250,7.675000,7.600000,7.640000,6.262850,11236000
2003-09-24,7.625000,7.668750,7.601250,7.606250,6.235183,12912800
2003-09-25,7.593750,7.606250,7.537500,7.550000,6.189073,7962400
2003-09-26,7.547500,7.622500,7.471250,7.606250,6.235183,16095200
2003-09-29,7.637500,7.656250,7.582500,7.622500,6.248505,17067200
2003-09-30,7.623750,7.636250,7.525000,7.602500,6.232108,14468800
2003-10-01,7.600000,7.733750,7.587500,7.733750,6.339700,13152800
2003-10-02,7.733750,7.810000,7.711250,7.798750,6.392986,10253600
2003-10-03,7.798750,7.950000,7.798750,7.887500,6.465738,13300800
2003-10-06,7.887500,7.895000,7.836250,7.851250,6.436020,13083200
2003-10-07,7.825000,7.945000,7.825000,7.945000,6.512872,10480800
2003-10-08,7.945000,8.002500,7.945000,7.997500,6.555909,10430400
2003-10-09,8.025000,8.057500,7.948750,7.990000,6.549762,9513600
2003-10-10,7.990000,7.990000,7.865000,7.907500,6.482130,8736000
2003-10-13,7.931250,8.061250,7.928750,8.042500,6.592795,7193600
2003-10-14,7.981250,8.066250,7.963750,8.056250,6.604070,8282400
2003-10-15,8.087500,8.091250,8.013750,8.067500,6.613289,10726400
2003-10-16,8.112500,8.116250,8.033750,8.081250,6.624564,11939200
2003-10-17,8.081250,8.103750,7.983750,7.983750,6.544637,10421600
2003-10-20,7.985000,8.023750,7.926250,7.981250,6.542586,11089600
2003-10-21,7.937500,8.000000,7.925000,7.946250,6.513897,6400000
2003-10-22,7.946250,7.946250,7.808750,7.827500,6.416551,8848000
2003-10-23,7.828750,7.857500,7.763750,7.850000,6.434996,11007200
2003-10-24,7.851250,7.851250,7.706250,7.753750,6.356095,9440000
2003-10-27,7.743750,7.831250,7.668750,7.781250,6.378637,10387200
2003-10-28,7.781250,7.987500,7.781250,7.975000,6.537465,13380000
2003-10-29,7.975000,7.976250,7.881250,7.908750,6.483156,9995200
2003-10-30,7.981250,7.981250,7.875000,7.888750,6.466763,8786400
2003-10-31,7.888750,8.030000,7.880000,7.987500,6.547710,11818400
2003-11-03,7.987500,7.998750,7.881250,7.988750,6.548735,11951200
2003-11-04,7.962500,8.031250,7.926250,7.943750,6.511847,7000000
2003-11-05,7.918750,7.958750,7.881250,7.907500,6.482130,7224800
2003-11-06,7.907500,7.918750,7.793750,7.835000,6.422700,10376800
2003-11-07,7.835000,7.896250,7.815000,7.875000,6.455490,9888000
2003-11-10,7.850000,7.853750,7.722500,7.756250,6.358146,14218400
2003-11-11,7.735000,7.788750,7.687500,7.740000,6.344823,6879200
2003-11-12,7.746250,7.801250,7.736250,7.745000,6.348923,9680000
2003-11-13,7.745000,7.777500,7.657500,7.730000,6.336626,8871200
2003-11-14,7.730000,7.793750,7.682500,7.725000,6.332529,9065600
2003-11-17,7.718750,7.756250,7.687500,7.725000,6.332529,11430400
2003-11-18,7.752500,7.841250,7.720000,7.728750,6.335600,12724000
2003-11-19,7.718750,7.718750,7.586250,7.648750,6.270021,10714400
2003-11-20,7.662500,7.937500,7.643750,7.825000,6.414503,22064800
2003-11-21,7.812500,7.966250,7.812500,7.913750,6.487254,10570400
2003-11-24,7.975000,8.097500,7.975000,8.083750,6.626610,20816000
2003-11-25,8.156250,8.435000,8.150000,8.396250,6.882781,42245600
2003-11-26,8.397500,8.428750,8.346250,8.418750,6.901226,11468000
2003-11-28,8.425000,8.435000,8.390000,8.406250,6.890981,2729600
2003-12-01,8.431250,8.500000,8.401250,8.481250,6.952458,10149600
2003-12-02,8.481250,8.481250,8.391250,8.400000,6.885857,9293600
2003-12-03,8.411250,8.415000,8.240000,8.250000,6.762895,16732000
2003-12-04,8.281250,8.285000,8.111250,8.157500,6.687067,18020800
2003-12-05,8.162500,8.233750,8.131250,8.192500,6.715758,10645600
2003-12-08,8.175000,8.217500,8.140000,8.197500,6.719856,7203200
2003-12-09,8.247500,8.247500,8.075000,8.111250,6.649155,9539200
2003-12-10,8.131250,8.131250,7.987500,8.007500,6.564106,11387200
2003-12-11,7.968750,8.123750,7.955000,8.086250,6.639024,10404800
2003-12-12,8.093750,8.146250,8.025000,8.052500,6.611314,8309600
2003-12-15,8.206250,8.222500,8.027500,8.027500,6.590788,11265600
2003-12-16,8.125000,8.148750,7.902500,8.138750,6.682127,11520800
2003-12-17,8.123750,8.256250,8.062500,8.251250,6.774493,15261600
2003-12-18,8.252500,8.400000,8.245000,8.350000,6.855571,22976800
2003-12-19,8.312500,8.387500,8.231250,8.366250,6.868911,35116000
2003-12-22,8.397500,8.442500,8.355000,8.412500,6.906886,14609600
2003-12-23,8.436250,8.465000,8.390000,8.456250,6.942803,8652800
2003-12-24,8.481250,8.481250,8.353750,8.441250,6.930489,5463200
2003-12-26,8.443750,8.522500,8.425000,8.481250,6.963331,4048800
2003-12-29,8.512500,8.512500,8.436250,8.480000,6.962306,9061600
2003-12-30,8.480000,8.520000,8.450000,8.507500,6.984881,7450400
2003-12-31,8.500000,8.567500,8.500000,8.557500,7.025931,8770400
2004-01-02,8.587500,8.618750,8.427500,8.451250,6.938700,8716800
2004-01-05,8.431250,8.512500,8.410000,8.443750,6.932541,11897600
2004-01-06,8.431250,8.465000,8.418750,8.436250,6.926384,14474400
2004-01-07,8.438750,8.485000,8.288750,8.465000,6.949987,13283200
2004-01-08,8.496250,8.613750,8.471250,8.550000,7.019773,15288000
2004-01-09,8.546250,8.578750,8.467500,8.483750,6.965382,6572000
2004-01-12,8.525000,8.631250,8.512500,8.606250,7.065958,10994400
2004-01-13,8.610000,8.687500,8.600000,8.637500,7.091614,10189600
2004-01-14,8.625000,8.687500,8.615000,8.647500,7.099828,7680800
2004-01-15,8.646250,8.673750,8.531250,8.631250,7.086487,10619200
2004-01-16,8.662500,8.741250,8.623750,8.670000,7.118299,6467200
2004-01-20,8.693750,8.750000,8.658750,8.732500,7.169612,8760000
2004-01-21,8.701250,8.827500,8.650000,8.808750,7.232215,10612800
2004-01-22,8.821250,8.827500,8.693750,8.708750,7.150113,5625600
2004-01-23,8.718750,8.772500,8.662500,8.697500,7.140875,5592000
2004-01-26,8.697500,8.750000,8.655000,8.737500,7.173718,7313600
2004-01-27,8.743750,8.748750,8.685000,8.701250,7.143959,5366400
2004-01-28,8.725000,8.737500,8.555000,8.578750,7.043378,7685600
2004-01-29,8.610000,8.637500,8.518750,8.566250,7.033117,7929600
2004-01-30,8.541250,8.722500,8.481250,8.707500,7.149087,9285600
2004-02-02,8.700000,8.875000,8.690000,8.781250,7.209636,8193600
2004-02-03,8.750000,8.833750,8.731250,8.756250,7.189112,6718400
2004-02-04,8.737500,8.932500,8.727500,8.836250,7.254793,12642400
2004-02-05,8.835000,8.906250,8.780000,8.841250,7.258898,7878400
2004-02-06,8.831250,8.912500,8.820000,8.882500,7.292768,6453600
2004-02-09,8.893750,9.000000,8.887500,8.958750,7.355371,7058400
2004-02-10,8.975000,9.045000,8.927500,9.030000,7.413868,7160000
2004-02-11,9.025000,9.180000,9.025000,9.150000,7.512389,8906400
2004-02-12,9.146250,9.172500,9.027500,9.045000,7.426183,9002400
2004-02-13,9.013750,9.075000,8.950000,9.040000,7.422078,4548000
2004-02-17,9.025000,9.155000,9.025000,9.125000,7.491865,6698400
2004-02-18,9.112500,9.116250,9.000000,9.055000,7.434392,5083200
2004-02-19,9.081250,9.156250,9.036250,9.050000,7.430288,5144800
2004-02-20,9.062500,9.065000,8.876250,8.957500,7.354343,7303200
2004-02-23,8.960000,9.102500,8.936250,9.075000,7.450816,10428000
2004-02-24,9.062500,9.325000,9.017500,9.282500,7.621178,18504000
2004-02-25,9.287500,9.322500,9.263750,9.296250,7.632469,15819200
2004-02-26,9.285000,9.285000,9.191250,9.237500,7.584235,10952000
2004-02-27,9.237500,9.306250,9.156250,9.156250,7.517522,12992000
2004-03-01,9.212500,9.227500,9.133750,9.191250,7.546259,11869600
2004-03-02,9.191250,9.232500,9.125000,9.232500,7.580126,13160800
2004-03-03,9.220000,9.237500,9.027500,9.228750,7.577045,16876000
2004-03-04,9.215000,9.362500,9.206250,9.340000,7.668388,7900000
2004-03-05,9.268750,9.368750,9.225000,9.353750,7.679679,11669600
2004-03-08,9.337500,9.337500,9.287500,9.311250,7.644781,9268800
2004-03-09,9.530000,9.633750,9.462500,9.582500,7.867483,36010400
2004-03-10,9.637500,9.738750,9.575000,9.581250,7.866459,13277600
2004-03-11,9.525000,9.547500,9.325000,9.335000,7.674293,10915200
2004-03-12,9.343750,9.421250,9.268750,9.350000,7.686625,11013600
2004-03-15,9.352500,9.368750,9.263750,9.300000,7.645519,12434400
2004-03-16,9.356250,9.423750,9.343750,9.388750,7.718482,9628800
2004-03-17,9.406250,9.560000,9.375000,9.518750,7.825357,11176800
2004-03-18,9.525000,9.608750,9.438750,9.602500,7.894207,14826400
2004-03-19,9.581250,9.687500,9.440000,9.608750,7.899343,20111200
2004-03-22,9.820000,9.820000,9.497500,9.572500,7.869542,10908000
2004-03-23,9.581250,9.581250,9.456250,9.537500,7.840768,11292800
2004-03-24,9.500000,9.612500,9.483750,9.575000,7.871597,8612000
2004-03-25,9.575000,9.605000,9.501250,9.560000,7.859267,9320000
2004-03-26,9.556250,9.622500,9.500000,9.531250,7.835629,7210400
2004-03-29,9.562500,9.623750,9.543750,9.575000,7.871597,13025600
2004-03-30,9.518750,9.623750,9.495000,9.602500,7.894207,6111200
2004-03-31,9.583750,9.761250,9.556250,9.733750,8.002104,14523200
2004-04-01,9.727500,9.727500,9.512500,9.548750,7.850017,12058400
2004-04-02,9.606250,9.670000,9.505000,9.580000,7.875706,7337600
2004-04-05,9.575000,9.760000,9.575000,9.760000,8.023682,7272800
2004-04-06,9.712500,9.736250,9.627500,9.673750,7.952779,9027200
2004-04-07,9.652500,9.661250,9.551250,9.593750,7.887010,8756000
2004-04-08,9.625000,9.686250,9.566250,9.596250,7.889070,9340000
2004-04-12,9.612500,9.700000,9.612500,9.655000,7.937367,4072000
2004-04-13,9.820000,9.820000,9.486250,9.547500,7.848992,9755200
2004-04-14,9.500000,9.572500,9.417500,9.476250,7.790412,9268000
2004-04-15,9.476250,9.543750,9.412500,9.448750,7.767804,6162400
2004-04-16,9.493750,9.502500,9.436250,9.488750,7.800694,7409600
2004-04-19,9.488750,9.562500,9.475000,9.540000,7.842824,7864800
2004-04-20,9.562500,9.625000,9.468750,9.468750,7.784247,12067200
2004-04-21,9.412500,9.506250,9.382500,9.431250,7.753419,10742400
2004-04-22,9.368750,9.515000,9.312500,9.458750,7.776029,9660000
2004-04-23,9.440000,9.440000,9.367500,9.396250,7.724644,7835200
2004-04-26,9.412500,9.433750,9.140000,9.192500,7.557142,14578400
2004-04-27,9.193750,9.352500,9.192500,9.306250,7.650657,9455200
2004-04-28,9.285000,9.285000,9.171250,9.201250,7.564337,7884000
2004-04-29,9.202500,9.222500,8.913750,9.017500,7.413278,20531200
2004-04-30,9.018750,9.111250,8.976250,8.993750,7.393755,9295200
2004-05-03,8.972500,8.987500,8.836250,8.885000,7.304350,15716000
2004-05-04,8.837500,8.871250,8.781250,8.806250,7.239609,12489600
2004-05-05,8.800000,8.843750,8.698750,8.843750,7.270437,13635200
2004-05-06,8.775000,8.775000,8.496250,8.543750,7.023807,21284000
2004-05-07,8.497500,8.568750,8.321250,8.321250,6.840889,18808000
2004-05-10,8.256250,8.348750,8.237500,8.300000,6.823421,17345600
2004-05-11,8.400000,8.468750,8.393750,8.442500,6.940571,14385600
2004-05-12,8.525000,8.552500,8.338750,8.500000,6.987840,13611200
2004-05-13,8.510000,8.593750,8.506250,8.518750,7.003257,15292800
2004-05-14,8.527500,8.562500,8.406250,8.461250,6.955985,7753600
2004-05-17,8.412500,8.412500,8.226250,8.256250,6.787454,10924800
2004-05-18,8.276250,8.357500,8.267500,8.312500,6.833697,13390400
2004-05-19,8.371250,8.446250,8.308750,8.317500,6.837808,9228800
2004-05-20,8.317500,8.341250,8.228750,8.303750,6.826503,7484000
2004-05-21,8.373750,8.437500,8.350000,8.435000,6.934402,13424000
2004-05-24,8.462500,8.683750,8.456250,8.618750,7.085463,14978400
2004-05-25,8.637500,8.832500,8.590000,8.831250,7.260163,13948800
2004-05-26,8.802500,8.970000,8.756250,8.861250,7.284824,9414400
2004-05-27,8.912500,8.987500,8.850000,8.867500,7.289962,6818400
2004-05-28,8.898750,8.930000,8.818750,8.893750,7.311543,6405600
2004-06-01,8.897500,8.928750,8.806250,8.878750,7.299208,6380800
2004-06-02,8.881250,8.898750,8.781250,8.830000,7.259135,8231200
2004-06-03,8.830000,8.830000,8.735000,8.775000,7.213919,7546400
2004-06-04,8.800000,8.811250,8.660000,8.660000,7.119376,9521600
2004-06-07,8.680000,8.812500,8.678750,8.788750,7.225220,9579200
2004-06-08,8.782500,8.871250,8.750000,8.810000,7.242694,9711200
2004-06-09,8.810000,8.818750,8.763750,8.812500,7.244744,7371200
2004-06-10,8.818750,8.968750,8.808750,8.906250,7.332218,9232800
2004-06-14,8.875000,8.903750,8.845000,8.903750,7.330161,4993600
2004-06-15,8.935000,9.130000,8.930000,8.960000,7.376472,9236000
2004-06-16,8.987500,9.005000,8.920000,8.990000,7.401169,4156800
2004-06-17,8.971250,9.051250,8.925000,8.975000,7.388817,7485600
2004-06-18,8.943750,9.031250,8.940000,8.952500,7.370295,6189600
2004-06-21,8.962500,9.031250,8.877500,8.898750,7.326044,8449600
2004-06-22,8.878750,8.966250,8.822500,8.962500,7.378526,7303200
2004-06-23,8.973750,9.075000,8.962500,9.036250,7.439241,9116000
2004-06-24,9.025000,9.106250,9.011250,9.050000,7.450562,10240800
2004-06-25,9.406250,9.475000,9.187500,9.413750,7.750025,35171200
2004-06-28,9.437500,9.667500,9.425000,9.487500,7.810744,14855200
2004-06-29,9.488750,9.531250,9.381250,9.422500,7.757227,8068000
2004-06-30,9.431250,9.472500,9.401250,9.468750,7.795304,7740800
2004-07-01,9.473750,9.496250,9.357500,9.411250,7.747971,7886400
2004-07-02,9.430000,9.515000,9.388750,9.413750,7.750025,6345600
2004-07-06,9.382500,9.485000,9.370000,9.371250,7.715041,10872000
2004-07-07,9.375000,9.432500,9.353750,9.395000,7.734590,6560800
2004-07-08,9.363750,9.363750,9.195000,9.232500,7.600810,9252000
2004-07-09,9.275000,9.345000,9.256250,9.311250,7.665645,6602400
2004-07-12,9.282500,9.297500,9.190000,9.263750,7.626535,6037600
2004-07-13,9.237500,9.250000,9.206250,9.237500,7.604926,5586400
2004-07-14,9.191250,9.237500,9.071250,9.093750,7.486580,8520800
2004-07-15,9.081250,9.178750,9.060000,9.151250,7.533920,7593600
2004-07-16,9.200000,9.206250,9.141250,9.187500,7.563766,10492800
2004-07-19,9.143750,9.171250,9.012500,9.061250,7.459826,9604000
2004-07-20,9.030000,9.093750,8.992500,9.075000,7.471148,9923200
2004-07-21,9.056250,9.101250,8.956250,8.958750,7.375440,8637600
2004-07-22,8.856250,8.961250,8.781250,8.930000,7.351770,15679200
2004-07-23,8.881250,8.912500,8.742500,8.783750,7.231370,11901600
2004-07-26,8.806250,8.826250,8.662500,8.745000,7.199469,13111200
2004-07-27,8.715000,8.876250,8.702500,8.843750,7.280766,10696800
2004-07-28,8.812500,8.862500,8.675000,8.850000,7.285913,13090400
2004-07-29,8.950000,9.156250,8.900000,9.112500,7.502017,13559200
2004-07-30,9.093750,9.093750,8.986250,9.088750,7.482465,7200800
2004-08-02,9.090000,9.218750,9.075000,9.205000,7.578171,9849600
2004-08-03,9.173750,9.175000,9.071250,9.087500,7.481437,6723200
2004-08-04,9.063750,9.202500,9.045000,9.137500,7.522597,6716800
2004-08-05,9.143750,9.145000,8.808750,8.882500,7.312665,9952800
2004-08-06,8.787500,8.787500,8.633750,8.663750,7.132576,11478400
2004-08-09,8.662500,8.793750,8.576250,8.746250,7.200498,7233600
2004-08-10,8.825000,8.857500,8.756250,8.857500,7.292084,5248000
2004-08-11,8.775000,8.843750,8.745000,8.790000,7.236514,5862400
2004-08-12,8.775000,8.811250,8.637500,8.696250,7.159331,5950400
2004-08-13,8.698750,8.731250,8.610000,8.711250,7.171683,7060800
2004-08-16,8.680000,8.976250,8.676250,8.975000,7.388817,7794400
2004-08-17,8.956250,9.042500,8.932500,8.950000,7.368236,5416000
2004-08-18,8.945000,9.133750,8.926250,9.122500,7.510249,10829600
2004-08-19,9.120000,9.206250,9.081250,9.206250,7.579195,6534400
2004-08-20,9.175000,9.311250,9.157500,9.282500,7.641974,8628800
2004-08-23,9.282500,9.301250,9.195000,9.242500,7.609044,5497600
2004-08-24,9.273750,9.333750,9.272500,9.308750,7.663586,5488800
2004-08-25,9.333750,9.392500,9.295000,9.381250,7.723269,6724800
2004-08-26,9.412500,9.612500,9.387500,9.495000,7.816916,10921600
2004-08-27,9.443750,9.502500,9.387500,9.493750,7.815885,4475200
2004-08-30,9.437500,9.468750,9.316250,9.341250,7.690340,8316000
2004-08-31,9.362500,9.415000,9.338750,9.413750,7.750025,6463200
2004-09-01,9.375000,9.565000,9.375000,9.510000,7.829266,8380800
2004-09-02,9.531250,9.615000,9.510000,9.585000,7.891010,5616800
2004-09-03,9.585000,9.667500,9.577500,9.601250,7.904387,5259200
2004-09-07,9.601250,9.668750,9.601250,9.650000,7.944521,6207200
2004-09-08,9.651250,9.745000,9.631250,9.668750,7.959959,9247200
2004-09-09,9.628750,9.637500,9.315000,9.366250,7.720901,17340800
2004-09-10,9.343750,9.473750,9.342500,9.456250,7.795091,5980800
2004-09-13,9.457500,9.531250,9.397500,9.441250,7.782726,7992000
2004-09-14,9.425000,9.492500,9.370000,9.460000,7.798181,6799200
2004-09-15,9.460000,9.575000,9.413750,9.537500,7.862071,8323200
2004-09-16,9.535000,9.690000,9.535000,9.625000,7.934200,6693600
2004-09-17,9.640000,9.743750,9.547500,9.570000,7.888861,17108800
2004-09-20,9.737500,9.806250,9.670000,9.750000,8.037239,22675200
2004-09-21,9.750000,9.968750,9.731250,9.918750,8.176344,18053600
2004-09-22,9.908750,9.937500,9.846250,9.870000,8.136160,12838400
2004-09-23,9.862500,9.925000,9.788750,9.886250,8.149559,11289600
2004-09-24,9.886250,10.002500,9.882500,9.962500,8.212414,9611200
2004-09-27,9.937500,9.995000,9.831250,9.912500,8.171194,9616800
2004-09-28,9.913750,9.978750,9.881250,9.962500,8.212414,6812000
2004-09-29,9.937500,9.961250,9.775000,9.816250,8.091858,13643200
2004-09-30,9.816250,9.903750,9.780000,9.850000,8.119677,13664800
2004-10-01,9.875000,9.987500,9.825000,9.985000,8.230959,8939200
2004-10-04,9.987500,10.000000,9.950000,9.972500,8.220652,9344800
2004-10-05,9.968750,10.025000,9.927500,9.961250,8.211379,11715200
2004-10-06,9.986250,10.070000,9.937500,10.008750,8.250534,10174400
2004-10-07,9.977500,10.000000,9.940000,9.951250,8.203136,6194400
2004-10-08,9.950000,9.956250,9.828750,9.886250,8.149559,6626400
2004-10-11,9.886250,9.913750,9.815000,9.883750,8.147494,7160000
2004-10-12,9.768750,9.835000,9.687500,9.753750,8.040331,8432000
2004-10-13,9.766250,9.781250,9.577500,9.697500,7.993962,8963200
2004-10-14,9.681250,9.756250,9.650000,9.671250,7.972325,5226400
2004-10-15,9.656250,9.800000,9.626250,9.762500,8.047544,7509600
2004-10-18,9.687500,9.987500,9.680000,9.987500,8.233019,10456000
2004-10-19,9.987500,10.086250,9.981250,10.033750,8.271145,17851200
2004-10-20,10.002500,10.066250,9.916250,9.956250,8.207257,6701600
2004-10-21,9.993750,10.150000,9.978750,10.098750,8.324726,19664800
2004-10-22,10.075000,10.106250,9.838750,9.888750,8.151617,10804000
2004-10-25,9.862500,10.035000,9.830000,9.990000,8.235077,8943200
2004-10-26,10.018750,10.186250,9.987500,10.097500,8.323693,12934400
2004-10-27,10.066250,10.225000,10.050000,10.187500,8.397889,12063200
2004-10-28,10.187500,10.217500,10.107500,10.138750,8.357698,6386400
2004-10-29,10.152500,10.243750,10.133750,10.163750,8.378306,6868800
2004-11-01,10.132500,10.247500,10.087500,10.200000,8.408193,6989600
2004-11-02,10.247500,10.453750,10.247500,10.280000,8.474135,13036800
2004-11-03,10.343750,10.412500,10.298750,10.383750,8.559659,10376000
2004-11-04,10.382500,10.671250,10.351250,10.671250,8.796656,14639200
2004-11-05,10.671250,10.805000,10.637500,10.765000,8.873940,11025600
2004-11-08,10.700000,10.761250,10.525000,10.577500,8.719379,13272800
2004-11-09,10.562500,10.612500,10.535000,10.601250,8.738953,7592000
2004-11-10,10.587500,10.643750,10.537500,10.537500,8.686405,6440000
2004-11-11,10.593750,10.662500,10.562500,10.623750,8.757502,6262400
2004-11-12,10.637500,10.815000,10.631250,10.800000,8.902791,6630400
2004-11-15,10.768750,10.876250,10.752500,10.803750,8.905883,4528800
2004-11-16,10.805000,10.812500,10.671250,10.685000,8.807993,6851200
2004-11-17,10.697500,10.925000,10.697500,10.748750,8.860540,6341600
2004-11-18,10.761250,10.975000,10.625000,10.625000,8.758528,23644000
2004-11-19,10.545000,10.578750,10.191250,10.312500,8.500931,40176800
2004-11-22,10.387500,10.508750,10.283750,10.467500,8.628699,11773600
2004-11-23,10.487500,10.618750,10.422500,10.605000,8.742044,7088800
2004-11-24,10.636250,10.686250,10.597500,10.678750,8.802840,5999200
2004-11-26,10.675000,10.750000,10.625000,10.636250,8.767800,3343200
2004-11-29,10.662500,10.768750,10.656250,10.717500,8.834777,7454400
2004-11-30,10.717500,10.783750,10.548750,10.582500,8.723497,8623200
2004-12-01,10.600000,10.843750,10.600000,10.818750,8.918245,6940800
2004-12-02,10.818750,10.893750,10.742500,10.837500,8.933702,5936000
2004-12-03,10.812500,10.891250,10.763750,10.840000,8.935763,5205600
2004-12-06,10.808750,10.882500,10.706250,10.832500,8.929581,7164000
2004-12-07,10.781250,10.907500,10.727500,10.727500,8.843029,6809600
2004-12-08,10.750000,10.881250,10.701250,10.837500,8.933702,6732800
2004-12-09,10.856250,11.011250,10.793750,10.940000,9.031219,9156800
2004-12-10,10.937500,11.050000,10.875000,10.875000,8.977565,6612000
2004-12-13,10.906250,10.937500,10.767500,10.881250,8.982724,10424000
2004-12-14,10.837500,10.837500,10.662500,10.816250,8.929062,12091200
2004-12-15,10.875000,10.880000,10.681250,10.731250,8.858891,12825600
2004-12-16,10.750000,10.830000,10.641250,10.737500,8.864053,7558400
2004-12-17,11.125000,11.526250,11.118750,11.462500,9.462557,35094400
2004-12-20,11.481250,11.553750,11.405000,11.437500,9.441919,11144800
2004-12-21,11.466250,11.536250,11.416250,11.426250,9.432631,7074400
2004-12-22,11.350000,11.475000,11.260000,11.385000,9.398577,11741600
2004-12-23,11.425000,11.542500,11.423750,11.453750,9.455333,5010400
2004-12-27,11.475000,11.475000,11.356250,11.356250,9.374846,4512000
2004-12-28,11.406250,11.445000,11.375000,11.436250,9.440887,5108800
2004-12-29,11.418750,11.420000,11.200000,11.321250,9.345952,11349600
2004-12-30,11.318750,11.443750,11.318750,11.372500,9.388266,3471200
2004-12-31,11.350000,11.430000,11.336250,11.336250,9.358337,4444800
2005-01-03,11.325000,11.417500,11.281250,11.336250,9.358337,8897600
2005-01-04,11.333750,11.368750,11.151250,11.175000,9.225217,6463200
2005-01-05,11.206250,11.236250,11.032500,11.041250,9.114804,8606400
2005-01-06,11.033750,11.075000,10.901250,11.027500,9.103453,8915200
2005-01-07,11.040000,11.062500,10.941250,10.962500,9.049794,6992800
2005-01-10,10.868750,11.083750,10.850000,11.071250,9.139574,9981600
2005-01-11,11.000000,11.056250,10.895000,11.018750,9.096233,6180800
2005-01-12,11.015000,11.102500,10.927500,11.073750,9.141637,7448800
2005-01-13,11.051250,11.093750,10.955000,11.002500,9.082813,5940000
2005-01-14,11.012500,11.118750,10.981250,11.118750,9.178785,4488800
2005-01-18,11.100000,11.150000,11.047500,11.087500,9.152987,7214400
2005-01-19,11.097500,11.220000,11.062500,11.068750,9.137509,9040000
2005-01-20,11.050000,11.050000,10.841250,10.850000,8.956921,7199200
2005-01-21,10.850000,10.882500,10.756250,10.787500,8.905328,8354400
2005-01-24,10.808750,10.850000,10.752500,10.788750,8.906362,6801600
2005-01-25,10.806250,10.815000,10.711250,10.736250,8.863019,7143200
2005-01-26,10.767500,10.795000,10.587500,10.643750,8.786657,9172000
2005-01-27,10.656250,10.830000,10.653750,10.806250,8.920810,8648800
2005-01-28,10.806250,10.838750,10.691250,10.811250,8.924934,10192800
2005-01-31,10.812500,10.862500,10.775000,10.828750,8.939382,6747200
2005-02-01,10.828750,10.912500,10.787500,10.883750,8.984783,7632000
2005-02-02,10.852500,10.875000,10.808750,10.837500,8.946602,14760000
2005-02-03,10.837500,10.856250,10.786250,10.825000,8.936286,9572000
2005-02-04,10.851250,10.906250,10.831250,10.880000,8.981688,6468000
2005-02-07,10.812500,10.857500,10.752500,10.775000,8.895010,12460800
2005-02-08,10.568750,10.625000,10.325000,10.493750,8.662832,28357600
2005-02-09,10.493750,10.493750,10.356250,10.407500,8.591629,10495200
2005-02-10,10.448750,10.508750,10.406250,10.495000,8.663863,8768000
2005-02-11,10.495000,10.612500,10.456250,10.581250,8.735065,6369600
2005-02-14,10.600000,10.737500,10.548750,10.651250,8.792851,11671200
2005-02-15,10.625000,10.717500,10.595000,10.661250,8.801105,11015200
2005-02-16,10.661250,10.775000,10.633750,10.678750,8.815557,9488800
2005-02-17,10.637500,10.682500,10.563750,10.650000,8.791817,8584000
2005-02-18,10.687500,10.722500,10.657500,10.688750,8.823806,9297600
2005-02-22,10.657500,10.731250,10.477500,10.487500,8.657674,12332000
2005-02-23,10.506250,10.637500,10.500000,10.612500,8.760864,9778400
2005-02-24,10.612500,10.837500,10.600000,10.812500,8.925966,11217600
2005-02-25,10.800000,10.922500,10.787500,10.906250,9.003363,8579200
2005-02-28,10.850000,10.986250,10.841250,10.868750,8.972402,12490400
2005-03-01,10.878750,11.032500,10.863750,10.975000,9.060113,12245600
2005-03-02,10.943750,10.991250,10.833750,10.913750,9.009549,13328000
2005-03-03,10.938750,11.000000,10.888750,10.906250,9.003363,8092800
2005-03-04,10.981250,11.010000,10.900000,10.950000,9.039474,9259200
2005-03-07,10.948750,10.978750,10.880000,10.897500,8.996137,7369600
2005-03-08,10.898750,10.907500,10.802500,10.812500,8.925966,8979200
2005-03-09,10.812500,10.828750,10.737500,10.783750,8.902231,8437600
2005-03-10,10.862500,10.891250,10.761250,10.836250,8.958557,8740800
2005-03-11,10.898750,10.987500,10.781250,10.825000,8.949254,9771200
2005-03-14,10.806250,10.881250,10.678750,10.720000,8.862451,10088000
2005-03-15,10.737500,10.948750,10.731250,10.893750,9.006093,14417600
2005-03-16,10.962500,11.065000,10.770000,10.805000,8.932722,16012000
2005-03-17,10.818750,10.930000,10.801250,10.853750,8.973025,16804800
2005-03-18,10.951250,10.951250,10.638750,10.675000,8.825247,40318400
2005-03-21,10.688750,10.695000,10.462500,10.487500,8.670239,19248800
2005-03-22,10.513750,10.573750,10.312500,10.317500,8.529694,21436800
2005-03-23,10.250000,10.337500,10.180000,10.180000,8.416020,19434400
2005-03-24,10.281250,10.497500,10.265000,10.452500,8.641304,17895200
2005-03-28,10.520000,10.550000,10.398750,10.402500,8.599967,16083200
2005-03-29,10.410000,10.410000,10.190000,10.208750,8.439789,14324800
2005-03-30,10.240000,10.310000,10.225000,10.293750,8.510064,9520800
2005-03-31,10.337500,10.475000,10.305000,10.413750,8.609264,10768800
2005-04-01,10.485000,10.530000,10.300000,10.375000,8.577233,10605600
2005-04-04,10.368750,10.370000,10.213750,10.262500,8.484225,10328800
2005-04-05,10.331250,10.403750,10.282500,10.386250,8.586534,10630400
2005-04-06,10.432500,10.475000,10.295000,10.336250,8.545195,7866400
2005-04-07,10.368750,10.368750,10.212500,10.320000,8.531760,8481600
2005-04-08,10.332500,10.398750,10.288750,10.288750,8.505927,7780000
2005-04-11,10.308750,10.375000,10.231250,10.280000,8.498693,7210400
2005-04-12,10.262500,10.311250,10.131250,10.295000,8.511096,9932000
2005-04-13,10.282500,10.287500,9.936250,9.968750,8.241376,16912800
2005-04-14,9.991250,10.037500,9.697500,9.751250,8.061563,18067200
2005-04-15,9.706250,9.721250,9.462500,9.482500,7.839387,14244800
2005-04-18,9.503750,9.533750,9.387500,9.491250,7.846619,16609600
2005-04-19,9.562500,9.747500,9.557500,9.678750,8.001628,13238400
2005-04-20,9.725000,9.725000,9.520000,9.555000,7.899323,15878400
2005-04-21,9.656250,9.846250,9.627500,9.820000,8.118402,13736800
2005-04-22,9.827500,9.896250,9.625000,9.727500,8.041931,14485600
2005-04-25,9.822500,9.973750,9.763750,9.791250,8.094633,8999200
2005-04-26,9.747500,9.855000,9.701250,9.701250,8.020228,8486400
2005-04-27,9.700000,9.796250,9.573750,9.758750,8.067764,8059200
2005-04-28,9.671250,9.732500,9.597500,9.616250,7.949957,11988800
2005-04-29,9.636250,9.675000,9.388750,9.601250,7.937555,16364000
2005-05-02,9.601250,9.783750,9.583750,9.640000,7.969591,8708800
2005-05-03,9.643750,9.768750,9.622500,9.718750,8.034698,9388000
2005-05-04,9.737500,9.800000,9.692500,9.706250,8.024364,8381600
2005-05-05,9.707500,9.837500,9.665000,9.717500,8.033666,8152800
2005-05-06,9.748750,9.848750,9.716250,9.722500,8.037796,7956800
2005-05-09,9.733750,9.841250,9.707500,9.841250,8.135971,6876800
2005-05-10,9.823750,9.823750,9.658750,9.700000,8.019197,7524000
2005-05-11,9.700000,9.782500,9.655000,9.730000,8.043999,8380800
2005-05-12,9.768750,9.812500,9.581250,9.605000,7.940655,9826400
2005-05-13,9.550000,9.675000,9.475000,9.556250,7.900352,9298400
2005-05-16,9.575000,9.700000,9.575000,9.626250,7.958222,14284800
2005-05-17,9.627500,9.872500,9.587500,9.846250,8.140101,21914400
2005-05-18,9.950000,10.387500,9.902500,10.240000,8.465622,31804800
2005-05-19,10.271250,10.465000,10.138750,10.398750,8.596868,20096000
2005-05-20,10.325000,10.378750,10.218750,10.261250,8.483191,11200000
2005-05-23,10.308750,10.425000,10.236250,10.310000,8.523493,13842400
2005-05-24,10.310000,10.341250,10.286250,10.340000,8.548299,13022400
2005-05-25,10.293750,10.321250,10.170000,10.201250,8.433589,7512000
2005-05-26,10.206250,10.281250,10.206250,10.242500,8.467692,6271200
2005-05-27,10.262500,10.337500,10.227500,10.303750,8.518327,5160800
2005-05-31,10.276250,10.315000,10.200000,10.275000,8.494559,6324800
2005-06-01,10.287500,10.498750,10.261250,10.392500,8.591700,10272800
2005-06-02,10.357500,10.530000,10.341250,10.477500,8.661974,8730400
2005-06-03,10.477500,10.531250,10.437500,10.468750,8.654737,5740000
2005-06-06,10.468750,10.558750,10.427500,10.541250,8.714672,5126400
2005-06-07,10.560000,10.675000,10.541250,10.600000,8.763246,8390400
2005-06-08,10.601250,10.636250,10.563750,10.615000,8.775642,10844000
2005-06-09,10.583750,10.736250,10.508750,10.706250,8.864131,10097600
2005-06-10,10.705000,10.768750,10.686250,10.745000,8.896219,9267200
2005-06-13,10.841250,10.958750,10.835000,10.892500,9.018335,19703200
2005-06-14,10.875000,10.912500,10.750000,10.818750,8.957282,7634400
2005-06-15,10.931250,10.990000,10.857500,10.955000,9.070086,14152000
2005-06-16,10.956250,11.121250,10.951250,11.018750,9.122867,15895200
2005-06-17,11.037500,11.107500,11.012500,11.047500,9.146668,19523200
2005-06-20,11.048750,11.080000,11.018750,11.047500,9.146668,10022400
2005-06-21,11.047500,11.136250,11.037500,11.106250,9.195311,7954400
2005-06-22,11.206250,11.236250,11.100000,11.173750,9.251198,13064000
2005-06-23,11.211250,11.366250,11.193750,11.262500,9.324677,16450400
2005-06-24,11.243750,11.270000,11.135000,11.168750,9.247059,21107200
2005-06-27,11.128750,11.128750,10.576250,10.721250,8.876556,59717600
2005-06-28,10.731250,11.031250,10.727500,11.000000,9.107344,22827200
2005-06-29,11.018750,11.018750,10.887500,10.915000,9.036967,12059200
2005-06-30,10.896250,10.906250,10.800000,10.825000,8.962452,17471200
2005-07-01,10.771250,10.825000,10.662500,10.751250,8.901393,11341600
2005-07-05,10.750000,10.943750,10.745000,10.838750,8.973838,13173600
2005-07-06,10.868750,10.872500,10.665000,10.697500,8.856894,9980800
2005-07-07,10.666250,10.698750,10.590000,10.662500,8.827915,9904800
2005-07-08,10.662500,10.780000,10.603750,10.780000,8.925195,7953600
2005-07-11,10.868750,10.898750,10.812500,10.886250,9.013165,10056000
2005-07-12,10.845000,10.887500,10.775000,10.878750,9.006955,8228800
2005-07-13,10.913750,10.936250,10.850000,10.885000,9.012128,8828800
2005-07-14,10.906250,10.988750,10.876250,10.948750,9.064912,13930400
2005-07-15,10.950000,11.062500,10.938750,11.062500,9.159091,10699200
2005-07-18,11.000000,11.050000,10.960000,10.988750,9.098032,10916000
2005-07-19,11.002500,11.028750,10.937500,10.985000,9.094923,7934400
2005-07-20,10.937500,11.062500,10.866250,11.055000,9.152881,11690400
2005-07-21,11.025000,11.026250,10.750000,10.846250,8.980049,17286400
2005-07-22,10.792500,10.885000,10.738750,10.828750,8.965557,13268800
2005-07-25,10.775000,10.800000,10.570000,10.653750,8.820669,14856000
2005-07-26,10.648750,10.655000,10.462500,10.550000,8.734770,12884000
2005-07-27,10.562500,10.570000,10.428750,10.500000,8.693375,26172800
2005-07-28,10.531250,10.572500,10.471250,10.562500,8.745120,12499200
2005-07-29,10.540000,10.602500,10.465000,10.475000,8.672675,6834400
2005-08-01,10.476250,10.536250,10.331250,10.357500,8.575394,14940000
2005-08-02,10.357500,10.728750,9.996250,10.728750,8.882764,37156000
2005-08-03,10.760000,11.125000,10.722500,10.865000,8.995571,27108800
2005-08-04,10.775000,10.842500,10.637500,10.650000,8.817563,10752800
2005-08-05,10.651250,10.652500,10.527500,10.628750,8.799974,6570400
2005-08-08,10.628750,10.690000,10.525000,10.538750,8.725453,10556800
2005-08-09,10.593750,10.597500,10.460000,10.462500,8.662326,7538400
2005-08-10,10.525000,10.527500,10.315000,10.337500,8.558832,20727200
2005-08-11,10.375000,10.397500,10.150000,10.245000,8.482249,14964000
2005-08-12,10.213750,10.307500,10.121250,10.197500,8.442923,11182400
2005-08-15,10.205000,10.337500,10.187500,10.271250,8.503983,12602400
2005-08-16,10.271250,10.271250,10.080000,10.100000,8.362199,11117600
2005-08-17,10.125000,10.152500,9.946250,9.995000,8.275260,22760800
2005-08-18,9.981250,10.171250,9.943750,10.092500,8.355989,20251200
2005-08-19,10.150000,10.187500,10.018750,10.042500,8.314591,15278400
2005-08-22,10.132500,10.132500,9.837500,9.908750,8.203855,19744800
2005-08-23,9.937500,9.976250,9.840000,9.882500,8.182121,16293600
2005-08-24,9.893750,10.031250,9.852500,9.962500,8.248356,17479200
2005-08-25,9.962500,10.067500,9.946250,9.983750,8.265950,9432800
2005-08-26,9.983750,10.008750,9.903750,9.965000,8.250426,10021600
2005-08-29,9.900000,9.972500,9.862500,9.930000,8.221448,7834400
2005-08-30,9.850000,9.856250,9.670000,9.787500,8.103468,21540800
2005-08-31,9.787500,9.872500,9.715000,9.863750,8.166594,10447200
2005-09-01,9.863750,9.902500,9.757500,9.781250,8.098292,10367200
2005-09-02,9.806250,9.856250,9.618750,9.627500,7.970994,12255200
2005-09-06,9.628750,9.752500,9.566250,9.741250,8.065173,17560800
2005-09-07,9.793750,9.793750,9.617500,9.633750,7.976168,24559200
2005-09-08,9.625000,9.837500,9.596250,9.813750,8.138400,27604000
2005-09-09,9.825000,9.937500,9.815000,9.815000,8.139439,16885600
2005-09-12,9.868750,10.117500,9.835000,10.000000,8.292859,22596000
2005-09-13,10.075000,10.200000,9.901250,9.910000,8.218223,21124000
2005-09-14,9.910000,9.935000,9.793750,9.811250,8.136327,18700800
2005-09-15,9.843750,9.886250,9.795000,9.867500,8.182978,27280000
2005-09-16,9.925000,9.965000,9.797500,9.807500,8.133217,55197600
2005-09-19,10.451250,10.656250,10.237500,10.431250,8.650485,83732000
2005-09-20,10.493750,10.498750,9.951250,10.000000,8.292859,36563200
2005-09-21,10.025000,10.108750,9.923750,9.925000,8.230659,20348800
2005-09-22,10.000000,10.166250,9.987500,10.118750,8.391335,18862400
2005-09-23,10.068750,10.242500,9.958750,10.158750,8.424505,13378400
2005-09-26,10.281250,10.312500,10.142500,10.168750,8.432800,17570400
2005-09-27,10.231250,10.255000,10.171250,10.200000,8.458714,10240000
2005-09-28,10.206250,10.250000,10.140000,10.162500,8.427618,10922400
2005-09-29,10.156250,10.177500,10.076250,10.137500,8.406882,15942400
2005-09-30,10.138750,10.210000,10.115000,10.210000,8.467006,14119200
2005-10-03,10.260000,10.325000,10.210000,10.287500,8.531276,18812800
2005-10-04,10.331250,10.497500,10.313750,10.331250,8.567564,18534400
2005-10-05,10.330000,10.370000,10.180000,10.186250,8.447311,12077600
2005-10-06,10.187500,10.425000,10.178750,10.262500,8.510545,13666400
2005-10-07,10.293750,10.411250,10.246250,10.346250,8.579998,10734400
2005-10-10,10.346250,10.472500,10.282500,10.322500,8.560304,9730400
2005-10-11,10.341250,10.468750,10.290000,10.372500,8.601766,11959200
2005-10-12,10.366250,10.387500,10.212500,10.240000,8.491884,12796000
2005-10-13,10.231250,10.253750,9.992500,10.095000,8.371638,13408000
2005-10-14,10.137500,10.247500,10.062500,10.212500,8.469083,10551200
2005-10-17,10.200000,10.290000,10.161250,10.271250,8.517802,8544000
2005-10-18,10.270000,10.276250,10.138750,10.181250,8.443167,9300800
2005-10-19,10.168750,10.312500,10.091250,10.306250,8.546825,12868800
2005-10-20,10.312500,10.468750,10.312500,10.400000,8.624569,16002400
2005-10-21,10.401250,10.531250,10.381250,10.435000,8.653598,10356800
2005-10-24,10.443750,10.540000,10.350000,10.512500,8.717866,13207200
2005-10-25,10.462500,10.531250,10.405000,10.440000,8.657742,10634400
2005-10-26,10.413750,10.531250,10.345000,10.478750,8.689881,10240800
2005-10-27,10.478750,10.480000,10.298750,10.300000,8.541640,12271200
2005-10-28,10.302500,10.415000,10.302500,10.350000,8.583108,8842400
2005-10-31,10.375000,10.533750,10.370000,10.506250,8.712682,17168000
2005-11-01,10.500000,10.530000,10.428750,10.501250,8.708537,8879200
2005-11-02,10.500000,10.732500,10.490000,10.693750,8.868176,14633600
2005-11-03,10.743750,10.903750,10.743750,10.887500,9.028852,17344000
2005-11-04,10.875000,10.998750,10.870000,10.975000,9.101408,15567200
2005-11-07,10.975000,11.026250,10.967500,11.000000,9.122145,14751200
2005-11-08,10.968750,10.968750,10.818750,10.852500,8.999825,10942400
2005-11-09,10.887500,10.900000,10.801250,10.826250,8.978058,6972800
2005-11-10,10.812500,10.936250,10.806250,10.915000,9.051652,6687200
2005-11-11,10.937500,10.937500,10.845000,10.865000,9.010188,5204000
2005-11-14,10.865000,10.907500,10.808750,10.813750,8.967690,4581600
2005-11-15,10.843750,10.851250,10.646250,10.698750,8.872322,9471200
2005-11-16,10.725000,10.777500,10.655000,10.746250,8.911712,6026400
2005-11-17,10.837500,10.893750,10.795000,10.860000,9.006046,6660800
2005-11-18,10.968750,10.968750,10.826250,10.962500,9.091045,11841600
2005-11-21,10.841250,10.891250,10.728750,10.805000,8.960434,22252000
2005-11-22,10.831250,10.905000,10.805000,10.875000,9.018483,12028000
2005-11-23,10.876250,11.000000,10.875000,10.960000,9.088973,7104000
2005-11-25,10.985000,11.068750,10.902500,11.026250,9.143910,3697600
2005-11-28,11.057500,11.057500,10.806250,10.806250,8.961470,11467200
2005-11-29,10.806250,10.825000,10.725000,10.737500,8.904459,7916800
2005-11-30,10.743750,10.830000,10.658750,10.662500,8.842260,9443200
2005-12-01,10.718750,10.771250,10.631250,10.696250,8.870248,9410400
2005-12-02,10.725000,11.027500,10.725000,10.950000,9.080675,16309600
2005-12-05,10.875000,10.992500,10.857500,10.916250,9.052689,8869600
2005-12-06,10.937500,10.971250,10.881250,10.891250,9.031959,11436000
2005-12-07,10.911250,10.941250,10.810000,10.837500,8.987383,7938400
2005-12-08,10.783750,10.783750,10.711250,10.737500,8.920410,12310400
2005-12-09,10.768750,10.778750,10.658750,10.737500,8.920410,12073600
2005-12-12,10.912500,10.956250,10.843750,10.926250,9.077215,15633600
2005-12-13,10.927500,11.017500,10.856250,10.990000,9.130178,14662400
2005-12-14,11.012500,11.442500,11.008750,11.430000,9.495719,45728800
2005-12-15,11.418750,11.427500,11.175000,11.218750,9.320212,16780000
2005-12-16,11.250000,11.260000,11.053750,11.062500,9.190409,15298400
2005-12-19,11.176250,11.176250,10.897500,10.907500,9.061638,14775200
2005-12-20,10.873750,11.093750,10.827500,11.060000,9.188333,18155200
2005-12-21,10.610000,10.771250,10.468750,10.718750,8.904831,69370400
2005-12-22,10.662500,10.825000,10.656250,10.780000,8.955717,15634400
2005-12-23,10.837500,10.933750,10.818750,10.875000,9.034640,16156800
2005-12-27,10.931250,11.031250,10.867500,10.886250,9.043987,13765600
2005-12-28,10.886250,11.031250,10.886250,10.950000,9.096945,9968800
2005-12-29,10.962500,11.015000,10.925000,10.925000,9.076180,5332000
2005-12-30,10.903750,10.986250,10.833750,10.848750,9.012833,5108800
2006-01-03,10.848750,10.925000,10.667500,10.743750,8.925603,18468800
2006-01-04,10.706250,10.800000,10.668750,10.693750,8.884064,15832000
2006-01-05,10.693750,10.826250,10.693750,10.758750,8.938062,9256000
2006-01-06,10.787500,10.827500,10.712500,10.725000,8.910023,7573600
2006-01-09,10.725000,10.977500,10.720000,10.875000,9.034640,10441600
2006-01-10,10.806250,10.982500,10.797500,10.897500,9.053329,11837600
2006-01-11,10.912500,11.007500,10.875000,10.912500,9.065795,10372800
2006-01-12,11.020000,11.020000,10.751250,10.788750,8.962986,11159200
2006-01-13,10.837500,10.890000,10.681250,10.775000,8.951563,9612000
2006-01-17,10.750000,10.750000,10.637500,10.650000,8.847714,11075200
2006-01-18,10.631250,10.680000,10.545000,10.580000,8.789562,9202400
2006-01-19,10.528750,10.620000,10.500000,10.587500,8.795794,8888800
2006-01-20,10.637500,10.703750,10.478750,10.525000,8.743872,16132000
2006-01-23,10.450000,10.500000,10.183750,10.431250,8.665984,38273600
2006-01-24,10.538750,10.565000,10.391250,10.502500,8.725174,16800000
2006-01-25,10.507500,10.567500,10.487500,10.532500,8.750098,10268800
2006-01-26,10.642500,10.642500,10.472500,10.497500,8.721021,15965600
2006-01-27,10.528750,10.578750,10.385000,10.393750,8.634830,17025600
2006-01-30,10.327500,10.348750,10.075000,10.225000,8.494642,78979200
2006-01-31,10.225000,10.256250,10.110000,10.118750,8.406366,20348000
2006-02-01,10.156250,10.515000,10.151250,10.391250,8.632755,35525600
2006-02-02,10.397500,10.488750,10.375000,10.418750,8.655598,20464800
2006-02-03,10.362500,10.477500,10.342500,10.461250,8.690907,15826400
2006-02-06,10.675000,10.718750,10.505000,10.518750,8.738677,19246400
2006-02-07,10.537500,10.587500,10.401250,10.432500,8.667021,10368800
2006-02-08,10.463750,10.618750,10.437500,10.548750,8.763598,18636800
2006-02-09,10.475000,10.555000,10.448750,10.486250,8.711675,9232800
2006-02-10,10.586250,10.586250,10.382500,10.558750,8.771910,10339200
2006-02-13,10.518750,10.543750,10.395000,10.535000,8.752180,9512800
2006-02-14,10.535000,10.580000,10.451250,10.500000,8.723100,11758400
2006-02-15,10.531250,10.625000,10.468750,10.533750,8.751136,9453600
2006-02-16,10.618750,10.635000,10.541250,10.595000,8.802020,6254400
2006-02-17,10.531250,10.653750,10.512500,10.612500,8.816561,8001600
2006-02-21,10.600000,10.661250,10.562500,10.635000,8.835254,8744000
2006-02-22,10.656250,10.866250,10.638750,10.742500,8.924561,12035200
2006-02-23,10.742500,10.926250,10.718750,10.821250,8.989986,10108000
2006-02-24,10.821250,10.937500,10.800000,10.900000,9.055410,11014400
2006-02-27,10.901250,10.962500,10.833750,10.912500,9.065795,7179200
2006-02-28,10.850000,10.978750,10.827500,10.847500,9.011793,18676000
2006-03-01,10.831250,10.892500,10.775000,10.788750,8.962986,10713600
2006-03-02,10.718750,10.798750,10.668750,10.756250,8.935987,13876000
2006-03-03,10.731250,10.840000,10.723750,10.787500,8.961945,8387200
2006-03-06,10.812500,11.005000,10.781250,10.865000,9.026332,14712800
2006-03-07,10.707500,10.707500,10.503750,10.612500,8.816561,24400000
2006-03-08,10.593750,10.635000,10.562500,10.625000,8.826948,19901600
2006-03-09,10.600000,10.686250,10.592500,10.668750,8.879490,11776000
2006-03-10,10.668750,10.718750,10.598750,10.623750,8.842035,9075200
2006-03-13,10.623750,10.628750,10.532500,10.556250,8.785854,9057600
2006-03-14,10.550000,10.580000,10.523750,10.577500,8.803545,8360000
2006-03-15,10.626250,10.660000,10.551250,10.627500,8.845160,11728000
2006-03-16,10.625000,10.808750,10.625000,10.752500,8.949190,12339200
2006-03-17,10.721250,10.740000,10.662500,10.677500,8.886772,11220800
2006-03-20,10.625000,10.777500,10.612500,10.688750,8.896134,15207200
2006-03-21,10.690000,10.690000,10.586250,10.618750,8.837873,19258400
2006-03-22,10.612500,10.897500,10.562500,10.852500,9.032424,38750400
2006-03-23,10.843750,10.887500,10.750000,10.751250,8.948153,23581600
2006-03-24,10.763750,10.842500,10.688750,10.745000,8.942952,12403200
2006-03-27,10.731250,10.731250,10.631250,10.681250,8.889892,8194400
2006-03-28,10.662500,10.730000,10.597500,10.650000,8.863885,8464000
2006-03-29,10.637500,10.693750,10.625000,10.692500,8.899255,6694400
2006-03-30,10.737500,10.741250,10.582500,10.625000,8.843077,11872000
2006-03-31,10.625000,10.650000,10.581250,10.637500,8.853482,8536800
2006-04-03,10.637500,10.732500,10.581250,10.613750,8.833714,11781600
2006-04-04,10.612500,10.647500,10.501250,10.630000,8.847238,7724000
2006-04-05,10.612500,10.643750,10.527500,10.571250,8.798340,7793600
2006-04-06,10.587500,10.640000,10.487500,10.607500,8.828511,11317600
2006-04-07,10.643750,10.668750,10.442500,10.453750,8.700547,10429600
2006-04-10,10.477500,10.512500,10.337500,10.386250,8.644364,10723200
2006-04-11,10.443750,10.492500,10.288750,10.311250,8.581945,10032000
2006-04-12,10.311250,10.348750,10.253750,10.318750,8.588188,11932800
2006-04-13,10.331250,10.462500,10.320000,10.412500,8.666213,13517600
2006-04-17,10.405000,10.406250,10.156250,10.226250,8.511201,16674400
2006-04-18,10.218750,10.267500,10.186250,10.218750,8.504959,17185600
2006-04-19,10.225000,10.302500,10.192500,10.265000,8.543449,9879200
2006-04-20,10.256250,10.375000,10.255000,10.353750,8.617319,7444800
2006-04-21,10.387500,10.393750,10.315000,10.377500,8.637084,9226400
2006-04-24,10.377500,10.378750,10.312500,10.337500,8.603794,11511200
2006-04-25,10.325000,10.353750,10.212500,10.252500,8.533048,9793600
2006-04-26,10.283750,10.310000,10.120000,10.157500,8.453981,12454400
2006-04-27,10.045000,10.242500,10.045000,10.230000,8.514322,10345600
2006-04-28,10.268750,10.298750,10.158750,10.230000,8.514322,6699200
2006-05-01,10.253750,10.302500,10.191250,10.212500,8.499760,9552800
2006-05-02,10.262500,10.288750,10.196250,10.196250,8.486230,7672800
2006-05-03,10.197500,10.225000,10.068750,10.141250,8.440455,11987200
2006-05-04,10.168750,10.237500,10.118750,10.120000,8.422769,8754400
2006-05-05,10.147500,10.197500,10.116250,10.193750,8.484148,6836000
2006-05-08,10.200000,10.305000,10.190000,10.281250,8.556978,7833600
2006-05-09,10.293750,10.356250,10.267500,10.275000,8.551776,6925600
2006-05-10,10.300000,10.365000,10.275000,10.291250,8.565301,7316000
2006-05-11,10.366250,10.387500,10.142500,10.163750,8.459183,8680000
2006-05-12,10.125000,10.238750,10.116250,10.187500,8.478951,10314400
2006-05-15,10.125000,10.211250,10.125000,10.205000,8.493514,9813600
2006-05-16,10.226250,10.261250,10.063750,10.083750,8.392601,12880000
2006-05-17,10.007500,10.112500,9.973750,10.037500,8.354108,15206400
2006-05-18,9.938750,10.120000,9.938750,9.968750,8.296887,11856800
2006-05-19,9.950000,9.956250,9.722500,9.837500,8.187646,31140800
2006-05-22,9.812500,9.881250,9.673750,9.747500,8.112741,23106400
2006-05-23,9.837500,10.187500,9.837500,9.873750,8.217821,26717600
2006-05-24,9.875000,9.946250,9.801250,9.907500,8.245908,13388000
2006-05-25,9.956250,9.972500,9.871250,9.956250,8.286482,6053600
2006-05-26,9.990000,10.191250,9.982500,10.126250,8.427968,12556800
2006-05-30,10.106250,10.111250,9.998750,10.000000,8.322898,7715200
2006-05-31,10.000000,10.076250,10.000000,10.038750,8.355149,10692000
2006-06-01,10.051250,10.191250,10.033750,10.177500,8.470626,11068000
2006-06-02,10.172500,10.270000,10.133750,10.223750,8.509119,10720800
2006-06-05,10.223750,10.225000,10.018750,10.031250,8.348906,14556800
2006-06-06,10.062500,10.090000,9.987500,10.025000,8.343700,9316800
2006-06-07,10.031250,10.147500,10.030000,10.092500,8.399887,18972000
2006-06-08,10.075000,10.122500,9.893750,10.081250,8.406660,13960800
2006-06-09,10.118750,10.215000,10.087500,10.141250,8.456696,6504800
2006-06-12,10.156250,10.287500,10.125000,10.141250,8.456696,11844000
2006-06-13,10.125000,10.277500,10.112500,10.171250,8.481712,11875200
2006-06-14,10.150000,10.276250,10.150000,10.260000,8.555717,13356000
2006-06-15,10.258750,10.530000,10.237500,10.443750,8.708949,13504800
2006-06-16,10.400000,10.535000,10.376250,10.393750,8.667253,8332800
2006-06-19,10.500000,10.506250,10.323750,10.383750,8.658912,10402400
2006-06-20,10.416250,10.433750,10.237500,10.272500,8.566141,13354400
2006-06-21,10.268750,10.406250,10.237500,10.343750,8.625558,11139200
2006-06-22,10.343750,10.498750,10.277500,10.483750,8.742301,13156800
2006-06-23,10.483750,10.621250,10.450000,10.545000,8.793376,11575200
2006-06-26,10.606250,10.617500,10.497500,10.531250,8.781911,8483200
2006-06-27,10.556250,10.556250,10.392500,10.453750,8.717287,14756800
2006-06-28,10.187500,10.187500,9.862500,9.965000,8.309720,68290400
2006-06-29,10.000000,10.155000,9.940000,10.122500,8.441060,20777600
2006-06-30,10.137500,10.238750,10.113750,10.125000,8.443148,10331200
2006-07-03,10.131250,10.218750,10.131250,10.166250,8.477544,4727200
2006-07-05,10.093750,10.112500,9.956250,10.006250,8.344121,18497600
2006-07-06,10.037500,10.051250,9.961250,9.973750,8.317018,15312000
2006-07-07,9.938750,9.987500,9.868750,9.885000,8.243011,15615200
2006-07-10,9.885000,9.956250,9.838750,9.872500,8.232591,9697600
2006-07-11,9.843750,9.890000,9.780000,9.823750,8.191931,11295200
2006-07-12,9.768750,9.861250,9.763750,9.826250,8.194017,18676800
2006-07-13,9.826250,9.888750,9.758750,9.845000,8.209658,14193600
2006-07-14,9.800000,9.897500,9.791250,9.822500,8.190893,19474400
2006-07-17,9.750000,9.887500,9.750000,9.861250,8.223204,18280000
2006-07-18,9.861250,9.895000,9.775000,9.812500,8.182552,26272800
2006-07-19,9.862500,9.930000,9.832500,9.850000,8.213824,23887200
2006-07-20,9.793750,9.978750,9.777500,9.950000,8.297212,19197600
2006-07-21,9.950000,10.037500,9.883750,10.007500,8.345161,19664800
2006-07-24,10.000000,10.118750,9.993750,10.080000,8.405620,14479200
2006-07-25,10.018750,10.088750,9.892500,10.045000,8.376433,14226400
2006-07-26,10.000000,10.016250,9.892500,10.000000,8.338910,12033600
2006-07-27,10.056250,10.163750,9.833750,9.870000,8.230501,11748800
2006-07-28,9.897500,10.031250,9.831250,9.987500,8.328484,13740800
2006-07-31,9.952500,10.031250,9.823750,9.875000,8.234674,14180800
2006-08-01,9.875000,9.960000,9.792500,9.836250,8.202361,17888800
2006-08-02,9.850000,9.892500,9.748750,9.766250,8.143987,26112800
2006-08-03,9.706250,9.792500,9.618750,9.768750,8.146070,31386400
2006-08-04,9.812500,9.887500,9.751250,9.833750,8.200275,17887200
2006-08-07,9.783750,9.785000,9.622500,9.740000,8.122097,19957600
2006-08-08,9.793750,9.865000,9.583750,9.638750,8.037664,16034400
2006-08-09,9.657500,9.711250,9.586250,9.610000,8.013692,14115200
2006-08-10,9.576250,9.606250,9.440000,9.525000,7.942807,21132800
2006-08-11,9.556250,9.601250,9.531250,9.563750,7.975122,21436800
2006-08-14,9.625000,9.702500,9.620000,9.647500,8.044964,13384000
2006-08-15,9.681250,9.722500,9.610000,9.708750,8.096036,20831200
2006-08-16,9.746250,9.748750,9.562500,9.718750,8.104376,25273600
2006-08-17,9.718750,9.722500,9.550000,9.620000,8.022027,20446400
2006-08-18,9.607500,9.628750,9.535000,9.588750,7.995972,17783200
2006-08-21,9.590000,9.631250,9.556250,9.596250,8.002226,9718400
2006-08-22,9.618750,9.705000,9.600000,9.606250,8.010566,11890400
2006-08-23,9.596250,9.630000,9.576250,9.606250,8.010566,11848800
2006-08-24,9.596250,9.636250,9.550000,9.605000,8.009519,12147200
2006-08-25,9.596250,9.623750,9.543750,9.596250,8.002226,12555200
2006-08-28,9.615000,9.746250,9.611250,9.731250,8.114801,13697600
2006-08-29,9.718750,10.008750,9.716250,9.996250,8.335780,24609600
2006-08-30,9.981250,10.055000,9.902500,9.970000,8.313890,25898400
2006-08-31,9.975000,10.118750,9.971250,10.095000,8.418125,15069600
2006-09-01,10.095000,10.171250,10.092500,10.142500,8.457735,14891200
2006-09-05,10.125000,10.180000,10.042500,10.176250,8.485878,14392800
2006-09-06,10.156250,10.223750,10.087500,10.121250,8.440018,11811200
2006-09-07,10.121250,10.121250,9.982500,10.073750,8.416524,13287200
2006-09-08,10.100000,10.261250,10.090000,10.256250,8.568997,16472000
2006-09-11,10.250000,10.327500,10.238750,10.302500,8.607640,13384800
2006-09-12,10.302500,10.493750,10.196250,10.431250,8.715208,22070400
2006-09-13,10.375000,10.420000,10.350000,10.387500,8.678658,30132800
2006-09-14,10.368750,10.372500,10.261250,10.346250,8.644194,19131200
2006-09-15,10.350000,10.410000,10.317500,10.371250,8.665081,18136800
2006-09-18,10.326250,10.371250,10.250000,10.290000,8.597196,19940800
2006-09-19,10.291250,10.291250,10.091250,10.253750,8.566914,24771200
2006-09-20,10.312500,10.356250,10.226250,10.325000,8.626442,27616800
2006-09-21,10.365000,10.481250,10.246250,10.307500,8.611817,28671200
2006-09-22,10.768750,10.857500,10.605000,10.795000,9.019120,61566400
2006-09-25,10.807500,10.870000,10.665000,10.813750,9.034786,28031200
2006-09-26,10.743750,11.091250,10.711250,11.048750,9.231130,33953600
2006-09-27,10.950000,11.113750,10.942500,11.013750,9.201885,30388000
2006-09-28,11.012500,11.066250,10.973750,11.037500,9.221727,10926400
2006-09-29,11.062500,11.062500,10.945000,10.952500,9.150715,11379200
2006-10-02,10.871250,10.996250,10.863750,10.935000,9.136091,9556800
2006-10-03,10.903750,10.996250,10.866250,10.982500,9.175772,11223200
2006-10-04,10.962500,11.196250,10.962500,11.162500,9.326166,18701600
2006-10-05,11.093750,11.181250,11.051250,11.126250,9.295877,13629600
2006-10-06,11.092500,11.092500,10.925000,11.018750,9.206059,12823200
2006-10-09,10.962500,11.085000,10.940000,11.057500,9.238435,7760800
2006-10-10,11.048750,11.168750,11.048750,11.072500,9.250969,9226400
2006-10-11,11.062500,11.092500,10.972500,11.055000,9.236351,7115200
2006-10-12,11.042500,11.252500,11.020000,11.226250,9.379425,16012800
2006-10-13,11.187500,11.253750,11.162500,11.200000,9.357495,8913600
2006-10-16,11.200000,11.343750,11.200000,11.316250,9.454620,12733600
2006-10-17,11.250000,11.291250,11.160000,11.218750,9.373159,11596000
2006-10-18,11.228750,11.237500,11.026250,11.126250,9.295877,14620800
2006-10-19,11.075000,11.197500,11.027500,11.175000,9.336606,6892000
2006-10-20,11.175000,11.183750,11.020000,11.075000,9.253059,9458400
2006-10-23,11.075000,11.297500,11.071250,11.292500,9.434776,9538400
2006-10-24,11.193750,11.407500,11.137500,11.391250,9.517282,10454400
2006-10-25,11.425000,11.671250,11.425000,11.668750,9.749132,22471200
2006-10-26,11.631250,11.758750,11.570000,11.708750,9.782550,16076000
2006-10-27,11.621250,11.656250,11.461250,11.482500,9.593518,11157600
2006-10-30,11.415000,11.532500,11.378750,11.501250,9.609184,10457600
2006-10-31,11.475000,11.512500,11.386250,11.485000,9.595608,9246400
2006-11-01,11.512500,11.512500,11.386250,11.423750,9.544436,14890400
2006-11-02,11.348750,11.613750,11.322500,11.600000,9.691689,16651200
2006-11-03,11.625000,11.717500,11.516250,11.571250,9.667673,11793600
2006-11-06,11.568750,11.640000,11.518750,11.603750,9.694825,11483200
2006-11-07,11.607500,11.651250,11.547500,11.558750,9.657225,14104800
2006-11-08,11.446250,11.672500,11.443750,11.622500,9.710487,8949600
2006-11-09,11.668750,11.668750,11.527500,11.595000,9.687512,9478400
2006-11-10,11.613750,11.762500,11.588750,11.758750,9.824324,8728000
2006-11-13,11.712500,11.875000,11.706250,11.765000,9.829544,11998400
2006-11-14,11.793750,11.848750,11.711250,11.837500,9.890117,7215200
2006-11-15,11.837500,11.991250,11.837500,11.936250,9.972625,13675200
2006-11-16,11.980000,11.987500,11.835000,11.903750,9.945471,6719200
2006-11-17,11.878750,11.973750,11.850000,11.947500,9.982023,10045600
2006-11-20,11.937500,12.061250,11.896250,12.042500,10.061396,9708800
2006-11-21,12.000000,12.111250,11.941250,12.072500,10.086459,7824000
2006-11-22,12.043750,12.130000,12.016250,12.128750,10.133457,4570400
2006-11-24,12.066250,12.167500,12.011250,12.091250,10.102125,5413600
2006-11-27,12.060000,12.108750,11.961250,11.985000,10.013351,8764000
2006-11-28,11.901250,12.012500,11.880000,12.000000,10.025888,7517600
2006-11-29,12.081250,12.147500,12.053750,12.108750,10.116745,7023200
2006-11-30,12.108750,12.412500,12.067500,12.368750,10.333970,17116800
2006-12-01,12.337500,12.393750,12.015000,12.200000,10.192985,13722400
2006-12-04,12.125000,12.291250,12.042500,12.267500,10.249381,13048000
2006-12-05,12.233750,12.373750,12.207500,12.313750,10.288023,14239200
2006-12-06,12.345000,12.345000,12.231250,12.275000,10.255649,14532800
2006-12-07,12.250000,12.325000,12.216250,12.242500,10.247802,7474400
2006-12-08,12.181250,12.273750,12.087500,12.130000,10.153632,8344800
2006-12-11,12.117500,12.245000,12.052500,12.181250,10.196535,14856000
2006-12-12,12.157500,12.170000,12.046250,12.071250,10.104455,13992000
2006-12-13,12.041250,12.068750,11.893750,11.981250,10.029121,14917600
2006-12-14,12.006250,12.156250,11.990000,12.125000,10.149448,11707200
2006-12-15,12.143750,12.153750,12.000000,12.006250,10.050046,10960800
2006-12-18,12.110000,12.162500,12.011250,12.022500,10.063646,8676000
2006-12-19,12.022500,12.043750,11.848750,12.023750,10.064697,13292000
2006-12-20,12.125000,12.510000,12.086250,12.472500,10.440328,28552800
2006-12-21,12.400000,12.650000,12.346250,12.536250,10.493695,34651200
2006-12-22,12.466250,12.522500,12.378750,12.492500,10.457068,9952000
2006-12-26,12.492500,12.560000,12.433750,12.512500,10.473810,6452800
2006-12-27,12.531250,12.531250,12.415000,12.440000,10.413124,6652800
2006-12-28,12.450000,12.482500,12.397500,12.400000,10.379641,6076000
2006-12-29,12.398750,12.487500,12.350000,12.378750,10.361853,6665600
2007-01-03,12.250000,12.463750,12.101250,12.208750,10.219552,17299200
2007-01-04,12.208750,12.371250,12.107500,12.333750,10.324186,15085600
2007-01-05,12.262500,12.426250,12.212500,12.353750,10.340926,14996800
2007-01-08,12.312500,12.373750,12.203750,12.316250,10.309538,10109600
2007-01-09,12.316250,12.492500,12.295000,12.470000,10.438238,15167200
2007-01-10,12.405000,12.481250,12.362500,12.470000,10.438238,13012800
2007-01-11,12.487500,12.543750,12.428750,12.497500,10.461258,14316000
2007-01-12,12.443750,12.502500,12.415000,12.470000,10.438238,9296800
2007-01-16,12.437500,12.498750,12.401250,12.496250,10.460211,9264800
2007-01-17,12.475000,12.487500,12.381250,12.477500,10.444511,10762400
2007-01-18,12.477500,12.531250,12.375000,12.458750,10.428818,16351200
2007-01-19,12.500000,12.523750,12.435000,12.492500,10.457068,11123200
2007-01-22,12.518750,12.518750,12.181250,12.212500,10.222692,19514400
2007-01-23,12.212500,12.287500,12.026250,12.095000,10.124337,13594400
2007-01-24,12.100000,12.160000,12.073750,12.105000,10.132708,8871200
2007-01-25,12.112500,12.208750,11.978750,11.980000,10.028075,10141600
2007-01-26,12.000000,12.082500,11.865000,11.900000,9.961107,10981600
2007-01-29,11.920000,12.077500,11.918750,12.040000,10.078298,16308000
2007-01-30,12.062500,12.223750,12.062500,12.218750,10.227922,19752800
2007-01-31,12.218750,12.406250,12.187500,12.351250,10.338837,17216800
2007-02-01,12.327500,12.628750,12.305000,12.585000,10.534500,24736800
2007-02-02,12.625000,12.677500,12.476250,12.525000,10.484272,10944000
2007-02-05,12.450000,12.540000,12.306250,12.427500,10.402663,11786400
2007-02-06,12.427500,12.660000,12.427500,12.646250,10.585769,11491200
2007-02-07,12.732500,12.875000,12.677500,12.862500,10.766788,20092000
2007-02-08,12.837500,12.962500,12.780000,12.923750,10.818053,15504000
2007-02-09,12.883750,13.016250,12.883750,12.950000,10.840028,16579200
2007-02-12,12.951250,13.052500,12.903750,13.046250,10.920597,20028800
2007-02-13,12.928750,13.196250,12.928750,13.150000,11.007444,18204000
2007-02-14,13.150000,13.222500,13.118750,13.172500,11.026277,13357600
2007-02-15,13.155000,13.212500,13.100000,13.188750,11.039881,11341600
2007-02-16,13.312500,13.438750,13.210000,13.287500,11.122541,15173600
2007-02-20,13.287500,13.387500,13.205000,13.351250,11.175901,14660800
2007-02-21,13.348750,13.421250,13.313750,13.388750,11.207293,11065600
2007-02-22,13.362500,13.537500,13.330000,13.528750,11.324484,11451200
2007-02-23,13.528750,13.528750,13.397500,13.505000,11.304600,7232000
2007-02-26,13.612500,13.612500,13.400000,13.478750,11.282629,13248800
2007-02-27,13.430000,13.480000,12.906250,12.996250,10.878743,18844000
2007-02-28,13.093750,13.138750,12.911250,13.058750,10.931057,17872000
2007-03-01,12.887500,13.246250,12.771250,13.161250,11.016859,16936800
2007-03-02,13.150000,13.236250,12.982500,12.982500,10.867232,11324800
2007-03-05,12.983750,13.032500,12.807500,12.807500,10.720747,11975200
2007-03-06,12.868750,13.187500,12.851250,13.137500,10.996978,12863200
2007-03-07,13.113750,13.188750,12.942500,13.073750,10.943618,18889600
2007-03-08,13.150000,13.298750,13.062500,13.075000,10.964060,12782400
2007-03-09,13.168750,13.285000,13.112500,13.231250,11.095079,10588800
2007-03-12,13.212500,13.262500,13.150000,13.200000,11.068879,8794400
2007-03-13,13.126250,13.175000,12.863750,13.075000,10.964060,11155200
2007-03-14,13.076250,13.142500,12.843750,13.102500,10.987120,13520800
2007-03-15,13.093750,13.282500,13.093750,13.207500,11.075167,11751200
2007-03-16,13.225000,13.463750,13.207500,13.433750,11.264891,19292800
2007-03-19,13.475000,13.576250,13.432500,13.540000,11.353986,11548800
2007-03-20,13.540000,13.667500,13.498750,13.656250,11.451468,8747200
2007-03-21,13.655000,13.762500,13.520000,13.606250,11.409536,15316000
2007-03-22,13.598750,13.622500,13.353750,13.575000,11.383335,25697600
2007-03-23,13.376250,13.658750,13.126250,13.631250,11.430507,35017600
2007-03-26,13.630000,13.675000,13.427500,13.598750,11.403252,11599200
2007-03-27,13.562500,13.563750,13.295000,13.321250,11.170550,17855200
2007-03-28,13.300000,13.301250,13.111250,13.141250,11.019613,18037600
2007-03-29,13.137500,13.218750,13.062500,13.121250,11.002848,13173600
2007-03-30,13.150000,13.336250,13.095000,13.282500,11.138062,12464800
2007-04-02,13.350000,13.397500,13.238750,13.303750,11.155881,9031200
2007-04-03,13.312500,13.450000,13.262500,13.300000,11.152733,10764800
2007-04-04,13.362500,13.500000,13.300000,13.397500,11.234494,11908400
2007-04-05,13.397500,13.457500,13.310000,13.370000,11.211432,9134000
2007-04-09,13.352500,13.522500,13.352500,13.475000,11.299484,11630800
2007-04-10,13.432500,13.515000,13.335000,13.502500,11.322540,13752000
2007-04-11,13.580000,13.702500,13.452500,13.497500,11.318349,10686400
2007-04-12,13.457500,13.580000,13.350000,13.557500,11.368661,8052400
2007-04-13,13.775000,13.775000,13.350000,13.412500,11.247068,8572800
2007-04-16,13.500000,13.625000,13.415000,13.592500,11.398011,9806400
2007-04-17,13.597500,13.600000,13.395000,13.537500,11.351892,8610000
2007-04-18,13.520000,13.525000,13.410000,13.472500,11.297383,8291600
2007-04-19,13.625000,13.625000,13.335000,13.370000,11.211432,9158800
2007-04-20,13.370000,13.432500,13.270000,13.382500,11.221913,14458000
2007-04-23,13.360000,13.560000,13.360000,13.390000,11.228207,9939200
2007-04-24,13.462500,13.470000,13.200000,13.377500,11.217722,9717200
2007-04-25,13.462500,13.500000,13.350000,13.405000,11.240782,9505200
2007-04-26,13.400000,13.507500,13.332500,13.460000,11.286903,12355200
2007-04-27,13.412500,13.577500,13.375000,13.530000,11.345602,7848000
2007-04-30,13.562500,13.750000,13.455000,13.465000,11.291095,10242400
2007-05-01,13.465000,13.465000,13.085000,13.247500,11.108709,12098800
2007-05-02,13.292500,13.465000,13.267500,13.370000,11.211432,9485200
2007-05-03,13.387500,13.475000,13.272500,13.320000,11.169505,5989200
2007-05-04,13.352500,13.457500,13.300000,13.322500,11.171598,7687200
2007-05-07,13.320000,13.530000,13.320000,13.467500,11.293190,10214800
2007-05-08,13.487500,13.620000,13.430000,13.437500,11.268033,10196400
2007-05-09,13.450000,13.555000,13.420000,13.480000,11.303676,12282000
2007-05-10,13.505000,13.505000,13.322500,13.327500,11.175796,10914400
2007-05-11,13.330000,13.330000,13.162500,13.257500,11.117098,13996800
2007-05-14,13.320000,13.382500,13.190000,13.217500,11.083551,14686400
2007-05-15,13.250000,13.312500,13.125000,13.145000,11.022760,13916000
2007-05-16,13.172500,13.335000,13.167500,13.247500,11.108709,10677200
2007-05-17,13.200000,13.322500,13.167500,13.237500,11.100321,8446400
2007-05-18,13.230000,13.312500,13.145000,13.312500,11.163215,9664800
2007-05-21,13.400000,13.735000,13.375000,13.670000,11.462999,16391600
2007-05-22,13.672500,13.842500,13.625000,13.782500,11.557335,15042000
2007-05-23,13.850000,13.850000,13.660000,13.705000,11.492351,8990800
2007-05-24,13.757500,13.847500,13.580000,13.617500,11.418973,11262400
2007-05-25,13.605000,13.625000,13.530000,13.570000,11.379145,9115200
2007-05-29,13.650000,13.812500,13.600000,13.680000,11.471384,12687600
2007-05-30,13.675000,13.935000,13.560000,13.932500,11.683117,14638800
2007-05-31,13.992500,14.280000,13.942500,14.187500,11.896947,21175600
2007-06-01,14.187500,14.272500,14.120000,14.172500,11.884370,16765200
2007-06-04,14.395000,14.395000,14.100000,14.307500,11.997575,9418400
2007-06-05,14.310000,14.375000,14.185000,14.222500,11.926297,12096000
2007-06-06,14.225000,14.225000,13.927500,13.927500,11.678925,16855200
2007-06-07,13.905000,13.905000,13.525000,13.525000,11.379196,26093600
2007-06-08,13.312500,13.335000,12.967500,13.240000,11.139412,35568400
2007-06-11,13.400000,13.507500,13.325000,13.350000,11.231960,20000000
2007-06-12,13.350000,13.450000,13.240000,13.297500,11.187787,23488000
2007-06-13,13.385000,13.505000,13.265000,13.370000,11.248787,12826000
2007-06-14,13.437500,13.485000,13.315000,13.420000,11.290856,16084000
2007-06-15,13.470000,13.472500,13.347500,13.355000,11.236167,12562400
2007-06-18,13.465000,13.492500,13.357500,13.407500,11.280335,7524000
2007-06-19,13.375000,13.660000,13.312500,13.625000,11.463331,12092000
2007-06-20,13.675000,13.747500,13.400000,13.407500,11.280335,10204800
2007-06-21,13.420000,13.537500,13.285000,13.395000,11.269819,11491200
2007-06-22,13.395000,13.427500,13.222500,13.237500,11.137305,15773200
2007-06-25,13.400000,13.745000,13.300000,13.452500,11.318199,19765600
2007-06-26,13.565000,13.750000,13.402500,13.455000,11.320299,21800400
2007-06-27,14.187500,14.675000,13.872500,14.572500,12.260507,56502800
2007-06-28,14.540000,14.815000,14.442500,14.572500,12.260507,20503200
2007-06-29,14.575000,14.730000,14.375000,14.572500,12.260507,11669600
2007-07-02,14.675000,14.850000,14.597500,14.600000,12.283642,14157600
2007-07-03,14.607500,14.790000,14.575000,14.745000,12.405635,9467200
2007-07-05,14.745000,14.850000,14.525000,14.837500,12.483461,12194400
2007-07-06,14.837500,14.992500,14.752500,14.917500,12.550773,8476000
2007-07-09,14.907500,14.907500,14.657500,14.770000,12.426670,10976400
2007-07-10,14.687500,14.820000,14.582500,14.612500,12.294157,11587600
2007-07-11,14.525000,14.687500,14.432500,14.612500,12.294157,15405200
2007-07-12,14.605000,14.882500,14.600000,14.865000,12.506601,12102000
2007-07-13,14.787500,14.815000,14.682500,14.752500,12.411946,8435200
2007-07-16,14.577500,14.760000,14.575000,14.695000,12.363570,8343600
2007-07-17,14.550000,14.897500,14.547500,14.862500,12.504494,12642400
2007-07-18,14.697500,14.937500,14.680000,14.920000,12.552872,14374000
2007-07-19,14.962500,15.087500,14.887500,14.957500,12.584426,16358800
2007-07-20,14.840000,14.975000,14.605000,14.630000,12.308884,19228400
2007-07-23,14.765000,14.952500,14.725000,14.850000,12.493979,14269600
2007-07-24,14.787500,14.850000,14.542500,14.587500,12.273124,19211200
2007-07-25,14.590000,14.640000,14.282500,14.457500,12.163751,18154400
2007-07-26,14.175000,14.317500,13.932500,14.225000,11.968140,34760800
2007-07-27,14.112500,14.260000,13.860000,13.860000,11.661046,21394800
2007-07-30,14.082500,14.232500,13.900000,14.210000,11.955513,18933200
2007-07-31,14.015000,14.410000,14.015000,14.112500,11.873487,19502400
2007-08-01,14.302500,14.307500,13.995000,14.225000,11.968140,24376800
2007-08-02,14.312500,14.312500,14.072500,14.237500,11.978654,13747200
2007-08-03,14.032500,14.365000,14.027500,14.125000,11.884001,17859200
2007-08-06,13.962500,14.397500,13.962500,14.367500,12.088030,14806000
2007-08-07,14.255000,14.657500,14.205000,14.515000,12.212129,15945200
2007-08-08,14.437500,14.590000,13.965000,14.152500,11.907141,18205600
2007-08-09,13.940000,14.000000,13.050000,13.475000,11.337132,34845200
2007-08-10,13.250000,14.025000,13.000000,13.945000,11.732560,22112800
2007-08-13,14.025000,14.427500,13.972500,14.037500,11.810386,14322400
2007-08-14,14.037500,14.197500,13.650000,13.665000,11.496983,12666800
2007-08-15,13.580000,13.805000,13.357500,13.392500,11.267718,13448800
2007-08-16,13.255000,13.447500,13.100000,13.297500,11.187787,17456000
2007-08-17,13.595000,13.870000,13.170000,13.617500,11.457020,12576800
2007-08-20,13.625000,13.742500,13.500000,13.595000,11.438089,13122000
2007-08-21,13.625000,13.712500,13.427500,13.530000,11.383403,10607200
2007-08-22,13.587500,13.750000,13.457500,13.547500,11.398125,14485200
2007-08-23,13.615000,13.730000,13.430000,13.507500,11.364474,9080800
2007-08-24,13.507500,13.602500,13.447500,13.530000,11.383403,7920800
2007-08-27,13.530000,13.620000,13.465000,13.470000,11.332924,7053200
2007-08-28,13.470000,13.597500,13.332500,13.382500,11.259303,18553600
2007-08-29,13.477500,13.865000,13.472500,13.865000,11.665252,11531600
2007-08-30,13.725000,14.000000,13.702500,13.940000,11.728356,9425200
2007-08-31,14.067500,14.197500,13.900000,14.085000,11.850350,12354800
2007-09-04,14.010000,14.310000,13.950000,14.105000,11.867174,13048000
2007-09-05,14.047500,14.050000,13.765000,13.867500,11.667359,9819600
2007-09-06,13.815000,14.132500,13.815000,13.950000,11.776042,9376800
2007-09-07,13.772500,13.787500,13.545000,13.675000,11.543901,10242800
2007-09-10,13.762500,13.902500,13.537500,13.787500,11.638869,8439600
2007-09-11,13.825000,13.925000,13.727500,13.882500,11.719061,6804800
2007-09-12,13.872500,14.152500,13.787500,14.020000,11.835133,9981200
2007-09-13,14.110000,14.320000,13.932500,14.220000,12.003967,8672000
2007-09-14,14.142500,14.357500,14.082500,14.307500,12.077829,9575600
2007-09-17,14.250000,14.250000,14.022500,14.077500,11.883673,18174800
2007-09-18,14.180000,14.785000,14.095000,14.697500,12.407053,18737200
2007-09-19,14.830000,15.132500,14.540000,14.640000,12.358513,25739200
2007-09-20,14.675000,14.750000,14.457500,14.580000,12.307866,16824000
2007-09-21,15.055000,15.247500,14.287500,14.315000,12.084159,41142000
2007-09-24,14.437500,14.527500,14.167500,14.452500,12.200233,24655200
2007-09-25,14.250000,14.720000,14.230000,14.612500,12.335298,22343200
2007-09-26,14.660000,14.700000,14.525000,14.597500,12.322637,10460400
2007-09-27,14.582500,14.587500,14.325000,14.542500,12.276211,14309600
2007-09-28,14.520000,14.722500,14.502500,14.665000,12.379616,12752800
2007-10-01,14.697500,14.910000,14.655000,14.847500,12.533675,16150800
2007-10-02,14.822500,14.967500,14.727500,14.790000,12.485136,9663200
2007-10-03,14.702500,15.000000,14.697500,14.805000,12.497803,12736400
2007-10-04,14.840000,14.870000,14.650000,14.840000,12.527345,10562000
2007-10-05,14.835000,15.125000,14.747500,15.087500,12.736276,16045600
2007-10-08,15.040000,15.117500,14.917500,15.002500,12.664520,7972400
2007-10-09,15.000000,15.547500,14.990000,15.442500,13.035956,23422000
2007-10-10,15.365000,15.592500,15.320000,15.465000,13.054943,17946000
2007-10-11,15.500000,15.525000,15.215000,15.252500,12.875564,23566000
2007-10-12,15.240000,15.860000,15.240000,15.787500,13.327187,21796000
2007-10-15,15.750000,16.184999,15.707500,15.980000,13.489686,19207600
2007-10-16,15.965000,16.010000,15.675000,15.977500,13.487578,17908000
2007-10-17,16.125000,16.142500,15.500000,15.790000,13.329297,13084000
2007-10-18,15.645000,15.900000,15.615000,15.815000,13.350401,8748400
2007-10-19,15.735000,15.992500,15.597500,15.832500,13.365180,18352000
2007-10-22,15.627500,15.867500,15.495000,15.792500,13.331408,17367200
2007-10-23,15.975000,16.094999,15.615000,16.030001,13.531898,15898000
2007-10-24,15.950000,15.975000,15.597500,15.865000,13.392610,19608800
2007-10-25,15.857500,16.049999,15.795000,15.960000,13.472806,19069600
2007-10-26,15.870000,16.247499,15.847500,16.152500,13.635304,14576800
2007-10-29,16.115000,16.367500,16.110001,16.305000,13.764040,9694400
2007-10-30,16.059999,16.362499,16.000000,16.232500,13.702842,8095200
2007-10-31,16.392500,16.642500,16.322500,16.565001,13.983521,11764400
2007-11-01,16.485001,16.517500,15.915000,15.955000,13.468582,12705600
2007-11-02,16.334999,16.337500,15.667500,15.967500,13.479136,9771200
2007-11-05,15.500000,15.982500,15.500000,15.845000,13.375728,10694400
2007-11-06,15.857500,16.067499,15.690000,15.997500,13.504460,9244000
2007-11-07,15.750000,15.997500,15.585000,15.695000,13.249100,11726400
2007-11-08,15.707500,15.907500,15.227500,15.825000,13.358845,15632800
2007-11-09,15.585000,15.710000,15.357500,15.552500,13.128808,12809200
2007-11-12,15.427500,16.100000,15.285000,15.650000,13.211118,16968000
2007-11-13,15.750000,16.030001,15.575000,15.997500,13.504460,12602400
2007-11-14,16.062500,16.200001,15.785000,15.805000,13.341962,11415600
2007-11-15,15.750000,15.995000,15.572500,15.762500,13.306085,8388800
2007-11-16,15.900000,15.977500,15.402500,15.660000,13.219556,14151200
2007-11-19,15.592500,15.812500,15.407500,15.500000,13.084491,12268400
2007-11-20,15.537500,15.730000,15.375000,15.570000,13.143584,11240400
2007-11-21,15.327500,15.980000,15.327500,15.720000,13.270208,9668400
2007-11-23,15.782500,16.000000,15.722500,15.937500,13.453814,3479200
2007-11-26,15.970000,15.970000,15.530000,15.545000,13.122479,7994000
2007-11-27,15.595000,15.977500,15.595000,15.850000,13.379950,10461200
2007-11-28,16.000000,16.405001,15.850000,16.302500,13.761930,14082400
2007-11-29,16.282499,16.282499,15.957500,16.177500,13.656409,6916000
2007-11-30,16.247499,16.547501,16.247499,16.412500,13.854790,10806400
2007-12-03,16.237499,16.982500,16.212500,16.750000,14.139690,13298800
2007-12-04,16.840000,16.840000,16.382500,16.450001,13.886442,14831600
2007-12-05,16.610001,16.687500,16.332500,16.485001,13.915992,10892800
2007-12-06,16.342501,16.410000,16.227501,16.352501,13.852457,10533200
2007-12-07,16.350000,16.530001,16.277500,16.350000,13.850338,7061600
2007-12-10,16.350000,16.520000,16.344999,16.465000,13.947753,7772400
2007-12-11,16.522499,16.652500,16.037500,16.049999,13.596199,11172800
2007-12-12,16.217501,16.459999,15.855000,16.112499,13.649149,13623600
2007-12-13,16.002501,16.317499,15.995000,16.240000,13.757154,15991600
2007-12-14,16.277500,16.277500,15.977500,16.080000,13.621619,9867200
2007-12-17,16.010000,16.190001,15.710000,15.762500,13.352658,9237200
2007-12-18,15.887500,15.945000,15.560000,15.937500,13.500904,13237600
2007-12-19,16.040001,16.162500,15.832500,15.950000,13.511491,12203600
2007-12-20,16.452499,16.850000,16.452499,16.502501,13.979521,25314000
2007-12-21,16.665001,16.665001,16.455000,16.567499,14.034586,11972000
2007-12-24,16.522499,16.757500,16.522499,16.719999,14.163769,5818000
2007-12-26,16.692499,16.745001,16.395000,16.520000,13.994347,7418800
2007-12-27,16.452499,16.557501,16.215000,16.250000,13.765629,8405600
2007-12-28,16.457500,16.469999,16.014999,16.077499,13.619496,17604400
2007-12-31,16.002501,16.197500,16.002501,16.059999,13.604674,7368400
2008-01-02,16.080000,16.174999,15.675000,15.820000,13.401365,9781600
2008-01-03,15.820000,15.937500,15.595000,15.677500,13.280653,10636000
2008-01-04,15.560000,15.720000,15.425000,15.435000,13.075228,22335200
2008-01-07,15.500000,15.580000,15.325000,15.527500,13.153583,20808400
2008-01-08,15.600000,15.745000,15.385000,15.457500,13.094287,16714400
2008-01-09,15.507500,15.507500,15.282500,15.492500,13.123936,23320400
2008-01-10,15.480000,15.795000,15.325000,15.635000,13.244649,22925600
2008-01-11,15.510000,15.510000,15.052500,15.175000,12.854979,22223200
2008-01-14,15.267500,15.370000,14.962500,15.182500,12.861329,14272400
2008-01-15,14.967500,14.972500,14.250000,14.265000,12.084105,28277600
2008-01-16,14.235000,14.565000,14.027500,14.417500,12.213286,23447600
2008-01-17,14.430000,14.590000,13.990000,13.995000,11.855380,17617600
2008-01-18,14.112500,14.967500,14.000000,14.125000,11.965505,17035600
2008-01-22,12.990000,14.500000,12.875000,14.322500,12.132809,22090800
2008-01-23,13.875000,14.520000,13.502500,14.380000,12.181520,31090000
2008-01-24,14.405000,14.657500,14.062500,14.352500,12.158225,21211200
2008-01-25,14.545000,14.545000,13.897500,14.000000,11.859614,18719200
2008-01-28,14.007500,14.432500,13.917500,14.322500,12.132809,10897600
2008-01-29,14.392500,14.392500,14.070000,14.337500,12.145518,14388800
2008-01-30,14.565000,14.985000,14.520000,14.850000,12.579667,22191200
2008-01-31,14.845000,15.545000,14.795000,15.332500,12.988399,29711600
2008-02-01,15.410000,15.627500,15.125000,15.627500,13.238297,16319600
2008-02-04,15.632500,15.657500,15.060000,15.185000,12.863449,12340000
2008-02-05,14.947500,15.212500,14.877500,14.950000,12.664376,14421600
2008-02-06,15.080000,15.347500,14.960000,15.007500,12.713086,15425200
2008-02-07,14.895000,15.262500,14.887500,15.190000,12.867682,15486400
2008-02-08,15.137500,15.352500,14.952500,15.160000,12.842272,11468000
2008-02-11,15.185000,15.322500,15.000000,15.165000,12.846505,10993600
2008-02-12,15.202500,15.492500,15.140000,15.342500,12.996868,12473600
2008-02-13,15.467500,15.685000,15.205000,15.637500,13.246768,13797600
2008-02-14,15.722500,15.750000,15.517500,15.575000,13.193822,12611600
2008-02-15,15.540000,15.730000,15.420000,15.572500,13.191705,10672400
2008-02-19,15.722500,15.747500,15.225000,15.280000,12.943922,9342800
2008-02-20,15.185000,15.382500,15.115000,15.300000,12.960866,9100800
2008-02-21,14.915000,15.287500,14.915000,15.080000,12.774501,13146400
2008-02-22,15.112500,15.195000,14.915000,15.147500,12.831683,13349200
2008-02-25,15.175000,15.432500,15.072500,15.397500,13.043461,9977600
2008-02-26,15.352500,15.750000,15.352500,15.652500,13.259473,10002800
2008-02-27,15.527500,15.730000,15.512500,15.595000,13.210764,9118800
2008-02-28,15.495000,15.602500,15.372500,15.510000,13.138762,8518000
2008-02-29,15.327500,15.427500,14.990000,15.050000,12.749087,11806800
2008-03-03,15.060000,15.127500,14.840000,15.022500,12.725792,10357200
2008-03-04,14.907500,15.225000,14.875000,15.107500,12.797797,16664000
2008-03-05,15.202500,15.477500,15.030000,15.202500,12.878275,11769200
2008-03-06,15.155000,15.160000,14.857500,14.895000,12.665689,18622000
2008-03-07,14.747500,14.930000,14.422500,14.560000,12.380830,17196800
2008-03-10,14.545000,14.745000,14.192500,14.242500,12.110851,16182400
2008-03-11,14.535000,14.550000,14.175000,14.480000,12.312802,14697200
2008-03-12,14.500000,15.067500,14.500000,14.940000,12.703952,18241200
2008-03-13,14.712500,15.342500,14.500000,15.257500,12.973935,19245600
2008-03-14,15.400000,15.400000,14.827500,14.990000,12.746471,18881600
2008-03-17,14.605000,15.040000,14.437500,14.815000,12.597663,18276800
2008-03-18,15.067500,15.435000,14.892500,15.417500,13.109988,13800800
2008-03-19,15.697500,15.730000,15.455000,15.457500,13.144003,20753600
2008-03-20,16.177500,16.837500,15.457500,16.817499,14.300454,43300400
2008-03-24,16.747499,17.650000,16.620001,17.270000,14.685233,29827600
2008-03-25,17.309999,17.325001,17.002501,17.092501,14.534295,20459600
2008-03-26,17.037500,17.100000,16.517500,16.567499,14.087869,20653600
2008-03-27,16.637501,16.827499,16.495001,16.495001,14.026224,15341200
2008-03-28,16.582500,16.607500,16.275000,16.465000,14.000707,21333200
2008-03-31,16.437500,17.065001,16.437500,17.000000,14.455637,23122800
2008-04-01,17.150000,17.477501,16.815001,17.392500,14.789395,18046800
2008-04-02,17.219999,17.500000,16.887501,16.992500,14.449265,15547600
2008-04-03,16.857500,17.334999,16.815001,17.225000,14.646961,12903600
2008-04-04,17.287500,17.312500,16.987499,17.127501,14.564055,12564800
2008-04-07,17.217501,17.237499,16.705000,16.707500,14.206918,13005600
2008-04-08,16.559999,16.860001,16.559999,16.632500,14.143138,13129200
2008-04-09,16.674999,16.817499,16.487499,16.610001,14.124007,12546400
2008-04-10,16.580000,17.004999,16.475000,16.842501,14.321710,17466000
2008-04-11,16.674999,17.000000,16.650000,16.672501,14.177155,13063600
2008-04-14,16.577499,16.690001,16.462500,16.514999,14.043221,8822000
2008-04-15,16.652500,16.652500,16.297501,16.455000,13.992205,9449600
2008-04-16,16.537500,16.637501,16.367500,16.517500,14.045353,11082000
2008-04-17,16.500000,16.927500,16.500000,16.887501,14.359976,13870400
2008-04-18,17.037500,17.037500,16.809999,16.972500,14.432250,16032800
2008-04-21,16.867500,17.215000,16.777500,17.155001,14.587438,14613600
2008-04-22,17.112499,17.195000,16.827499,17.007500,14.462014,11544400
2008-04-23,17.105000,17.237499,16.844999,16.895000,14.366354,14086000
2008-04-24,16.952499,17.150000,16.855000,17.014999,14.468395,14331600
2008-04-25,17.129999,17.212500,16.930000,17.184999,14.612947,12367200
2008-04-28,17.257500,17.257500,16.900000,16.955000,14.417373,11620800
2008-04-29,16.955000,17.127501,16.875000,17.057501,14.504535,10004400
2008-04-30,17.057501,17.174999,16.652500,16.700001,14.200541,16749600
2008-05-01,16.700001,17.127501,16.625000,16.952499,14.415248,12510400
2008-05-02,17.147499,17.147499,16.752501,16.915001,14.383360,11914000
2008-05-05,16.780001,17.122499,16.637501,16.745001,14.238806,8763600
2008-05-06,16.740000,16.955000,16.547501,16.895000,14.366354,7838800
2008-05-07,16.934999,17.165001,16.639999,16.687500,14.189910,10034800
2008-05-08,16.717501,16.752501,16.084999,16.200001,13.775374,18050800
2008-05-09,16.325001,16.325001,16.047501,16.217501,13.790252,9467200
2008-05-12,16.292500,16.482500,16.212500,16.334999,13.890170,33614800
2008-05-13,16.410000,16.520000,16.165001,16.415001,13.958196,15700800
2008-05-14,16.500000,17.097500,16.415001,16.860001,14.336590,15339200
2008-05-15,16.972500,17.110001,16.825001,17.004999,14.459893,11500400
2008-05-16,17.067499,17.067499,16.702499,16.882500,14.355725,8302800
2008-05-19,16.882500,17.162500,16.797501,16.945000,14.408869,9700800
2008-05-20,16.799999,17.040001,16.677500,16.760000,14.251561,14901200
2008-05-21,16.777500,16.837500,16.215000,16.282499,13.845526,11214400
2008-05-22,16.272499,16.372499,16.147499,16.252501,13.820012,10782800
2008-05-23,16.222500,16.322500,16.020000,16.192499,13.768995,8026800
2008-05-27,16.230000,16.670000,16.030001,16.504999,14.034723,10364000
2008-05-28,16.647499,17.017500,16.647499,16.844999,14.323834,12643200
2008-05-29,16.847500,17.217501,16.732500,17.097500,14.538545,11737200
2008-05-30,17.180000,17.219999,16.790001,17.092501,14.534295,10415600
2008-06-02,17.067499,17.067499,16.504999,16.785000,14.272817,11579600
2008-06-03,16.877501,16.930000,16.575001,16.742500,14.236678,11148400
2008-06-04,16.742500,17.100000,16.682501,16.985001,14.442881,14140000
2008-06-05,17.012501,17.570000,16.937500,17.517500,14.946282,19548400
2008-06-06,17.340000,17.395000,16.982500,16.982500,14.489807,12819600
2008-06-09,16.967501,17.222500,16.805000,17.145000,14.628460,13671200
2008-06-10,17.007500,17.250000,17.000000,17.120001,14.607126,15384800
2008-06-11,17.132500,17.132500,16.834999,16.860001,14.385291,18232800
2008-06-12,16.915001,17.150000,16.615000,16.695000,14.244508,12115600
2008-06-13,16.772499,17.430000,16.772499,17.247499,14.715917,13591600
2008-06-16,17.209999,17.215000,16.969999,17.094999,14.585795,12796000
2008-06-17,17.299999,17.299999,16.942499,17.000000,14.504742,13029600
2008-06-18,16.924999,17.237499,16.862499,16.969999,14.479147,12700000
2008-06-19,17.012501,17.120001,16.754999,16.959999,14.470609,11810000
2008-06-20,16.807501,16.875000,16.465000,16.682501,14.233843,16980000
2008-06-23,16.757500,16.945000,16.635000,16.725000,14.270105,12956400
2008-06-24,16.770000,16.847500,16.477501,16.492500,14.071733,14776800
2008-06-25,16.562500,16.877501,16.455000,16.492500,14.071733,19211600
2008-06-26,15.212500,15.500000,14.407500,14.875000,12.691651,74110000
2008-06-27,14.930000,15.457500,14.760000,15.085000,12.870824,30551600
2008-06-30,15.115000,15.137500,14.872500,14.902500,12.715114,19787200
2008-07-01,14.900000,14.910000,14.407500,14.747500,12.582865,29830400
2008-07-02,14.832500,14.980000,14.495000,14.522500,12.390888,19503200
2008-07-03,14.572500,14.860000,14.352500,14.630000,12.482608,9906400
2008-07-07,14.640000,14.805000,13.880000,14.115000,12.043200,33076400
2008-07-08,14.097500,14.590000,13.910000,14.580000,12.439953,19264000
2008-07-09,14.525000,14.525000,14.142500,14.237500,12.147718,25130400
2008-07-10,14.212500,14.237500,13.755000,13.917500,11.874692,21954000
2008-07-11,13.785000,14.217500,13.660000,14.065000,12.000541,25430400
2008-07-14,14.260000,14.327500,13.900000,13.952500,11.904555,16366000
2008-07-15,14.170000,14.540000,13.922500,14.410000,12.294904,22334400
2008-07-16,14.397500,14.590000,14.100000,14.540000,12.405822,24480400
2008-07-17,14.630000,14.692500,14.232500,14.640000,12.491143,25974400
2008-07-18,14.682500,14.695000,14.080000,14.550000,12.414351,16460000
2008-07-21,14.315000,14.470000,14.120000,14.377500,12.267170,11886400
2008-07-22,14.305000,14.667500,14.160000,14.667500,12.514604,15262400
2008-07-23,14.642500,15.107500,14.625000,14.800000,12.627659,15138400
2008-07-24,14.835000,14.985000,14.480000,14.532500,12.399419,13551200
2008-07-25,14.620000,14.742500,14.395000,14.542500,12.407951,12376400
2008-07-28,14.532500,14.725000,14.307500,14.310000,12.209580,10239200
2008-07-29,14.275000,14.810000,14.275000,14.765000,12.597795,9439200
2008-07-30,14.825000,15.102500,14.672500,14.920000,12.730043,10321600
2008-07-31,14.937500,15.057500,14.477500,14.670000,12.516739,10873600
2008-08-01,14.605000,14.947500,14.437500,14.850000,12.670320,12630400
2008-08-04,14.902500,15.045000,14.697500,14.945000,12.751375,9850000
2008-08-05,15.027500,15.395000,14.882500,15.395000,13.135325,18087600
2008-08-06,15.372500,15.637500,15.100000,15.547500,13.265438,18742000
2008-08-07,15.400000,15.400000,15.010000,15.212500,12.979612,17508400
2008-08-08,15.265000,15.822500,15.125000,15.737500,13.427554,11874800
2008-08-11,15.755000,16.200001,15.582500,15.817500,13.495812,13809200
2008-08-12,15.677500,15.850000,15.400000,15.525000,13.246242,12808000
2008-08-13,15.607500,15.662500,15.235000,15.492500,13.218512,8266400
2008-08-14,15.422500,15.712500,15.335000,15.500000,13.224913,10138000
2008-08-15,15.505000,15.722500,15.475000,15.572500,13.286771,11118800
2008-08-18,15.625000,15.687500,15.337500,15.412500,13.150255,6478400
2008-08-19,15.302500,15.380000,15.192500,15.257500,13.018005,7378800
2008-08-20,15.272500,15.350000,15.027500,15.165000,12.939082,12656000
2008-08-21,15.025000,15.182500,14.815000,15.147500,12.924150,10855200
2008-08-22,15.245000,15.500000,15.227500,15.277500,13.035068,9777200
2008-08-25,15.165000,15.315000,14.855000,14.927500,12.736444,10201600
2008-08-26,14.947500,14.967500,14.687500,14.730000,12.567931,11962400
2008-08-27,14.775000,14.950000,14.675000,14.917500,12.727912,9242800
2008-08-28,14.980000,15.385000,14.950000,15.305000,13.058535,9265200
2008-08-29,15.295000,15.335000,15.130000,15.152500,12.928419,6644400
2008-09-02,15.390000,15.685000,15.195000,15.295000,13.050001,13534400
2008-09-03,15.182500,15.522500,15.002500,15.477500,13.205713,12368400
2008-09-04,15.242500,15.432500,14.912500,14.935000,12.790359,11733600
2008-09-05,14.852500,14.922500,14.617500,14.705000,12.593390,13754400
2008-09-08,15.000000,15.105000,14.725000,15.082500,12.916679,12672400
2008-09-09,15.082500,15.387500,14.872500,15.070000,12.905973,14018800
2008-09-10,14.972500,15.202500,14.782500,14.967500,12.818192,14780400
2008-09-11,14.812500,15.255000,14.730000,15.242500,13.053704,13285600
2008-09-12,15.150000,15.520000,15.000000,15.480000,13.257101,13172400
2008-09-15,15.107500,15.670000,14.755000,15.125000,12.953076,14310400
2008-09-16,14.777500,15.485000,14.762500,15.297500,13.100808,14528800
2008-09-17,14.877500,15.342500,14.675000,14.890000,12.751821,19561200
2008-09-18,15.062500,16.497499,14.685000,16.160000,13.839453,50457200
2008-09-19,16.655001,16.665001,15.462500,15.925000,13.638201,28968400
2008-09-22,16.299999,16.452499,15.612500,15.787500,13.520443,16620800
2008-09-23,15.850000,15.850000,15.137500,15.207500,13.023726,17416800
2008-09-24,15.210000,15.260000,14.707500,14.817500,12.689734,18742000
2008-09-25,15.605000,16.445000,15.605000,16.252501,13.918668,46048800
2008-09-26,16.045000,17.000000,16.000000,16.947500,14.513868,30228000
2008-09-29,16.745001,16.837500,16.157499,16.262501,13.927234,31568400
2008-09-30,16.482500,16.860001,16.212500,16.725000,14.323320,21366000
2008-10-01,16.549999,16.754999,16.287500,16.540001,14.164883,14877200
2008-10-02,16.280001,16.500000,15.900000,15.937500,13.648906,21488800
2008-10-03,16.097500,16.500000,15.812500,15.812500,13.541852,16807600
2008-10-06,15.497500,15.750000,14.355000,15.285000,13.090100,34281200
2008-10-07,15.487500,15.487500,14.467500,14.495000,12.413541,18095200
2008-10-08,14.257500,14.717500,13.790000,13.925000,11.925391,36857600
2008-10-09,14.020000,14.237500,13.222500,13.270000,11.364451,24248400
2008-10-10,12.585000,14.480000,12.257500,13.632500,11.674899,38996000
2008-10-13,13.922500,14.087500,13.572500,13.962500,11.957509,26116000
2008-10-14,14.515000,14.875000,14.072500,14.280000,12.229415,32041200
2008-10-15,14.005000,14.132500,12.550000,12.590000,10.782097,28835600
2008-10-16,13.157500,14.052500,12.475000,13.992500,11.983199,33808000
2008-10-17,13.657500,14.552500,13.465000,14.370000,12.306492,24772800
2008-10-20,14.567500,14.937500,14.215000,14.937500,12.792501,21467200
2008-10-21,14.752500,14.927500,14.180000,14.280000,12.229415,17496800
2008-10-22,13.875000,13.967500,12.750000,13.125000,11.240273,26076400
2008-10-23,13.052500,13.330000,12.042500,12.682500,10.861317,29143600
2008-10-24,11.897500,12.547500,11.807500,11.947500,10.231858,30127200
2008-10-27,11.797500,12.220000,11.617500,11.637500,9.966379,15547200
2008-10-28,11.915000,13.125000,11.657500,13.105000,11.223144,25963200
2008-10-29,13.045000,13.722500,12.685000,13.120000,11.235991,17874000
2008-10-30,13.627500,14.095000,13.375000,13.952500,11.948948,24024000
2008-10-31,13.795000,14.760000,13.795000,14.407500,12.338611,21066000
2008-11-03,14.337500,14.625000,13.857500,13.960000,11.955367,12396400
2008-11-04,14.217500,14.312500,13.757500,14.055000,12.036727,12760800
2008-11-05,13.997500,14.097500,13.135000,13.195000,11.300221,16672800
2008-11-06,12.985000,12.985000,12.485000,12.660000,10.842045,28529600
2008-11-07,12.665000,12.810000,11.890000,12.352500,10.578701,24364000
2008-11-10,12.682500,12.682500,11.730000,11.992500,10.270398,21672400
2008-11-11,11.977500,12.055000,11.085000,11.417500,9.777966,29281600
2008-11-12,11.285000,11.435000,10.875000,11.092500,9.499636,19592000
2008-11-13,11.132500,12.232500,10.905000,12.215000,10.460945,24962400
2008-11-14,11.962500,12.162500,11.485000,11.632500,9.962094,17134400
2008-11-17,11.512500,12.007500,11.500000,11.577500,9.914990,17845200
2008-11-18,11.532500,11.860000,11.137500,11.660000,9.985644,19340000
2008-11-19,11.625000,11.815000,10.940000,10.960000,9.386165,16256800
2008-11-20,10.817500,11.960000,10.670000,10.902500,9.336921,27161600
2008-11-21,11.102500,12.042500,10.937500,11.970000,10.251129,25641600
2008-11-24,12.045000,12.750000,11.977500,12.580000,10.773534,18595200
2008-11-25,12.820000,13.187500,12.065000,12.322500,10.553007,23982800
2008-11-26,12.160000,13.372500,12.060000,13.312500,11.400846,15838400
2008-11-28,13.500000,13.500000,12.907500,13.312500,11.400846,7490400
2008-12-01,13.067500,13.067500,11.970000,12.005000,10.281103,14166000
2008-12-02,12.172500,12.620000,12.097500,12.502500,10.707163,16110000
2008-12-03,12.232500,13.105000,11.952500,13.002500,11.135364,17430800
2008-12-04,12.792500,13.542500,12.510000,12.990000,11.178389,21545200
2008-12-05,12.745000,13.392500,12.377500,13.335000,11.475274,13825200
2008-12-08,13.632500,14.332500,13.575000,14.042500,12.084106,32329200
2008-12-09,13.817500,13.907500,13.045000,13.235000,11.389220,19459600
2008-12-10,12.897500,12.987500,12.235000,12.625000,10.864295,25456400
2008-12-11,12.542500,12.810000,12.047500,12.182500,10.483504,16479600
2008-12-12,11.917500,12.425000,11.902500,12.342500,10.621194,14694400
2008-12-15,12.502500,12.720000,11.837500,12.047500,10.367332,13592800
2008-12-16,12.067500,12.550000,11.937500,12.410000,10.679278,24551200
2008-12-17,12.175000,13.100000,12.175000,12.660000,10.894411,15446800
2008-12-18,12.672500,13.562500,12.587500,13.172500,11.335438,24660800
2008-12-19,13.322500,13.500000,12.607500,12.815000,11.027797,24400800
2008-12-22,12.817500,12.912500,12.035000,12.275000,10.563106,13785600
2008-12-23,12.305000,12.505000,11.770000,11.990000,10.317852,13102000
2008-12-24,12.012500,12.345000,11.910000,12.282500,10.569558,4384800
2008-12-26,12.325000,12.505000,12.325000,12.440000,10.705094,4919200
2008-12-29,12.425000,12.492500,12.067500,12.235000,10.528682,9346000
2008-12-30,12.332500,12.450000,12.197500,12.422500,10.690036,9626400
2008-12-31,12.452500,12.887500,12.385000,12.750000,10.971858,15089600
2009-01-02,12.737500,13.400000,12.577500,13.265000,11.415036,12028800
2009-01-05,13.155000,13.442500,13.075000,13.360000,11.496790,12913200
2009-01-06,13.450000,13.500000,12.950000,13.090000,11.264443,15290400
2009-01-07,12.902500,13.000000,12.575000,12.615000,10.855690,20164400
2009-01-08,12.572500,12.850000,12.430000,12.847500,11.055763,15730000
2009-01-09,12.862500,12.945000,12.342500,12.402500,10.672824,13246400
2009-01-12,12.350000,12.617500,12.240000,12.530000,10.782542,13730400
2009-01-13,12.452500,12.737500,12.277500,12.375000,10.649158,15579200
2009-01-14,12.055000,12.115000,11.542500,11.662500,10.036024,27404000
2009-01-15,11.662500,11.842500,11.430000,11.740000,10.102719,16433600
2009-01-16,11.845000,11.850000,11.467500,11.700000,10.068296,14116800
2009-01-20,11.532500,11.735000,11.000000,11.035000,9.496037,14745600
2009-01-21,11.172500,11.435000,10.885000,11.415000,9.823039,13943600
2009-01-22,11.257500,11.715000,11.045000,11.407500,9.816588,14369600
2009-01-23,11.192500,11.567500,11.010000,11.420000,9.827344,11378800
2009-01-26,11.447500,11.770000,11.250000,11.417500,9.825194,8005200
2009-01-27,11.480000,11.540000,11.212500,11.377500,9.790772,9689200
2009-01-28,11.580000,12.087500,11.575000,11.900000,10.240404,11910800
2009-01-29,11.782500,11.920000,11.455000,11.497500,9.894038,8737600
2009-01-30,11.572500,11.622500,11.235000,11.312500,9.734836,10670000
2009-02-02,11.142500,11.325000,10.955000,11.107500,9.558428,10016400
2009-02-03,11.170000,11.622500,11.027500,11.575000,9.960730,11098400
2009-02-04,11.605000,11.607500,11.315000,11.445000,9.848861,15054800
2009-02-05,11.445000,11.857500,11.332500,11.800000,10.154351,14454000
2009-02-06,11.830000,12.280000,11.700000,12.170000,10.472749,13866800
2009-02-09,12.185000,12.185000,11.785000,11.942500,10.276976,11381200
2009-02-10,11.817500,11.942500,11.190000,11.262500,9.691812,18016400
2009-02-11,11.345000,11.347500,10.842500,11.077500,9.532613,23980000
2009-02-12,10.922500,11.152500,10.735000,11.115000,9.564881,14872800
2009-02-13,11.057500,11.257500,10.802500,10.857500,9.343295,12082400
2009-02-17,10.680000,10.680000,10.342500,10.485000,9.022739,22278000
2009-02-18,10.580000,10.985000,10.487500,10.880000,9.362654,23450400
2009-02-19,10.985000,11.095000,10.585000,10.702500,9.209908,13044400
2009-02-20,10.580000,10.840000,10.480000,10.732500,9.235727,12084000
2009-02-23,10.862500,10.975000,10.352500,10.402500,8.951747,12916800
2009-02-24,10.410000,10.780000,10.122500,10.735000,9.237878,13858000
2009-02-25,10.660000,10.790000,10.390000,10.537500,9.067921,15884800
2009-02-26,10.625000,10.632500,10.250000,10.257500,8.826972,12648800
2009-02-27,10.057500,10.545000,10.020000,10.382500,8.934540,18738400
2009-03-02,10.207500,10.322500,9.907500,9.940000,8.553750,17423200
2009-03-03,10.092500,10.312500,10.005000,10.012500,8.616136,17107600
2009-03-04,10.185000,10.830000,10.185000,10.637500,9.153973,16695200
2009-03-05,10.342500,10.485000,9.860000,9.985000,8.643255,23676800
2009-03-06,10.062500,10.227500,9.750000,9.985000,8.643255,23967200
2009-03-09,9.837500,10.020000,9.560000,9.642500,8.346783,20695200
2009-03-10,9.742500,10.500000,9.742500,10.402500,9.004654,22955600
2009-03-11,10.495000,10.985000,10.437500,10.857500,9.398517,19248000
2009-03-12,10.857500,11.210000,10.602500,11.147500,9.649543,18112400
2009-03-13,11.190000,11.205000,10.817500,11.167500,9.666856,19899600
2009-03-16,11.250000,11.270000,10.902500,10.977500,9.502389,16622800
2009-03-17,10.962500,11.412500,10.885000,11.352500,9.826998,21866400
2009-03-18,11.487500,11.632500,11.235000,11.480000,9.937366,23451600
2009-03-19,10.945000,11.750000,10.812500,11.625000,10.062880,32281600
2009-03-20,11.742500,11.965000,11.077500,11.255000,9.742598,24951200
2009-03-23,11.492500,11.927500,11.217500,11.905000,10.305252,14384800
2009-03-24,11.685000,11.802500,11.342500,11.400000,9.868115,12832000
2009-03-25,11.530000,11.812500,11.287500,11.592500,10.034745,13444000
2009-03-26,11.670000,12.072500,11.635000,11.900000,10.300927,14117600
2009-03-27,11.855000,11.912500,11.645000,11.710000,10.136457,7961600
2009-03-30,11.500000,11.610000,11.255000,11.565000,10.010941,13288800
2009-03-31,11.685000,11.910000,11.450000,11.722500,10.147277,17907600
2009-04-01,11.545000,11.800000,11.410000,11.750000,10.171082,13006800
2009-04-02,11.902500,12.835000,11.902500,12.622500,10.926342,23882000
2009-04-03,12.565000,12.972500,12.550000,12.967500,11.224978,14375600
2009-04-06,12.820000,12.875000,12.615000,12.817500,11.095139,11080000
2009-04-07,12.592500,12.595000,12.377500,12.465000,10.790002,11580000
2009-04-08,12.490000,12.655000,12.362500,12.560000,10.872238,13103200
2009-04-09,12.812500,13.375000,12.645000,13.317500,11.527949,18044400
2009-04-13,13.182500,13.367500,12.897500,13.280000,11.495488,13202000
2009-04-14,13.150000,13.150000,12.545000,12.850000,11.123268,16975600
2009-04-15,12.850000,13.050000,12.762500,13.027500,11.276915,11099600
2009-04-16,13.050000,13.522500,12.982500,13.442500,11.636149,11566000
2009-04-17,13.507500,13.750000,13.305000,13.652500,11.817935,13864000
2009-04-20,13.470000,13.470000,13.005000,13.090000,11.331017,9961200
2009-04-21,13.077500,13.412500,13.007500,13.317500,11.527949,10292400
2009-04-22,13.227500,13.997500,13.062500,13.750000,11.902333,14134400
2009-04-23,13.750000,13.857500,13.315000,13.597500,11.770325,12211600
2009-04-24,13.682500,13.810000,13.507500,13.682500,11.843904,8396000
2009-04-27,13.502500,13.820000,13.392500,13.532500,11.714058,9206400
2009-04-28,13.355000,14.075000,13.350000,13.897500,12.030008,9880400
2009-04-29,13.900000,13.937500,13.125000,13.240000,11.460863,21858000
2009-04-30,13.385000,13.755000,13.045000,13.117500,11.354824,19326400
2009-05-01,13.217500,13.342500,13.125000,13.230000,11.452207,13902000
2009-05-04,13.227500,13.817500,13.217500,13.817500,11.960760,14549600
2009-05-05,13.605000,13.795000,13.587500,13.750000,11.902333,13247600
2009-05-06,13.862500,13.945000,13.560000,13.652500,11.817935,14808400
2009-05-07,13.830000,13.917500,13.107500,13.270000,11.486830,18546400
2009-05-08,13.440000,13.715000,13.000000,13.605000,11.776812,11371600
2009-05-11,13.400000,13.452500,13.197500,13.285000,11.499815,15055600
2009-05-12,13.125000,13.212500,12.560000,12.745000,11.032381,24275200
2009-05-13,12.600000,12.600000,12.190000,12.380000,10.716426,18298800
2009-05-14,12.350000,12.842500,12.350000,12.737500,11.025887,16698000
2009-05-15,12.522500,12.900000,12.410000,12.437500,10.766197,14714800
2009-05-18,12.530000,12.820000,12.500000,12.800000,11.079988,10860000
2009-05-19,12.875000,13.150000,12.632500,13.010000,11.261772,14625600
2009-05-20,13.082500,13.135000,12.635000,12.672500,10.969621,14862800
2009-05-21,12.590000,12.857500,12.517500,12.837500,11.112451,15340800
2009-05-22,12.837500,13.222500,12.797500,13.102500,11.341841,14839200
2009-05-26,12.992500,13.642500,12.992500,13.542500,11.722713,16771200
2009-05-27,13.542500,13.822500,13.460000,13.602500,11.774649,15127200
2009-05-28,13.612500,13.840000,13.402500,13.777500,11.926134,15040400
2009-05-29,13.815000,14.285000,13.675000,14.262500,12.345962,16568800
2009-06-01,14.465000,14.987500,14.390000,14.815000,12.824220,17614400
2009-06-02,14.747500,14.830000,14.437500,14.457500,12.514758,18942400
2009-06-03,14.347500,14.555000,14.200000,14.542500,12.588338,14018400
2009-06-04,14.535000,14.535000,14.157500,14.385000,12.505745,13098000
2009-06-05,14.650000,14.780000,14.487500,14.572500,12.668755,16451200
2009-06-08,14.530000,14.655000,14.317500,14.500000,12.605726,10683200
2009-06-09,14.497500,14.737500,14.410000,14.665000,12.749171,9716400
2009-06-10,14.717500,14.765000,14.062500,14.262500,12.399250,23840000
2009-06-11,14.290000,14.472500,14.142500,14.155000,12.305795,15452000
2009-06-12,14.105000,14.247500,13.912500,14.152500,12.303623,15486400
2009-06-15,14.097500,14.117500,13.852500,13.985000,12.158002,12912800
2009-06-16,13.987500,14.187500,13.785000,13.832500,12.025428,9774000
2009-06-17,13.787500,13.882500,13.597500,13.657500,11.873288,13586400
2009-06-18,13.800000,14.357500,13.675000,14.075000,12.236246,17699600
2009-06-19,14.207500,14.490000,14.132500,14.175000,12.323181,15353200
2009-06-22,14.050000,14.050000,13.777500,13.815000,12.010213,12300000
2009-06-23,13.802500,13.815000,13.337500,13.385000,11.636386,16074000
2009-06-24,13.487500,13.590000,13.190000,13.255000,11.523374,20202000
2009-06-25,12.662500,12.892500,12.540000,12.820000,11.145200,59606800
2009-06-26,12.685000,12.842500,12.627500,12.710000,11.049574,21366800
2009-06-29,12.787500,13.040000,12.700000,12.937500,11.247349,13824800
2009-06-30,12.965000,13.120000,12.820000,12.945000,11.253870,11700400
2009-07-01,13.035000,13.247500,12.837500,13.105000,11.392966,12364800
2009-07-02,12.942500,12.957500,12.765000,12.765000,11.097387,15326400
2009-07-06,12.685000,13.075000,12.685000,12.977500,11.282124,14878800
2009-07-07,12.925000,12.962500,12.722500,12.802500,11.129983,12185600
2009-07-08,12.747500,12.927500,12.687500,12.877500,11.195187,10413600
2009-07-09,12.965000,12.965000,12.692500,12.765000,11.097387,8537600
2009-07-10,12.667500,12.947500,12.655000,12.825000,11.149545,9436000
2009-07-13,12.865000,12.977500,12.702500,12.885000,11.201709,12468800
2009-07-14,12.872500,13.072500,12.802500,12.975000,11.279950,8017200
2009-07-15,13.087500,13.247500,12.830000,13.232500,11.503810,15544400
2009-07-16,13.195000,13.370000,13.000000,13.297500,11.560319,13356000
2009-07-17,13.287500,13.287500,12.995000,13.110000,11.397314,13101200
2009-07-20,13.147500,13.310000,13.022500,13.207500,11.482073,10645600
2009-07-21,13.357500,13.360000,12.920000,13.017500,11.316895,11007200
2009-07-22,13.000000,13.107500,12.855000,12.882500,11.199536,14300800
2009-07-23,12.875000,13.020000,12.750000,12.785000,11.114772,21532800
2009-07-24,12.777500,13.105000,12.647500,13.042500,11.338631,14730800
2009-07-27,13.052500,13.100000,12.910000,13.092500,11.382098,6276400
2009-07-28,12.995000,13.235000,12.857500,13.227500,11.499465,10552800
2009-07-29,13.125000,13.625000,13.090000,13.592500,11.816782,21214800
2009-07-30,13.732500,14.132500,13.645000,14.022500,12.190606,20059600
2009-07-31,13.917500,14.442500,13.890000,14.160000,12.310143,21796800
2009-08-03,14.245000,14.270000,14.060000,14.155000,12.305795,13509600
2009-08-04,14.115000,14.392500,14.037500,14.385000,12.505745,14842800
2009-08-05,14.385000,14.542500,14.182500,14.255000,12.392732,16333200
2009-08-06,14.312500,14.450000,14.205000,14.405000,12.523136,14561200
2009-08-07,14.490000,14.567500,14.282500,14.517500,12.620936,11448000
2009-08-10,14.467500,14.467500,14.177500,14.285000,12.418812,9543600
2009-08-11,14.230000,14.272500,14.005000,14.197500,12.342742,7614400
2009-08-12,14.150000,14.475000,14.105000,14.380000,12.501405,12197200
2009-08-13,14.345000,14.457500,14.245000,14.452500,12.564431,8377600
2009-08-14,14.415000,14.500000,14.075000,14.215000,12.357960,9124800
2009-08-17,14.017500,14.115000,13.792500,13.860000,12.049338,10980800
2009-08-18,13.880000,13.962500,13.797500,13.902500,12.086285,13312400
2009-08-19,13.772500,14.230000,13.772500,14.192500,12.338394,11306000
2009-08-20,14.200000,14.285000,14.050000,14.250000,12.388387,11903600
2009-08-21,13.997500,14.125000,13.810000,13.912500,12.094975,22557200
2009-08-24,13.925000,14.062500,13.890000,14.000000,12.171044,15237600
2009-08-25,14.072500,14.117500,13.775000,13.790000,11.988479,18324800
2009-08-26,13.820000,14.000000,13.732500,13.862500,12.051509,13399200
2009-08-27,13.885000,14.282500,13.700000,14.207500,12.351436,19081600
2009-08-28,14.262500,14.345000,13.952500,14.045000,12.210164,8578000
2009-08-31,13.980000,14.000000,13.787500,13.847500,12.038470,7354400
2009-09-01,13.725000,13.880000,13.527500,13.590000,11.814606,20162000
2009-09-02,13.530000,13.582500,13.305000,13.327500,11.586400,17540800
2009-09-03,13.372500,13.475000,13.327500,13.432500,11.732705,14086000
2009-09-04,13.467500,13.595000,13.355000,13.557500,11.841884,9705600
2009-09-08,13.657500,13.815000,13.552500,13.810000,12.062434,11600800
2009-09-09,13.732500,13.870000,13.632500,13.837500,12.086455,15984000
2009-09-10,13.837500,13.950000,13.717500,13.855000,12.101739,18652800
2009-09-11,13.890000,13.972500,13.690000,13.747500,12.007846,17368000
2009-09-14,13.620000,13.805000,13.380000,13.727500,11.990375,14298800
2009-09-15,13.690000,13.750000,13.492500,13.672500,11.942332,14818400
2009-09-16,13.690000,14.362500,13.602500,14.295000,12.486061,24346400
2009-09-17,14.250000,14.702500,14.217500,14.522500,12.684772,14762000
2009-09-18,14.562500,14.720000,14.487500,14.647500,12.793955,11525200
2009-09-21,14.512500,14.842500,14.415000,14.637500,12.785217,9472400
2009-09-22,14.742500,14.875000,14.610000,14.642500,12.789587,12374000
2009-09-23,14.700000,14.812500,14.557500,14.575000,12.730624,43572000
2009-09-24,14.577500,14.685000,14.457500,14.542500,12.702239,26221200
2009-09-25,14.582500,14.962500,14.575000,14.660000,12.804873,17494400
2009-09-28,14.682500,14.827500,14.615000,14.750000,12.883482,10106400
2009-09-29,14.807500,15.047500,14.780000,15.022500,13.121499,34763200
2009-09-30,16.002501,16.237499,16.002501,16.174999,14.128159,67174800
2009-10-01,16.000000,16.100000,15.625000,15.625000,13.647755,33036000
2009-10-02,15.382500,15.597500,15.270000,15.505000,13.542944,22568000
2009-10-05,15.470000,15.730000,15.437500,15.695000,13.708898,11873200
2009-10-06,15.727500,16.105000,15.710000,15.772500,13.776592,14605600
2009-10-07,15.735000,15.930000,15.700000,15.855000,13.848651,8762400
2009-10-08,15.927500,16.090000,15.887500,16.004999,13.979670,9364800
2009-10-09,16.030001,16.047501,15.750000,15.897500,13.885776,8869600
2009-10-12,15.962500,16.000000,15.807500,15.812500,13.811529,6200000
2009-10-13,15.815000,15.962500,15.752500,15.920000,13.905427,7062000
2009-10-14,16.020000,16.307501,15.977500,16.225000,14.171832,14631600
2009-10-15,16.182501,16.252501,16.032499,16.240000,14.184932,14647200
2009-10-16,16.084999,16.299999,16.065001,16.275000,14.215503,14616800
2009-10-19,16.260000,16.587500,16.102501,16.522499,14.431684,18513200
2009-10-20,16.382500,16.447500,16.162500,16.272499,14.213321,13559600
2009-10-21,16.275000,16.450001,16.174999,16.187500,14.139076,13313200
2009-10-22,16.205000,16.424999,16.100000,16.297501,14.235157,9990800
2009-10-23,16.262501,16.290001,15.887500,16.042500,14.012426,12698000
2009-10-26,16.020000,16.240000,15.897500,15.937500,13.920714,11814000
2009-10-27,15.912500,16.172501,15.625000,16.022499,13.994953,15711600
2009-10-28,15.907500,16.065001,15.570000,15.642500,13.663043,14820400
2009-10-29,15.750000,16.027500,15.650000,15.927500,13.911982,10848800
2009-10-30,15.837500,15.947500,15.505000,15.545000,13.577879,14672000
2009-11-02,15.585000,15.905000,15.457500,15.625000,13.647755,11526400
2009-11-03,15.562500,15.762500,15.450000,15.665000,13.682694,10989200
2009-11-04,15.705000,15.950000,15.492500,15.682500,13.697982,8674800
2009-11-05,15.872500,16.197500,15.767500,16.190001,14.141261,10578000
2009-11-06,16.162500,16.205000,15.970000,16.139999,14.097589,7635200
2009-11-09,16.125000,16.332500,16.090000,16.330000,14.263543,9146800
2009-11-10,16.334999,16.422501,16.000000,16.117500,14.077934,9898000
2009-11-11,16.152500,16.392500,16.142500,16.232500,14.178384,6680400
2009-11-12,16.235001,16.347500,15.952500,16.022499,13.994953,6617200
2009-11-13,16.067499,16.240000,15.930000,16.105000,14.067015,7310800
2009-11-16,16.165001,16.584999,16.129999,16.525000,14.433869,10380000
2009-11-17,16.472500,16.500000,16.107500,16.240000,14.184932,7854000
2009-11-18,16.197500,16.197500,15.947500,16.105000,14.067015,8098000
2009-11-19,15.982500,16.075001,15.720000,15.890000,13.879222,9852800
2009-11-20,15.835000,16.020000,15.675000,15.980000,13.957834,12614400
2009-11-23,16.205000,16.382500,16.010000,16.122499,14.082302,9432000
2009-11-24,16.170000,16.275000,16.080000,16.129999,14.088851,6448800
2009-11-25,16.132500,16.467501,16.132500,16.424999,14.346523,7986000
2009-11-27,16.129999,16.360001,16.000000,16.262501,14.204587,4698800
2009-11-30,16.200001,16.385000,16.097500,16.222500,14.169647,9260800
2009-12-01,16.317499,16.522499,16.184999,16.350000,14.281013,7950400
2009-12-02,16.132500,16.532499,16.132500,16.337500,14.270096,5936800
2009-12-03,16.315001,16.397499,16.135000,16.167500,14.180192,11034800
2009-12-04,16.320000,16.462500,15.955000,16.075001,14.099065,10180000
2009-12-07,16.075001,16.247499,16.075001,16.135000,14.151694,8948000
2009-12-08,16.000000,16.097500,15.845000,15.882500,13.930223,14510800
2009-12-09,15.877500,15.877500,15.437500,15.487500,13.583779,23438000
2009-12-10,15.550000,15.850000,15.550000,15.675000,13.748234,11972400
2009-12-11,15.790000,16.047501,15.772500,15.965000,14.002584,10860000
2009-12-14,16.002501,16.080000,15.780000,16.040001,14.068369,9257600
2009-12-15,15.982500,16.272499,15.905000,16.087500,14.110026,9604800
2009-12-16,16.170000,16.170000,15.907500,16.012501,14.044246,7639600
2009-12-17,15.892500,16.012501,15.767500,15.812500,13.868831,11679600
2009-12-18,16.100000,16.337500,16.012501,16.105000,14.125378,20323200
2009-12-21,16.129999,16.317499,16.112499,16.219999,14.226239,7399200
2009-12-22,16.219999,16.332500,16.045000,16.275000,14.274479,8238800
2009-12-23,16.267500,16.382500,16.222500,16.360001,14.349035,6148400
2009-12-24,16.360001,16.389999,16.250000,16.312500,14.307372,2302000
2009-12-28,16.312500,16.387501,16.195000,16.375000,14.362189,5648000
2009-12-29,16.375000,16.607500,16.305000,16.552500,14.517868,8083200
2009-12-30,16.462500,16.559999,16.427500,16.535000,14.502523,6932000
2009-12-31,16.552500,16.655001,16.512501,16.517500,14.487171,6347600
2010-01-04,16.514999,16.517500,16.280001,16.337500,14.329300,11972400
2010-01-05,16.285000,16.447500,16.174999,16.402500,14.386314,6275200
2010-01-06,16.350000,16.422501,16.235001,16.302500,14.298600,13399200
2010-01-07,16.280001,16.500000,16.262501,16.462500,14.438931,7187600
2010-01-08,16.447500,16.462500,16.235001,16.430000,14.410431,7249600
2010-01-11,16.480000,16.482500,16.162500,16.227501,14.232817,10678000
2010-01-12,16.150000,16.275000,16.070000,16.205000,14.213085,11485600
2010-01-13,16.277500,16.417500,16.195000,16.350000,14.340262,5648800
2010-01-14,16.372499,16.457500,16.187500,16.247499,14.250360,7311600
2010-01-15,16.195000,16.252501,15.987500,16.097500,14.118798,11293200
2010-01-19,16.049999,16.200001,15.990000,16.177500,14.188965,7453200
2010-01-20,16.052500,16.102501,15.892500,16.045000,14.072753,8008400
2010-01-21,16.077499,16.084999,15.757500,15.910000,13.954346,13983200
2010-01-22,15.877500,16.059999,15.737500,15.745000,13.809629,13320000
2010-01-25,15.842500,16.010000,15.827500,15.917500,13.960923,10749600
2010-01-26,15.832500,16.027500,15.762500,15.935000,13.976273,6711200
2010-01-27,15.917500,16.042500,15.812500,16.000000,14.033283,13560400
2010-01-28,16.062500,16.250000,15.842500,15.880000,13.928036,7158000
2010-01-29,15.910000,16.162500,15.887500,15.937500,13.978467,10402400
2010-02-01,15.992500,16.112499,15.877500,16.025000,14.055208,6407600
2010-02-02,16.072500,16.072500,15.902500,15.982500,14.017934,9539200
2010-02-03,15.922500,16.025000,15.830000,16.000000,14.033283,7889200
2010-02-04,15.882500,15.937500,15.512500,15.522500,13.614479,17924800
2010-02-05,15.505000,15.557500,15.222500,15.425000,13.528961,13110800
2010-02-08,15.405000,15.530000,15.307500,15.325000,13.441257,8177200
2010-02-09,15.445000,15.775000,15.417500,15.627500,13.706567,9438000
2010-02-10,15.627500,15.737500,15.562500,15.660000,13.735079,7698400
2010-02-11,15.607500,15.792500,15.530000,15.737500,13.803052,7010000
2010-02-12,15.630000,15.637500,15.430000,15.622500,13.702186,11152000
2010-02-16,15.705000,15.912500,15.582500,15.912500,13.956540,9628000
2010-02-17,15.967500,16.172501,15.905000,16.120001,14.138535,10640400
2010-02-18,16.122499,16.147499,15.977500,16.110001,14.129765,6468000
2010-02-19,16.035000,16.150000,16.002501,16.087500,14.110026,9498000
2010-02-22,16.142500,16.192499,16.007500,16.077499,14.101257,6864800
2010-02-23,16.075001,16.137501,15.902500,16.032499,14.061790,7738800
2010-02-24,16.000000,16.254999,16.000000,16.232500,14.237205,11618000
2010-02-25,16.252501,16.570000,16.002501,16.540001,14.506907,15967600
2010-02-26,16.557501,16.962500,16.557501,16.900000,14.822655,19633200
2010-03-01,16.977501,17.177500,16.902500,17.059999,14.962989,10674000
2010-03-02,17.014999,17.082500,16.920000,17.007500,14.916937,9844800
2010-03-03,16.924999,16.992500,16.815001,16.910000,14.831425,8670400
2010-03-04,17.004999,17.014999,16.860001,16.907499,14.888666,6306400
2010-03-05,16.957500,17.127501,16.957500,17.080000,15.040568,7460000
2010-03-08,16.992500,17.240000,16.992500,17.205000,15.150644,7084000
2010-03-09,17.190001,17.295000,17.132500,17.232500,15.174861,6042400
2010-03-10,17.227501,17.312500,17.102501,17.280001,15.216686,5592800
2010-03-11,17.275000,17.462500,17.177500,17.437500,15.355383,6960000
2010-03-12,17.355000,17.497499,17.352501,17.475000,15.388402,7208400
2010-03-15,17.437500,17.682501,17.430000,17.597500,15.496277,9514000
2010-03-16,17.582500,17.762501,17.525000,17.594999,15.494072,10107200
2010-03-17,17.597500,17.832500,17.570000,17.719999,15.604153,14751600
2010-03-18,18.337500,18.837500,18.325001,18.665001,16.436314,43696000
2010-03-19,18.565001,18.580000,18.280001,18.379999,16.185341,18789600
2010-03-22,18.222500,18.540001,18.205000,18.469999,16.264597,11696000
2010-03-23,18.600000,18.647499,18.492500,18.622499,16.398882,8986000
2010-03-24,18.587500,18.597500,18.252501,18.344999,16.154516,11069200
2010-03-25,18.542500,18.695000,18.382500,18.392500,16.196356,11321600
2010-03-26,18.450001,18.687500,18.342501,18.472500,16.266796,8661600
2010-03-29,18.540001,18.582500,18.395000,18.492500,16.284410,6522400
2010-03-30,18.502501,18.600000,18.387501,18.452499,16.249182,6461200
2010-03-31,18.372499,18.525000,18.320000,18.375000,16.180941,7916000
2010-04-01,18.490000,18.597500,18.437500,18.502501,16.293222,8376400
2010-04-05,18.547501,18.705000,18.405001,18.527500,16.315231,7081600
2010-04-06,18.385000,18.537500,18.375000,18.477501,16.271198,8428000
2010-04-07,18.492500,18.547501,18.325001,18.397499,16.200756,8851200
2010-04-08,18.365000,18.570000,18.264999,18.497499,16.288816,10410400
2010-04-09,18.545000,18.820000,18.412500,18.795000,16.550791,12502000
2010-04-12,18.822500,18.987499,18.799999,18.882500,16.627836,8867200
2010-04-13,18.857500,18.982500,18.687500,18.877501,16.623438,7025200
2010-04-14,18.902500,18.965000,18.750000,18.950001,16.687286,6804400
2010-04-15,18.892500,18.955000,18.742500,18.910000,16.652061,7014400
2010-04-16,18.897499,19.000000,18.745001,18.792500,16.548584,13739200
2010-04-19,18.737499,18.950001,18.562500,18.895000,16.638849,8790400
2010-04-20,19.004999,19.145000,18.975000,19.090000,16.810570,9584400
2010-04-21,19.100000,19.285000,19.042500,19.180000,16.889820,10800800
2010-04-22,19.072500,19.632500,19.052500,19.557501,17.222242,13848800
2010-04-23,19.455000,19.610001,19.325001,19.475000,17.149593,10151200
2010-04-26,19.477501,19.617500,19.445000,19.504999,17.176012,6050400
2010-04-27,19.417500,19.622499,19.152500,19.184999,16.894222,11016800
2010-04-28,19.235001,19.507500,19.035000,19.110001,16.828173,10812000
2010-04-29,19.275000,19.422501,19.180000,19.392500,17.076944,9083600
2010-04-30,19.362499,19.469999,18.972500,18.977501,16.711500,9869600
2010-05-03,19.002501,19.597500,18.977501,19.442499,17.120979,8428400
2010-05-04,19.504999,19.637501,19.275000,19.337500,17.028513,14530400
2010-05-05,19.217501,19.325001,18.674999,18.802500,16.557398,17310400
2010-05-06,18.637501,18.997499,16.747499,18.075001,15.916764,26330000
2010-05-07,17.837500,18.110001,17.445000,17.652500,15.544708,21502400
2010-05-10,18.472500,19.192499,18.434999,19.162500,16.874413,26477600
2010-05-11,18.950001,19.267500,18.940001,19.107500,16.825975,13755200
2010-05-12,19.177500,19.495001,19.002501,19.462500,17.138586,9956000
2010-05-13,19.412500,19.497499,18.837500,18.887501,16.632242,20976800
2010-05-14,18.657499,18.750000,18.295000,18.434999,16.233774,19014000
2010-05-17,18.432501,18.462500,18.007500,18.407499,16.209558,16944400
2010-05-18,18.540001,18.752501,18.174999,18.232500,16.055454,18855600
2010-05-19,18.135000,18.180000,17.750000,18.062500,15.905751,23478800
2010-05-20,17.632500,17.897499,17.392500,17.577499,15.478664,25056400
2010-05-21,17.285000,17.945000,17.035000,17.847500,15.716424,17064000
2010-05-24,17.792500,17.977501,17.677500,17.834999,15.705416,22684400
2010-05-25,17.522499,18.250000,17.317499,18.227501,16.051052,21164000
2010-05-26,18.379999,18.405001,17.980000,18.129999,15.965191,16727200
2010-05-27,18.320000,18.490000,18.190001,18.475000,16.269005,14743600
2010-05-28,18.405001,18.465000,17.990000,18.094999,15.934370,15556800
2010-06-01,17.860001,18.155001,17.674999,17.795000,15.670195,14684000
2010-06-02,17.827499,18.264999,17.827499,18.250000,16.070866,12660800
2010-06-03,18.299999,18.465000,18.235001,18.407499,16.269733,11356800
2010-06-04,18.090000,18.117500,17.540001,17.692499,15.637769,15403600
2010-06-07,17.635000,17.754999,17.370001,17.397499,15.377030,11056400
2010-06-08,17.397499,17.607500,17.162500,17.565001,15.525078,12263200
2010-06-09,17.629999,17.832500,17.417500,17.502501,15.469833,12914000
2010-06-10,17.797501,18.137501,17.785000,17.937500,15.854318,11831200
2010-06-11,17.822500,18.160000,17.757500,18.082500,15.982471,8808400
2010-06-14,18.122499,18.237499,17.977501,18.055000,15.958176,8746400
2010-06-15,18.072500,18.495001,18.072500,18.495001,16.347078,8697600
2010-06-16,18.342501,18.625000,18.270000,18.457500,16.313925,12700400
2010-06-17,18.605000,18.674999,18.407499,18.642500,16.477448,11802400
2010-06-18,18.700001,18.807501,18.617500,18.735001,16.559198,11196400
2010-06-21,18.872499,18.980000,18.455000,18.587500,16.428827,11192000
2010-06-22,18.610001,18.750000,18.042500,18.115000,16.011204,10388000
2010-06-23,18.165001,18.295000,17.875000,18.129999,16.024460,11658800
2010-06-24,17.502501,17.667500,17.299999,17.407499,15.385866,36104000
2010-06-25,17.465000,17.617500,17.225000,17.530001,15.494147,18090000
2010-06-28,17.625000,17.717501,17.407499,17.625000,15.578107,12720400
2010-06-29,17.407499,17.417500,16.860001,17.042500,15.063260,23320800
2010-06-30,16.985001,17.285000,16.825001,16.887501,14.926262,18551200
2010-07-01,16.972500,17.125000,16.692499,17.017500,15.041165,20482400
2010-07-02,17.047501,17.235001,16.857500,16.965000,14.994761,11626800
2010-07-06,17.052500,17.292500,16.584999,16.802500,14.851130,16874800
2010-07-07,16.867500,17.147499,16.752501,17.139999,15.149434,17171600
2010-07-08,17.307501,17.620001,17.254999,17.570000,15.529503,17801600
2010-07-09,17.540001,17.552500,17.379999,17.537500,15.500773,10962400
2010-07-12,17.492500,17.617500,17.320000,17.452499,15.425643,8889600
2010-07-13,17.600000,17.730000,17.504999,17.617500,15.571481,12129600
2010-07-14,17.540001,17.650000,17.367500,17.635000,15.586953,11656000
2010-07-15,17.584999,17.700001,17.337500,17.662500,15.611254,14103200
2010-07-16,17.587500,17.665001,17.172501,17.240000,15.237823,13703600
2010-07-19,17.285000,17.367500,17.047501,17.152500,15.160485,9580000
2010-07-20,16.975000,17.500000,16.905001,17.459999,15.432274,14804000
2010-07-21,17.532499,17.767500,17.327499,17.412500,15.390293,15788800
2010-07-22,17.597500,18.030001,17.590000,17.889999,15.812333,13528000
2010-07-23,17.875000,18.290001,17.790001,18.184999,16.073076,11518800
2010-07-26,18.177500,18.487499,18.120001,18.305000,16.179134,10491600
2010-07-27,18.424999,18.462500,18.209999,18.420000,16.280787,10412400
2010-07-28,18.410000,18.504999,18.217501,18.277500,16.154835,8456400
2010-07-29,18.412500,18.527500,18.170000,18.382500,16.247643,9664400
2010-07-30,18.252501,18.487499,18.160000,18.410000,16.271946,8702800
2010-08-02,18.597500,18.742500,18.485001,18.580000,16.422209,10268000
2010-08-03,18.549999,18.549999,18.212500,18.275000,16.152626,12723600
2010-08-04,18.295000,18.592501,18.282499,18.500000,16.351490,12157600
2010-08-05,18.362499,18.590000,18.325001,18.514999,16.364752,8065600
2010-08-06,18.355000,18.522499,18.195000,18.490000,16.342653,7698800
2010-08-09,18.535000,18.750000,18.469999,18.530001,16.378006,7893600
2010-08-10,18.355000,18.597500,18.200001,18.477501,16.331604,9386400
2010-08-11,18.192499,18.195000,17.870001,18.020000,15.927237,12152000
2010-08-12,17.747499,17.947500,17.674999,17.879999,15.803494,9752000
2010-08-13,17.852501,17.870001,17.620001,17.645000,15.595789,8794400
2010-08-16,17.527500,17.867500,17.442499,17.764999,15.701852,9525600
2010-08-17,17.937500,18.177500,17.867500,17.927500,15.845479,10123600
2010-08-18,17.922501,18.177500,17.735001,18.059999,15.962585,8782800
2010-08-19,17.952499,18.002501,17.639999,17.834999,15.763721,9880800
2010-08-20,17.682501,17.852501,17.622499,17.815001,15.746044,7151600
2010-08-23,17.907499,18.097500,17.737499,17.737499,15.677542,7856000
2010-08-24,17.507500,17.682501,17.352501,17.512501,15.478676,10616000
2010-08-25,17.362499,17.590000,17.080000,17.532499,15.496350,12604400
2010-08-26,17.662500,17.930000,17.584999,17.597500,15.553806,13606400
2010-08-27,17.682501,17.790001,17.424999,17.735001,15.675337,10624800
2010-08-30,17.680000,17.850000,17.490000,17.590000,15.547176,10087600
2010-08-31,17.502501,17.690001,17.395000,17.500000,15.467628,11941600
2010-09-01,17.782499,18.055000,17.705000,18.032499,15.938284,13737200
2010-09-02,18.020000,18.267500,17.942499,18.240000,16.182261,9632000
2010-09-03,18.434999,18.610001,18.312500,18.562500,16.468378,12278000
2010-09-07,18.445000,18.617500,18.437500,18.504999,16.417366,8101200
2010-09-08,18.559999,18.677500,18.475000,18.535000,16.443979,9198000
2010-09-09,18.707500,18.754999,18.400000,18.480000,16.395182,7006800
2010-09-10,18.537500,18.712500,18.417500,18.437500,16.357485,8159200
2010-09-13,18.602501,18.820000,18.594999,18.670000,16.563747,9858400
2010-09-14,18.617500,18.969999,18.592501,18.817499,16.694605,9995200
2010-09-15,18.787500,19.177500,18.732500,19.139999,16.980728,15811600
2010-09-16,19.075001,19.217501,18.980000,19.160000,16.998466,8692800
2010-09-17,19.232500,19.385000,19.120001,19.315001,17.135979,12146400
2010-09-20,19.325001,19.760000,19.322500,19.592501,17.382179,15101600
2010-09-21,19.482500,19.517500,19.305000,19.422501,17.231358,13273600
2010-09-22,19.367500,19.497499,19.174999,19.327499,17.147074,10488800
2010-09-23,19.225000,19.530001,19.147499,19.417500,17.226923,17721600
2010-09-24,20.337500,20.424999,19.870001,19.892500,17.648335,33384400
2010-09-27,19.855000,19.875000,19.537500,19.777500,17.546309,18776000
2010-09-28,19.767500,20.205000,19.642500,20.160000,17.885654,21709600
2010-09-29,20.067499,20.102501,19.807501,19.982500,17.728186,14574000
2010-09-30,20.002501,20.200001,19.877501,20.035000,17.774761,13493200
2010-10-01,20.240000,20.240000,19.957500,20.062500,17.799158,14170000
2010-10-04,19.980000,20.065001,19.760000,19.969999,17.717091,10353200
2010-10-05,20.150000,20.367500,20.067499,20.325001,18.032042,13471200
2010-10-06,20.257500,20.327499,20.205000,20.327499,18.034264,9634400
2010-10-07,20.317499,20.330000,20.077499,20.247499,17.963287,12183600
2010-10-08,20.235001,20.650000,20.225000,20.510000,18.196169,19038400
2010-10-11,20.405001,20.575001,20.375000,20.495001,18.182867,9902800
2010-10-12,20.750000,20.850000,20.450001,20.472500,18.162907,22497200
2010-10-13,20.594999,20.687500,20.375000,20.504999,18.191736,10490800
2010-10-14,20.430000,20.567499,20.334999,20.442499,18.136276,9410000
2010-10-15,20.565001,20.615000,20.405001,20.500000,18.187302,8276800
2010-10-18,20.500000,20.530001,20.375000,20.415001,18.111897,6297600
2010-10-19,20.115000,20.387501,20.020000,20.182501,17.905613,10816400
2010-10-20,20.260000,20.417500,20.212500,20.309999,18.018738,7533200
2010-10-21,20.405001,20.709999,20.372499,20.527500,18.211702,11593200
2010-10-22,20.527500,20.632500,20.427500,20.480000,18.169558,4240400
2010-10-25,20.642500,20.757500,20.502501,20.512501,18.198389,8882800
2010-10-26,20.410000,20.555000,20.315001,20.455000,18.147385,10289600
2010-10-27,20.309999,20.337500,20.067499,20.257500,17.972157,8974000
2010-10-28,20.327499,20.424999,20.142500,20.277500,17.989901,6505600
2010-10-29,20.235001,20.372499,20.162500,20.360001,18.063089,8051600
2010-11-01,20.469999,20.500000,20.147499,20.275000,17.987682,7583200
2010-11-02,20.450001,20.559999,20.377501,20.437500,18.131847,7117600
2010-11-03,20.432501,20.542500,20.240000,20.457500,18.149591,7029200
2010-11-04,20.680000,20.872499,20.600000,20.852501,18.500031,9876000
2010-11-05,20.809999,21.027500,20.809999,21.027500,18.655287,9038800
2010-11-08,20.915001,20.959999,20.740000,20.902500,18.544395,7300400
2010-11-09,20.912500,20.922501,20.719999,20.799999,18.453459,9705200
2010-11-10,20.785000,20.997499,20.705000,20.969999,18.604275,8811200
2010-11-11,20.837500,20.950001,20.747499,20.917500,18.557699,6689600
2010-11-12,20.797501,20.912500,20.510000,20.655001,18.324814,7630400
2010-11-15,20.727501,20.735001,20.424999,20.450001,18.142939,7975600
2010-11-16,20.395000,20.559999,20.065001,20.127501,17.856825,12930800
2010-11-17,20.195000,20.482500,20.142500,20.347500,18.052006,10762000
2010-11-18,20.542500,20.735001,20.542500,20.617500,18.291538,8432000
2010-11-19,20.717501,21.580000,20.717501,21.452499,19.032345,19276800
2010-11-22,21.270000,21.500000,21.270000,21.480000,19.056744,7275600
2010-11-23,21.262501,21.469999,21.219999,21.315001,18.910357,6632000
2010-11-24,21.360001,21.742500,21.360001,21.632500,19.192038,8905600
2010-11-26,21.577499,21.650000,21.475000,21.490000,19.065613,4050400
2010-11-29,21.350000,21.350000,20.980000,21.290001,18.888174,9700400
2010-11-30,21.125000,21.650000,21.092501,21.532499,19.103319,13166000
2010-12-01,21.870001,22.070000,21.850000,21.910000,19.438232,7963600
2010-12-02,21.959999,22.000000,21.740000,21.957500,19.549524,6449200
2010-12-03,21.877501,21.995001,21.705000,21.882500,19.482752,8116400
2010-12-06,21.877501,21.990000,21.760000,21.932501,19.527258,4806400
2010-12-07,22.097500,22.112499,21.780001,21.797501,19.407074,7686800
2010-12-08,21.862499,21.912500,21.600000,21.830000,19.436001,5462800
2010-12-09,22.035000,22.125000,21.809999,21.867500,19.469393,6420400
2010-12-10,21.940001,22.097500,21.875000,21.950001,19.542850,5095200
2010-12-13,22.410000,22.629999,22.252501,22.307501,19.861141,12956400
2010-12-14,22.245001,22.434999,22.127501,22.320000,19.872267,7558800
2010-12-15,22.317499,22.400000,22.107500,22.145000,19.716461,7000800
2010-12-16,22.135000,22.312500,21.942499,22.307501,19.861141,7224400
2010-12-17,22.340000,22.587500,22.320000,22.512501,20.043653,11552400
2010-12-20,22.632500,22.717501,22.407499,22.567499,20.092628,8692800
2010-12-21,22.750000,23.122499,22.620001,23.075001,20.544470,25000000
2010-12-22,21.750000,22.062500,21.650000,21.737499,19.353651,33224000
2010-12-23,21.732500,21.750000,21.357500,21.512501,19.153324,13772800
2010-12-27,21.495001,21.520000,21.375000,21.457500,19.104353,6373600
2010-12-28,21.559999,21.695000,21.527500,21.582500,19.215643,8459600
2010-12-29,21.635000,21.635000,21.312500,21.317499,18.979706,6960400
2010-12-30,21.325001,21.530001,21.280001,21.440001,19.088772,5910000
2010-12-31,21.350000,21.459999,21.280001,21.355000,19.013103,5796000
2011-01-03,21.457500,21.645000,21.315001,21.522499,19.162222,8566400
2011-01-04,21.400000,21.437500,20.937500,20.992500,18.690353,13797600
2011-01-05,20.912500,21.207500,20.877501,21.129999,18.812775,11598800
2011-01-06,21.112499,21.125000,20.889999,20.940001,18.643616,8057200
2011-01-07,20.924999,20.987499,20.817499,20.882500,18.592415,8174400
2011-01-10,20.812500,21.122499,20.764999,21.042500,18.734865,8914400
2011-01-11,21.049999,21.200001,20.905001,21.004999,18.701477,5563200
2011-01-12,21.100000,21.122499,20.920000,20.932501,18.636929,9653600
2011-01-13,20.957500,20.957500,20.612499,20.639999,18.376505,9774400
2011-01-14,20.655001,21.075001,20.592501,21.017500,18.712606,8390800
2011-01-18,21.105000,21.245001,20.967501,21.014999,18.710379,9024400
2011-01-19,21.022499,21.042500,20.707500,20.915001,18.621349,10901200
2011-01-20,20.799999,20.912500,20.625000,20.767500,18.490019,9431200
2011-01-21,20.877501,20.889999,20.547501,20.575001,18.318638,7430400
2011-01-24,20.500000,20.725000,20.375000,20.665001,18.398773,8115600
2011-01-25,20.642500,20.737499,20.480000,20.719999,18.447731,7434000
2011-01-26,20.785000,21.042500,20.697500,21.000000,18.697029,10357600
2011-01-27,21.017500,21.084999,20.672501,20.692499,18.423252,9769600
2011-01-28,20.727501,20.745001,20.325001,20.365000,18.131670,8968000
2011-01-31,20.379999,20.639999,20.252501,20.620001,18.358704,7680800
2011-02-01,20.687500,20.924999,20.655001,20.887501,18.596869,9705200
2011-02-02,20.857500,20.985001,20.780001,20.977501,18.676996,7764400
2011-02-03,20.892500,21.075001,20.844999,20.950001,18.652512,10352400
2011-02-04,21.002501,21.472500,20.952499,21.434999,19.084326,9636400
2011-02-07,21.450001,21.700001,21.415001,21.625000,19.253485,8380800
2011-02-08,21.670000,21.702499,21.545000,21.677500,19.300232,6836800
2011-02-09,21.677500,21.924999,21.612499,21.812500,19.420427,8368800
2011-02-10,21.730000,21.860001,21.565001,21.697500,19.318037,6752400
2011-02-11,21.612499,21.677500,21.490000,21.552500,19.188938,7392800
2011-02-14,21.580000,21.635000,21.362499,21.442499,19.090998,7376000
2011-02-15,21.317499,21.397499,21.155001,21.387501,19.042028,8109600
2011-02-16,21.379999,21.487499,21.280001,21.437500,19.086550,8908800
2011-02-17,21.184999,21.520000,21.100000,21.510000,19.151098,11937200
2011-02-18,21.620001,22.207500,21.500000,22.205000,19.769878,14709200
2011-02-22,21.900000,22.080000,21.727501,21.807501,19.415970,10978800
2011-02-23,21.722500,21.957500,21.447500,21.547501,19.184486,11854400
2011-02-24,21.480000,21.730000,21.375000,21.629999,19.257933,8765200
2011-02-25,21.667500,22.075001,21.635000,21.995001,19.582909,8998400
2011-02-28,22.072500,22.290001,21.987499,22.257500,19.816620,10352800
2011-03-01,22.412500,22.452499,21.877501,21.924999,19.520588,13718400
2011-03-02,21.915001,22.307501,21.807501,22.082500,19.660818,9465200
2011-03-03,22.227501,22.497499,22.225000,22.459999,20.067339,10421200
2011-03-04,22.452499,22.500000,22.334999,22.469999,20.076283,10181600
2011-03-07,22.500000,22.780001,22.067499,22.230000,19.861841,16266400
2011-03-08,22.287500,22.417500,22.207500,22.297501,19.922159,9622000
2011-03-09,22.190001,22.415001,22.062500,22.237499,19.868547,9950400
2011-03-10,22.062500,22.267500,21.885000,22.045000,19.696552,9078400
2011-03-11,21.870001,21.897499,21.367500,21.792500,19.470951,14917200
2011-03-14,21.715000,21.719999,21.340000,21.552500,19.256517,10236000
2011-03-15,21.157499,21.455000,21.000000,21.332500,19.059952,9891200
2011-03-16,21.250000,21.467501,21.012501,21.205000,18.946043,10024800
2011-03-17,21.392500,21.434999,21.122499,21.352501,19.077826,13822000
2011-03-18,19.497499,19.662500,19.207500,19.397499,17.331089,78895200
2011-03-21,19.405001,19.487499,19.155001,19.209999,17.163567,23426000
2011-03-22,19.162500,19.250000,17.357500,18.862499,16.853086,36628400
2011-03-23,18.795000,19.424999,18.762501,19.305000,17.248453,48562000
2011-03-24,19.370001,19.459999,19.100000,19.182501,17.138996,17726800
2011-03-25,19.207500,19.400000,19.155001,19.165001,17.123362,18833600
2011-03-28,19.170000,19.247499,18.950001,18.972500,16.951366,14793600
2011-03-29,19.025000,19.162500,18.905001,19.090000,17.056355,15672400
2011-03-30,19.117500,19.250000,19.059999,19.187500,17.143463,9911200
2011-03-31,19.122499,19.152500,18.905001,18.924999,16.908922,13097200
2011-04-01,18.985001,19.225000,18.955000,19.132500,17.094320,12892400
2011-04-04,19.195000,19.389999,19.087500,19.352501,17.290888,9965200
2011-04-05,19.295000,19.500000,19.212500,19.482500,17.407038,12783200
2011-04-06,19.660000,19.750000,19.559999,19.667500,17.572330,15684000
2011-04-07,19.660000,19.660000,19.254999,19.522499,17.442776,14822800
2011-04-08,19.667500,19.750000,19.264999,19.347500,17.286419,10769600
2011-04-11,19.315001,19.535000,19.312500,19.532499,17.451712,8329200
2011-04-12,19.379999,19.592501,19.337500,19.549999,17.467344,8850000
2011-04-13,19.545000,19.882500,19.537500,19.852501,17.737623,12069600
2011-04-14,19.715000,20.067499,19.662500,20.020000,17.887280,14087600
2011-04-15,20.102501,20.102501,19.667500,19.682501,17.585728,13746800
2011-04-18,19.517500,19.662500,19.299999,19.645000,17.552223,11543200
2011-04-19,19.667500,19.887501,19.622499,19.682501,17.585728,10802800
2011-04-20,19.860001,20.062500,19.815001,20.017500,17.885042,14865200
2011-04-21,20.157499,20.157499,19.959999,20.047501,17.911844,8706000
2011-04-25,20.152500,20.227501,19.969999,20.027500,17.893978,6976000
2011-04-26,20.022499,20.150000,19.850000,19.990000,17.860468,7317600
2011-04-27,20.014999,20.307501,19.980000,20.280001,18.119579,9981200
2011-04-28,20.270000,20.682501,20.150000,20.642500,18.443466,10064000
2011-04-29,20.565001,20.632500,20.437500,20.580000,18.387619,8844400
2011-05-02,20.695000,20.870001,20.500000,20.559999,18.369745,12402400
2011-05-03,20.587500,20.650000,20.385000,20.415001,18.240198,8710800
2011-05-04,20.620001,20.750000,20.352501,20.697500,18.492599,11956000
2011-05-05,20.674999,20.834999,20.522499,20.652500,18.452398,9631200
2011-05-06,20.797501,20.857500,20.440001,20.504999,18.320614,9624800
2011-05-09,20.450001,20.742500,20.424999,20.727501,18.519409,6536800
2011-05-10,20.812500,20.924999,20.682501,20.875000,18.651192,10405600
2011-05-11,20.792500,20.915001,20.549999,20.665001,18.463568,8601600
2011-05-12,20.660000,21.174999,20.610001,21.145000,18.892429,10240800
2011-05-13,21.180000,21.632500,21.174999,21.565001,19.267691,14448800
2011-05-16,21.434999,21.565001,21.254999,21.317499,19.046549,10656800
2011-05-17,21.205000,21.254999,20.992500,21.222500,18.961672,9972400
2011-05-18,21.222500,21.400000,21.132500,21.207500,18.948271,9857600
2011-05-19,21.297501,21.540001,21.260000,21.527500,19.234184,8239600
2011-05-20,21.597500,21.620001,21.097500,21.262501,18.997414,10130400
2011-05-23,21.025000,21.182501,20.865000,20.905001,18.678001,9112400
2011-05-24,20.947500,21.182501,20.907499,21.082500,18.836588,5756000
2011-05-25,20.945000,20.950001,20.777500,20.797501,18.581951,9230400
2011-05-26,20.792500,21.059999,20.747499,21.017500,18.778509,6762000
2011-05-27,21.059999,21.200001,21.047501,21.155001,18.901371,6079600
2011-05-31,21.209999,21.237499,20.955000,21.112499,18.863388,8879200
2011-06-01,21.084999,21.180000,20.520000,20.537500,18.349651,10124800
2011-06-02,20.467501,20.647499,20.264999,20.287500,18.194946,11829200
2011-06-03,20.127501,20.337500,20.055000,20.090000,18.017813,11259200
2011-06-06,20.092501,20.237499,19.934999,19.942499,17.885527,9092800
2011-06-07,20.047501,20.580000,20.037500,20.475000,18.363102,13809200
2011-06-08,20.382500,20.497499,19.967501,20.025000,17.959513,12223200
2011-06-09,20.072500,20.332500,20.059999,20.167500,18.087315,9538800
2011-06-10,20.147499,20.389999,19.887501,19.915001,17.860867,9920000
2011-06-13,19.937500,20.472500,19.920000,20.127501,18.051443,10787600
2011-06-14,20.292500,20.607500,20.270000,20.559999,18.439333,11731600
2011-06-15,20.389999,20.477501,19.975000,20.097500,18.024540,11418800
2011-06-16,20.117500,20.187500,19.860001,20.072500,18.002117,9092000
2011-06-17,20.202499,20.397499,20.200001,20.277500,18.185974,10494400
2011-06-20,20.215000,20.847500,20.215000,20.807501,18.661306,9140800
2011-06-21,20.787500,21.207500,20.762501,21.127501,18.948299,9263200
2011-06-22,20.972500,21.102501,20.462500,20.487499,18.374306,18370400
2011-06-23,20.340000,20.590000,20.157499,20.547501,18.428131,17086000
2011-06-24,20.527500,20.622499,20.182501,20.295000,18.201668,15564400
2011-06-27,20.230000,20.692499,20.230000,20.405001,18.300320,22992800
2011-06-28,21.317499,22.645000,21.290001,22.475000,20.156807,60456800
2011-06-29,22.415001,22.587500,22.045000,22.445000,20.129902,25427600
2011-06-30,22.305000,22.607500,22.305000,22.495001,20.174751,17715200
2011-07-01,22.412500,22.997499,22.357500,22.955000,20.587301,16781200
2011-07-05,22.820000,23.027500,22.732500,22.934999,20.569365,14938800
2011-07-06,22.847500,23.122499,22.842501,23.087500,20.706137,14488000
2011-07-07,23.190001,23.557501,23.177500,23.415001,20.999849,17198000
2011-07-08,23.247499,23.334999,23.067499,23.309999,20.905685,12672400
2011-07-11,22.967501,23.262501,22.782499,22.857500,20.499859,12599600
2011-07-12,22.820000,22.995001,22.662500,22.807501,20.455013,7284000
2011-07-13,22.745001,23.217501,22.745001,23.012501,20.638868,9458400
2011-07-14,23.042500,23.237499,22.812500,22.990000,20.618690,10843200
2011-07-15,23.092501,23.092501,22.707500,22.924999,20.560389,14330400
2011-07-18,22.725000,22.897499,22.620001,22.660000,20.322727,11662400
2011-07-19,22.862499,22.882500,22.627501,22.684999,20.345148,18579600
2011-07-20,22.722500,22.745001,22.542500,22.650000,20.313761,9916000
2011-07-21,22.690001,23.147499,22.572500,22.959999,20.591782,11621200
2011-07-22,23.012501,23.072500,22.857500,22.927500,20.562641,7219200
2011-07-25,22.584999,22.852501,22.580000,22.732500,20.387751,6965200
2011-07-26,22.750000,22.830000,22.547501,22.582500,20.253225,7566800
2011-07-27,22.485001,22.642500,22.137501,22.180000,19.892237,12686400
2011-07-28,22.217501,22.840000,22.217501,22.620001,20.286848,14810400
2011-07-29,22.452499,22.700001,22.312500,22.537500,20.212864,9905200
2011-08-01,22.605000,22.615000,22.002501,22.334999,20.031250,10046800
2011-08-02,22.065001,22.299999,21.245001,21.277500,19.082821,17061600
2011-08-03,21.325001,21.780001,20.727501,21.770000,19.524530,15954400
2011-08-04,21.527500,21.687500,20.372499,20.387501,18.284628,18850800
2011-08-05,20.627501,21.127501,20.084999,20.967501,18.804802,21511200
2011-08-08,20.344999,20.834999,19.500000,19.797501,17.755478,23861600
2011-08-09,20.090000,20.662500,19.245001,20.625000,18.497625,21544000
2011-08-10,20.417500,20.725000,19.760000,19.832500,17.786873,19309600
2011-08-11,19.915001,21.097500,19.830000,20.812500,18.665787,14950400
2011-08-12,20.965000,21.262501,20.847500,21.059999,18.887764,10663200
2011-08-15,21.152500,21.290001,20.695000,21.282499,19.087315,10026800
2011-08-16,21.022499,21.382500,20.782499,20.805000,18.659058,14041200
2011-08-17,20.912500,21.147499,20.459999,20.637501,18.508839,12017200
2011-08-18,20.190001,20.347500,19.742500,19.980000,17.919149,16644000
2011-08-19,19.735001,20.372499,19.625000,19.645000,17.618713,12648800
2011-08-22,20.007500,20.145000,19.757500,19.812500,17.768936,11138800
2011-08-23,19.892500,20.907499,19.775000,20.897499,18.742022,12045600
2011-08-24,20.802500,21.497499,20.715000,21.450001,19.237532,15281600
2011-08-25,21.462500,21.622499,20.872499,20.940001,18.780142,12359600
2011-08-26,20.825001,21.615000,20.575001,21.572500,19.347403,12230800
2011-08-29,21.777500,22.150000,21.700001,22.135000,19.851877,11164000
2011-08-30,22.075001,22.132500,21.590000,21.592501,19.365334,18831200
2011-08-31,21.760000,22.132500,21.537500,21.662500,19.428114,13958000
2011-09-01,21.587500,22.025000,21.504999,21.637501,19.475378,15754400
2011-09-02,21.217501,21.457500,20.950001,21.010000,18.910570,10301200
2011-09-06,20.287500,20.977501,20.049999,20.940001,18.847572,11293200
2011-09-07,21.260000,21.627501,21.040001,21.627501,19.466366,11406000
2011-09-08,21.437500,21.872499,21.200001,21.332500,19.200848,11198800
2011-09-09,21.107500,21.347500,20.620001,20.625000,18.564039,14903200
2011-09-12,20.440001,21.105000,20.362499,21.090000,18.982580,9916800
2011-09-13,21.102501,21.594999,21.014999,21.455000,19.311102,11845600
2011-09-14,21.567499,22.197500,21.352501,21.872499,19.686884,15416000
2011-09-15,22.065001,22.100000,21.690001,22.010000,19.810640,11005600
2011-09-16,22.155001,22.495001,22.082500,22.442499,20.199924,16175600
2011-09-19,22.059999,22.625000,22.007500,22.549999,20.296682,14538000
2011-09-20,22.667500,22.795000,22.309999,22.365000,20.130177,15854400
2011-09-21,22.309999,22.405001,21.387501,21.434999,19.293100,20442800
2011-09-22,20.797501,21.177500,20.555000,21.045000,18.942076,23763200
2011-09-23,21.945000,22.497499,21.672501,22.160000,19.945658,36419200
2011-09-26,22.389999,22.495001,21.805000,22.327499,20.096422,16838400
2011-09-27,22.600000,23.139999,22.495001,22.645000,20.382193,17462800
2011-09-28,22.667500,22.995001,22.062500,22.117500,19.907402,14258000
2011-09-29,22.447500,22.500000,21.360001,21.997499,19.799397,14378000
2011-09-30,21.745001,22.059999,21.370001,21.377501,19.241350,13958800
2011-10-03,21.237499,21.547501,20.750000,20.762501,18.687805,14336000
2011-10-04,20.385000,21.475000,20.252501,21.432501,19.290855,13781600
2011-10-05,21.482500,22.059999,21.332500,21.950001,19.756638,14786400
2011-10-06,21.882500,22.447500,21.805000,22.320000,20.089670,10604000
2011-10-07,22.322500,22.467501,21.897499,22.037500,19.835400,10361600
2011-10-10,22.445000,22.717501,22.334999,22.680000,20.413696,8209200
2011-10-11,22.447500,22.674999,22.357500,22.462500,20.217930,8690400
2011-10-12,22.582500,23.125000,22.487499,22.947500,20.654463,14055200
2011-10-13,22.855000,23.125000,22.732500,23.052500,20.748974,8464800
2011-10-14,23.145000,23.295000,22.977501,23.242500,20.919996,8570800
2011-10-17,23.067499,23.225000,22.677500,22.754999,20.481195,8205600
2011-10-18,22.652500,23.082500,21.995001,22.870001,20.584711,11126000
2011-10-19,22.917500,23.125000,22.767500,22.822500,20.541960,8566800
2011-10-20,22.910000,23.115000,22.672501,22.972500,20.676968,8444800
2011-10-21,23.200001,23.587500,23.132500,23.587500,21.230509,12383600
2011-10-24,23.584999,23.982500,23.530001,23.767500,21.392529,13173600
2011-10-25,23.527500,23.834999,23.367500,23.437500,21.095499,9488800
2011-10-26,23.660000,23.747499,23.182501,23.552500,21.199015,9555200
2011-10-27,24.042500,24.122499,23.857500,23.957500,21.563541,15440800
2011-10-28,23.915001,24.232500,23.730000,24.187500,21.770555,12221600
2011-10-31,23.940001,24.420000,23.885000,24.087500,21.680552,12228000
2011-11-01,23.377501,23.857500,23.365000,23.469999,21.124754,10651200
2011-11-02,23.912500,23.950001,23.522499,23.735001,21.363279,11624400
2011-11-03,24.037500,24.059999,23.392500,23.920000,21.529789,10792800
2011-11-04,23.799999,23.997499,23.402500,23.594999,21.237263,8239200
2011-11-07,23.629999,23.825001,23.360001,23.450001,21.106760,8730800
2011-11-08,23.597500,23.910000,23.424999,23.855000,21.471285,9659200
2011-11-09,23.367500,23.512501,22.902500,23.090000,20.782732,11706800
2011-11-10,23.355000,23.635000,23.142500,23.480000,21.133759,9393600
2011-11-11,23.687500,24.102501,23.612499,24.037500,21.635550,8108000
2011-11-14,23.959999,24.222500,23.799999,23.937500,21.545542,6849200
2011-11-15,23.815001,24.150000,23.667500,23.987499,21.590544,7013600
2011-11-16,23.785000,23.875000,23.385000,23.424999,21.084253,8850000
2011-11-17,23.282499,23.420000,22.725000,22.972500,20.676968,9039200
2011-11-18,23.155001,23.370001,22.862499,23.187500,20.870481,9440800
2011-11-21,22.905001,23.040001,22.447500,22.764999,20.490210,7354000
2011-11-22,22.797501,23.155001,22.747499,22.907499,20.618456,7660000
2011-11-23,22.682501,22.992500,22.625000,22.732500,20.460951,7470400
2011-11-25,22.665001,22.965000,22.570000,22.570000,20.314690,3475600
2011-11-28,23.010000,23.957500,22.975000,23.727501,21.356527,15442400
2011-11-29,23.815001,23.857500,23.577499,23.717501,21.347525,11024400
2011-11-30,24.270000,24.375000,23.730000,24.045000,21.642303,13492800
2011-12-01,23.840000,24.084999,23.627501,23.812500,21.513550,9566800
2011-12-02,23.945000,24.177500,23.877501,24.062500,21.739418,9465600
2011-12-05,24.182501,24.372499,23.985001,24.150000,21.818468,8855600
2011-12-06,24.299999,24.309999,23.990000,24.062500,21.739418,6987600
2011-12-07,24.195000,24.247499,23.815001,23.972500,21.658112,11209200
2011-12-08,23.900000,24.120001,23.750000,23.795000,21.497744,9393200
2011-12-09,23.870001,24.562500,23.825001,24.420000,22.062403,12422800
2011-12-12,24.334999,24.437500,23.945000,24.237499,21.897526,10852400
2011-12-13,24.282499,24.447500,23.602501,23.762501,21.468386,10714000
2011-12-14,23.742500,23.930000,23.437500,23.597500,21.319317,9455200
2011-12-15,23.860001,23.934999,23.352501,23.520000,21.249294,10732000
2011-12-16,23.695000,23.770000,23.387501,23.417500,21.156696,12788400
2011-12-19,23.480000,23.535000,23.264999,23.344999,21.091190,8765200
2011-12-20,23.620001,23.975000,23.222500,23.407499,21.147654,18300800
2011-12-21,23.957500,24.322500,23.572500,24.087500,21.762005,25045200
2011-12-22,24.147499,24.147499,23.562500,23.705000,21.416433,11711600
2011-12-23,23.817499,24.232500,23.692499,24.225000,21.886232,7165200
2011-12-27,24.245001,24.500000,24.127501,24.442499,22.082731,6448000
2011-12-28,24.482500,24.500000,24.070000,24.107500,21.780075,6830000
2011-12-29,24.137501,24.480000,24.122499,24.365000,22.012714,8571600
2011-12-30,24.347500,24.385000,24.092501,24.092501,21.766523,6609200
2012-01-03,24.342501,24.497499,24.174999,24.202499,21.865904,10944400
2012-01-04,24.177500,24.687500,24.127501,24.555000,22.184372,9440800
2012-01-05,24.447500,24.645000,24.250000,24.540001,22.170824,8393200
2012-01-06,24.482500,24.625000,24.379999,24.497499,22.132423,7760800
2012-01-09,24.525000,24.732500,24.424999,24.587500,22.213736,10045600
2012-01-10,24.707500,24.732500,24.420000,24.617500,22.240841,9812400
2012-01-11,24.567499,24.650000,24.447500,24.535000,22.166302,7002800
2012-01-12,24.572500,24.785000,24.434999,24.775000,22.383131,7516400
2012-01-13,24.597500,24.732500,24.510000,24.575001,22.202448,6534000
2012-01-17,24.674999,24.860001,24.512501,24.809999,22.414753,8242000
2012-01-18,24.702499,25.280001,24.674999,25.215000,22.780653,12278800
2012-01-19,25.184999,25.492500,25.129999,25.395000,22.943277,9158000
2012-01-20,25.387501,25.500000,25.254999,25.440001,22.983931,8949600
2012-01-23,25.480000,25.742500,25.292500,25.389999,22.938757,8329600
2012-01-24,25.334999,25.594999,25.254999,25.552500,23.085567,6564400
2012-01-25,25.480000,25.822500,25.472500,25.802500,23.311436,11383600
2012-01-26,25.750000,25.805000,25.447500,25.575001,23.105898,7528000
2012-01-27,25.542500,25.657499,25.375000,25.527500,23.062986,6934000
2012-01-30,25.362499,26.037500,25.217501,25.847500,23.352087,11892000
2012-01-31,26.142500,26.235001,25.865000,25.997499,23.487604,24751600
2012-02-01,26.102501,26.207500,25.934999,25.937500,23.433399,10000400
2012-02-02,26.000000,26.047501,25.642500,25.705000,23.223349,9372800
2012-02-03,25.875000,26.000000,25.775000,25.875000,23.376938,13192000
2012-02-06,25.760000,25.965000,25.670000,25.865000,23.367897,6230400
2012-02-07,25.805000,26.174999,25.740000,26.057501,23.541821,5231200
2012-02-08,26.129999,26.665001,26.129999,26.482500,23.925779,11142800
2012-02-09,26.437500,26.545000,26.305000,26.440001,23.887392,5847600
2012-02-10,26.267500,26.397499,26.190001,26.352501,23.808338,6210000
2012-02-13,26.450001,26.482500,26.155001,26.305000,23.765423,5875200
2012-02-14,26.197500,26.660000,26.072500,26.657499,24.083889,9526000
2012-02-15,26.737499,26.907499,26.577499,26.650000,24.077114,9935200
2012-02-16,26.617500,26.857500,26.387501,26.540001,23.977730,6658000
2012-02-17,26.684999,26.870001,26.570000,26.670000,24.095182,6957200
2012-02-21,26.647499,26.795000,26.177500,26.237499,23.704437,7308800
2012-02-22,26.264999,26.559999,26.245001,26.432501,23.880610,6237200
2012-02-23,26.480000,26.674999,26.385000,26.535000,23.973215,5860400
2012-02-24,26.527500,26.650000,26.407499,26.572500,24.007092,4675200
2012-02-27,26.469999,26.927500,26.385000,26.792500,24.205854,6077200
2012-02-28,26.852501,26.907499,26.629999,26.857500,24.264584,5047600
2012-02-29,26.877501,27.070000,26.732500,26.980000,24.375256,7088400
2012-03-01,27.222500,27.245001,27.004999,27.135000,24.597338,7070400
2012-03-02,27.167500,27.264999,26.987499,27.184999,24.642666,7011200
2012-03-05,27.174999,27.417500,27.075001,27.309999,24.755978,7173200
2012-03-06,27.139999,27.305000,26.742500,26.834999,24.325397,7887200
2012-03-07,26.865000,27.037500,26.825001,26.895000,24.379789,7177600
2012-03-08,27.032499,27.125000,26.915001,26.975000,24.452307,4564800
2012-03-09,27.160000,27.537500,27.049999,27.495001,24.923677,9813600
2012-03-12,27.200001,27.480000,27.150000,27.362499,24.803564,9208000
2012-03-13,27.500000,27.709999,27.385000,27.690001,25.100439,9531200
2012-03-14,27.725000,27.807501,27.540001,27.575001,24.996193,7452400
2012-03-15,27.707500,27.767500,27.577499,27.682501,25.093641,7297200
2012-03-16,27.684999,27.945000,27.639999,27.805000,25.204681,14449600
2012-03-19,27.975000,28.129999,27.740000,28.032499,25.410912,10399600
2012-03-20,27.932501,28.242500,27.932501,27.934999,25.322529,10681200
2012-03-21,28.017500,28.174999,27.594999,27.610001,25.027920,15109600
2012-03-22,27.527500,27.907499,27.270000,27.747499,25.152561,20453600
2012-03-23,27.802500,27.875000,26.517500,26.855000,24.343527,26509200
2012-03-26,26.969999,27.200001,26.930000,27.137501,24.599607,12512800
2012-03-27,27.177500,27.292500,26.930000,26.969999,24.447771,10130800
2012-03-28,26.902500,26.982500,26.570000,26.807501,24.300468,9239200
2012-03-29,26.575001,26.997499,26.575001,26.962500,24.440969,7893200
2012-03-30,27.094999,27.295000,26.962500,27.110001,24.574675,9274800
2012-04-02,27.105000,27.457500,26.997499,27.254999,24.706127,9788000
2012-04-03,27.202499,27.412500,27.075001,27.342501,24.785439,4644000
2012-04-04,27.287500,27.472500,27.170000,27.372499,24.812630,8866800
2012-04-05,27.257500,27.632500,27.250000,27.597500,25.016596,8787600
2012-04-09,27.222500,27.750000,27.127501,27.672501,25.084578,11309600
2012-04-10,27.620001,27.625000,26.482500,26.615000,24.125969,16864400
2012-04-11,26.924999,27.192499,26.867500,27.062500,24.531624,12034800
2012-04-12,27.035000,27.174999,26.792500,27.162500,24.622272,11554800
2012-04-13,27.212500,27.400000,27.070000,27.292500,24.740112,2622000
2012-04-16,27.267500,27.469999,27.170000,27.350000,24.792238,7135200
2012-04-17,27.465000,27.500000,27.299999,27.457500,24.889679,5772000
2012-04-18,27.334999,27.737499,27.262501,27.639999,25.055113,8174800
2012-04-19,27.657499,27.737499,27.257500,27.402500,24.839825,8027600
2012-04-20,27.432501,27.860001,27.432501,27.692499,25.102705,9299600
2012-04-23,27.457500,27.495001,27.167500,27.437500,24.871548,6355200
2012-04-24,27.247499,27.440001,26.584999,26.687500,24.191698,13254400
2012-04-25,26.792500,27.264999,26.732500,27.257500,24.708387,8388400
2012-04-26,27.257500,27.687500,27.182501,27.587500,25.007523,6228400
2012-04-27,27.522499,27.889999,27.452499,27.660000,25.073248,9349200
2012-04-30,27.750000,28.000000,27.750000,27.967501,25.351990,9552400
2012-05-01,27.977501,28.000000,27.625000,27.825001,25.222815,10164000
2012-05-02,27.760000,28.639999,27.760000,28.570000,25.898142,10581200
2012-05-03,28.552500,28.702499,28.379999,28.600000,25.925337,10340800
2012-05-04,28.475000,28.512501,27.885000,27.952499,25.338390,7205600
2012-05-07,27.850000,28.075001,27.799999,27.855000,25.250011,6864000
2012-05-08,27.450001,27.537500,26.639999,27.182501,24.640402,14058800
2012-05-09,26.857500,27.219999,26.770000,27.037500,24.508963,9026000
2012-05-10,27.257500,27.377501,26.809999,26.889999,24.375256,9458800
2012-05-11,26.799999,27.325001,26.665001,27.065001,24.533888,6328400
2012-05-14,26.912500,27.115000,26.735001,26.867500,24.354858,5636400
2012-05-15,26.827499,27.252501,26.752501,26.805000,24.298208,7127600
2012-05-16,26.934999,27.230000,26.555000,26.750000,24.248348,9965200
2012-05-17,26.695000,26.750000,26.067499,26.084999,23.645540,9444400
2012-05-18,26.350000,26.945000,26.270000,26.360001,23.894825,15844800
2012-05-21,26.327499,26.840000,26.327499,26.807501,24.300468,9034400
2012-05-22,26.809999,27.287500,26.799999,27.112499,24.576948,10214000
2012-05-23,26.942499,27.250000,26.545000,26.879999,24.366192,8513200
2012-05-24,26.917500,27.160000,26.695000,26.870001,24.357124,8629600
2012-05-25,26.980000,27.297501,26.905001,27.197500,24.653997,6687600
2012-05-29,27.377501,27.730000,27.285000,27.730000,25.136696,8734800
2012-05-30,27.395000,27.582500,27.057501,27.152500,24.613203,10357200
2012-05-31,27.125000,27.212500,26.665001,27.045000,24.597286,10796800
2012-06-01,26.572500,26.637501,26.045000,26.150000,23.783291,9376400
2012-06-04,26.137501,26.280001,25.785000,26.174999,23.806030,10202000
2012-06-05,26.075001,26.440001,26.000000,26.377501,23.990204,9183200
2012-06-06,26.522499,26.775000,26.432501,26.767500,24.344906,7794000
2012-06-07,26.985001,27.097500,26.562500,26.840000,24.410845,7079600
2012-06-08,26.844999,27.192499,26.577499,27.160000,24.701885,7254400
2012-06-11,27.280001,27.477501,26.850000,26.865000,24.433580,6257600
2012-06-12,26.897499,27.165001,26.684999,26.900000,24.465410,10159600
2012-06-13,26.802500,26.882500,25.320000,25.555000,23.242144,22770400
2012-06-14,25.865000,25.865000,24.840000,25.004999,22.741919,24052400
2012-06-15,25.062500,25.500000,24.889999,25.437500,23.135275,16830800
2012-06-18,25.382500,25.432501,25.032499,25.350000,23.055693,12656800
2012-06-19,25.360001,25.662500,25.332500,25.385000,23.087524,8638400
2012-06-20,25.639999,25.680000,25.157499,25.299999,23.010218,12839600
2012-06-21,25.315001,25.615000,24.632500,24.665001,22.432695,16054400
2012-06-22,24.727501,24.879999,24.570000,24.850000,22.600946,15357200
2012-06-25,24.594999,24.684999,24.174999,24.365000,22.159842,11873200
2012-06-26,24.440001,24.715000,24.325001,24.612499,22.384945,9580000
2012-06-27,24.732500,24.902500,24.375000,24.527500,22.307638,11222400
2012-06-28,24.385000,24.620001,23.959999,24.222500,22.030241,23916800
2012-06-29,21.959999,22.625000,21.275000,21.945000,19.958866,86339600
2012-07-02,22.097500,22.372499,22.007500,22.212500,20.202160,23501600
2012-07-03,22.342501,22.650000,22.062500,22.620001,20.572781,14998400
2012-07-05,22.674999,23.174999,22.637501,23.049999,20.963860,22257200
2012-07-06,22.902500,23.057501,22.692499,22.844999,20.777412,16196400
2012-07-09,22.802500,22.924999,22.500000,22.570000,20.527302,13910000
2012-07-10,22.650000,23.000000,22.650000,22.822500,20.756948,14529200
2012-07-11,22.917500,23.100000,22.625000,23.065001,20.977499,17389600
2012-07-12,22.980000,23.059999,22.552500,22.955000,20.877459,14964800
2012-07-13,23.065001,23.572500,23.010000,23.492500,21.366310,11396400
2012-07-16,23.452499,23.472500,23.222500,23.254999,21.150305,11684800
2012-07-17,23.120001,23.357500,22.977501,23.190001,21.091181,10660000
2012-07-18,23.122499,23.735001,22.995001,23.657499,21.516369,10964000
2012-07-19,23.799999,23.995001,23.527500,23.815001,21.659618,10861200
2012-07-20,23.677500,23.750000,23.262501,23.270000,21.163950,11975200
2012-07-23,23.012501,23.315001,22.834999,23.212500,21.111649,8619200
2012-07-24,23.315001,23.482500,23.102501,23.240000,21.136656,8305200
2012-07-25,23.385000,23.562500,23.275000,23.377501,21.261721,8244800
2012-07-26,23.622499,24.222500,23.572500,24.145000,21.959757,14765600
2012-07-27,24.205000,24.362499,23.910000,24.257500,22.062073,10419600
2012-07-30,24.232500,24.437500,23.872499,23.962500,21.793774,9112800
2012-07-31,23.760000,23.895000,23.312500,23.337500,21.225340,13070000
2012-08-01,23.377501,23.582500,23.190001,23.250000,21.145756,9594400
2012-08-02,22.995001,23.247499,22.760000,23.135000,21.041166,10461600
2012-08-03,23.402500,23.660000,23.344999,23.642500,21.502735,8997200
2012-08-06,23.682501,23.934999,23.662500,23.879999,21.718740,6321600
2012-08-07,23.912500,24.297501,23.912500,24.042500,21.866529,8313200
2012-08-08,23.945000,24.052500,23.799999,23.975000,21.805141,8274000
2012-08-09,23.907499,23.992500,23.730000,23.764999,21.614151,9914400
2012-08-10,23.662500,23.745001,23.582500,23.625000,21.486820,9284000
2012-08-13,23.577499,23.977501,23.465000,23.962500,21.793774,6880000
2012-08-14,24.030001,24.035000,23.674999,23.727501,21.580046,10998800
2012-08-15,23.725000,23.920000,23.542500,23.555000,21.423151,10466400
2012-08-16,23.552500,23.847500,23.357500,23.695000,21.550482,13942800
2012-08-17,23.757500,24.115000,23.707500,24.065001,21.886995,12295200
2012-08-20,24.055000,24.192499,23.897499,23.942499,21.775581,7441600
2012-08-21,23.982500,24.067499,23.790001,23.962500,21.793774,8553200
2012-08-22,23.945000,23.997499,23.797501,23.942499,21.775581,6465200
2012-08-23,23.920000,23.995001,23.735001,23.862499,21.702822,6762000
2012-08-24,23.860001,24.282499,23.860001,24.215000,22.023418,9764000
2012-08-27,24.230000,24.312500,24.025000,24.107500,21.925650,6921600
2012-08-28,24.052500,24.822500,23.962500,24.717501,22.480436,16471600
2012-08-29,24.740000,24.750000,24.552500,24.672501,22.439516,9468000
2012-08-30,24.472500,24.620001,24.382500,24.437500,22.307156,7020400
2012-08-31,24.517500,24.629999,24.237499,24.340000,22.218153,8129200
2012-09-04,24.297501,24.472500,24.059999,24.315001,22.195332,7589200
2012-09-05,24.379999,24.445000,24.242500,24.337500,22.215866,6288000
2012-09-06,24.437500,24.887501,24.367500,24.865000,22.697386,9083600
2012-09-07,24.830000,24.937500,24.719999,24.822500,22.658588,6991600
2012-09-10,24.812500,25.225000,24.757500,25.010000,22.829754,8677600
2012-09-11,24.857500,25.047501,24.777500,24.920000,22.747591,9840000
2012-09-12,24.959999,25.230000,24.850000,25.209999,23.012312,9198000
2012-09-13,24.837500,24.950001,24.567499,24.799999,22.638050,17326000
2012-09-14,24.730000,24.775000,23.972500,24.160000,22.053844,22890400
2012-09-17,24.080000,24.514999,24.020000,24.492500,22.357363,9379200
2012-09-18,24.424999,24.562500,24.267500,24.430000,22.300310,13601200
2012-09-19,25.057501,25.125000,24.400000,24.415001,22.286617,18669600
2012-09-20,24.600000,24.600000,24.094999,24.180000,22.072104,12850400
2012-09-21,24.385000,24.385000,24.049999,24.129999,22.026461,13657600
2012-09-24,23.900000,24.087500,23.500000,23.830000,21.752613,11824800
2012-09-25,23.797501,24.087500,23.750000,23.770000,21.697844,15992400
2012-09-26,23.740000,24.052500,23.582500,23.872499,21.791409,11866000
2012-09-27,23.950001,24.160000,23.662500,24.000000,21.907791,19398000
2012-09-28,23.264999,24.045000,23.197500,23.727501,21.659054,27354400
2012-10-01,23.727501,24.049999,23.655001,23.887501,21.805099,11072800
2012-10-02,24.014999,24.049999,23.645000,23.737499,21.668177,11305600
2012-10-03,23.727501,23.885000,23.405001,23.450001,21.405743,14771200
2012-10-04,23.582500,23.990000,23.500000,23.972500,21.882690,13058400
2012-10-05,24.035000,24.132500,23.715000,23.805000,21.729797,9247200
2012-10-08,23.752501,23.947500,23.687500,23.747499,21.677303,5638000
2012-10-09,23.727501,23.922501,23.600000,23.620001,21.560921,9778800
2012-10-10,23.715000,23.865000,23.537500,23.555000,21.501585,7208800
2012-10-11,23.655001,23.867500,23.632500,23.725000,21.656767,7937600
2012-10-12,23.760000,23.865000,23.582500,23.605000,21.547226,6537200
2012-10-15,23.667500,23.955000,23.594999,23.902500,21.818792,7527600
2012-10-16,24.070000,24.402500,24.035000,24.309999,22.190765,10012000
2012-10-17,24.227501,24.500000,24.227501,24.392500,22.266075,7126000
2012-10-18,24.424999,24.517500,24.254999,24.392500,22.266075,7797600
2012-10-19,24.385000,24.525000,24.025000,24.112499,22.010487,9341200
2012-10-22,23.855000,24.087500,23.455000,23.620001,21.560921,8992800
2012-10-23,23.459999,23.562500,23.187500,23.205000,21.182104,9384400
2012-10-24,23.434999,23.452499,23.115000,23.222500,21.198072,9947600
2012-10-25,23.262501,23.375000,22.782499,22.827499,20.837505,10019600
2012-10-26,22.770000,22.837500,22.580000,22.787500,20.800991,12444000
2012-10-31,22.762501,22.947500,22.695000,22.844999,20.853481,9128800
2012-11-01,22.975000,23.900000,22.975000,23.837500,21.759455,14254800
2012-11-02,23.924999,24.184999,23.622499,23.635000,21.574614,7264400
2012-11-05,23.637501,23.870001,23.587500,23.815001,21.738918,5872800
2012-11-06,23.812500,24.032499,23.687500,24.032499,21.937460,7824800
2012-11-07,23.930000,23.969999,23.655001,23.662500,21.599712,7655200
2012-11-08,23.612499,23.650000,22.965000,22.965000,20.963018,10450400
2012-11-09,22.922501,23.250000,22.920000,23.077499,21.065710,7748800
2012-11-12,23.125000,23.299999,22.995001,23.072500,21.061152,5979200
2012-11-13,22.792500,23.165001,22.757500,22.867500,20.874023,7246000
2012-11-14,22.990000,22.990000,22.412500,22.650000,20.675484,13019200
2012-11-15,22.572500,22.805000,22.517500,22.707500,20.727974,7764400
2012-11-16,22.959999,23.187500,22.850000,23.147499,21.129608,11989200
2012-11-19,23.372499,24.084999,23.365000,24.080000,21.980822,10462400
2012-11-20,24.080000,24.129999,23.817499,23.902500,21.818792,9103200
2012-11-21,23.889999,23.957500,23.740000,23.900000,21.816509,7363600
2012-11-23,24.000000,24.190001,23.969999,24.187500,22.078947,3352400
2012-11-26,23.870001,24.420000,23.844999,24.415001,22.286617,12052800
2012-11-27,24.012501,24.500000,24.012501,24.252501,22.138279,8537200
2012-11-28,24.150000,24.790001,24.150000,24.782499,22.622074,8613600
2012-11-29,24.895000,25.082500,24.700001,24.742500,22.585573,9744000
2012-11-30,24.615000,24.629999,24.227501,24.370001,22.245541,12670000
2012-12-03,24.415001,24.727501,24.272499,24.389999,22.263792,8688000
2012-12-04,24.407499,24.594999,24.307501,24.417500,22.288900,7028400
2012-12-05,24.480000,24.520000,24.152500,24.420000,22.291178,6764400
2012-12-06,24.367500,24.670000,24.307501,24.605000,22.557043,9092000
2012-12-07,24.727501,24.747499,24.432501,24.647499,22.596006,7418000
2012-12-10,24.667500,24.827499,24.495001,24.520000,22.479120,7276800
2012-12-11,24.500000,24.875000,24.459999,24.852501,22.783941,9234400
2012-12-12,24.850000,25.000000,24.650000,24.799999,22.735809,10656000
2012-12-13,24.772499,24.892500,24.260000,24.332500,22.307224,7445200
2012-12-14,24.282499,24.472500,24.212500,24.227501,22.210964,8662000
2012-12-17,24.302500,24.522499,24.200001,24.497499,22.458485,8369600
2012-12-18,24.517500,24.745001,24.432501,24.730000,22.671637,7871600
2012-12-19,24.730000,24.799999,24.442499,24.445000,22.410360,7879200
2012-12-20,24.530001,24.762501,24.302500,24.750000,22.689972,12000000
2012-12-21,25.625000,26.370001,25.290001,26.275000,24.088043,27894800
2012-12-24,26.139999,26.557501,26.090000,26.400000,24.202639,11999200
2012-12-26,26.025000,26.250000,25.594999,25.665001,23.528818,8090400
2012-12-27,25.610001,25.969999,25.465000,25.879999,23.725916,7850400
2012-12-28,25.725000,25.860001,25.495001,25.495001,23.372965,6432400
2012-12-31,25.415001,25.820000,25.295000,25.799999,23.652573,6807400
2013-01-02,26.200001,26.240000,25.700001,25.920000,23.762589,7512800
2013-01-03,25.975000,26.299999,25.889999,26.184999,24.005531,7232200
2013-01-04,26.250000,26.520000,26.235001,26.440001,24.239313,6794000
2013-01-07,26.395000,26.540001,26.264999,26.480000,24.275982,6489400
2013-01-08,26.360001,26.469999,26.094999,26.200001,24.019285,6714200
2013-01-09,26.285000,26.370001,26.155001,26.225000,24.042208,5530400
2013-01-10,26.315001,26.440001,26.084999,26.275000,24.088043,7705600
2013-01-11,26.330000,26.709999,26.155001,26.549999,24.340155,9791000
2013-01-14,26.594999,26.740000,26.504999,26.594999,24.381407,5591800
2013-01-15,26.520000,26.875000,26.445000,26.820000,24.587679,6507200
2013-01-16,26.760000,27.000000,26.620001,26.865000,24.628935,5300200
2013-01-17,26.895000,26.985001,26.655001,26.740000,24.514343,4864800
2013-01-18,26.735001,26.785000,26.490000,26.645000,24.427244,6145400
2013-01-22,26.709999,26.754999,26.525000,26.740000,24.514343,6207600
2013-01-23,26.570000,26.680000,26.405001,26.545000,24.335569,6779200
2013-01-24,26.594999,26.940001,26.580000,26.930000,24.688524,6819800
2013-01-25,27.065001,27.785000,26.995001,27.775000,25.463190,12542800
2013-01-28,27.700001,27.760000,27.160000,27.250000,24.981886,8038200
2013-01-29,27.195000,27.230000,26.940001,26.959999,24.716032,7214800
2013-01-30,26.985001,27.080000,26.780001,26.805000,24.573929,6343000
2013-01-31,26.809999,27.139999,26.719999,27.025000,24.775614,9143800
2013-02-01,27.230000,27.360001,26.799999,26.850000,24.615185,6773400
2013-02-04,26.795000,27.129999,26.750000,26.830000,24.596849,5075800
2013-02-05,26.969999,27.155001,26.930000,26.945000,24.702274,4527200
2013-02-06,26.840000,27.184999,26.750000,27.080000,24.826036,5297000
2013-02-07,27.115000,27.360001,27.035000,27.340000,25.064400,5573000
2013-02-08,27.285000,27.594999,27.240000,27.295000,25.023142,5100800
2013-02-11,27.639999,27.950001,27.365000,27.610001,25.311926,8916600
2013-02-12,27.450001,27.605000,27.395000,27.545000,25.252338,3866600
2013-02-13,27.514999,27.684999,27.205000,27.280001,25.009388,6053800
2013-02-14,27.285000,27.495001,27.160000,27.309999,25.036892,6164200
2013-02-15,27.344999,27.570000,27.260000,27.475000,25.188162,7056200
2013-02-19,27.445000,27.580000,27.145000,27.235001,24.968145,8511200
2013-02-20,27.200001,27.330000,26.995001,27.010000,24.761866,7587200
2013-02-21,27.415001,27.520000,27.059999,27.270000,25.000229,9355800
2013-02-22,27.299999,27.440001,27.000000,27.235001,24.968145,5855000
2013-02-25,27.270000,27.495001,27.020000,27.020000,24.771032,8566000
2013-02-26,27.205000,27.370001,26.969999,27.135000,24.876467,6085200
2013-02-27,27.080000,27.260000,26.980000,27.170000,24.908546,6269200
2013-02-28,27.129999,27.360001,27.000000,27.230000,25.060402,6713600
2013-03-01,27.209999,27.415001,27.090000,27.410000,25.226059,8053400
2013-03-04,27.275000,27.450001,27.205000,27.365000,25.184649,5291800
2013-03-05,27.450001,27.500000,27.260000,27.450001,25.262873,8098000
2013-03-06,27.480000,27.805000,27.350000,27.650000,25.446934,5812000
2013-03-07,27.700001,27.825001,27.570000,27.610001,25.410126,5685200
2013-03-08,27.559999,27.615000,27.250000,27.344999,25.166237,8013000
2013-03-11,27.285000,27.320000,27.080000,27.264999,25.092611,6754800
2013-03-12,26.850000,27.084999,26.635000,26.745001,24.614044,12341600
2013-03-13,26.805000,27.495001,26.799999,27.424999,25.239862,8185400
2013-03-14,27.420000,27.450001,27.170000,27.344999,25.166237,6910800
2013-03-15,27.334999,27.424999,27.145000,27.389999,25.207649,8121000
2013-03-18,27.215000,27.330000,27.040001,27.080000,24.922350,5079400
2013-03-19,27.145000,27.219999,26.770000,26.915001,24.770506,6628400
2013-03-20,27.035000,27.440001,27.030001,27.415001,25.230665,7941800
2013-03-21,27.230000,27.360001,26.764999,26.799999,24.664661,15896200
2013-03-22,29.000000,30.125000,28.934999,29.764999,27.393419,38657400
2013-03-25,29.695000,29.990000,29.514999,29.780001,27.407221,13317400
2013-03-26,29.674999,29.815001,29.450001,29.735001,27.365812,8948600
2013-03-27,29.510000,29.650000,29.070000,29.225000,26.896446,10445000
2013-03-28,29.480000,29.655001,29.225000,29.504999,27.154135,7612400
2013-04-01,29.500000,29.594999,28.990000,29.129999,26.809015,6969800
2013-04-02,29.184999,29.695000,29.180000,29.450001,27.103519,9330600
2013-04-03,29.600000,29.764999,29.280001,29.455000,27.108120,7626600
2013-04-04,29.395000,29.750000,29.370001,29.670000,27.305990,4999400
2013-04-05,29.290001,29.520000,29.165001,29.485001,27.135731,6189800
2013-04-08,29.445000,29.975000,29.410000,29.975000,27.586689,8013200
2013-04-09,29.910000,30.065001,29.645000,29.945000,27.559078,6675000
2013-04-10,29.959999,30.275000,29.959999,30.145000,27.743143,5951000
2013-04-11,30.184999,30.690001,30.155001,30.600000,28.161890,8789400
2013-04-12,30.535000,30.615000,30.215000,30.290001,27.876593,5538800
2013-04-15,30.230000,30.465000,29.834999,29.834999,27.457844,6662600
2013-04-16,30.014999,30.264999,29.834999,30.250000,27.839779,5960600
2013-04-17,30.084999,30.655001,30.004999,30.450001,28.023844,10434800
2013-04-18,30.485001,30.600000,29.850000,30.090000,27.692524,6016400
2013-04-19,30.290001,30.520000,30.135000,30.459999,28.033047,6768400
2013-04-22,30.545000,30.745001,30.315001,30.680000,28.235516,5968600
2013-04-23,30.809999,30.965000,30.620001,30.840000,28.382769,6119600
2013-04-24,30.924999,31.000000,30.700001,30.764999,28.313742,4168000
2013-04-25,30.809999,31.245001,30.785000,31.035000,28.562229,4367600
2013-04-26,31.080000,31.235001,30.790001,30.945000,28.479399,4825600
2013-04-29,31.000000,31.405001,30.809999,31.315001,28.819920,5841600
2013-04-30,31.365000,31.885000,31.330000,31.799999,29.266279,10094800
2013-05-01,31.780001,32.145000,31.600000,31.680000,29.155840,7924400
2013-05-02,31.750000,31.785000,31.475000,31.660000,29.137432,5605400
2013-05-03,31.840000,32.480000,31.840000,32.275002,29.703428,6950800
2013-05-06,32.200001,32.275002,31.889999,31.980000,29.431938,4750200
2013-05-07,32.095001,32.185001,31.905001,31.955000,29.408930,6298000
2013-05-08,31.850000,32.055000,31.834999,31.950001,29.404327,6259000
2013-05-09,31.950001,32.264999,31.825001,31.870001,29.330700,4433800
2013-05-10,31.930000,32.395000,31.834999,32.380001,29.800066,6645600
2013-05-13,32.255001,32.400002,32.160000,32.325001,29.749454,3780600
2013-05-14,32.264999,32.990002,32.264999,32.955002,30.329254,8277200
2013-05-15,32.889999,33.000000,32.724998,32.915001,30.292439,5286200
2013-05-16,32.880001,33.035000,32.080002,32.220001,29.652817,7688600
2013-05-17,32.235001,32.720001,32.200001,32.660000,30.057756,6219200
2013-05-20,32.634998,32.750000,32.525002,32.665001,30.062353,5461800
2013-05-21,32.669998,32.724998,32.490002,32.615002,30.016336,6465400
2013-05-22,32.619999,32.785000,32.044998,32.224998,29.657412,8295200
2013-05-23,31.990000,32.075001,31.545000,31.665001,29.142033,8626400
2013-05-24,31.334999,31.434999,30.780001,31.395000,28.893547,7517400
2013-05-28,31.785000,32.055000,31.520000,31.639999,29.119028,7784000
2013-05-29,31.455000,31.584999,31.200001,31.465000,28.957970,5521200
2013-05-30,31.475000,31.650000,31.195000,31.205000,28.814846,5955200
2013-05-31,31.100000,31.570000,30.830000,30.830000,28.468563,7460400
2013-06-03,30.799999,31.540001,30.555000,31.514999,29.101095,10141200
2013-06-04,31.625000,31.785000,31.155001,31.389999,28.985674,6785400
2013-06-05,31.299999,31.469999,30.799999,30.875000,28.510124,6205400
2013-06-06,30.870001,31.090000,30.605000,31.080000,28.699411,4761400
2013-06-07,31.240000,31.545000,31.125000,31.375000,28.971821,5332000
2013-06-10,31.455000,31.740000,31.370001,31.520000,29.105717,5479000
2013-06-11,31.150000,31.469999,30.985001,31.075001,28.694803,5540400
2013-06-12,31.285000,31.285000,30.674999,30.705000,28.353140,5442600
2013-06-13,30.650000,30.959999,30.514999,30.879999,28.514734,7832600
2013-06-14,30.815001,31.200001,30.805000,30.945000,28.574760,5222400
2013-06-17,31.190001,31.360001,30.910000,30.969999,28.597837,7512800
2013-06-18,30.920000,31.125000,30.809999,31.075001,28.694803,9068800
2013-06-19,31.070000,31.170000,30.865000,30.875000,28.510124,9223600
2013-06-20,30.665001,30.815001,30.320000,30.389999,28.062267,9824200
2013-06-21,30.410000,30.690001,30.035000,30.285000,27.965311,10089200
2013-06-24,30.080000,30.254999,29.555000,29.975000,27.679060,9489400
2013-06-25,30.209999,30.495001,29.975000,30.195000,27.882204,10896400
2013-06-26,30.430000,31.059999,30.395000,30.924999,28.556290,11376800
2013-06-27,31.434999,31.625000,31.065001,31.160000,28.773287,12282800
2013-06-28,30.969999,32.035000,30.090000,31.840000,29.401205,26803800
2013-07-01,31.969999,32.294998,31.100000,31.165001,28.777908,14398800
2013-07-02,30.965000,31.540001,30.950001,31.309999,28.911798,7402400
2013-07-03,31.120001,31.469999,31.049999,31.430000,29.022610,3375600
2013-07-05,31.580000,31.915001,31.575001,31.820000,29.382734,5157800
2013-07-08,32.000000,32.330002,31.740000,31.860001,29.419676,6981600
2013-07-09,32.000000,32.139999,31.700001,31.965000,29.516630,6989200
2013-07-10,31.955000,31.955000,31.660000,31.799999,29.364265,5101800
2013-07-11,32.099998,32.220001,31.719999,31.860001,29.419676,7146000
2013-07-12,31.815001,31.915001,31.745001,31.834999,29.396584,4424000
2013-07-15,31.730000,31.825001,31.625000,31.674999,29.248842,5761800
2013-07-16,31.570000,31.735001,31.235001,31.350000,28.948736,6858200
2013-07-17,31.299999,31.834999,31.285000,31.665001,29.239609,6247600
2013-07-18,31.620001,31.889999,31.450001,31.660000,29.234987,4486800
2013-07-19,31.625000,31.795000,31.540001,31.674999,29.248842,5919400
2013-07-22,31.555000,31.785000,31.420000,31.645000,29.221142,5581600
2013-07-23,31.760000,31.790001,31.570000,31.594999,29.174973,4289600
2013-07-24,31.594999,31.715000,31.285000,31.315001,28.916422,4705400
2013-07-25,31.375000,31.445000,31.100000,31.245001,28.851782,8911400
2013-07-26,31.025000,31.299999,31.014999,31.264999,28.870245,5517800
2013-07-29,31.125000,31.395000,31.125000,31.355000,28.953356,5075600
2013-07-30,31.325001,31.549999,31.320000,31.424999,29.017994,6399600
2013-07-31,31.559999,31.750000,31.385000,31.459999,29.050308,8461800
2013-08-01,31.620001,33.055000,31.620001,32.985001,30.458496,15813200
2013-08-02,32.994999,33.305000,32.705002,33.150002,30.610861,7499800
2013-08-05,33.099998,33.270000,33.080002,33.200001,30.657036,4213000
2013-08-06,33.154999,33.424999,32.939999,33.270000,30.721670,6244000
2013-08-07,33.070000,33.119999,32.805000,32.814999,30.301527,5888800
2013-08-08,33.029999,33.224998,32.889999,33.025002,30.495440,5057400
2013-08-09,32.959999,33.369999,32.919998,33.154999,30.615479,5644800
2013-08-12,33.044998,33.299999,33.025002,33.255001,30.707821,4401800
2013-08-13,33.305000,33.375000,32.845001,32.904999,30.384634,4299400
2013-08-14,32.764999,32.830002,32.115002,32.174999,29.710548,5961800
2013-08-15,31.889999,32.000000,31.580000,31.745001,29.313480,6227000
2013-08-16,31.719999,32.154999,31.670000,31.825001,29.387362,5261200
2013-08-19,31.850000,32.555000,31.750000,32.355000,29.876760,7749600
2013-08-20,32.275002,32.855000,32.154999,32.314999,29.839823,7668400
2013-08-21,32.285000,32.494999,32.020000,32.064999,29.608973,4770400
2013-08-22,32.049999,32.584999,31.950001,32.430000,29.946012,5056000
2013-08-23,32.584999,32.610001,31.950001,32.105000,29.645908,8044600
2013-08-26,32.099998,32.264999,31.959999,31.959999,29.512007,5472400
2013-08-27,31.629999,31.870001,31.395000,31.405001,28.999527,4870800
2013-08-28,31.360001,31.850000,31.325001,31.684999,29.258081,6044000
2013-08-29,31.495001,31.930000,31.440001,31.740000,29.406311,4600000
2013-08-30,31.855000,31.895000,31.299999,31.410000,29.100573,5851000
2013-09-03,31.805000,32.450001,31.750000,32.145000,29.781540,8214000
2013-09-04,32.165001,32.740002,32.150002,32.564999,30.170656,7101400
2013-09-05,32.500000,32.790001,32.345001,32.689999,30.286463,5271600
2013-09-06,32.700001,32.775002,32.084999,32.490002,30.101171,4632600
2013-09-09,32.529999,32.794998,32.465000,32.700001,30.295721,4147800
2013-09-10,33.349998,33.490002,32.980000,33.410000,30.953531,13380000
2013-09-11,33.490002,33.910000,33.410000,33.794998,31.310213,9112400
2013-09-12,33.980000,34.450001,33.900002,34.040001,31.537203,8249800
2013-09-13,33.950001,34.070000,33.595001,33.955002,31.458456,6584600
2013-09-16,34.375000,34.410000,33.955002,34.095001,31.588161,5337600
2013-09-17,34.090000,34.334999,33.990002,34.160000,31.648380,7752400
2013-09-18,33.985001,34.924999,33.965000,34.740002,32.185738,8548000
2013-09-19,34.884998,35.279999,34.404999,34.750000,32.194996,14627600
2013-09-20,34.599998,34.750000,34.049999,34.685001,32.134789,37157000
2013-09-23,34.555000,34.775002,34.020000,34.490002,31.954115,11022000
2013-09-24,34.720001,34.860001,34.595001,34.715000,32.162575,7432800
2013-09-25,34.715000,34.764999,34.369999,34.459999,31.926325,7883200
2013-09-26,34.615002,35.244999,34.575001,35.169998,32.584122,13765000
2013-09-27,37.410000,37.625000,36.674999,36.820000,34.112804,31182000
2013-09-30,36.150002,36.584999,36.080002,36.320000,33.649578,14796400
2013-10-01,36.520000,36.625000,36.009998,36.209999,33.547657,10444400
2013-10-02,36.020000,36.130001,35.794998,35.945000,33.302147,8751600
2013-10-03,35.945000,36.250000,35.529999,35.820000,33.186337,7144600
2013-10-04,35.884998,36.174999,35.660000,36.070000,33.417950,7168200
2013-10-07,35.705002,35.985001,35.650002,35.669998,33.047367,5172800
2013-10-08,35.730000,36.314999,35.090000,35.139999,32.556320,7514200
2013-10-09,35.259998,35.735001,34.980000,35.445000,32.838902,9282200
2013-10-10,36.075001,36.724998,35.970001,36.720001,34.020161,11104800
2013-10-11,36.735001,36.865002,36.439999,36.730000,34.029427,10792200
2013-10-14,36.474998,37.084999,36.389999,37.029999,34.307365,6199800
2013-10-15,36.950001,37.185001,36.705002,36.855000,34.145229,7951200
2013-10-16,37.044998,37.310001,36.860001,37.259998,34.520451,8751600
2013-10-17,37.174999,37.325001,37.040001,37.270000,34.529716,9384400
2013-10-18,37.275002,37.994999,37.134998,37.965000,35.173618,9830800
2013-10-21,37.945000,38.185001,37.750000,38.044998,35.247742,9992600
2013-10-22,38.055000,38.244999,37.759998,37.980000,35.187508,6818800
2013-10-23,37.770000,37.970001,37.555000,37.779999,35.002228,4762000
2013-10-24,37.805000,37.889999,37.619999,37.755001,34.979069,5626400
2013-10-25,37.779999,38.180000,37.674999,37.849998,35.067070,6889000
2013-10-28,37.875000,37.990002,37.685001,37.755001,34.979069,6136800
2013-10-29,37.889999,38.090000,37.770000,37.955002,35.164352,4201000
2013-10-30,38.305000,38.445000,37.974998,38.064999,35.266254,6314200
2013-10-31,38.020000,38.134998,37.570000,37.880001,35.094872,8184400
2013-11-01,37.900002,38.215000,37.825001,38.029999,35.233845,4221600
2013-11-04,38.165001,38.270000,37.814999,38.185001,35.377445,3609200
2013-11-05,38.020000,38.660000,37.939999,38.599998,35.761932,6320400
2013-11-06,38.830002,38.830002,38.075001,38.380001,35.558113,3945400
2013-11-07,38.599998,38.650002,37.830002,37.849998,35.067070,6250800
2013-11-08,37.794998,38.570000,37.790001,38.560001,35.724880,5821600
2013-11-11,38.650002,38.680000,38.360001,38.580002,35.743404,3523200
2013-11-12,38.500000,38.630001,38.200001,38.435001,35.609058,4327400
2013-11-13,38.270000,38.945000,38.230000,38.924999,36.063038,4802200
2013-11-14,39.115002,39.404999,38.945000,39.320000,36.428993,4764200
2013-11-15,39.195000,39.639999,39.125000,39.610001,36.697666,5774000
2013-11-18,39.700001,39.700001,39.165001,39.290001,36.401203,5693200
2013-11-19,39.205002,39.314999,38.775002,38.904999,36.044506,6443200
2013-11-20,39.000000,39.299999,38.865002,38.919998,36.058403,5893000
2013-11-21,38.910000,39.110001,38.705002,39.044998,36.174202,4669400
2013-11-22,39.230000,39.490002,38.990002,39.435001,36.535534,7035600
2013-11-25,39.529999,39.805000,39.439999,39.564999,36.655979,4583400
2013-11-26,39.884998,39.935001,39.580002,39.799999,36.873703,7360400
2013-11-27,39.845001,39.915001,39.544998,39.665001,36.748631,3734200
2013-11-29,39.790001,39.880001,39.540001,39.570000,36.660610,3475200
2013-12-02,39.735001,40.070000,39.459999,39.544998,36.637451,6467800
2013-12-03,39.445000,39.744999,39.299999,39.564999,36.655979,5129200
2013-12-04,39.450001,39.590000,39.130001,39.410000,36.512371,4833200
2013-12-05,39.494999,39.669998,39.314999,39.474998,36.572598,5493400
2013-12-06,39.810001,39.945000,39.630001,39.930000,36.994137,3894000
2013-12-09,39.965000,40.130001,39.834999,39.889999,36.957081,4299200
2013-12-10,39.674999,39.830002,39.555000,39.610001,36.697666,5393800
2013-12-11,39.459999,39.509998,38.365002,38.419998,35.595161,13311600
2013-12-12,38.459999,38.459999,37.709999,38.115002,35.423229,10826000
2013-12-13,38.174999,38.395000,38.119999,38.200001,35.502235,7562200
2013-12-16,38.455002,38.549999,38.139999,38.220001,35.520817,9731000
2013-12-17,38.470001,38.625000,38.200001,38.380001,35.669521,13980600
2013-12-18,38.500000,39.290001,38.474998,39.275002,36.501308,10814400
2013-12-19,39.285000,39.375000,38.880001,39.130001,36.366550,10294600
2013-12-20,38.720001,38.849998,38.320000,38.669998,35.939034,20442600
2013-12-23,38.544998,38.720001,38.345001,38.555000,35.832161,9376800
2013-12-24,38.610001,38.900002,38.605000,38.830002,36.087734,2782600
2013-12-26,38.869999,39.230000,38.849998,39.095001,36.334019,4609800
2013-12-27,39.375000,39.505001,39.014999,39.080002,36.320084,4640800
2013-12-30,38.959999,39.445000,38.959999,39.369999,36.589603,4289000
2013-12-31,39.384998,39.474998,39.174999,39.320000,36.543133,4106200
2014-01-02,39.075001,39.415001,38.965000,39.119999,36.357254,5318600
2014-01-03,39.075001,39.314999,38.980000,39.014999,36.259666,5597000
2014-01-06,39.235001,39.299999,38.705002,38.715000,35.980858,6045800
2014-01-07,38.855000,39.000000,38.705002,38.744999,36.008736,6769000
2014-01-08,38.750000,38.974998,38.465000,38.544998,35.822861,6897800
2014-01-09,38.709999,38.730000,38.380001,38.544998,35.822861,6263200
2014-01-10,38.500000,38.674999,38.349998,38.459999,35.743874,5108000
2014-01-13,38.415001,38.459999,37.500000,37.590000,34.935303,8262400
2014-01-14,37.549999,37.669998,37.325001,37.584999,34.930656,7808400
2014-01-15,37.625000,37.865002,37.570000,37.715000,35.051483,5852400
2014-01-16,37.615002,37.689999,37.174999,37.395000,34.754078,4848000
2014-01-17,37.299999,37.369999,36.689999,36.695000,34.103516,9851800
2014-01-21,37.070000,37.299999,36.705002,36.875000,34.270813,13147000
2014-01-22,36.980000,37.029999,36.750000,36.750000,34.154633,7424000
2014-01-23,36.505001,36.590000,36.009998,36.365002,33.796818,9505200
2014-01-24,36.145000,36.330002,35.820000,35.825001,33.294960,9212000
2014-01-27,35.955002,36.130001,35.860001,35.950001,33.411129,11411600
2014-01-28,36.145000,36.575001,36.075001,36.355000,33.787521,9069200
2014-01-29,36.154999,36.285000,35.755001,35.884998,33.350716,10488800
2014-01-30,36.224998,37.099998,36.189999,36.970001,34.359100,10438400
2014-01-31,36.494999,36.654999,36.180000,36.424999,33.852577,8652000
2014-02-03,36.380001,36.395000,35.389999,35.439999,32.937145,9516000
2014-02-04,35.480000,35.619999,35.169998,35.255001,32.765209,7004200
2014-02-05,35.235001,35.430000,34.924999,35.299999,32.807034,7366800
2014-02-06,35.375000,36.134998,35.250000,35.755001,33.229897,7358600
2014-02-07,35.955002,36.424999,35.875000,36.345001,33.778240,6747200
2014-02-10,36.365002,36.494999,36.060001,36.334999,33.768944,6430400
2014-02-11,36.325001,37.075001,36.224998,36.990002,34.377682,8739400
2014-02-12,37.154999,37.404999,36.919998,37.055000,34.438095,6396200
2014-02-13,36.915001,37.480000,36.869999,37.435001,34.791256,6161400
2014-02-14,37.435001,37.590000,37.099998,37.535000,34.884186,6204800
2014-02-18,37.570000,37.735001,37.450001,37.605000,34.949245,5935600
2014-02-19,37.305000,37.775002,37.305000,37.410000,34.768017,5401400
2014-02-20,37.494999,37.875000,37.430000,37.790001,35.121185,5581600
2014-02-21,37.695000,38.330002,37.680000,38.240002,35.539402,8728600
2014-02-24,38.294998,39.070000,38.244999,38.919998,36.171383,11072200
2014-02-25,38.865002,39.259998,38.785000,39.055000,36.296852,6844000
2014-02-26,39.154999,39.529999,39.154999,39.209999,36.440899,7917400
2014-02-27,39.000000,39.195000,38.740002,39.009998,36.366325,6599200
2014-02-28,38.950001,39.355000,38.805000,39.150002,36.496826,6875200
2014-03-03,38.814999,38.994999,38.275002,38.695000,36.072674,6069200
2014-03-04,39.285000,39.525002,39.180000,39.310001,36.645996,5661200
2014-03-05,39.259998,39.299999,38.680000,38.709999,36.086647,6733200
2014-03-06,38.900002,39.195000,38.680000,39.110001,36.459538,5536400
2014-03-07,39.549999,40.044998,39.540001,39.730000,37.037533,8930800
2014-03-10,39.584999,39.680000,39.224998,39.490002,36.813793,5344400
2014-03-11,39.525002,39.810001,39.285000,39.400002,36.729900,4906600
2014-03-12,39.049999,39.500000,39.014999,39.485001,36.809124,4296800
2014-03-13,39.625000,39.865002,39.165001,39.264999,36.604034,8400400
2014-03-14,39.145000,39.500000,38.904999,39.160000,36.506153,6086000
2014-03-17,39.435001,39.570000,39.259998,39.490002,36.813793,8577600
2014-03-18,39.590000,40.040001,39.525002,39.820000,37.121441,8245400
2014-03-19,39.674999,39.980000,39.279999,39.575001,36.893044,5970400
2014-03-20,39.474998,39.634998,38.884998,39.634998,36.948963,12440600
2014-03-21,38.549999,38.654999,37.500000,37.605000,35.056534,31767000
2014-03-24,37.740002,37.915001,37.285000,37.430000,34.893394,9999000
2014-03-25,37.674999,37.755001,36.794998,36.825001,34.329403,10527000
2014-03-26,37.090000,37.250000,36.610001,36.610001,34.128967,8537600
2014-03-27,36.654999,37.049999,36.505001,36.660000,34.175579,8158600
2014-03-28,36.790001,37.060001,36.639999,36.770000,34.278118,5987000
2014-03-31,37.000000,37.095001,36.724998,36.930000,34.427273,6356600
2014-04-01,37.009998,37.389999,37.009998,37.195000,34.674324,7399400
2014-04-02,37.355000,37.500000,37.160000,37.270000,34.744236,7614600
2014-04-03,37.279999,37.590000,36.910000,36.994999,34.487877,8255000
2014-04-04,37.185001,37.250000,36.259998,36.419998,33.951843,9720200
2014-04-07,36.404999,36.470001,35.299999,35.415001,33.014954,13853800
2014-04-08,36.110001,36.555000,35.950001,36.459999,33.989132,12659600
2014-04-09,36.630001,36.799999,36.264999,36.779999,34.287453,7078400
2014-04-10,36.884998,37.084999,36.125000,36.224998,33.770058,8376600
2014-04-11,36.000000,36.334999,35.610001,35.625000,33.210716,8698000
2014-04-14,35.849998,36.230000,35.650002,36.189999,33.737427,7264800
2014-04-15,36.189999,36.435001,35.865002,36.139999,33.690830,7777400
2014-04-16,36.419998,36.590000,36.250000,36.549999,34.073036,4611200
2014-04-17,36.669998,37.215000,36.645000,37.014999,34.506519,9041600
2014-04-21,36.955002,37.029999,36.660000,36.950001,34.445930,6811800
2014-04-22,36.855000,37.349998,36.855000,37.174999,34.655674,5122200
2014-04-23,37.270000,37.430000,37.005001,37.049999,34.539146,4719400
2014-04-24,37.009998,37.185001,36.549999,36.695000,34.208210,6784600
2014-04-25,36.544998,36.849998,36.255001,36.349998,33.886589,6481200
2014-04-28,36.680000,36.845001,35.549999,35.834999,33.406490,11446800
2014-04-29,35.860001,36.360001,35.825001,36.240002,33.784042,6236000
2014-04-30,36.165001,36.529999,36.044998,36.474998,34.003113,6173800
2014-05-01,36.404999,36.689999,36.294998,36.459999,33.989132,4818200
2014-05-02,36.465000,36.764999,36.419998,36.494999,34.021759,4048000
2014-05-05,36.334999,36.715000,36.130001,36.645000,34.161598,4655600
2014-05-06,36.494999,36.584999,36.105000,36.125000,33.676838,4585200
2014-05-07,36.355000,36.415001,35.764999,36.090000,33.644203,5605400
2014-05-08,36.139999,36.674999,36.125000,36.525002,34.049732,7965200
2014-05-09,36.435001,36.790001,36.345001,36.724998,34.236168,4817000
2014-05-12,36.810001,37.330002,36.685001,37.314999,34.786190,6636400
2014-05-13,37.334999,37.500000,37.264999,37.294998,34.767544,4530200
2014-05-14,37.240002,37.325001,36.750000,36.790001,34.296772,6281200
2014-05-15,36.705002,36.810001,36.185001,36.470001,33.998463,6039800
2014-05-16,36.480000,36.974998,36.415001,36.970001,34.464577,5376800
2014-05-19,37.009998,37.275002,36.865002,37.244999,34.720932,4682200
2014-05-20,37.020000,37.049999,36.555000,36.630001,34.147610,5921400
2014-05-21,36.689999,37.130001,36.630001,37.105000,34.590412,4671800
2014-05-22,37.209999,37.465000,37.000000,37.439999,34.902721,4866400
2014-05-23,37.564999,38.160000,37.480000,37.924999,35.354851,7335200
2014-05-27,38.220001,38.424999,38.110001,38.305000,35.709099,6698000
2014-05-28,38.264999,38.305000,37.959999,38.134998,35.550621,4730000
2014-05-29,38.099998,38.320000,37.994999,38.189999,35.714264,3987600
2014-05-30,38.200001,38.465000,38.150002,38.455002,35.962101,5192400
2014-06-02,38.494999,38.494999,38.150002,38.360001,35.873257,3809600
2014-06-03,38.209999,38.305000,37.740002,37.775002,35.326187,6793400
2014-06-04,37.720001,38.180000,37.709999,38.064999,35.597370,7356800
2014-06-05,38.154999,38.270000,37.660000,37.935001,35.475811,7326400
2014-06-06,38.080002,38.435001,38.075001,38.115002,35.644135,6637600
2014-06-09,38.049999,38.455002,38.049999,38.334999,35.849880,5028600
2014-06-10,38.169998,38.459999,38.119999,38.154999,35.681538,5150200
2014-06-11,37.834999,37.900002,37.450001,37.570000,35.134468,9250000
2014-06-12,37.595001,37.720001,37.290001,37.384998,34.961456,6330600
2014-06-13,37.369999,37.465000,36.570000,37.310001,34.891327,7712200
2014-06-16,37.404999,37.650002,37.200001,37.275002,34.858593,6531400
2014-06-17,37.384998,37.580002,37.125000,37.544998,35.111084,6122200
2014-06-18,37.619999,38.180000,37.360001,38.105000,35.634777,9852200
2014-06-19,38.215000,38.224998,37.605000,37.820000,35.368252,4977600
2014-06-20,38.044998,38.064999,37.525002,37.549999,35.115765,11385600
2014-06-23,37.549999,37.805000,37.200001,37.724998,35.279411,9069200
2014-06-24,37.695000,37.985001,37.465000,37.490002,35.059654,7617000
2014-06-25,37.514999,38.270000,37.514999,38.235001,35.756355,7172200
2014-06-26,38.285000,38.455002,37.834999,38.430000,35.938721,10522600
2014-06-27,39.264999,39.575001,38.840000,38.840000,36.322140,18138400
2014-06-30,38.755001,38.865002,38.544998,38.775002,36.261356,8535800
2014-07-01,38.865002,39.270000,38.865002,39.000000,36.471756,7129200
2014-07-02,39.029999,39.205002,38.845001,38.895000,36.373573,5577200
2014-07-03,38.764999,39.310001,38.500000,39.224998,36.682182,4568600
2014-07-07,39.000000,39.415001,38.970001,39.325001,36.775703,5464800
2014-07-08,39.154999,39.205002,38.535000,38.834999,36.317455,8044400
2014-07-09,38.889999,39.384998,38.845001,39.345001,36.794395,7028800
2014-07-10,38.634998,38.904999,38.395000,38.750000,36.237972,6357000
2014-07-11,38.639999,38.794998,38.380001,38.645000,36.139782,5758000
2014-07-14,38.974998,39.095001,38.794998,38.974998,36.448380,5503400
2014-07-15,38.759998,39.105000,38.740002,39.014999,36.485790,6506000
2014-07-16,38.924999,39.115002,38.384998,38.459999,35.966778,7449600
2014-07-17,38.215000,38.485001,38.150002,38.264999,35.784424,7461600
2014-07-18,38.424999,38.855000,38.334999,38.759998,36.247314,6065200
2014-07-21,38.415001,38.650002,38.349998,38.410000,35.920021,4209400
2014-07-22,38.555000,38.820000,38.500000,38.520000,36.022888,5036000
2014-07-23,38.630001,38.724998,38.415001,38.685001,36.177193,4092200
2014-07-24,38.970001,39.384998,38.930000,39.299999,36.752323,8030200
2014-07-25,39.169998,39.389999,38.805000,38.860001,36.340836,4540400
2014-07-28,38.965000,39.299999,38.759998,39.200001,36.658806,4065200
2014-07-29,39.209999,39.430000,39.049999,39.049999,36.518524,4669600
2014-07-30,39.195000,39.970001,39.139999,39.805000,37.224586,9048200
2014-07-31,39.330002,39.509998,38.490002,38.564999,36.064964,7796800
2014-08-01,38.270000,38.625000,38.195000,38.389999,35.901314,5825800
2014-08-04,38.439999,38.705002,38.145000,38.580002,36.078999,4839400
2014-08-05,38.380001,38.820000,38.264999,38.459999,35.966778,4866200
2014-08-06,38.255001,38.619999,38.224998,38.570000,36.069641,5074400
2014-08-07,38.849998,38.865002,37.990002,38.174999,35.700256,6737400
2014-08-08,38.154999,38.549999,37.950001,38.529999,36.032234,6714800
2014-08-11,38.740002,38.750000,38.490002,38.529999,36.032234,7828600
2014-08-12,38.500000,38.720001,38.244999,38.365002,35.877930,9142000
2014-08-13,38.540001,38.895000,38.270000,38.625000,36.121067,6400400
2014-08-14,38.759998,38.904999,38.480000,38.650002,36.144459,3935000
2014-08-15,38.860001,39.000000,38.244999,38.564999,36.064964,4490000
2014-08-18,38.865002,39.345001,38.785000,39.275002,36.728931,5697400
2014-08-19,39.355000,39.544998,39.174999,39.255001,36.710232,4424000
2014-08-20,39.095001,39.540001,39.095001,39.455002,36.897270,3965800
2014-08-21,39.520000,39.700001,39.325001,39.470001,36.911301,4001800
2014-08-22,39.625000,39.865002,39.459999,39.645000,37.074951,5807400
2014-08-25,39.799999,40.150002,39.750000,40.005001,37.411617,5074400
2014-08-26,40.014999,40.049999,39.709999,39.740002,37.163795,5216400
2014-08-27,39.994999,39.994999,39.709999,39.860001,37.276020,3679400
2014-08-28,39.509998,39.610001,39.330002,39.410000,36.966469,5169200
2014-08-29,39.424999,39.470001,39.134998,39.275002,37.065563,6423000
2014-09-02,39.174999,39.759998,39.174999,39.639999,37.410030,8164200
2014-09-03,39.895000,39.939999,39.270000,39.410000,37.192966,4409600
2014-09-04,39.599998,40.110001,39.590000,39.959999,37.712025,6022800
2014-09-05,39.770000,41.055000,39.674999,41.020000,38.712402,12380600
2014-09-08,40.959999,41.395000,40.544998,41.200001,38.882278,11728200
2014-09-09,41.134998,41.270000,40.755001,40.919998,38.618023,8119000
2014-09-10,40.865002,41.305000,40.750000,41.235001,38.915310,6742400
2014-09-11,41.080002,41.294998,40.770000,40.910000,38.608589,7460400
2014-09-12,40.985001,41.000000,40.705002,40.919998,38.618023,5926200
2014-09-15,41.049999,41.090000,40.505001,40.805000,38.509506,6729000
2014-09-16,40.615002,40.770000,40.415001,40.599998,38.316029,9393200
2014-09-17,40.775002,40.915001,40.500000,40.755001,38.462311,7443200
2014-09-18,40.924999,41.000000,40.625000,40.985001,38.679371,6393400
2014-09-19,41.320000,41.369999,40.665001,40.904999,38.603874,19704400
2014-09-22,40.840000,40.935001,40.099998,40.355000,38.084812,8138400
2014-09-23,40.259998,40.290001,39.945000,40.060001,37.806419,6046800
2014-09-24,40.070000,40.435001,39.959999,40.419998,38.146156,6754000
2014-09-25,40.340000,40.340000,39.634998,39.875000,37.631817,14138400
2014-09-26,43.990002,44.994999,43.650002,44.750000,42.232571,35090400
2014-09-29,44.134998,45.049999,44.134998,44.560001,42.053265,14834400
2014-09-30,44.345001,45.145000,44.200001,44.599998,42.091003,11583400
2014-10-01,44.455002,44.500000,43.755001,43.849998,41.383198,9471600
2014-10-02,43.834999,44.755001,43.439999,44.650002,42.138191,8739200
2014-10-03,44.880001,45.224998,44.584999,45.145000,42.605354,8790000
2014-10-06,45.145000,45.250000,44.279999,44.610001,42.100445,7031200
2014-10-07,44.299999,44.595001,44.014999,44.035000,41.557796,5486400
2014-10-08,44.055000,44.580002,43.764999,44.415001,41.916420,7481200
2014-10-09,44.224998,44.494999,43.549999,43.615002,41.161415,7462200
2014-10-10,43.720001,44.099998,43.505001,43.595001,41.142540,9048200
2014-10-13,43.480000,43.560001,42.619999,42.695000,40.293182,8005200
2014-10-14,42.889999,42.955002,42.419998,42.544998,40.151615,9853400
2014-10-15,42.560001,43.549999,42.049999,42.590000,40.194073,17571600
2014-10-16,42.095001,43.625000,41.924999,43.520000,41.071762,13644000
2014-10-17,43.895000,44.174999,43.465000,43.590000,41.137825,11396800
2014-10-20,43.400002,44.465000,43.384998,44.450001,41.949448,6743400
2014-10-21,44.650002,45.349998,44.509998,45.320000,42.770493,6459600
2014-10-22,45.325001,45.764999,44.904999,44.930000,42.402439,7087800
2014-10-23,45.064999,45.660000,44.974998,45.185001,42.643093,6191800
2014-10-24,44.974998,45.494999,44.955002,45.450001,42.893188,4931000
2014-10-27,45.455002,45.889999,45.215000,45.820000,43.242374,5819400
2014-10-28,45.764999,46.224998,45.654999,46.224998,43.624592,6358400
2014-10-29,46.080002,46.270000,45.709999,45.974998,43.388649,4998600
2014-10-30,45.884998,46.500000,45.775002,46.500000,43.884109,4585200
2014-10-31,47.064999,47.070000,46.334999,46.485001,43.869965,6463600
2014-11-03,46.674999,46.740002,46.435001,46.724998,44.096462,4862800
2014-11-04,46.529999,47.009998,46.310001,46.974998,44.332401,4441400
2014-11-05,47.419998,47.419998,46.855000,47.340000,44.676868,6513800
2014-11-06,47.424999,47.544998,47.270000,47.299999,44.639114,5482000
2014-11-07,47.375000,47.375000,46.770000,46.889999,44.252174,4909800
2014-11-10,47.020000,47.535000,47.020000,47.480000,44.808987,5898200
2014-11-11,47.599998,47.650002,47.290001,47.439999,44.771236,4563200
2014-11-12,47.224998,47.959999,47.115002,47.904999,45.210087,5018400
2014-11-13,48.090000,48.275002,47.779999,48.060001,45.356361,5417400
2014-11-14,47.895000,47.939999,47.505001,47.750000,45.063808,6406800
2014-11-17,47.685001,48.095001,47.520000,48.029999,45.328045,5931000
2014-11-18,47.994999,48.424999,47.880001,48.235001,45.521530,4803400
2014-11-19,48.250000,48.549999,48.174999,48.474998,45.748016,4586000
2014-11-20,48.310001,48.849998,48.154999,48.650002,45.913166,4822400
2014-11-21,49.345001,49.480000,48.330002,48.709999,45.969803,7016400
2014-11-24,48.895000,49.250000,48.869999,48.974998,46.219883,5081600
2014-11-25,49.150002,49.250000,48.634998,48.645000,45.908451,6177200
2014-11-26,48.650002,48.939999,48.549999,48.900002,46.149117,3948800
2014-11-28,49.169998,49.880001,49.115002,49.645000,46.852207,3609400
2014-12-01,49.330002,49.695000,48.830002,48.845001,46.097202,5139200
2014-12-02,49.029999,49.360001,48.845001,49.020000,46.262375,4384000
2014-12-03,49.080002,49.299999,48.759998,49.250000,46.479424,3792000
2014-12-04,49.250000,49.695000,49.029999,49.525002,46.738949,4128200
2014-12-05,49.630001,49.750000,49.415001,49.665001,46.871071,3408200
2014-12-08,49.525002,49.525002,48.650002,48.860001,46.111366,5155200
2014-12-09,48.529999,48.700001,47.990002,48.514999,45.785770,5989000
2014-12-10,48.240002,49.119999,48.230000,48.830002,46.083050,6457800
2014-12-11,48.740002,49.299999,48.419998,48.465000,45.870094,8723600
2014-12-12,48.325001,48.945000,48.084999,48.084999,45.510437,8243800
2014-12-15,48.215000,48.465000,47.389999,47.715000,45.160259,10152600
2014-12-16,47.674999,47.709999,46.485001,46.605000,44.109676,14614400
2014-12-17,46.865002,47.380001,46.450001,47.250000,44.720150,11205200
2014-12-18,48.134998,48.540001,47.529999,48.540001,45.941082,18960800
2014-12-19,47.750000,48.139999,46.415001,47.419998,44.881046,27002000
2014-12-22,47.564999,47.965000,47.509998,47.965000,45.396870,7662200
2014-12-23,48.000000,48.255001,47.794998,47.985001,45.415787,5241800
2014-12-24,48.200001,48.674999,48.044998,48.145000,45.567226,2439600
2014-12-26,48.255001,48.605000,48.125000,48.415001,45.822769,3144400
2014-12-29,48.305000,48.825001,48.305000,48.650002,46.045181,4017800
2014-12-30,48.439999,48.650002,48.310001,48.439999,45.846428,4146800
2014-12-31,48.485001,48.805000,48.020000,48.075001,45.500977,4697400
2015-01-02,48.275002,48.474998,47.055000,47.514999,44.970963,4985800
2015-01-05,47.255001,47.275002,46.564999,46.750000,44.246918,6889200
2015-01-06,46.945000,47.075001,46.035000,46.474998,43.986649,7576000
2015-01-07,46.805000,47.650002,46.549999,47.435001,44.895233,7256000
2015-01-08,47.830002,48.549999,47.810001,48.529999,45.931606,5978200
2015-01-09,48.465000,48.494999,47.799999,47.994999,45.425255,4689000
2015-01-12,47.955002,48.259998,47.615002,47.930000,45.363743,5630800
2015-01-13,48.169998,48.724998,47.314999,47.505001,44.961491,6182200
2015-01-14,46.689999,47.185001,46.455002,46.855000,44.346294,6750400
2015-01-15,47.314999,47.340000,46.285000,46.404999,43.920383,4235000
2015-01-16,46.384998,46.564999,46.014999,46.494999,44.005573,8770000
2015-01-20,46.720001,46.945000,46.310001,46.805000,44.298969,9403800
2015-01-21,46.555000,47.064999,46.505001,46.755001,44.251656,5854000
2015-01-22,47.174999,48.055000,46.779999,47.924999,45.359009,6952400
2015-01-23,48.070000,48.375000,47.825001,48.080002,45.505707,6781000
2015-01-26,48.000000,48.235001,47.775002,48.174999,45.595619,4964000
2015-01-27,47.650002,47.724998,47.060001,47.250000,44.720150,6696800
2015-01-28,47.500000,47.660000,46.625000,46.654999,44.157001,6402600
2015-01-29,46.834999,47.435001,46.584999,47.435001,44.895233,6802400
2015-01-30,46.959999,47.180000,46.049999,46.125000,43.655373,8106400
2015-02-02,46.340000,46.345001,45.384998,45.959999,43.499210,8056600
2015-02-03,46.115002,46.695000,46.014999,46.674999,44.175938,7940200
2015-02-04,46.384998,46.634998,46.134998,46.270000,43.792625,7187400
2015-02-05,46.439999,46.794998,46.279999,46.669998,44.171196,5754400
2015-02-06,46.700001,46.735001,45.770000,45.895000,43.437698,7381800
2015-02-09,45.750000,45.849998,45.345001,45.584999,43.144287,7339400
2015-02-10,45.869999,46.549999,45.610001,46.375000,43.891994,7694600
2015-02-11,46.244999,46.375000,45.474998,45.654999,43.210541,8541000
2015-02-12,45.730000,46.330002,45.400002,46.000000,43.537079,11855800
2015-02-13,46.009998,46.285000,45.950001,46.020000,43.555996,7695600
2015-02-17,45.869999,46.450001,45.860001,45.930000,43.470825,7371000
2015-02-18,45.770000,46.884998,45.715000,46.810001,44.303703,8143800
2015-02-19,46.740002,47.130001,46.740002,46.849998,44.341564,6605200
2015-02-20,46.805000,47.645000,46.674999,47.465000,44.923634,7398000
2015-02-23,47.459999,47.615002,47.139999,47.505001,44.961491,4622200
2015-02-24,47.375000,47.770000,47.375000,47.709999,45.155521,5239200
2015-02-25,47.709999,48.599998,47.709999,48.410000,45.818047,7053600
2015-02-26,48.330002,48.665001,48.325001,48.494999,46.031605,5935000
2015-02-27,48.474998,48.705002,48.314999,48.560001,46.093311,7118600
2015-03-02,48.445000,49.430000,48.375000,49.375000,46.866909,11025000
2015-03-03,49.220001,49.235001,48.560001,48.985001,46.496731,7038400
2015-03-04,48.834999,48.935001,48.480000,48.759998,46.283138,4853000
2015-03-05,48.980000,49.340000,48.895000,49.230000,46.729286,6633600
2015-03-06,49.230000,49.345001,48.299999,48.455002,45.993641,7174600
2015-03-09,48.544998,48.910000,48.470001,48.715000,46.240440,5938800
2015-03-10,48.209999,48.485001,48.125000,48.255001,45.803806,7096000
2015-03-11,48.189999,48.540001,47.590000,47.669998,45.248512,7484200
2015-03-12,47.750000,48.549999,47.689999,48.520000,46.055347,5809800
2015-03-13,48.520000,48.740002,47.650002,47.904999,45.471588,7396200
2015-03-16,48.099998,48.400002,47.965000,48.220001,45.770580,8497000
2015-03-17,48.070000,48.389999,47.755001,48.270000,45.818047,6408200
2015-03-18,48.270000,48.935001,47.805000,48.755001,46.278404,8855600
2015-03-19,48.904999,49.310001,48.605000,49.160000,46.662838,13536000
2015-03-20,51.314999,51.895000,50.625000,50.990002,48.399868,29779800
2015-03-23,50.775002,51.299999,50.599998,50.730000,48.153072,10471800
2015-03-24,50.525002,50.830002,50.299999,50.325001,47.768650,7598800
2015-03-25,50.500000,50.590000,49.470001,49.494999,46.980816,8133400
2015-03-26,49.169998,50.044998,48.834999,49.665001,47.142181,9479800
2015-03-27,49.560001,50.090000,49.560001,49.939999,47.403206,4403600
2015-03-30,50.615002,50.775002,50.270000,50.445000,47.882565,5435400
2015-03-31,50.439999,50.919998,50.145000,50.165001,47.616772,6309200
2015-04-01,50.000000,50.139999,49.169998,49.775002,47.246590,6605400
2015-04-02,50.020000,50.160000,49.695000,49.830002,47.298801,3840400
2015-04-06,49.375000,50.314999,49.275002,49.865002,47.332016,5027400
2015-04-07,49.865002,50.130001,49.735001,49.805000,47.275074,3993600
2015-04-08,50.000000,50.485001,49.860001,50.419998,47.858822,6522400
2015-04-09,50.500000,50.845001,50.299999,50.360001,47.801872,5301000
2015-04-10,50.459999,50.540001,49.965000,49.985001,47.445927,5918200
2015-04-13,49.985001,50.029999,49.529999,49.634998,47.113701,7313800
2015-04-14,49.529999,49.904999,49.349998,49.764999,47.237083,4770800
2015-04-15,50.314999,50.365002,49.865002,49.915001,47.379486,5716200
2015-04-16,49.744999,50.084999,49.700001,49.950001,47.412701,4104000
2015-04-17,49.584999,49.685001,49.070000,49.275002,46.771984,6049600
2015-04-20,49.540001,50.169998,49.509998,49.994999,47.455418,6208600
2015-04-21,50.380001,50.424999,49.860001,50.145000,47.597801,5125200
2015-04-22,50.150002,50.195000,49.645000,50.075001,47.531353,3905800
2015-04-23,49.889999,50.799999,49.724998,50.555000,47.986965,4668200
2015-04-24,50.230000,50.639999,50.105000,50.474998,47.911030,4334000
2015-04-27,50.634998,51.000000,50.384998,50.470001,47.906284,5158400
2015-04-28,50.400002,50.400002,49.595001,49.930000,47.393711,6031600
2015-04-29,49.764999,50.244999,49.630001,50.084999,47.540840,5395200
2015-04-30,49.875000,50.255001,49.230000,49.419998,46.909634,6497000
2015-05-01,49.939999,50.410000,49.705002,50.389999,47.830345,6683400
2015-05-04,50.500000,50.599998,50.240002,50.415001,47.854084,4557800
2015-05-05,50.215000,50.435001,50.130001,50.209999,47.659489,5104400
2015-05-06,50.134998,50.500000,49.840000,50.110001,47.564575,5396600
2015-05-07,50.224998,50.794998,50.009998,50.724998,48.148327,5526200
2015-05-08,51.145000,51.650002,51.145000,51.220001,48.618195,5534800
2015-05-11,51.209999,51.610001,51.044998,51.395000,48.784309,5339800
2015-05-12,50.990002,51.345001,50.799999,51.185001,48.584980,4676400
2015-05-13,51.345001,51.365002,50.895000,51.080002,48.485302,4508200
2015-05-14,51.470001,51.755001,51.154999,51.720001,49.092785,5433400
2015-05-15,51.825001,52.514999,51.685001,52.490002,49.823681,7865200
2015-05-18,52.555000,52.750000,52.209999,52.375000,49.714512,5045200
2015-05-19,52.310001,52.590000,52.174999,52.320000,49.662308,5971200
2015-05-20,52.459999,52.575001,52.105000,52.305000,49.648071,5399200
2015-05-21,52.435001,52.599998,52.119999,52.200001,49.548401,5455200
2015-05-22,52.605000,52.610001,52.020000,52.215000,49.562641,5654800
2015-05-26,52.215000,52.375000,51.590000,51.709999,49.083302,5691400
2015-05-27,51.740002,51.959999,51.154999,51.419998,48.808029,8896800
2015-05-28,51.115002,51.474998,50.755001,51.150002,48.684299,5781600
2015-05-29,51.150002,51.189999,50.520000,50.834999,48.384476,5562200
2015-06-01,50.884998,51.145000,50.724998,50.880001,48.427307,4944000
2015-06-02,50.900002,51.345001,50.750000,51.055000,48.593876,4974400
2015-06-03,51.145000,51.544998,50.884998,51.255001,48.784245,4766800
2015-06-04,51.029999,51.650002,50.810001,50.974998,48.517731,4467200
2015-06-05,50.750000,51.125000,50.564999,51.014999,48.555805,3791800
2015-06-08,50.799999,50.945000,50.689999,50.720001,48.275028,4314000
2015-06-09,50.744999,50.965000,50.389999,50.674999,48.232185,3476800
2015-06-10,50.915001,52.014999,50.830002,51.669998,49.179230,6270400
2015-06-11,52.544998,52.560001,51.735001,51.939999,49.436218,6178000
2015-06-12,51.775002,52.049999,51.605000,51.889999,49.388618,4133000
2015-06-15,51.549999,51.924999,51.365002,51.674999,49.183990,4902000
2015-06-16,51.740002,52.490002,51.720001,52.279999,49.759827,5034000
2015-06-17,52.369999,52.584999,52.040001,52.375000,49.850246,4072400
2015-06-18,52.525002,53.334999,52.505001,53.000000,50.445122,5690600
2015-06-19,53.014999,53.424999,52.970001,53.264999,50.697346,7285600
2015-06-22,53.430000,53.724998,53.325001,53.395000,50.821072,4186600
2015-06-23,53.599998,53.630001,53.410000,53.599998,51.016190,5934200
2015-06-24,53.599998,53.685001,53.020000,53.110001,50.549816,5056200
2015-06-25,53.404999,53.404999,52.334999,52.610001,50.073917,10811400
2015-06-26,54.185001,55.169998,54.185001,54.855000,52.210697,20287600
2015-06-29,54.634998,54.744999,53.830002,53.834999,51.239861,9005000
2015-06-30,54.424999,54.439999,53.900002,54.009998,51.406425,7531200
2015-07-01,54.474998,54.715000,54.294998,54.715000,52.077446,5924000
2015-07-02,54.955002,55.365002,54.544998,54.935001,52.286835,5900000
2015-07-06,54.544998,55.255001,54.505001,54.919998,52.272560,4991400
2015-07-07,55.040001,55.665001,54.529999,55.645000,52.962616,7207000
2015-07-08,55.110001,55.375000,54.500000,54.634998,52.001305,6733600
2015-07-09,55.119999,55.459999,54.595001,54.720001,52.082195,6168400
2015-07-10,55.264999,55.400002,54.500000,55.259998,52.596165,5159200
2015-07-13,55.619999,56.275002,55.400002,56.205002,53.495609,5047600
2015-07-14,56.419998,56.529999,55.959999,56.169998,53.462303,5561400
2015-07-15,56.000000,56.195000,55.845001,55.950001,53.252918,5016400
2015-07-16,56.380001,56.450001,55.924999,56.169998,53.462303,4334600
2015-07-17,56.185001,56.490002,55.950001,56.400002,53.681213,4545400
2015-07-20,56.634998,56.775002,56.410000,56.564999,53.838268,5978200
2015-07-21,56.490002,56.785000,56.360001,56.494999,53.771641,4626400
2015-07-22,56.435001,57.110001,56.435001,57.044998,54.295120,5954200
2015-07-23,57.250000,57.349998,56.904999,57.000000,54.252296,6714200
2015-07-24,57.090000,57.090000,56.235001,56.494999,53.771641,5967200
2015-07-27,56.200001,56.459999,55.474998,55.865002,53.172012,6648000
2015-07-28,56.035000,56.955002,55.924999,56.735001,54.000072,6948200
2015-07-29,56.790001,57.669998,56.750000,57.459999,54.690117,6839800
2015-07-30,57.474998,57.700001,56.970001,57.505001,54.732956,5594000
2015-07-31,57.750000,57.970001,57.415001,57.610001,54.832886,5078600
2015-08-03,57.755001,58.000000,56.794998,57.415001,54.647289,4992000
2015-08-04,57.474998,57.965000,57.165001,57.884998,55.094627,5229000
2015-08-05,58.305000,58.860001,58.174999,58.375000,55.561012,6853000
2015-08-06,58.500000,58.750000,57.185001,57.560001,54.785301,6211400
2015-08-07,57.360001,57.480000,56.549999,57.255001,54.495003,5907800
2015-08-10,57.695000,58.084999,57.424999,57.680000,54.899521,4613200
2015-08-11,57.070000,57.494999,56.814999,57.230000,54.471207,5107400
2015-08-12,56.770000,56.875000,55.325001,56.529999,53.804955,7127000
2015-08-13,56.634998,57.264999,56.474998,56.799999,54.061932,5907800
2015-08-14,56.794998,57.285000,56.555000,57.180000,54.423615,4685200
2015-08-17,57.060001,57.564999,56.544998,57.490002,54.718674,3917400
2015-08-18,57.560001,57.840000,57.294998,57.410000,54.642536,3669400
2015-08-19,57.000000,58.025002,56.775002,57.480000,54.709148,6216400
2015-08-20,56.855000,57.224998,56.119999,56.150002,53.443272,6536800
2015-08-21,55.735001,55.830002,53.419998,53.435001,50.859154,15912800
2015-08-24,50.130001,53.689999,47.250000,51.935001,49.431454,19882600
2015-08-25,53.639999,53.654999,51.740002,51.764999,49.269642,13616200
2015-08-26,53.250000,54.505001,51.990002,54.380001,51.758591,15156000
2015-08-27,55.185001,56.345001,54.814999,56.310001,53.595554,13617400
2015-08-28,56.299999,56.500000,55.820000,56.250000,53.538448,7526200
2015-08-31,56.195000,56.244999,55.615002,55.875000,53.181530,7073600
2015-09-01,54.490002,54.915001,54.014999,54.314999,51.696728,9385200
2015-09-02,55.075001,55.389999,54.599998,55.349998,52.681831,8536400
2015-09-03,55.615002,56.044998,55.205002,55.424999,52.886982,6065000
2015-09-04,54.610001,55.215000,54.470001,54.845001,52.333549,7126200
2015-09-08,55.730000,55.935001,55.110001,55.875000,53.316391,5511400
2015-09-09,56.355000,56.494999,54.805000,54.930000,52.414665,6349800
2015-09-10,54.830002,55.520000,54.470001,55.189999,52.662750,7363000
2015-09-11,55.115002,55.919998,54.994999,55.910000,53.349777,5589600
2015-09-14,55.755001,56.029999,55.570000,55.945000,53.383175,6833200
2015-09-15,55.950001,57.040001,55.400002,56.919998,54.313534,7699400
2015-09-16,57.165001,57.955002,56.919998,57.790001,55.143688,8104400
2015-09-17,57.619999,58.395000,57.279999,57.634998,54.995789,8062600
2015-09-18,57.075001,57.814999,56.880001,57.525002,54.890831,18615000
2015-09-21,57.834999,58.544998,57.380001,58.279999,55.611252,8746600
2015-09-22,57.625000,58.080002,57.189999,57.985001,55.329762,7555400
2015-09-23,57.985001,58.299999,57.599998,57.715000,55.072124,9055800
2015-09-24,57.150002,57.575001,56.750000,57.395000,54.766777,14352600
2015-09-25,61.564999,62.974998,61.349998,62.500000,59.638012,36968200
2015-09-28,62.250000,62.380001,60.424999,61.070000,58.273491,16450800
2015-09-29,61.000000,61.044998,59.525002,59.834999,57.095039,14414400
2015-09-30,60.369999,61.560001,60.369999,61.485001,58.669491,9437800
2015-10-01,61.580002,61.970001,60.639999,61.915001,59.079803,8994200
2015-10-02,61.044998,62.605000,60.779999,62.605000,59.738197,9114400
2015-10-05,62.919998,63.244999,62.044998,62.134998,59.289722,9646400
2015-10-06,62.134998,62.400002,61.294998,61.595001,58.774448,7665400
2015-10-07,61.805000,62.224998,60.500000,61.049999,58.254414,10215400
2015-10-08,61.459999,62.619999,61.334999,62.455002,59.595066,7622600
2015-10-09,62.279999,62.669998,62.044998,62.470001,59.609390,6940600
2015-10-12,62.599998,63.549999,62.509998,63.215000,60.320271,5449000
2015-10-13,63.000000,63.270000,62.794998,62.904999,60.024467,6355400
2015-10-14,62.994999,63.305000,62.695000,62.919998,60.038773,6509000
2015-10-15,63.610001,64.584999,63.480000,64.394997,61.446228,10764800
2015-10-16,64.750000,65.294998,64.434998,65.235001,62.247768,9321600
2015-10-19,65.855003,66.760002,65.555000,66.605003,63.555035,12587800
2015-10-20,66.525002,66.680000,65.985001,66.184998,63.154266,9104200
2015-10-21,66.324997,66.610001,65.915001,66.235001,63.201984,5504000
2015-10-22,66.434998,66.724998,65.290001,66.205002,63.173355,9294800
2015-10-23,66.535004,66.599998,64.455002,65.264999,62.276402,10517800
2015-10-26,65.135002,66.114998,65.135002,65.690002,62.681942,6882800
2015-10-27,65.500000,65.620003,64.830002,65.410004,62.414761,6150000
2015-10-28,65.860001,66.025002,64.964996,65.644997,62.638996,7091400
2015-10-29,65.339996,65.735001,64.980003,65.559998,62.557888,4959000
2015-10-30,65.775002,65.809998,65.035004,65.514999,62.514950,7230800
2015-11-02,65.864998,66.000000,64.730003,65.595001,62.591293,6123200
2015-11-03,65.620003,65.849998,65.339996,65.699997,62.691467,5492000
2015-11-04,65.695000,65.934998,64.940002,65.180000,62.195293,5190200
2015-11-05,65.589996,66.220001,65.230003,65.930000,62.910942,5068200
2015-11-06,65.800003,66.470001,65.680000,65.889999,62.872784,4837600
2015-11-09,65.625000,65.709999,64.635002,65.239998,62.252544,6181200
2015-11-10,65.044998,65.345001,64.764999,65.000000,62.023533,5287400
2015-11-11,65.139999,65.294998,63.639999,63.709999,60.792614,8578000
2015-11-12,63.500000,64.000000,62.705002,62.990002,60.105576,9388000
2015-11-13,62.540001,62.610001,60.575001,60.930000,58.139904,16371000
2015-11-16,60.900002,61.740002,60.669998,61.730000,58.903271,9146400
2015-11-17,61.525002,61.799999,60.209999,61.290001,58.483433,10581600
2015-11-18,61.520000,63.014999,61.330002,62.889999,60.010155,10597800
2015-11-19,63.130001,63.494999,62.689999,62.889999,60.010155,8557600
2015-11-20,66.035004,66.400002,65.239998,66.324997,63.287868,19064800
2015-11-23,66.410004,66.500000,65.889999,66.230003,63.197216,7135600
2015-11-24,65.815002,66.489998,65.629997,66.254997,63.221073,5311600
2015-11-25,66.540001,67.275002,66.514999,67.065002,63.993954,6989000
2015-11-27,67.459999,67.650002,66.665001,67.165001,64.089401,4527800
2015-11-30,66.964996,67.095001,65.820000,66.139999,63.111328,8738800
2015-12-01,66.059998,66.709999,65.959999,66.654999,63.602760,6857000
2015-12-02,66.425003,66.610001,66.050003,66.324997,63.287868,7965600
2015-12-03,66.555000,66.680000,64.500000,64.559998,61.603676,10649800
2015-12-04,64.900002,66.459999,64.900002,66.165001,63.135185,7410400
2015-12-07,66.375000,66.449997,65.305000,65.800003,62.939114,6190000
2015-12-08,65.434998,66.370003,65.214996,65.849998,62.986927,5605800
2015-12-09,65.379997,65.769997,63.869999,64.419998,61.619099,7442800
2015-12-10,64.360001,64.820000,64.004997,64.320000,61.523441,5682600
2015-12-11,63.810001,63.869999,62.834999,63.145000,60.399536,8276000
2015-12-14,63.314999,64.165001,63.060001,63.930000,61.150406,7991400
2015-12-15,64.800003,65.000000,64.175003,64.305000,61.509102,6869600
2015-12-16,64.684998,65.599998,64.410004,65.464996,62.618671,7542200
2015-12-17,65.849998,65.925003,65.035004,65.110001,62.279102,7400800
2015-12-18,64.864998,65.264999,64.184998,64.260002,61.466057,13804600
2015-12-21,64.839996,65.154999,64.305000,64.900002,62.078236,8972600
2015-12-22,65.739998,65.925003,64.910004,65.925003,63.058670,17218400
2015-12-23,68.120003,68.195000,63.910000,64.355003,61.556927,57319400
2015-12-24,64.550003,64.730003,62.150002,63.180000,60.433025,13889100
2015-12-28,63.209999,63.880001,62.799999,63.810001,61.035625,8786800
2015-12-29,64.309998,64.480003,64.019997,64.260002,61.466057,6708600
2015-12-30,64.360001,64.400002,63.169998,63.250000,60.499966,5817900
2015-12-31,63.150002,63.169998,62.500000,62.500000,59.782581,6454700
2016-01-04,61.110001,61.910000,60.860001,61.520000,58.845192,11626800
2016-01-05,61.720001,62.590000,61.720001,62.380001,59.667797,9220600
2016-01-06,61.299999,62.040001,61.150002,61.490002,58.816505,6551600
2016-01-07,60.389999,61.259998,59.779999,59.849998,57.247791,10881300
2016-01-08,60.060001,60.790001,58.660000,58.869999,56.310406,11191300
2016-01-11,58.970001,60.040001,58.540001,59.549999,56.960842,12825000
2016-01-12,60.349998,60.820000,59.570000,59.939999,57.333889,8292200
2016-01-13,60.529999,60.529999,58.669998,58.779999,56.224319,9944300
2016-01-14,59.000000,59.349998,57.279999,58.509998,55.966064,9989000
2016-01-15,56.930000,58.139999,56.590000,57.560001,55.057365,12208300
2016-01-19,58.189999,59.070000,57.669998,58.320000,55.784325,9924300
2016-01-20,57.250000,59.590000,56.750000,59.040001,56.473015,16234200
2016-01-21,59.080002,61.160000,59.060001,60.560001,57.926926,16121600
2016-01-22,61.290001,61.470001,60.590000,60.880001,58.233009,8430100
2016-01-25,61.090000,61.299999,60.619999,60.700001,58.060841,10383400
2016-01-26,60.490002,61.369999,60.270000,61.110001,58.453022,8005200
2016-01-27,60.959999,61.099998,59.200001,59.580002,56.989540,8593700
2016-01-28,60.320000,61.599998,59.980000,61.200001,58.539097,10207000
2016-01-29,61.200001,62.160000,61.200001,62.009998,59.313877,10475200
2016-02-01,61.750000,63.470001,61.700001,63.160000,60.413883,8247800
2016-02-02,63.020000,63.500000,62.310001,62.549999,59.830410,9458500
2016-02-03,62.880001,62.900002,61.299999,62.490002,59.773014,7213500
2016-02-04,62.020000,62.160000,59.990002,60.169998,57.553883,10455700
2016-02-05,59.759998,59.840000,56.980000,57.169998,54.684322,14415900
2016-02-08,56.099998,56.209999,53.639999,55.040001,52.646935,21214500
2016-02-09,54.500000,56.619999,54.279999,55.680000,53.259102,10915700
2016-02-10,56.540001,58.180000,55.930000,57.410000,54.913891,13376800
2016-02-11,56.459999,56.910000,55.389999,56.000000,53.565193,13090900
2016-02-12,57.369999,57.450001,55.500000,56.419998,53.966927,10229500
2016-02-16,57.570000,58.000000,56.820000,57.790001,55.277367,8058000
2016-02-17,58.599998,58.599998,57.099998,58.169998,55.640842,10332700
2016-02-18,58.169998,58.959999,57.980000,58.599998,56.052151,9658600
2016-02-19,58.500000,59.310001,57.630001,59.310001,56.731274,10080100
2016-02-22,59.310001,60.480000,59.259998,60.169998,57.553883,11523400
2016-02-23,60.259998,60.740002,59.889999,60.209999,57.592148,7504600
2016-02-24,59.740002,60.700001,59.200001,60.400002,57.773884,10390800
2016-02-25,60.680000,62.380001,60.630001,62.380001,59.667797,8524300
2016-02-26,62.639999,63.490002,62.470001,62.599998,59.878231,8896100
2016-02-29,62.459999,62.680000,61.580002,61.590000,58.912151,7720600
2016-03-01,61.970001,63.099998,61.750000,62.919998,60.184315,7438300
2016-03-02,62.520000,62.889999,61.500000,62.220001,59.514751,8465800
2016-03-03,62.049999,62.200001,60.919998,61.470001,58.948948,7924400
2016-03-04,61.419998,61.540001,60.380001,61.259998,58.747559,7279400
2016-03-07,61.070000,61.139999,58.790001,59.250000,56.819996,12829600
2016-03-08,59.029999,60.599998,58.709999,59.810001,57.357037,9307900
2016-03-09,59.580002,59.619999,57.950001,58.330002,55.937733,12766900
2016-03-10,58.700001,59.040001,57.970001,58.880001,56.465172,9402600
2016-03-11,59.130001,60.439999,59.130001,60.080002,57.615963,8834400
2016-03-14,60.189999,61.330002,60.099998,60.810001,58.316029,7090500
2016-03-15,60.500000,61.750000,60.360001,61.400002,58.881824,6188800
2016-03-16,61.470001,62.230000,61.290001,61.860001,59.322952,7018300
2016-03-17,61.759998,63.380001,61.740002,63.180000,60.588825,9926800
2016-03-18,63.549999,63.980000,62.849998,62.990002,60.406612,13192900
2016-03-21,63.549999,65.290001,63.400002,64.720001,62.065666,13635400
2016-03-22,64.830002,65.440002,64.169998,64.900002,62.238285,18212900
2016-03-23,61.330002,63.450001,61.150002,62.439999,59.879166,26987000
2016-03-24,62.060001,62.139999,61.119999,61.650002,59.121571,12231300
2016-03-28,61.580002,61.980000,61.250000,61.340000,58.824287,7899000
2016-03-29,61.259998,61.900002,61.250000,61.490002,58.968143,7837800
2016-03-30,61.770000,62.410000,61.770000,62.040001,59.495571,7859300
2016-03-31,61.990002,62.639999,61.310001,61.470001,58.948948,8257800
2016-04-01,61.220001,61.820000,61.150002,61.590000,59.064034,7555300
2016-04-04,61.730000,61.849998,59.419998,59.970001,57.510460,16523400
2016-04-05,59.619999,60.169998,59.439999,59.669998,57.222775,7554000
2016-04-06,59.599998,60.680000,59.189999,60.310001,57.836533,10201500
2016-04-07,59.790001,60.580002,59.709999,60.299999,57.826935,7092900
2016-04-08,60.490002,60.560001,59.320000,59.419998,56.983028,8761700
2016-04-11,59.730000,59.779999,57.820000,57.919998,55.544544,12593400
2016-04-12,58.000000,58.619999,56.889999,58.549999,56.148705,12471100
2016-04-13,59.020000,59.950001,58.830002,59.580002,57.136467,10629100
2016-04-14,59.709999,60.340000,59.439999,59.490002,57.050159,7785200
2016-04-15,59.020000,59.590000,58.389999,59.500000,57.059742,7653600
2016-04-18,59.380001,60.000000,59.380001,59.570000,57.126877,6075900
2016-04-19,59.959999,59.990002,59.330002,59.560001,57.117290,6594400
2016-04-20,59.430000,60.240002,59.430000,59.619999,57.174828,7177500
2016-04-21,60.529999,60.529999,59.709999,60.080002,57.615963,7156700
2016-04-22,60.180000,60.220001,58.970001,59.430000,56.992611,8294300
2016-04-25,59.340000,59.419998,58.759998,59.209999,56.781631,6117700
2016-04-26,59.310001,59.970001,59.270000,59.540001,57.098106,5582200
2016-04-27,59.630001,59.730000,58.630001,59.270000,56.839176,8094600
2016-04-28,58.950001,59.889999,58.419998,58.540001,56.139122,6028600
2016-04-29,58.410000,59.090000,58.099998,58.939999,56.522705,8178700
2016-05-02,59.090000,59.750000,58.990002,59.590000,57.146057,8647800
2016-05-03,59.240002,59.849998,59.029999,59.520000,57.078938,8061300
2016-05-04,59.230000,59.959999,58.820000,59.110001,56.685738,8062800
2016-05-05,58.939999,58.980000,58.000000,58.189999,55.803474,7846000
2016-05-06,58.160000,58.439999,57.380001,58.430000,56.033638,7308000
2016-05-09,58.590000,59.189999,58.450001,58.720001,56.311741,5604900
2016-05-10,58.610001,59.990002,58.610001,59.200001,56.772053,7600200
2016-05-11,58.500000,58.680000,56.849998,57.009998,54.671867,12823000
2016-05-12,57.520000,58.340000,57.310001,57.990002,55.611675,8083700
2016-05-13,57.740002,58.119999,57.279999,57.310001,54.959557,7392600
2016-05-16,57.270000,57.529999,56.630001,57.139999,54.796539,8045900
2016-05-17,57.150002,57.380001,56.650002,57.099998,54.758183,7620700
2016-05-18,56.759998,56.869999,55.669998,56.119999,53.818363,11532800
2016-05-19,55.820000,57.299999,55.669998,57.040001,54.700638,9376500
2016-05-20,55.880001,57.060001,55.410000,56.480000,54.163609,13745300
2016-05-23,56.599998,56.970001,55.950001,55.990002,53.693703,7780700
2016-05-24,56.049999,56.770000,55.860001,56.590000,54.269093,11098700
2016-05-25,56.470001,56.689999,55.770000,55.990002,53.693703,9921500
2016-05-26,56.049999,56.360001,55.599998,55.840000,53.549854,9063100
2016-05-27,56.169998,56.529999,55.980000,56.189999,53.885494,8525900
2016-05-31,56.410000,56.470001,55.169998,55.220001,52.955276,14233600
2016-06-01,53.330002,55.040001,52.919998,54.930000,52.677181,28409300
2016-06-02,54.220001,54.669998,54.220001,54.529999,52.446346,13901700
2016-06-03,54.290001,54.570000,53.400002,53.450001,51.407616,17265800
2016-06-06,53.770000,54.540001,53.689999,54.299999,52.225140,13808300
2016-06-07,54.160000,54.349998,53.549999,53.549999,51.503796,13334000
2016-06-08,53.830002,54.340000,53.660000,54.119999,52.052013,12068500
2016-06-09,54.110001,55.049999,53.880001,54.939999,52.840675,11609800
2016-06-10,54.639999,55.360001,54.549999,55.110001,53.004181,12183600
2016-06-13,55.000000,55.639999,54.880001,54.910000,52.811829,8582200
2016-06-14,54.580002,54.939999,54.080002,54.119999,52.052013,9585600
2016-06-15,54.240002,55.060001,54.240002,54.310001,52.234753,7498400
2016-06-16,53.540001,53.639999,52.939999,53.470001,51.426857,14456500
2016-06-17,53.450001,53.869999,53.160000,53.709999,51.657681,11007100
2016-06-20,54.230000,55.150002,54.230000,54.360001,52.282845,8429400
2016-06-21,54.459999,55.090000,54.439999,54.770000,52.677177,8278200
2016-06-22,55.000000,55.139999,54.529999,54.570000,52.484810,7019600
2016-06-23,55.110001,55.180000,53.950001,54.119999,52.052013,11219800
2016-06-24,52.360001,53.360001,52.180000,52.590000,50.580475,18481200
2016-06-27,52.000000,52.520000,51.480000,51.889999,49.907223,15265700
2016-06-28,52.040001,53.200001,51.570000,53.090000,51.061371,20837800
2016-06-29,54.500000,55.139999,52.889999,55.130001,53.023418,36084800
2016-06-30,55.290001,55.430000,54.599998,55.200001,53.090740,17350500
2016-07-01,55.070000,55.810001,54.910000,55.610001,53.485085,9285100
2016-07-05,55.340000,55.910000,55.009998,55.200001,53.090740,10256100
2016-07-06,54.880001,55.810001,54.820000,55.799999,53.667820,7863400
2016-07-07,55.799999,55.980000,55.560001,55.919998,53.783230,6948000
2016-07-08,56.099998,56.820000,56.090000,56.720001,54.552670,8645900
2016-07-11,56.830002,57.230000,56.709999,56.830002,54.658459,8122500
2016-07-12,57.090000,58.200001,57.070000,58.060001,55.841465,11164400
2016-07-13,58.180000,58.439999,57.730000,57.990002,55.774132,9126500
2016-07-14,58.299999,58.599998,58.150002,58.490002,56.255032,7488400
2016-07-15,58.590000,58.869999,57.869999,57.869999,55.658726,9225200
2016-07-18,58.000000,58.160000,57.740002,57.740002,55.533688,6478900
2016-07-19,57.459999,57.770000,57.150002,57.759998,55.552921,7442700
2016-07-20,57.990002,58.099998,57.740002,57.759998,55.552921,5872400
2016-07-21,57.990002,58.029999,56.570000,56.990002,54.812347,8262000
2016-07-22,56.820000,56.959999,56.430000,56.730000,54.562283,8614700
2016-07-25,56.869999,57.150002,56.459999,57.139999,54.956615,7256300
2016-07-26,57.200001,57.869999,56.250000,56.369999,54.216038,8546700
2016-07-27,56.500000,57.000000,55.470001,55.790001,53.658195,10295400
2016-07-28,55.590000,55.810001,54.980000,55.450001,53.331196,9574100
2016-07-29,55.270000,55.660000,55.209999,55.500000,53.379280,6353400
2016-08-01,55.730000,55.869999,55.299999,55.410000,53.292725,6268400
2016-08-02,55.230000,55.279999,54.779999,54.919998,52.821438,7145600
2016-08-03,54.549999,55.189999,54.279999,54.750000,52.657936,9687300
2016-08-04,54.959999,55.570000,54.650002,54.790001,52.696411,8678100
2016-08-05,55.320000,56.060001,55.169998,55.849998,53.715900,7512500
2016-08-08,56.130001,56.389999,55.680000,55.980000,53.840935,6307000
2016-08-09,56.080002,56.240002,55.689999,55.770000,53.638969,8044400
2016-08-10,55.950001,56.180000,55.070000,55.130001,53.023418,6881400
2016-08-11,55.630001,56.889999,55.480000,56.730000,54.562283,9539500
2016-08-12,56.700001,56.759998,56.130001,56.450001,54.292980,5393400
2016-08-15,56.650002,57.060001,56.619999,56.770000,54.600750,4836300
2016-08-16,56.799999,57.040001,56.419998,56.880001,54.706539,4901800
2016-08-17,56.869999,56.970001,56.540001,56.860001,54.687317,7340500
2016-08-18,56.990002,57.459999,56.900002,57.209999,55.023941,6043600
2016-08-19,57.400002,59.139999,57.250000,58.900002,56.649372,15987100
2016-08-22,58.820000,59.459999,58.650002,58.660000,56.418533,8266000
2016-08-23,58.799999,59.799999,58.799999,59.619999,57.341854,8222800
2016-08-24,59.889999,60.330002,59.720001,60.220001,57.918922,11379000
2016-08-25,60.009998,60.150002,59.029999,59.240002,56.976368,8713900
2016-08-26,58.570000,59.200001,58.299999,59.000000,56.745541,9994300
2016-08-29,59.200001,59.250000,58.529999,58.630001,56.389687,5831000
2016-08-30,58.459999,58.759998,57.849998,58.000000,55.783756,6344600
2016-08-31,57.860001,58.279999,57.189999,57.639999,55.437508,7723600
2016-09-01,57.669998,58.549999,57.529999,58.540001,56.459846,8225000
2016-09-02,58.630001,59.180000,57.990002,58.020000,56.111683,6933100
2016-09-06,58.250000,58.380001,57.209999,57.410000,55.521751,9771800
2016-09-07,57.480000,57.779999,57.009998,57.720001,55.821545,7536100
2016-09-08,56.880001,57.270000,56.110001,56.169998,54.322529,12741900
2016-09-09,55.880001,56.000000,55.270000,55.330002,53.510159,11310400
2016-09-12,55.000000,56.119999,54.950001,56.009998,54.167789,7470900
2016-09-13,55.860001,55.939999,55.119999,55.369999,53.548840,7359400
2016-09-14,55.160000,55.560001,54.930000,55.130001,53.316734,7621200
2016-09-15,55.000000,55.540001,54.810001,55.470001,53.645557,6283900
2016-09-16,55.240002,55.360001,55.049999,55.180000,53.365093,11715400
2016-09-19,55.380001,55.470001,54.930000,54.950001,53.142662,7671300
2016-09-20,55.259998,55.439999,54.759998,54.869999,53.065289,8563000
2016-09-21,55.020000,55.380001,54.610001,55.340000,53.519833,8041700
2016-09-22,55.470001,55.980000,55.240002,55.410000,53.587532,8052400
2016-09-23,55.020000,55.709999,54.910000,55.150002,53.336079,8921700
2016-09-26,54.799999,55.000000,54.080002,54.400002,52.610752,11629600
2016-09-27,54.250000,55.540001,53.900002,55.340000,53.519833,17945200
2016-09-28,54.599998,55.000000,52.799999,53.250000,51.498573,33213000
2016-09-29,52.919998,53.580002,52.119999,52.160000,50.444420,16993900
2016-09-30,52.570000,53.060001,52.279999,52.650002,50.918308,12940200
2016-10-03,52.540001,53.000000,52.419998,52.669998,50.937653,7632500
2016-10-04,52.900002,53.060001,52.080002,52.139999,50.425076,10737400
2016-10-05,52.150002,52.639999,52.099998,52.119999,50.405739,7244100
2016-10-06,52.200001,52.330002,51.970001,52.029999,50.318695,9391700
2016-10-07,52.419998,52.459999,51.680000,51.790001,50.086594,8407100
2016-10-10,52.130001,52.250000,51.770000,51.790001,50.086594,5469300
2016-10-11,51.950001,52.250000,51.520000,51.820000,50.115601,9203500
2016-10-12,52.009998,52.709999,51.799999,52.439999,50.715218,9301300
2016-10-13,52.119999,52.320000,51.500000,52.029999,50.318695,8425800
2016-10-14,52.380001,52.500000,51.619999,51.619999,49.922180,7133800
2016-10-17,51.650002,51.750000,50.959999,51.029999,49.351593,7904000
2016-10-18,51.299999,51.660000,51.189999,51.220001,49.535343,6805200
2016-10-19,51.340000,51.840000,51.139999,51.799999,50.096268,6999000
2016-10-20,51.770000,52.360001,51.689999,51.889999,50.183304,6590500
2016-10-21,51.740002,51.869999,51.250000,51.770000,50.067249,9161000
2016-10-24,52.160000,52.290001,51.830002,51.869999,50.163963,7578200
2016-10-25,50.970001,51.439999,50.709999,51.049999,49.370930,14975300
2016-10-26,50.950001,52.270000,50.900002,51.970001,50.260662,12401100
2016-10-27,52.340000,52.340000,51.689999,51.889999,50.183304,7939200
2016-10-28,52.119999,52.500000,51.790001,52.020000,50.309029,9096700
2016-10-31,50.880001,51.150002,50.000000,50.180000,48.529545,17931300
2016-11-01,50.500000,50.509998,49.139999,49.619999,47.987961,14100400
2016-11-02,49.240002,50.270000,49.009998,49.720001,48.084675,10775900
2016-11-03,49.980000,50.000000,49.310001,49.730000,48.094349,7678700
2016-11-04,49.799999,50.450001,49.759998,49.959999,48.316780,9925200
2016-11-07,50.480000,50.930000,50.279999,50.910000,49.235538,8358700
2016-11-08,51.099998,51.490002,50.950001,51.080002,49.399948,8111400
2016-11-09,50.070000,51.270000,49.799999,51.119999,49.438622,9058600
2016-11-10,51.290001,51.369999,50.330002,50.389999,48.732639,12316100
2016-11-11,50.220001,50.849998,50.180000,50.770000,49.100143,6300600
2016-11-14,51.180000,51.189999,50.209999,50.209999,48.558563,8063900
2016-11-15,50.459999,50.639999,49.750000,50.130001,48.481194,9299800
2016-11-16,50.000000,50.799999,49.950001,50.680000,49.013103,6760300
2016-11-17,50.939999,51.669998,50.720001,51.590000,49.893169,7671600
2016-11-18,51.389999,51.889999,50.959999,51.099998,49.419285,7461600
2016-11-21,51.000000,51.419998,50.950001,51.279999,49.593365,5357200
2016-11-22,51.470001,51.750000,51.049999,51.709999,50.009224,5228100
2016-11-23,51.709999,51.849998,51.200001,51.340000,49.651390,4141600
2016-11-25,51.680000,51.740002,51.349998,51.520000,49.825478,2736800
2016-11-28,51.439999,51.439999,50.610001,51.009998,49.332249,8602100
2016-11-29,51.200001,51.369999,50.570000,50.630001,48.964748,6065700
2016-11-30,50.520000,50.810001,50.070000,50.070000,48.423168,8198400
2016-12-01,50.110001,51.250000,50.060001,50.650002,49.160828,7610100
2016-12-02,50.259998,50.680000,50.110001,50.459999,48.976402,6933300
2016-12-05,50.799999,52.270000,50.700001,51.849998,50.325539,12031200
2016-12-06,50.830002,51.099998,50.259998,50.570000,49.083168,12496300
2016-12-07,50.790001,52.250000,50.599998,52.099998,50.568188,10412600
2016-12-08,52.150002,52.470001,51.450001,51.549999,50.034351,9260900
2016-12-09,51.759998,51.970001,51.500000,51.720001,50.199360,5869800
2016-12-12,51.500000,51.900002,50.939999,51.540001,50.024654,11459500
2016-12-13,51.830002,53.220001,51.830002,52.299999,50.762306,11442300
2016-12-14,52.240002,52.340000,51.590000,51.790001,50.267300,8012800
2016-12-15,52.000000,52.040001,51.090000,51.290001,49.782005,9567500
2016-12-16,51.599998,51.639999,50.669998,50.919998,49.422886,13984900
2016-12-19,50.910000,51.360001,50.480000,50.849998,49.354942,9451700
2016-12-20,51.060001,51.990002,50.750000,51.790001,50.267300,15984100
2016-12-21,52.900002,53.349998,51.549999,52.299999,50.762306,23236400
2016-12-22,52.799999,53.000000,52.029999,52.139999,50.607010,11798900
2016-12-23,51.990002,52.349998,51.669998,51.910000,50.383778,9360800
2016-12-27,51.799999,52.250000,51.200001,51.290001,49.782005,8175000
2016-12-28,51.310001,51.500000,50.869999,51.020000,49.519939,6318000
2016-12-29,51.000000,51.240002,50.880001,51.060001,49.558762,4680800
2016-12-30,51.099998,51.330002,50.700001,50.830002,49.335529,7384300
2017-01-03,51.990002,52.500000,51.770000,51.980000,50.451717,13295600
2017-01-04,52.230000,53.349998,52.090000,53.070000,51.509670,13759500
2017-01-05,52.919998,53.099998,52.439999,53.060001,51.499966,8682200
2017-01-06,53.090000,54.090000,52.980000,53.910000,52.324966,12532400
2017-01-09,53.959999,53.990002,53.220001,53.380001,51.810555,8835300
2017-01-10,53.549999,53.730000,53.110001,53.110001,51.548500,8041900
2017-01-11,53.119999,53.290001,52.669998,52.689999,51.140839,8208300
2017-01-12,52.509998,52.689999,52.160000,52.400002,50.859364,7368700
2017-01-13,52.590000,52.930000,52.230000,52.919998,51.364071,6694400
2017-01-17,53.400002,53.950001,53.009998,53.650002,52.072620,9888500
2017-01-18,53.860001,53.889999,52.860001,53.270000,51.703789,6743100
2017-01-19,53.840000,53.939999,52.889999,52.930000,51.373783,8320600
2017-01-20,53.220001,53.349998,52.900002,53.200001,51.635845,7861000
2017-01-23,53.020000,53.259998,52.720001,53.240002,51.674679,7025700
2017-01-24,53.020000,53.570000,52.990002,53.450001,51.878498,6321300
2017-01-25,53.730000,54.119999,53.689999,53.860001,52.276432,6675000
2017-01-26,54.110001,54.119999,53.360001,53.650002,52.072620,6202000
2017-01-27,53.680000,54.080002,53.029999,53.189999,51.626137,7362000
2017-01-30,52.779999,53.220001,52.410000,53.080002,51.519379,9770800
2017-01-31,51.680000,52.900002,51.630001,52.900002,51.344666,12342900
2017-02-01,52.980000,53.259998,52.610001,53.020000,51.461140,8810900
2017-02-02,53.000000,53.009998,52.480000,52.799999,51.247608,7874200
2017-02-03,52.619999,52.810001,52.250000,52.360001,50.820549,8850400
2017-02-06,52.090000,52.799999,52.049999,52.799999,51.247608,7355200
2017-02-07,53.070000,53.279999,52.669998,52.810001,51.257313,6446900
2017-02-08,52.740002,53.939999,52.700001,53.880001,52.295853,9281100
2017-02-09,53.880001,55.700001,53.880001,55.310001,53.683815,14345400
2017-02-10,55.630001,56.470001,55.630001,56.220001,54.567062,14973400
2017-02-13,56.169998,56.340000,55.750000,56.090000,54.440872,7679800
2017-02-14,55.919998,56.689999,55.830002,56.450001,54.790295,8891400
2017-02-15,56.290001,56.759998,56.209999,56.639999,54.974709,6652000
2017-02-16,56.880001,56.919998,56.099998,56.290001,54.634995,8374200
2017-02-17,56.119999,56.799999,55.860001,56.750000,55.081474,12638000
2017-02-21,56.380001,57.450001,56.200001,57.360001,55.673534,10955000
2017-02-22,57.480000,58.380001,57.360001,58.240002,56.527668,10914100
2017-02-23,58.110001,58.400002,57.270000,57.389999,55.702660,12316300
2017-02-24,57.389999,58.419998,57.070000,57.860001,56.158836,9684500
2017-02-27,57.650002,57.830002,57.349998,57.689999,55.993832,4375700
2017-02-28,57.369999,57.549999,56.860001,57.160000,55.479416,7951300
2017-03-01,57.860001,58.029999,57.330002,57.950001,56.246193,8558900
2017-03-02,57.900002,58.250000,57.650002,57.799999,56.275398,6438400
2017-03-03,57.799999,57.799999,56.509998,56.700001,55.204414,9181600
2017-03-06,56.700001,56.930000,56.529999,56.770000,55.272568,6896800
2017-03-07,56.709999,56.990002,56.020000,56.549999,55.058372,7124400
2017-03-08,56.939999,56.939999,56.310001,56.509998,55.019421,7604800
2017-03-09,56.610001,56.660000,56.090000,56.360001,54.873386,6165700
2017-03-10,56.490002,56.990002,56.259998,56.430000,54.941540,8882400
2017-03-13,56.430000,56.820000,56.110001,56.669998,55.175201,7235900
2017-03-14,56.869999,58.009998,56.720001,57.279999,55.769112,9286900
2017-03-15,57.630001,57.990002,56.750000,57.660000,56.139095,10067500
2017-03-16,57.430000,57.720001,56.830002,57.599998,56.080673,9895000
2017-03-17,57.770000,57.889999,57.310001,57.799999,56.275398,10791500
2017-03-20,58.000000,58.810001,57.959999,58.680000,57.132183,13352500
2017-03-21,58.779999,59.000000,57.720001,58.009998,56.479851,15269800
2017-03-22,54.759998,55.000000,53.759998,53.919998,52.497738,37413400
2017-03-23,54.610001,55.549999,54.520000,55.369999,53.909496,23848300
2017-03-24,55.290001,56.639999,55.119999,56.360001,54.873386,14438600
2017-03-27,55.639999,56.250000,55.540001,55.930000,54.454727,8663600
2017-03-28,55.990002,56.779999,55.790001,56.619999,55.126522,7823900
2017-03-29,56.410000,57.099998,56.349998,56.680000,55.184937,7456200
2017-03-30,56.480000,56.599998,55.810001,56.040001,54.561821,7210500
2017-03-31,56.000000,56.029999,55.650002,55.730000,54.260006,5905600
2017-04-03,55.740002,55.799999,55.150002,55.560001,54.094486,7088800
2017-04-04,55.150002,55.299999,54.830002,55.040001,53.588196,8843300
2017-04-05,54.970001,55.799999,54.500000,54.980000,53.529785,7722100
2017-04-06,55.070000,55.939999,54.939999,55.139999,53.685562,6692200
2017-04-07,55.099998,55.240002,54.770000,55.110001,53.656353,6078300
2017-04-10,55.000000,55.330002,54.720001,54.900002,53.451893,5472700
2017-04-11,54.950001,55.070000,54.549999,54.919998,53.471367,4348600
2017-04-12,54.660000,55.619999,54.500000,55.570000,54.104221,8504100
2017-04-13,55.410000,55.599998,55.259998,55.340000,53.880291,5282100
2017-04-17,55.320000,56.340000,55.250000,56.240002,54.756550,7688700
2017-04-18,56.020000,56.419998,55.799999,56.110001,54.629971,5651100
2017-04-19,56.160000,56.220001,55.740002,55.860001,54.386574,5947700
2017-04-20,55.959999,56.689999,55.880001,56.400002,54.912327,6867100
2017-04-21,56.290001,56.380001,55.680000,55.849998,54.376827,6055600
2017-04-24,56.139999,56.209999,55.470001,55.470001,54.006866,10777700
2017-04-25,55.529999,55.770000,55.410000,55.450001,53.987385,8971000
2017-04-26,55.459999,55.840000,55.119999,55.160000,53.705036,10936000
2017-04-27,55.180000,55.570000,54.910000,55.470001,54.006866,8558000
2017-04-28,55.430000,55.529999,55.139999,55.410000,53.948444,6437700
2017-05-01,55.430000,55.450001,54.980000,54.990002,53.539516,4881400
2017-05-02,55.119999,55.160000,54.790001,55.070000,53.617405,7363600
2017-05-03,55.169998,55.299999,54.400002,54.529999,53.091652,9474700
2017-05-04,54.680000,54.830002,54.200001,54.470001,53.033234,6830600
2017-05-05,54.410000,54.500000,53.560001,53.950001,52.526955,13379900
2017-05-08,54.180000,54.509998,53.830002,54.299999,52.867714,8728100
2017-05-09,54.330002,55.080002,54.160000,54.889999,53.442162,6441200
2017-05-10,54.910000,55.060001,54.509998,54.560001,53.120861,5823000
2017-05-11,54.520000,54.520000,53.400002,54.240002,52.809307,6499600
2017-05-12,54.099998,54.389999,53.790001,54.200001,52.770359,5606300
2017-05-15,54.119999,54.200001,53.680000,53.770000,52.351700,8201700
2017-05-16,52.369999,53.380001,52.119999,52.779999,51.387814,14562700
2017-05-17,52.779999,52.869999,51.799999,51.799999,50.433655,18341500
2017-05-18,51.970001,52.080002,51.299999,51.680000,50.316822,22576500
2017-05-19,51.000000,52.110001,50.810001,51.770000,50.404453,20047800
2017-05-22,51.770000,51.959999,51.400002,51.570000,50.209728,13671500
2017-05-23,51.980000,52.630001,51.880001,52.200001,50.823112,11087300
2017-05-24,52.250000,52.299999,51.740002,52.009998,50.638123,9383600
2017-05-25,52.380001,52.590000,52.209999,52.349998,50.969147,7627500
2017-05-26,52.349998,52.759998,52.230000,52.590000,51.202827,5921300
2017-05-30,52.759998,53.020000,52.639999,52.919998,51.524117,8039600
2017-05-31,53.020000,53.279999,52.709999,52.990002,51.592281,8938800
2017-06-01,53.060001,53.299999,52.209999,52.299999,51.094028,13352100
2017-06-02,52.700001,53.009998,52.360001,52.980000,51.758350,18511200
2017-06-05,53.000000,53.230000,52.700001,53.009998,51.787659,5748900
2017-06-06,52.900002,53.099998,52.430000,52.480000,51.269882,8923000
2017-06-07,52.790001,53.360001,52.750000,53.230000,52.002583,7438300
2017-06-08,53.230000,54.139999,53.150002,53.200001,51.973286,7785600
2017-06-09,53.200001,53.470001,52.799999,53.459999,52.227283,8347400
2017-06-12,53.509998,54.250000,53.500000,54.029999,52.784138,9180000
2017-06-13,54.029999,54.660000,53.840000,54.310001,53.057686,8720100
2017-06-14,54.480000,54.669998,53.950001,54.660000,53.399616,6783900
2017-06-15,54.000000,54.049999,52.730000,52.900002,51.680199,16041100
2017-06-16,51.750000,51.840000,50.790001,51.099998,49.921703,25725500
2017-06-19,51.419998,52.220001,51.400002,52.020000,50.820492,11265300
2017-06-20,52.049999,52.130001,51.099998,51.560001,50.371101,10676500
2017-06-21,51.900002,52.689999,51.900002,52.590000,51.377350,13021700
2017-06-22,52.599998,52.619999,52.090000,52.400002,51.191730,10660700
2017-06-23,52.150002,52.919998,51.669998,52.849998,51.631348,8522400
2017-06-26,52.950001,53.570000,52.669998,53.279999,52.051430,7966200
2017-06-27,53.189999,53.259998,52.639999,52.950001,51.729046,7873100
2017-06-28,53.169998,53.610001,52.959999,53.360001,52.129589,7527200
2017-06-29,53.330002,53.630001,52.990002,53.169998,51.943970,14801900
2017-06-30,56.599998,59.709999,56.500000,59.000000,57.639542,46553000
2017-07-03,58.369999,59.009998,58.330002,58.650002,57.297611,9910000
2017-07-05,58.240002,58.290001,57.509998,57.560001,56.232750,16167000
2017-07-06,57.450001,57.720001,57.000000,57.160000,55.841969,9035700
2017-07-07,57.400002,58.080002,57.029999,57.980000,56.643063,8145400
2017-07-10,57.889999,58.810001,57.680000,58.730000,57.375763,8942400
2017-07-11,58.540001,58.930000,58.040001,58.180000,56.838451,7223000
2017-07-12,58.310001,58.750000,58.099998,58.220001,56.877525,7243100
2017-07-13,58.220001,58.580002,57.930000,57.939999,56.603977,8108600
2017-07-14,57.950001,58.209999,57.639999,58.000000,56.662598,6345300
2017-07-17,58.000000,58.349998,57.759998,57.790001,56.457447,6885000
2017-07-18,57.740002,58.080002,57.470001,57.650002,56.320675,4922500
2017-07-19,57.599998,57.880001,57.389999,57.770000,56.437904,4451100
2017-07-20,59.119999,59.590000,58.799999,59.099998,57.737236,11915500
2017-07-21,59.000000,60.000000,58.910000,59.950001,58.567635,11048300
2017-07-24,59.689999,59.770000,58.759998,58.950001,57.590694,7498900
2017-07-25,59.320000,59.520000,58.919998,59.389999,58.020546,5157100
2017-07-26,59.090000,59.130001,58.320000,58.360001,57.014297,5529500
2017-07-27,58.599998,58.680000,57.990002,58.150002,56.809139,8259900
2017-07-28,58.150002,58.740002,57.970001,58.669998,57.317150,5112800
2017-07-31,58.709999,59.119999,58.330002,59.049999,57.688389,6225900
2017-08-01,59.000000,59.939999,58.900002,59.840000,58.460175,9051700
2017-08-02,59.549999,59.950001,59.270000,59.790001,58.411324,4468100
2017-08-03,59.799999,60.529999,59.639999,60.139999,58.753254,5677200
2017-08-04,60.169998,60.340000,59.630001,59.759998,58.382015,4106000
2017-08-07,59.820000,60.099998,59.709999,59.790001,58.411324,4066700
2017-08-08,59.880001,60.119999,59.360001,59.459999,58.088936,5586400
2017-08-09,59.419998,59.970001,59.259998,59.900002,58.518787,5310900
2017-08-10,59.680000,59.689999,59.060001,59.070000,57.707928,5585100
2017-08-11,58.730000,59.270000,58.590000,58.970001,57.610237,4980000
2017-08-14,59.150002,60.000000,59.130001,59.779999,58.401554,5900000
2017-08-15,58.939999,59.009998,58.290001,58.560001,57.209682,8913000
2017-08-16,58.900002,59.049999,58.220001,58.540001,57.190151,5489600
2017-08-17,58.529999,58.740002,57.419998,57.459999,56.135052,9148600
2017-08-18,54.849998,55.419998,54.169998,54.950001,53.682930,22905200
2017-08-21,54.439999,54.439999,53.110001,53.610001,52.373825,14289300
2017-08-22,53.919998,54.410000,53.790001,54.130001,52.881844,8212800
2017-08-23,53.919998,54.080002,53.450001,53.610001,52.373825,6409400
2017-08-24,53.930000,53.970001,53.459999,53.840000,52.598518,5461900
2017-08-25,54.029999,54.200001,53.540001,53.900002,52.657150,6416600
2017-08-28,54.070000,54.430000,53.619999,53.730000,52.491058,5269400
2017-08-29,52.740002,52.880001,52.070000,52.730000,51.514118,12539900
2017-08-30,52.799999,52.959999,52.250000,52.560001,51.348042,7434500
2017-08-31,52.599998,52.980000,52.470001,52.810001,51.769566,7728900
2017-09-01,53.000000,53.450001,52.900002,53.360001,52.308727,5509800
2017-09-05,53.250000,53.470001,52.880001,53.009998,51.965622,6306500
2017-09-06,53.119999,53.340000,52.709999,52.759998,51.720547,7407600
2017-09-07,52.759998,52.849998,52.340000,52.389999,51.357834,6905800
2017-09-08,52.250000,52.509998,52.110001,52.200001,51.171585,8563300
2017-09-11,52.380001,53.130001,52.320000,53.029999,51.985229,8649900
2017-09-12,53.770000,54.090000,53.299999,53.400002,52.347942,7823700
2017-09-13,53.450001,53.639999,53.040001,53.520000,52.465572,6086000
2017-09-14,53.540001,53.889999,53.119999,53.730000,52.671440,7497400
2017-09-15,53.860001,54.060001,53.520000,53.869999,52.808678,10046800
2017-09-18,53.869999,54.160000,53.400002,53.500000,52.445972,8166400
2017-09-19,52.779999,54.049999,52.509998,53.330002,52.279324,14707200
2017-09-20,53.490002,53.639999,53.040001,53.560001,52.504791,7058000
2017-09-21,53.549999,53.639999,53.090000,53.189999,52.142078,8065400
2017-09-22,53.020000,53.610001,52.799999,53.240002,52.191101,10962400
2017-09-25,53.080002,53.560001,53.000000,53.230000,52.181286,12262400
2017-09-26,53.180000,53.970001,52.980000,53.700001,52.642033,16183700
2017-09-27,52.169998,52.689999,51.029999,52.669998,51.632320,36202500
2017-09-28,52.799999,53.029999,52.330002,52.630001,51.593109,11334700
2017-09-29,52.590000,52.820000,51.759998,51.849998,50.828476,12189900
2017-10-02,52.160000,52.209999,51.660000,51.869999,50.848087,7516200
2017-10-03,52.000000,52.049999,51.400002,51.470001,50.455967,8126700
2017-10-04,51.509998,52.130001,51.400002,52.080002,51.053947,8204300
2017-10-05,52.009998,52.320000,51.779999,52.180000,51.151981,5287400
2017-10-06,52.200001,52.459999,52.119999,52.419998,51.387245,5360300
2017-10-09,52.230000,52.299999,51.500000,51.520000,50.504982,6875100
2017-10-10,51.580002,51.820000,51.369999,51.529999,50.514782,8372700
2017-10-11,51.389999,51.520000,50.830002,51.029999,50.024635,9109600
2017-10-12,50.980000,51.119999,50.349998,50.830002,49.828579,10658400
2017-10-13,50.830002,51.070000,50.400002,50.980000,49.975613,16227900
2017-10-16,50.799999,51.410000,50.639999,51.369999,50.357929,9299300
2017-10-17,51.500000,52.040001,51.380001,52.000000,50.975525,9492700
2017-10-18,52.180000,52.400002,52.099998,52.299999,51.269611,10890300
2017-10-19,51.660000,52.799999,51.480000,52.689999,51.651928,12568200
2017-10-20,52.790001,53.500000,52.790001,53.060001,52.014641,13020900
2017-10-23,53.060001,53.950001,53.000000,53.660000,52.602818,12242600
2017-10-24,53.900002,54.000000,53.099998,53.419998,52.367546,14767600
2017-10-25,53.430000,55.910000,52.669998,54.939999,53.857605,24804000
2017-10-26,55.259998,57.250000,55.139999,56.810001,55.690762,22185100
2017-10-27,55.820000,56.360001,55.650002,55.959999,54.857502,12801800
2017-10-30,55.709999,55.930000,54.840000,55.270000,54.181099,10169400
2017-10-31,54.750000,55.279999,54.520000,54.990002,53.906620,9794800
2017-11-01,55.419998,55.500000,54.849998,55.070000,53.985043,7544500
2017-11-02,55.150002,55.320000,54.590000,55.119999,54.034046,7250300
2017-11-03,55.150002,55.720001,55.040001,55.709999,54.612427,9448200
2017-11-06,55.290001,56.130001,55.139999,56.040001,54.935928,9332200
2017-11-07,55.750000,56.020000,55.020000,55.150002,54.063465,7774700
2017-11-08,55.000000,55.770000,54.889999,55.759998,54.661446,7079400
2017-11-09,55.500000,56.349998,55.310001,56.130001,55.024158,10958500
2017-11-10,55.880001,56.490002,55.619999,56.090000,54.984947,7535700
2017-11-13,55.660000,56.090000,55.660000,55.910000,54.808495,10106100
2017-11-14,55.709999,56.180000,55.529999,55.980000,54.877110,5037500
2017-11-15,55.959999,56.869999,55.080002,56.630001,55.514309,6610500
2017-11-16,56.619999,57.279999,56.410000,57.230000,56.102482,8233300
2017-11-17,58.540001,59.529999,58.369999,59.189999,58.023865,15475500
2017-11-20,58.630001,59.500000,57.980000,59.250000,58.082687,8480600
2017-11-21,59.029999,59.400002,58.930000,59.389999,58.219929,9057800
2017-11-22,59.180000,59.340000,58.939999,59.070000,57.906231,8501300
2017-11-24,59.000000,59.349998,58.910000,59.320000,58.151310,3400400
2017-11-27,59.200001,59.700001,59.169998,59.630001,58.455204,7891600
2017-11-28,58.759998,59.599998,58.540001,59.580002,58.406181,8665300
2017-11-29,59.730000,60.630001,59.730000,60.360001,59.170822,12022800
2017-11-30,60.259998,61.209999,60.200001,60.419998,59.229630,12551200
2017-12-01,60.419998,60.430000,59.240002,59.880001,58.895229,10113500
2017-12-04,60.270000,60.700001,59.970001,60.099998,59.111607,7513200
2017-12-05,60.650002,60.799999,59.650002,60.419998,59.426342,8862900
2017-12-06,60.410000,60.849998,59.700001,59.720001,58.737865,7862200
2017-12-07,59.860001,61.060001,59.650002,60.599998,59.603386,6113300
2017-12-08,60.500000,61.369999,60.290001,61.299999,60.291874,6065200
2017-12-11,61.369999,62.220001,61.299999,61.910000,60.891838,9017800
2017-12-12,61.810001,62.529999,61.650002,62.169998,61.147568,7358000
2017-12-13,62.220001,64.459999,62.020000,64.300003,63.242542,16072600
2017-12-14,64.430000,64.849998,64.050003,64.529999,63.468750,13055100
2017-12-15,64.889999,65.070000,64.150002,64.790001,63.724472,15659300
2017-12-18,64.930000,65.080002,64.389999,64.809998,63.744144,12652000
2017-12-19,65.150002,65.190002,64.180000,64.239998,63.183521,8212500
2017-12-20,64.389999,64.500000,63.580002,63.590000,62.544212,12468600
2017-12-21,64.290001,64.980003,63.299999,64.769997,63.704807,14352300
2017-12-22,61.200001,63.540001,60.130001,63.290001,62.249146,20414200
2017-12-26,62.900002,63.889999,62.810001,63.650002,62.603233,4563500
2017-12-27,63.560001,63.599998,62.770000,62.950001,61.914738,8959700
2017-12-28,63.000000,63.320000,62.849998,62.950001,61.914738,3987200
2017-12-29,63.209999,63.369999,62.549999,62.549999,61.521317,5222100
2018-01-02,62.849998,63.490002,62.849998,63.490002,62.445854,6511000
2018-01-03,63.480000,63.660000,62.759998,63.480000,62.436024,6091100
2018-01-04,63.400002,63.549999,62.549999,63.439999,62.396679,5780500
2018-01-05,63.700001,64.300003,63.470001,63.980000,62.927799,11632300
2018-01-08,64.150002,64.709999,63.980000,64.550003,63.488430,11905700
2018-01-09,64.230003,64.720001,63.470001,64.089996,63.035988,8771300
2018-01-10,63.880001,64.230003,63.439999,64.220001,63.163860,5010600
2018-01-11,64.029999,64.309998,63.779999,64.290001,63.232704,5103500
2018-01-12,64.500000,64.720001,64.320000,64.669998,63.606453,5135700
2018-01-16,64.779999,65.360001,63.369999,63.419998,62.377010,9117000
2018-01-17,63.669998,64.010002,63.080002,63.810001,62.760593,7422600
2018-01-18,64.000000,64.209999,63.540001,64.110001,63.055660,5656900
2018-01-19,65.309998,67.239998,65.120003,67.209999,66.104691,12896100
2018-01-22,66.550003,66.830002,65.760002,66.389999,65.298172,8491800
2018-01-23,66.529999,67.330002,66.440002,67.139999,66.035828,6412000
2018-01-24,67.339996,68.180000,67.070000,68.000000,66.881691,7421800
2018-01-25,68.129997,68.639999,67.449997,67.709999,66.596466,5707600
2018-01-26,68.199997,68.639999,67.919998,68.040001,66.921036,6290500
2018-01-29,67.820000,68.139999,67.419998,67.580002,66.468597,5067300
2018-01-30,67.500000,68.309998,67.160004,67.330002,66.222702,6350500
2018-01-31,67.500000,68.830002,67.470001,68.220001,67.098068,11036400
2018-02-01,67.669998,67.970001,66.699997,67.650002,66.537437,5790500
2018-02-02,67.220001,67.790001,67.000000,67.220001,66.114517,9348300
2018-02-05,66.629997,67.209999,64.389999,64.389999,63.331055,12549500
2018-02-06,62.480000,65.419998,62.090000,65.220001,64.147408,13356700
2018-02-07,65.150002,66.839996,65.099998,65.629997,64.550659,8845700
2018-02-08,65.529999,65.709999,62.459999,62.490002,61.462307,14121800
2018-02-09,63.759998,66.050003,62.840000,65.489998,64.412971,13733300
2018-02-12,65.940002,66.820000,65.680000,65.980003,64.894913,9792200
2018-02-13,65.849998,66.230003,65.430000,65.870003,64.786720,9538400
2018-02-14,65.720001,68.029999,65.550003,67.959999,66.842339,8662600
2018-02-15,68.389999,68.760002,67.250000,68.290001,67.166924,7390200
2018-02-16,67.900002,69.000000,67.739998,68.300003,67.176758,6842100
2018-02-20,67.639999,67.970001,67.050003,67.489998,66.380081,4859100
2018-02-21,67.660004,68.019997,67.029999,67.050003,65.947319,5107900
2018-02-22,67.250000,67.480003,66.739998,67.129997,66.025986,6515800
2018-02-23,67.389999,68.160004,66.849998,68.160004,67.039055,4428500
2018-02-26,68.389999,69.809998,68.339996,69.650002,68.504547,6499500
2018-02-27,70.000000,70.250000,68.029999,68.029999,66.911194,6843100
2018-02-28,68.099998,68.300003,67.010002,67.029999,65.927643,6091800
2018-03-01,67.239998,67.669998,65.669998,66.320000,65.229317,7323900
2018-03-02,64.910004,66.089996,64.209999,65.889999,65.002411,8380500
2018-03-05,65.480003,65.489998,64.339996,65.050003,64.173737,8838400
2018-03-06,65.209999,65.360001,64.629997,65.239998,64.361168,6550100
2018-03-07,64.510002,64.790001,63.889999,64.169998,63.305588,6457600
2018-03-08,64.559998,65.250000,64.480003,65.110001,64.232925,5573000
2018-03-09,65.510002,66.510002,65.360001,66.300003,65.406898,5838400
2018-03-12,66.650002,67.610001,66.320000,66.820000,65.919891,7522700
2018-03-13,67.300003,67.690002,66.129997,66.169998,65.278648,5167300
2018-03-14,66.650002,66.900002,65.669998,66.199997,65.308235,6463800
2018-03-15,66.489998,66.610001,66.129997,66.389999,65.495689,5260800
2018-03-16,66.309998,66.690002,65.910004,65.910004,65.022148,12860900
2018-03-19,65.699997,66.339996,65.190002,65.709999,64.824837,7255600
2018-03-20,65.940002,66.870003,65.930000,66.800003,65.900162,6906200
2018-03-21,66.730003,67.209999,66.309998,66.349998,65.456223,5805200
2018-03-22,65.599998,66.150002,64.230003,64.419998,63.552219,12313300
2018-03-23,66.699997,67.110001,64.459999,64.629997,63.759384,17343800
2018-03-26,65.080002,66.059998,64.989998,65.900002,65.012283,10796000
2018-03-27,65.889999,67.639999,65.430000,66.169998,65.278648,9452500
2018-03-28,66.589996,67.150002,65.269997,65.440002,64.558479,7208400
2018-03-29,65.699997,66.550003,65.610001,66.440002,65.545013,10748300
2018-04-02,65.970001,66.050003,63.209999,64.120003,63.256260,12383900
2018-04-03,64.470001,66.730003,64.360001,66.699997,65.801498,8766400
2018-04-04,65.970001,68.500000,65.930000,68.419998,67.498337,10275800
2018-04-05,68.500000,69.779999,68.389999,69.589996,68.652573,9093300
2018-04-06,68.510002,69.309998,66.930000,67.550003,66.640053,9719300
2018-04-09,68.389999,68.550003,67.150002,67.180000,66.275032,6504500
2018-04-10,67.809998,67.879997,66.489998,67.000000,66.097458,10098900
2018-04-11,66.580002,67.199997,66.519997,66.830002,65.929756,5185500
2018-04-12,67.070000,68.000000,67.070000,67.769997,66.857086,5145300
2018-04-13,68.120003,68.330002,66.980003,67.250000,66.344101,4300200
2018-04-16,67.809998,67.980003,67.059998,67.059998,66.156647,6484400
2018-04-17,67.370003,67.669998,67.279999,67.510002,66.600594,5605700
2018-04-18,67.529999,67.739998,66.160004,66.199997,65.308235,7384000
2018-04-19,66.029999,66.300003,64.989998,65.730003,64.844574,8274300
2018-04-20,65.750000,66.110001,65.449997,66.089996,65.199722,10402800
2018-04-23,66.000000,67.029999,65.949997,66.879997,65.979080,6338400
2018-04-24,67.309998,67.510002,66.720001,66.970001,66.067871,8176100
2018-04-25,66.839996,67.000000,66.250000,66.669998,65.771912,5188900
2018-04-26,66.779999,68.290001,66.639999,68.050003,67.133324,5355200
2018-04-27,68.470001,70.000000,68.449997,69.559998,68.622986,7814900
2018-04-30,69.580002,69.809998,68.389999,68.389999,67.468750,6484100
2018-05-01,67.980003,68.209999,67.029999,68.099998,67.182648,4957800
2018-05-02,68.040001,68.559998,67.480003,68.260002,67.340485,5752100
2018-05-03,67.800003,67.849998,66.639999,66.900002,65.998817,6155900
2018-05-04,66.839996,68.330002,66.800003,68.099998,67.182648,5132900
2018-05-07,68.059998,69.419998,68.059998,69.339996,68.405937,5041600
2018-05-08,69.199997,69.230003,68.199997,68.459999,67.537796,6534900
2018-05-09,68.419998,68.470001,67.010002,67.949997,67.034660,7956300
2018-05-10,68.139999,68.269997,67.330002,67.919998,67.005066,4965200
2018-05-11,68.029999,68.529999,67.910004,68.430000,67.508202,4145100
2018-05-14,68.599998,68.889999,68.110001,68.839996,67.912666,3453800
2018-05-15,68.309998,69.519997,68.230003,69.500000,68.563782,5045000
2018-05-16,69.669998,71.510002,69.620003,71.339996,70.378998,9693000
2018-05-17,71.400002,71.599998,70.820000,70.940002,69.984398,6064700
2018-05-18,70.760002,71.589996,70.470001,71.320000,70.359268,5688100
2018-05-21,71.480003,71.699997,70.709999,71.379997,70.418457,5480700
2018-05-22,71.459999,72.190002,71.260002,71.309998,70.349403,5675300
2018-05-23,70.949997,71.919998,70.830002,71.339996,70.378998,6806400
2018-05-24,71.430000,72.279999,71.320000,72.180000,71.207687,5613800
2018-05-25,73.099998,73.489998,71.629997,72.250000,71.276741,5889700
2018-05-29,71.519997,71.610001,70.430000,70.919998,69.964661,5857900
2018-05-30,71.459999,72.290001,70.940002,72.230003,71.257011,5799900
2018-05-31,72.000000,72.220001,71.239998,71.800003,70.832802,7856200
2018-06-01,72.120003,72.949997,72.120003,72.760002,71.980377,4085900
2018-06-04,73.000000,73.870003,72.790001,73.830002,73.038910,4581900
2018-06-05,73.610001,74.220001,73.139999,74.050003,73.256546,4928700
2018-06-06,74.379997,74.940002,74.190002,74.750000,73.949051,5318100
2018-06-07,74.949997,75.910004,74.650002,74.760002,73.958954,6846300
2018-06-08,74.779999,75.070000,74.300003,74.900002,74.097443,5524900
2018-06-11,75.059998,75.209999,74.540001,74.589996,73.790764,4902800
2018-06-12,74.419998,74.610001,74.070000,74.290001,73.493980,4356500
2018-06-13,74.269997,74.900002,73.989998,74.110001,73.315910,4696200
2018-06-14,74.599998,75.150002,74.349998,74.699997,73.899590,4636000
2018-06-15,74.709999,75.849998,74.500000,75.839996,75.027367,10977300
2018-06-18,75.279999,75.760002,74.910004,75.610001,74.799835,4515900
2018-06-19,74.500000,74.919998,73.650002,74.260002,73.464302,7562200
2018-06-20,74.199997,74.910004,73.970001,74.720001,73.919373,4424900
2018-06-21,73.699997,74.790001,73.550003,73.940002,73.147736,5537900
2018-06-22,73.570000,74.410004,73.209999,73.430000,72.643196,9404900
2018-06-25,73.320000,73.360001,72.029999,72.349998,71.574768,9064100
2018-06-26,72.500000,73.290001,72.349998,72.559998,71.782516,7072600
2018-06-27,72.730003,72.949997,71.150002,71.349998,70.585487,7624700
2018-06-28,71.449997,72.120003,71.349998,71.699997,70.931725,9118500
2018-06-29,78.760002,81.000000,78.360001,79.680000,78.826225,31314100
2018-07-02,78.580002,79.480003,77.019997,78.349998,77.510475,11867000
2018-07-03,77.410004,77.889999,76.099998,76.279999,75.462646,5794900
2018-07-05,76.620003,77.419998,76.139999,76.550003,75.729767,6534500
2018-07-06,76.480003,77.080002,76.070000,76.480003,75.660515,5916200
2018-07-09,76.839996,77.379997,76.349998,77.279999,76.451935,4871400
2018-07-10,77.440002,78.089996,77.160004,77.570000,76.738838,6281800
2018-07-11,77.129997,77.639999,76.830002,77.360001,76.531090,3656600
2018-07-12,77.940002,78.180000,77.230003,77.370003,76.540985,4879200
2018-07-13,77.199997,77.610001,77.139999,77.379997,76.550865,2963100
2018-07-16,77.360001,78.099998,77.300003,77.750000,76.916916,4755100
2018-07-17,77.510002,78.019997,77.400002,77.470001,76.639908,4355400
2018-07-18,77.430000,77.620003,76.320000,76.589996,75.769325,6101600
2018-07-19,75.930000,77.160004,75.800003,76.949997,76.125473,4875100
2018-07-20,76.309998,77.080002,76.160004,76.959999,76.135368,5246400
2018-07-23,76.709999,76.949997,76.129997,76.589996,75.769325,4198200
2018-07-24,76.849998,77.089996,75.440002,75.529999,74.720695,6054000
2018-07-25,75.239998,77.180000,75.059998,77.160004,76.333237,5542400
2018-07-26,77.000000,78.440002,76.820000,78.150002,77.312622,6706200
2018-07-27,78.169998,78.410004,76.790001,76.889999,76.066116,6125700
2018-07-30,76.879997,76.959999,75.430000,75.959999,75.146080,7275300
2018-07-31,76.440002,77.589996,76.160004,76.910004,76.085915,8265600
2018-08-01,76.500000,78.059998,76.500000,77.540001,76.709160,6878300
2018-08-02,77.769997,79.070000,77.400002,78.650002,77.807259,5313800
2018-08-03,78.730003,78.980003,78.440002,78.739998,77.896294,3762100
2018-08-06,78.739998,79.580002,78.430000,79.510002,78.658058,4280600
2018-08-07,79.730003,80.629997,79.269997,80.529999,79.667114,5418900
2018-08-08,80.209999,81.080002,80.040001,80.500000,79.637444,5327100
2018-08-09,80.489998,81.879997,80.410004,81.260002,80.389290,4558500
2018-08-10,80.820000,81.290001,80.290001,80.730003,79.864983,5036700
2018-08-13,80.820000,81.150002,80.010002,80.150002,79.291199,4101200
2018-08-14,80.330002,80.849998,79.680000,80.139999,79.281296,6079700
2018-08-15,79.570000,79.860001,79.120003,79.570000,78.717407,5057200
2018-08-16,79.900002,80.610001,79.800003,80.050003,79.192268,5475800
2018-08-17,80.040001,80.440002,79.680000,79.750000,78.895477,9001400
2018-08-20,81.519997,82.419998,80.949997,82.180000,81.299438,9345200
2018-08-21,82.309998,83.080002,82.019997,82.949997,82.061188,6337000
2018-08-22,83.099998,83.680000,82.279999,82.639999,81.754509,4308300
2018-08-23,82.430000,83.570000,82.339996,82.910004,82.021614,4156900
2018-08-24,82.419998,82.879997,82.099998,82.449997,81.566536,3453000
2018-08-27,83.040001,83.449997,82.230003,82.650002,81.764404,4012400
2018-08-28,83.230003,83.629997,82.480003,82.580002,81.695160,3788800
2018-08-29,82.419998,83.099998,82.220001,82.790001,81.902901,5712400
2018-08-30,82.580002,82.760002,81.010002,81.400002,80.527786,7122100
2018-08-31,81.250000,82.250000,81.250000,82.199997,81.519516,5177100
2018-09-04,79.389999,80.970001,79.000000,79.599998,78.941040,18565800
2018-09-05,79.650002,80.320000,79.300003,79.919998,79.258400,12269100
2018-09-06,80.169998,80.839996,79.769997,80.400002,79.734428,8576900
2018-09-07,80.010002,81.160004,80.010002,80.300003,79.635246,6633900
2018-09-10,81.389999,82.440002,81.220001,82.099998,81.420349,6965600
2018-09-11,83.199997,83.580002,82.550003,82.629997,81.945961,7166800
2018-09-12,82.699997,83.040001,82.040001,83.000000,82.312897,5384300
2018-09-13,83.209999,83.900002,83.120003,83.470001,82.779007,5382100
2018-09-14,83.580002,83.839996,83.059998,83.489998,82.798836,4884400
2018-09-17,83.489998,83.930000,82.940002,83.260002,82.570747,4861100
2018-09-18,83.239998,85.349998,83.239998,85.260002,84.554192,7277700
2018-09-19,85.690002,85.849998,84.120003,84.430000,83.731056,8053100
2018-09-20,85.089996,85.870003,84.930000,85.370003,84.663284,6620300
2018-09-21,86.000000,86.040001,85.010002,85.550003,84.841797,13852700
2018-09-24,85.160004,85.260002,84.250000,84.269997,83.572380,8770400
2018-09-25,84.860001,85.099998,84.070000,84.790001,84.088081,10519500
2018-09-26,82.610001,84.730003,81.949997,83.699997,83.007103,16357100
2018-09-27,83.769997,84.919998,83.730003,84.540001,83.840149,6080600
2018-09-28,84.290001,85.269997,84.250000,84.720001,84.018661,7452700
2018-10-01,85.099998,85.849998,84.370003,84.459999,83.760811,7876400
2018-10-02,84.339996,84.550003,82.500000,82.769997,82.084793,8446900
2018-10-03,81.930000,82.959999,81.750000,82.500000,81.817032,10046700
2018-10-04,82.339996,82.480003,80.019997,80.180000,79.516243,9161100
2018-10-05,80.089996,80.989998,79.430000,80.120003,79.456741,7019100
2018-10-08,80.040001,80.540001,79.080002,80.230003,79.565834,8058700
2018-10-09,80.370003,81.489998,80.160004,80.419998,79.754257,7643400
2018-10-10,79.660004,80.040001,74.769997,74.940002,74.319618,12977800
2018-10-11,74.769997,77.070000,73.900002,74.510002,73.893181,11532100
2018-10-12,75.970001,76.860001,74.910004,75.910004,75.281593,10393800
2018-10-15,75.769997,76.160004,74.970001,74.989998,74.369202,5789000
2018-10-16,75.599998,77.650002,75.320000,77.480003,76.838593,7744200
2018-10-17,77.519997,77.800003,75.940002,76.480003,75.846870,6816900
2018-10-18,77.400002,77.410004,75.000000,75.599998,74.974152,7622200
2018-10-19,75.830002,76.050003,74.139999,74.209999,73.595665,7301200
2018-10-22,74.650002,75.209999,74.300003,74.900002,74.279953,7042500
2018-10-23,74.190002,74.379997,72.070000,73.349998,72.742783,11423800
2018-10-24,73.470001,74.610001,71.949997,72.120003,71.522972,8333900
2018-10-25,72.690002,73.500000,72.230003,73.099998,72.494850,7648000
2018-10-26,72.000000,72.709999,70.690002,72.070000,71.473381,8371100
2018-10-29,73.260002,74.010002,71.389999,72.190002,71.592384,9874200
2018-10-30,73.070000,74.639999,72.809998,74.510002,73.893181,9470000
2018-10-31,75.500000,76.339996,74.919998,75.040001,74.418793,8755500
2018-11-01,75.230003,76.839996,74.839996,76.790001,76.154305,6117800
2018-11-02,77.529999,78.589996,75.709999,76.580002,75.946045,6995100
2018-11-05,76.489998,77.769997,76.050003,77.529999,76.888176,7143300
2018-11-06,77.339996,77.580002,76.360001,76.570000,75.936127,6424200
2018-11-07,76.940002,78.230003,76.570000,77.970001,77.324539,5403900
2018-11-08,77.690002,78.160004,77.239998,77.779999,77.136108,5425000
2018-11-09,77.709999,77.769997,75.529999,76.360001,75.727875,4737600
2018-11-12,76.349998,76.769997,74.989998,75.099998,74.478287,5204900
2018-11-13,75.529999,76.269997,74.839996,75.199997,74.577469,4584600
2018-11-14,76.320000,77.489998,74.889999,75.199997,74.577469,7984200
2018-11-15,74.440002,74.669998,72.889999,74.330002,73.714668,7858300
2018-11-16,73.760002,75.519997,73.059998,74.739998,74.121277,8064200
2018-11-19,74.690002,74.750000,71.860001,72.519997,71.919647,6744900
2018-11-20,70.489998,72.070000,69.519997,71.120003,70.531242,9053900
2018-11-21,71.989998,72.900002,71.809998,72.370003,71.770897,7326100
2018-11-23,72.050003,72.519997,71.410004,71.489998,70.898186,2582300
2018-11-26,72.339996,73.000000,72.269997,72.709999,72.108078,6458300
2018-11-27,72.279999,72.550003,71.300003,72.089996,71.493210,5008000
2018-11-28,72.300003,74.760002,72.300003,74.660004,74.041946,6167200
2018-11-29,74.639999,74.949997,73.320000,74.339996,73.724579,5436700
2018-11-30,74.180000,75.480003,73.900002,75.120003,74.719261,7947300
2018-12-03,77.099998,79.000000,76.930000,77.940002,77.524208,10211800
2018-12-04,77.419998,78.400002,75.410004,75.790001,75.385674,8800400
2018-12-06,74.370003,75.570000,73.589996,75.540001,75.137009,9693700
2018-12-07,75.040001,75.970001,72.870003,73.339996,72.948738,6133700
2018-12-10,73.099998,73.709999,70.610001,72.510002,72.123184,7235000
2018-12-11,73.870003,74.570000,72.559998,73.570000,73.177521,7794500
2018-12-12,74.519997,75.279999,73.510002,74.320000,73.923523,6950400
2018-12-13,74.500000,74.589996,72.589996,72.930000,72.540932,7454800
2018-12-14,71.970001,73.650002,71.410004,72.529999,72.143066,7221200
2018-12-17,71.370003,71.769997,69.459999,69.900002,69.527100,10647700
2018-12-18,70.900002,72.410004,70.430000,71.150002,70.770432,7533300
2018-12-19,71.449997,72.000000,68.320000,68.970001,68.602058,8426100
2018-12-20,68.730003,69.570000,66.529999,67.529999,67.169746,14488500
2018-12-21,73.290001,74.290001,71.250000,72.370003,71.983925,28487900
2018-12-24,71.400002,71.930000,68.080002,68.099998,67.736702,8551400
2018-12-26,68.699997,73.010002,68.650002,73.010002,72.620506,10019200
2018-12-27,72.180000,73.730003,70.989998,73.669998,73.276985,9004900
2018-12-28,73.970001,74.459999,72.570000,73.339996,72.948738,6197000
2018-12-31,73.980003,74.459999,73.519997,74.139999,73.744476,5519100
2019-01-02,72.790001,74.639999,72.190002,74.059998,73.664902,6762700
2019-01-03,73.250000,73.320000,71.209999,72.750000,72.361900,8007400
2019-01-04,73.449997,75.120003,73.120003,74.650002,74.251762,7844200
2019-01-07,74.739998,76.360001,74.300003,75.720001,75.316055,8184800
2019-01-08,76.830002,77.400002,76.199997,76.730003,76.320663,8809000
2019-01-09,76.970001,77.150002,76.139999,76.589996,76.181404,8591000
2019-01-10,75.639999,77.339996,75.459999,76.419998,76.012314,11148600
2019-01-11,76.339996,76.889999,75.800003,76.040001,75.634346,10689900
2019-01-14,75.459999,76.809998,75.459999,76.089996,75.684074,5677400
2019-01-15,76.190002,77.980003,76.129997,77.879997,77.464523,6212400
2019-01-16,78.000000,78.849998,77.589996,77.680000,77.265602,5697100
2019-01-17,77.540001,79.400002,77.309998,79.129997,78.707855,7737300
2019-01-18,79.949997,80.970001,79.739998,80.449997,80.020813,10404100
2019-01-22,80.330002,81.309998,80.199997,80.750000,80.319221,8781700
2019-01-23,81.190002,81.400002,80.220001,80.500000,80.070549,5823000
2019-01-24,80.599998,80.870003,79.550003,80.440002,80.010872,4753200
2019-01-25,81.250000,81.330002,80.430000,80.610001,80.179962,4457100
2019-01-28,79.800003,80.510002,79.739998,80.320000,79.891518,5452000
2019-01-29,80.360001,80.830002,79.839996,80.220001,79.792046,4187500
2019-01-30,80.400002,81.290001,80.059998,81.279999,80.846390,5200200
2019-01-31,81.180000,81.949997,80.709999,81.879997,81.443184,8599200
2019-02-01,81.830002,81.900002,81.129997,81.510002,81.075165,5351900
2019-02-04,81.220001,82.000000,80.830002,81.989998,81.552605,4236600
2019-02-05,81.980003,83.190002,81.930000,82.860001,82.417961,6545600
2019-02-06,82.510002,82.709999,81.639999,82.709999,82.268761,3682800
2019-02-07,82.150002,82.849998,81.709999,82.389999,81.950462,4827500
2019-02-08,82.250000,82.720001,81.940002,82.360001,81.920624,3786500
2019-02-11,82.949997,83.830002,82.870003,83.680000,83.233582,6158500
2019-02-12,83.970001,84.839996,83.620003,84.709999,84.258095,6290300
2019-02-13,84.760002,85.589996,84.760002,85.400002,84.944412,5032800
2019-02-14,84.610001,85.139999,83.699997,84.680000,84.228249,5179000
2019-02-15,85.489998,85.779999,85.099998,85.379997,84.924515,6111300
2019-02-19,84.580002,85.050003,84.459999,84.570000,84.118835,5105900
2019-02-20,84.629997,84.949997,84.349998,84.839996,84.387390,6436100
2019-02-21,83.570000,84.150002,83.349998,83.949997,83.502144,8579200
2019-02-22,84.199997,85.019997,84.029999,84.760002,84.307823,4449500
2019-02-25,85.389999,85.730003,84.959999,85.169998,84.715637,6229700
2019-02-26,85.309998,86.080002,85.199997,85.800003,85.342278,6678700
2019-02-27,85.529999,86.220001,85.059998,86.169998,85.710304,4588200
2019-02-28,86.080002,86.400002,85.680000,85.730003,85.272652,4988100
2019-03-01,86.930000,87.989998,86.239998,87.160004,86.918076,6314900
2019-03-04,87.320000,87.989998,85.110001,85.639999,85.402290,7339500
2019-03-05,85.879997,86.250000,85.440002,85.440002,85.202850,4976300
2019-03-06,85.599998,85.989998,85.040001,85.129997,84.893707,3198000
2019-03-07,84.970001,85.410004,84.660004,85.260002,85.023346,4321800
2019-03-08,84.580002,84.879997,84.019997,84.800003,84.564629,4669700
2019-03-11,85.389999,85.940002,85.050003,85.820000,85.581795,3999800
2019-03-12,85.779999,86.080002,85.019997,85.430000,85.192871,4431600
2019-03-13,85.699997,86.660004,85.599998,85.930000,85.691490,5037800
2019-03-14,86.150002,86.879997,85.699997,86.870003,86.628883,5906100
2019-03-15,87.220001,87.610001,85.959999,86.800003,86.559074,11031400
2019-03-18,87.300003,87.839996,87.000000,87.820000,87.576241,7750700
2019-03-19,88.220001,88.589996,87.290001,87.690002,87.446602,6642200
2019-03-20,87.500000,87.580002,86.089996,86.690002,86.449379,5991500
2019-03-21,87.239998,88.120003,86.830002,88.010002,87.765717,10386900
2019-03-22,85.199997,85.900002,82.150002,82.190002,81.961868,21659800
2019-03-25,81.480003,83.220001,80.889999,82.330002,82.101479,15558300
2019-03-26,83.629997,84.089996,82.910004,83.379997,83.148560,9611900
2019-03-27,83.690002,83.800003,82.040001,83.089996,82.859367,6485100
2019-03-28,83.930000,84.720001,83.699997,84.040001,83.806732,6032700
2019-03-29,84.599998,84.849998,83.860001,84.209999,83.976257,6492000
2019-04-01,85.040001,85.320000,84.699997,85.230003,84.993431,6737400
2019-04-02,85.000000,85.260002,84.160004,84.370003,84.135818,4433800
2019-04-03,84.900002,84.989998,84.250000,84.470001,84.235542,4080900
2019-04-04,84.489998,85.379997,84.360001,85.279999,85.043289,3660700
2019-04-05,86.000000,86.160004,85.050003,85.400002,85.162956,7367400
2019-04-08,85.010002,85.290001,84.570000,84.730003,84.494820,4705800
2019-04-09,84.220001,84.599998,83.970001,84.279999,84.046066,3804500
2019-04-10,84.639999,85.010002,84.559998,84.879997,84.644402,3918400
2019-04-11,84.900002,85.050003,84.279999,85.000000,84.764069,3347400
2019-04-12,85.300003,86.489998,85.290001,86.239998,86.000626,6037000
2019-04-15,86.889999,87.239998,86.440002,86.830002,86.588989,5034900
2019-04-16,87.000000,87.949997,87.000000,87.800003,87.556297,4652700
2019-04-17,87.949997,88.970001,87.449997,88.730003,88.483719,5694900
2019-04-18,88.760002,90.000000,88.699997,89.199997,88.952408,7016600
2019-04-22,88.349998,88.639999,87.300003,87.360001,87.117516,5390500
2019-04-23,87.570000,87.669998,87.010002,87.430000,87.187325,7513700
2019-04-24,87.669998,88.820000,87.430000,88.389999,88.144661,8063000
2019-04-25,88.400002,88.540001,87.489998,87.559998,87.316963,7069900
2019-04-26,87.949997,88.940002,87.330002,88.309998,88.064880,6219600
2019-04-29,88.180000,88.510002,88.129997,88.260002,88.015022,5008400
2019-04-30,88.290001,88.400002,87.260002,87.830002,87.586212,7614100
2019-05-01,87.730003,87.949997,85.870003,85.900002,85.661575,6524600
2019-05-02,86.209999,86.279999,84.989998,85.269997,85.033318,6813700
2019-05-03,85.900002,86.300003,85.699997,85.699997,85.462120,6798300
2019-05-06,83.769997,83.870003,82.860001,83.570000,83.338036,12836600
2019-05-07,83.019997,83.629997,81.830002,82.540001,82.310898,9811300
2019-05-08,82.430000,83.989998,82.139999,82.769997,82.540253,9501300
2019-05-09,82.209999,83.010002,81.540001,82.980003,82.749680,6336600
2019-05-10,82.779999,84.269997,82.190002,83.949997,83.716980,5450500
2019-05-13,81.650002,82.629997,81.320000,82.529999,82.300926,6445200
2019-05-14,82.779999,84.000000,82.059998,83.669998,83.437759,7529200
2019-05-15,83.169998,84.489998,82.940002,84.010002,83.776817,4862200
2019-05-16,84.510002,85.400002,84.199997,84.279999,84.046066,6745200
2019-05-17,83.510002,85.519997,83.500000,84.570000,84.335258,5068200
2019-05-20,83.800003,83.800003,82.739998,82.849998,82.620033,7181900
2019-05-21,83.360001,83.800003,82.510002,83.639999,83.407845,5762500
2019-05-22,82.989998,83.339996,82.760002,83.199997,82.969063,5237800
2019-05-23,82.500000,83.059998,81.989998,82.639999,82.410622,9704200
2019-05-24,82.199997,83.169998,82.089996,82.160004,81.931953,5999000
2019-05-28,82.849998,83.190002,81.129997,81.199997,80.974609,7927300
2019-05-29,80.709999,80.860001,77.699997,78.870003,78.651085,10116900
2019-05-30,78.919998,79.730003,78.610001,79.260002,79.040001,6177800
2019-05-31,78.000000,78.260002,77.070000,77.139999,77.139999,8891100
2019-06-03,77.239998,78.580002,77.080002,77.959999,77.959999,11665500
2019-06-04,79.300003,81.650002,78.779999,81.620003,81.620003,7526800
2019-06-05,82.290001,82.900002,81.930000,82.720001,82.720001,8173200
2019-06-06,82.720001,83.059998,82.080002,82.449997,82.449997,4953000
2019-06-07,83.089996,83.680000,82.809998,83.410004,83.410004,3891100
2019-06-10,83.750000,84.199997,82.449997,82.580002,82.580002,4419800
2019-06-11,83.650002,84.339996,83.129997,83.260002,83.260002,3939400
2019-06-12,83.480003,84.019997,82.519997,82.629997,82.629997,4025900
2019-06-13,83.150002,83.919998,83.050003,83.610001,83.610001,3383400
2019-06-14,83.510002,83.860001,83.040001,83.440002,83.440002,4355600
2019-06-17,83.339996,83.459999,82.010002,82.110001,82.110001,5101900
2019-06-18,82.699997,84.650002,82.500000,84.300003,84.300003,6456500
2019-06-19,83.730003,83.900002,83.139999,83.550003,83.550003,6217700
2019-06-20,84.900002,85.669998,84.419998,85.239998,85.239998,6163800
2019-06-21,85.160004,85.750000,84.599998,85.750000,85.750000,9289800
2019-06-24,86.000000,86.849998,84.370003,84.500000,84.500000,8043300
2019-06-25,84.599998,84.690002,82.160004,82.620003,82.620003,7339900
2019-06-26,83.150002,83.690002,82.440002,82.550003,82.550003,5838500
2019-06-27,82.930000,83.769997,82.930000,83.660004,83.660004,11436700
2019-06-28,83.989998,84.750000,82.669998,83.949997,83.949997,12443800
2019-07-01,84.930000,86.279999,84.900002,85.410004,85.410004,6607600
2019-07-02,85.360001,85.470001,84.220001,84.959999,84.959999,7187200
2019-07-03,85.330002,86.290001,85.120003,86.199997,86.199997,4012800
2019-07-05,85.800003,86.910004,85.419998,86.820000,86.820000,6440900
2019-07-08,86.059998,88.519997,85.970001,88.480003,88.480003,7052000
2019-07-09,88.099998,88.800003,87.820000,88.040001,88.040001,6219700
2019-07-10,88.480003,88.940002,87.389999,87.440002,87.440002,5985500
2019-07-11,87.709999,88.300003,87.400002,88.290001,88.290001,3942400
2019-07-12,88.180000,89.309998,88.010002,89.120003,89.120003,4240900
2019-07-15,89.059998,89.870003,89.059998,89.480003,89.480003,3750900
2019-07-16,89.500000,89.709999,88.570000,88.599998,88.599998,5812800
2019-07-17,88.419998,88.690002,87.440002,87.500000,87.500000,4461500
2019-07-18,87.629997,87.760002,86.760002,87.440002,87.440002,4609200
2019-07-19,87.730003,87.879997,86.480003,86.550003,86.550003,6635300
2019-07-22,86.559998,86.989998,85.830002,85.970001,85.970001,6810300
2019-07-23,86.639999,87.099998,86.230003,86.699997,86.699997,5659900
2019-07-24,86.650002,87.209999,86.309998,86.699997,86.699997,6362900
2019-07-25,86.820000,87.500000,86.589996,87.279999,87.279999,4546400
2019-07-26,87.440002,87.839996,86.769997,87.540001,87.540001,3707200
2019-07-29,87.650002,87.870003,87.180000,87.620003,87.620003,4387300
2019-07-30,86.820000,87.910004,86.360001,87.199997,87.199997,3561200
2019-07-31,87.089996,87.269997,85.550003,86.029999,86.029999,5818200
2019-08-01,85.260002,86.769997,82.699997,83.120003,83.120003,7871800
2019-08-02,82.529999,83.239998,80.790001,81.139999,81.139999,8761400
2019-08-05,79.660004,80.050003,78.190002,78.970001,78.970001,8471100
