Date,Open,High,Low,Close,Adj Close,Volume
2002-10-25,13.000000,13.150000,12.850000,13.010000,7.905414,13965800
2002-10-28,13.010000,13.050000,12.960000,13.010000,7.905414,5505900
2002-10-29,13.000000,13.010000,12.040000,12.640000,7.680586,2235800
2002-10-30,12.610000,12.620000,12.130000,12.500000,7.595517,905800
2002-10-31,12.560000,13.020000,12.500000,12.610000,7.662354,298900
2002-11-01,12.590000,12.700000,12.570000,12.610000,7.662354,268800
2002-11-04,12.660000,12.950000,12.650000,12.910000,7.844648,1307600
2002-11-05,12.910000,13.240000,12.890000,13.020000,7.911489,2384700
2002-11-06,13.030000,13.200000,13.000000,13.000000,7.899336,204300
2002-11-07,13.080000,13.160000,12.360000,13.050000,7.929718,724200
2002-11-08,13.020000,13.030000,12.830000,12.930000,7.856802,106400
2002-11-11,13.000000,13.000000,12.650000,12.710000,7.723121,110500
2002-11-12,12.730000,12.740000,11.860000,11.960000,7.267390,540700
2002-11-13,12.050000,12.090000,10.760000,11.100000,6.744817,685600
2002-11-14,11.130000,11.250000,10.880000,11.090000,6.738741,462800
2002-11-15,11.100000,11.560000,11.080000,11.550000,7.018257,460700
2002-11-18,11.580000,13.050000,11.570000,12.180000,7.401072,325400
2002-11-19,12.360000,12.800000,12.020000,12.600000,7.656280,211400
2002-11-20,12.560000,12.600000,12.230000,12.410000,7.540827,92700
2002-11-21,12.540000,12.850000,12.540000,12.850000,7.808184,91300
2002-11-22,12.850000,12.860000,12.500000,12.650000,7.686661,55300
2002-11-25,12.800000,13.000000,12.660000,12.930000,7.856802,111000
2002-11-26,12.940000,12.940000,12.740000,12.740000,7.741349,59300
2002-11-27,12.900000,12.900000,12.500000,12.500000,7.595517,94300
2002-11-29,12.780000,12.890000,12.600000,12.820000,7.789962,35400
2002-12-02,12.940000,12.950000,12.350000,12.410000,7.540827,93600
2002-12-03,12.500000,12.500000,12.310000,12.370000,7.516521,31100
2002-12-04,12.450000,12.600000,12.310000,12.600000,7.656280,42300
2002-12-05,12.850000,13.300000,12.760000,13.280000,8.069476,366100
2002-12-06,13.150000,13.380000,12.990000,13.180000,8.008710,129300
2002-12-09,13.290000,13.300000,12.870000,13.000000,7.899336,106900
2002-12-10,13.000000,13.190000,12.930000,13.000000,7.899336,48300
2002-12-11,13.100000,13.390000,13.020000,13.250000,8.051247,189700
2002-12-12,13.390000,13.800000,13.270000,13.740000,8.348991,361400
2002-12-13,13.720000,14.390000,13.530000,13.600000,8.263921,615500
2002-12-16,13.740000,14.070000,13.660000,13.680000,8.312532,170900
2002-12-17,13.910000,13.910000,13.310000,13.480000,8.191003,95100
2002-12-18,13.500000,13.590000,13.060000,13.320000,8.093779,110800
2002-12-19,13.500000,13.500000,12.500000,12.750000,7.747428,233700
2002-12-20,12.790000,13.400000,12.690000,13.080000,7.947950,134900
2002-12-23,13.090000,13.590000,13.010000,13.450000,8.172776,65300
2002-12-24,13.600000,13.910000,13.320000,13.510000,8.209232,52300
2002-12-26,13.660000,13.660000,12.960000,13.250000,8.051247,16300
2002-12-27,13.290000,13.290000,12.950000,13.000000,7.899336,42500
2002-12-30,13.090000,13.360000,13.000000,13.100000,7.960100,26700
2002-12-31,13.350000,13.500000,13.100000,13.110000,7.966179,72000
2003-01-02,13.010000,13.500000,13.000000,13.500000,8.203155,89700
2003-01-03,13.500000,13.600000,13.320000,13.400000,8.142389,73200
2003-01-06,13.400000,13.560000,13.290000,13.290000,8.075554,90700
2003-01-07,13.360000,13.520000,13.200000,13.310000,8.087703,99300
2003-01-08,13.110000,13.200000,12.760000,13.020000,7.911489,159100
2003-01-09,13.070000,13.130000,12.850000,13.000000,7.899336,125900
2003-01-10,13.080000,13.100000,12.950000,13.000000,7.899336,70500
2003-01-13,13.100000,13.330000,13.000000,13.330000,8.099857,194700
2003-01-14,13.330000,13.610000,13.290000,13.450000,8.172776,131200
2003-01-15,13.590000,13.670000,13.440000,13.670000,8.306456,80300
2003-01-16,13.670000,13.910000,13.450000,13.910000,8.452291,95500
2003-01-17,13.800000,14.010000,13.470000,13.480000,8.191003,71300
2003-01-21,13.530000,13.910000,13.460000,13.720000,8.336837,107700
2003-01-22,13.730000,14.300000,13.580000,14.260000,8.664964,121500
2003-01-23,14.300000,14.800000,14.200000,14.250000,8.658887,185500
2003-01-24,14.400000,14.400000,13.950000,14.000000,8.506975,130500
2003-01-27,13.990000,14.490000,13.970000,14.130000,8.585971,74000
2003-01-28,14.200000,14.400000,14.000000,14.260000,8.664964,65700
2003-01-29,14.190000,14.310000,14.000000,14.030000,8.525205,102800
2003-01-30,14.000000,14.170000,13.760000,13.770000,8.367220,62600
2003-01-31,13.900000,13.960000,13.660000,13.750000,8.355067,184000
2003-02-03,13.780000,13.870000,13.630000,13.640000,8.288227,120100
2003-02-04,13.500000,13.590000,13.350000,13.580000,8.251767,121800
2003-02-05,13.600000,13.710000,13.350000,13.550000,8.233540,60200
2003-02-06,13.760000,14.650000,13.600000,14.400000,8.750034,110600
2003-02-07,14.400000,14.560000,13.790000,13.950000,8.476595,129500
2003-02-10,14.060000,14.140000,13.700000,13.710000,8.330761,54600
2003-02-11,13.790000,14.540000,13.710000,14.310000,8.695345,231000
2003-02-12,14.310000,14.310000,13.940000,13.940000,8.470514,190500
2003-02-13,14.040000,14.170000,13.950000,13.980000,8.494823,107800
2003-02-14,13.960000,14.490000,13.860000,14.330000,8.707500,61100
2003-02-18,14.350000,14.490000,14.060000,14.450000,8.780416,91100
2003-02-19,14.390000,14.490000,13.960000,14.290000,8.683193,93500
2003-02-20,14.150000,14.390000,14.000000,14.060000,8.543438,46800
2003-02-21,14.180000,14.350000,13.930000,14.060000,8.543438,71500
2003-02-24,14.180000,14.230000,13.980000,14.000000,8.506975,38800
2003-02-25,14.040000,14.240000,13.780000,14.180000,8.616353,121100
2003-02-26,14.200000,14.200000,13.810000,13.950000,8.476595,47600
2003-02-27,14.000000,14.050000,13.850000,13.950000,8.476595,36500
2003-02-28,14.000000,14.290000,13.850000,14.220000,8.640658,42700
2003-03-03,14.100000,14.340000,13.960000,14.080000,8.555590,248400
2003-03-04,14.120000,14.140000,13.950000,14.050000,8.537359,258400
2003-03-05,14.150000,14.150000,13.850000,13.920000,8.458367,45500
2003-03-06,13.860000,14.050000,13.850000,14.000000,8.506975,31300
2003-03-07,14.010000,14.200000,13.950000,14.160000,8.604200,45300
2003-03-10,14.150000,14.300000,14.080000,14.160000,8.604200,26700
2003-03-11,14.270000,14.270000,14.020000,14.080000,8.555590,93400
2003-03-12,14.110000,14.140000,13.820000,13.830000,8.403677,175200
2003-03-13,13.870000,14.130000,13.860000,14.070000,8.549513,40800
2003-03-14,14.000000,14.200000,14.000000,14.050000,8.537359,193100
2003-03-17,14.180000,14.190000,13.850000,14.120000,8.579892,119900
2003-03-18,13.960000,14.200000,13.960000,14.140000,8.592044,101900
2003-03-19,14.180000,14.200000,14.100000,14.120000,8.579892,24100
2003-03-20,14.160000,14.290000,14.100000,14.200000,8.628504,50400
2003-03-21,14.250000,14.590000,14.100000,14.570000,8.853333,358200
2003-03-24,14.480000,14.480000,14.110000,14.310000,8.695345,135100
2003-03-25,14.340000,15.500000,14.330000,15.400000,9.357674,150200
2003-03-26,14.900000,15.370000,14.900000,15.000000,9.114618,64500
2003-03-27,15.070000,15.070000,14.350000,14.630000,8.889791,129500
2003-03-28,14.600000,15.250000,14.550000,15.040000,9.138922,65500
2003-03-31,15.010000,15.500000,14.920000,15.400000,9.357674,163100
2003-04-01,15.250000,15.400000,14.680000,14.910000,9.059932,172600
2003-04-02,15.020000,15.310000,14.920000,15.010000,9.120699,115400
2003-04-03,15.000000,15.050000,14.760000,14.850000,9.023472,601900
2003-04-04,15.010000,15.400000,14.990000,15.340000,9.321216,53500
2003-04-07,15.350000,15.890000,15.330000,15.870000,9.643269,131200
2003-04-08,15.780000,16.290001,15.630000,16.250000,9.874166,128400
2003-04-09,16.280001,17.270000,16.250000,16.530001,10.044307,231300
2003-04-10,16.660000,16.670000,16.000000,16.120001,9.795175,160500
2003-04-11,16.139999,16.219999,15.770000,16.219999,9.855938,84100
2003-04-14,16.090000,16.299999,15.880000,16.150000,9.813404,78500
2003-04-15,16.129999,16.410000,15.900000,16.299999,9.904552,93500
2003-04-16,16.400000,16.400000,15.970000,16.110001,9.789100,93700
2003-04-17,16.120001,16.219999,15.800000,16.010000,9.728335,95200
2003-04-21,16.000000,16.000000,15.340000,15.620000,9.491358,208700
2003-04-22,15.910000,15.910000,14.710000,15.520000,9.430593,236700
2003-04-23,15.490000,17.110001,15.490000,16.920000,10.281287,390300
2003-04-24,16.870001,16.910000,16.400000,16.600000,10.086845,62500
2003-04-25,16.490000,17.400000,16.400000,17.020000,10.342056,81100
2003-04-28,16.959999,17.400000,16.799999,17.370001,10.554729,211900
2003-04-29,17.150000,17.420000,17.070000,17.240000,10.475733,68200
2003-04-30,17.430000,17.430000,16.850000,17.000000,10.329899,99400
2003-05-01,17.000000,17.290001,16.379999,17.160000,10.427123,170900
2003-05-02,17.070000,17.170000,16.940001,17.150000,10.421048,173000
2003-05-05,17.200001,17.250000,17.100000,17.250000,10.481812,98000
2003-05-06,17.200001,17.690001,17.190001,17.570000,10.676257,196400
2003-05-07,17.480000,17.600000,17.389999,17.540001,10.658026,182700
2003-05-08,17.600000,17.629999,17.110001,17.209999,10.457505,326800
2003-05-09,17.260000,17.500000,16.750000,16.900000,10.269134,168800
2003-05-12,16.900000,17.549999,16.879999,17.299999,10.512194,252200
2003-05-13,17.330000,17.400000,17.129999,17.400000,10.572955,184700
2003-05-14,17.430000,17.930000,17.129999,17.900000,10.876778,167400
2003-05-15,17.910000,17.969999,17.540001,17.959999,10.913237,265100
2003-05-16,17.920000,19.100000,17.790001,19.010000,11.551260,580300
2003-05-19,18.900000,19.110001,18.850000,18.950001,11.514801,219100
2003-05-20,18.950001,19.049999,18.809999,19.000000,11.545181,303300
2003-05-21,19.040001,19.040001,18.410000,18.820000,11.435810,187600
2003-05-22,18.709999,19.000000,18.610001,18.980000,11.533031,168800
2003-05-23,18.299999,18.760000,18.150000,18.639999,11.326435,427500
2003-05-27,18.549999,18.799999,18.400000,18.570000,11.283893,136700
2003-05-28,18.620001,18.700001,18.500000,18.530001,11.259589,99800
2003-05-29,18.700001,18.709999,18.469999,18.650000,11.332508,79000
2003-05-30,18.650000,18.900000,18.610001,18.830000,11.441885,113100
2003-06-02,18.900000,19.000000,18.809999,18.950001,11.514801,145800
2003-06-03,18.990000,18.990000,18.450001,18.510000,11.247439,161900
2003-06-04,18.549999,18.559999,18.049999,18.250000,11.089450,260500
2003-06-05,18.240000,18.500000,18.049999,18.330000,11.138062,81600
2003-06-06,18.500000,18.700001,18.410000,18.600000,11.302127,202100
2003-06-09,18.600000,18.600000,18.000000,18.270000,11.101608,63900
2003-06-10,18.400000,18.450001,17.959999,18.000000,10.937542,148800
2003-06-11,18.049999,18.120001,17.799999,18.000000,10.937542,530800
2003-06-12,18.139999,18.139999,17.719999,17.959999,10.913237,212900
2003-06-13,18.100000,18.190001,17.860001,17.920000,10.888928,428000
2003-06-16,18.000000,18.100000,17.850000,17.990000,10.931466,263900
2003-06-17,17.969999,18.000000,17.860001,17.920000,10.888928,137900
2003-06-18,17.940001,18.150000,17.900000,17.990000,10.931466,179700
2003-06-19,18.110001,18.110001,17.910000,18.000000,10.937542,230900
2003-06-20,17.990000,18.000000,17.820000,18.000000,10.937542,228300
2003-06-23,17.990000,17.990000,17.430000,17.480000,10.621569,179100
2003-06-24,17.500000,17.549999,17.450001,17.480000,10.621569,181100
2003-06-25,17.530001,17.610001,17.200001,17.260000,10.487889,178300
2003-06-26,17.299999,17.500000,17.049999,17.420000,10.585111,221500
2003-06-27,17.500000,17.790001,17.440001,17.750000,10.785633,295000
2003-06-30,17.750000,18.070000,17.430000,17.740000,10.779555,989000
2003-07-01,16.400000,17.780001,15.900000,17.570000,10.676257,8665700
2003-07-02,17.920000,18.000000,17.320000,17.700001,10.755248,1350700
2003-07-03,17.389999,17.750000,17.250000,17.379999,10.560802,302500
2003-07-07,17.500000,17.850000,17.370001,17.510000,10.639796,385900
2003-07-08,17.500000,17.969999,17.459999,17.900000,10.876778,1057800
2003-07-09,17.950001,17.950001,17.510000,17.820000,10.828163,284200
2003-07-10,17.730000,17.799999,17.629999,17.700001,10.755248,118500
2003-07-11,17.750000,17.750000,17.459999,17.490000,10.627643,72400
2003-07-14,17.490000,17.799999,17.200001,17.290001,10.506114,143000
2003-07-15,17.280001,17.600000,17.280001,17.549999,10.664104,74800
2003-07-16,17.500000,17.629999,16.799999,16.870001,10.250907,149500
2003-07-17,16.950001,17.520000,16.270000,16.889999,10.263060,352400
2003-07-18,16.900000,17.000000,16.500000,16.660000,10.123302,169000
2003-07-21,16.600000,17.080000,16.600000,16.709999,10.153685,319000
2003-07-22,16.889999,16.889999,16.400000,16.549999,10.056462,266900
2003-07-23,16.420000,16.590000,16.000000,16.260000,9.880247,79700
2003-07-24,16.299999,16.480000,16.250000,16.350000,9.934932,74300
2003-07-25,16.340000,16.530001,16.219999,16.400000,9.965318,87700
2003-07-28,16.500000,16.620001,16.320000,16.500000,10.026081,101600
2003-07-29,16.570000,16.959999,16.320000,16.950001,10.299520,270300
2003-07-30,17.000000,17.139999,16.840000,16.980000,10.317746,167400
2003-07-31,17.020000,17.160000,16.900000,17.049999,10.360285,424500
2003-08-01,17.090000,17.270000,16.700001,16.719999,10.159758,95100
2003-08-04,16.910000,17.090000,16.690001,16.799999,10.208372,278600
2003-08-05,16.799999,16.889999,16.230000,16.230000,9.862015,323800
2003-08-06,16.200001,16.389999,16.100000,16.389999,9.959237,172600
2003-08-07,16.270000,16.309999,15.850000,16.030001,9.740487,583700
2003-08-08,15.990000,16.090000,15.500000,15.500000,9.418439,238200
2003-08-11,15.650000,16.000000,15.470000,15.630000,9.497433,266100
2003-08-12,15.710000,15.750000,15.480000,15.570000,9.460975,500400
2003-08-13,15.750000,15.800000,15.250000,15.290000,9.290832,365000
2003-08-14,15.300000,15.440000,14.990000,15.310000,9.302989,561100
2003-08-15,15.270000,15.650000,15.200000,15.600000,9.479203,98300
2003-08-18,15.510000,15.750000,15.400000,15.490000,9.412365,408700
2003-08-19,15.580000,15.580000,15.310000,15.580000,9.467051,257300
2003-08-20,15.500000,15.750000,15.360000,15.600000,9.479203,318800
2003-08-21,15.560000,15.640000,15.500000,15.510000,9.424516,185200
2003-08-22,15.600000,16.809999,15.510000,16.660000,10.123302,589200
2003-08-25,16.730000,16.990000,16.280001,16.370001,9.947086,258600
2003-08-26,16.299999,16.700001,16.250000,16.350000,9.934932,240400
2003-08-27,16.270000,16.299999,15.990000,16.040001,9.746565,344800
2003-08-28,16.000000,16.209999,15.750000,16.160000,9.819484,802800
2003-08-29,16.250000,16.700001,16.250000,16.650000,10.117227,293800
2003-09-02,16.700001,16.840000,16.320000,16.650000,10.117227,202700
2003-09-03,16.650000,16.790001,16.459999,16.500000,10.026081,236500
2003-09-04,16.639999,16.830000,16.260000,16.290001,9.898476,244400
2003-09-05,16.500000,16.500000,16.240000,16.320000,9.916703,195500
2003-09-08,16.500000,17.290001,16.280001,16.959999,10.305596,270600
2003-09-09,16.700001,16.959999,16.670000,16.670000,10.129379,437300
2003-09-10,16.809999,16.920000,16.459999,16.639999,10.111151,1050300
2003-09-11,16.570000,16.740000,16.510000,16.660000,10.123302,227000
2003-09-12,16.700001,16.969999,16.420000,16.969999,10.311669,231000
2003-09-15,16.850000,17.209999,16.850000,17.139999,10.414969,670900
2003-09-16,17.230000,17.450001,16.950001,17.350000,10.542579,484100
2003-09-17,17.299999,18.070000,17.219999,17.940001,10.901082,299400
2003-09-18,18.040001,18.049999,17.730000,17.760000,10.791708,340100
2003-09-19,17.730000,17.969999,17.629999,17.930000,10.895005,337300
2003-09-22,17.980000,17.980000,17.639999,17.660000,10.730944,597200
2003-09-23,17.650000,18.500000,17.410000,18.400000,11.180597,249100
2003-09-24,18.500000,18.500000,18.150000,18.309999,11.125911,136300
2003-09-25,18.350000,18.450001,18.180000,18.309999,11.125911,216000
2003-09-26,18.200001,18.299999,18.070000,18.080000,10.986152,703600
2003-09-29,18.059999,18.469999,18.059999,18.280001,11.107682,458500
2003-09-30,18.400000,18.480000,18.000000,18.180000,11.046918,198000
2003-10-01,18.190001,18.620001,18.190001,18.600000,11.302127,163300
2003-10-02,18.480000,19.040001,18.330000,18.950001,11.514801,392700
2003-10-03,18.990000,19.209999,18.850000,19.000000,11.545181,126200
2003-10-06,19.170000,19.309999,18.980000,19.100000,11.605947,152600
2003-10-07,19.110001,19.290001,18.780001,19.040001,11.569489,231600
2003-10-08,19.160000,19.200001,18.639999,18.799999,11.423654,370000
2003-10-09,18.910000,19.030001,18.540001,18.910000,11.490493,388300
2003-10-10,19.020000,19.040001,18.639999,18.850000,11.454033,169100
2003-10-13,18.990000,19.110001,18.750000,19.010000,11.551260,81300
2003-10-14,19.120001,19.260000,18.930000,19.250000,11.697092,263400
2003-10-15,19.299999,19.770000,18.860001,19.490000,11.842927,318100
2003-10-16,19.600000,19.990000,19.350000,19.879999,12.079905,386600
2003-10-17,19.990000,20.240000,19.740000,20.049999,12.183205,233000
2003-10-20,20.219999,20.219999,19.770000,20.000000,12.152827,158000
2003-10-21,19.799999,19.990000,19.760000,19.850000,12.061676,61500
2003-10-22,19.969999,20.000000,19.690001,19.889999,12.085983,76500
2003-10-23,19.770000,20.020000,19.680000,19.770000,12.013068,175800
2003-10-24,19.809999,20.209999,19.709999,20.209999,12.280426,383000
2003-10-27,20.230000,20.650000,20.120001,20.650000,12.547791,117100
2003-10-28,20.670000,21.480000,20.510000,21.459999,13.039981,889000
2003-10-29,21.400000,22.900000,21.330000,22.490000,13.665850,610800
2003-10-30,22.280001,22.280001,20.799999,21.100000,12.821229,1249800
2003-10-31,21.049999,21.100000,20.120001,20.160000,12.250048,256000
2003-11-03,20.250000,20.299999,19.260000,19.750000,12.000911,480800
2003-11-04,19.780001,20.170000,19.750000,19.990000,12.146749,449800
2003-11-05,20.010000,20.010000,19.780001,19.850000,12.061676,296300
2003-11-06,19.940001,20.070000,19.820000,19.910000,12.098139,258600
2003-11-07,19.969999,20.100000,19.950001,20.000000,12.152827,154500
2003-11-10,20.040001,20.049999,19.600000,19.959999,12.128519,107700
2003-11-11,19.990000,20.250000,19.950001,20.010000,12.158898,121300
2003-11-12,20.049999,20.049999,19.900000,19.950001,12.122441,442500
2003-11-13,19.900000,20.350000,19.629999,19.990000,12.146749,176400
2003-11-14,20.030001,20.280001,19.969999,20.000000,12.152827,209600
2003-11-17,19.950001,20.100000,19.790001,19.940001,12.116364,127100
2003-11-18,19.940001,20.230000,19.680000,20.150000,12.243971,733400
2003-11-19,20.150000,20.240000,19.760000,20.180000,12.262196,470600
2003-11-20,20.240000,22.000000,20.059999,21.500000,13.064282,1730300
2003-11-21,21.620001,21.879999,21.379999,21.500000,13.064282,519400
2003-11-24,21.379999,21.799999,21.230000,21.570000,13.106821,754300
2003-11-25,21.680000,23.629999,21.570000,23.500000,14.279569,1659400
2003-11-26,23.490000,24.510000,23.450001,24.309999,14.771762,791800
2003-11-28,24.379999,24.990000,24.190001,24.889999,15.124187,219700
2003-12-01,24.990000,24.990000,24.500000,24.690001,15.002661,459500
2003-12-02,24.840000,24.900000,24.459999,24.770000,15.051270,384600
2003-12-03,24.760000,26.799999,24.760000,26.000000,15.798672,883200
2003-12-04,26.180000,26.290001,25.480000,25.850000,15.707527,442300
2003-12-05,26.059999,26.059999,25.400000,25.610001,15.561692,321400
2003-12-08,25.600000,25.870001,25.469999,25.530001,15.513079,475500
2003-12-09,25.420000,26.000000,25.370001,25.870001,15.719678,197100
2003-12-10,26.139999,26.170000,25.850000,26.150000,15.889816,363800
2003-12-11,25.850000,26.350000,25.850000,26.260000,15.956657,243300
2003-12-12,26.379999,27.680000,26.270000,27.610001,16.776976,634100
2003-12-15,27.830000,28.250000,26.969999,27.120001,16.479225,585700
2003-12-16,27.540001,27.590000,26.430000,26.719999,16.236170,321300
2003-12-17,26.790001,26.790001,25.990000,26.590000,16.157175,447100
2003-12-18,26.309999,27.100000,26.240000,26.870001,16.327318,514100
2003-12-19,26.920000,27.410000,26.620001,27.230000,16.546068,204100
2003-12-22,27.280001,27.420000,26.870001,26.950001,16.375933,408700
2003-12-23,26.950001,27.200001,26.889999,26.959999,16.382006,205700
2003-12-24,27.100000,27.100000,26.549999,26.709999,16.230095,71200
2003-12-26,26.879999,27.549999,26.690001,27.510000,16.716206,183500
2003-12-29,27.530001,27.990000,26.959999,27.850000,16.922810,169300
2003-12-30,27.860001,28.180000,27.629999,28.180000,17.123327,232100
2003-12-31,27.990000,28.610001,27.990000,28.010000,17.020027,262500
2004-01-02,28.020000,28.559999,27.959999,28.360001,17.232706,161600
2004-01-05,28.250000,29.219999,28.000000,28.700001,17.439295,249200
2004-01-06,28.750000,28.750000,27.889999,28.270000,17.178020,519100
2004-01-07,28.350000,28.760000,27.940001,28.520000,17.329927,552800
2004-01-08,28.540001,29.000000,28.370001,28.389999,17.250931,306100
2004-01-09,28.309999,28.350000,27.850000,27.920000,16.965343,200800
2004-01-12,27.850000,28.450001,27.850000,28.100000,17.074718,338200
2004-01-13,28.200001,28.299999,27.549999,27.590000,16.764824,629400
2004-01-14,27.900000,28.639999,27.600000,28.629999,17.396769,403700
2004-01-15,28.350000,28.600000,28.000000,28.100000,17.074718,233600
2004-01-16,28.120001,28.590000,28.059999,28.340000,17.220552,94800
2004-01-20,28.270000,28.910000,28.000000,28.620001,17.390690,316700
2004-01-21,28.830000,28.830000,28.160000,28.240000,17.159784,187300
2004-01-22,28.070000,28.299999,27.879999,27.900000,16.953190,134900
2004-01-23,27.860001,28.000000,27.500000,27.799999,16.892422,116900
2004-01-26,28.980000,30.120001,28.760000,30.120001,18.302153,819000
2004-01-27,29.950001,30.150000,29.090000,29.950001,18.198854,484300
2004-01-28,30.049999,30.129999,29.250000,29.250000,17.773504,160800
2004-01-29,29.510000,29.549999,28.709999,29.350000,17.834269,407200
2004-01-30,29.400000,29.549999,29.400000,29.530001,17.943645,230700
2004-02-02,29.480000,30.129999,29.350000,29.980000,18.217083,551200
2004-02-03,29.600000,30.650000,29.500000,30.450001,18.502678,459800
2004-02-04,30.400000,31.469999,30.270000,31.030001,18.855104,662900
2004-02-05,30.940001,31.770000,30.940001,31.530001,19.158928,757300
2004-02-06,31.780001,32.849998,31.010000,32.799999,19.930635,439200
2004-02-09,32.750000,35.259998,32.680000,35.259998,21.425432,1259400
2004-02-10,35.200001,35.259998,34.049999,34.369999,20.884626,833600
2004-02-11,34.189999,35.099998,33.770000,34.400002,20.902855,555300
2004-02-12,34.700001,34.830002,33.849998,34.650002,21.054768,591400
2004-02-13,34.669998,36.080002,34.669998,35.930000,21.832546,552300
2004-02-17,36.049999,36.869999,35.900002,36.279999,22.045221,638400
2004-02-18,36.509998,36.509998,35.080002,35.880001,21.802164,931800
2004-02-19,35.910000,36.169998,35.590000,35.669998,21.674559,155900
2004-02-20,35.580002,35.849998,33.759998,34.180000,20.769175,652700
2004-02-23,34.040001,34.470001,32.860001,33.439999,20.319515,580100
2004-02-24,33.369999,33.500000,32.840000,33.110001,20.119003,366300
2004-02-25,33.349998,33.750000,32.830002,33.349998,20.264830,418600
2004-02-26,33.599998,34.970001,32.799999,34.910000,21.212753,946800
2004-02-27,34.970001,36.529999,34.820000,36.340000,22.081680,792200
2004-03-01,35.950001,38.119999,35.950001,37.580002,22.835159,786300
2004-03-02,37.919998,38.349998,37.119999,37.520000,22.798698,532200
2004-03-03,37.660000,38.000000,37.009998,37.910000,23.035675,336200
2004-03-04,38.099998,38.610001,37.419998,38.500000,23.394184,392700
2004-03-05,38.250000,39.369999,38.119999,39.160000,23.795229,360700
2004-03-08,39.270000,40.259998,38.599998,38.959999,23.673698,479300
2004-03-09,39.189999,39.400002,38.500000,39.139999,23.783075,600600
2004-03-10,39.009998,40.000000,38.560001,39.160000,23.795229,804300
2004-03-11,38.939999,39.000000,35.799999,35.849998,21.783937,985600
2004-03-12,35.639999,36.340000,35.279999,36.099998,21.935850,771800
2004-03-15,36.099998,36.279999,34.689999,34.939999,21.230984,655900
2004-03-16,35.150002,36.000000,34.990002,35.180000,21.376820,593700
2004-03-17,35.250000,36.849998,35.130001,36.529999,22.197134,681000
2004-03-18,36.130001,36.490002,35.520000,36.029999,21.893316,370000
2004-03-19,36.009998,36.049999,35.049999,35.410000,21.516573,336400
2004-03-22,35.250000,35.250000,34.040001,34.470001,20.945389,571300
2004-03-23,34.650002,34.650002,33.660000,33.970001,20.641573,551100
2004-03-24,34.000000,36.369999,33.880001,36.000000,21.875084,644900
2004-03-25,36.000000,36.080002,35.439999,35.950001,21.844700,325100
2004-03-26,35.950001,36.630001,35.709999,35.880001,21.802164,520100
2004-03-29,35.950001,36.209999,35.189999,35.450001,21.540882,435400
2004-03-30,34.480000,35.290001,34.250000,34.990002,21.261370,522000
2004-03-31,34.750000,35.340000,34.439999,35.000000,21.267445,561900
2004-04-01,35.180000,35.279999,34.599998,34.599998,21.024387,1717700
2004-04-02,34.750000,35.169998,34.700001,35.009998,21.273518,459000
2004-04-05,35.009998,37.230000,34.939999,36.840000,22.385502,770300
2004-04-06,36.799999,37.860001,36.709999,37.450001,22.756161,536400
2004-04-07,37.529999,37.540001,36.700001,37.090000,22.537415,431600
2004-04-08,37.029999,37.389999,36.320000,36.840000,22.385502,245300
2004-04-12,37.290001,37.740002,36.509998,37.169998,22.586027,275200
2004-04-13,37.349998,37.759998,36.660000,36.709999,22.306509,337400
2004-04-14,36.320000,37.400002,36.049999,36.619999,22.251822,260500
2004-04-15,36.700001,37.110001,34.930000,35.349998,21.480114,501800
2004-04-16,35.349998,36.419998,34.959999,36.419998,22.130295,277500
2004-04-19,36.330002,37.000000,36.250000,36.959999,22.458420,124800
2004-04-20,36.770000,37.599998,36.650002,37.080002,22.531338,292200
2004-04-21,37.250000,37.430000,36.900002,37.250000,22.634630,246100
2004-04-22,37.270000,39.169998,37.150002,39.000000,23.698008,599800
2004-04-23,38.939999,39.320000,38.830002,39.220001,23.831692,429900
2004-04-26,39.230000,40.279999,39.160000,39.889999,24.238806,529600
2004-04-27,39.759998,40.200001,39.669998,39.849998,24.214497,419900
2004-04-28,39.849998,39.869999,38.790001,38.970001,23.679781,931800
2004-04-29,38.849998,39.919998,38.849998,39.849998,24.214497,389900
2004-04-30,40.130001,40.900002,39.410000,39.930000,24.263113,776000
2004-05-03,40.560001,42.080002,39.840000,41.590000,25.271795,1144300
2004-05-04,41.490002,42.160000,39.849998,40.000000,24.305655,1218900
2004-05-05,40.330002,41.040001,40.160000,40.750000,24.761375,464000
2004-05-06,40.750000,40.750000,39.860001,40.270000,24.469711,410100
2004-05-07,38.490002,38.730000,37.910000,38.250000,23.242277,1853500
2004-05-10,38.200001,38.250000,35.820000,36.820000,22.373356,1351800
2004-05-11,37.000000,37.849998,36.840000,37.840000,22.993143,778700
2004-05-12,37.860001,38.490002,36.970001,38.320000,23.284811,728500
2004-05-13,38.369999,38.419998,37.599998,38.150002,23.181511,743500
2004-05-14,38.400002,38.450001,37.450001,37.869999,23.011372,283400
2004-05-17,37.549999,37.799999,36.540001,37.240002,22.628561,619500
2004-05-18,37.900002,39.000000,37.599998,38.840000,23.600784,811200
2004-05-19,39.349998,41.000000,39.250000,39.580002,24.050436,1143900
2004-05-20,39.410000,40.500000,39.410000,40.380001,24.536551,762200
2004-05-21,40.639999,40.830002,40.139999,40.320000,24.500095,411300
2004-05-24,40.840000,41.490002,39.799999,40.430000,24.566936,930300
2004-05-25,40.599998,40.849998,40.209999,40.500000,24.609467,768400
2004-05-26,39.770000,40.560001,38.740002,39.000000,23.698008,1071900
2004-05-27,39.029999,39.250000,37.610001,38.470001,23.375957,1333200
2004-05-28,38.470001,39.619999,38.310001,38.660000,23.491409,539500
2004-06-01,38.750000,40.189999,38.709999,39.959999,24.281336,1389500
2004-06-02,40.200001,40.700001,39.360001,40.070000,24.348186,613000
2004-06-03,40.099998,40.150002,39.680000,39.900002,24.244883,422900
2004-06-04,40.049999,40.599998,39.610001,40.599998,24.670227,803100
2004-06-07,42.349998,43.320000,40.480000,43.160000,26.225788,3047500
2004-06-08,43.119999,43.450001,42.660000,43.150002,26.219719,508700
2004-06-09,43.189999,43.770000,42.500000,43.020000,26.140720,676400
2004-06-10,43.060001,43.299999,41.400002,41.570000,25.259647,521400
2004-06-14,41.500000,41.599998,40.119999,40.259998,24.463640,908600
2004-06-15,40.259998,40.480000,39.799999,39.910000,24.250965,1168400
2004-06-16,40.000000,40.000000,38.990002,39.070000,23.740543,522500
2004-06-17,39.049999,39.279999,38.290001,38.500000,23.394184,414500
2004-06-18,38.240002,38.700001,38.160000,38.310001,23.278734,405300
2004-06-21,38.650002,38.650002,37.400002,37.470001,22.768316,776700
2004-06-22,37.430000,37.480000,36.919998,37.189999,22.598177,526100
2004-06-23,37.389999,37.830002,37.009998,37.799999,22.968836,445300
2004-06-24,37.799999,38.400002,37.419998,37.680000,22.895926,292700
2004-06-25,37.919998,38.830002,37.810001,38.410000,23.339502,392000
2004-06-28,38.529999,39.509998,38.250000,38.450001,23.363804,425800
2004-06-29,38.779999,39.439999,38.500000,39.130001,23.776997,353800
2004-06-30,39.000000,39.220001,38.610001,38.630001,23.473177,220500
2004-07-01,38.799999,38.799999,38.049999,38.389999,23.327341,272100
2004-07-02,38.000000,38.250000,37.810001,37.810001,22.974918,201600
2004-07-06,38.150002,38.150002,37.630001,37.790001,22.962765,212200
2004-07-07,37.860001,38.049999,37.500000,37.680000,22.895926,194800
2004-07-08,37.830002,37.830002,36.150002,36.610001,22.245737,472200
2004-07-09,36.500000,36.759998,35.880001,36.189999,21.990536,297900
2004-07-12,36.099998,36.500000,35.750000,36.299999,22.057371,240300
2004-07-13,36.070000,36.540001,36.070000,36.410000,22.124218,293800
2004-07-14,36.160000,36.939999,35.770000,35.900002,21.814323,469300
2004-07-15,36.000000,36.500000,35.570000,36.070000,21.917618,385100
2004-07-16,36.029999,36.040001,35.580002,35.599998,21.632027,185900
2004-07-19,35.570000,36.009998,34.990002,35.180000,21.376820,521800
2004-07-20,35.099998,35.209999,34.389999,34.740002,21.109457,360000
2004-07-21,34.650002,36.630001,34.650002,36.090000,21.929770,916200
2004-07-22,36.130001,36.480000,35.540001,35.660000,21.668488,616400
2004-07-23,35.520000,36.520000,35.360001,36.180000,21.984461,265000
2004-07-26,36.259998,36.660000,35.869999,36.259998,22.033072,320500
2004-07-27,36.450001,36.480000,35.700001,35.810001,21.759634,387800
2004-07-28,35.860001,35.860001,34.770000,34.990002,21.261370,297800
2004-07-29,34.860001,35.830002,34.860001,35.290001,21.443657,416200
2004-07-30,35.200001,36.369999,35.049999,35.779999,21.741402,292500
2004-08-02,35.459999,36.820000,35.000000,36.779999,22.349047,448900
2004-08-03,36.799999,36.799999,35.730000,36.049999,21.905470,233300
2004-08-04,36.169998,36.180000,35.299999,35.369999,21.492277,187500
2004-08-05,35.650002,35.740002,35.180000,35.180000,21.376820,200200
2004-08-06,35.020000,35.209999,34.500000,34.730000,21.103382,221400
2004-08-09,35.060001,35.340000,34.500000,34.799999,21.145910,199300
2004-08-10,35.090000,36.619999,35.090000,36.040001,21.899385,592300
2004-08-11,35.970001,36.500000,35.119999,36.450001,22.148521,398400
2004-08-12,36.660000,36.669998,35.709999,35.840000,21.777857,297200
2004-08-13,35.910000,36.000000,34.619999,35.099998,21.328207,282000
2004-08-16,35.070000,35.259998,34.180000,34.930000,21.224903,376800
2004-08-17,35.000000,36.150002,34.919998,35.279999,21.437578,322800
2004-08-18,35.240002,35.509998,34.799999,35.090000,21.322126,213500
2004-08-19,34.880001,35.910000,34.880001,35.580002,21.619879,281700
2004-08-20,35.759998,36.310001,34.950001,35.720001,21.704947,278500
2004-08-23,35.900002,36.720001,35.250000,36.500000,22.178900,401800
2004-08-24,36.610001,37.320000,36.459999,36.980000,22.470562,354700
2004-08-25,37.099998,37.750000,36.779999,37.509998,22.792618,547100
2004-08-26,37.700001,38.650002,37.580002,38.310001,23.278734,432200
2004-08-27,38.410000,39.169998,38.070000,38.810001,23.582561,395200
2004-08-30,38.799999,38.990002,38.020000,38.709999,23.521788,272400
2004-08-31,38.779999,39.220001,38.290001,38.599998,23.454948,234300
2004-09-01,38.520000,38.880001,38.250000,38.759998,23.552176,234500
2004-09-02,40.209999,40.500000,39.320000,39.540001,24.026136,516700
2004-09-03,39.810001,39.869999,38.889999,39.180000,23.807383,224600
2004-09-07,39.380001,40.410000,39.200001,39.939999,24.269182,418400
2004-09-08,40.090000,40.500000,39.400002,39.619999,24.074743,290000
2004-09-09,39.939999,40.400002,39.540001,40.259998,24.463640,283200
2004-09-10,40.320000,40.669998,40.180000,40.599998,24.670227,165900
2004-09-13,40.299999,42.220001,40.049999,42.060001,25.557383,571900
2004-09-14,42.029999,42.090000,41.060001,41.500000,25.217117,328100
2004-09-15,41.660000,41.680000,41.110001,41.290001,25.089499,464400
2004-09-16,41.250000,41.520000,41.160000,41.180000,25.022667,208300
2004-09-17,41.180000,41.799999,41.000000,41.459999,25.192806,199800
2004-09-20,41.610001,42.099998,41.540001,41.840000,25.423710,204200
2004-09-21,42.180000,43.369999,41.939999,42.880001,26.055655,537400
2004-09-22,43.000000,43.000000,42.349998,42.740002,25.970587,287700
2004-09-23,42.480000,45.590000,42.250000,45.509998,27.653746,1611100
2004-09-24,45.419998,47.869999,45.380001,47.790001,29.039167,1670500
2004-09-27,49.250000,50.750000,48.759998,50.080002,30.430670,2337900
2004-09-28,49.790001,52.740002,49.599998,52.060001,31.633795,2215200
2004-09-29,52.180000,52.830002,50.669998,50.939999,30.953249,1491800
2004-09-30,50.799999,52.970001,50.619999,51.689999,31.408972,973600
2004-10-01,52.040001,52.299999,50.509998,50.980000,30.977551,683500
2004-10-04,51.020000,54.840000,51.020000,53.290001,32.381207,1920000
2004-10-05,53.430000,54.470001,52.790001,53.500000,32.508804,818600
2004-10-06,53.400002,53.799999,52.410000,53.709999,32.636402,1062800
2004-10-07,53.720001,54.250000,51.959999,52.840000,32.107777,1149300
2004-10-08,52.580002,53.650002,52.419998,52.959999,32.180672,731900
2004-10-11,53.320000,54.000000,52.630001,53.330002,32.405510,670600
2004-10-12,53.209999,53.279999,51.900002,52.759998,32.059143,815800
2004-10-13,52.820000,53.389999,51.810001,52.400002,31.840399,639000
2004-10-14,52.549999,52.639999,51.900002,52.299999,31.779633,700800
2004-10-15,52.299999,53.320000,52.020000,52.230000,31.737103,815100
2004-10-18,52.230000,54.669998,52.119999,54.180000,32.921989,661400
2004-10-19,54.630001,55.869999,54.139999,54.430000,33.073914,876800
2004-10-20,54.029999,54.349998,50.610001,52.549999,31.931547,1488000
2004-10-21,52.549999,53.689999,52.299999,53.689999,32.624260,898000
2004-10-22,54.130001,54.330002,52.720001,52.950001,32.174599,513200
2004-10-25,53.720001,54.150002,52.750000,53.950001,32.782238,432700
2004-10-26,54.240002,55.200001,53.150002,55.200001,33.541790,528600
2004-10-27,55.529999,58.590000,55.009998,57.590000,34.994064,1429800
2004-10-28,57.259998,57.549999,54.650002,57.279999,34.805676,1301300
2004-10-29,57.220001,58.750000,57.220001,58.150002,35.334335,603800
2004-11-01,58.009998,58.259998,56.709999,58.090000,35.297874,1571400
2004-11-02,58.450001,59.599998,58.320000,59.439999,36.118187,961900
2004-11-03,60.119999,61.790001,60.049999,61.220001,37.199791,1320300
2004-11-04,61.880001,62.790001,61.380001,62.250000,37.825657,1898300
2004-11-05,62.500000,63.650002,60.110001,63.009998,38.287472,1716000
2004-11-08,62.840000,64.300003,62.459999,64.190002,39.004486,1090800
2004-11-09,60.810001,61.400002,59.970001,60.930000,37.023567,4469600
2004-11-10,60.959999,62.619999,60.959999,62.320000,37.868202,1793200
2004-11-11,62.020000,62.419998,60.200001,60.400002,36.701534,1541900
2004-11-12,60.000000,60.150002,58.060001,59.610001,36.221489,1983500
2004-11-15,59.669998,61.459999,59.380001,60.430000,36.719757,1154100
2004-11-16,60.590000,61.020000,59.279999,60.099998,36.519238,1295800
2004-11-17,60.279999,61.369999,60.259998,60.740002,36.908134,1157800
2004-11-18,60.570000,61.349998,60.360001,60.869999,36.987129,663100
2004-11-19,61.150002,61.240002,57.599998,58.400002,35.486244,1581500
2004-11-22,58.250000,58.740002,56.500000,57.520000,34.951530,1131200
2004-11-23,57.700001,59.259998,57.049999,58.459999,35.522709,1199600
2004-11-24,59.070000,59.650002,58.240002,58.900002,35.790073,744600
2004-11-26,59.110001,59.689999,58.750000,59.160000,35.948059,168900
2004-11-29,59.299999,60.110001,58.799999,59.189999,35.966286,525800
2004-11-30,58.980000,59.080002,57.849998,58.090000,35.297874,678200
2004-12-01,58.090000,59.869999,57.669998,59.590000,36.209339,977200
2004-12-02,59.939999,59.939999,57.950001,58.000000,35.243198,608400
2004-12-03,58.009998,60.790001,57.970001,60.369999,36.683296,1315500
2004-12-06,60.419998,61.570000,59.509998,61.509998,37.376007,1648400
2004-12-07,61.549999,62.340000,61.110001,61.930000,37.631226,971700
2004-12-08,61.930000,62.299999,60.709999,61.639999,37.455013,935600
2004-12-09,60.990002,62.500000,60.860001,61.400002,37.309166,737600
2004-12-10,61.400002,65.639999,61.099998,64.099998,38.949806,2109200
2004-12-13,64.610001,65.860001,64.160004,65.580002,39.849113,1287100
2004-12-14,65.440002,66.860001,65.430000,66.550003,40.438534,1261000
2004-12-15,67.800003,69.750000,66.110001,66.629997,40.487144,4986600
2004-12-16,68.410004,72.750000,67.559998,69.790001,42.407280,5780900
2004-12-17,69.980003,70.379997,68.260002,70.379997,42.765789,5448000
2004-12-20,68.540001,72.989998,68.199997,68.639999,41.708492,4164500
2004-12-21,68.709999,69.339996,65.860001,66.849998,40.620815,2943500
2004-12-22,67.000000,69.809998,66.650002,67.820000,41.210232,1716400
2004-12-23,67.629997,67.779999,66.650002,67.430000,40.973251,551200
2004-12-27,67.650002,67.709999,65.919998,66.839996,40.614738,760500
2004-12-28,66.949997,68.639999,66.589996,68.410004,41.568737,997400
2004-12-29,68.370003,68.599998,67.089996,67.389999,40.948936,606800
2004-12-30,68.099998,68.699997,66.919998,67.279999,40.882095,494900
2004-12-31,67.199997,67.730003,66.769997,66.919998,40.663349,363000
2005-01-03,66.849998,67.889999,64.970001,65.550003,39.830883,1444000
2005-01-04,65.739998,66.699997,64.440002,65.410004,39.745811,1105000
2005-01-05,65.790001,67.000000,64.849998,66.150002,40.195477,977600
2005-01-06,66.599998,69.480003,65.889999,68.830002,41.823929,1742400
2005-01-07,66.989998,67.879997,66.199997,66.540001,40.432446,1389100
2005-01-10,67.139999,67.910004,66.620003,66.800003,40.590431,911200
2005-01-11,66.099998,67.120003,65.570000,66.720001,40.541828,1047200
2005-01-12,66.989998,67.440002,63.619999,65.629997,39.879494,1279500
2005-01-13,65.589996,66.279999,65.059998,65.260002,39.654663,822600
2005-01-14,65.730003,66.260002,65.010002,65.440002,39.764038,950000
2005-01-18,65.209999,68.459999,65.209999,67.989998,41.313519,1125900
2005-01-19,67.949997,69.019997,67.000000,68.040001,41.343899,923500
2005-01-20,68.019997,68.440002,64.220001,64.900002,39.435917,1331200
2005-01-21,64.720001,65.500000,61.369999,62.650002,38.068722,2639400
2005-01-24,63.880001,64.730003,60.400002,61.799999,37.552227,1955900
2005-01-25,61.770000,63.790001,60.700001,61.430000,37.327385,1407600
2005-01-26,61.279999,62.820000,60.590000,62.349998,37.886429,759700
2005-01-27,62.380001,62.490002,60.900002,61.410000,37.315247,814400
2005-01-28,62.470001,63.169998,61.240002,62.869999,38.202400,1133800
2005-01-31,63.500000,65.720001,63.240002,65.559998,39.836948,1455000
2005-02-01,65.970001,67.570000,65.489998,67.260002,40.869942,1663300
2005-02-02,67.500000,68.739998,67.180000,68.000000,41.319595,1324400
2005-02-03,67.680000,68.180000,66.760002,67.400002,40.955021,647500
2005-02-04,67.410004,69.500000,67.139999,69.500000,42.231068,1012800
2005-02-07,70.000000,71.500000,69.550003,71.300003,43.324821,1428000
2005-02-08,71.080002,71.480003,69.730003,70.709999,42.966293,1395100
2005-02-09,70.599998,71.290001,68.720001,69.250000,42.079151,881700
2005-02-10,69.720001,70.199997,68.320000,69.680000,42.340443,777200
2005-02-11,69.629997,71.220001,69.440002,70.589996,42.893394,837200
2005-02-14,70.650002,72.220001,70.029999,71.389999,43.379513,911600
2005-02-15,72.000000,75.000000,71.769997,74.449997,45.238888,2137300
2005-02-16,75.050003,75.050003,73.500000,73.900002,44.904686,693900
2005-02-17,74.050003,75.000000,73.050003,73.230003,44.497551,1031600
2005-02-18,73.220001,74.400002,72.209999,72.739998,44.199814,803700
2005-02-22,72.580002,73.000000,69.989998,70.169998,42.638191,1157700
2005-02-23,70.930000,71.260002,69.800003,70.389999,42.771866,872400
2005-02-24,70.000000,72.139999,68.139999,71.900002,43.689400,1288400
2005-02-25,71.949997,72.250000,69.629997,72.059998,43.786633,1071400
2005-02-28,72.470001,73.139999,70.290001,71.570000,43.488884,807800
2005-03-01,71.989998,72.879997,71.050003,71.959999,43.725864,778600
2005-03-02,71.879997,73.309998,71.639999,72.949997,44.327419,594600
2005-03-03,73.349998,73.389999,71.400002,72.349998,43.962845,709500
2005-03-04,72.250000,72.519997,71.089996,71.650002,43.537487,925500
2005-03-07,72.099998,74.360001,71.949997,74.250000,45.117359,1057000
2005-03-08,74.459999,74.589996,71.900002,72.290001,43.926376,1356600
2005-03-09,72.150002,72.190002,69.760002,70.019997,42.547035,1505500
2005-03-10,70.269997,70.790001,68.690002,69.830002,42.431587,1442800
2005-03-11,69.709999,72.620003,69.709999,70.589996,42.893394,1016300
2005-03-14,71.199997,72.330002,70.320000,71.779999,43.616489,769000
2005-03-15,72.290001,73.419998,71.529999,72.860001,44.272732,1164000
2005-03-16,73.699997,76.449997,71.209999,71.889999,43.683331,3330200
2005-03-17,72.070000,73.550003,71.900002,73.019997,44.369961,1060000
2005-03-18,72.800003,73.519997,71.050003,71.930000,43.707634,1094800
2005-03-21,71.930000,72.750000,70.730003,71.599998,43.507111,913400
2005-03-22,71.379997,72.000000,69.750000,69.900002,42.474117,938300
2005-03-23,69.720001,70.669998,68.190002,69.139999,42.012325,1789700
2005-03-24,69.440002,71.010002,69.099998,70.489998,42.832623,1236400
2005-03-28,71.059998,71.820000,70.500000,71.250000,43.294437,745700
2005-03-29,70.989998,71.190002,67.750000,68.040001,41.343899,1889000
2005-03-30,67.889999,69.389999,67.419998,69.239998,42.073071,985400
2005-03-31,69.279999,69.300003,67.500000,67.739998,41.161610,1126100
2005-04-01,67.790001,68.000000,65.019997,66.040001,40.128628,2132800
2005-04-04,66.290001,66.419998,63.360001,63.669998,38.688507,3050100
2005-04-05,63.799999,65.320000,62.689999,63.650002,38.676376,1916100
2005-04-06,63.650002,65.389999,63.650002,64.050003,38.919426,1015700
2005-04-07,64.860001,66.709999,64.059998,64.989998,39.490601,1636400
2005-04-08,65.320000,65.480003,63.000000,63.130001,38.360390,1156600
2005-04-11,63.130001,64.099998,62.230000,62.540001,38.001884,841200
2005-04-12,63.570000,64.500000,62.250000,64.489998,39.186768,1417300
2005-04-13,64.000000,66.589996,63.779999,64.769997,39.356922,1945900
2005-04-14,65.019997,65.290001,61.889999,62.160000,37.770966,1545300
2005-04-15,62.000000,62.320000,58.000000,59.820000,36.349098,3411300
2005-04-18,60.169998,60.700001,58.459999,59.110001,35.917671,1153000
2005-04-19,59.950001,61.450001,58.549999,59.250000,36.002743,1814100
2005-04-20,56.220001,57.740002,55.080002,55.320000,33.614708,5195300
2005-04-21,55.750000,56.200001,53.029999,55.650002,33.815247,5373600
2005-04-22,55.639999,56.490002,52.020000,53.009998,32.211052,3261700
2005-04-25,53.770000,55.900002,53.150002,54.860001,33.335194,3204900
2005-04-26,54.860001,58.130001,54.860001,56.349998,34.240574,2860800
2005-04-27,56.000000,56.880001,53.830002,54.689999,33.231888,1702100
2005-04-28,55.889999,56.750000,52.500000,53.500000,32.508804,3198000
2005-04-29,55.029999,55.470001,51.700001,52.939999,32.168522,2875100
2005-05-02,53.230000,53.299999,49.529999,50.619999,30.758797,3660000
2005-05-03,49.330002,49.520000,47.150002,47.299999,28.741432,6322800
2005-05-04,46.470001,49.950001,46.060001,49.580002,30.126850,6378300
2005-05-05,49.599998,50.669998,48.169998,49.169998,29.877714,3039000
2005-05-06,49.540001,49.730000,48.290001,48.419998,29.421984,1402800
2005-05-09,47.000000,47.980000,46.250000,47.610001,28.929802,4244900
2005-05-10,47.310001,48.000000,46.450001,46.830002,28.455830,3168900
2005-05-11,47.000000,47.500000,44.869999,46.169998,28.054787,5116100
2005-05-12,45.889999,46.160000,44.130001,44.619999,27.112953,4054800
2005-05-13,44.950001,45.200001,43.610001,43.820000,26.626837,2998100
2005-05-16,43.349998,45.049999,42.320000,44.570000,27.082565,3317900
2005-05-17,44.580002,45.570000,43.759998,45.330002,27.544380,2219800
2005-05-18,46.700001,48.360001,46.150002,46.939999,28.522673,3266700
2005-05-19,47.430000,48.099998,46.400002,47.950001,29.136400,1881000
2005-05-20,47.939999,48.000000,47.000000,47.220001,28.692818,1150000
2005-05-23,47.230000,47.290001,45.480000,46.189999,28.066946,3348300
2005-05-24,45.570000,46.000000,44.700001,44.919998,27.295240,3274900
2005-05-25,45.000000,45.500000,43.880001,44.000000,26.736212,2163800
2005-05-26,44.450001,44.950001,44.150002,44.900002,27.283092,1754700
2005-05-27,45.000000,46.090000,44.660000,45.290001,27.520067,1515600
2005-05-31,45.950001,46.950001,45.139999,46.849998,28.467987,3541400
2005-06-01,47.040001,51.770000,46.500000,49.950001,30.351679,5762400
2005-06-02,50.320000,53.779999,49.130001,53.400002,32.448048,7042800
2005-06-03,55.610001,56.900002,54.480000,55.020000,33.432411,5630000
2005-06-06,55.389999,55.400002,52.250000,52.570000,31.943707,2968200
2005-06-07,52.750000,54.470001,52.320000,53.000000,32.204987,3042000
2005-06-08,53.250000,53.939999,52.330002,52.709999,32.028763,1502500
2005-06-09,52.790001,53.130001,51.009998,52.889999,32.138145,2429100
2005-06-10,53.090000,53.750000,51.709999,52.470001,31.882927,1369200
2005-06-13,52.470001,53.209999,51.799999,52.240002,31.743187,1378600
2005-06-14,52.099998,54.950001,51.500000,54.490002,33.110371,4015700
2005-06-15,54.840000,55.299999,52.070000,53.750000,32.660709,3623700
2005-06-16,53.599998,54.720001,53.290001,54.360001,33.031384,1444600
2005-06-17,54.700001,54.830002,53.139999,53.160000,32.302216,1433800
2005-06-20,52.799999,53.549999,52.369999,52.599998,31.961922,1209500
2005-06-21,53.900002,54.240002,51.700001,52.250000,31.749260,2051900
2005-06-22,52.340000,53.099998,52.099998,52.900002,32.144234,1564400
2005-06-23,53.180000,53.380001,49.639999,50.299999,30.564362,2548300
2005-06-24,50.570000,50.669998,48.900002,49.509998,30.084320,2281300
2005-06-27,49.290001,49.689999,47.660000,48.340000,29.373371,2271000
2005-06-28,48.500000,49.380001,48.500000,49.009998,29.780493,1150100
2005-06-29,49.250000,49.750000,48.340000,49.490002,30.072161,1074900
2005-06-30,49.599998,49.889999,47.160000,47.270000,28.723204,2199500
2005-07-01,47.419998,48.630001,47.419998,48.060001,29.203238,1039800
2005-07-05,48.020000,49.480000,47.160000,49.230000,29.914175,1500500
2005-07-06,49.250000,49.939999,49.099998,49.529999,30.096466,1230300
2005-07-07,48.590000,49.360001,48.560001,49.119999,29.847336,975500
2005-07-08,49.000000,51.869999,48.660000,51.590000,31.348207,2049700
2005-07-11,52.580002,53.419998,52.200001,53.200001,32.326515,2361100
2005-07-12,53.000000,54.990002,53.000000,54.500000,33.116447,2193200
2005-07-13,54.779999,55.240002,54.099998,54.750000,33.268364,1276500
2005-07-14,54.900002,55.240002,53.509998,54.189999,32.928082,1723600
2005-07-15,54.410000,55.139999,53.779999,55.099998,33.481033,1073600
2005-07-18,55.049999,56.560001,54.430000,54.990002,33.414188,1672200
2005-07-19,54.630001,55.680000,54.540001,55.160000,33.517487,1144500
2005-07-20,54.900002,56.330002,54.889999,56.200001,34.149437,770600
2005-07-21,56.470001,56.799999,55.000000,56.570000,34.374260,1382600
2005-07-22,56.770000,56.770000,56.200001,56.709999,34.459332,760000
2005-07-25,56.810001,58.200001,56.310001,56.919998,34.586937,1571800
2005-07-26,56.759998,57.049999,56.000000,56.400002,34.270962,907400
2005-07-27,56.400002,56.400002,54.740002,56.279999,34.198051,1773500
2005-07-28,56.220001,57.750000,55.200001,57.560001,34.975830,1569000
2005-07-29,57.720001,57.720001,56.139999,56.299999,34.210201,775700
2005-08-01,56.320000,57.720001,56.169998,56.669998,34.435032,865500
2005-08-02,58.000000,58.049999,54.049999,54.320000,33.007069,3415700
2005-08-03,53.290001,53.410000,51.610001,52.240002,31.743187,3137600
2005-08-04,52.000000,53.099998,51.340000,52.189999,31.712795,1811100
2005-08-05,52.130001,52.509998,51.700001,51.880001,31.524426,1210200
2005-08-08,51.750000,52.700001,51.750000,52.090000,31.652039,1555900
2005-08-09,52.270000,53.150002,52.270000,52.860001,32.119904,1330000
2005-08-10,53.130001,54.139999,52.720001,53.549999,32.539188,1572100
2005-08-11,53.480000,53.959999,52.680000,53.599998,32.569557,859300
2005-08-12,53.730000,53.860001,52.259998,52.939999,32.168522,1186100
2005-08-15,52.720001,53.360001,52.279999,52.360001,31.816095,710600
2005-08-16,52.119999,52.250000,50.660000,50.919998,30.941082,1075000
2005-08-17,50.770000,52.500000,50.770000,52.250000,31.749260,987800
2005-08-18,51.759998,51.950001,50.919998,50.930000,30.947163,1021000
2005-08-19,51.259998,51.270000,49.029999,49.349998,29.987095,1836300
2005-08-22,49.340000,49.970001,48.419998,49.000000,29.774422,1824400
2005-08-23,50.250000,51.189999,47.669998,47.830002,29.063480,2224600
2005-08-24,47.709999,48.200001,47.290001,47.380001,28.790035,1236900
2005-08-25,47.410000,48.849998,47.389999,48.560001,29.507051,1237700
2005-08-26,48.480000,48.480000,47.650002,48.009998,29.172848,1064600
2005-08-29,47.770000,48.730000,47.240002,48.150002,29.257933,1080400
2005-08-30,48.020000,48.020000,45.980000,46.770000,28.419384,1304600
2005-08-31,46.779999,47.750000,46.410000,47.720001,28.996641,1140600
2005-09-01,47.500000,49.689999,47.500000,48.849998,29.683275,2112700
2005-09-02,49.099998,49.209999,47.759998,48.599998,29.531364,952900
2005-09-06,49.060001,49.419998,47.860001,49.369999,29.999254,1101400
2005-09-07,49.500000,51.450001,48.900002,50.910000,30.935009,1903500
2005-09-08,50.700001,51.150002,50.330002,50.470001,30.667654,1075600
2005-09-09,49.980000,50.500000,49.549999,50.029999,30.400284,914000
2005-09-12,50.000000,50.500000,49.560001,49.790001,30.254456,667600
2005-09-13,50.340000,50.349998,48.590000,49.099998,29.835184,1029400
2005-09-14,49.270000,50.250000,49.230000,49.720001,30.211922,1238900
2005-09-15,49.830002,50.220001,48.500000,48.580002,29.519209,1000100
2005-09-16,48.610001,49.099998,47.540001,48.060001,29.203238,1543300
2005-09-19,47.930000,48.139999,47.009998,47.340000,28.765741,1165700
2005-09-20,47.060001,47.070000,45.459999,45.639999,27.732754,1694300
2005-09-21,45.750000,45.750000,43.590000,43.950001,26.705835,2050300
2005-09-22,44.000000,45.169998,43.520000,44.669998,27.143333,1999000
2005-09-23,44.529999,46.000000,44.049999,45.230000,27.483606,1345200
2005-09-26,45.709999,45.849998,43.270000,43.869999,26.657217,1766800
2005-09-27,43.910000,44.610001,43.529999,44.509998,27.046106,1542900
2005-09-28,44.619999,45.349998,44.450001,44.799999,27.222324,988000
2005-09-29,44.610001,44.950001,43.720001,44.200001,26.857737,848500
2005-09-30,43.950001,45.529999,43.950001,45.150002,27.434998,1278600
2005-10-03,45.220001,45.630001,44.200001,44.750000,27.191944,850900
2005-10-04,44.700001,45.680000,44.509998,45.040001,27.368158,732900
2005-10-05,45.250000,45.389999,44.650002,44.740002,27.185871,761600
2005-10-06,44.770000,44.770000,42.060001,42.180000,25.630312,3192200
2005-10-07,42.520000,43.360001,42.200001,42.849998,26.037422,2037800
2005-10-10,43.320000,43.380001,42.639999,42.730000,25.964504,1239000
2005-10-11,42.910000,44.110001,42.209999,43.750000,26.584311,2040500
2005-10-12,43.570000,45.250000,42.669998,42.770000,25.988813,1832900
2005-10-13,42.599998,44.000000,42.119999,43.880001,26.663300,1139400
2005-10-14,44.380001,45.610001,43.790001,44.889999,27.277012,1149700
2005-10-17,44.750000,45.900002,44.509998,45.590000,27.702366,1291100
2005-10-18,45.529999,45.660000,43.509998,43.720001,26.566080,930200
2005-10-19,43.470001,46.500000,43.189999,46.450001,28.224941,1860100
2005-10-20,46.450001,47.490002,45.700001,46.189999,28.066946,1484500
2005-10-21,46.889999,47.790001,46.029999,47.480000,28.850807,1307200
2005-10-24,47.720001,49.560001,47.720001,49.560001,30.114697,1329300
2005-10-25,49.750000,49.849998,47.520000,48.639999,29.555668,1393700
2005-10-26,47.570000,47.570000,44.610001,45.000000,27.343859,3114600
2005-10-27,43.509998,45.000000,43.099998,43.580002,26.481005,2009500
2005-10-28,44.000000,45.080002,43.619999,44.630001,27.119032,1572500
2005-10-31,44.740002,47.619999,44.560001,46.630001,28.334309,1981600
2005-11-01,46.639999,47.459999,46.310001,46.849998,28.467987,1397600
2005-11-02,47.000000,51.259998,46.799999,49.660000,30.175470,3003400
2005-11-03,48.099998,50.310001,47.650002,50.009998,30.388140,3251500
2005-11-04,50.000000,50.150002,49.369999,49.939999,30.345600,1276000
2005-11-07,50.430000,51.360001,49.799999,51.080002,31.038303,1312600
2005-11-08,51.000000,51.439999,49.619999,50.000000,30.382067,787100
2005-11-09,50.200001,50.580002,49.880001,50.150002,30.473202,752700
2005-11-10,50.250000,52.740002,49.349998,51.900002,31.536581,1633600
2005-11-11,52.049999,52.369999,51.070000,51.580002,31.342129,601100
2005-11-14,51.660000,53.540001,51.660000,53.500000,32.508804,1092800
2005-11-15,53.310001,54.040001,52.110001,52.439999,31.864716,882400
2005-11-16,52.540001,52.990002,51.570000,51.730000,31.433268,612000
2005-11-17,51.959999,54.360001,51.799999,54.320000,33.007069,1062400
2005-11-18,54.830002,54.830002,53.759998,54.410000,33.061764,1914600
2005-11-21,54.389999,58.000000,54.389999,57.950001,35.212807,2057200
2005-11-22,58.000000,60.369999,56.889999,59.849998,36.367310,1844900
2005-11-23,59.700001,61.500000,59.389999,60.070000,36.501011,1241600
2005-11-25,60.000000,60.740002,59.799999,60.029999,36.476711,248400
2005-11-28,59.959999,61.150002,58.049999,58.439999,35.510555,1201400
2005-11-29,58.439999,58.709999,57.610001,57.610001,35.006195,1319400
2005-11-30,57.060001,58.400002,55.480000,55.830002,33.924618,1250300
2005-12-01,56.270000,58.169998,56.270000,56.919998,34.586937,814500
2005-12-02,56.840000,57.209999,55.709999,56.000000,34.027901,575100
2005-12-05,55.900002,56.480000,54.689999,55.689999,33.839531,770200
2005-12-06,56.000000,56.820000,55.799999,56.040001,34.052212,580800
2005-12-07,56.150002,57.040001,55.450001,55.990002,34.021835,451800
2005-12-08,56.060001,57.410000,55.720001,56.169998,34.131210,945800
2005-12-09,56.200001,57.110001,54.570000,56.700001,34.453247,686400
2005-12-12,56.900002,57.610001,56.000000,57.400002,34.878590,748800
2005-12-13,57.290001,58.040001,55.660000,55.910000,33.973228,1078700
2005-12-14,55.889999,56.220001,54.669998,55.040001,33.444576,1387400
2005-12-15,55.220001,55.549999,54.000000,54.590000,33.171131,690700
2005-12-16,54.549999,55.470001,54.220001,54.840000,33.323044,1391700
2005-12-19,56.320000,56.349998,53.900002,53.990002,32.806557,726500
2005-12-20,54.330002,55.480000,53.980000,54.279999,32.982761,627200
2005-12-21,54.060001,56.279999,54.060001,55.250000,33.572182,692900
2005-12-22,55.380001,55.439999,54.700001,55.000000,33.420269,461600
2005-12-23,55.139999,55.450001,54.470001,54.709999,33.244049,403500
2005-12-27,54.700001,55.500000,54.560001,54.970001,33.402035,404000
2005-12-28,54.970001,56.049999,54.250000,54.980000,33.408112,353300
2005-12-29,54.730000,56.099998,54.630001,55.099998,33.481033,368800
2005-12-30,54.770000,56.130001,54.500000,54.849998,33.329121,595700
2006-01-03,54.849998,54.990002,52.639999,53.950001,32.782238,1626300
2006-01-04,53.759998,54.169998,52.439999,53.849998,32.721474,952300
2006-01-05,53.950001,54.169998,53.000000,53.529999,32.527031,631400
2006-01-06,54.799999,54.799999,53.459999,54.040001,32.836929,675900
2006-01-09,54.700001,57.570000,54.380001,56.590000,34.386425,1681700
2006-01-10,56.299999,57.689999,56.200001,56.660000,34.428951,1103000
2006-01-11,56.919998,59.119999,56.619999,58.360001,35.461941,1275200
2006-01-12,58.400002,58.400002,57.560001,57.810001,35.127739,908000
2006-01-13,57.630001,58.639999,57.270000,58.349998,35.455856,725100
2006-01-17,58.099998,59.000000,56.610001,56.900002,34.574791,617200
2006-01-18,56.910000,57.750000,55.549999,55.610001,33.790932,753600
2006-01-19,55.549999,56.840000,55.070000,55.490002,33.718018,912800
2006-01-20,56.500000,59.410000,56.299999,58.779999,35.717144,1953300
2006-01-23,59.180000,59.410000,56.720001,57.509998,34.945450,676400
2006-01-24,57.470001,58.090000,56.880001,57.700001,35.060902,723500
2006-01-25,57.650002,58.500000,57.020000,57.540001,34.963673,1324000
2006-01-26,59.990002,61.099998,59.139999,60.080002,36.507084,1717200
2006-01-27,59.830002,63.889999,59.799999,62.939999,38.244949,1320300
2006-01-30,63.209999,65.339996,63.200001,64.720001,39.326542,1157700
2006-01-31,64.910004,65.300003,64.160004,64.580002,39.241467,1192000
2006-02-01,64.120003,66.430000,64.120003,65.199997,39.618206,881800
2006-02-02,65.000000,65.739998,63.419998,63.910000,38.834343,955000
2006-02-03,63.560001,63.810001,62.630001,62.820000,38.172016,950000
2006-02-06,62.720001,62.970001,61.830002,61.959999,37.649460,617800
2006-02-07,61.869999,62.790001,60.110001,60.669998,36.865593,713400
2006-02-08,60.959999,61.000000,59.990002,60.400002,36.701534,770200
2006-02-09,60.500000,61.980000,59.500000,59.570000,36.197189,665100
2006-02-10,60.000000,60.750000,59.139999,59.500000,36.154652,653700
2006-02-13,59.470001,60.759998,59.349998,60.389999,36.695446,702700
2006-02-14,60.340000,62.169998,60.340000,61.950001,37.643375,954700
2006-02-15,62.070000,64.889999,61.619999,64.889999,39.429840,1101500
2006-02-16,64.839996,66.430000,64.510002,65.720001,39.934181,1126800
2006-02-17,65.599998,67.379997,65.279999,65.919998,40.055710,1128800
2006-02-21,66.300003,66.940002,65.230003,66.239998,40.250153,743200
2006-02-22,65.849998,68.419998,65.099998,67.410004,40.961094,1385800
2006-02-23,67.260002,67.750000,65.870003,66.500000,40.408138,1326100
2006-02-24,65.019997,68.160004,65.000000,66.809998,40.596504,2150900
2006-02-27,67.279999,68.199997,66.040001,66.209999,40.231907,1005400
2006-02-28,66.260002,67.040001,65.760002,66.449997,40.377758,708500
2006-03-01,66.430000,66.949997,65.989998,66.410004,40.353458,684500
2006-03-02,66.349998,66.470001,64.459999,65.029999,39.514908,849100
2006-03-03,64.839996,66.169998,64.050003,64.410004,39.138168,1154300
2006-03-06,70.900002,75.250000,70.320000,72.239998,43.895988,5968700
2006-03-07,71.760002,73.879997,71.510002,72.339996,43.956760,2078800
2006-03-08,72.000000,72.000000,70.290001,70.449997,42.808319,1900700
2006-03-09,70.660004,71.010002,68.349998,68.639999,41.708492,2072600
2006-03-10,68.389999,70.000000,68.190002,68.239998,41.465439,920400
2006-03-13,69.410004,71.489998,69.150002,70.029999,42.553112,887100
2006-03-14,69.989998,70.870003,68.589996,70.559998,42.875156,1371100
2006-03-15,70.870003,71.750000,70.250000,71.410004,43.391655,1219500
2006-03-16,71.209999,72.339996,70.059998,70.129997,42.613869,881700
2006-03-17,70.129997,71.889999,69.959999,71.730003,43.586113,788700
2006-03-20,71.720001,72.540001,71.269997,72.430000,44.011459,1059900
2006-03-21,72.540001,72.540001,69.900002,70.160004,42.632103,850800
2006-03-22,69.800003,73.419998,69.639999,71.709999,43.573952,1395500
2006-03-23,71.680000,71.690002,70.099998,70.529999,42.856934,964800
2006-03-24,70.400002,73.000000,70.400002,72.830002,44.254513,1011700
2006-03-27,72.779999,74.739998,72.110001,74.540001,45.293583,1336200
2006-03-28,73.959999,77.500000,73.910004,74.699997,45.390797,1891900
2006-03-29,75.050003,77.290001,75.010002,76.389999,46.417709,1163600
2006-03-30,76.440002,78.000000,76.419998,76.940002,46.751915,855400
2006-03-31,77.019997,78.750000,76.199997,76.849998,46.697216,1043600
2006-04-03,77.019997,77.639999,74.639999,74.910004,45.518417,862200
2006-04-04,75.019997,77.000000,74.809998,76.849998,46.697216,879100
2006-04-05,77.209999,79.250000,77.099998,78.379997,47.626907,1186700
2006-04-06,78.349998,79.269997,77.779999,78.900002,47.942894,755200
2006-04-07,79.070000,80.190002,76.779999,77.029999,46.806595,1331900
2006-04-10,77.110001,78.440002,76.099998,76.400002,46.423790,816700
2006-04-11,76.400002,77.449997,74.239998,75.190002,45.688530,1459400
2006-04-12,75.440002,76.839996,75.029999,76.629997,46.563534,801200
2006-04-13,76.800003,77.599998,75.110001,77.070000,46.830921,541100
2006-04-17,76.779999,78.949997,76.110001,77.500000,47.092201,740600
2006-04-18,77.620003,78.889999,77.099998,77.320000,46.982819,912000
2006-04-19,78.449997,78.910004,76.730003,77.290001,46.964588,827200
2006-04-20,77.379997,78.750000,77.190002,77.379997,47.019279,781000
2006-04-21,77.809998,78.160004,76.010002,77.190002,46.903816,683700
2006-04-24,77.160004,77.199997,76.010002,76.989998,46.782303,349600
2006-04-25,78.029999,79.059998,77.250000,77.540001,47.116493,938700
2006-04-26,77.339996,77.559998,74.680000,74.949997,45.542702,953500
2006-04-27,74.900002,77.139999,74.080002,75.650002,45.968071,950200
2006-04-28,75.790001,76.570000,74.870003,76.110001,46.247559,522700
2006-05-01,76.550003,77.050003,74.339996,75.019997,45.585236,925500
2006-05-02,75.099998,75.809998,74.400002,74.529999,45.287491,956000
2006-05-03,74.070000,74.400002,72.720001,73.050003,44.388187,1496300
2006-05-04,71.580002,71.690002,69.320000,71.209999,43.270119,2850900
2006-05-05,71.250000,73.739998,70.860001,71.730003,43.586113,3194900
2006-05-08,74.169998,78.110001,73.839996,77.720001,47.225861,2555500
2006-05-09,77.510002,79.870003,77.199997,78.050003,47.426399,1339100
2006-05-10,78.169998,79.190002,77.720001,78.349998,47.608688,1008800
2006-05-11,78.419998,79.129997,76.120003,76.470001,46.466320,955500
2006-05-12,76.500000,76.500000,74.519997,75.260002,45.731083,1078200
2006-05-15,74.970001,76.430000,74.510002,75.949997,46.150345,1138200
2006-05-16,75.599998,78.099998,75.599998,77.739998,47.238026,1096900
2006-05-17,77.169998,77.449997,75.309998,76.199997,46.302258,1259400
2006-05-18,77.169998,77.260002,74.029999,74.150002,45.056606,1012300
2006-05-19,74.029999,74.970001,73.180000,74.540001,45.293583,1204400
2006-05-22,73.800003,74.250000,70.500000,72.129997,43.829151,1523200
2006-05-23,72.519997,74.250000,72.250000,72.849998,44.266663,872700
2006-05-24,72.330002,72.620003,69.040001,70.400002,42.777943,2365700
2006-05-25,71.029999,72.389999,70.500000,72.320000,43.944607,935900
2006-05-26,72.339996,72.849998,71.150002,72.639999,44.139053,596700
2006-05-30,72.339996,72.730003,69.599998,70.000000,42.534889,869700
2006-05-31,70.040001,71.250000,69.620003,71.199997,43.264053,1079200
2006-06-01,71.370003,72.769997,70.040001,72.769997,44.218052,777600
2006-06-02,72.870003,73.279999,70.250000,71.120003,43.215443,1341400
2006-06-05,70.760002,71.110001,68.730003,69.110001,41.994091,849600
2006-06-06,68.800003,69.489998,66.699997,68.489998,41.617332,1027600
2006-06-07,68.949997,71.500000,68.680000,69.790001,42.407280,1169200
2006-06-08,69.510002,69.750000,67.550003,69.379997,42.158146,1320500
2006-06-09,69.790001,71.080002,69.129997,69.260002,42.085236,643700
2006-06-12,69.550003,69.900002,67.279999,67.470001,40.997551,576200
2006-06-13,67.300003,67.900002,64.870003,65.699997,39.922028,1261200
2006-06-14,65.620003,67.889999,65.400002,67.099998,40.772724,886400
2006-06-15,67.099998,70.989998,67.099998,69.870003,42.455891,1155200
2006-06-16,69.449997,69.989998,68.160004,68.910004,41.872570,746200
2006-06-19,68.800003,69.870003,67.000000,68.000000,41.319595,772400
2006-06-20,67.699997,70.410004,67.300003,68.779999,41.793560,754400
2006-06-21,69.070000,70.970001,68.690002,69.690002,42.346535,838600
2006-06-22,69.570000,69.809998,68.309998,69.290001,42.103462,661400
2006-06-23,69.470001,70.120003,68.669998,68.839996,41.830021,687500
2006-06-26,68.800003,70.500000,68.430000,70.230003,42.674644,856400
2006-06-27,70.639999,70.959999,68.699997,69.320000,42.121689,941200
2006-06-28,69.769997,71.339996,69.169998,70.690002,42.954166,784700
2006-06-29,70.830002,73.949997,70.400002,73.639999,44.746712,1263700
2006-06-30,74.050003,75.449997,72.849998,73.300003,44.540100,1591400
2006-07-03,73.879997,74.220001,73.180000,73.699997,44.783161,331100
2006-07-05,73.160004,73.389999,71.040001,72.339996,43.956760,988900
2006-07-06,72.629997,73.080002,71.839996,72.110001,43.817005,570300
2006-07-07,71.760002,71.760002,69.709999,70.430000,42.796169,650500
2006-07-10,70.370003,71.989998,69.650002,70.290001,42.711105,660300
2006-07-11,70.500000,72.089996,69.300003,71.860001,43.665092,823500
2006-07-12,71.519997,73.559998,71.389999,72.400002,43.993225,1164800
2006-07-13,72.199997,72.349998,70.540001,71.129997,43.221519,1168700
2006-07-14,71.300003,71.540001,67.559998,68.430000,41.580883,1509100
2006-07-17,68.230003,70.419998,67.980003,70.209999,42.662487,801200
2006-07-18,70.349998,71.300003,68.910004,70.339996,42.741486,1307000
2006-07-19,69.029999,71.760002,69.029999,71.199997,43.264053,1313800
2006-07-20,71.120003,71.330002,69.410004,69.550003,42.261452,752100
2006-07-21,69.639999,69.730003,66.190002,66.589996,40.462826,1142300
2006-07-24,66.589996,68.589996,66.480003,68.309998,41.507980,1279500
2006-07-25,67.919998,69.699997,66.269997,69.150002,42.018391,757100
2006-07-26,68.989998,69.110001,65.900002,66.070000,40.146847,1722300
2006-07-27,65.900002,65.970001,62.540001,62.990002,38.275314,2294200
2006-07-28,62.529999,64.750000,60.820000,64.099998,38.949806,3342000
2006-07-31,63.869999,64.199997,62.049999,64.010002,38.895115,1151000
2006-08-01,63.500000,63.500000,61.200001,61.700001,37.491467,1991100
2006-08-02,63.209999,67.449997,63.110001,66.940002,40.675510,2698700
2006-08-03,65.879997,67.470001,64.059998,67.449997,40.985409,1876400
2006-08-04,67.989998,69.699997,67.750000,69.199997,42.048775,1734600
2006-08-07,68.980003,69.199997,68.260002,69.099998,41.988007,1287300
2006-08-08,69.629997,71.500000,69.540001,71.000000,43.142532,1618300
2006-08-09,71.870003,72.889999,70.949997,71.120003,43.215443,2027400
2006-08-10,70.050003,72.580002,69.650002,71.699997,43.567875,1294500
2006-08-11,72.239998,72.680000,70.889999,71.680000,43.555714,1017500
2006-08-14,72.489998,73.199997,71.400002,71.529999,43.464581,946500
2006-08-15,72.750000,74.879997,72.190002,74.820000,45.463722,1667100
2006-08-16,75.000000,76.870003,74.250000,76.529999,46.502785,1489700
2006-08-17,76.400002,77.400002,75.449997,75.980003,46.168579,1982900
2006-08-18,76.290001,77.919998,75.629997,77.599998,47.152962,1169300
2006-08-21,77.440002,77.589996,75.010002,75.580002,45.925529,1107200
2006-08-22,75.669998,75.849998,73.830002,74.110001,45.032288,1373100
2006-08-23,74.010002,75.430000,73.849998,75.120003,45.646019,1132900
2006-08-24,75.669998,76.430000,75.400002,76.089996,46.235424,1314300
2006-08-25,75.889999,76.449997,74.029999,74.910004,45.518417,1060900
2006-08-28,75.360001,77.459999,75.010002,75.610001,45.943745,1602700
2006-08-29,75.959999,77.250000,75.349998,77.110001,46.855213,1186400
2006-08-30,77.300003,77.419998,75.709999,75.750000,46.028831,1322900
2006-08-31,76.599998,77.639999,75.809998,77.410004,47.037521,1098700
2006-09-01,77.419998,78.860001,76.900002,77.010002,46.794449,1188300
2006-09-05,77.320000,77.449997,76.160004,76.459999,46.460239,1127300
2006-09-06,76.000000,76.260002,74.970001,75.660004,45.974129,1329100
2006-09-07,75.459999,77.099998,74.080002,75.510002,45.882999,1479800
2006-09-08,75.949997,77.680000,74.970001,77.029999,46.806595,1387500
2006-09-11,76.830002,77.519997,75.250000,77.089996,46.843056,1469500
2006-09-12,77.160004,77.449997,75.580002,76.129997,46.259724,3053600
2006-09-13,76.010002,76.449997,72.599998,73.910004,44.910774,3478800
2006-09-14,74.180000,75.699997,73.500000,75.570000,45.919445,1459200
2006-09-15,76.169998,76.550003,72.910004,73.099998,44.418571,3639900
2006-09-18,72.510002,72.730003,70.220001,70.930000,43.099998,3354900
2006-09-19,70.949997,71.290001,67.309998,68.629997,41.702427,4892300
2006-09-20,69.099998,70.000000,68.820000,69.650002,42.322216,1531900
2006-09-21,69.989998,70.000000,67.800003,68.489998,41.617332,2976800
2006-09-22,68.480003,68.620003,66.650002,67.019997,40.724113,1586900
2006-09-25,67.750000,67.900002,65.410004,66.339996,40.310909,2326700
2006-09-26,66.500000,68.639999,65.599998,67.639999,41.100849,3278000
2006-09-27,67.930000,68.830002,66.599998,67.699997,41.137310,1476800
2006-09-28,67.279999,68.330002,65.860001,66.349998,40.316986,1872300
2006-09-29,66.169998,68.180000,66.120003,68.010002,41.325691,1780100
2006-10-02,69.300003,71.559998,68.750000,68.750000,41.775345,3106000
2006-10-03,69.000000,69.500000,67.029999,67.120003,40.784878,2110500
2006-10-04,66.930000,71.370003,66.519997,71.290001,43.318745,2744900
2006-10-05,70.889999,73.010002,70.800003,72.989998,44.351734,1889500
2006-10-06,72.730003,72.800003,71.250000,71.660004,43.543568,854200
2006-10-09,71.870003,72.760002,71.169998,72.720001,44.187672,852700
2006-10-10,72.959999,73.769997,71.669998,72.459999,44.029686,1150800
2006-10-11,72.389999,72.709999,70.940002,71.379997,43.373421,1124400
2006-10-12,71.800003,73.290001,71.430000,72.059998,43.786633,1253600
2006-10-13,71.779999,73.639999,71.279999,73.110001,44.424652,1340800
2006-10-16,73.000000,73.309998,71.989998,72.440002,44.017532,1032600
2006-10-17,71.989998,72.300003,70.709999,71.680000,43.555714,1060700
2006-10-18,72.290001,72.739998,70.360001,71.269997,43.306591,1164300
2006-10-19,71.070000,71.849998,70.389999,71.239998,43.288364,768000
2006-10-20,71.290001,73.470001,71.169998,72.800003,44.236275,1397800
2006-10-23,73.320000,74.150002,72.040001,72.830002,44.254513,1097700
2006-10-24,72.879997,73.449997,72.110001,72.470001,44.035755,787900
2006-10-25,72.290001,73.629997,71.910004,73.309998,44.546169,1093700
2006-10-26,73.489998,73.839996,72.209999,73.500000,44.661621,1482800
2006-10-27,73.199997,74.750000,72.389999,72.699997,44.175507,1123900
2006-10-30,72.559998,73.449997,71.339996,73.000000,44.357800,793500
2006-10-31,72.830002,73.919998,72.220001,73.540001,44.685921,762200
2006-11-01,73.930000,74.349998,72.110001,72.690002,44.169449,794300
2006-11-02,72.290001,73.180000,71.699997,72.699997,44.175507,1091900
2006-11-03,72.489998,73.550003,72.449997,73.440002,44.625175,875300
2006-11-06,74.889999,76.180000,74.889999,75.250000,45.725002,1886200
2006-11-07,75.580002,76.000000,74.300003,74.860001,45.488010,1873100
2006-11-08,75.699997,77.989998,75.290001,77.150002,46.879528,4028500
2006-11-09,77.160004,80.830002,77.160004,78.800003,47.882118,3019100
2006-11-10,78.589996,82.750000,77.730003,82.190002,49.942028,2863100
2006-11-13,85.800003,89.300003,85.730003,88.669998,53.879543,6342800
2006-11-14,88.050003,91.769997,87.080002,91.290001,55.471558,3798500
2006-11-15,91.709999,96.269997,90.629997,91.699997,55.720680,5066400
2006-11-16,93.059998,96.500000,92.620003,94.750000,57.573997,5059400
2006-11-17,93.300003,94.750000,92.139999,94.129997,57.197254,3643400
2006-11-20,89.589996,92.599998,88.620003,89.959999,58.384953,3485500
2006-11-21,90.820000,91.820000,89.430000,90.449997,58.702961,1720800
2006-11-22,93.949997,94.180000,90.059998,91.230003,59.209194,1840900
2006-11-24,90.000000,90.290001,88.699997,90.019997,58.423889,1050200
2006-11-27,89.680000,92.150002,88.169998,88.660004,57.541264,2257900
2006-11-28,88.370003,89.900002,87.250000,89.309998,57.963116,1595400
2006-11-29,89.389999,91.139999,87.849998,88.449997,57.404953,1599600
2006-11-30,88.449997,89.570000,87.580002,87.849998,57.015537,1392700
2006-12-01,88.180000,88.500000,86.220001,87.540001,56.814342,1489100
2006-12-04,89.500000,93.690002,89.230003,92.300003,59.903641,3283200
2006-12-05,92.970001,94.870003,90.989998,93.989998,61.000435,3011400
2006-12-06,93.660004,96.750000,92.830002,95.059998,61.694912,3109600
2006-12-07,95.370003,98.099998,94.589996,96.190002,62.428295,2999000
2006-12-08,96.180000,97.370003,95.169998,95.750000,62.142727,1603200
2006-12-11,96.300003,98.449997,96.010002,97.570000,63.323914,2284900
2006-12-12,97.320000,97.599998,93.750000,94.449997,61.299004,2447700
2006-12-13,95.050003,95.580002,92.849998,93.540001,60.708405,2067600
2006-12-14,93.550003,96.410004,93.279999,95.010002,61.662464,1755900
2006-12-15,95.480003,96.739998,93.470001,93.879997,60.929062,2187100
2006-12-18,94.919998,96.199997,93.650002,94.059998,61.045898,2101900
2006-12-19,93.500000,94.500000,93.000000,93.989998,61.000435,1493600
2006-12-20,93.620003,95.269997,92.250000,92.800003,60.228146,1397300
2006-12-21,92.910004,92.930000,90.570000,91.820000,59.592091,1021600
2006-12-22,90.139999,91.050003,88.250000,89.989998,58.404423,1760800
2006-12-26,89.800003,91.160004,89.519997,90.980003,59.046932,1101500
2006-12-27,91.599998,94.400002,91.199997,93.760002,60.851185,1654900
2006-12-28,93.760002,93.919998,92.510002,93.709999,60.818745,1160500
2006-12-29,93.099998,94.160004,93.070000,93.849998,60.909599,721300
2007-01-03,94.389999,97.849998,94.050003,96.269997,62.480206,1899300
2007-01-04,96.480003,96.760002,94.449997,96.309998,62.506165,1073300
2007-01-05,96.269997,97.750000,95.760002,96.879997,62.876095,1676600
2007-01-08,97.519997,100.000000,96.730003,98.709999,64.063782,1809700
2007-01-09,99.400002,100.230003,97.120003,99.099998,64.316902,1372700
2007-01-10,98.589996,102.930000,96.699997,102.449997,66.491089,2746500
2007-01-11,101.739998,104.489998,99.610001,103.919998,67.445129,2998700
2007-01-12,103.919998,105.000000,102.519997,104.489998,67.815048,1601200
2007-01-16,104.150002,107.940002,104.099998,107.750000,69.930870,2427200
2007-01-17,107.330002,107.639999,105.379997,105.760002,68.639320,2034300
2007-01-18,106.599998,107.099998,102.769997,103.750000,67.334793,1695500
2007-01-19,103.540001,106.250000,102.269997,105.620003,68.548462,2079400
2007-01-22,105.970001,106.959999,104.139999,106.500000,69.119568,1467400
2007-01-23,106.599998,108.160004,105.449997,106.809998,69.320778,1589300
2007-01-24,107.559998,111.339996,106.500000,110.449997,71.683167,1865800
2007-01-25,110.349998,110.800003,106.660004,106.989998,69.437599,1299300
2007-01-26,107.489998,108.839996,105.480003,107.900002,70.028206,1303800
2007-01-29,109.360001,109.980003,107.180000,108.559998,70.456551,1389000
2007-01-30,108.760002,109.190002,107.050003,108.290001,70.281319,917000
2007-01-31,107.830002,112.400002,107.419998,111.739998,72.520386,1983500
2007-02-01,112.540001,113.250000,110.849998,112.169998,72.799477,1325500
2007-02-02,112.110001,112.739998,110.839996,111.440002,72.325691,966500
2007-02-05,111.570000,114.599998,111.470001,114.070000,74.032593,1344200
2007-02-06,113.300003,113.400002,109.690002,112.730003,73.162895,2014600
2007-02-07,113.050003,114.199997,111.699997,112.519997,73.026619,955500
2007-02-08,112.650002,112.650002,110.970001,111.290001,72.228340,916500
2007-02-09,111.300003,111.809998,104.000000,104.190002,67.620361,2623500
2007-02-12,104.699997,105.199997,101.000000,102.489998,66.517036,2623000
2007-02-13,103.620003,103.660004,102.199997,102.430000,66.478119,1371800
2007-02-14,102.860001,104.330002,102.489998,103.360001,67.081688,1621400
2007-02-15,103.599998,104.220001,101.790001,102.949997,66.815605,940300
2007-02-16,103.089996,103.199997,101.500000,101.709999,66.010818,1114500
2007-02-20,102.650002,102.849998,99.830002,102.290001,66.387238,1428800
2007-02-21,101.870003,102.559998,100.540001,102.190002,66.322372,1367700
2007-02-22,102.599998,106.239998,102.059998,106.099998,68.859993,2074100
2007-02-23,105.620003,106.629997,103.290001,103.809998,67.373741,1274100
2007-02-26,104.699997,104.989998,99.269997,100.379997,65.147629,2113800
2007-02-27,97.980003,98.510002,95.650002,95.900002,62.240082,2840700
2007-02-28,97.050003,99.629997,96.050003,98.019997,63.615978,2826900
2007-03-01,95.779999,98.309998,93.720001,97.029999,62.973492,2334600
2007-03-02,96.690002,97.300003,93.470001,93.629997,60.766830,1530600
2007-03-05,92.510002,92.800003,89.059998,89.370003,58.002037,3088500
2007-03-06,91.489998,93.180000,91.349998,92.419998,59.981514,2478500
2007-03-07,92.449997,92.910004,90.919998,91.349998,59.287067,1508400
2007-03-08,92.889999,95.110001,92.239998,94.180000,61.123749,1691300
2007-03-09,95.160004,95.940002,92.820000,94.239998,61.162716,1527500
2007-03-12,93.279999,94.199997,90.830002,92.419998,59.981514,1364500
2007-03-13,92.000000,93.589996,90.540001,90.800003,58.930130,1475500
2007-03-14,90.849998,92.930000,89.500000,92.620003,60.111313,1671300
2007-03-15,92.400002,94.080002,91.750000,93.639999,60.773312,1572500
2007-03-16,93.129997,94.019997,91.949997,92.739998,60.189213,1365100
2007-03-19,93.629997,95.099998,93.010002,95.019997,61.668941,1078200
2007-03-20,95.190002,98.330002,94.519997,97.680000,63.395325,2240700
2007-03-21,96.500000,99.500000,95.900002,99.500000,64.576508,2288000
2007-03-22,100.050003,100.470001,99.190002,99.900002,64.836121,1602200
2007-03-23,99.750000,100.900002,99.709999,100.650002,65.322876,1053700
2007-03-26,100.800003,101.000000,99.010002,100.930000,65.504593,1160300
2007-03-27,99.940002,100.449997,97.599998,98.010002,63.609512,1293300
2007-03-28,97.510002,97.860001,95.500000,95.800003,62.175213,1645400
2007-03-29,96.230003,97.400002,94.639999,96.000000,62.304958,1156000
2007-03-30,95.989998,96.330002,94.099998,94.860001,61.565102,959100
2007-04-02,95.000000,96.550003,95.000000,96.059998,62.343910,796100
2007-04-03,96.980003,99.489998,96.959999,98.320000,63.810692,1250100
2007-04-04,98.440002,98.680000,97.239998,98.160004,63.706844,824600
2007-04-05,98.000000,99.470001,97.550003,98.690002,64.050819,743400
2007-04-09,99.720001,101.680000,99.660004,101.080002,65.601959,1550000
2007-04-10,101.080002,101.430000,99.480003,100.150002,64.998398,844200
2007-04-11,100.000000,100.239998,98.250000,98.779999,64.109215,764700
2007-04-12,98.269997,100.639999,97.629997,100.169998,65.011353,850100
2007-04-13,99.860001,103.000000,99.089996,102.440002,66.484596,1435800
2007-04-16,103.040001,103.470001,101.250000,102.000000,66.199036,1079200
2007-04-17,101.800003,101.989998,100.279999,100.790001,65.413712,843400
2007-04-18,100.500000,104.120003,100.500000,103.339996,67.068718,1177500
2007-04-19,102.790001,102.790001,101.010002,102.010002,66.205498,852300
2007-04-20,103.220001,103.690002,102.019997,102.510002,66.530037,738100
2007-04-23,102.279999,103.519997,101.809998,103.440002,67.133614,806800
2007-04-24,103.620003,103.769997,102.260002,102.809998,66.724716,745200
2007-04-25,102.809998,105.550003,102.449997,105.470001,68.451111,956900
2007-04-26,105.500000,106.400002,105.000000,105.930000,68.749634,727500
2007-04-27,105.730003,105.730003,103.610001,104.519997,67.834564,742900
2007-04-30,104.230003,105.599998,102.029999,102.209999,66.335350,1464300
2007-05-01,102.110001,102.870003,100.699997,102.169998,66.309387,2057500
2007-05-02,101.500000,107.980003,101.389999,107.050003,69.476540,3658400
2007-05-03,104.199997,105.980003,102.589996,103.629997,67.256912,2569600
2007-05-04,104.250000,105.199997,101.529999,102.519997,66.536537,1513800
2007-05-07,102.570000,103.410004,99.750000,101.849998,66.101685,3787100
2007-05-08,105.389999,105.879997,99.169998,99.910004,64.842606,3857100
2007-05-09,99.199997,100.339996,98.800003,99.260002,64.420738,1398000
2007-05-10,99.209999,99.419998,95.720001,96.000000,62.304958,1654900
2007-05-11,96.250000,97.940002,94.849998,96.519997,62.642464,1388900
2007-05-14,96.919998,97.779999,95.440002,95.839996,62.201153,1162800
2007-05-15,96.379997,97.760002,94.739998,94.949997,61.623520,1225600
2007-05-16,95.839996,97.309998,95.610001,96.279999,62.486691,1322600
2007-05-17,95.900002,97.190002,94.959999,95.029999,61.675442,904000
2007-05-18,95.080002,95.889999,93.220001,93.739998,60.838219,1641700
2007-05-21,93.660004,95.000000,93.599998,94.190002,61.130283,1184800
2007-05-22,98.639999,101.540001,97.250000,101.150002,65.647377,3284400
2007-05-23,101.730003,101.779999,99.250000,99.349998,64.479164,1070600
2007-05-24,100.349998,100.660004,96.160004,96.699997,62.759281,1195000
2007-05-25,96.250000,96.500000,94.629997,94.750000,61.493706,1703600
2007-05-29,94.959999,96.169998,94.830002,95.099998,61.720867,1763600
2007-05-30,94.150002,95.230003,93.489998,94.250000,61.169189,1616600
2007-05-31,94.720001,96.620003,94.010002,96.500000,62.629494,1768600
2007-06-01,97.000000,99.269997,97.000000,98.430000,63.882072,2213600
2007-06-04,97.660004,99.300003,97.510002,97.989998,63.596508,1442400
2007-06-05,98.000000,98.980003,97.370003,98.669998,64.037842,1064500
2007-06-06,98.400002,98.739998,95.849998,96.250000,62.467228,1133200
2007-06-07,99.650002,99.779999,92.849998,93.459999,60.656479,4996200
2007-06-08,92.949997,95.980003,92.949997,95.510002,61.986984,2205000
2007-06-11,95.070000,95.250000,93.349998,94.330002,61.221123,1916400
2007-06-12,93.730003,95.400002,93.629997,94.050003,61.039406,1689200
2007-06-13,94.769997,96.180000,94.059998,96.180000,62.421776,1378000
2007-06-14,96.019997,96.379997,94.110001,94.669998,61.441784,1570600
2007-06-15,96.400002,96.639999,94.889999,95.059998,61.694912,1901000
2007-06-18,95.110001,95.260002,93.860001,93.860001,60.916092,1142700
2007-06-19,92.860001,92.919998,91.300003,92.449997,60.000984,2659400
2007-06-20,92.290001,92.389999,90.769997,90.970001,59.040462,1352500
2007-06-21,91.209999,91.230003,89.070000,90.980003,59.046932,2101300
2007-06-22,90.930000,91.230003,89.440002,89.550003,58.118870,821200
2007-06-25,89.800003,90.110001,88.519997,89.339996,57.982567,1303000
2007-06-26,89.260002,89.459999,86.730003,87.339996,56.684544,1470800
2007-06-27,86.699997,88.650002,85.529999,88.570000,57.482834,1438900
2007-06-28,88.699997,89.750000,87.220001,89.070000,57.807331,1541800
2007-06-29,89.169998,91.879997,89.019997,89.650002,58.183762,1615200
2007-07-02,90.250000,90.260002,88.410004,89.559998,58.125355,1238500
2007-07-03,89.370003,90.680000,88.510002,88.809998,57.638580,744500
2007-07-05,89.800003,93.089996,89.150002,92.760002,60.202175,2144000
2007-07-06,92.879997,94.250000,92.309998,94.239998,61.162716,1117600
2007-07-09,94.250000,94.790001,93.449997,94.779999,61.513176,1525400
2007-07-10,94.099998,94.250000,92.550003,92.620003,60.111313,2108400
2007-07-11,92.620003,94.570000,92.260002,94.300003,61.201660,1356400
2007-07-12,94.269997,97.449997,94.169998,96.980003,62.941017,2127600
2007-07-13,97.190002,98.750000,96.000000,98.389999,63.856125,1076200
2007-07-16,97.970001,98.849998,97.769997,97.790001,63.466690,1431600
2007-07-17,97.699997,98.430000,96.699997,98.269997,63.778240,2073600
2007-07-18,97.589996,99.419998,96.650002,98.739998,64.083252,2263100
2007-07-19,99.050003,99.900002,98.309998,99.419998,64.524574,2558100
2007-07-20,99.059998,99.309998,96.540001,98.680000,64.044327,2879600
2007-07-23,98.699997,101.849998,98.379997,101.269997,65.725281,1839100
2007-07-24,101.000000,101.489998,98.930000,99.320000,64.459709,1241100
2007-07-25,100.019997,103.070000,99.269997,101.639999,65.965401,1948400
2007-07-26,100.019997,100.379997,94.629997,97.660004,63.382343,2817100
2007-07-27,98.099998,100.989998,96.570000,100.349998,65.128151,1516900
2007-07-30,100.400002,101.129997,96.550003,99.209999,64.388298,1820500
2007-07-31,99.300003,100.830002,96.160004,96.559998,62.668415,1723600
2007-08-01,96.529999,97.209999,94.050003,96.910004,62.895592,1322400
2007-08-02,98.199997,101.470001,98.000000,101.330002,65.764191,1727400
2007-08-03,101.320000,104.620003,100.300003,101.059998,65.588966,2847200
2007-08-06,103.449997,107.910004,99.730003,107.389999,69.697205,3210100
2007-08-07,116.050003,123.709999,115.769997,118.199997,76.713013,10229500
2007-08-08,117.750000,125.580002,114.809998,116.680000,75.726509,4393700
2007-08-09,113.930000,118.699997,113.239998,115.589996,75.019073,2889300
2007-08-10,111.610001,113.879997,109.050003,111.529999,72.384087,3110900
2007-08-13,113.739998,115.980003,110.949997,112.150002,72.786507,1960700
2007-08-14,113.620003,116.000000,113.279999,113.989998,73.980675,1736200
2007-08-15,112.260002,117.690002,111.410004,114.470001,74.292206,2211500
2007-08-16,113.449997,114.879997,106.000000,110.980003,72.027153,3228200
2007-08-17,112.160004,114.190002,109.139999,112.339996,72.909805,1778800
2007-08-20,113.620003,115.449997,110.580002,114.080002,74.039078,1402900
2007-08-21,115.220001,118.860001,113.010002,116.750000,75.771950,1743600
2007-08-22,118.919998,120.000000,116.900002,118.699997,77.037491,1321200
2007-08-23,119.000000,119.290001,115.919998,116.870003,75.849831,1139100
2007-08-24,116.650002,124.139999,116.339996,123.129997,79.912628,2225000
2007-08-27,123.070000,125.860001,120.839996,121.379997,78.776855,1479200
2007-08-28,120.410004,121.000000,117.000000,117.800003,76.453384,1536100
2007-08-29,116.510002,121.260002,114.599998,120.750000,78.367973,2800700
2007-08-30,119.330002,121.699997,118.500000,121.059998,78.569191,1243600
2007-08-31,122.940002,124.610001,121.080002,123.730003,80.302048,1249600
2007-09-04,123.709999,127.900002,121.940002,126.650002,82.197136,1550500
2007-09-05,126.839996,126.889999,124.760002,126.470001,82.080322,1137200
2007-09-06,127.010002,128.899994,125.379997,127.449997,82.716347,898900
2007-09-07,125.339996,125.910004,123.349998,124.279999,80.658974,1292700
2007-09-10,125.389999,125.910004,120.250000,123.809998,80.353966,1409700
2007-09-11,124.150002,131.860001,124.150002,131.699997,85.474640,2314600
2007-09-12,130.520004,138.220001,130.220001,137.559998,89.277840,3185900
2007-09-13,137.860001,140.339996,136.250000,139.990005,90.854958,2184000
2007-09-14,139.000000,143.440002,137.759995,139.860001,90.770538,2255700
2007-09-17,139.270004,143.000000,138.809998,142.229996,92.308693,1581000
2007-09-18,142.250000,150.610001,140.669998,148.860001,96.611649,2491700
2007-09-19,150.149994,151.000000,145.179993,146.580002,95.131920,2348800
2007-09-20,144.130005,147.460007,143.509995,144.940002,94.067513,2013000
2007-09-21,145.160004,147.100006,143.550003,143.550003,93.165405,2451900
2007-09-24,144.880005,157.139999,144.500000,156.009995,101.252060,3792600
2007-09-25,154.509995,158.220001,152.570007,155.000000,100.596588,2855300
2007-09-26,155.000000,157.899994,152.429993,157.270004,102.069839,2248700
2007-09-27,157.000000,168.800003,156.080002,166.979996,108.371719,6065300
2007-09-28,160.729996,162.139999,155.399994,157.559998,102.258049,6743200
2007-10-01,159.449997,165.580002,157.050003,163.990005,106.431198,2840200
2007-10-02,165.779999,169.380005,163.110001,165.830002,107.625366,2424100
2007-10-03,154.509995,157.000000,148.789993,149.399994,96.962120,8208100
2007-10-04,147.770004,152.179993,144.000000,149.960007,97.325562,3775000
2007-10-05,152.000000,154.960007,148.660004,151.070007,98.045959,2292500
2007-10-08,152.000000,153.199997,148.899994,152.699997,99.103828,1913000
2007-10-09,153.339996,153.350006,150.050003,151.339996,98.221191,1580500
2007-10-10,151.850006,157.089996,151.029999,155.789993,101.109291,2384400
2007-10-11,159.020004,163.800003,154.000000,156.960007,101.868660,3558200
2007-10-12,157.949997,159.740005,154.149994,158.179993,102.660416,1792600
2007-10-15,158.509995,161.000000,150.570007,153.690002,99.746376,2245100
2007-10-16,153.190002,158.250000,151.550003,156.449997,101.537651,1978300
2007-10-17,159.250000,160.279999,153.630005,158.169998,102.653946,1751800
2007-10-18,157.009995,157.679993,153.750000,156.259995,101.414314,1597600
2007-10-19,157.070007,157.539993,149.500000,150.029999,97.370972,1956200
2007-10-22,147.529999,155.479996,147.000000,154.240005,100.103333,1654300
2007-10-23,156.550003,158.500000,155.050003,158.500000,102.868095,1542900
2007-10-24,158.259995,161.369995,151.809998,155.539993,100.947037,2383800
2007-10-25,158.000000,160.389999,153.729996,156.679993,101.686905,1508500
2007-10-26,159.000000,164.869995,157.809998,164.649994,106.859505,1851300
2007-10-29,167.679993,176.139999,165.889999,172.899994,112.213837,3104700
2007-10-30,170.809998,175.410004,164.460007,167.899994,108.968803,3738600
2007-10-31,157.339996,162.750000,155.000000,161.429993,104.769691,4882400
2007-11-01,160.220001,161.380005,154.809998,154.940002,100.557625,2803300
2007-11-02,148.000000,151.399994,142.580002,149.399994,96.962120,3435200
2007-11-05,145.199997,147.809998,142.429993,145.399994,94.366074,1974200
2007-11-06,147.160004,148.059998,139.710007,142.899994,92.743546,2040400
2007-11-07,140.199997,141.289993,137.699997,138.429993,89.842468,1621800
2007-11-08,139.800003,139.800003,131.820007,136.059998,88.304337,2293300
2007-11-09,133.889999,140.070007,130.860001,136.380005,88.512024,2243800
2007-11-12,135.710007,137.820007,128.070007,129.550003,84.079285,1970200
2007-11-13,130.690002,138.289993,130.529999,137.720001,89.381668,1797100
2007-11-14,138.699997,139.750000,130.000000,130.759995,84.864563,2132400
2007-11-15,130.149994,134.220001,127.709999,130.350006,84.598473,2038300
2007-11-16,131.710007,135.960007,131.229996,134.500000,87.291840,1690200
2007-11-19,130.000000,131.190002,124.779999,124.980003,81.113297,2236700
2007-11-20,129.119995,135.000000,127.839996,132.160004,85.773178,4153700
2007-11-21,131.000000,137.929993,129.899994,135.300003,87.811035,2406200
2007-11-23,135.889999,136.000000,132.339996,135.050003,87.648834,878400
2007-11-26,136.320007,136.389999,130.020004,130.600006,84.760735,1755400
2007-11-27,130.809998,131.820007,128.250000,130.600006,84.760735,3043800
2007-11-28,128.940002,134.740005,128.050003,131.759995,89.631393,2250100
2007-11-29,131.570007,132.500000,126.519997,127.040001,86.420586,1850200
2007-11-30,128.770004,130.000000,125.519997,126.940002,86.352554,1715300
2007-12-03,126.699997,126.699997,119.540001,120.669998,82.087296,2260800
2007-12-04,120.669998,124.769997,119.000000,121.989998,82.985252,1769500
2007-12-05,124.290001,124.739998,120.750000,122.059998,83.032852,1538800
2007-12-06,121.209999,123.980003,119.860001,123.849998,84.250542,1270400
2007-12-07,123.900002,127.000000,123.900002,124.599998,84.760750,1071100
2007-12-10,125.739998,126.949997,124.000000,124.419998,84.638283,1123900
2007-12-11,124.800003,125.400002,119.000000,119.570000,81.338997,1530900
2007-12-12,120.720001,122.769997,116.589996,118.120003,80.352623,1984200
2007-12-13,117.980003,119.690002,117.570000,119.129997,81.039688,1059400
2007-12-14,117.050003,120.379997,117.050003,117.870003,80.182556,1296300
2007-12-17,116.639999,119.160004,114.000000,114.260002,77.726814,1731900
2007-12-18,115.019997,116.120003,111.529999,112.349998,76.427513,1561000
2007-12-19,111.239998,119.690002,110.500000,117.980003,80.257393,2775600
2007-12-20,120.860001,121.959999,114.389999,116.389999,79.175774,2307500
2007-12-21,116.599998,117.480003,113.510002,115.250000,78.400284,2309300
2007-12-24,114.550003,115.199997,113.260002,113.279999,77.060181,653200
2007-12-26,113.019997,117.849998,112.379997,117.669998,80.046494,1363800
2007-12-27,118.070000,121.419998,114.019997,114.589996,77.951294,1477900
2007-12-28,116.940002,116.940002,114.150002,115.709999,78.713173,977700
2007-12-31,115.220001,115.330002,112.089996,112.129997,76.277863,1093300
2008-01-02,112.769997,114.980003,108.370003,109.379997,74.407112,1629800
2008-01-03,109.500000,109.500000,103.769997,105.680000,71.890160,2432900
2008-01-04,103.699997,108.500000,101.629997,105.199997,71.563614,3068700
2008-01-07,106.760002,106.930000,102.519997,104.220001,70.896980,2366800
2008-01-08,105.250000,109.949997,103.010002,104.500000,71.087448,2795800
2008-01-09,106.860001,108.540001,103.500000,108.260002,73.645248,2303600
2008-01-10,108.370003,110.639999,105.010002,108.989998,74.141830,2639700
2008-01-11,107.379997,108.400002,102.309998,102.540001,69.754135,1995300
2008-01-14,103.489998,104.269997,99.120003,100.949997,68.672516,2671500
2008-01-15,99.389999,100.540001,95.879997,97.650002,66.427666,2629800
2008-01-16,97.849998,105.349998,97.440002,102.669998,69.842583,3428200
2008-01-17,103.720001,104.610001,96.519997,96.889999,65.910645,3210100
2008-01-18,97.050003,102.320000,95.339996,101.430000,68.999031,4005900
2008-01-22,96.440002,101.940002,96.360001,101.379997,68.965019,2226000
2008-01-23,99.699997,112.500000,98.000000,109.959999,74.801689,2998200
2008-01-24,110.360001,110.849998,105.660004,108.849998,74.046608,2077500
2008-01-25,109.279999,112.500000,103.709999,104.019997,70.760933,1883900
2008-01-28,104.500000,111.269997,103.000000,110.330002,75.053391,1842000
2008-01-29,112.239998,113.860001,109.120003,111.959999,76.162209,1494400
2008-01-30,111.180000,113.199997,109.389999,109.730003,74.645203,1468700
2008-01-31,108.099998,116.669998,106.000000,114.980003,78.216599,1997800
2008-02-01,115.879997,119.779999,114.110001,116.830002,79.475082,1852900
2008-02-04,116.930000,116.959999,111.250000,111.470001,75.828888,1322600
2008-02-05,115.000000,123.000000,112.660004,119.360001,81.196175,4366300
2008-02-06,119.639999,120.199997,114.500000,115.370003,78.481903,2539600
2008-02-07,114.010002,121.550003,113.480003,120.589996,82.032867,2064000
2008-02-08,119.989998,121.730003,116.480003,119.000000,80.951241,1576700
2008-02-11,119.180000,122.220001,118.800003,119.879997,81.549889,1809500
2008-02-12,121.860001,124.769997,119.120003,119.839996,81.522682,2723400
2008-02-13,116.589996,118.550003,108.129997,110.910004,75.447960,5595600
2008-02-14,111.050003,113.940002,106.919998,107.400002,73.060211,3147900
2008-02-15,106.849998,106.930000,103.720001,104.620003,71.169090,2026900
2008-02-19,105.769997,108.419998,103.300003,105.510002,71.774521,2228500
2008-02-20,105.250000,108.930000,103.500000,107.199997,72.924164,1758300
2008-02-21,106.959999,107.360001,102.010002,102.360001,69.631683,1706400
2008-02-22,103.120003,104.150002,101.650002,104.110001,70.822151,1193300
2008-02-25,103.519997,106.089996,102.660004,105.620003,71.849373,1297400
2008-02-26,105.410004,107.879997,104.260002,107.169998,72.903748,1570100
2008-02-27,106.330002,107.529999,104.000000,104.529999,71.107872,1790200
2008-02-28,104.699997,106.870003,102.730003,103.290001,70.264320,1719700
2008-02-29,101.900002,104.989998,99.540001,100.699997,68.502441,2490600
2008-03-03,100.199997,100.680000,97.800003,98.970001,67.325584,1868200
2008-03-04,98.400002,99.010002,94.800003,97.279999,66.175949,2725200
2008-03-05,97.690002,99.750000,97.230003,99.190002,67.475273,2087000
2008-03-06,98.370003,100.230003,95.000000,95.000000,64.624924,2422900
2008-03-07,94.269997,95.339996,90.900002,92.820000,63.141972,3116700
2008-03-10,92.750000,94.250000,91.239998,91.410004,62.182819,1652300
2008-03-11,92.139999,96.589996,91.559998,96.449997,65.611343,2509500
2008-03-12,97.559998,98.400002,94.900002,97.050003,66.019493,1970700
2008-03-13,96.489998,98.199997,92.580002,97.260002,66.162361,2360300
2008-03-14,98.000000,98.250000,92.489998,96.669998,65.760971,2336800
2008-03-17,93.459999,97.769997,92.290001,96.940002,65.944687,3469600
2008-03-18,98.989998,100.440002,97.580002,99.010002,67.352798,2053700
2008-03-19,99.650002,102.250000,97.000000,97.529999,66.346008,2149700
2008-03-20,98.000000,102.279999,96.019997,101.389999,68.971840,1941600
2008-03-24,101.540001,108.360001,101.239998,107.279999,72.978569,1696700
2008-03-25,108.050003,109.209999,105.059998,108.870003,74.060188,1401600
2008-03-26,107.809998,108.830002,104.800003,108.320000,73.686058,1836300
2008-03-27,108.279999,109.269997,103.699997,103.779999,70.597641,1546000
2008-03-28,105.669998,105.669998,100.000000,100.230003,68.182732,1471000
2008-03-31,100.230003,102.790001,99.760002,100.639999,68.461647,1338500
2008-04-01,103.000000,111.190002,101.139999,111.190002,75.638405,2144200
2008-04-02,110.550003,116.000000,110.550003,112.480003,76.515938,1964800
2008-04-03,111.900002,116.540001,111.709999,116.430000,79.202995,2121800
2008-04-04,115.669998,115.980003,111.589996,112.870003,76.781258,1457800
2008-04-07,113.639999,116.430000,111.089996,112.360001,76.434326,1423900
2008-04-08,111.279999,112.160004,109.849998,110.720001,75.318680,1086600
2008-04-09,111.150002,112.739998,107.220001,108.830002,74.032990,1235500
2008-04-10,108.070000,110.279999,106.580002,107.970001,73.447937,1117800
2008-04-11,106.540001,106.739998,101.620003,102.849998,69.965027,1827100
2008-04-14,103.260002,106.040001,100.550003,100.690002,68.495659,977000
2008-04-15,103.099998,103.669998,97.300003,98.059998,66.706558,2161100
2008-04-16,99.339996,100.940002,96.309998,100.129997,68.114685,2222200
2008-04-17,99.349998,99.349998,93.470001,96.059998,65.346008,3758700
2008-04-18,98.669998,99.449997,97.550003,98.459999,66.978668,2476600
2008-04-21,98.800003,99.290001,95.360001,95.540001,64.992294,2143000
2008-04-22,95.809998,106.959999,95.599998,102.639999,69.822166,4015600
2008-04-23,104.779999,106.989998,103.290001,105.949997,72.073830,2568800
2008-04-24,105.510002,112.300003,102.500000,109.849998,74.726852,2638400
2008-04-25,109.629997,110.120003,106.099998,108.010002,73.475159,1313000
2008-04-28,108.279999,108.839996,106.809998,107.750000,73.298302,1385000
2008-04-29,107.690002,110.699997,106.750000,109.220001,74.298271,1623900
2008-04-30,109.870003,110.000000,105.339996,105.339996,71.658859,1732300
2008-05-01,100.010002,109.000000,99.610001,108.190002,73.597626,4597000
2008-05-02,106.809998,112.480003,106.809998,108.029999,73.488770,2891900
2008-05-05,108.820000,109.169998,104.220001,105.650002,71.869766,1297100
2008-05-06,105.000000,108.250000,103.500000,107.949997,73.434334,1243000
2008-05-07,107.050003,107.400002,101.669998,102.019997,69.400391,1598500
2008-05-08,102.489998,103.779999,101.519997,102.150002,69.488831,1075700
2008-05-09,101.300003,103.080002,100.309998,103.019997,70.080650,1252800
2008-05-12,102.720001,104.580002,101.930000,103.849998,70.645302,959700
2008-05-13,104.070000,104.300003,101.309998,102.620003,69.808540,1307300
2008-05-14,102.820000,106.180000,102.750000,105.300003,71.631676,1449700
2008-05-15,104.809998,109.180000,104.019997,108.970001,74.128189,1360500
2008-05-16,109.440002,109.949997,107.360001,109.519997,74.502373,1426000
2008-05-19,108.879997,110.989998,107.489998,108.419998,73.754089,1160400
2008-05-20,108.000000,108.410004,104.599998,105.080002,71.482002,1321200
2008-05-21,104.500000,110.230003,100.150002,101.620003,69.128281,2498800
2008-05-22,101.910004,104.830002,101.690002,102.629997,69.815353,993700
2008-05-23,102.489998,103.000000,98.750000,99.739998,67.849403,1754600
2008-05-27,99.510002,102.330002,99.070000,100.000000,68.026260,1599300
2008-05-28,98.669998,100.589996,98.190002,99.839996,67.917419,1734500
2008-05-29,100.099998,102.879997,99.290001,102.029999,69.407204,1035100
2008-05-30,101.839996,102.610001,100.029999,100.029999,68.046661,1245600
2008-06-02,100.959999,100.959999,98.680000,99.790001,67.883423,1572800
2008-06-03,100.400002,100.400002,98.059998,99.540001,67.713356,2321900
2008-06-04,99.570000,103.000000,98.120003,99.209999,67.488846,1836400
2008-06-05,99.279999,101.330002,98.599998,99.730003,67.842621,1229800
2008-06-06,99.000000,99.300003,94.580002,94.790001,64.482094,2713400
2008-06-09,94.739998,96.290001,89.620003,90.949997,61.869877,2569300
2008-06-10,89.660004,90.199997,86.699997,87.959999,59.835892,3507200
2008-06-11,87.959999,90.180000,87.000000,88.510002,60.210052,3812000
2008-06-12,88.760002,91.019997,88.320000,89.000000,60.543369,2270200
2008-06-13,90.379997,92.190002,90.040001,92.190002,62.713425,1461900
2008-06-16,91.099998,95.779999,90.739998,94.410004,64.223610,2363000
2008-06-17,94.440002,95.330002,93.150002,95.080002,64.679390,2131500
2008-06-18,94.349998,95.769997,92.980003,93.410004,63.543335,3083200
2008-06-19,92.529999,93.300003,89.370003,92.709999,63.067158,2896400
2008-06-20,91.599998,92.059998,87.059998,88.400002,60.135227,4211700
2008-06-23,89.500000,89.500000,86.690002,86.730003,58.999187,2093300
2008-06-24,86.410004,86.410004,83.620003,85.000000,57.822338,3470100
2008-06-25,85.099998,88.459999,84.919998,87.489998,59.516182,2095100
2008-06-26,85.559998,86.279999,83.150002,83.500000,56.801929,3188400
2008-06-27,82.010002,82.559998,78.660004,79.809998,54.291759,4771400
2008-06-30,79.010002,82.430000,77.660004,81.349998,55.339382,3467100
2008-07-01,78.500000,82.279999,77.120003,82.099998,55.849567,3976000
2008-07-02,81.839996,85.139999,78.800003,79.260002,53.917610,3558800
2008-07-03,79.089996,80.730003,74.470001,78.940002,53.699951,3411100
2008-07-07,79.500000,82.400002,78.470001,82.010002,55.788357,3725000
2008-07-08,82.059998,83.949997,78.900002,83.500000,56.801929,3508600
2008-07-09,84.660004,84.660004,77.070000,77.559998,52.761181,3563600
2008-07-10,78.440002,78.440002,69.269997,69.940002,47.577579,7920800
2008-07-11,78.760002,79.860001,72.169998,78.139999,53.155720,9585000
2008-07-14,79.580002,81.089996,75.339996,77.290001,52.577496,3841600
2008-07-15,74.650002,77.800003,71.870003,75.610001,51.434647,2793900
2008-07-16,75.400002,79.889999,74.040001,79.540001,54.108101,2275300
2008-07-17,79.540001,84.180000,78.500000,84.070000,57.189682,3367300
2008-07-18,85.070000,90.300003,81.989998,88.029999,59.883499,2672300
2008-07-21,89.879997,96.589996,89.000000,93.430000,63.556957,3486900
2008-07-22,92.199997,98.209999,90.669998,97.809998,66.536507,2693300
2008-07-23,97.059998,106.949997,95.940002,99.809998,67.897018,4837100
2008-07-24,98.870003,99.779999,90.540001,91.589996,62.305244,3144000
2008-07-25,92.900002,94.599998,87.230003,90.040001,61.250858,2506300
2008-07-28,90.610001,92.949997,88.989998,91.669998,62.359676,1615700
2008-07-29,92.540001,100.000000,91.900002,99.000000,67.345978,2354700
2008-07-30,99.400002,102.000000,94.930000,97.389999,66.250778,1422900
2008-07-31,95.980003,100.199997,94.129997,97.480003,66.312027,2115400
2008-08-01,98.050003,99.580002,94.000000,95.580002,65.019516,1333500
2008-08-04,95.680000,96.209999,91.820000,94.349998,64.182755,1253300
2008-08-05,95.750000,101.500000,95.120003,99.150002,67.448029,2772500
2008-08-06,99.699997,105.900002,96.320000,105.239998,71.590851,1891000
2008-08-07,102.730003,104.900002,100.519997,101.820000,69.264351,2213000
2008-08-08,101.680000,108.750000,100.680000,107.599998,73.196266,2184200
2008-08-11,108.190002,119.739998,107.000000,114.669998,78.005707,3627800
2008-08-12,111.650002,115.500000,106.709999,108.349998,73.706474,2875900
2008-08-13,106.690002,107.699997,100.879997,102.730003,69.883392,2311100
2008-08-14,102.489998,108.000000,101.500000,107.150002,72.890137,2012700
2008-08-15,106.250000,109.870003,105.269997,105.959999,72.080627,1514900
2008-08-18,106.239998,107.260002,99.000000,100.389999,68.291573,1590000
2008-08-19,96.900002,97.000000,91.540001,96.050003,65.339218,3847300
2008-08-20,96.199997,97.480003,91.250000,91.820000,62.461697,2511700
2008-08-21,92.889999,94.110001,90.010002,90.209999,61.366505,2249100
2008-08-22,92.000000,95.919998,91.199997,95.639999,65.060333,1971600
2008-08-25,93.779999,94.680000,90.680000,91.800003,62.448116,1914900
2008-08-26,91.510002,95.110001,90.800003,91.769997,62.427708,1096000
2008-08-27,91.779999,93.889999,90.099998,91.980003,62.570580,1279900
2008-08-28,93.230003,97.000000,92.599998,96.000000,65.305222,1267800
2008-08-29,94.779999,96.779999,93.489998,95.419998,64.910667,1101900
2008-09-02,99.459999,101.000000,94.389999,95.239998,64.788208,1313300
2008-09-03,94.910004,97.809998,93.099998,94.849998,64.522926,1188600
2008-09-04,94.000000,94.989998,89.110001,90.370003,61.475357,1601900
2008-09-05,89.879997,89.959999,85.129997,89.169998,60.659019,2125800
2008-09-08,92.199997,93.489998,86.730003,90.190002,61.352894,1736600
2008-09-09,89.779999,90.190002,85.139999,85.220001,57.971989,1694000
2008-09-10,87.279999,87.279999,80.519997,82.160004,55.890388,3513800
2008-09-11,80.620003,88.839996,79.180000,87.320000,59.400532,3087200
2008-09-12,86.260002,89.519997,85.000000,87.489998,59.516182,1486600
2008-09-15,83.599998,88.309998,83.080002,83.669998,56.917583,1901800
2008-09-16,84.839996,87.190002,80.199997,85.339996,58.053612,2902100
2008-09-17,83.360001,85.620003,80.410004,80.559998,54.801960,2251100
2008-09-18,83.500000,95.349998,79.370003,92.470001,62.903881,3997000
2008-09-19,97.089996,104.029999,88.809998,94.989998,64.618134,3716100
2008-09-22,93.139999,95.000000,88.930000,89.180000,60.665817,1405900
2008-09-23,89.540001,91.309998,86.809998,88.139999,59.958351,1353000
2008-09-24,88.139999,92.010002,86.279999,88.099998,59.931141,1320800
2008-09-25,89.949997,90.879997,86.010002,86.230003,58.659050,1244900
2008-09-26,85.809998,86.000000,81.000000,84.970001,57.801922,2080800
2008-09-29,82.199997,86.190002,77.660004,77.930000,53.012871,2282400
2008-09-30,78.750000,83.739998,78.750000,81.639999,55.536640,1542600
2008-10-01,80.260002,83.690002,79.519997,80.190002,54.550262,1514400
2008-10-02,76.589996,76.599998,70.250000,73.839996,50.230598,2580400
2008-10-03,74.489998,74.940002,70.250000,70.419998,47.904102,1936700
2008-10-06,68.339996,68.500000,57.349998,67.769997,46.101398,3817000
2008-10-07,69.190002,69.190002,59.180000,60.000000,40.815762,2708200
2008-10-08,56.750000,66.000000,56.480000,60.200001,40.951805,2671200
2008-10-09,61.650002,64.989998,55.009998,56.240002,38.257969,1967300
2008-10-10,54.490002,61.830002,51.000000,59.480000,40.462029,3190600
2008-10-13,62.560001,63.580002,60.099998,63.369999,43.108246,1682500
2008-10-14,61.889999,67.669998,57.049999,59.200001,40.271557,3047100
2008-10-15,61.000000,62.599998,49.200001,49.299999,33.536945,2291200
2008-10-16,49.490002,53.400002,45.310001,52.540001,35.741001,2648500
2008-10-17,51.799999,59.529999,50.419998,57.520000,39.128716,2231400
2008-10-20,58.520000,58.930000,51.250000,52.410000,35.652569,1861000
2008-10-21,52.509998,55.000000,48.779999,49.119999,33.414509,2369400
2008-10-22,48.130001,50.470001,44.369999,46.380001,31.550589,1808100
2008-10-23,45.900002,46.500000,39.320000,42.380001,28.829536,2994000
2008-10-24,38.570000,41.389999,36.590000,36.590000,24.890802,3695300
2008-10-27,36.000000,36.639999,32.509998,33.459999,22.761585,3497900
2008-10-28,34.500000,35.189999,28.059999,32.880001,22.367041,5646700
2008-10-29,34.349998,44.990002,34.310001,41.049999,27.924784,6241900
2008-10-30,45.049999,48.480000,42.310001,46.500000,31.632225,4910600
2008-10-31,48.480000,62.889999,46.480000,60.400002,41.087868,6523300
2008-11-03,60.740002,60.990002,50.810001,51.590000,35.094749,3285500
2008-11-04,53.590000,54.869999,48.250000,51.630001,35.121960,2748500
2008-11-05,50.740002,51.000000,46.540001,47.389999,32.237640,1945300
2008-11-06,44.980000,47.470001,43.259998,45.700001,31.088001,2699600
2008-11-07,46.189999,48.900002,41.500000,46.040001,31.319302,1724900
2008-11-10,47.240002,50.000000,44.369999,46.820000,31.849899,1459400
2008-11-11,48.980000,50.209999,46.520000,50.099998,34.081158,5305200
2008-11-12,48.299999,48.590000,44.000000,45.250000,30.781883,3599000
2008-11-13,45.820000,49.119999,43.470001,44.759998,30.448557,9617200
2008-11-14,43.709999,44.380001,42.500000,43.000000,29.251305,6877700
2008-11-17,42.700001,42.980000,38.990002,39.459999,26.843163,3495000
2008-11-18,39.610001,40.950001,37.520000,38.919998,26.475821,3296600
2008-11-19,38.919998,39.910000,32.810001,33.570000,22.836418,3653200
2008-11-20,33.290001,33.490002,29.480000,31.250000,21.258209,4884000
2008-11-21,33.790001,33.980000,29.209999,32.020000,21.782017,3136200
2008-11-24,33.450001,39.139999,32.029999,37.759998,25.686722,3349200
2008-11-25,38.020000,38.639999,35.000000,37.840000,25.741138,1705400
2008-11-26,37.290001,41.500000,36.020000,41.500000,28.230904,2773400
2008-11-28,39.000000,42.270000,39.000000,39.820000,27.088058,1049200
2008-12-01,38.290001,38.990002,33.860001,33.869999,23.040491,1587800
2008-12-02,34.290001,37.619999,33.349998,37.580002,25.564272,1215400
2008-12-03,35.000000,40.020000,33.459999,40.020000,27.224115,2255100
2008-12-04,38.110001,39.369999,36.599998,37.900002,25.781965,2275900
2008-12-05,37.540001,40.849998,36.509998,40.610001,27.625469,1489500
2008-12-08,42.330002,45.029999,41.500000,44.400002,30.203659,2126200
2008-12-09,43.189999,47.150002,40.619999,41.700001,28.366955,1788300
2008-12-10,42.230000,44.619999,41.160000,44.299999,30.135630,1292300
2008-12-11,43.680000,44.869999,40.380001,40.700001,27.686687,1626700
2008-12-12,39.849998,42.450001,39.490002,42.080002,28.625452,1005600
2008-12-15,45.290001,45.400002,39.000000,40.759998,27.727510,1920800
2008-12-16,41.720001,45.599998,41.389999,45.490002,30.945152,1705200
2008-12-17,44.740002,48.599998,42.630001,47.590000,32.373699,1906200
2008-12-18,49.369999,49.750000,43.250000,44.619999,30.353310,1821000
2008-12-19,43.740002,46.549999,42.139999,43.049999,29.285313,1866500
2008-12-22,43.480000,43.799999,41.110001,42.160000,28.679873,1575600
2008-12-23,43.939999,44.150002,41.000000,43.959999,29.904348,1520200
2008-12-24,44.000000,44.849998,43.259998,43.970001,29.911152,475900
2008-12-26,44.180000,44.930000,42.040001,42.799999,29.115238,474900
2008-12-29,42.849998,42.990002,40.040001,41.900002,28.503006,982900
2008-12-30,42.040001,43.500000,40.939999,42.209999,28.713886,1059700
2008-12-31,41.970001,43.490002,41.200001,42.259998,28.747906,1127500
2009-01-02,42.119999,47.500000,42.080002,47.419998,32.258045,1361400
2009-01-05,46.029999,52.779999,46.029999,52.299999,35.577728,3101200
2009-01-06,52.240002,55.410000,50.689999,55.279999,37.604919,3161300
2009-01-07,53.049999,53.250000,46.740002,47.230000,32.128807,3278200
2009-01-08,47.320000,47.490002,45.060001,46.450001,31.598198,1616800
2009-01-09,46.139999,47.080002,43.810001,44.040001,29.958776,1227700
2009-01-12,43.689999,43.779999,40.369999,41.000000,27.890772,1825300
2009-01-13,40.820000,41.709999,38.340000,39.230000,26.686707,2338000
2009-01-14,38.799999,38.799999,35.889999,36.279999,24.679937,2548100
2009-01-15,36.259998,38.400002,33.520000,36.130001,24.577894,3868800
2009-01-16,37.009998,37.959999,34.910000,36.939999,25.128908,2621600
2009-01-20,36.830002,36.980000,32.959999,32.970001,22.428259,2508700
2009-01-21,33.709999,35.180000,33.029999,35.000000,23.809191,1860800
2009-01-22,34.000000,35.950001,32.549999,34.360001,23.373821,2023000
2009-01-23,33.320000,36.020000,32.570000,34.259998,23.305799,2011100
2009-01-26,34.400002,37.099998,33.970001,35.320000,24.026867,2314500
2009-01-27,35.759998,36.849998,33.619999,33.849998,23.026896,1856300
2009-01-28,35.090000,37.000000,34.939999,35.740002,24.312588,2434500
2009-01-29,35.279999,35.619999,32.610001,32.820000,22.326220,2007800
2009-01-30,32.599998,32.700001,29.549999,30.080000,20.462297,3805500
2009-02-02,29.549999,30.400000,28.600000,29.730000,20.224211,2794700
2009-02-03,29.879999,30.510000,26.799999,28.820000,19.605162,3798400
2009-02-04,27.660000,27.850000,25.139999,26.230000,17.843290,7374300
2009-02-05,26.000000,29.200001,25.500000,28.200001,19.183413,4538000
2009-02-06,28.309999,30.500000,28.010000,29.760000,20.244619,2586400
2009-02-09,30.000000,31.500000,29.200001,30.850000,20.986105,1754200
2009-02-10,30.020000,30.850000,27.379999,27.580000,18.761644,2020800
2009-02-11,28.490000,28.530001,25.250000,26.410000,17.965734,2255500
2009-02-12,26.150000,26.879999,25.430000,26.709999,18.169807,2883900
2009-02-13,27.090000,27.090000,25.629999,26.040001,17.714035,1190800
2009-02-17,25.600000,25.600000,23.629999,24.100000,16.394335,2237300
2009-02-18,24.299999,24.440001,22.549999,23.260000,15.822908,2579600
2009-02-19,23.500000,24.650000,22.549999,23.000000,15.646036,1845500
2009-02-20,23.799999,25.250000,23.280001,24.950001,16.972561,3511400
2009-02-23,25.049999,25.620001,23.020000,23.280001,15.836516,2232400
2009-02-24,23.469999,26.000000,22.570000,25.799999,17.550777,3550500
2009-02-25,21.959999,23.430000,21.059999,21.750000,14.795711,7736200
2009-02-26,22.559999,23.680000,21.650000,22.280001,15.156251,3452300
2009-02-27,21.590000,21.930000,20.719999,20.950001,14.251503,3616200
2009-03-02,20.500000,20.500000,17.650000,17.650000,12.006636,4915400
2009-03-03,17.950001,18.290001,16.930000,17.280001,11.754938,3758000
2009-03-04,17.629999,17.670000,15.610000,17.200001,11.700521,4331900
2009-03-05,16.750000,17.340000,16.100000,16.290001,11.081479,2857900
2009-03-06,16.379999,16.750000,14.500000,15.400000,10.476046,2766300
2009-03-09,15.090000,16.850000,14.800000,15.550000,10.578082,2471700
2009-03-10,16.510000,20.129999,16.459999,19.500000,13.265121,5350500
2009-03-11,19.990000,20.950001,18.209999,19.020000,12.938595,3576700
2009-03-12,19.469999,20.600000,18.410000,20.520000,13.958986,2573200
2009-03-13,21.160000,22.500000,20.010000,20.799999,14.149462,2579600
2009-03-16,21.540001,21.850000,19.549999,19.650000,13.367160,1507400
2009-03-17,18.950001,20.950001,18.709999,20.719999,14.095044,6386900
2009-03-18,20.600000,21.410000,19.350000,21.170000,14.401160,3566500
2009-03-19,21.299999,21.950001,19.950001,20.780001,14.135862,2872800
2009-03-20,21.350000,21.400000,19.959999,20.530001,13.965792,2731800
2009-03-23,21.459999,23.600000,20.639999,23.430000,15.938556,4108000
2009-03-24,22.860001,23.870001,22.209999,22.600000,15.373940,2185200
2009-03-25,22.590000,23.750000,20.000000,22.360001,15.210673,3155600
2009-03-26,22.719999,23.090000,21.400000,22.700001,15.441963,2390900
2009-03-27,21.980000,22.780001,21.320000,21.370001,14.537213,2107600
2009-03-30,20.370001,20.780001,19.000000,19.190001,13.054241,2177600
2009-03-31,19.680000,20.200001,19.000000,19.969999,13.584849,2588100
2009-04-01,20.000000,21.639999,19.520000,21.549999,14.659662,2913500
2009-04-02,23.240000,26.870001,23.240000,26.850000,18.265053,6971800
2009-04-03,26.510000,29.940001,26.240000,29.650000,20.169792,5659900
2009-04-06,30.950001,33.000000,30.709999,31.200001,21.224199,8179300
2009-04-07,30.309999,30.510000,26.580000,26.709999,18.169807,5167400
2009-04-08,27.500000,27.680000,25.830000,27.680000,18.829670,4355800
2009-04-09,29.110001,32.000000,28.910000,30.270000,20.591549,4922300
2009-04-13,29.450001,31.490000,28.500000,31.440001,21.387457,3093000
2009-04-14,30.549999,35.599998,30.510000,32.389999,22.033705,5307600
2009-04-15,31.549999,33.130001,31.540001,32.939999,22.407848,2891100
2009-04-16,33.029999,34.250000,32.500000,33.470001,22.768400,3119500
2009-04-17,33.330002,33.439999,32.160000,32.759998,22.285408,3744700
2009-04-20,31.780001,32.750000,29.830000,30.440001,20.707201,2341900
2009-04-21,29.910000,31.850000,29.000000,31.590000,21.489498,3284000
2009-04-22,31.219999,35.660000,31.120001,34.560001,23.509876,5278200
2009-04-23,34.500000,38.000000,34.110001,36.430000,24.781969,5213700
2009-04-24,37.459999,40.160000,36.939999,39.529999,26.890793,5004500
2009-04-27,37.490002,40.000000,36.759998,37.480000,25.496248,4320800
2009-04-28,36.250000,37.840000,35.770000,36.230000,24.645918,3457600
2009-04-29,37.930000,39.500000,36.549999,38.160000,25.958828,3388500
2009-04-30,40.740002,44.180000,38.930000,39.230000,26.686707,6188600
2009-05-01,39.029999,41.020000,38.220001,39.160000,26.639082,2668500
2009-05-04,40.500000,43.830002,40.029999,42.810001,29.122053,3576600
2009-05-05,46.380001,50.770000,44.849998,49.980000,33.999527,9437000
2009-05-06,49.209999,49.480000,44.549999,47.119999,32.053986,7667500
2009-05-07,48.000000,48.349998,43.299999,44.209999,30.074409,3863700
2009-05-08,45.060001,48.200001,44.639999,47.459999,32.285267,2804500
2009-05-11,46.020000,49.750000,45.270000,48.959999,33.305656,3112000
2009-05-12,49.450001,49.709999,44.099998,45.180000,30.734262,4481500
2009-05-13,44.000000,44.639999,39.360001,39.779999,27.060848,5256400
2009-05-14,39.830002,41.060001,37.049999,39.439999,26.829559,6139900
2009-05-15,40.000000,41.869999,37.590000,37.900002,25.781965,3811200
2009-05-18,38.889999,41.689999,38.779999,41.400002,28.162878,3593000
2009-05-19,41.830002,42.360001,39.680000,40.049999,27.244528,3264800
2009-05-20,40.430000,41.869999,38.930000,39.180000,26.652691,2846300
2009-05-21,38.500000,39.189999,36.669998,37.110001,25.244547,3183700
2009-05-22,37.160000,37.529999,35.250000,35.849998,24.387421,2988000
2009-05-26,35.250000,38.849998,35.150002,38.099998,25.918013,2912800
2009-05-27,38.000000,38.720001,36.270000,36.389999,24.754761,3141000
2009-05-28,37.000000,37.650002,35.240002,36.349998,24.727549,2360100
2009-05-29,36.590000,37.490002,36.049999,37.060001,25.210535,2801700
2009-06-01,38.259998,40.880001,38.060001,40.709999,27.693493,4991600
2009-06-02,40.700001,41.139999,39.299999,40.599998,27.618664,2933000
2009-06-03,41.020000,41.220001,38.750000,39.509998,26.877174,3632600
2009-06-04,39.520000,40.980000,38.590000,40.599998,27.618664,2762000
2009-06-05,41.480000,42.200001,39.619999,40.599998,27.618664,2477500
2009-06-08,39.849998,39.849998,37.560001,38.930000,26.482626,3253600
2009-06-09,39.250000,39.500000,37.700001,38.310001,26.060865,2485700
2009-06-10,38.610001,38.980000,36.250000,37.349998,25.407806,4311200
2009-06-11,37.500000,37.599998,36.470001,36.970001,25.149317,3079800
2009-06-12,36.740002,37.560001,35.799999,37.410000,25.448624,3178800
2009-06-15,36.939999,36.939999,34.200001,34.990002,23.802389,5467900
2009-06-16,35.209999,37.439999,35.090000,36.080002,24.543880,4759200
2009-06-17,36.380001,37.070000,34.049999,36.000000,24.489456,4320700
2009-06-18,37.139999,37.580002,35.009998,35.599998,24.217344,2650900
2009-06-19,36.430000,37.099998,35.900002,36.860001,25.074480,3568100
2009-06-22,36.200001,36.500000,34.270000,34.279999,23.319408,2943300
2009-06-23,34.369999,35.110001,32.709999,33.990002,23.122131,3780800
2009-06-24,34.320000,36.880001,34.250000,35.990002,24.482653,3295100
2009-06-25,35.720001,37.259998,35.119999,37.160000,25.278563,2493200
2009-06-26,37.029999,37.279999,35.959999,36.720001,24.979246,2775700
2009-06-29,36.799999,37.500000,35.849998,36.930000,25.122105,2160600
2009-06-30,35.720001,36.930000,35.119999,35.299999,24.013271,2649200
2009-07-01,35.400002,36.230000,35.250000,35.389999,24.074493,2001800
2009-07-02,34.930000,34.939999,33.200001,33.410000,22.727583,2330500
2009-07-06,32.680000,33.279999,31.820000,32.689999,22.237785,2841500
2009-07-07,32.520000,32.680000,30.629999,30.750000,20.918081,3494500
2009-07-08,31.490000,31.490000,29.049999,29.910000,20.346659,4489400
2009-07-09,30.120001,33.400002,30.120001,31.930000,21.720789,5776200
2009-07-10,31.570000,31.580000,30.420000,30.980000,21.074539,2774000
2009-07-13,31.309999,32.500000,30.219999,32.310001,21.979290,2886300
2009-07-14,32.070000,34.049999,31.680000,33.799999,22.992872,3214700
2009-07-15,34.480000,36.549999,34.439999,36.189999,24.618708,4645700
2009-07-16,35.689999,37.980000,35.020000,37.520000,25.523451,3553700
2009-07-17,37.290001,37.290001,35.830002,36.169998,24.605103,3024700
2009-07-20,36.529999,40.490002,36.529999,39.830002,27.094854,3940700
2009-07-21,41.919998,41.930000,38.770000,39.770000,27.054050,4322200
2009-07-22,40.799999,43.349998,40.500000,42.259998,28.747906,6271600
2009-07-23,42.619999,45.880001,41.360001,44.669998,30.387337,6807500
2009-07-24,43.750000,48.110001,43.549999,47.290001,32.169617,4863800
2009-07-27,48.150002,49.660000,47.110001,47.750000,32.482548,4649400
2009-07-28,46.610001,47.369999,45.439999,46.590000,31.693439,3254500
2009-07-29,45.869999,46.130001,43.680000,44.310001,30.142447,4260400
2009-07-30,47.599998,51.480000,47.259998,50.150002,34.115170,9953300
2009-07-31,49.410000,51.669998,48.349998,51.169998,34.809040,5371000
2009-08-03,52.560001,54.500000,52.230000,53.430000,36.346432,4481200
2009-08-04,54.320000,58.650002,54.320000,58.000000,39.455235,7139800
2009-08-05,59.189999,59.860001,56.099998,56.570000,38.482464,5221500
2009-08-06,57.180000,58.700001,55.520000,55.590000,37.815796,4769500
2009-08-07,57.349998,59.340000,56.139999,58.470001,39.774967,4349300
2009-08-10,58.250000,59.700001,56.209999,56.400002,38.366825,3699400
2009-08-11,56.090000,56.610001,54.099998,55.439999,37.713753,4284700
2009-08-12,55.759998,60.430000,55.759998,59.520000,40.489239,6012000
2009-08-13,60.180000,61.200001,57.919998,60.880001,41.414402,5440500
2009-08-14,60.340000,60.639999,56.860001,57.150002,38.877022,8254600
2009-08-17,54.740002,54.750000,52.750000,52.889999,35.979088,4949100
2009-08-18,53.939999,55.740002,53.509998,55.310001,37.625332,4130700
2009-08-19,53.500000,55.500000,53.139999,54.849998,37.312408,3386500
2009-08-20,55.090000,56.630001,54.639999,55.419998,37.700153,2797700
2009-08-21,57.009998,57.349998,55.259998,56.950001,38.740963,4456400
2009-08-24,57.840000,58.520000,55.209999,55.500000,37.754581,3670600
2009-08-25,56.459999,58.340000,55.860001,58.020000,39.468834,3800400
2009-08-26,57.529999,58.389999,56.599998,57.200001,38.911030,3464100
2009-08-27,56.849998,57.090000,54.750000,56.360001,38.339607,2912600
2009-08-28,57.759998,57.830002,55.610001,56.270000,38.278393,2376800
2009-08-31,55.480000,55.820000,53.500000,54.130001,36.822624,3265000
2009-09-01,53.900002,55.500000,52.020000,52.450001,35.679779,5125600
2009-09-02,52.639999,53.410000,51.360001,52.680000,35.836235,3697500
2009-09-03,53.509998,53.630001,52.150002,53.419998,36.339615,2053700
2009-09-04,53.419998,56.750000,52.830002,56.549999,38.468849,3358100
2009-09-08,58.270000,58.680000,56.939999,57.419998,39.060684,3293500
2009-09-09,58.419998,62.110001,58.040001,61.090000,41.557247,5310600
2009-09-10,60.750000,62.330002,59.130001,62.150002,42.278332,3794500
2009-09-11,64.000000,65.879997,63.599998,64.500000,43.876949,4661900
2009-09-14,63.939999,69.410004,63.939999,69.110001,47.012951,5436700
2009-09-15,70.570000,73.220001,69.150002,72.470001,49.298634,8088000
2009-09-16,73.519997,73.620003,68.269997,68.919998,46.883694,9046300
2009-09-17,69.599998,71.690002,68.059998,69.190002,47.067368,5717300
2009-09-18,70.349998,70.610001,68.150002,69.160004,47.046978,3353800
2009-09-21,68.389999,72.199997,67.900002,68.680000,46.720448,5872500
2009-09-22,70.160004,73.860001,69.800003,72.940002,49.618351,8004100
2009-09-23,74.250000,74.900002,71.300003,71.660004,48.747627,5394500
2009-09-24,72.110001,72.449997,67.860001,69.559998,47.319065,5025900
2009-09-25,68.889999,71.779999,68.790001,70.250000,47.788448,3770400
2009-09-28,70.660004,72.360001,69.330002,71.250000,48.468719,3538600
2009-09-29,70.989998,74.150002,70.930000,73.250000,49.829239,4086800
2009-09-30,74.489998,74.500000,69.599998,70.889999,48.223831,6548500
2009-10-01,70.099998,70.459999,65.250000,65.599998,44.625233,6079600
2009-10-02,65.349998,69.199997,63.250000,67.660004,46.026573,8235200
2009-10-05,67.820000,69.150002,66.610001,68.230003,46.414330,5074900
2009-10-06,68.889999,69.830002,67.559998,68.639999,46.693245,5272300
2009-10-07,67.910004,69.440002,66.449997,67.349998,45.815701,3703800
2009-10-08,68.500000,70.809998,67.540001,69.910004,47.557156,5589900
2009-10-09,70.970001,71.500000,66.750000,67.820000,46.135422,7107800
2009-10-12,68.099998,69.150002,64.029999,65.879997,44.815697,9635400
2009-10-13,65.220001,67.529999,65.059998,66.000000,44.897343,4580200
2009-10-14,67.750000,68.160004,66.500000,67.129997,45.666039,3866400
2009-10-15,65.489998,65.660004,62.869999,64.980003,44.203472,7979600
2009-10-16,64.209999,65.760002,63.270000,64.370003,43.788498,4469500
2009-10-19,64.980003,65.099998,63.080002,64.660004,43.985790,3479900
2009-10-20,65.209999,65.230003,63.310001,63.740002,43.359940,3287900
2009-10-21,63.490002,64.879997,62.099998,62.279999,42.366756,3211000
2009-10-22,62.150002,63.889999,60.200001,63.380001,43.115047,4265900
2009-10-23,63.900002,65.860001,62.150002,62.459999,42.489208,3855000
2009-10-26,62.480000,64.540001,62.180000,63.070000,42.904167,4535100
2009-10-27,61.320000,61.330002,55.200001,56.130001,38.183140,14308000
2009-10-28,56.990002,57.250000,53.150002,53.869999,36.645748,7419900
2009-10-29,54.720001,57.189999,54.520000,56.290001,38.291977,5340200
2009-10-30,57.000000,57.750000,52.459999,54.220001,36.883839,6795400
2009-11-02,54.049999,54.750000,51.730000,53.730000,36.550522,5457500
2009-11-03,52.830002,56.799999,52.540001,56.130001,38.183140,4532100
2009-11-04,57.290001,57.599998,55.060001,55.270000,37.598122,3803200
2009-11-05,56.990002,59.919998,56.049999,59.840000,40.706913,5422000
2009-11-06,58.250000,59.950001,58.090000,59.730000,40.632092,4483700
2009-11-09,63.799999,64.440002,62.230000,63.540001,43.223892,6038300
2009-11-10,62.900002,64.459999,62.060001,64.089996,43.598026,4899500
2009-11-11,65.089996,66.970001,65.080002,66.540001,45.264675,5278400
2009-11-12,66.669998,68.720001,66.349998,67.610001,45.992577,4815800
2009-11-13,68.860001,69.599998,68.510002,69.000000,46.938137,4744500
2009-11-16,70.000000,70.000000,68.099998,68.510002,46.604805,4894400
2009-11-17,65.620003,67.379997,64.660004,66.989998,48.396454,4072000
2009-11-18,66.500000,67.190002,65.269997,66.000000,47.681236,2208000
2009-11-19,63.980000,64.690002,62.580002,64.139999,46.337482,2808100
2009-11-20,63.009998,65.209999,63.009998,63.880001,46.149670,2077400
2009-11-23,65.089996,65.260002,63.650002,63.779999,46.077408,2527500
2009-11-24,63.320000,63.950001,62.500000,63.020000,45.528347,1726200
2009-11-25,63.500000,65.540001,62.849998,65.370003,47.226105,2656700
2009-11-27,62.020000,63.900002,60.849998,62.980000,45.499447,1687600
2009-11-30,62.680000,64.629997,62.020000,64.540001,46.626457,2506600
2009-12-01,66.040001,67.059998,64.900002,66.370003,47.948536,2584900
2009-12-02,65.750000,67.470001,65.669998,66.250000,47.861847,2044000
2009-12-03,67.000000,67.699997,65.190002,65.370003,47.226105,2894400
2009-12-04,67.269997,67.720001,65.000000,66.800003,48.259193,3666800
2009-12-07,66.650002,66.949997,64.510002,64.750000,46.778191,2233800
2009-12-08,63.900002,64.440002,62.869999,63.349998,45.766754,2693200
2009-12-09,63.740002,63.840000,62.099998,62.980000,45.499447,3404000
2009-12-10,63.200001,63.889999,61.509998,61.799999,44.646976,2192300
2009-12-11,62.099998,63.200001,61.680000,61.990002,44.784248,2632300
2009-12-14,62.820000,63.840000,61.779999,63.799999,46.091862,2198500
2009-12-15,63.270000,63.680000,61.610001,61.790001,44.639744,1925200
2009-12-16,62.369999,62.939999,61.930000,62.240002,44.964851,2075300
2009-12-17,61.740002,62.000000,59.799999,60.680000,43.837845,2401100
2009-12-18,61.009998,61.130001,59.400002,60.020000,43.361023,2465400
2009-12-21,60.259998,61.000000,60.029999,60.860001,43.967884,1423600
2009-12-22,61.049999,61.250000,59.240002,59.380001,42.898663,1375300
2009-12-23,59.360001,60.279999,58.389999,59.980000,43.332138,2122200
2009-12-24,60.250000,60.299999,59.020000,59.389999,42.905891,628700
2009-12-28,59.540001,59.790001,58.520000,58.889999,42.544670,957800
2009-12-29,59.380001,59.490002,58.779999,58.930000,42.573555,966800
2009-12-30,58.720001,59.150002,58.250000,58.700001,42.407394,1021200
2009-12-31,58.930000,59.599998,58.209999,58.230000,42.067852,1090200
2010-01-04,61.240002,64.150002,60.919998,63.959999,46.207447,4741400
2010-01-05,65.180000,68.330002,64.949997,67.849998,49.017750,5644300
2010-01-06,67.070000,68.160004,66.400002,66.959999,48.374783,2738800
2010-01-07,66.480003,68.480003,66.080002,68.389999,49.407864,2388500
2010-01-08,67.690002,68.389999,67.129997,67.900002,49.053879,1539800
2010-01-11,68.019997,69.110001,67.400002,67.680000,48.894936,1909000
2010-01-12,67.470001,68.879997,66.779999,67.980003,49.111683,3306500
2010-01-13,68.419998,69.699997,67.440002,69.400002,50.137535,2959300
2010-01-14,69.019997,72.379997,69.019997,72.110001,52.095364,4431900
2010-01-15,71.980003,72.849998,69.669998,70.500000,50.932213,2742300
2010-01-19,70.199997,71.550003,70.080002,71.320000,51.524639,1326000
2010-01-20,70.320000,70.720001,67.199997,68.160004,49.241707,3639200
2010-01-21,68.160004,68.980003,65.250000,65.370003,47.226105,2756800
2010-01-22,65.209999,66.099998,63.599998,63.950001,46.200226,2227900
2010-01-25,65.000000,65.510002,62.750000,63.590000,45.940159,2048000
2010-01-26,62.849998,64.089996,62.689999,62.849998,45.405540,1623100
2010-01-27,62.750000,63.209999,60.820000,62.759998,45.340519,2616200
2010-01-28,63.369999,64.370003,61.599998,61.770000,44.625305,2331500
2010-01-29,62.599998,64.080002,61.660000,61.880001,44.704769,2626500
2010-02-01,62.299999,65.639999,62.299999,65.540001,47.348911,2510900
2010-02-02,65.120003,65.639999,63.549999,64.839996,46.843204,1950000
2010-02-03,64.080002,64.279999,63.139999,64.239998,46.409733,1976800
2010-02-04,63.419998,63.759998,60.750000,60.840000,43.953434,2245400
2010-02-05,61.389999,62.130001,59.700001,61.369999,44.336327,2634800
2010-02-08,61.650002,62.759998,60.029999,60.759998,43.895626,1496200
2010-02-09,62.029999,62.590000,60.599998,61.630001,44.524162,1838500
2010-02-10,61.500000,62.389999,60.849998,61.400002,44.357994,1256000
2010-02-11,61.279999,65.349998,60.990002,64.959999,46.929897,2880900
2010-02-12,63.740002,63.880001,62.240002,63.040001,45.542805,3141400
2010-02-16,63.980000,65.120003,63.779999,64.910004,46.893772,1977000
2010-02-17,65.480003,65.750000,63.540001,64.410004,46.532558,1679100
2010-02-18,63.290001,63.330002,61.459999,62.009998,44.798683,3167400
2010-02-19,61.660000,63.130001,61.349998,62.250000,44.972076,2159100
2010-02-22,62.610001,63.560001,62.520000,63.020000,45.528347,1679400
2010-02-23,63.099998,63.869999,62.240002,63.680000,46.005154,3269700
2010-02-24,63.910000,64.599998,62.759998,63.349998,45.766754,3057100
2010-02-25,62.389999,63.009998,61.540001,62.799999,45.369411,3694500
2010-02-26,62.490002,64.500000,61.180000,63.570000,45.925694,3955800
2010-03-01,64.519997,66.800003,64.029999,66.220001,47.840172,3104700
2010-03-02,67.000000,67.250000,66.269997,66.870003,48.309772,2190100
2010-03-03,66.980003,67.550003,66.160004,66.370003,47.948536,1960500
2010-03-04,66.570000,66.769997,65.290001,65.889999,47.601768,1430300
2010-03-05,66.550003,68.059998,66.330002,67.739998,48.938282,1815000
2010-03-08,68.080002,69.940002,67.559998,68.989998,49.841331,2215700
2010-03-09,68.699997,71.470001,68.349998,69.769997,50.404846,3054100
2010-03-10,69.930000,71.889999,69.059998,70.959999,51.264561,2586700
2010-03-11,70.279999,71.230003,69.809998,71.190002,51.430710,1938600
2010-03-12,71.790001,72.440002,70.699997,71.470001,51.633011,1888700
2010-03-15,70.419998,71.190002,69.290001,70.470001,50.910549,2047000
2010-03-16,70.959999,73.800003,70.279999,73.629997,53.193478,3435000
2010-03-17,74.150002,75.330002,72.470001,72.809998,52.601067,3254200
2010-03-18,72.519997,72.779999,71.709999,72.010002,52.023136,1713200
2010-03-19,72.730003,72.800003,71.389999,71.750000,51.835278,2490000
2010-03-22,70.900002,76.889999,70.260002,76.540001,55.295788,4878700
2010-03-23,76.910004,77.410004,74.690002,76.330002,55.144070,3299600
2010-03-24,75.849998,77.250000,75.300003,75.809998,54.768391,3633000
2010-03-25,76.309998,77.190002,74.300003,74.410004,53.756981,3156500
2010-03-26,75.019997,77.949997,74.809998,76.629997,55.360802,3085700
2010-03-29,77.150002,77.629997,75.860001,76.849998,55.519753,2360800
2010-03-30,76.870003,77.930000,76.110001,77.250000,55.808720,2786400
2010-03-31,76.519997,76.940002,75.389999,75.830002,54.782841,2959100
2010-04-01,76.209999,77.839996,75.250000,77.400002,55.917076,3374300
2010-04-05,77.800003,82.349998,77.790001,82.279999,59.442608,3756800
2010-04-06,82.080002,83.199997,81.320000,81.739998,59.052494,3300000
2010-04-07,81.269997,83.150002,80.680000,81.660004,58.994701,2535700
2010-04-08,81.349998,86.910004,80.860001,86.230003,62.296261,5253800
2010-04-09,86.669998,87.410004,84.550003,87.169998,62.975353,3797000
2010-04-12,87.300003,88.349998,86.529999,86.900002,62.780296,2865700
2010-04-13,87.050003,88.680000,86.589996,88.040001,63.603874,2695300
2010-04-14,88.360001,88.970001,85.540001,86.410004,62.426289,4438400
2010-04-15,85.480003,87.419998,84.809998,86.010002,62.137325,3168300
2010-04-16,85.839996,86.580002,82.900002,83.820000,60.555180,3162900
2010-04-19,83.500000,85.500000,80.800003,82.910004,59.897724,3611400
2010-04-20,85.500000,86.889999,84.230003,86.570000,62.541870,3399600
2010-04-21,87.110001,87.190002,84.260002,85.930000,62.079502,2585300
2010-04-22,84.739998,90.080002,84.199997,89.919998,64.962059,3898700
2010-04-23,89.809998,92.639999,89.000000,89.500000,64.658638,3740700
2010-04-26,90.820000,92.330002,89.639999,92.120003,66.551453,3659500
2010-04-27,91.629997,91.820000,87.889999,88.400002,63.863968,3280400
2010-04-28,90.470001,90.750000,87.260002,88.769997,64.131226,2232300
2010-04-29,89.919998,93.480003,89.629997,93.150002,67.295578,3553200
2010-04-30,91.489998,93.989998,87.870003,88.239998,63.748367,4283600
2010-05-03,89.349998,92.000000,88.000000,91.879997,66.378044,3624600
2010-05-04,90.410004,90.470001,86.570000,87.669998,63.336601,3986100
2010-05-05,85.980003,88.970001,83.800003,85.570000,61.819439,3776900
2010-05-06,85.010002,86.669998,71.000000,80.550003,58.192780,6139400
2010-05-07,82.459999,83.470001,75.900002,76.980003,55.613674,7202800
2010-05-10,82.639999,83.620003,81.599998,82.860001,60.056652,3115300
2010-05-11,81.220001,86.110001,80.709999,84.279999,61.085888,3403800
2010-05-12,85.489998,86.209999,84.750000,85.779999,62.173088,2110100
2010-05-13,85.430000,87.839996,84.529999,84.720001,61.404804,1989700
2010-05-14,83.440002,83.860001,81.120003,82.209999,59.585545,2191100
2010-05-17,81.750000,83.199997,78.650002,81.360001,58.969479,2979200
2010-05-18,83.150002,85.750000,80.320000,80.769997,58.541821,3681300
2010-05-19,79.820000,82.820000,78.169998,80.410004,58.280914,3265600
2010-05-20,77.540001,78.769997,74.000000,74.800003,54.214802,4921100
2010-05-21,73.080002,79.180000,72.529999,78.680000,57.027020,4073500
2010-05-24,79.470001,80.730003,76.489998,76.699997,55.591915,2405700
2010-05-25,73.720001,79.970001,72.779999,79.570000,57.672081,4174900
2010-05-26,80.949997,81.889999,78.010002,78.580002,56.954559,3925300
2010-05-27,81.279999,84.620003,80.379997,84.489998,61.238087,3221400
2010-05-28,84.220001,85.989998,81.879997,83.879997,60.795967,2879200
2010-06-01,82.580002,84.879997,81.410004,81.529999,59.092670,2540900
2010-06-02,82.580002,83.220001,81.000000,83.190002,60.295853,2404500
2010-06-03,83.519997,85.000000,82.370003,84.160004,60.998882,1999000
2010-06-04,81.809998,84.099998,79.000000,79.809998,57.846020,3096600
2010-06-07,80.650002,81.000000,75.370003,75.599998,54.794624,2586600
2010-06-08,76.760002,78.250000,74.570000,77.959999,56.505161,3709000
2010-06-09,78.900002,80.550003,76.449997,77.139999,55.910828,4119800
2010-06-10,78.839996,81.419998,78.519997,81.339996,58.954967,3020300
2010-06-11,80.059998,82.849998,79.660004,82.830002,60.034946,1837300
2010-06-14,83.820000,85.440002,82.199997,82.570000,59.846485,2948300
2010-06-15,83.099998,85.230003,82.599998,84.900002,61.535229,2834400
2010-06-16,84.029999,86.849998,84.029999,85.550003,62.006382,2592500
2010-06-17,86.000000,86.519997,84.199997,85.550003,62.006382,1975700
2010-06-18,85.529999,86.300003,84.550003,85.029999,61.629471,2148100
2010-06-21,86.970001,88.500000,86.050003,86.860001,62.955856,2912500
2010-06-22,87.430000,88.000000,84.330002,84.449997,61.209095,2168600
2010-06-23,84.849998,86.570000,83.629997,85.769997,62.165825,1827100
2010-06-24,86.739998,88.419998,85.820000,86.029999,62.354252,3908500
2010-06-25,86.309998,89.129997,85.419998,89.040001,64.535912,4954400
2010-06-28,89.099998,89.639999,85.000000,85.099998,61.680199,2803900
2010-06-29,82.739998,83.000000,78.139999,78.550003,56.932796,5325300
2010-06-30,79.370003,80.930000,75.830002,76.269997,55.280243,3424700
2010-07-01,77.000000,77.839996,73.290001,76.129997,55.178780,3886500
2010-07-02,76.940002,76.959999,73.120003,74.790001,54.207554,2525000
2010-07-06,76.199997,77.480003,74.029999,74.959999,54.330776,2301300
2010-07-07,75.879997,78.699997,75.169998,78.500000,56.896549,2754300
2010-07-08,79.339996,80.099998,76.910004,78.849998,57.150215,2045100
2010-07-09,78.949997,80.430000,78.699997,79.599998,57.693832,2636400
2010-07-12,79.320000,80.000000,76.599998,77.809998,56.396427,2251600
2010-07-13,78.989998,82.050003,77.000000,81.220001,58.867992,3203100
2010-07-14,81.370003,83.349998,80.550003,83.269997,60.353844,3168600
2010-07-15,83.279999,84.000000,81.349998,83.019997,60.172619,2589700
2010-07-16,83.019997,83.269997,79.199997,79.570000,57.672081,2445800
2010-07-19,80.000000,80.529999,77.370003,80.010002,57.990978,2146400
2010-07-20,78.059998,83.339996,78.000000,83.250000,60.339344,2730400
2010-07-21,83.980003,84.949997,81.519997,81.959999,59.404343,2970600
2010-07-22,83.580002,86.000000,83.209999,85.480003,61.955631,2480800
2010-07-23,85.000000,88.480003,84.669998,87.680000,63.550182,2187600
2010-07-26,87.540001,89.169998,86.250000,88.639999,64.245987,1945800
2010-07-27,89.099998,89.349998,86.839996,87.529999,63.441452,1911800
2010-07-28,87.449997,89.199997,86.720001,87.870003,63.687893,2300100
2010-07-29,88.730003,89.830002,85.750000,87.849998,63.673397,3530800
2010-07-30,84.500000,87.690002,83.260002,87.680000,63.550182,5578500
2010-08-02,89.000000,90.330002,87.980003,89.230003,64.673622,3340900
2010-08-03,88.760002,91.650002,87.709999,91.500000,66.318901,2979900
2010-08-04,91.860001,92.360001,90.500000,91.970001,66.659546,2241700
2010-08-05,91.139999,92.440002,89.739998,90.309998,65.456375,2508800
2010-08-06,89.209999,91.720001,88.720001,91.519997,66.333397,2178000
2010-08-09,92.000000,93.980003,90.919998,93.760002,67.956940,2095600
2010-08-10,92.059998,92.720001,90.300003,91.440002,66.452629,2546300
2010-08-11,88.500000,89.580002,87.000000,87.190002,63.363995,2355800
2010-08-12,85.980003,88.120003,85.550003,86.930000,63.175053,2226900
2010-08-13,86.760002,88.239998,86.699997,87.260002,63.414864,1746400
2010-08-16,86.099998,87.930000,85.820000,87.290001,63.436661,1687200
2010-08-17,88.389999,91.209999,88.040001,89.550003,65.079079,2355500
2010-08-18,89.370003,91.000000,88.809998,89.919998,65.347954,2289400
2010-08-19,89.400002,89.650002,86.029999,86.529999,62.884338,2009900
2010-08-20,86.540001,87.860001,85.050003,87.599998,63.661922,1922700
2010-08-23,88.580002,88.739998,86.029999,86.080002,62.557312,1886200
2010-08-24,85.150002,86.099998,82.050003,82.400002,59.882915,2959700
2010-08-25,81.660004,84.610001,80.500000,84.300003,61.263729,2850700
2010-08-26,84.709999,85.099998,81.349998,81.860001,59.490494,2380200
2010-08-27,82.760002,85.110001,80.500000,84.339996,61.292782,2595100
2010-08-30,84.309998,84.309998,81.760002,81.760002,59.417816,1532600
2010-08-31,81.379997,83.120003,80.000000,80.610001,58.582054,4180800
2010-09-01,81.279999,82.919998,79.889999,82.570000,60.006481,3247200
2010-09-02,82.750000,84.860001,82.190002,84.669998,61.532600,1909500
2010-09-03,86.279999,88.580002,86.199997,87.809998,63.814548,3212300
2010-09-07,87.129997,87.940002,86.279999,86.669998,62.986076,1905700
2010-09-08,87.349998,89.500000,87.099998,88.419998,64.257866,1625700
2010-09-09,89.830002,90.580002,88.459999,88.839996,64.563103,2152700
2010-09-10,89.110001,89.839996,88.419998,89.550003,65.079079,1409300
2010-09-13,91.000000,91.330002,90.269997,90.879997,66.045647,1580800
2010-09-14,90.980003,91.500000,89.949997,90.129997,65.500572,1472300
2010-09-15,89.800003,90.750000,89.370003,90.279999,65.609581,1619200
2010-09-16,90.269997,90.610001,89.120003,89.809998,65.268051,1192400
2010-09-17,90.480003,92.230003,90.010002,91.910004,66.794159,4244900
2010-09-20,92.699997,95.129997,91.279999,94.930000,68.988914,3151900
2010-09-21,95.000000,95.879997,92.000000,92.730003,67.390091,3427300
2010-09-22,92.650002,93.790001,90.599998,91.180000,66.263657,2761600
2010-09-23,90.279999,91.000000,86.059998,87.050003,63.262249,4474200
2010-09-24,89.089996,90.440002,87.169998,90.199997,65.551460,4416300
2010-09-27,89.489998,89.599998,87.000000,87.120003,63.313103,3914200
2010-09-28,88.080002,88.870003,86.080002,87.639999,63.691013,3144300
2010-09-29,87.059998,87.540001,85.720001,86.480003,62.848022,2516900
2010-09-30,87.349998,88.690002,85.910004,86.769997,63.058762,2619000
2010-10-01,87.599998,87.940002,85.800003,87.089996,63.291306,2243800
2010-10-04,87.660004,92.160004,87.610001,90.510002,65.776749,4713700
2010-10-05,91.949997,93.199997,91.000000,92.709999,67.375572,2720100
2010-10-06,92.050003,92.489998,89.559998,90.169998,65.529671,2667800
2010-10-07,90.730003,91.000000,88.550003,89.269997,64.875580,1781700
2010-10-08,89.500000,94.220001,88.879997,93.849998,68.204018,4291700
2010-10-11,95.339996,102.750000,95.050003,101.779999,73.967049,9281500
2010-10-12,100.129997,104.580002,99.809998,102.360001,74.388535,7210600
2010-10-13,101.690002,103.860001,100.000000,102.190002,74.265022,5018600
2010-10-14,102.300003,102.739998,100.320000,101.589996,73.828949,2820600
2010-10-15,102.500000,103.129997,100.300003,101.940002,74.083313,2742700
2010-10-18,101.230003,102.470001,100.959999,102.040001,74.155983,1548600
2010-10-19,100.480003,100.639999,97.300003,97.889999,71.140030,2768600
2010-10-20,98.889999,102.489998,98.550003,101.160004,73.516464,2777300
2010-10-21,103.000000,107.360001,101.699997,103.239998,75.028084,4911100
2010-10-22,102.940002,105.279999,102.589996,104.419998,75.885620,1948900
2010-10-25,104.250000,106.199997,103.250000,103.349998,75.108002,1809300
2010-10-26,102.699997,105.720001,102.199997,105.120003,76.394348,1830400
2010-10-27,104.610001,104.889999,102.730003,104.540001,75.972832,1515800
2010-10-28,108.970001,109.000000,105.690002,107.050003,77.796936,2346800
2010-10-29,106.400002,108.459999,106.010002,107.160004,77.876869,1471500
2010-11-01,108.870003,111.110001,108.190002,109.260002,79.403030,2399300
2010-11-02,111.730003,113.959999,108.839996,112.570000,81.808472,6128200
2010-11-03,109.180000,112.449997,108.500000,111.139999,80.769249,5311700
2010-11-04,110.000000,113.580002,108.269997,112.519997,81.772171,5402900
2010-11-05,112.519997,115.440002,112.519997,113.070000,82.171875,4887700
2010-11-08,112.970001,116.930000,112.129997,116.540001,84.693642,5250300
2010-11-09,117.500000,117.500000,113.000000,113.870003,82.753250,3142000
2010-11-10,114.139999,115.190002,112.059998,114.250000,83.029411,2257300
2010-11-11,112.980003,115.139999,112.889999,114.559998,83.254700,1696700
2010-11-12,114.070000,114.309998,110.120003,111.000000,80.667526,2612300
2010-11-15,112.000000,114.599998,111.639999,111.739998,81.205307,2052500
2010-11-16,110.919998,113.070000,107.349998,108.059998,78.530937,3172100
2010-11-17,108.330002,109.199997,105.269997,105.500000,76.670494,3531200
2010-11-18,107.910004,110.410004,106.900002,108.949997,79.177734,3167600
2010-11-19,101.330002,103.699997,101.250000,102.989998,80.777763,3846900
2010-11-22,103.269997,105.959999,102.209999,105.209999,82.518997,2173100
2010-11-23,103.110001,103.339996,101.000000,101.650002,79.726753,1833900
2010-11-24,103.419998,104.489998,102.370003,103.160004,80.911095,1571000
2010-11-26,102.080002,103.500000,102.000000,102.089996,80.071884,621200
2010-11-29,101.989998,102.790001,100.389999,102.230003,80.181671,1755000
2010-11-30,101.050003,103.500000,100.900002,101.099998,79.295395,2719400
2010-12-01,104.500000,106.339996,103.300003,104.790001,82.189545,5110100
2010-12-02,105.059998,106.120003,101.709999,103.470001,81.154228,4642700
2010-12-03,102.500000,104.959999,102.370003,103.339996,81.052254,2441900
2010-12-06,102.930000,103.580002,102.459999,102.959999,80.754211,1480900
2010-12-07,104.930000,105.000000,101.330002,101.470001,79.585571,2139600
2010-12-08,101.790001,102.279999,100.470001,101.449997,79.569870,2168900
2010-12-09,101.809998,103.489998,101.209999,101.360001,79.499298,1715900
2010-12-10,101.970001,101.970001,100.269997,101.000000,79.216949,1441400
2010-12-13,102.269997,102.559998,100.160004,100.260002,78.636520,1582600
2010-12-14,100.279999,101.680000,99.209999,99.599998,78.118874,1975700
2010-12-15,99.739998,101.930000,99.459999,100.739998,79.013031,3583100
2010-12-16,103.370003,107.000000,103.019997,105.589996,82.816971,3979500
2010-12-17,105.970001,107.250000,104.449997,104.949997,82.315018,2408800
2010-12-20,106.000000,107.000000,105.199997,105.769997,82.958191,2158200
2010-12-21,106.730003,106.949997,105.150002,105.910004,83.067970,1621200
2010-12-22,106.220001,106.250000,103.620003,104.000000,81.569908,1320600
2010-12-23,104.110001,104.599998,102.510002,103.000000,80.785599,950300
2010-12-27,102.559998,102.599998,100.510002,102.120003,80.095383,1049200
2010-12-28,102.459999,102.949997,100.989998,101.690002,79.758110,718400
2010-12-29,102.209999,103.129997,101.629997,102.610001,80.479706,1719900
2010-12-30,102.190002,102.580002,101.019997,101.709999,79.773811,784100
2010-12-31,101.580002,104.199997,100.849998,103.839996,81.444405,1390100
2011-01-03,106.250000,109.089996,106.080002,108.989998,85.483727,3174100
2011-01-04,109.410004,112.500000,109.339996,112.389999,88.150398,3656300
2011-01-05,111.550003,114.690002,111.550003,113.839996,89.287689,2624900
2011-01-06,113.919998,115.050003,112.550003,114.669998,89.938675,2051200
2011-01-07,115.660004,119.330002,115.379997,118.730003,93.123047,3966000
2011-01-10,118.070000,119.669998,116.629997,118.699997,93.099495,2180900
2011-01-11,119.750000,119.900002,116.339996,117.089996,91.836754,2353900
2011-01-12,117.750000,118.209999,115.550003,116.779999,91.593620,1969600
2011-01-13,118.410004,119.180000,116.349998,116.720001,91.546555,2351000
2011-01-14,116.389999,118.820000,116.250000,118.820000,93.193626,1679100
2011-01-18,120.500000,121.739998,118.269997,118.860001,93.225006,1677000
2011-01-19,118.489998,121.190002,117.260002,118.180000,92.691681,2457700
2011-01-20,117.540001,118.089996,114.000000,116.239998,91.170082,1993300
2011-01-21,116.559998,118.080002,115.389999,115.949997,90.942627,1538300
2011-01-24,116.129997,116.860001,114.500000,115.379997,90.495537,1449100
2011-01-25,114.739998,115.120003,112.459999,114.820000,90.056343,1826300
2011-01-26,115.699997,119.239998,114.849998,118.660004,93.068146,2000800
2011-01-27,118.699997,119.989998,116.900002,118.870003,93.232841,1681300
2011-01-28,119.440002,120.750000,114.400002,114.510002,89.813187,2190000
2011-01-31,114.760002,117.419998,114.709999,116.330002,91.240662,1794400
2011-02-01,117.000000,119.500000,115.500000,119.180000,93.475975,2245500
2011-02-02,119.480003,119.699997,117.639999,118.870003,93.232841,1414500
2011-02-03,119.059998,121.000000,117.879997,119.400002,93.648537,2402600
2011-02-04,118.070000,119.250000,117.379997,118.059998,92.597549,2198900
2011-02-07,116.809998,119.250000,115.550003,118.010002,92.558350,2038400
2011-02-08,119.839996,122.889999,118.750000,120.180000,94.260323,4494700
2011-02-09,119.559998,122.410004,118.620003,121.529999,95.319168,2411400
2011-02-10,120.820000,122.389999,119.760002,120.150002,94.236801,3207200
2011-02-11,119.510002,129.369995,118.500000,129.100006,101.256516,5643900
2011-02-14,128.979996,129.279999,127.019997,127.949997,100.354523,2078100
2011-02-15,127.529999,129.500000,127.000000,128.199997,100.550621,1587100
2011-02-16,129.130005,129.600006,127.169998,127.879997,100.299644,1420000
2011-02-17,128.160004,129.490005,127.550003,128.460007,100.754562,1292500
2011-02-18,128.460007,128.940002,126.550003,127.699997,100.158463,1273200
2011-02-22,126.040001,126.940002,122.699997,123.070000,96.527031,1803000
2011-02-23,123.150002,124.000000,116.360001,120.339996,94.385803,2631700
2011-02-24,120.120003,120.800003,117.330002,119.290001,93.562286,1563700
2011-02-25,120.820000,123.449997,120.129997,121.839996,95.562294,1215300
2011-02-28,123.129997,124.070000,121.000000,122.930000,96.417236,1196000
2011-03-01,123.760002,126.059998,122.589996,125.830002,98.691780,3349700
2011-03-02,125.750000,126.989998,124.540001,126.080002,98.887848,1789600
2011-03-03,126.750000,131.080002,126.750000,130.529999,102.378120,2434400
2011-03-04,130.529999,132.250000,129.089996,130.809998,102.597710,2114200
2011-03-07,131.440002,131.539993,124.500000,126.400002,99.138855,2228600
2011-03-08,126.620003,128.479996,125.839996,127.059998,99.656479,1632100
2011-03-09,126.709999,128.880005,125.529999,128.089996,100.464355,1685200
2011-03-10,126.550003,126.550003,122.400002,123.089996,96.542717,2353900
2011-03-11,121.739998,124.300003,120.639999,123.790001,97.091721,1779100
2011-03-14,122.480003,124.360001,120.599998,123.989998,97.248611,1799300
2011-03-15,120.169998,121.970001,117.209999,121.169998,95.036819,2450800
2011-03-16,119.680000,121.059998,116.550003,117.040001,91.797531,2680700
2011-03-17,119.910004,119.970001,117.790001,118.180000,92.691681,1272200
2011-03-18,120.199997,120.199997,116.389999,116.459999,91.342598,2067100
2011-03-21,117.849998,122.639999,117.379997,121.760002,95.499550,2526500
2011-03-22,122.260002,123.430000,118.209999,118.410004,92.872063,3390700
2011-03-23,118.650002,121.239998,116.510002,120.970001,94.879944,1926400
2011-03-24,121.989998,124.820000,121.730003,124.239998,97.444664,2134200
2011-03-25,126.190002,128.570007,125.029999,127.029999,99.632957,2108400
2011-03-28,127.680000,127.720001,124.639999,125.120003,98.134903,1551900
2011-03-29,125.190002,127.000000,124.000000,125.879997,98.730988,1140100
2011-03-30,126.500000,127.720001,125.540001,127.660004,100.127083,1439000
2011-03-31,126.620003,127.970001,125.089996,127.160004,99.734886,1428400
2011-04-01,130.000000,135.850006,129.710007,133.009995,104.323219,3809300
2011-04-04,135.279999,136.429993,132.309998,132.960007,104.284019,2220500
2011-04-05,132.500000,134.309998,131.669998,133.139999,104.425186,1693200
2011-04-06,135.000000,137.100006,132.350006,134.300003,105.335014,2179400
2011-04-07,134.630005,136.339996,133.130005,135.380005,106.182083,1643000
2011-04-08,135.759995,136.080002,131.800003,132.570007,103.978142,1627000
2011-04-11,133.080002,133.750000,130.880005,131.970001,103.507538,1161200
2011-04-12,130.479996,131.309998,129.050003,130.139999,102.072205,1223000
2011-04-13,132.110001,135.710007,131.630005,135.149994,106.001663,2038900
2011-04-14,134.020004,135.580002,133.360001,134.960007,105.852669,1391300
2011-04-15,135.000000,140.369995,134.539993,138.460007,108.597809,2962300
2011-04-18,136.600006,141.199997,134.300003,140.500000,110.197823,2816900
2011-04-19,141.250000,141.339996,136.929993,138.929993,108.966431,2943100
2011-04-20,143.759995,149.800003,143.000000,147.919998,116.017517,5512100
2011-04-21,146.500000,149.270004,145.270004,147.710007,115.852821,1779200
2011-04-25,148.250000,148.740005,145.580002,147.169998,115.429291,1330500
2011-04-26,147.690002,147.729996,145.080002,146.190002,114.660637,1600000
2011-04-27,146.839996,147.600006,144.429993,146.759995,115.107704,1489800
2011-04-28,146.570007,147.330002,143.740005,145.710007,114.284164,1595600
2011-04-29,145.369995,149.179993,144.399994,147.149994,115.810997,2956200
2011-05-02,148.360001,151.690002,147.229996,147.869995,116.377693,2302100
2011-05-03,147.699997,148.500000,144.360001,146.080002,114.968880,1500000
2011-05-04,145.699997,145.699997,140.660004,143.130005,112.647186,2068800
2011-05-05,142.039993,146.389999,141.429993,143.690002,113.087883,1500000
2011-05-06,145.949997,147.380005,144.000000,144.339996,113.599434,1413300
2011-05-09,144.500000,146.899994,144.500000,144.710007,113.890694,1258100
2011-05-10,145.570007,150.199997,145.250000,149.740005,117.849373,2269400
2011-05-11,149.250000,151.729996,146.860001,148.630005,116.975792,2092500
2011-05-12,147.589996,148.500000,146.199997,146.830002,115.559120,1700000
2011-05-13,147.229996,149.520004,145.720001,146.270004,115.118416,1545700
2011-05-16,146.449997,147.289993,139.800003,140.539993,110.608749,2860700
2011-05-17,140.580002,143.250000,140.070007,142.850006,112.426811,2156100
2011-05-18,143.179993,147.460007,142.350006,146.860001,115.582779,1999100
2011-05-19,148.000000,148.619995,146.029999,147.009995,115.700775,1574000
2011-05-20,146.270004,147.130005,144.490005,144.979996,114.103142,1339100
2011-05-23,142.649994,143.320007,140.149994,142.470001,112.127708,1800000
2011-05-24,143.690002,143.750000,140.800003,141.750000,111.561058,1092200
2011-05-25,141.789993,143.899994,140.669998,143.149994,112.662888,1650000
2011-05-26,143.139999,145.779999,142.750000,145.339996,114.386475,1303200
2011-05-27,145.169998,147.490005,145.169998,146.399994,115.220718,1227400
2011-05-31,147.820007,149.100006,145.750000,146.520004,115.315193,1342600
2011-06-01,146.070007,149.800003,145.449997,145.860001,114.795708,2366000
2011-06-02,146.339996,147.419998,143.399994,146.259995,115.110558,1611000
2011-06-03,144.759995,145.889999,142.529999,143.410004,112.867538,1723900
2011-06-06,143.320007,144.750000,141.210007,141.300003,111.206886,1547300
2011-06-07,142.300003,143.000000,136.070007,136.089996,107.106476,3236200
2011-06-08,136.190002,137.770004,134.139999,134.600006,105.933807,2777300
2011-06-09,134.580002,135.699997,133.699997,135.199997,106.406013,2180900
2011-06-10,134.419998,134.839996,131.289993,131.990005,103.879677,2271700
2011-06-13,132.130005,133.440002,128.559998,129.779999,102.140335,2352600
2011-06-14,132.500000,133.839996,131.429993,133.059998,104.721802,1423900
2011-06-15,131.309998,133.169998,129.520004,130.369995,102.604698,1533200
2011-06-16,129.839996,131.460007,128.149994,129.949997,102.274117,1940000
2011-06-17,132.720001,133.479996,129.279999,129.399994,101.841263,2120900
2011-06-20,129.250000,133.000000,128.410004,132.270004,104.100037,1789700
2011-06-21,132.639999,136.809998,132.149994,135.429993,106.587051,1675400
2011-06-22,134.580002,136.419998,132.940002,133.070007,104.729668,1153900
2011-06-23,131.399994,132.910004,128.910004,132.850006,104.556519,1931400
2011-06-24,132.899994,133.199997,130.220001,131.330002,103.360245,1330600
2011-06-27,130.820007,135.199997,130.289993,134.300003,105.697701,1539400
2011-06-28,135.000000,139.949997,135.000000,139.429993,109.735153,1965300
2011-06-29,141.179993,142.000000,138.910004,140.210007,110.349014,1772900
2011-06-30,141.000000,145.880005,140.449997,143.539993,112.969833,2006900
2011-07-01,144.520004,150.529999,143.539993,149.570007,117.715614,2573700
2011-07-05,149.869995,151.440002,148.410004,151.160004,118.966980,1548900
2011-07-06,150.990005,154.149994,150.199997,153.289993,120.643341,1790500
2011-07-07,155.139999,159.169998,155.130005,157.490005,123.948898,1929200
2011-07-08,155.440002,161.740005,154.660004,161.149994,126.829391,2194200
2011-07-11,159.169998,160.610001,155.960007,156.809998,123.413704,2006100
2011-07-12,157.190002,159.500000,156.320007,156.869995,123.460930,1740100
2011-07-13,158.649994,159.770004,155.860001,156.350006,123.051628,1709700
2011-07-14,157.039993,159.710007,156.529999,158.779999,124.964104,1821800
2011-07-15,160.320007,162.699997,158.149994,162.619995,127.986336,1830200
2011-07-18,163.050003,165.309998,161.779999,164.889999,129.772903,3312200
2011-07-19,169.149994,172.580002,160.720001,162.270004,127.710869,5837000
2011-07-20,163.100006,163.179993,157.679993,160.179993,126.065964,2170300
2011-07-21,161.309998,164.500000,160.279999,163.759995,128.883514,1834000
2011-07-22,163.330002,166.899994,163.020004,165.250000,130.056168,1963000
2011-07-25,163.740005,165.000000,163.309998,164.619995,129.560364,1078900
2011-07-26,164.479996,164.919998,163.139999,164.130005,129.568222,862800
2011-07-27,164.229996,164.610001,158.100006,159.169998,125.652679,1932000
2011-07-28,159.169998,159.820007,155.009995,155.429993,122.700279,2421600
2011-07-29,153.339996,155.250000,149.679993,153.679993,121.318771,2537900
2011-08-01,157.740005,158.270004,152.559998,154.210007,121.737167,2545400
2011-08-02,153.580002,155.080002,146.449997,146.830002,115.911171,2703600
2011-08-03,146.960007,151.979996,142.910004,151.750000,119.795166,3280600
2011-08-04,149.050003,150.000000,141.000000,141.070007,111.364128,3381600
2011-08-05,143.720001,144.330002,132.860001,139.910004,110.448395,4388900
2011-08-08,134.410004,137.600006,123.690002,126.910004,100.185875,4501800
2011-08-09,129.589996,139.919998,125.089996,139.679993,110.266815,4718800
2011-08-10,135.619995,141.880005,133.089996,134.679993,106.319695,4199700
2011-08-11,136.710007,143.100006,132.259995,140.919998,111.245712,3210500
2011-08-12,145.229996,146.720001,141.389999,145.320007,114.719154,2938800
2011-08-15,146.369995,149.649994,145.320007,149.100006,117.703217,2135800
2011-08-16,147.619995,149.410004,143.880005,146.880005,115.950676,2083800
2011-08-17,147.690002,150.399994,145.679993,147.600006,116.519058,2877600
2011-08-18,142.380005,142.910004,134.089996,136.000000,107.361740,4070800
2011-08-19,132.270004,138.830002,130.139999,131.339996,103.683022,3394200
2011-08-22,135.179993,135.869995,129.350006,129.979996,102.609406,2488300
2011-08-23,130.949997,138.240005,129.059998,138.139999,109.051117,2386000
2011-08-24,137.490005,141.220001,135.419998,139.869995,110.416832,2438200
2011-08-25,140.300003,141.449997,136.300003,137.190002,108.301132,2152300
2011-08-26,136.009995,141.270004,134.699997,140.339996,110.787865,1737200
2011-08-29,142.610001,147.130005,141.820007,147.110001,116.132240,1621800
2011-08-30,146.369995,154.460007,145.660004,153.500000,121.176651,3239300
2011-08-31,155.000000,156.449997,152.899994,154.720001,122.139778,2884000
2011-09-01,155.899994,157.690002,151.880005,152.820007,120.639885,2183200
2011-09-02,149.199997,149.779999,146.009995,147.899994,116.755905,1949500
2011-09-06,143.419998,149.410004,142.300003,148.889999,117.537407,1851500
2011-09-07,153.449997,153.589996,150.649994,152.649994,120.505653,1654300
2011-09-08,151.589996,155.320007,150.250000,152.470001,120.363533,2023800
2011-09-09,151.100006,152.830002,146.850006,148.429993,117.174309,1650400
2011-09-12,149.259995,154.869995,147.289993,151.720001,119.771469,3442100
2011-09-13,151.619995,151.740005,147.550003,150.690002,118.958374,2457500
2011-09-14,151.440002,152.419998,147.720001,148.649994,117.347916,2563200
2011-09-15,150.050003,150.889999,145.139999,149.610001,118.105789,2872100
2011-09-16,150.600006,152.669998,148.759995,152.119995,120.087257,3347300
2011-09-19,149.940002,159.630005,147.850006,158.309998,124.973808,3294400
2011-09-20,159.080002,161.330002,152.710007,153.210007,120.947762,3295400
2011-09-21,154.809998,156.490005,147.059998,147.210007,116.211197,2938900
2011-09-22,140.440002,143.500000,134.610001,139.020004,109.745811,4453000
2011-09-23,138.470001,142.630005,138.050003,138.669998,109.469521,2516700
2011-09-26,140.410004,140.460007,128.100006,136.779999,107.977470,5166400
2011-09-27,140.220001,144.419998,139.160004,140.020004,110.535255,2986000
2011-09-28,141.449997,142.970001,135.149994,135.490005,106.959122,2393600
2011-09-29,138.550003,139.470001,120.419998,125.540001,99.104355,8011000
2011-09-30,121.760002,124.750000,111.709999,115.080002,90.846977,9434800
2011-10-03,111.860001,115.349998,107.779999,110.669998,87.365601,6039600
2011-10-04,112.059998,119.000000,108.419998,118.750000,93.744148,6166400
2011-10-05,117.250000,120.300003,115.050003,119.940002,94.683578,4008400
2011-10-06,124.199997,132.710007,123.650002,132.580002,104.661911,7173100
2011-10-07,136.179993,137.850006,127.959999,129.059998,101.883141,5855000
2011-10-10,131.679993,139.770004,131.529999,139.729996,110.306290,4630300
2011-10-11,138.839996,140.949997,136.039993,137.770004,108.759018,3875400
2011-10-12,139.300003,140.399994,136.750000,137.710007,108.711670,3042400
2011-10-13,136.860001,137.899994,129.899994,131.279999,103.635651,6069300
2011-10-14,134.330002,134.809998,129.070007,134.479996,106.161842,4003400
2011-10-17,133.660004,138.240005,133.160004,134.809998,106.422333,3547200
2011-10-18,132.649994,138.600006,129.410004,137.649994,108.664284,4552400
2011-10-19,136.770004,139.300003,129.500000,130.270004,102.838333,6143100
2011-10-20,124.089996,125.400002,119.599998,123.370003,97.391304,6757200
2011-10-21,124.599998,125.550003,117.370003,120.400002,95.046715,5659100
2011-10-24,122.900002,127.949997,122.660004,127.650002,100.770042,6639400
2011-10-25,126.750000,128.000000,123.000000,123.180000,97.241318,2756000
2011-10-26,126.440002,128.639999,121.750000,128.009995,101.054214,3268000
2011-10-27,134.029999,138.360001,131.570007,136.889999,108.064323,5454500
2011-10-28,137.889999,142.199997,136.110001,138.029999,108.964287,3989900
2011-10-31,135.520004,137.919998,132.679993,132.800003,105.216728,2173800
2011-11-01,129.009995,130.960007,127.019997,128.610001,101.897003,2806000
2011-11-02,133.389999,136.699997,131.289993,132.539993,105.010704,3746800
2011-11-03,134.139999,134.940002,129.100006,133.690002,105.921844,2612200
2011-11-04,132.210007,134.460007,131.050003,131.649994,104.305595,1936200
2011-11-07,131.360001,132.309998,127.199997,128.720001,101.984169,3834400
2011-11-08,130.220001,130.720001,126.750000,129.039993,102.237686,2165900
2011-11-09,126.000000,127.709999,123.209999,123.910004,98.173241,2471700
2011-11-10,125.180000,125.500000,117.400002,119.570000,94.734657,4996400
2011-11-11,120.980003,125.750000,119.260002,125.459999,99.401276,3099000
2011-11-14,125.070000,128.979996,124.339996,125.019997,99.052673,3339600
2011-11-15,124.709999,129.000000,123.720001,127.860001,101.302780,2045800
2011-11-16,126.190002,127.050003,122.940002,123.250000,97.650307,2847900
2011-11-17,124.489998,124.849998,119.169998,120.779999,95.693321,10289300
2011-11-18,121.779999,123.129997,119.820000,121.760002,96.469788,2385700
2011-11-21,115.150002,116.019997,110.089996,112.070000,92.594795,3713700
2011-11-22,110.480003,114.169998,110.070000,112.900002,93.280571,2557200
2011-11-23,111.330002,112.500000,107.709999,107.989998,89.223793,2834500
2011-11-25,107.180000,109.769997,106.769997,107.019997,88.422371,1040100
2011-11-28,112.389999,115.949997,112.360001,114.599998,94.685143,2501800
2011-11-29,114.320000,115.000000,110.000000,110.139999,91.000183,2143700
2011-11-30,116.000000,120.620003,115.650002,120.559998,99.609436,4301600
2011-12-01,119.849998,121.660004,117.580002,118.959999,98.287483,1803300
2011-12-02,121.250000,121.500000,118.269997,118.410004,97.833069,1573700
2011-12-05,120.580002,120.919998,116.029999,117.629997,97.188606,2442500
2011-12-06,117.110001,117.879997,113.000000,113.669998,93.916756,3073000
2011-12-07,112.500000,114.550003,110.000000,114.050003,94.230713,2580100
2011-12-08,113.449997,114.830002,110.000000,110.180000,91.033226,1908100
2011-12-09,110.220001,111.879997,108.629997,110.860001,91.595085,4211500
2011-12-12,109.519997,109.970001,108.000000,109.040001,90.091339,1819700
2011-12-13,109.330002,110.489998,103.769997,104.410004,86.265953,2761200
2011-12-14,104.010002,104.480003,101.669998,102.290001,84.514328,2749300
2011-12-15,103.410004,105.290001,101.019997,104.580002,86.406425,2632600
2011-12-16,105.519997,107.260002,104.919998,105.650002,87.290443,2322400
2011-12-19,106.500000,108.650002,101.900002,102.199997,84.439995,1892200
2011-12-20,104.839996,107.720001,104.220001,107.580002,88.885063,1976800
2011-12-21,106.940002,108.389999,105.000000,107.940002,89.182518,2054000
2011-12-22,108.080002,108.650002,106.570000,108.040001,89.265121,1409300
2011-12-23,107.970001,110.059998,107.910004,110.000000,90.884521,1386500
2011-12-27,110.559998,114.449997,109.360001,113.529999,93.801056,2488900
2011-12-28,113.550003,113.750000,109.089996,109.220001,90.240067,1994800
2011-12-29,109.660004,110.879997,108.529999,110.339996,91.165421,1490100
2011-12-30,110.150002,112.250000,109.699997,110.489998,91.289360,1442700
2012-01-03,114.470001,115.800003,112.300003,113.970001,94.164627,2032400
2012-01-04,113.650002,114.000000,111.919998,112.010002,92.545219,1724100
2012-01-05,111.160004,111.449997,109.320000,110.839996,91.578545,2247000
2012-01-06,110.900002,111.190002,106.720001,106.940002,88.356270,3059100
2012-01-09,107.379997,108.000000,105.879997,106.639999,88.108406,1567700
2012-01-10,109.160004,109.300003,106.839996,107.529999,88.843758,1698500
2012-01-11,107.000000,112.160004,106.930000,111.889999,92.446075,2586300
2012-01-12,106.980003,110.940002,104.620003,109.800003,90.719276,6974000
2012-01-13,108.320000,110.330002,107.290001,107.849998,89.108147,2641400
2012-01-17,110.459999,113.680000,110.360001,111.900002,92.454338,3459400
2012-01-18,112.269997,117.199997,112.000000,116.809998,96.511093,2978200
2012-01-19,118.629997,119.080002,116.000000,117.349998,96.957275,2153600
2012-01-20,117.269997,117.760002,115.180000,115.470001,95.403961,1518800
2012-01-23,115.790001,119.570000,115.639999,117.269997,96.891167,2491300
2012-01-24,116.779999,119.309998,115.760002,118.470001,97.882629,2498200
2012-01-25,118.540001,121.169998,117.470001,120.419998,99.493767,2404200
2012-01-26,121.489998,123.269997,118.349998,119.150002,98.444458,2380200
2012-01-27,119.000000,120.000000,118.129997,119.070000,98.378357,1412000
2012-01-30,116.330002,116.570000,112.160004,115.410004,95.354393,2890700
2012-01-31,117.099998,117.650002,114.870003,115.230003,95.205666,1639200
2012-02-01,117.339996,118.839996,115.820000,117.750000,97.287758,3266400
2012-02-02,118.529999,120.809998,117.099998,120.779999,99.791199,4245900
2012-02-03,117.010002,117.230003,114.389999,114.980003,94.999107,7266100
2012-02-06,114.440002,114.870003,112.050003,112.830002,93.222717,3306100
2012-02-07,112.500000,114.449997,112.500000,112.669998,93.090530,2191200
2012-02-08,113.260002,114.660004,112.709999,114.639999,94.718193,2330200
2012-02-09,115.169998,115.300003,113.209999,113.589996,93.850655,2144400
2012-02-10,112.500000,114.209999,112.019997,113.199997,93.528412,1608600
2012-02-13,113.239998,113.250000,110.000000,110.559998,91.347206,3733800
2012-02-14,109.800003,111.849998,109.180000,111.160004,92.260170,2115800
2012-02-15,111.480003,112.739998,111.059998,111.410004,92.467674,2250300
2012-02-16,111.580002,112.900002,110.629997,112.669998,93.513428,1680100
2012-02-17,114.199997,114.839996,112.449997,112.690002,93.530045,2115100
2012-02-21,118.650002,121.580002,117.989998,119.400002,99.099205,8347500
2012-02-22,118.510002,120.150002,117.190002,117.739998,97.721428,2340900
2012-02-23,117.680000,118.129997,115.790001,116.339996,96.559448,1894300
2012-02-24,116.940002,119.489998,116.800003,118.099998,98.020210,2087200
2012-02-27,117.410004,117.599998,116.330002,116.519997,96.708847,1933600
2012-02-28,116.379997,117.160004,115.089996,115.089996,95.521988,3111800
2012-02-29,116.500000,119.839996,116.050003,118.540001,98.385414,4508300
2012-03-01,120.000000,123.379997,119.620003,122.059998,101.306923,4312800
2012-03-02,124.199997,132.589996,123.209999,127.269997,105.631111,14143200
2012-03-05,126.550003,127.959999,122.320000,122.750000,101.879608,3160200
2012-03-06,119.970001,120.739998,118.599998,119.379997,99.082611,2390700
2012-03-07,121.269997,123.349998,121.209999,122.269997,101.481224,2290800
2012-03-08,123.809998,124.260002,122.500000,123.389999,102.410805,2101400
2012-03-09,123.279999,123.970001,120.260002,120.790001,100.252861,2055900
2012-03-12,121.110001,122.570000,120.089996,121.070000,100.485252,1851200
2012-03-13,124.650002,126.230003,124.019997,125.330002,104.020943,2989600
2012-03-14,125.739998,126.540001,125.180000,126.080002,104.643425,1716300
2012-03-15,125.400002,128.830002,125.360001,128.000000,106.236992,1977300
2012-03-16,128.199997,129.000000,126.330002,126.959999,105.373802,1859600
2012-03-19,126.580002,130.710007,126.580002,129.289993,107.307640,1986800
2012-03-20,128.029999,128.679993,126.040001,128.009995,106.245277,1818000
2012-03-21,128.210007,129.949997,127.699997,128.869995,106.959053,1660100
2012-03-22,128.000000,129.850006,125.970001,126.809998,105.249298,1356000
2012-03-23,127.190002,127.410004,125.849998,126.570000,105.050117,1092600
2012-03-26,127.680000,131.199997,127.519997,130.000000,107.896927,2763100
2012-03-27,129.789993,130.460007,128.660004,128.809998,106.909264,1551400
2012-03-28,128.899994,129.009995,124.389999,126.250000,104.784515,2171000
2012-03-29,124.970001,125.419998,122.860001,124.930000,103.688965,1521500
2012-03-30,126.029999,126.570000,123.769997,124.879997,103.647469,1290000
2012-04-02,124.730003,127.690002,124.260002,125.480003,104.145439,1447400
2012-04-03,125.339996,127.099998,125.029999,125.680000,104.311432,1019100
2012-04-04,124.150002,125.160004,123.410004,123.760002,102.717888,1193600
2012-04-05,123.449997,126.379997,123.449997,125.940002,104.527229,1049700
2012-04-09,123.379997,125.000000,122.820000,124.220001,103.099670,1590600
2012-04-10,124.559998,125.949997,120.750000,122.099998,101.340111,2226400
2012-04-11,123.690002,126.330002,123.599998,124.279999,103.149475,1954900
2012-04-12,124.919998,127.860001,124.660004,126.279999,104.809425,2347400
2012-04-13,125.389999,126.750000,124.180000,125.480003,104.145439,1047400
2012-04-16,125.440002,125.650002,123.180000,123.370003,102.394173,1370700
2012-04-17,124.459999,125.550003,123.400002,124.769997,103.556175,1746300
2012-04-18,128.740005,132.470001,128.479996,130.279999,108.129333,3983100
2012-04-19,130.750000,131.850006,129.050003,129.550003,107.523438,1800100
2012-04-20,130.820007,130.820007,128.869995,128.990005,107.058662,1565200
2012-04-23,127.379997,127.379997,124.720001,125.250000,103.954529,1842800
2012-04-24,124.910004,125.930000,124.180000,124.709999,103.506355,1122800
2012-04-25,127.650002,129.179993,125.839996,128.899994,106.983963,2836900
2012-04-26,130.089996,134.300003,127.900002,134.130005,111.324753,3566100
2012-04-27,134.479996,136.630005,133.869995,135.039993,112.080009,2071000
2012-04-30,134.559998,135.360001,130.500000,133.399994,110.718857,1838900
2012-05-01,132.800003,135.880005,132.490005,134.710007,111.806099,1539800
2012-05-02,138.000000,138.279999,133.520004,133.649994,110.926346,3921400
2012-05-03,133.789993,134.259995,129.869995,130.550003,108.353409,1738100
2012-05-04,128.669998,129.550003,126.940002,127.400002,105.739021,2222200
2012-05-07,126.180000,127.589996,124.750000,125.190002,103.904747,2977800
2012-05-08,123.239998,123.250000,116.349998,119.230003,98.958115,4635900
2012-05-09,116.940002,117.769997,113.949997,115.370003,95.754387,3320000
2012-05-10,117.019997,117.250000,113.209999,113.250000,93.994820,2441700
2012-05-11,112.440002,115.379997,111.550003,112.900002,93.704353,2461400
2012-05-14,111.010002,111.190002,107.940002,108.089996,89.712143,3214500
2012-05-15,108.199997,109.279999,106.190002,106.449997,88.350990,2604800
2012-05-16,107.139999,108.349998,104.809998,105.059998,87.197304,2356700
2012-05-17,104.849998,106.019997,101.260002,101.540001,84.678825,2591500
2012-05-18,102.029999,106.680000,101.389999,101.940002,85.012390,3067900
2012-05-21,102.430000,104.339996,98.260002,104.169998,86.872086,3241300
2012-05-22,103.889999,105.300003,101.720001,103.150002,86.021446,2241600
2012-05-23,102.220001,104.120003,101.010002,103.660004,86.446777,1921500
2012-05-24,104.660004,105.459999,102.099998,103.230003,86.088196,1594400
2012-05-25,103.050003,104.400002,101.500000,102.040001,85.095779,1382600
2012-05-29,103.559998,105.800003,103.230003,104.610001,87.239014,1495000
2012-05-30,105.739998,106.139999,103.080002,104.550003,87.188988,2835700
2012-05-31,104.089996,104.459999,100.169998,103.040001,85.929741,2818400
2012-06-01,99.800003,100.559998,96.519997,97.379997,81.209579,3345700
2012-06-04,97.150002,98.699997,95.820000,98.169998,81.868423,2625300
2012-06-05,97.379997,101.300003,97.000000,100.989998,84.220146,2906800
2012-06-06,102.320000,104.690002,102.110001,103.910004,86.655266,2041300
2012-06-07,105.879997,107.000000,102.309998,102.639999,85.596161,1811400
2012-06-08,101.940002,104.379997,100.989998,104.209999,86.905449,1300200
2012-06-11,105.160004,105.650002,99.400002,99.529999,83.002609,3226400
2012-06-12,101.279999,101.699997,99.400002,101.470001,84.620430,2621400
2012-06-13,100.720001,102.269997,99.959999,100.199997,83.561325,1863400
2012-06-14,98.900002,101.120003,98.239998,100.489998,83.803169,1989900
2012-06-15,99.989998,100.559998,99.070000,99.529999,83.002609,1832900
2012-06-18,98.900002,101.000000,98.010002,100.330002,83.669746,1715000
2012-06-19,100.739998,105.080002,100.739998,104.519997,87.163956,2136600
2012-06-20,105.360001,105.449997,103.000000,104.889999,87.472496,1554800
2012-06-21,105.160004,107.570000,101.949997,102.050003,85.104141,2992300
2012-06-22,102.629997,104.139999,101.839996,103.320000,86.163231,2405300
2012-06-25,101.180000,102.739998,101.000000,102.059998,85.112450,1691500
2012-06-26,101.690002,102.930000,100.449997,102.040001,85.095779,2042200
2012-06-27,102.779999,103.660004,101.959999,102.400002,85.396004,1849900
2012-06-28,101.699997,103.239998,100.400002,102.010002,85.070763,1792800
2012-06-29,104.279999,105.000000,102.889999,103.720001,86.496811,2247800
2012-07-02,102.599998,104.570000,101.589996,102.150002,85.187531,1939100
2012-07-03,101.980003,102.699997,100.669998,101.550003,84.687157,1349600
2012-07-05,100.980003,102.300003,98.440002,101.820000,84.912292,2831500
2012-07-06,100.879997,101.000000,99.029999,100.690002,83.969963,2384600
2012-07-09,99.889999,101.190002,99.250000,100.010002,83.402878,2237400
2012-07-10,100.599998,101.690002,99.470001,100.230003,83.586319,2682800
2012-07-11,99.949997,102.980003,99.430000,100.639999,83.928276,2214700
2012-07-12,99.559998,100.260002,96.459999,96.750000,80.684204,2807400
2012-07-13,96.830002,97.000000,95.099998,96.220001,80.242218,2589100
2012-07-16,96.029999,97.699997,95.330002,96.440002,80.425674,2089100
2012-07-17,97.449997,98.269997,95.580002,97.360001,81.192909,2317100
2012-07-18,96.250000,100.940002,94.519997,96.290001,80.300598,5188500
2012-07-19,96.540001,100.129997,95.870003,99.660004,83.110992,2236400
2012-07-20,98.580002,99.940002,97.230003,97.309998,81.151222,1855500
2012-07-23,95.339996,95.500000,94.000000,95.019997,79.241478,1857200
2012-07-24,95.680000,95.989998,92.019997,93.000000,77.556931,2659300
2012-07-25,93.199997,94.000000,91.580002,92.790001,77.381798,1725000
2012-07-26,93.269997,93.430000,90.110001,93.099998,77.640312,3254500
2012-07-27,93.410004,94.849998,93.169998,94.610001,79.325569,2010500
2012-07-30,94.419998,96.570000,93.699997,94.550003,79.275291,1818200
2012-07-31,94.290001,94.910004,93.000000,93.750000,78.604530,1430600
2012-08-01,95.389999,95.870003,94.110001,95.300003,79.904121,1749100
2012-08-02,94.040001,95.980003,92.559998,93.529999,78.420067,1804500
2012-08-03,95.150002,96.379997,95.010002,95.559998,80.122124,1473600
2012-08-06,95.980003,98.629997,94.839996,97.800003,82.000237,1551600
2012-08-07,99.389999,104.000000,98.809998,102.639999,86.058304,3456600
2012-08-08,101.809998,102.980003,101.540001,102.709999,86.117012,1353800
2012-08-09,102.339996,103.139999,101.300003,101.529999,85.127655,1004200
2012-08-10,101.000000,101.980003,99.870003,101.830002,85.379181,1254300
2012-08-13,100.910004,101.750000,99.550003,100.129997,83.953819,1001800
2012-08-14,101.040001,101.339996,99.320000,99.540001,83.459129,911200
2012-08-15,99.360001,100.500000,99.089996,100.209999,84.020912,802100
2012-08-16,100.690002,104.779999,100.400002,104.239998,87.399849,2194400
2012-08-17,104.779999,105.379997,103.709999,104.800003,87.869377,1208900
2012-08-20,108.099998,110.000000,105.250000,105.599998,88.540138,1930800
2012-08-21,105.650002,107.500000,104.839996,105.410004,88.380829,1615800
2012-08-22,105.360001,107.099998,104.839996,105.800003,88.707817,1453700
2012-08-23,106.110001,106.699997,105.110001,105.150002,88.162849,1111000
2012-08-24,104.529999,105.610001,103.480003,105.330002,88.313736,1287500
2012-08-27,106.129997,106.300003,104.510002,105.470001,88.431145,1183800
2012-08-28,105.000000,105.949997,104.320000,105.230003,88.229919,1129000
2012-08-29,105.250000,105.680000,103.650002,104.919998,87.969994,1228400
2012-08-30,104.519997,104.519997,102.360001,102.849998,86.234390,1028700
2012-08-31,103.800003,105.050003,102.839996,103.169998,86.502708,970600
2012-09-04,102.599998,102.889999,100.379997,100.720001,84.448509,1817200
2012-09-05,100.580002,101.139999,99.320000,99.610001,83.517838,1580500
2012-09-06,100.779999,102.250000,100.470001,101.550003,85.144417,2193300
2012-09-07,102.000000,103.849998,101.709999,102.739998,86.142159,2416700
2012-09-10,104.099998,104.500000,102.760002,103.089996,86.435608,1668700
2012-09-11,102.400002,105.209999,102.290001,104.800003,87.869377,1452300
2012-09-12,105.699997,107.820000,105.680000,107.449997,90.091263,2451600
2012-09-13,106.750000,110.419998,106.489998,110.019997,92.246063,1766800
2012-09-14,110.949997,114.500000,110.800003,113.019997,94.761421,3451700
2012-09-17,114.160004,115.190002,111.949997,112.470001,94.300270,1439500
2012-09-18,112.389999,113.440002,111.660004,112.730003,94.518272,1100600
2012-09-19,113.250000,116.389999,112.769997,115.690002,97.000076,2458500
2012-09-20,114.430000,114.970001,113.000000,114.900002,96.337692,1347200
2012-09-21,115.500000,115.500000,113.419998,114.370003,95.893311,2378600
2012-09-24,113.449997,114.779999,113.110001,114.070000,95.641800,1052800
2012-09-25,115.480003,116.470001,113.529999,113.930000,95.524414,1876700
2012-09-26,113.910004,114.730003,111.900002,113.709999,95.339951,1079400
2012-09-27,114.209999,116.220001,113.300003,115.430000,96.782089,1535400
2012-09-28,114.800003,116.099998,114.139999,115.440002,96.790466,1074400
2012-10-01,116.000000,117.820000,114.980003,115.580002,96.907852,1386600
2012-10-02,116.410004,116.410004,113.449997,114.610001,96.094559,1415800
2012-10-03,115.160004,115.750000,114.089996,114.870003,96.312553,734000
2012-10-04,113.870003,114.800003,111.870003,114.019997,95.599854,1702200
2012-10-05,115.129997,115.879997,113.139999,113.809998,95.423798,2176100
2012-10-08,113.260002,113.639999,112.000000,112.680000,94.476341,1026300
2012-10-09,112.769997,114.129997,110.930000,111.779999,93.721725,1170100
2012-10-10,112.160004,113.209999,109.949997,111.019997,93.084534,1098800
2012-10-11,112.019997,112.860001,111.150002,112.459999,94.291916,1085400
2012-10-12,113.410004,114.980003,113.000000,113.809998,95.423798,1163300
2012-10-15,113.889999,116.500000,113.529999,116.250000,97.469597,1209600
2012-10-16,116.889999,118.980003,116.320000,117.800003,98.769196,1764000
2012-10-17,117.820000,119.290001,116.809998,118.949997,99.733421,1220400
2012-10-18,119.059998,119.500000,117.360001,118.300003,99.188416,1321800
2012-10-19,117.900002,117.900002,114.790001,115.620003,96.941406,1636600
2012-10-22,114.220001,116.489998,114.220001,115.459999,96.807236,1027000
2012-10-23,114.099998,114.790001,113.250000,114.379997,95.901726,1154400
2012-10-24,114.040001,116.000000,111.820000,112.290001,94.149361,1917300
2012-10-25,118.129997,121.000000,117.629997,120.430000,100.974335,5253900
2012-10-26,121.500000,121.540001,118.070000,118.970001,99.750198,3151400
2012-10-31,119.180000,121.400002,118.110001,121.059998,101.502525,3376300
2012-11-01,121.239998,123.639999,118.769997,122.900002,103.045303,2106400
2012-11-02,123.459999,123.540001,120.480003,120.800003,101.284538,1831400
2012-11-05,114.000000,114.480003,110.800003,111.519997,93.892365,2148500
2012-11-06,112.110001,112.750000,110.519997,112.209999,94.473320,1673300
2012-11-07,111.089996,112.180000,109.769997,111.029999,93.479836,1553700
2012-11-08,110.610001,111.550003,108.709999,109.250000,91.981186,1672800
2012-11-09,108.459999,109.870003,108.230003,108.349998,91.223457,1574800
2012-11-12,108.669998,109.150002,106.660004,107.419998,90.440437,1139300
2012-11-13,106.959999,108.480003,105.580002,106.930000,90.027916,1747700
2012-11-14,107.669998,107.709999,104.050003,104.559998,88.032516,2096300
2012-11-15,104.309998,105.610001,103.339996,104.550003,88.024109,1460400
2012-11-16,107.610001,109.410004,103.879997,104.330002,87.838890,2013700
2012-11-19,106.110001,107.300003,104.919998,105.790001,89.068100,1338100
2012-11-20,106.379997,107.480003,105.570000,106.870003,89.977364,956700
2012-11-21,106.610001,108.290001,106.610001,108.029999,90.954025,1000600
2012-11-23,108.769997,109.419998,107.930000,109.330002,92.048531,554800
2012-11-26,108.980003,109.180000,106.629997,107.570000,90.566772,1190500
2012-11-27,107.139999,109.489998,107.139999,108.260002,91.147667,1017900
2012-11-28,108.800003,111.860001,107.839996,111.690002,94.035522,2747200
2012-11-29,112.000000,113.360001,110.500000,112.029999,94.321754,1337500
2012-11-30,112.099998,112.730003,111.320000,112.400002,94.633263,958400
2012-12-03,112.970001,115.690002,112.970001,113.400002,95.475212,1393800
2012-12-04,108.849998,110.620003,107.500000,110.120003,92.713692,2986400
2012-12-05,110.110001,110.739998,109.019997,109.940002,92.562119,1565900
2012-12-06,110.000000,111.739998,109.750000,111.449997,93.833427,1018400
2012-12-07,111.750000,112.629997,109.129997,110.260002,92.831543,1108500
2012-12-10,110.389999,110.489998,108.919998,110.040001,92.646309,959600
2012-12-11,111.250000,111.750000,109.279999,109.800003,92.444260,1593900
2012-12-12,110.820000,114.449997,110.269997,113.459999,95.525726,2570500
2012-12-13,113.370003,115.160004,113.160004,114.220001,96.165604,1115000
2012-12-14,112.239998,114.919998,111.989998,113.750000,95.769882,1296700
2012-12-17,114.279999,114.589996,112.449997,113.690002,95.719383,957300
2012-12-18,113.800003,115.010002,113.019997,113.949997,95.938286,2637800
2012-12-19,113.949997,115.669998,113.029999,113.639999,95.677277,1056500
2012-12-20,114.160004,114.750000,113.139999,114.279999,96.216103,620300
2012-12-21,112.959999,113.639999,112.160004,113.510002,95.567825,1078400
2012-12-24,113.120003,113.480003,111.769997,112.519997,94.734314,289500
2012-12-26,112.610001,112.980003,110.889999,111.550003,93.917641,510500
2012-12-27,111.900002,112.080002,108.930000,111.010002,93.462990,865400
2012-12-28,110.480003,112.290001,109.480003,109.669998,92.334808,2159600
2012-12-31,109.580002,112.540001,109.129997,112.489998,94.709061,1139900
2013-01-02,116.370003,119.019997,115.879997,118.070000,99.407043,2487000
2013-01-03,118.570000,121.059998,118.339996,119.339996,100.476288,1731900
2013-01-04,119.930000,122.209999,119.400002,120.779999,101.688660,2129100
2013-01-07,120.730003,121.989998,120.260002,121.190002,102.033867,1501000
2013-01-08,121.040001,121.879997,119.830002,121.089996,101.949684,976300
2013-01-09,121.370003,123.720001,121.199997,121.519997,102.311722,1869900
2013-01-10,123.650002,123.690002,120.260002,122.900002,103.473587,1462000
2013-01-11,122.760002,123.360001,121.769997,122.989998,103.549332,889500
2013-01-14,122.839996,123.870003,122.500000,122.800003,103.389381,868000
2013-01-15,122.639999,123.949997,122.260002,123.800003,104.231323,1001800
2013-01-16,122.709999,123.320000,122.209999,122.959999,103.524101,828300
2013-01-17,123.510002,123.820000,122.220001,123.459999,103.945038,824700
2013-01-18,125.150002,126.110001,123.709999,124.059998,104.450211,1352600
2013-01-22,123.610001,124.660004,122.669998,124.320000,104.669128,751000
2013-01-23,124.400002,124.980003,122.750000,123.129997,103.667229,1017500
2013-01-24,123.580002,124.570000,122.540001,122.680000,103.288345,1378000
2013-01-25,123.059998,124.339996,122.699997,123.930000,104.340767,930900
2013-01-28,123.209999,124.970001,123.050003,123.540001,104.012405,933900
2013-01-29,123.269997,123.949997,121.849998,122.389999,103.044182,1003700
2013-01-30,122.080002,123.860001,122.059998,123.489998,103.970299,1225300
2013-01-31,125.500000,126.949997,123.320000,125.220001,105.426872,3266600
2013-02-01,123.989998,126.660004,122.500000,126.370003,106.395065,3616500
2013-02-04,125.349998,126.980003,124.559998,124.760002,105.039589,1433900
2013-02-05,124.750000,126.769997,124.750000,125.750000,105.873077,1039600
2013-02-06,121.430000,124.820000,120.910004,123.300003,103.810356,2739100
2013-02-07,123.279999,123.279999,120.769997,122.830002,103.414650,1417700
2013-02-08,123.510002,126.919998,123.500000,126.519997,106.521370,1468000
2013-02-11,126.879997,126.879997,123.559998,124.099998,104.483887,1325600
2013-02-12,123.570000,124.010002,122.500000,122.669998,104.118912,813500
2013-02-13,123.599998,124.239998,122.389999,122.400002,103.889748,1253500
2013-02-14,122.800003,123.250000,121.489998,123.199997,104.568779,887300
2013-02-15,123.080002,123.519997,122.010002,122.959999,104.365074,1088400
2013-02-19,120.900002,120.910004,118.070000,120.389999,102.183716,1901300
2013-02-20,120.180000,120.919998,116.330002,116.559998,98.932922,1651300
2013-02-21,116.309998,116.320000,113.849998,115.529999,98.058678,1664900
2013-02-22,116.150002,117.849998,115.019997,117.339996,99.594955,1296700
2013-02-25,118.559998,120.680000,115.510002,115.559998,98.084145,1625400
2013-02-26,115.779999,116.320000,113.389999,115.500000,98.033241,1386600
2013-02-27,115.879997,118.330002,115.290001,117.639999,99.849609,1450000
2013-02-28,117.239998,119.250000,116.900002,116.900002,99.221512,964200
2013-03-01,116.949997,117.300003,115.139999,116.570000,98.941414,1041100
2013-03-04,116.150002,117.489998,115.120003,116.550003,98.924431,1333200
2013-03-05,116.879997,117.330002,115.910004,116.000000,98.457619,959800
2013-03-06,116.389999,118.279999,115.830002,117.300003,99.561012,1034200
2013-03-07,117.269997,118.269997,116.459999,117.209999,99.484596,835700
2013-03-08,118.019997,118.220001,116.650002,117.349998,99.603439,908200
2013-03-11,117.580002,119.279999,117.239998,118.150002,100.282486,1231300
2013-03-12,117.839996,118.000000,116.599998,117.980003,100.138184,1101100
2013-03-13,118.180000,119.470001,117.470001,118.629997,100.689888,762400
2013-03-14,118.989998,119.980003,118.660004,119.809998,101.691422,725300
2013-03-15,119.519997,120.239998,118.500000,119.970001,101.827225,1565400
2013-03-18,118.709999,121.809998,118.239998,120.110001,101.946060,1065600
2013-03-19,120.360001,121.330002,119.000000,119.930000,101.793266,807100
2013-03-20,121.099998,122.790001,120.830002,122.320000,103.821854,907800
2013-03-21,121.989998,122.879997,121.089996,121.089996,102.777870,658000
2013-03-22,121.809998,122.900002,121.209999,122.080002,103.618164,761600
2013-03-25,122.879997,124.650002,121.500000,121.639999,103.244682,2148700
2013-03-26,122.599998,125.000000,121.949997,124.540001,105.706123,1087400
2013-03-27,123.860001,124.440002,122.760002,124.129997,105.358116,800500
2013-03-28,124.250000,125.410004,123.360001,125.160004,106.232368,880200
2013-04-01,125.230003,125.230003,122.410004,123.190002,104.560272,970300
2013-04-02,123.750000,124.239998,122.510002,123.260002,104.619705,1012500
2013-04-03,123.070000,123.120003,119.750000,120.400002,102.192200,1164100
2013-04-04,120.550003,120.570000,118.660004,118.800003,100.834152,1185100
2013-04-05,116.599998,118.169998,114.410004,118.040001,100.189102,2383600
2013-04-08,118.169998,123.279999,118.169998,122.680000,104.127403,1463200
2013-04-09,123.290001,124.739998,122.639999,123.529999,104.848846,1046400
2013-04-10,123.699997,126.470001,123.599998,126.360001,107.250900,903700
2013-04-11,126.480003,128.210007,126.269997,127.160004,107.929909,1298500
2013-04-12,127.000000,129.389999,126.559998,128.539993,109.101212,1248800
2013-04-15,127.510002,128.199997,123.180000,124.129997,105.358116,1507500
2013-04-16,125.019997,127.440002,125.000000,127.040001,107.828033,1508200
2013-04-17,126.290001,126.360001,123.169998,124.330002,105.527885,1360200
2013-04-18,124.790001,125.320000,122.239998,123.940002,105.196854,1109100
2013-04-19,125.160004,127.930000,124.709999,127.559998,108.269424,1293800
2013-04-22,127.949997,128.630005,126.739998,128.399994,108.982384,1073400
2013-04-23,129.050003,129.910004,127.349998,129.369995,109.805687,1431300
2013-04-24,130.000000,132.039993,129.919998,131.500000,111.613556,1533400
2013-04-25,133.500000,135.979996,132.899994,134.910004,114.507912,2776400
2013-04-26,135.399994,136.270004,133.839996,135.500000,115.008667,1900700
2013-04-29,135.690002,136.509995,133.440002,135.800003,115.263313,1214900
2013-04-30,136.259995,137.529999,135.589996,137.300003,116.536484,1482300
2013-05-01,136.869995,137.389999,135.550003,136.220001,115.619766,1085600
2013-05-02,137.149994,138.429993,136.059998,136.619995,115.959312,1490700
2013-05-03,138.229996,139.000000,136.389999,138.800003,117.809616,1553700
2013-05-06,138.850006,140.339996,138.050003,138.679993,117.707771,1155600
2013-05-07,138.029999,139.529999,137.490005,138.839996,118.699486,1064200
2013-05-08,139.050003,139.919998,138.050003,138.839996,118.699486,720800
2013-05-09,138.330002,140.089996,137.259995,139.550003,119.306511,1885000
2013-05-10,139.660004,140.429993,138.740005,139.100006,118.921776,844700
2013-05-13,139.190002,140.389999,138.240005,140.360001,119.999001,1252100
2013-05-14,140.500000,142.649994,140.270004,142.139999,121.520798,917300
2013-05-15,141.809998,142.399994,138.960007,139.759995,119.486015,1328500
2013-05-16,138.990005,141.270004,138.990005,139.360001,119.144058,957600
2013-05-17,140.580002,141.649994,140.110001,140.990005,120.537651,983200
2013-05-20,141.479996,143.559998,141.050003,143.110001,122.350082,1094600
2013-05-21,143.259995,144.169998,141.490005,142.429993,121.768707,738700
2013-05-22,143.179993,144.990005,140.850006,141.639999,121.093330,1366000
2013-05-23,139.789993,140.000000,137.360001,138.449997,118.366066,1460100
2013-05-24,137.149994,138.449997,136.500000,137.899994,117.895836,944300
2013-05-28,139.679993,142.529999,139.529999,140.580002,120.187103,1036400
2013-05-29,140.369995,141.009995,137.830002,138.479996,118.391716,1085400
2013-05-30,138.979996,139.380005,137.899994,138.119995,118.083939,2453400
2013-05-31,137.179993,139.059998,135.889999,135.889999,116.177444,1072700
2013-06-03,136.199997,138.220001,134.690002,138.100006,118.066849,1309200
2013-06-04,137.889999,138.500000,135.279999,136.839996,116.989616,1057800
2013-06-05,135.979996,136.990005,133.009995,133.779999,114.373543,1120700
2013-06-06,133.500000,135.190002,133.009995,134.940002,115.365242,1155900
2013-06-07,135.770004,138.100006,135.190002,137.500000,117.553848,1104600
2013-06-10,137.960007,140.410004,137.509995,138.960007,118.802101,1325100
2013-06-11,136.690002,136.970001,134.240005,134.779999,115.228455,1386800
2013-06-12,135.490005,136.300003,133.460007,133.889999,114.467560,907300
2013-06-13,133.559998,137.050003,132.160004,136.520004,116.716049,1137900
2013-06-14,135.970001,137.110001,134.429993,135.139999,115.536247,1028000
2013-06-17,137.000000,140.250000,136.110001,138.389999,118.314758,2189600
2013-06-18,138.869995,140.399994,138.580002,139.300003,119.092796,955100
2013-06-19,140.250000,140.250000,137.679993,137.860001,117.861671,830900
2013-06-20,136.479996,136.509995,130.619995,132.169998,112.997078,2678100
2013-06-21,132.979996,133.610001,127.370003,129.690002,110.876839,3216600
2013-06-24,126.629997,127.000000,121.839996,124.120003,106.114838,3326000
2013-06-25,126.419998,127.449997,125.550003,125.599998,107.380135,2084600
2013-06-26,127.510002,129.449997,126.620003,127.230003,108.773666,1697100
2013-06-27,128.070007,129.699997,127.550003,128.600006,109.944954,1011900
2013-06-28,128.399994,129.259995,127.889999,127.970001,109.406326,1154400
2013-07-01,129.279999,130.550003,128.270004,128.460007,109.825264,1082600
2013-07-02,128.380005,129.149994,124.910004,126.180000,107.875992,1674400
2013-07-03,125.190002,127.000000,124.570000,126.139999,107.841782,599500
2013-07-05,127.410004,127.949997,125.550003,127.080002,108.645454,623100
2013-07-08,127.320000,129.089996,126.779999,126.980003,108.559937,1457100
2013-07-09,127.209999,127.889999,125.419998,126.589996,108.226509,1412000
2013-07-10,126.440002,127.550003,125.970001,127.269997,108.807861,993800
2013-07-11,129.500000,132.460007,128.100006,131.630005,112.535408,2463300
2013-07-12,131.410004,131.839996,129.770004,130.779999,111.808708,1389400
2013-07-15,130.779999,132.830002,130.559998,131.990005,112.843185,1262500
2013-07-16,132.509995,133.440002,131.179993,132.470001,113.253540,1097500
2013-07-17,133.139999,133.429993,130.910004,131.509995,112.432785,859400
2013-07-18,131.619995,133.990005,131.619995,133.100006,113.792160,953800
2013-07-19,133.300003,133.300003,132.020004,133.089996,113.783600,935700
2013-07-22,132.360001,133.649994,131.190002,133.380005,114.031563,1431100
2013-07-23,133.179993,133.589996,131.429993,131.520004,112.441345,1272000
2013-07-24,132.679993,132.779999,130.380005,131.130005,112.107941,1276400
2013-07-25,131.119995,131.669998,128.410004,130.160004,111.278633,1445000
2013-07-26,128.509995,131.220001,128.509995,130.979996,111.979668,1140700
2013-07-29,128.899994,133.000000,128.800003,131.270004,112.227608,1427500
2013-07-30,132.500000,134.339996,131.899994,133.070007,113.766541,1205900
2013-07-31,134.059998,134.750000,132.610001,133.130005,113.817802,923600
2013-08-01,135.259995,138.070007,134.350006,137.440002,117.502602,1513600
2013-08-02,137.449997,140.179993,136.419998,139.850006,119.562996,1412700
2013-08-05,139.080002,141.059998,139.080002,140.899994,120.460655,1004800
2013-08-06,140.899994,141.449997,138.630005,139.179993,118.990181,1039100
2013-08-07,139.149994,139.820007,137.470001,139.009995,118.844818,1146100
2013-08-08,138.470001,140.149994,137.559998,139.449997,120.084854,1075000
2013-08-09,139.080002,139.529999,137.270004,138.130005,118.948189,703600
2013-08-12,137.410004,139.369995,137.070007,138.429993,119.206490,627900
2013-08-13,138.899994,140.380005,138.110001,139.619995,120.231232,739400
2013-08-14,139.589996,140.639999,139.130005,140.169998,120.704895,2268500
2013-08-15,139.029999,139.610001,137.690002,139.080002,119.766228,956600
2013-08-16,139.360001,140.820007,138.470001,138.570007,119.327080,846000
2013-08-19,138.339996,141.309998,138.009995,139.179993,119.852379,897700
2013-08-20,139.360001,140.789993,139.119995,139.899994,120.472389,1243800
2013-08-21,139.699997,140.669998,138.179993,139.039993,119.731781,837700
2013-08-22,139.550003,141.889999,139.380005,141.259995,121.643509,700500
2013-08-23,141.259995,142.250000,140.839996,141.929993,122.220467,541300
2013-08-26,141.789993,146.039993,141.789993,142.940002,123.090218,1278900
2013-08-27,141.190002,141.960007,138.750000,139.210007,119.878189,981400
2013-08-28,139.380005,141.500000,138.699997,140.770004,121.221573,1005400
2013-08-29,140.500000,142.679993,140.330002,141.869995,122.168808,930000
2013-08-30,142.589996,142.639999,140.259995,141.039993,121.454071,705200
2013-09-03,142.300003,143.880005,141.300003,141.679993,122.005142,1293500
2013-09-04,141.509995,142.380005,140.500000,141.380005,121.746864,1409500
2013-09-05,141.600006,143.500000,141.240005,142.690002,122.874931,706600
2013-09-06,143.729996,144.169998,141.229996,143.429993,123.512146,916200
2013-09-09,143.419998,146.360001,143.330002,145.350006,125.165543,1020900
2013-09-10,146.470001,149.899994,146.270004,149.240005,128.515350,1377500
2013-09-11,149.740005,151.190002,148.860001,150.869995,129.918991,1144000
2013-09-12,151.250000,151.250000,148.740005,149.649994,128.868423,543400
2013-09-13,150.100006,150.809998,148.899994,150.350006,129.471222,464400
2013-09-16,151.889999,152.610001,149.710007,149.979996,129.152588,879700
2013-09-17,150.429993,152.199997,150.300003,150.759995,129.824295,764800
2013-09-18,150.410004,153.470001,150.080002,153.029999,131.779037,1110900
2013-09-19,153.800003,155.000000,152.800003,154.559998,133.096573,917900
2013-09-20,154.990005,155.869995,153.869995,155.220001,133.664917,1391600
2013-09-23,155.039993,155.639999,154.210007,155.029999,133.501312,836600
2013-09-24,154.570007,157.490005,154.360001,156.119995,134.440002,692800
2013-09-25,156.720001,158.130005,155.130005,157.610001,135.723068,1609200
2013-09-26,158.009995,159.850006,157.899994,159.740005,137.557251,1101100
2013-09-27,159.020004,159.240005,157.309998,158.000000,136.058853,788200
2013-09-30,156.419998,158.889999,155.389999,158.009995,136.067474,1074200
2013-10-01,157.809998,160.149994,157.740005,160.070007,137.841400,1675300
2013-10-02,159.279999,161.619995,158.839996,161.350006,138.943649,940300
2013-10-03,161.759995,162.330002,159.110001,160.660004,138.349457,2177700
2013-10-04,159.110001,161.059998,158.809998,160.179993,137.936081,996400
2013-10-07,159.029999,160.589996,158.139999,159.039993,136.954422,1109500
2013-10-08,159.690002,161.529999,156.789993,157.210007,135.378555,1538100
2013-10-09,158.389999,158.949997,155.770004,157.729996,135.826370,1309100
2013-10-10,159.000000,163.660004,159.000000,162.350006,139.804794,1326600
2013-10-11,162.309998,166.779999,162.309998,166.610001,143.473206,1147900
2013-10-14,165.750000,167.809998,164.660004,167.149994,143.938232,882000
2013-10-15,167.759995,170.160004,166.199997,167.199997,143.981308,1707300
2013-10-16,168.199997,170.789993,167.360001,168.580002,145.169632,995700
2013-10-17,168.399994,169.839996,167.110001,169.460007,145.927444,992000
2013-10-18,171.210007,172.750000,170.149994,171.919998,148.045837,1007200
2013-10-21,172.429993,173.339996,171.630005,173.130005,149.087830,908700
2013-10-22,173.139999,173.380005,168.309998,169.990005,146.383865,1727100
2013-10-23,169.669998,170.190002,166.190002,166.460007,143.344040,1467600
2013-10-24,167.759995,173.220001,166.899994,172.850006,148.846680,1506800
2013-10-25,168.059998,168.910004,163.800003,168.179993,144.825195,2638600
2013-10-28,168.080002,168.880005,165.500000,168.399994,145.014648,1176000
2013-10-29,168.889999,168.889999,166.759995,168.800003,145.359085,740900
2013-10-30,169.990005,171.970001,168.000000,169.550003,146.004944,918900
2013-10-31,168.580002,169.529999,165.630005,166.250000,143.163208,1056800
2013-11-01,166.960007,167.949997,166.419998,167.699997,144.411850,816300
2013-11-04,167.880005,168.380005,165.919998,166.490005,143.369888,1035200
2013-11-05,165.000000,166.380005,164.539993,165.199997,143.118683,1092500
2013-11-06,166.750000,166.889999,163.419998,164.380005,142.408249,1270000
2013-11-07,165.050003,165.350006,159.369995,159.509995,138.189194,2622700
2013-11-08,159.860001,164.240005,159.860001,163.710007,141.827820,2471800
2013-11-11,163.990005,166.179993,162.949997,165.029999,142.971359,725200
2013-11-12,164.820007,167.649994,164.399994,167.380005,145.007233,2799100
2013-11-13,165.750000,170.240005,165.600006,170.210007,147.458969,1024100
2013-11-14,170.119995,170.309998,167.759995,168.509995,145.986206,712100
2013-11-15,168.509995,169.660004,165.600006,166.389999,144.149582,1411200
2013-11-18,164.550003,166.639999,163.000000,163.589996,144.326019,905100
2013-11-19,163.190002,163.809998,158.139999,159.199997,140.452957,1396500
2013-11-20,160.470001,160.960007,157.479996,158.389999,139.738373,780100
2013-11-21,159.970001,165.000000,159.320007,163.529999,144.273087,2878200
2013-11-22,163.570007,164.020004,161.119995,162.449997,143.320267,717900
2013-11-25,163.149994,164.610001,162.899994,163.669998,144.396622,638600
2013-11-26,163.720001,164.830002,163.009995,164.000000,144.687775,544200
2013-11-27,164.190002,166.449997,163.500000,165.559998,146.064026,617600
2013-11-29,165.850006,167.410004,164.949997,165.869995,146.337555,565500
2013-12-02,165.570007,167.369995,164.119995,164.740005,145.340607,750100
2013-12-03,164.000000,165.369995,161.880005,163.309998,144.078995,1287300
2013-12-04,162.720001,168.990005,162.130005,167.779999,148.022614,1568600
2013-12-05,167.669998,172.869995,167.100006,171.410004,151.225174,1694200
2013-12-06,173.000000,174.000000,169.720001,173.160004,152.769104,1383800
2013-12-09,173.500000,179.119995,173.500000,178.529999,157.506699,2595100
2013-12-10,178.490005,181.759995,176.410004,181.149994,159.818207,1742100
2013-12-11,181.240005,183.440002,180.020004,180.699997,159.421188,1598900
2013-12-12,180.839996,182.410004,178.479996,179.490005,158.353714,1277800
2013-12-13,181.020004,182.259995,179.919998,181.759995,160.356339,968600
2013-12-16,183.050003,185.410004,181.240005,182.820007,161.291565,1282500
2013-12-17,183.229996,184.009995,180.839996,182.479996,160.991547,1061700
2013-12-18,183.529999,186.960007,181.500000,186.669998,164.688171,1145500
2013-12-19,187.350006,187.350006,183.059998,185.110001,163.311905,1047300
2013-12-20,186.009995,186.070007,181.889999,185.350006,163.523590,1534600
2013-12-23,186.649994,186.649994,184.009995,185.149994,163.347198,801700
2013-12-24,185.990005,190.800003,185.179993,189.250000,166.964386,862500
2013-12-26,189.350006,191.580002,188.809998,191.039993,168.543564,692400
2013-12-27,191.210007,191.899994,190.029999,191.250000,168.728867,587500
2013-12-30,190.830002,194.389999,190.699997,193.289993,170.528610,1948600
2013-12-31,193.300003,194.529999,191.830002,194.210007,171.340286,731500
2014-01-02,194.139999,199.880005,193.119995,197.940002,174.631058,3054800
2014-01-03,198.149994,198.750000,195.119995,196.000000,172.919540,1169400
2014-01-06,198.289993,198.839996,195.199997,195.860001,172.795975,1289100
2014-01-07,196.649994,202.880005,196.649994,201.509995,177.780670,1686500
2014-01-08,202.669998,205.399994,201.369995,205.289993,181.115524,1406000
2014-01-09,205.750000,206.490005,203.149994,204.770004,180.656769,1228300
2014-01-10,204.350006,207.240005,202.259995,206.860001,182.500671,1151000
2014-01-13,206.100006,209.740005,203.360001,203.470001,179.509888,1618900
2014-01-14,203.940002,207.940002,202.539993,207.600006,183.153549,1587500
2014-01-15,207.899994,210.410004,207.089996,210.100006,185.359146,1025100
2014-01-16,209.059998,210.119995,207.839996,210.089996,185.350266,904400
2014-01-17,209.279999,215.990005,209.279999,215.699997,190.299652,1706000
2014-01-21,216.559998,216.990005,209.979996,212.270004,187.273590,1815600
2014-01-22,209.419998,209.500000,206.029999,208.789993,184.203384,1767000
2014-01-23,206.500000,206.899994,203.720001,205.259995,181.089066,1758400
2014-01-24,203.889999,204.339996,192.960007,193.139999,170.396286,3080100
2014-01-27,195.070007,195.789993,189.029999,191.830002,169.240524,2996300
2014-01-28,193.000000,198.800003,193.000000,197.149994,173.934067,1595600
2014-01-29,195.559998,196.539993,193.119995,193.869995,171.040298,1716800
2014-01-30,196.389999,202.729996,195.479996,201.509995,177.780670,2480400
2014-01-31,205.270004,219.910004,204.309998,217.419998,191.817123,4801300
2014-02-03,216.059998,216.619995,205.800003,209.470001,184.803314,3341200
2014-02-04,211.509995,214.160004,208.309998,213.550003,188.402863,2158900
2014-02-05,202.990005,211.000000,202.199997,209.550003,184.873886,3297900
2014-02-06,212.880005,217.500000,211.000000,216.699997,191.181885,1956900
2014-02-07,217.919998,222.449997,216.039993,221.949997,195.813721,1663700
2014-02-10,222.179993,224.619995,221.339996,222.369995,196.184250,1905000
2014-02-11,222.009995,224.940002,220.169998,224.289993,198.996704,1631500
2014-02-12,224.889999,226.000000,220.000000,221.119995,196.184235,1415200
2014-02-13,219.020004,223.759995,218.009995,221.279999,196.326172,1550100
2014-02-14,220.300003,222.449997,219.600006,222.339996,197.266647,943300
2014-02-18,222.210007,225.860001,221.509995,224.100006,198.828186,1269800
2014-02-19,223.320007,223.990005,219.210007,220.919998,196.006790,1520700
2014-02-20,220.949997,225.919998,220.940002,223.500000,198.295853,1742800
2014-02-21,224.500000,228.750000,221.839996,228.350006,202.598907,1790600
2014-02-24,229.570007,236.610001,229.190002,235.589996,209.022461,1759100
2014-02-25,236.759995,240.520004,233.610001,235.149994,208.632050,1688800
2014-02-26,235.860001,240.029999,234.460007,236.889999,210.175842,1431800
2014-02-27,237.600006,242.220001,236.220001,241.960007,214.674088,1448900
2014-02-28,242.059998,244.000000,239.500000,242.490005,215.144348,1485400
2014-03-03,239.570007,244.580002,238.070007,242.880005,215.490341,1727100
2014-03-04,245.259995,248.000000,244.440002,247.949997,219.988617,1159600
2014-03-05,248.720001,249.309998,245.600006,247.759995,219.820023,904800
2014-03-06,248.990005,249.100006,247.000000,247.830002,219.882141,1134000
2014-03-07,248.850006,249.250000,244.970001,246.649994,218.835236,848200
2014-03-10,246.710007,246.880005,239.639999,240.570007,213.440872,1329500
2014-03-11,241.990005,245.210007,238.899994,240.130005,213.050476,1123500
2014-03-12,238.750000,240.139999,236.080002,239.539993,212.527008,1281000
2014-03-13,240.000000,240.970001,230.820007,232.229996,206.041382,1428600
2014-03-14,230.309998,231.539993,227.179993,229.649994,203.752319,1704600
2014-03-17,230.570007,235.360001,229.520004,233.279999,206.972900,1217000
2014-03-18,233.330002,236.899994,232.089996,234.320007,207.895660,894100
2014-03-19,233.940002,236.229996,227.770004,229.009995,203.184479,1048100
2014-03-20,227.289993,229.399994,224.270004,228.589996,202.811829,1182800
2014-03-21,227.559998,231.949997,226.059998,226.199997,200.691330,1283800
2014-03-24,227.229996,227.389999,219.250000,224.289993,198.996704,1337400
2014-03-25,225.190002,226.690002,219.460007,219.500000,194.746902,1595600
2014-03-26,220.869995,221.000000,212.759995,214.869995,190.639038,2644200
2014-03-27,211.509995,214.160004,207.059998,213.759995,189.654236,2745700
2014-03-28,214.110001,220.500000,212.970001,217.509995,192.981323,2115100
2014-03-31,219.880005,225.690002,219.380005,222.149994,197.098083,1680600
2014-04-01,229.419998,231.000000,226.350006,227.179993,201.560837,1691400
2014-04-02,230.000000,230.429993,225.770004,227.460007,201.809296,988700
2014-04-03,226.949997,229.779999,220.289993,222.320007,197.248901,1223100
2014-04-04,223.179993,225.500000,211.729996,213.639999,189.547760,1785500
2014-04-07,212.809998,212.979996,206.320007,210.710007,186.948181,2497100
2014-04-08,210.839996,215.000000,207.449997,212.869995,188.864548,2197400
2014-04-09,216.639999,222.110001,214.410004,220.300003,195.456680,1634600
2014-04-10,222.020004,224.679993,209.300003,210.839996,187.063477,2088900
2014-04-11,208.039993,214.270004,206.000000,211.330002,187.498245,1707000
2014-04-14,212.779999,218.000000,208.000000,210.399994,186.673126,1999300
2014-04-15,210.240005,211.619995,194.639999,202.820007,179.947952,3892300
2014-04-16,204.699997,209.000000,202.899994,205.000000,181.882111,2440000
2014-04-17,204.589996,209.080002,204.380005,208.000000,184.543747,1861700
2014-04-21,207.500000,209.899994,202.639999,204.440002,181.385254,1337700
2014-04-22,208.000000,216.990005,206.830002,216.089996,191.721481,1865200
2014-04-23,216.649994,217.539993,205.440002,206.820007,183.496841,2116100
2014-04-24,209.119995,213.399994,206.100006,213.130005,189.095276,2514800
2014-04-25,211.220001,211.940002,200.179993,201.490005,178.767929,2456000
2014-04-28,201.779999,204.360001,188.429993,193.639999,171.803162,3760500
2014-04-29,196.360001,204.869995,195.429993,203.610001,180.648865,2517100
2014-04-30,199.919998,204.860001,198.229996,203.889999,180.897263,1731500
2014-05-01,205.220001,207.500000,200.919998,206.630005,183.328293,2690900
2014-05-02,214.300003,222.330002,213.000000,221.679993,196.681122,3980800
2014-05-05,219.729996,220.059998,214.009995,216.649994,192.218323,2698300
2014-05-06,216.160004,217.850006,207.479996,207.550003,184.144516,2411600
2014-05-07,207.399994,209.580002,196.550003,204.940002,181.828918,3471000
2014-05-08,197.669998,207.000000,195.100006,196.449997,174.296295,3541900
2014-05-09,198.940002,201.899994,196.399994,200.490005,177.880722,1639700
2014-05-12,200.800003,207.240005,200.800003,203.679993,180.710953,1753200
2014-05-13,203.750000,207.389999,201.429993,206.000000,183.897934,1720400
2014-05-14,205.309998,205.460007,200.070007,201.220001,179.630783,2391200
2014-05-15,200.970001,202.350006,195.089996,201.720001,180.077133,2148000
2014-05-16,201.839996,203.350006,197.520004,201.770004,180.121765,2366000
2014-05-19,200.479996,206.300003,198.520004,203.559998,181.719711,6950200
2014-05-20,202.089996,204.339996,199.080002,200.199997,178.720230,2033400
2014-05-21,201.130005,205.000000,200.550003,204.850006,182.871323,1555100
2014-05-22,205.750000,210.259995,204.660004,208.350006,185.995804,1594500
2014-05-23,208.770004,209.250000,205.169998,207.860001,185.558380,1304200
2014-05-27,208.320007,215.979996,208.320007,215.649994,192.512543,2183100
2014-05-28,216.679993,218.639999,214.449997,218.009995,194.619308,1584300
2014-05-29,218.240005,220.000000,215.729996,219.990005,196.386932,944200
2014-05-30,220.000000,220.000000,213.960007,214.970001,191.905518,1359700
2014-06-02,215.229996,218.039993,213.600006,218.020004,194.628235,695200
2014-06-03,212.929993,212.929993,206.600006,208.229996,185.888641,2202000
2014-06-04,206.520004,211.000000,206.000000,210.210007,187.656204,1032600
2014-06-05,210.139999,211.990005,205.589996,205.850006,183.764023,1344100
2014-06-06,206.289993,207.169998,204.070007,204.979996,182.987350,875300
2014-06-09,200.240005,201.490005,195.800003,199.050003,177.693619,2571500
2014-06-10,197.160004,198.229996,193.500000,197.869995,176.640198,2564600
2014-06-11,198.830002,202.000000,198.240005,201.080002,179.505798,1374500
2014-06-12,201.080002,201.880005,196.770004,197.210007,176.051010,1080100
2014-06-13,198.020004,201.470001,197.039993,201.059998,179.487915,1078300
2014-06-16,198.500000,199.910004,197.000000,199.119995,177.756073,1052800
2014-06-17,197.500000,198.729996,196.250000,197.449997,176.265274,1349800
2014-06-18,196.089996,199.619995,194.729996,199.399994,178.006027,1259600
2014-06-19,200.789993,205.000000,200.699997,202.610001,180.871674,1462900
2014-06-20,202.899994,203.660004,200.149994,200.789993,179.246902,1695600
2014-06-23,199.119995,201.449997,197.179993,201.160004,179.577209,1393700
2014-06-24,201.699997,204.910004,201.130005,201.639999,180.005722,1547400
2014-06-25,201.190002,204.979996,200.619995,203.600006,181.755447,1165500
2014-06-26,206.600006,210.149994,206.130005,208.039993,185.719009,1745100
2014-06-27,209.720001,211.009995,206.610001,206.889999,184.692429,1111000
2014-06-30,208.020004,208.509995,205.509995,207.559998,185.290543,899000
2014-07-01,207.929993,212.360001,207.639999,210.139999,187.593750,1117900
2014-07-02,210.139999,212.729996,209.410004,211.630005,188.923889,1362200
2014-07-03,212.050003,213.080002,211.009995,211.910004,189.173813,672500
2014-07-07,209.429993,210.929993,206.399994,208.580002,186.201141,1302900
2014-07-08,206.960007,207.940002,200.660004,202.179993,180.487747,1644100
2014-07-09,201.500000,206.229996,199.369995,206.059998,183.951477,1292500
2014-07-10,201.979996,204.300003,200.250000,203.190002,181.389404,873800
2014-07-11,202.619995,204.300003,201.300003,202.729996,180.978729,659000
2014-07-14,204.649994,207.389999,202.600006,202.919998,181.148376,905100
2014-07-15,204.639999,205.160004,200.250000,202.509995,180.782364,1158800
2014-07-16,204.119995,204.800003,202.210007,203.860001,181.987549,1229200
2014-07-17,199.369995,203.100006,198.500000,199.190002,177.818558,2111500
2014-07-18,200.619995,202.000000,199.910004,201.000000,179.434372,1012700
2014-07-21,200.100006,202.610001,199.600006,202.509995,180.782364,1184200
2014-07-22,203.869995,208.369995,203.380005,207.289993,185.049515,1218300
2014-07-23,207.369995,207.970001,205.330002,206.250000,184.121078,792200
2014-07-24,207.220001,208.259995,204.490005,205.029999,183.031982,819700
2014-07-25,203.899994,206.149994,203.009995,204.470001,182.532059,833400
2014-07-28,205.660004,211.089996,205.660004,210.970001,188.334656,2772500
2014-07-29,211.259995,220.500000,211.199997,217.410004,194.083725,5160700
2014-07-30,218.300003,219.199997,214.740005,218.610001,195.154968,1765500
2014-07-31,216.190002,218.679993,212.720001,213.199997,190.325409,1961500
2014-08-01,212.570007,214.570007,208.360001,210.039993,187.504440,1690400
2014-08-04,210.000000,214.320007,208.570007,213.500000,190.593231,1252700
2014-08-05,212.419998,213.919998,207.529999,209.089996,186.656387,1218400
2014-08-06,204.970001,205.550003,198.949997,200.539993,179.023727,3620400
2014-08-07,199.710007,202.559998,194.270004,195.179993,174.238770,3478500
2014-08-08,195.660004,201.589996,194.449997,200.720001,180.339371,2401900
2014-08-11,201.020004,202.850006,197.800003,200.240005,179.908142,1196200
2014-08-12,200.429993,201.990005,197.539993,200.199997,179.872162,1145000
2014-08-13,201.330002,204.729996,201.000000,201.339996,180.896408,1204300
2014-08-14,202.070007,203.500000,200.600006,202.229996,181.696045,833100
2014-08-15,202.990005,203.679993,198.800003,201.330002,180.887405,1015600
2014-08-18,202.660004,203.500000,200.350006,202.899994,182.298004,840300
2014-08-19,203.729996,205.479996,202.190002,203.360001,182.711334,856200
2014-08-20,204.649994,204.649994,201.729996,202.529999,181.965576,683900
2014-08-21,202.770004,202.880005,200.500000,200.509995,180.150696,720400
2014-08-22,198.529999,200.339996,198.350006,200.119995,179.800278,1057400
2014-08-25,201.020004,201.309998,198.360001,200.460007,180.105774,1259000
2014-08-26,199.190002,200.000000,197.130005,199.279999,179.045609,1385200
2014-08-27,199.149994,199.369995,195.279999,196.199997,176.278305,1747700
2014-08-28,195.449997,197.600006,193.070007,196.789993,176.808365,1557400
2014-08-29,197.320007,197.320007,191.889999,192.880005,173.295410,2037200
2014-09-02,189.100006,189.960007,180.630005,185.050003,166.260437,4725600
2014-09-03,185.119995,187.880005,183.919998,185.240005,166.431183,1897900
2014-09-04,185.500000,186.850006,183.979996,184.770004,166.008911,1870700
2014-09-05,184.479996,185.960007,182.320007,185.660004,166.808517,1969800
2014-09-08,186.330002,186.330002,183.110001,184.710007,165.954971,1516900
2014-09-09,184.699997,186.570007,183.199997,184.259995,165.550674,1231100
2014-09-10,182.580002,183.119995,180.750000,182.279999,163.771683,2084000
2014-09-11,181.110001,186.899994,181.089996,186.100006,167.203857,1781800
2014-09-12,186.199997,186.520004,182.000000,182.529999,163.996338,1522600
2014-09-15,182.100006,182.660004,179.369995,180.720001,162.370132,1623000
2014-09-16,175.440002,181.029999,172.529999,179.869995,161.606430,3835000
2014-09-17,177.500000,184.220001,177.169998,183.100006,164.508484,2268800
2014-09-18,184.649994,190.449997,184.559998,187.830002,168.758148,3374900
2014-09-19,189.520004,189.520004,183.729996,185.279999,166.467133,1893100
2014-09-22,181.869995,184.309998,179.070007,181.279999,162.873276,2547200
2014-09-23,180.279999,183.820007,180.009995,182.830002,164.265884,2353700
2014-09-24,182.699997,186.289993,181.869995,185.949997,167.069046,1578400
2014-09-25,184.029999,184.600006,180.520004,181.960007,163.484253,1952300
2014-09-26,184.190002,187.490005,184.000000,184.500000,165.766296,1819100
2014-09-29,182.479996,183.130005,178.250000,178.990005,160.815811,2570000
2014-09-30,179.309998,189.110001,175.770004,187.080002,168.084366,4828200
2014-10-01,185.000000,185.110001,180.380005,182.300003,163.789719,2105500
2014-10-02,183.000000,185.369995,178.000000,181.759995,163.304535,1893500
2014-10-03,182.919998,185.110001,180.559998,182.279999,163.771683,1236000
2014-10-06,187.589996,187.979996,183.589996,183.789993,165.128372,1553500
2014-10-07,179.940002,183.639999,179.190002,180.279999,161.974777,1493100
2014-10-08,180.729996,183.750000,178.500000,183.289993,164.679138,1105000
2014-10-09,183.610001,184.440002,177.770004,178.070007,159.989212,1386500
2014-10-10,177.770004,181.500000,176.550003,176.710007,158.767303,1542100
2014-10-13,176.330002,177.729996,170.050003,173.440002,155.829315,3037500
2014-10-14,171.369995,177.720001,171.119995,173.839996,156.188721,1936900
2014-10-15,171.330002,175.619995,168.800003,174.309998,156.610962,2326300
2014-10-16,173.309998,184.580002,173.029999,182.070007,163.583038,3044300
2014-10-17,185.610001,187.600006,181.050003,182.449997,163.924423,2219800
2014-10-20,182.889999,183.520004,179.600006,181.660004,163.214676,1878600
2014-10-21,182.940002,185.619995,182.070007,184.589996,165.847153,1774100
2014-10-22,185.089996,186.000000,181.699997,182.419998,163.897522,1332600
2014-10-23,183.979996,185.899994,183.100006,183.490005,164.858871,1603900
2014-10-24,183.880005,185.550003,182.169998,184.720001,165.963989,1265400
2014-10-27,183.679993,185.690002,182.889999,183.669998,165.020584,2002400
2014-10-28,182.929993,185.649994,181.500000,185.250000,166.440186,1661400
2014-10-29,190.949997,192.449997,184.520004,185.929993,167.051102,2563700
2014-10-30,184.169998,188.800003,184.059998,187.649994,168.596451,1176100
2014-10-31,190.979996,190.979996,188.520004,190.009995,170.716843,1527800
2014-11-03,189.960007,191.729996,188.449997,189.509995,170.267624,1222900
2014-11-04,186.899994,187.000000,182.210007,185.259995,166.449158,2088000
2014-11-05,182.000000,182.990005,177.100006,179.740005,161.489609,2938200
2014-11-06,179.979996,179.990005,176.520004,178.710007,160.564224,3081700
2014-11-07,177.589996,178.779999,176.279999,177.179993,160.537018,1489600
2014-11-10,177.690002,180.110001,176.419998,177.889999,161.180344,1034000
2014-11-11,178.669998,180.809998,177.029999,180.350006,163.409302,1296400
2014-11-12,179.470001,180.679993,179.149994,180.289993,163.354889,2121700
2014-11-13,181.000000,183.589996,180.750000,182.630005,165.475113,1294400
2014-11-14,182.889999,184.830002,181.880005,183.990005,166.707336,1279700
2014-11-17,182.830002,182.990005,180.970001,182.630005,165.475113,815600
2014-11-18,181.100006,183.119995,179.330002,182.080002,164.976746,1445200
2014-11-19,182.070007,182.509995,179.539993,180.020004,163.110291,876800
2014-11-20,179.710007,181.690002,174.899994,177.850006,161.144089,2655700
2014-11-21,182.000000,182.449997,179.070007,179.639999,162.765930,2017300
2014-11-24,180.419998,180.830002,178.220001,180.220001,163.291458,1155500
2014-11-25,181.130005,182.149994,177.110001,178.009995,161.289063,1670500
2014-11-26,178.320007,178.619995,176.500000,177.059998,160.428299,833300
2014-11-28,178.059998,179.009995,175.889999,178.610001,161.832687,578700
2014-12-01,177.029999,177.119995,174.050003,174.500000,158.108765,1498700
2014-12-02,174.320007,175.600006,173.399994,174.250000,157.882263,1167100
2014-12-03,170.570007,172.210007,168.809998,169.570007,153.641876,2201300
2014-12-04,168.850006,168.860001,161.350006,162.919998,147.616531,3638400
2014-12-05,163.149994,165.020004,162.009995,163.899994,148.504486,1531500
2014-12-08,161.000000,162.970001,157.320007,157.589996,142.787155,2400900
2014-12-09,155.539993,156.970001,155.110001,156.630005,141.917358,1605800
2014-12-10,156.830002,156.830002,145.100006,146.750000,132.965378,4661600
2014-12-11,147.899994,151.429993,146.649994,148.880005,134.895325,2676700
2014-12-12,147.100006,149.889999,146.419998,147.479996,133.626846,1488400
2014-12-15,148.770004,149.869995,144.850006,145.160004,131.524765,1437200
2014-12-16,143.750000,144.490005,140.309998,140.520004,127.320610,2118900
2014-12-17,137.820007,139.240005,133.580002,138.970001,125.916206,4298600
2014-12-18,142.050003,145.229996,142.050003,145.100006,131.470428,2870100
2014-12-19,144.899994,151.949997,144.899994,150.110001,136.009766,3293500
2014-12-22,150.389999,151.470001,146.270004,147.479996,133.626846,1768400
2014-12-23,148.070007,153.350006,147.960007,151.690002,137.441360,1669000
2014-12-24,152.089996,153.300003,150.029999,150.899994,136.725586,494100
2014-12-26,151.110001,152.380005,149.699997,150.369995,136.245377,998900
2014-12-29,150.000000,154.759995,149.410004,153.000000,138.628311,1510400
2014-12-30,152.779999,153.779999,150.100006,151.199997,136.997375,1262600
2014-12-31,151.369995,152.300003,148.199997,148.759995,134.786591,1633000
2015-01-02,148.589996,149.229996,142.149994,146.889999,133.092255,2228900
2015-01-05,145.720001,146.169998,141.839996,144.389999,130.827057,1695100
2015-01-06,143.500000,144.339996,139.259995,141.309998,128.036377,1975800
2015-01-07,144.220001,147.210007,143.250000,145.460007,131.796600,1472000
2015-01-08,147.059998,149.029999,146.389999,147.210007,133.382187,1676600
2015-01-09,150.050003,151.619995,148.699997,149.050003,135.049347,2204600
2015-01-12,149.029999,149.500000,146.759995,148.460007,134.514771,1250400
2015-01-13,150.220001,153.529999,148.110001,149.809998,135.737961,1621600
2015-01-14,147.750000,149.330002,145.410004,148.600006,134.641647,1378800
2015-01-15,149.399994,151.000000,147.240005,147.649994,133.780853,1061600
2015-01-16,145.309998,147.869995,144.380005,146.990005,133.182892,957800
2015-01-20,146.970001,146.990005,138.110001,142.029999,128.688766,2520700
2015-01-21,138.929993,143.919998,138.929993,142.889999,129.467987,1605000
2015-01-22,144.130005,147.649994,143.740005,147.229996,133.400299,1409400
2015-01-23,146.539993,147.470001,144.820007,146.009995,132.294907,958700
2015-01-26,146.839996,156.710007,146.839996,155.830002,141.192505,2587100
2015-01-27,155.800003,157.750000,153.100006,155.039993,140.476685,1739600
2015-01-28,156.449997,156.750000,152.779999,153.479996,139.063202,1740300
2015-01-29,154.190002,157.229996,149.589996,152.970001,138.601135,1418500
2015-01-30,150.889999,151.330002,147.660004,147.949997,134.052658,1738100
2015-02-02,148.220001,149.789993,145.440002,149.740005,135.674545,1211300
2015-02-03,149.639999,156.940002,148.100006,155.800003,141.165314,2322900
2015-02-04,151.509995,154.899994,144.190002,146.110001,132.385529,4808700
2015-02-05,146.509995,148.199997,144.449997,146.639999,132.865723,1760000
2015-02-06,148.789993,148.889999,145.589996,146.240005,132.503326,1435000
2015-02-09,145.729996,149.580002,145.509995,148.449997,134.505722,1295700
2015-02-10,151.229996,156.380005,150.779999,154.649994,140.123337,2354800
2015-02-11,153.309998,153.509995,150.500000,151.240005,138.375809,1126600
2015-02-12,151.869995,154.990005,150.639999,154.720001,141.559784,2591600
2015-02-13,155.479996,160.410004,154.729996,159.339996,145.786819,2153900
2015-02-17,158.710007,159.210007,154.820007,157.000000,143.645828,1810900
2015-02-18,157.889999,160.050003,156.919998,158.520004,145.036560,985900
2015-02-19,158.729996,159.729996,157.399994,158.570007,145.082306,883800
2015-02-20,158.259995,158.490005,156.250000,158.470001,144.990845,920900
2015-02-23,155.190002,156.419998,152.899994,154.330002,141.202972,2322200
2015-02-24,150.229996,150.270004,146.850006,147.000000,134.496475,2754900
2015-02-25,145.479996,145.479996,140.960007,143.050003,130.882416,3620600
2015-02-26,143.039993,145.770004,142.270004,142.770004,130.626282,1856000
2015-02-27,143.339996,144.130005,141.589996,142.500000,130.379211,1120500
2015-03-02,142.500000,145.399994,142.309998,142.429993,130.315170,1430800
2015-03-03,142.089996,144.759995,139.610001,140.070007,128.155899,2146500
2015-03-04,138.690002,139.000000,135.449997,138.820007,127.012222,2825600
2015-03-05,138.259995,139.250000,136.759995,139.000000,127.176918,2106100
2015-03-06,137.630005,138.070007,136.029999,137.000000,125.347015,2851600
2015-03-09,135.500000,136.179993,131.630005,132.839996,121.540848,5406900
2015-03-10,130.960007,132.460007,129.479996,129.509995,118.494125,3681600
2015-03-11,129.479996,129.809998,126.169998,126.629997,115.859062,3130700
2015-03-12,127.919998,129.630005,125.120003,126.320000,115.575432,2443600
2015-03-13,125.389999,128.139999,124.410004,127.070000,116.261642,2613200
2015-03-16,125.089996,127.459999,122.500000,125.650002,114.962440,4333200
2015-03-17,126.000000,127.949997,124.410004,124.580002,113.983459,2487300
2015-03-18,123.639999,124.139999,121.529999,122.919998,112.464630,4745200
2015-03-19,125.010002,130.399994,124.480003,130.110001,119.043053,3584000
2015-03-20,131.779999,133.250000,129.729996,129.979996,118.924103,2420900
2015-03-23,129.669998,136.360001,127.610001,132.039993,120.808907,3272500
2015-03-24,132.119995,132.259995,128.940002,129.500000,118.484947,2202700
2015-03-25,130.009995,130.039993,127.559998,129.220001,118.228790,1573800
2015-03-26,127.889999,128.529999,126.250000,126.860001,116.069511,1909000
2015-03-27,127.000000,127.040001,125.830002,126.250000,115.511391,964500
2015-03-30,126.709999,128.160004,125.669998,127.459999,116.618484,1160400
2015-03-31,126.620003,129.839996,125.800003,125.879997,115.172867,1362100
2015-04-01,126.110001,127.050003,123.690002,125.529999,114.852638,1709400
2015-04-02,125.720001,129.559998,125.000000,129.399994,118.393463,1346200
2015-04-06,127.940002,132.039993,127.419998,130.720001,119.601196,2053700
2015-04-07,130.729996,131.589996,127.879997,127.879997,117.002762,1612200
2015-04-08,129.850006,131.559998,127.839996,129.279999,118.283676,1666600
2015-04-09,132.369995,136.929993,132.050003,136.630005,125.008499,2568900
2015-04-10,136.199997,136.350006,133.339996,136.020004,124.450386,1774400
2015-04-13,135.000000,135.490005,133.339996,133.600006,122.236237,1983700
2015-04-14,130.589996,131.279999,126.690002,127.529999,116.682518,3137700
2015-04-15,126.989998,130.259995,125.599998,130.020004,118.960747,2204400
2015-04-16,130.059998,130.869995,127.199997,127.349998,116.517838,1337100
2015-04-17,126.099998,128.190002,124.510002,125.500000,114.825188,1533500
2015-04-20,126.820000,130.139999,126.529999,128.949997,117.981750,1643000
2015-04-21,129.490005,129.550003,126.400002,126.769997,115.987167,1419100
2015-04-22,127.430000,129.929993,125.709999,129.070007,118.091530,1586000
2015-04-23,126.919998,129.550003,126.150002,128.080002,117.185753,1353500
2015-04-24,129.389999,131.300003,128.910004,130.089996,119.024780,1219500
2015-04-27,130.550003,131.009995,128.550003,128.830002,117.871941,1355700
2015-04-28,128.539993,132.000000,127.620003,130.479996,119.381592,3966500
2015-04-29,116.199997,117.050003,108.269997,108.769997,99.518211,15694200
2015-04-30,108.589996,111.760002,108.320000,111.070000,101.622581,5447400
2015-05-01,111.639999,113.309998,110.000000,112.709999,103.123085,2457100
2015-05-04,113.279999,118.930000,113.150002,117.180000,107.212883,4627000
2015-05-05,116.820000,117.900002,115.330002,116.440002,106.535812,2304500
2015-05-06,116.269997,116.820000,113.169998,113.690002,104.019737,2542300
2015-05-07,113.410004,115.800003,113.190002,113.949997,104.718170,1598600
2015-05-08,115.019997,118.000000,114.800003,117.839996,108.292999,2746500
2015-05-11,117.750000,117.790001,114.000000,114.080002,104.837624,2324400
2015-05-12,113.629997,113.980003,112.080002,112.180000,103.091553,1575100
2015-05-13,112.389999,112.839996,110.760002,110.970001,101.979576,1417700
2015-05-14,111.519997,111.570000,108.550003,108.790001,99.976196,2043400
2015-05-15,107.980003,109.230003,106.019997,106.790001,98.138252,2770200
2015-05-18,106.290001,107.220001,105.209999,106.860001,98.202576,2180500
2015-05-19,106.800003,107.050003,105.440002,106.339996,97.724686,2090400
2015-05-20,106.809998,109.199997,106.339996,107.690002,98.965324,2225300
2015-05-21,107.510002,109.690002,107.510002,108.099998,99.342102,1804100
2015-05-22,108.360001,108.809998,106.470001,106.540001,97.908508,1413800
2015-05-26,106.050003,106.290001,103.750000,104.120003,95.684555,2635100
2015-05-27,104.570000,104.589996,102.919998,103.559998,95.169914,1905300
2015-05-28,102.940002,103.760002,102.400002,102.989998,94.646103,2378500
2015-05-29,102.750000,102.989998,100.449997,100.690002,92.532433,3002100
2015-06-01,101.029999,101.029999,97.889999,98.290001,90.326874,3829800
2015-06-02,98.300003,101.349998,98.050003,100.059998,91.953468,2307800
2015-06-03,100.669998,102.800003,100.269997,102.050003,93.782265,2582200
2015-06-04,105.629997,109.949997,105.500000,109.440002,100.573532,5914100
2015-06-05,109.360001,109.620003,107.370003,109.139999,100.297844,2433000
2015-06-08,105.970001,106.260002,102.349998,102.400002,94.103897,4141500
2015-06-09,102.199997,103.250000,101.480003,102.279999,93.993614,2060100
2015-06-10,102.540001,103.930000,101.529999,103.220001,94.857483,1997700
2015-06-11,103.480003,104.580002,102.309998,104.449997,95.987808,1374000
2015-06-12,103.809998,104.239998,102.300003,102.790001,94.462303,1490600
2015-06-15,101.830002,103.699997,101.790001,102.790001,94.462303,1287000
2015-06-16,102.150002,103.839996,101.629997,102.820000,94.489883,1823800
2015-06-17,103.389999,104.580002,102.449997,104.260002,95.813210,1302100
2015-06-18,104.440002,106.860001,104.440002,105.260002,96.732185,1513300
2015-06-19,105.389999,105.470001,102.820000,103.110001,94.756371,2849400
2015-06-22,103.500000,103.870003,100.529999,100.949997,92.771370,1688200
2015-06-23,100.339996,100.739998,97.760002,100.260002,92.137283,3518200
2015-06-24,99.910004,100.239998,97.970001,98.209999,90.253349,2292500
2015-06-25,98.730003,99.000000,97.809998,97.989998,90.051178,1540100
2015-06-26,97.779999,97.930000,96.290001,96.500000,88.681892,2347500
2015-06-29,93.779999,95.989998,93.589996,93.930000,86.320107,3082700
2015-06-30,95.900002,100.239998,95.360001,98.669998,90.676086,4440000
2015-07-01,102.889999,107.269997,102.449997,103.070000,94.719627,4545000
2015-07-02,104.139999,105.000000,102.430000,103.540001,95.151543,3017700
2015-07-06,102.230003,104.970001,102.089996,103.879997,95.463997,2235400
2015-07-07,104.349998,112.000000,103.220001,111.349998,102.328789,4679300
2015-07-08,108.620003,109.500000,103.809998,104.139999,95.702942,3677900
2015-07-09,106.260002,109.050003,104.809998,105.199997,96.677063,2685100
2015-07-10,106.779999,106.980003,103.519997,103.900002,95.482368,2411700
2015-07-13,108.809998,110.309998,107.279999,107.889999,99.149124,3514000
2015-07-14,107.599998,108.739998,106.570000,107.260002,98.570152,1850500
2015-07-15,107.129997,107.129997,102.449997,103.419998,95.041260,2095100
2015-07-16,104.419998,104.879997,102.760002,103.800003,95.390472,1161900
2015-07-17,103.800003,103.879997,101.529999,101.709999,93.469795,1522800
2015-07-20,101.160004,102.000000,99.849998,100.019997,91.916702,1711100
2015-07-21,100.089996,102.089996,99.849998,101.419998,93.203293,1287400
2015-07-22,100.919998,101.879997,99.699997,101.250000,93.047058,1727300
2015-07-23,104.199997,105.650002,103.010002,104.300003,95.849976,2655700
2015-07-24,104.839996,104.839996,101.449997,102.430000,94.131477,1641000
2015-07-27,100.029999,101.260002,98.099998,99.230003,91.190727,2229300
2015-07-28,98.889999,99.989998,97.379997,98.010002,90.069572,2623600
2015-07-29,98.169998,99.800003,95.870003,96.029999,88.249977,4079600
2015-07-30,99.239998,104.699997,99.010002,104.120003,95.684555,5069300
2015-07-31,103.919998,105.430000,101.809998,103.230003,94.866669,2847300
2015-08-03,103.099998,103.720001,100.000000,100.800003,92.633514,2355400
2015-08-04,101.099998,102.300003,99.330002,100.300003,92.174026,1819000
2015-08-05,101.010002,103.709999,100.800003,101.269997,93.065445,1776900
2015-08-06,100.720001,102.610001,99.989998,100.699997,92.541626,1818500
2015-08-07,100.430000,103.779999,100.419998,103.139999,95.256920,1967900
2015-08-10,104.870003,104.989998,102.699997,104.000000,96.051193,2365300
2015-08-11,102.000000,102.139999,98.610001,99.529999,91.922836,2665300
2015-08-12,97.220001,97.839996,94.129997,97.449997,90.001801,2760000
2015-08-13,97.580002,98.230003,94.589996,94.620003,87.388115,2229700
2015-08-14,94.650002,95.459999,92.040001,92.169998,85.125374,2167400
2015-08-17,92.000000,93.480003,90.910004,91.910004,84.885246,2469400
2015-08-18,91.639999,92.000000,90.379997,90.900002,83.952431,1791100
2015-08-19,90.360001,91.139999,89.180000,90.250000,83.352119,2241600
2015-08-20,89.000000,90.000000,85.500000,85.580002,79.039047,2533100
2015-08-21,83.599998,84.730003,81.330002,81.769997,75.520256,3791600
2015-08-24,75.000000,78.150002,72.750000,76.480003,70.634567,5951100
2015-08-25,79.309998,79.610001,75.599998,75.709999,69.923424,3432500
2015-08-26,77.610001,77.660004,71.250000,74.290001,68.611961,4655600
2015-08-27,76.150002,78.980003,75.680000,78.519997,72.518639,3397400
2015-08-28,77.680000,79.330002,77.040001,78.199997,72.223106,2183100
2015-08-31,77.230003,77.680000,74.919998,75.050003,69.313866,2860000
2015-09-01,72.900002,73.639999,70.510002,70.989998,65.564163,3907800
2015-09-02,73.339996,73.500000,70.879997,72.430000,66.894127,4612300
2015-09-03,71.889999,74.160004,71.889999,73.820000,68.177887,2928000
2015-09-04,72.379997,74.550003,72.339996,73.070000,67.485191,3084900
2015-09-08,74.540001,76.480003,74.320000,74.849998,69.129143,4006100
2015-09-09,75.970001,76.750000,73.000000,73.040001,67.457489,3618100
2015-09-10,71.949997,72.050003,68.110001,69.669998,64.345062,7798500
2015-09-11,69.599998,70.720001,67.239998,67.720001,62.544106,4630600
2015-09-14,67.500000,68.650002,66.720001,68.470001,63.236774,3026200
2015-09-15,67.940002,70.449997,67.870003,70.349998,64.973083,2474200
2015-09-16,70.769997,75.099998,70.550003,73.779999,68.140938,3875100
2015-09-17,73.330002,73.489998,70.000000,70.269997,64.899208,3840500
2015-09-18,69.599998,70.050003,68.110001,68.440002,63.209080,3769800
2015-09-21,68.769997,68.959999,66.320000,66.559998,61.472755,2917500
2015-09-22,65.000000,65.129997,63.860001,63.930000,59.043781,3761700
2015-09-23,63.290001,63.299999,60.060001,60.240002,55.635803,5464300
2015-09-24,59.900002,61.799999,59.750000,59.830002,55.257149,5295700
2015-09-25,60.720001,60.759998,58.130001,58.230000,53.779430,4928500
2015-09-28,57.930000,57.950001,54.369999,54.419998,50.260628,4719500
2015-09-29,53.459999,55.090000,52.259998,53.220001,49.152344,6223400
2015-09-30,54.439999,54.480000,52.500000,53.119999,49.059994,4262500
2015-10-01,53.430000,53.840000,50.959999,51.709999,47.757755,4745600
2015-10-02,55.270000,63.759998,54.750000,63.520000,58.665108,15153700
2015-10-05,63.799999,67.250000,60.549999,64.889999,59.930412,12699700
2015-10-06,64.580002,68.320000,64.519997,67.849998,62.664169,8437100
2015-10-07,69.029999,73.480003,68.989998,71.989998,66.487740,10459000
2015-10-08,71.510002,76.480003,70.800003,75.910004,70.108139,7819000
2015-10-09,75.000000,76.250000,73.199997,75.400002,69.637115,6904900
2015-10-12,74.699997,76.320000,70.839996,71.199997,65.758125,6176800
2015-10-13,70.900002,72.760002,69.650002,70.320000,64.945389,5306200
2015-10-14,70.669998,72.849998,70.540001,72.370003,66.838707,3864400
2015-10-15,75.650002,77.250000,70.930000,73.760002,68.122459,8508000
2015-10-16,66.550003,75.300003,66.349998,72.900002,67.328186,16035600
2015-10-19,70.910004,71.000000,67.160004,68.250000,63.033581,7443300
2015-10-20,68.800003,69.889999,66.250000,66.919998,61.805237,4016100
2015-10-21,67.139999,67.290001,64.330002,64.470001,59.542503,5105300
2015-10-22,65.570000,66.199997,61.270000,63.180000,58.351105,6336900
2015-10-23,63.970001,68.070000,63.720001,67.599998,62.433277,4375900
2015-10-26,67.419998,67.879997,65.459999,66.410004,61.334244,2211600
2015-10-27,66.169998,67.559998,64.120003,64.559998,59.625618,2647500
2015-10-28,64.269997,67.430000,63.299999,67.300003,62.156204,3754100
2015-10-29,68.989998,71.330002,68.160004,69.900002,64.557495,4526500
2015-10-30,69.260002,70.629997,68.510002,69.949997,64.603653,2949300
2015-11-02,71.650002,73.669998,70.639999,72.190002,66.672462,4274200
2015-11-03,71.779999,75.480003,70.949997,74.260002,68.584251,4616600
2015-11-04,74.879997,75.690002,71.500000,72.870003,67.300484,4284600
2015-11-05,72.949997,74.820000,72.260002,72.980003,67.402077,2261500
2015-11-06,73.510002,74.190002,72.580002,73.989998,68.334885,2123700
2015-11-09,71.110001,71.400002,66.510002,68.150002,63.369473,7502600
2015-11-10,67.290001,68.459999,65.190002,67.250000,62.532608,3814800
2015-11-11,67.680000,68.000000,64.610001,65.800003,61.184319,3669200
2015-11-12,65.370003,68.000000,64.169998,64.699997,60.161472,2970100
2015-11-13,64.269997,64.809998,62.049999,62.200001,57.836838,3929500
2015-11-16,62.130001,63.880001,60.650002,63.490002,59.036358,3023300
2015-11-17,64.279999,64.449997,61.150002,61.560001,57.241737,2949400
2015-11-18,61.470001,62.299999,57.660000,61.310001,57.009270,5605800
2015-11-19,61.200001,62.650002,60.529999,61.779999,57.446297,2675400
2015-11-20,61.799999,61.889999,59.090000,59.560001,55.382027,3778300
2015-11-23,59.500000,61.470001,59.500000,60.230000,56.005032,2427400
2015-11-24,59.639999,64.000000,59.639999,62.950001,58.534237,5628300
2015-11-25,63.419998,63.430000,61.639999,62.250000,57.883335,2358500
2015-11-27,61.549999,61.919998,59.279999,61.049999,56.767506,2285100
2015-11-30,61.450001,62.919998,60.830002,62.770000,58.366856,2878100
2015-12-01,63.790001,67.290001,63.500000,66.809998,62.123466,6375200
2015-12-02,66.260002,71.580002,66.029999,68.500000,63.694927,6911800
2015-12-03,68.449997,68.820000,63.689999,65.080002,60.514824,3747600
2015-12-04,65.070000,66.239998,62.939999,64.599998,60.068489,4241000
2015-12-07,64.099998,65.150002,63.119999,64.599998,60.068489,3427100
2015-12-08,62.799999,63.630001,60.439999,61.799999,57.464905,4571600
2015-12-09,66.760002,73.000000,65.660004,69.910004,65.006020,12687600
2015-12-10,70.000000,70.080002,66.309998,66.459999,61.798008,4745600
2015-12-11,65.550003,66.330002,62.070000,63.130001,58.701607,5520000
2015-12-14,63.299999,64.800003,61.880001,62.770000,58.366856,2906700
2015-12-15,63.740002,67.199997,63.389999,66.040001,61.407482,4010600
2015-12-16,67.169998,69.199997,65.830002,68.989998,64.150536,4192400
2015-12-17,69.099998,69.190002,64.199997,64.269997,59.761631,3748700
2015-12-18,64.110001,65.440002,63.259998,63.400002,58.952671,7710500
2015-12-21,63.509998,66.089996,62.799999,65.760002,61.147125,2991300
2015-12-22,65.919998,68.489998,65.010002,67.650002,62.904549,3561600
2015-12-23,68.150002,69.750000,67.900002,68.949997,64.113342,2444200
2015-12-24,68.650002,69.559998,67.809998,69.169998,64.317917,1339900
2015-12-28,69.000000,69.080002,66.489998,68.339996,63.546135,1865400
2015-12-29,69.050003,71.269997,68.949997,70.120003,65.201286,2614800
2015-12-30,69.570000,70.709999,68.379997,68.639999,63.825096,1909500
2015-12-31,68.610001,69.889999,68.070000,69.190002,64.336510,1645100
2016-01-04,67.029999,69.269997,64.639999,68.769997,63.945969,4249800
2016-01-05,69.239998,72.639999,67.650002,70.070000,65.154785,4286100
2016-01-06,67.730003,68.879997,65.360001,66.440002,61.779415,3316100
2016-01-07,63.939999,64.010002,59.799999,60.189999,55.967834,5525600
2016-01-08,61.509998,63.090000,57.549999,57.740002,53.689705,5740000
2016-01-11,59.009998,59.990002,56.009998,56.790001,52.806347,4608400
2016-01-12,58.450001,58.619999,54.930000,55.619999,51.718407,3806400
2016-01-13,56.160000,56.889999,51.630001,52.470001,48.789383,5413000
2016-01-14,52.759998,52.990002,49.950001,51.500000,47.887417,4978200
2016-01-15,53.160000,59.130001,52.049999,58.369999,54.275509,10548100
2016-01-19,59.849998,61.119999,57.310001,59.130001,54.982197,5851500
2016-01-20,57.509998,57.700001,52.520000,56.330002,52.378605,6212900
2016-01-21,56.419998,57.470001,54.330002,56.680000,52.704060,4076600
2016-01-22,59.000000,60.790001,57.959999,59.169998,55.019390,3590000
2016-01-25,60.980000,63.750000,60.169998,61.000000,56.721020,5654000
2016-01-26,61.639999,63.740002,59.660000,63.410000,58.961967,3025200
2016-01-27,62.689999,65.000000,61.250000,62.230000,57.864742,3125800
2016-01-28,64.669998,66.410004,62.290001,63.150002,58.720207,3660700
2016-01-29,63.709999,67.360001,63.549999,67.339996,62.616295,3137600
2016-02-01,66.510002,67.680000,63.549999,67.099998,62.393116,3953100
2016-02-02,65.540001,65.949997,61.259998,62.000000,57.650867,5434300
2016-02-03,62.470001,63.910000,59.529999,63.169998,58.738804,4244300
2016-02-04,62.490002,65.500000,61.310001,63.779999,59.306004,3666900
2016-02-05,63.310001,64.339996,61.500000,61.910000,57.567188,2462100
2016-02-08,61.080002,61.459999,57.049999,58.799999,54.675343,3846600
2016-02-09,57.470001,60.759998,56.580002,58.450001,54.349899,2595200
2016-02-10,59.009998,60.200001,57.610001,58.139999,54.061646,2776600
2016-02-11,58.459999,61.660000,56.509998,59.689999,55.502911,5410800
2016-02-12,62.750000,69.279999,62.299999,69.139999,64.290016,10716600
2016-02-16,70.839996,76.000000,69.849998,74.650002,69.413513,9057800
2016-02-17,75.309998,78.269997,73.660004,76.209999,70.864082,6938900
2016-02-18,75.650002,79.750000,73.550003,78.449997,72.946938,6318300
2016-02-19,76.370003,77.690002,75.650002,77.180000,72.226372,4207800
2016-02-22,79.180000,81.320000,78.620003,79.529999,74.425545,4864300
2016-02-23,79.709999,80.769997,78.230003,79.650002,74.537857,4284000
2016-02-24,78.440002,80.029999,75.570000,79.669998,74.556549,4629100
2016-02-25,78.919998,80.800003,77.800003,80.629997,75.454948,2669900
2016-02-26,81.389999,83.599998,81.180000,82.169998,76.896088,2963400
2016-02-29,82.169998,83.120003,81.610001,82.480003,77.186218,2440000
2016-03-01,84.449997,86.239998,84.169998,84.510002,79.085922,5705000
2016-03-02,85.080002,85.370003,83.300003,85.000000,79.544464,5406900
2016-03-03,84.150002,88.870003,83.580002,88.349998,82.679451,5496700
2016-03-04,88.370003,88.389999,84.320000,85.440002,79.956215,6043700
2016-03-07,83.500000,85.800003,82.080002,83.989998,78.599297,5192400
2016-03-08,83.199997,83.849998,80.120003,80.269997,75.118042,3575400
2016-03-09,81.419998,82.440002,79.769997,81.559998,76.325241,2372900
2016-03-10,82.739998,84.769997,81.300003,84.059998,78.664795,3257500
2016-03-11,83.540001,87.209999,83.199997,86.059998,80.536423,3903500
2016-03-14,86.160004,87.169998,84.660004,85.220001,79.750343,2555200
2016-03-15,86.070000,86.489998,81.949997,83.250000,77.906776,3401700
2016-03-16,82.889999,86.599998,82.699997,86.300003,80.761024,2380000
2016-03-17,86.699997,89.279999,86.599998,88.800003,83.100571,3257800
2016-03-18,91.680000,96.559998,91.360001,94.019997,87.985519,7033600
2016-03-21,93.080002,93.300003,90.059998,92.739998,86.787689,2732900
2016-03-22,94.330002,96.599998,93.680000,95.000000,88.902626,4003300
2016-03-23,94.750000,94.769997,91.500000,91.760002,85.870590,2251700
2016-03-24,90.500000,93.680000,89.550003,93.470001,87.470818,3299500
2016-03-28,93.529999,93.889999,89.610001,92.830002,86.871918,3305600
2016-03-29,94.720001,95.430000,92.150002,94.139999,88.097832,3409200
2016-03-30,95.650002,95.989998,91.739998,93.989998,87.957458,3214200
2016-03-31,94.080002,94.620003,92.010002,93.430000,87.433395,2973100
2016-04-01,91.839996,95.250000,90.339996,94.739998,88.659317,4545000
2016-04-04,94.559998,96.220001,93.169998,93.400002,87.405327,2755000
2016-04-05,91.620003,93.300003,90.400002,90.919998,85.084480,4427100
2016-04-06,91.699997,91.820000,85.720001,89.550003,83.802437,7407600
2016-04-07,95.040001,100.839996,94.769997,99.989998,93.572357,12644100
2016-04-08,100.620003,102.440002,97.400002,98.779999,92.440018,6248900
2016-04-11,99.629997,101.449997,98.300003,98.309998,92.000191,3806900
2016-04-12,97.760002,98.220001,95.519997,97.190002,90.952087,3437000
2016-04-13,96.370003,98.199997,95.730003,97.680000,91.410614,2991700
2016-04-14,101.000000,101.160004,96.599998,97.669998,91.401253,3927000
2016-04-15,97.419998,98.660004,96.809998,97.669998,91.401253,1861000
2016-04-18,97.089996,97.379997,95.900002,96.480003,90.287643,2527500
2016-04-19,96.709999,100.400002,96.709999,99.989998,93.572357,3433300
2016-04-20,99.269997,100.980003,98.500000,99.389999,93.010872,2424600
2016-04-21,96.790001,97.180000,94.360001,95.790001,89.641914,5222400
2016-04-22,95.529999,96.769997,94.379997,96.000000,89.838440,2482000
2016-04-25,95.830002,95.830002,89.940002,90.940002,85.103210,4901500
2016-04-26,90.940002,92.279999,89.260002,89.660004,83.905365,3680900
2016-04-27,89.389999,91.089996,88.879997,89.169998,83.446823,2514800
2016-04-28,88.360001,92.370003,88.290001,89.220001,83.493599,2969800
2016-04-29,88.019997,90.779999,87.769997,88.300003,82.632668,3214700
2016-05-02,91.300003,94.489998,90.769997,94.279999,88.228836,4269300
2016-05-03,92.989998,95.730003,91.580002,94.449997,88.387924,3669100
2016-05-04,92.379997,93.470001,90.120003,91.230003,85.374611,3303800
2016-05-05,91.070000,91.559998,88.980003,89.620003,83.867935,3925600
2016-05-06,91.610001,92.860001,88.580002,91.209999,85.355888,3671600
2016-05-09,91.550003,92.169998,89.059998,89.620003,83.867935,2693000
2016-05-10,89.839996,94.089996,89.720001,94.029999,87.994888,3088500
2016-05-11,93.989998,94.239998,92.059998,92.959999,86.993576,2085300
2016-05-12,93.690002,94.389999,91.510002,93.419998,87.424042,1876100
2016-05-13,92.529999,93.290001,89.730003,89.949997,84.629715,2341000
2016-05-16,89.839996,91.839996,89.550003,90.879997,85.504692,1520300
2016-05-17,90.879997,93.599998,90.290001,91.230003,85.834015,1978800
2016-05-18,90.410004,91.639999,88.089996,88.449997,83.218422,2691400
2016-05-19,87.699997,89.320000,87.160004,88.449997,83.218422,2504900
2016-05-20,88.930000,90.260002,88.610001,88.959999,83.698280,1746900
2016-05-23,89.300003,91.980003,89.000000,91.480003,86.069221,2111000
2016-05-24,92.379997,93.589996,91.699997,93.220001,87.706306,1619800
2016-05-25,93.870003,97.190002,93.800003,96.650002,90.933426,3116800
2016-05-26,97.449997,97.449997,93.809998,94.620003,89.023491,1974700
2016-05-27,94.550003,96.800003,94.089996,95.959999,90.284248,1598000
2016-05-31,96.400002,97.699997,95.699997,96.180000,90.491226,2139100
2016-06-01,94.010002,97.010002,93.080002,96.730003,91.008698,2100500
2016-06-02,96.839996,99.870003,96.010002,99.410004,93.530190,2976100
2016-06-03,98.919998,98.940002,96.059998,98.500000,92.674004,2769200
2016-06-06,96.989998,99.400002,96.250000,98.690002,92.852760,2323200
2016-06-07,98.379997,101.980003,98.129997,101.110001,95.129639,3214400
2016-06-08,102.000000,103.360001,100.050003,101.320000,95.327209,2593100
2016-06-09,100.489998,101.410004,99.620003,100.790001,94.828568,1238600
2016-06-10,99.940002,101.029999,98.449997,100.449997,94.508667,2469000
2016-06-13,99.629997,102.750000,99.550003,100.150002,94.226395,1952800
2016-06-14,99.360001,101.720001,98.269997,101.540001,95.534203,2412500
2016-06-15,101.660004,104.099998,100.870003,101.599998,95.590660,2211700
2016-06-16,100.680000,101.589996,99.180000,101.199997,95.214302,2074300
2016-06-17,102.309998,103.750000,101.599998,103.190002,97.086601,2191500
2016-06-20,104.019997,105.690002,100.139999,100.290001,94.358131,2839700
2016-06-21,100.519997,102.050003,99.529999,101.809998,95.788223,1991500
2016-06-22,102.349998,102.879997,100.639999,100.720001,94.762703,1747700
2016-06-23,102.000000,102.900002,101.139999,101.699997,95.684723,1569000
2016-06-24,97.870003,99.650002,91.949997,92.290001,86.831322,4896900
2016-06-27,90.750000,90.750000,86.339996,87.690002,82.503380,5475000
2016-06-28,90.199997,90.480003,87.400002,88.279999,83.058495,3780300
2016-06-29,90.000000,92.040001,88.900002,91.279999,85.881042,2613400
2016-06-30,91.440002,92.000000,89.150002,90.639999,85.278900,2580700
2016-07-01,90.800003,93.949997,90.639999,91.790001,86.360870,2821500
2016-07-05,91.250000,91.250000,88.120003,89.099998,83.829979,2405100
2016-07-06,88.559998,90.070000,87.260002,89.930000,84.610901,2133700
2016-07-07,90.070000,90.970001,88.180000,88.959999,83.698280,1986600
2016-07-08,89.790001,90.739998,89.199997,89.750000,84.441536,2006400
2016-07-11,91.300003,96.059998,91.279999,94.099998,88.534248,4057100
2016-07-12,95.870003,96.570000,94.510002,96.500000,90.792305,2634100
2016-07-13,96.480003,96.480003,93.970001,94.879997,89.268112,2037600
2016-07-14,93.779999,94.750000,90.779999,92.019997,86.577278,3453300
2016-07-15,92.559998,93.800003,92.139999,92.220001,86.765442,1770700
2016-07-18,92.360001,96.930000,92.129997,96.660004,90.942841,3102000
2016-07-19,96.000000,96.199997,94.529999,95.169998,89.540962,1799100
2016-07-20,94.290001,94.959999,93.190002,94.180000,88.609528,2077000
2016-07-21,94.080002,95.349998,93.430000,93.889999,88.336670,1793800
2016-07-22,94.500000,95.910004,93.489998,95.769997,90.105476,1510000
2016-07-25,97.250000,99.000000,96.260002,97.410004,91.648476,2883100
2016-07-26,100.010002,103.860001,99.900002,103.470001,97.350037,4013800
2016-07-27,103.250000,103.769997,100.199997,102.239998,96.192795,2386000
2016-07-28,102.519997,104.910004,101.000000,104.660004,98.469666,3848400
2016-07-29,96.139999,103.000000,96.010002,97.949997,92.156525,8143600
2016-08-01,97.949997,99.500000,94.820000,97.930000,92.137711,3437800
2016-08-02,97.559998,97.849998,96.050003,96.919998,91.187454,1947600
2016-08-03,96.029999,98.110001,95.500000,97.660004,91.883682,1497600
2016-08-04,98.019997,98.830002,96.330002,98.250000,92.438789,2042300
2016-08-05,98.930000,99.309998,97.349998,97.510002,91.742569,1808000
2016-08-08,97.660004,100.269997,97.570000,100.050003,94.132332,1973000
2016-08-09,99.959999,101.199997,99.059998,100.190002,94.737488,1674500
2016-08-10,100.400002,100.779999,98.809998,99.589996,94.170135,1296200
2016-08-11,100.199997,103.779999,100.010002,102.660004,97.073074,3362700
2016-08-12,99.500000,100.879997,99.230003,99.750000,94.321434,3005000
2016-08-15,100.980003,104.440002,100.160004,103.739998,98.094292,3662500
2016-08-16,104.059998,104.059998,100.620003,101.419998,95.900543,3013600
2016-08-17,101.879997,102.099998,100.870003,101.330002,95.815460,2032500
2016-08-18,100.949997,101.379997,98.250000,99.680000,94.255257,3053700
2016-08-19,98.790001,99.000000,95.940002,97.379997,92.080421,3887700
2016-08-22,97.690002,97.699997,96.120003,97.099998,91.815659,2698800
2016-08-23,98.019997,98.910004,96.250000,96.389999,91.144295,2775900
2016-08-24,96.010002,96.480003,90.349998,90.809998,85.867958,6068500
2016-08-25,91.620003,92.459999,90.059998,90.510002,85.584312,2758300
2016-08-26,90.690002,91.300003,88.870003,89.849998,84.960213,3116400
2016-08-29,89.349998,91.800003,89.300003,90.720001,85.782867,2147800
2016-08-30,90.860001,91.809998,89.639999,90.150002,85.243889,2159700
2016-08-31,89.269997,90.949997,88.500000,89.320000,84.459053,2146500
2016-09-01,93.580002,95.260002,93.000000,93.169998,88.099541,6805000
2016-09-02,93.800003,94.050003,91.110001,92.379997,87.352524,3025400
2016-09-06,92.959999,93.879997,91.820000,92.790001,87.740219,2029900
2016-09-07,93.489998,95.239998,93.250000,94.349998,89.215309,2617000
2016-09-08,95.940002,96.709999,95.019997,95.779999,90.567474,2792800
2016-09-09,96.370003,98.500000,95.230003,98.410004,93.054375,6349200
2016-09-12,97.570000,104.070000,97.080002,104.010002,98.349609,7002800
2016-09-13,103.059998,104.790001,102.199997,103.709999,98.065926,4456500
2016-09-14,104.500000,107.680000,103.260002,107.250000,101.413277,4905300
2016-09-15,106.879997,109.500000,104.730003,108.680000,102.765450,5706900
2016-09-16,108.650002,109.269997,106.720001,108.570000,102.661446,3835000
2016-09-19,108.279999,108.430000,103.449997,103.959999,98.302322,4265600
2016-09-20,103.730003,104.820000,102.419998,103.489998,97.857903,2818600
2016-09-21,104.089996,105.220001,101.510002,103.000000,97.394569,4014700
2016-09-22,103.510002,104.080002,101.720001,102.290001,96.723206,3839900
2016-09-23,101.080002,102.550003,98.379997,102.139999,96.581360,5125800
2016-09-26,101.550003,101.669998,99.660004,100.809998,95.323746,2622800
2016-09-27,100.139999,102.110001,99.769997,100.739998,95.257568,3779100
2016-09-28,101.559998,101.750000,98.500000,101.660004,96.127487,3047200
2016-09-29,101.169998,103.629997,100.000000,100.589996,95.115723,2858100
2016-09-30,98.139999,98.449997,94.800003,97.419998,92.118233,6737900
2016-10-03,100.290001,101.250000,98.930000,99.279999,93.877022,4234900
2016-10-04,99.269997,99.589996,96.160004,96.379997,91.134842,3288400
2016-10-05,96.320000,98.370003,95.879997,97.940002,92.609932,2699600
2016-10-06,97.500000,98.599998,97.099998,97.739998,92.420830,1969200
2016-10-07,97.629997,97.989998,96.139999,97.010002,91.730560,2165800
2016-10-10,97.190002,99.489998,97.010002,98.669998,93.300217,1812400
2016-10-11,99.830002,101.059998,97.379997,97.699997,92.383003,2791500
2016-10-12,97.330002,97.910004,96.000000,96.430000,91.182114,2034400
2016-10-13,95.750000,95.790001,92.820000,94.949997,89.782654,3060700
2016-10-14,95.669998,96.339996,91.910004,93.370003,88.288651,2885500
2016-10-17,91.230003,94.139999,91.059998,93.099998,88.033348,1887900
2016-10-18,94.489998,94.879997,92.570000,92.980003,87.919876,1171600
2016-10-19,92.790001,95.940002,92.790001,95.519997,90.321640,1852300
2016-10-20,95.139999,97.239998,95.010002,96.000000,90.775520,1498400
2016-10-21,95.500000,96.230003,94.500000,95.269997,90.085251,1927500
2016-10-24,96.820000,97.889999,96.400002,96.800003,91.531982,1500100
2016-10-25,96.650002,96.669998,95.150002,95.570000,90.368935,1172900
2016-10-26,95.230003,97.550003,95.230003,95.750000,90.539116,1804200
2016-10-27,97.050003,97.050003,93.120003,94.180000,89.054573,1851000
2016-10-28,94.290001,95.550003,93.750000,94.180000,89.054573,2079000
2016-10-31,94.660004,95.050003,93.419998,94.550003,89.404442,1341600
2016-11-01,96.430000,99.750000,95.949997,98.230003,92.884163,3722300
2016-11-02,97.769997,98.110001,95.860001,96.519997,91.267220,2542400
2016-11-03,92.209999,92.930000,86.730003,87.529999,82.766479,9050400
2016-11-04,88.230003,89.199997,86.570000,88.040001,83.248726,3223800
2016-11-07,89.949997,90.000000,87.320000,87.860001,83.078514,2792100
2016-11-08,87.900002,88.480003,86.180000,86.669998,81.953285,3418300
2016-11-09,85.349998,88.529999,84.599998,87.839996,83.059593,2798900
2016-11-10,89.160004,89.650002,84.800003,85.300003,80.657829,3564900
2016-11-11,84.790001,85.529999,82.510002,84.980003,80.355247,3252600
2016-11-14,84.500000,85.989998,82.760002,84.510002,79.910835,2479100
2016-11-15,84.949997,87.550003,84.879997,86.870003,82.631279,2288600
2016-11-16,86.779999,87.919998,85.900002,86.570000,82.345909,1825800
2016-11-17,87.790001,90.660004,87.349998,90.440002,86.027084,3636900
2016-11-18,91.230003,94.000000,90.889999,92.349998,87.843895,3224700
2016-11-21,94.709999,98.449997,94.250000,97.379997,92.628456,5209400
2016-11-22,97.059998,98.309998,96.000000,98.099998,93.313324,2690300
2016-11-23,97.949997,101.529999,97.550003,101.320000,96.376198,4267800
2016-11-25,101.510002,102.199997,100.470001,101.550003,96.594971,1170400
2016-11-28,101.410004,103.150002,100.760002,102.000000,97.023018,2746200
2016-11-29,101.180000,102.550003,99.199997,99.790001,94.920868,2687200
2016-11-30,101.800003,104.900002,101.519997,101.989998,97.013512,2618300
2016-12-01,101.000000,101.000000,97.330002,99.269997,94.426231,3881900
2016-12-02,98.000000,99.599998,97.400002,98.639999,93.826973,1955500
2016-12-05,99.559998,100.389999,97.970001,98.370003,93.570160,1678600
2016-12-06,99.000000,102.300003,98.750000,102.180000,97.194252,2892100
2016-12-07,101.279999,102.089996,100.050003,101.989998,97.013512,1769500
2016-12-08,102.230003,102.230003,90.000000,90.720001,86.293419,12682400
2016-12-09,96.410004,96.489998,91.150002,91.879997,87.396820,9967100
2016-12-12,92.279999,92.489998,90.080002,91.500000,87.035362,3363100
2016-12-13,93.129997,94.750000,92.019997,93.500000,88.937767,3743300
2016-12-14,93.750000,94.470001,91.449997,92.160004,87.663162,3537500
2016-12-15,91.820000,92.480003,90.389999,90.879997,86.445610,3120100
2016-12-16,91.040001,92.150002,90.430000,91.900002,87.415840,4099100
2016-12-19,92.000000,92.709999,89.849998,90.120003,85.722702,3142100
2016-12-20,90.330002,91.059998,88.000000,88.309998,84.001007,4096000
2016-12-21,89.099998,89.699997,88.000000,89.269997,84.914169,2455400
2016-12-22,89.010002,89.190002,87.699997,88.250000,83.943947,2076800
2016-12-23,87.809998,89.000000,87.739998,88.339996,84.029556,1256300
2016-12-27,88.629997,89.220001,88.010002,88.239998,83.934418,1483400
2016-12-28,88.230003,88.669998,86.620003,87.080002,82.831039,1671600
2016-12-29,87.070000,87.519997,86.739998,87.169998,82.916649,982500
2016-12-30,87.099998,87.449997,85.570000,86.510002,82.288834,1888500
2017-01-03,87.199997,87.889999,86.199997,87.459999,83.192482,2703500
2017-01-04,87.709999,90.459999,87.709999,90.279999,85.874886,2598800
2017-01-05,90.800003,92.330002,90.639999,91.440002,86.978279,2507500
2017-01-06,91.080002,92.629997,90.809998,92.430000,87.919991,1858400
2017-01-09,93.879997,95.000000,92.620003,92.750000,88.224365,2775300
2017-01-10,93.669998,95.470001,93.360001,94.830002,90.202881,3055400
2017-01-11,94.320000,94.760002,92.029999,92.930000,88.395584,2207300
2017-01-12,92.629997,92.800003,90.220001,91.940002,87.453896,1904000
2017-01-13,92.500000,92.500000,90.500000,90.529999,86.112701,1527100
2017-01-17,90.500000,93.199997,89.599998,92.339996,87.834381,2006400
2017-01-18,92.879997,92.879997,91.349998,91.980003,87.491943,1202400
2017-01-19,91.839996,92.349998,90.510002,90.930000,86.493179,1143500
2017-01-20,91.309998,92.209999,90.779999,90.820000,86.388542,955200
2017-01-23,90.889999,93.629997,90.889999,92.639999,88.119728,2322600
2017-01-24,92.870003,94.440002,92.510002,94.029999,89.441910,1775800
2017-01-25,94.599998,97.239998,94.599998,96.419998,91.715286,2865800
2017-01-26,96.000000,99.349998,95.199997,95.500000,90.840179,5216100
2017-01-27,102.000000,104.050003,101.000000,103.080002,98.050331,7967400
2017-01-30,102.720001,104.389999,102.099998,102.550003,97.546188,2483400
2017-01-31,102.150002,102.449997,100.889999,101.430000,96.480850,1827500
2017-02-01,99.559998,100.089996,97.769997,97.860001,93.085030,3025400
2017-02-02,97.330002,98.080002,96.559998,97.379997,92.628456,1698700
2017-02-03,97.680000,98.500000,96.699997,96.919998,92.190910,1888800
2017-02-06,98.250000,99.300003,95.989998,97.019997,92.286018,2828800
2017-02-07,96.870003,97.290001,96.529999,97.010002,92.276512,1903100
2017-02-08,96.980003,97.230003,96.330002,97.180000,92.438217,1061000
2017-02-09,97.559998,99.169998,97.300003,98.879997,94.055267,1764300
2017-02-10,99.029999,100.199997,98.519997,98.900002,94.552414,2314900
2017-02-13,98.879997,99.419998,98.209999,98.970001,94.619331,1621200
2017-02-14,100.510002,100.660004,97.599998,97.680000,93.386032,1866000
2017-02-15,97.440002,100.290001,96.910004,99.790001,95.403282,1924900
2017-02-16,99.589996,99.599998,96.570000,96.720001,92.468239,2813000
2017-02-17,96.209999,96.339996,95.019997,95.910004,91.693840,1988600
2017-02-21,96.199997,96.379997,95.050003,95.970001,91.751198,1551000
2017-02-22,95.889999,95.970001,94.309998,94.750000,90.584831,1975100
2017-02-23,95.160004,95.279999,93.599998,93.839996,89.714821,2079400
2017-02-24,93.250000,94.059998,92.669998,94.010002,89.877365,1935300
2017-02-27,94.440002,96.239998,94.279999,95.510002,91.311417,1694400
2017-02-28,95.220001,97.750000,94.809998,96.150002,91.923294,2094100
2017-03-01,99.900002,103.709999,99.620003,102.709999,98.194923,6088500
2017-03-02,102.669998,102.669998,99.739998,100.150002,95.747452,2754100
2017-03-03,100.019997,101.519997,99.080002,101.040001,96.598320,1782100
2017-03-06,100.779999,101.139999,99.519997,100.370003,95.957787,1206000
2017-03-07,99.779999,100.169998,98.250000,99.459999,95.087784,2462400
2017-03-08,99.379997,100.309998,98.760002,99.230003,94.867897,1204700
2017-03-09,98.820000,99.739998,98.410004,98.989998,94.638451,1081600
2017-03-10,99.169998,100.519997,98.820000,99.550003,95.173828,1485800
2017-03-13,101.949997,104.709999,101.500000,104.300003,99.715019,3453700
2017-03-14,104.199997,105.830002,103.750000,104.699997,100.097435,2777100
2017-03-15,104.820000,104.980003,103.129997,104.750000,100.145241,2129400
2017-03-16,105.000000,108.599998,103.779999,106.169998,101.502815,4710000
2017-03-17,107.269997,110.309998,106.699997,110.190002,105.346107,3913500
2017-03-20,110.000000,113.849998,110.000000,111.639999,106.732353,5013300
2017-03-21,112.989998,113.949997,110.550003,111.750000,106.837524,4163700
2017-03-22,111.860001,113.519997,111.300003,113.349998,108.367195,2473000
2017-03-23,113.290001,114.080002,111.779999,112.320000,107.382462,2302600
2017-03-24,112.750000,113.269997,110.889999,111.919998,107.000038,1666300
2017-03-27,110.809998,115.769997,110.180000,114.650002,109.610046,3487200
2017-03-28,114.980003,116.190002,113.889999,115.180000,110.116737,2148000
2017-03-29,114.870003,115.989998,114.550003,115.489998,110.413116,1213300
2017-03-30,115.290001,115.730003,113.800003,114.300003,109.275421,1685900
2017-03-31,113.339996,114.930000,112.699997,114.610001,109.571815,1979600
2017-04-03,117.820000,119.800003,115.870003,116.339996,111.225731,3477200
2017-04-04,116.000000,116.860001,115.269997,116.739998,111.608147,1668100
2017-04-05,118.269997,119.430000,116.510002,116.680000,111.550812,3103600
2017-04-06,116.180000,118.570000,116.080002,117.849998,112.669373,1953900
2017-04-07,117.769997,117.949997,116.300003,116.830002,111.694206,1582800
2017-04-10,116.300003,117.559998,115.320000,116.180000,111.072784,1293200
2017-04-11,116.410004,116.750000,113.860001,116.230003,111.120590,1934900
2017-04-12,116.629997,117.070000,114.739998,115.389999,110.317513,1654600
2017-04-13,115.050003,115.339996,112.910004,113.470001,108.481918,2553400
2017-04-17,113.769997,115.199997,113.690002,114.639999,109.600479,3059300
2017-04-18,114.000000,116.059998,113.820000,115.889999,110.795532,1752300
2017-04-19,115.750000,116.599998,114.739998,114.940002,109.887306,1207600
2017-04-20,116.180000,116.699997,115.400002,116.150002,111.044098,2107800
2017-04-21,116.250000,116.370003,114.400002,115.900002,110.805084,4250200
2017-04-24,116.980003,117.000000,115.220001,115.570000,110.489594,2350200
2017-04-25,115.730003,118.339996,115.730003,118.220001,113.023102,4245500
2017-04-26,123.300003,127.199997,121.570000,125.190002,119.686699,6282700
2017-04-27,125.220001,125.959999,124.000000,124.500000,119.027039,2448300
2017-04-28,125.040001,125.040001,122.970001,123.010002,117.602554,1520600
2017-05-01,123.989998,126.989998,123.250000,125.919998,120.384621,2138700
2017-05-02,126.510002,126.570000,124.860001,125.300003,119.791878,1497500
2017-05-03,125.239998,126.169998,124.540001,125.849998,120.317696,1322800
2017-05-04,126.120003,126.449997,123.879997,124.320000,118.854942,1423300
2017-05-05,123.480003,123.830002,119.839996,122.139999,116.770782,3086100
2017-05-08,120.790001,121.620003,119.169998,120.199997,114.916069,2901900
2017-05-09,120.440002,123.900002,120.230003,123.459999,118.525795,2917400
2017-05-10,122.550003,123.379997,121.680000,123.269997,118.343376,1236300
2017-05-11,123.360001,123.360001,121.709999,122.230003,117.344948,1051300
2017-05-12,124.680000,127.139999,124.180000,125.290001,120.282661,2374900
2017-05-15,124.790001,126.470001,124.260002,125.690002,120.666664,1396300
2017-05-16,126.430000,129.029999,126.050003,127.910004,122.797951,2408100
2017-05-17,126.230003,126.650002,122.389999,122.620003,117.719360,2716000
2017-05-18,120.550003,123.750000,120.519997,122.419998,117.527359,1651800
2017-05-19,123.029999,124.940002,120.470001,121.730003,116.864922,3182000
2017-05-22,123.559998,125.820000,123.000000,125.160004,120.157867,1979800
2017-05-23,125.839996,127.580002,123.889999,124.150002,119.188217,1907800
2017-05-24,124.190002,124.680000,123.320000,124.000000,119.044212,1100100
2017-05-25,124.029999,124.839996,123.669998,124.440002,119.466629,1000300
2017-05-26,124.449997,127.320000,124.449997,125.730003,120.705070,1354100
2017-05-30,125.730003,127.589996,125.360001,126.580002,121.521088,1617300
2017-05-31,126.860001,128.830002,125.500000,128.699997,123.556374,1697100
2017-06-01,131.800003,135.259995,130.750000,133.589996,128.250931,4059300
2017-06-02,134.449997,134.929993,133.190002,134.679993,129.297363,2293600
2017-06-05,134.350006,134.800003,132.500000,133.279999,127.953316,1423700
2017-06-06,133.509995,134.339996,132.289993,132.600006,127.300514,1892400
2017-06-07,133.270004,133.270004,131.169998,132.309998,127.022087,2371500
2017-06-08,133.440002,134.960007,132.500000,134.729996,129.345352,2607500
2017-06-09,134.529999,135.089996,127.599998,129.589996,124.410812,3109700
2017-06-12,128.669998,132.350006,128.029999,130.250000,125.044426,1921200
2017-06-13,132.460007,134.600006,132.070007,134.160004,128.798172,1665400
2017-06-14,134.410004,135.259995,132.589996,133.490005,128.154922,1235900
2017-06-15,131.460007,134.350006,130.850006,134.039993,128.682922,1257100
2017-06-16,134.410004,136.979996,133.910004,134.460007,129.086182,1806200
2017-06-19,136.600006,138.789993,136.110001,138.419998,132.887894,1824800
2017-06-20,138.100006,138.520004,136.320007,137.130005,131.649460,1359700
2017-06-21,137.029999,138.440002,136.589996,137.460007,131.966278,897200
2017-06-22,137.369995,137.960007,135.979996,137.050003,131.572678,1126900
2017-06-23,136.589996,138.399994,136.050003,138.320007,132.791901,1455900
2017-06-26,138.500000,139.669998,136.750000,137.149994,131.668640,1174500
2017-06-27,137.000000,138.750000,135.330002,135.630005,130.209412,1729800
2017-06-28,135.979996,136.690002,134.009995,135.940002,130.507019,1268400
2017-06-29,135.800003,135.820007,131.080002,132.759995,127.454102,1779600
2017-06-30,133.139999,135.059998,131.699997,134.119995,128.759750,1455000
2017-07-03,132.800003,132.899994,128.820007,131.009995,125.774063,2005600
2017-07-05,131.600006,132.889999,130.029999,132.419998,127.127693,1212300
2017-07-06,132.039993,132.820007,130.830002,130.910004,125.678040,1276900
2017-07-07,130.800003,133.440002,129.509995,132.460007,127.166100,1334800
2017-07-10,132.699997,135.149994,132.419998,134.949997,129.556580,1119800
2017-07-11,134.990005,135.899994,133.020004,134.289993,128.922958,1391100
2017-07-12,135.570007,136.529999,135.119995,135.270004,129.863800,1183400
2017-07-13,136.199997,136.330002,134.500000,134.979996,129.585373,953800
2017-07-14,129.529999,131.839996,127.010002,130.419998,125.207634,4478300
2017-07-17,130.000000,131.330002,128.899994,129.850006,124.660423,2156900
2017-07-18,129.960007,133.710007,129.929993,133.550003,128.212540,1740700
2017-07-19,134.289993,135.179993,131.899994,133.169998,127.847725,1359400
2017-07-20,133.259995,133.429993,131.699997,132.000000,126.724480,1008800
2017-07-21,132.190002,135.600006,132.179993,134.139999,128.778946,1646700
2017-07-24,136.229996,139.449997,135.539993,138.529999,132.993500,2814000
2017-07-25,139.089996,139.660004,136.669998,138.979996,133.425507,3743200
2017-07-26,132.000000,133.000000,128.440002,132.000000,126.724480,8653800
2017-07-27,132.330002,133.130005,127.339996,128.020004,122.903557,4513400
2017-07-28,127.849998,131.130005,127.650002,128.600006,123.460373,2730500
2017-07-31,129.559998,131.330002,128.550003,129.339996,124.170792,2475300
2017-08-01,130.130005,130.360001,127.419998,128.000000,122.884354,2424100
2017-08-02,127.839996,127.910004,124.160004,125.949997,120.916275,2906300
2017-08-03,126.199997,127.190002,125.199997,126.339996,121.290672,1238600
2017-08-04,126.570000,127.900002,125.870003,127.510002,122.413933,1034400
2017-08-07,128.320007,130.449997,128.000000,130.229996,125.025215,1707400
2017-08-08,130.649994,131.690002,129.389999,130.070007,125.352890,1791700
2017-08-09,129.559998,130.070007,128.440002,129.850006,125.140892,1789000
2017-08-10,129.000000,129.520004,125.930000,126.019997,121.449776,2174300
2017-08-11,125.570000,126.370003,124.110001,125.629997,121.073914,1235200
2017-08-14,127.309998,128.470001,126.779999,128.179993,123.531425,1290200
2017-08-15,131.320007,136.520004,131.250000,136.389999,131.443680,5147800
2017-08-16,136.649994,136.960007,135.410004,136.449997,131.501495,2131200
2017-08-17,136.000000,137.110001,134.139999,134.619995,129.737869,2190300
2017-08-18,134.509995,136.979996,133.490005,134.899994,130.007736,1729600
2017-08-21,135.990005,136.500000,133.229996,135.639999,130.720901,1671300
2017-08-22,136.479996,137.949997,135.789993,136.149994,131.212387,1931800
2017-08-23,133.899994,135.440002,133.270004,134.750000,129.863159,1720300
2017-08-24,135.300003,135.300003,132.570007,134.100006,129.236755,1474400
2017-08-25,133.850006,135.289993,132.820007,134.649994,129.766785,1128900
2017-08-28,134.860001,135.289993,132.259995,133.899994,129.043991,1976400
2017-08-29,133.449997,135.490005,132.630005,135.250000,130.345047,1136700
2017-08-30,135.309998,136.339996,134.520004,136.100006,131.164200,1012100
2017-08-31,137.110001,139.940002,136.360001,138.990005,133.949387,2629700
2017-09-01,141.399994,144.809998,140.850006,143.419998,138.218750,3014100
2017-09-05,142.580002,143.919998,140.839996,142.500000,137.332108,1836000
2017-09-06,143.809998,143.910004,142.089996,143.380005,138.180206,1817300
2017-09-07,144.000000,147.500000,143.820007,145.750000,140.464233,1860700
2017-09-08,145.529999,146.889999,144.160004,144.429993,139.192108,1081100
2017-09-11,146.169998,146.210007,144.210007,145.899994,140.608795,1516700
2017-09-12,145.500000,146.259995,143.910004,145.919998,140.628067,992300
2017-09-13,146.399994,146.490005,144.559998,145.470001,140.194382,933400
2017-09-14,145.000000,145.130005,143.949997,144.100006,138.874084,1070400
2017-09-15,144.110001,145.149994,142.869995,143.220001,138.026001,1534800
2017-09-18,143.770004,145.089996,143.419998,143.839996,138.623489,900700
2017-09-19,144.179993,147.380005,144.000000,147.009995,141.678543,1968900
2017-09-20,147.350006,147.899994,144.089996,145.690002,140.406433,1223400
2017-09-21,145.139999,145.800003,142.699997,145.399994,140.126923,1361100
2017-09-22,144.910004,146.089996,144.600006,144.910004,139.654709,1022800
2017-09-25,143.460007,143.960007,140.199997,141.130005,136.011780,2193500
2017-09-26,142.380005,145.000000,141.789993,144.619995,139.375244,1085700
2017-09-27,145.000000,147.020004,144.580002,145.279999,140.011276,1348500
2017-09-28,145.399994,146.130005,144.169998,144.380005,139.143936,1132800
2017-09-29,147.110001,150.149994,146.470001,148.919998,143.519287,3215000
2017-10-02,147.110001,148.869995,145.399994,147.070007,141.736374,3006000
2017-10-03,147.669998,148.229996,146.360001,147.089996,141.755646,1709000
2017-10-04,146.639999,147.580002,145.949997,146.970001,141.639984,1525000
2017-10-05,147.539993,150.399994,146.809998,146.960007,141.630386,1718500
2017-10-06,144.679993,145.830002,142.320007,143.940002,138.719894,3339400
2017-10-09,142.399994,144.210007,139.199997,143.369995,138.170563,2587500
2017-10-10,144.279999,145.279999,141.949997,142.539993,137.370636,1503900
2017-10-11,142.029999,144.190002,142.009995,143.270004,138.074188,870200
2017-10-12,143.559998,145.899994,140.110001,140.759995,135.655212,2441900
2017-10-13,141.289993,143.210007,140.229996,142.330002,137.168259,1450300
2017-10-16,143.929993,148.139999,143.789993,146.809998,141.485809,2831200
2017-10-17,146.559998,147.320007,145.800003,146.399994,141.090668,1005900
2017-10-18,146.119995,146.830002,144.509995,145.330002,140.059479,1173000
2017-10-19,144.000000,145.630005,143.389999,145.529999,140.252197,785200
2017-10-20,146.800003,146.820007,144.220001,144.440002,139.201752,1063100
2017-10-23,144.399994,146.729996,144.399994,144.759995,139.510147,1212700
2017-10-24,145.009995,145.649994,144.279999,144.910004,139.654709,735400
2017-10-25,144.600006,146.550003,143.000000,143.509995,138.305481,1705400
2017-10-26,145.529999,146.100006,142.729996,145.339996,140.069077,2748100
2017-10-27,142.660004,146.000000,141.050003,143.149994,137.958542,3037700
2017-10-30,142.550003,142.759995,140.380005,141.210007,136.088913,1636000
2017-10-31,143.880005,149.649994,143.880005,147.490005,142.141159,3938100
2017-11-01,152.380005,153.559998,149.869995,151.550003,146.053894,3463900
2017-11-02,151.550003,152.130005,149.889999,150.050003,144.608292,1357300
2017-11-03,149.500000,151.020004,149.100006,150.089996,144.646835,1213700
2017-11-06,150.050003,154.279999,149.550003,151.389999,145.899719,1771400
2017-11-07,152.850006,153.419998,150.740005,152.190002,146.670700,1285900
2017-11-08,152.250000,153.000000,151.089996,152.789993,147.248932,2153400
2017-11-09,151.949997,154.089996,151.240005,153.589996,148.019913,1455300
2017-11-10,153.190002,154.669998,153.009995,154.029999,148.443970,903900
2017-11-13,153.750000,156.399994,153.520004,155.240005,149.610092,1282900
2017-11-14,154.539993,155.270004,152.279999,153.600006,148.029572,1101200
2017-11-15,152.500000,152.500000,150.009995,151.619995,146.598557,1191100
2017-11-16,152.000000,154.300003,151.809998,153.199997,148.126251,1269900
2017-11-17,152.899994,153.690002,151.979996,152.279999,147.236710,849600
2017-11-20,153.750000,157.809998,153.589996,156.960007,151.761719,1771400
2017-11-21,156.960007,158.729996,156.690002,158.570007,153.318390,916900
2017-11-22,158.529999,159.550003,157.720001,158.690002,153.434433,962300
2017-11-24,158.580002,159.990005,158.399994,159.419998,154.140244,436500
2017-11-27,158.630005,160.000000,158.130005,158.490005,153.241058,945000
2017-11-28,158.619995,159.699997,157.029999,157.500000,152.283829,1413400
2017-11-29,158.020004,158.250000,153.669998,156.070007,150.901230,1630000
2017-11-30,155.679993,158.820007,153.009995,158.080002,152.844620,1474500
2017-12-01,159.350006,160.800003,154.740005,159.009995,153.743835,1803100
2017-12-04,159.970001,160.350006,155.440002,158.070007,152.834946,1427100
2017-12-05,158.830002,160.970001,157.770004,159.449997,154.169250,1473900
2017-12-06,157.600006,160.190002,157.000000,157.850006,152.622238,1066500
2017-12-07,158.020004,159.259995,156.149994,158.919998,153.656784,1155700
2017-12-08,160.000000,160.429993,158.910004,159.539993,154.256271,1066900
2017-12-11,163.289993,165.229996,162.750000,164.259995,158.819962,2596700
2017-12-12,162.440002,164.460007,162.190002,162.309998,156.934540,1610900
2017-12-13,163.800003,166.699997,163.339996,164.850006,159.390411,1355200
2017-12-14,165.750000,166.789993,164.570007,165.000000,159.535461,1161200
2017-12-15,166.389999,166.389999,164.350006,166.029999,160.531326,1496300
2017-12-18,166.000000,166.830002,164.100006,165.130005,159.661148,1450300
2017-12-19,165.949997,166.639999,165.289993,166.139999,160.637695,1004900
2017-12-20,166.000000,169.250000,164.690002,168.949997,163.354630,1480100
2017-12-21,169.800003,170.000000,168.250000,168.509995,162.929214,1104300
2017-12-22,167.770004,168.710007,167.020004,167.750000,162.194382,748600
2017-12-26,167.990005,168.699997,166.740005,168.619995,163.035553,661100
2017-12-27,167.779999,170.300003,166.259995,170.210007,164.572906,951600
2017-12-28,170.559998,171.059998,168.300003,168.479996,162.900177,1073000
2017-12-29,168.460007,168.869995,166.679993,168.589996,163.006546,1336300
2018-01-02,165.110001,166.339996,163.720001,164.300003,158.858627,2581200
2018-01-03,165.039993,165.389999,160.559998,162.520004,157.137573,3530900
2018-01-04,163.190002,163.479996,161.529999,163.399994,157.988434,2708800
2018-01-05,164.470001,166.250000,163.119995,164.490005,159.042343,2186600
2018-01-08,164.119995,164.149994,161.500000,162.300003,156.924881,1803800
2018-01-09,162.899994,163.770004,162.089996,163.399994,157.988434,2453600
2018-01-10,162.160004,162.429993,160.380005,162.000000,156.634796,2296800
2018-01-11,162.000000,163.389999,160.970001,162.500000,157.118256,2420700
2018-01-12,162.830002,165.850006,161.119995,165.539993,160.057556,2680200
2018-01-16,170.600006,172.630005,167.440002,168.729996,163.141922,3264400
2018-01-17,171.559998,174.809998,170.910004,173.589996,167.840958,2367100
2018-01-18,173.360001,176.070007,171.669998,175.479996,169.668365,1847400
2018-01-19,176.750000,179.860001,176.479996,179.639999,173.690598,1840800
2018-01-22,187.589996,195.839996,185.020004,195.229996,188.764267,6777500
2018-01-23,196.940002,201.690002,194.589996,194.949997,188.493530,4261800
2018-01-24,196.880005,201.970001,194.199997,200.580002,193.937088,3248400
2018-01-25,200.750000,203.630005,198.160004,200.600006,193.956436,3490700
2018-01-26,201.990005,201.990005,178.039993,180.289993,174.319031,22145600
2018-01-29,171.029999,171.839996,162.339996,163.479996,158.065781,25903500
2018-01-30,160.889999,172.300003,160.720001,171.389999,165.713821,16494600
2018-01-31,173.270004,176.979996,162.600006,165.589996,160.105896,11253100
2018-02-01,166.009995,171.779999,164.029999,170.490005,164.843658,6416100
2018-02-02,167.949997,173.000000,166.000000,166.559998,161.043762,5398800
2018-02-05,165.619995,170.779999,165.300003,165.479996,159.999557,4916800
2018-02-06,163.500000,167.660004,162.240005,163.220001,157.814392,3672700
2018-02-07,175.559998,180.100006,172.949997,177.320007,171.447433,15719900
2018-02-08,178.199997,179.199997,169.149994,169.279999,163.673691,5312600
2018-02-09,168.649994,168.740005,160.889999,166.220001,160.715042,5511100
2018-02-12,167.619995,167.759995,162.000000,162.919998,157.524338,3427500
2018-02-13,163.000000,165.550003,162.490005,164.660004,159.206711,2122900
2018-02-14,163.509995,165.380005,162.550003,164.160004,159.206726,2116700
2018-02-15,164.580002,166.289993,161.800003,164.009995,159.061234,2642400
2018-02-16,164.110001,167.380005,162.509995,164.279999,159.323090,3451200
2018-02-20,163.880005,166.919998,163.279999,164.919998,159.943756,1915800
2018-02-21,164.690002,169.000000,164.539993,166.360001,161.340317,1962900
2018-02-22,166.389999,167.669998,162.070007,164.190002,159.235794,2533400
2018-02-23,165.000000,167.399994,164.110001,167.130005,162.087097,1904900
2018-02-26,168.070007,169.720001,167.210007,169.000000,163.900650,1776300
2018-02-27,169.419998,169.649994,166.509995,168.750000,163.658218,2023200
2018-02-28,168.740005,169.949997,166.830002,167.500000,162.445923,2578000
2018-03-01,168.250000,168.460007,163.259995,163.419998,158.489029,2561500
2018-03-02,161.779999,163.500000,156.539993,163.059998,158.139877,4147600
2018-03-05,161.330002,166.720001,158.660004,165.059998,160.079544,2803600
2018-03-06,166.630005,167.300003,164.009995,166.779999,161.747635,1257600
2018-03-07,165.119995,169.229996,164.619995,168.410004,163.328461,1551900
2018-03-08,173.240005,180.520004,171.600006,179.110001,173.705612,6348200
2018-03-09,189.220001,192.750000,184.410004,188.889999,183.190506,9408500
2018-03-12,189.210007,192.320007,188.179993,191.789993,186.002991,4959100
2018-03-13,189.210007,192.320007,184.710007,185.410004,179.815536,3765900
2018-03-14,185.919998,187.289993,183.669998,185.220001,179.631241,2012700
2018-03-15,185.000000,187.639999,184.699997,186.210007,180.591385,1543000
2018-03-16,186.779999,187.119995,183.860001,184.759995,179.185135,2031200
2018-03-19,183.699997,183.699997,180.309998,181.619995,176.139893,1467300
2018-03-20,181.619995,185.800003,181.020004,184.190002,178.632324,1737000
2018-03-21,183.039993,183.039993,178.589996,178.919998,173.521332,5681200
2018-03-22,176.679993,179.240005,174.059998,175.539993,170.243332,3736200
2018-03-23,182.279999,183.910004,174.419998,175.880005,170.573074,5924200
2018-03-26,177.889999,179.300003,173.839996,177.000000,171.659271,2512500
2018-03-27,179.149994,183.199997,176.600006,177.729996,172.367249,2953800
2018-03-28,176.940002,177.429993,173.059998,176.039993,170.728241,2262600
2018-03-29,177.570007,182.899994,177.130005,182.360001,176.857544,3300700
2018-04-02,184.779999,186.289993,178.949997,181.000000,175.538589,2561200
2018-04-03,183.050003,183.500000,177.360001,180.300003,174.859695,2018900
2018-04-04,177.089996,179.970001,175.759995,179.580002,174.161438,2022200
2018-04-05,180.339996,183.169998,178.800003,181.240005,175.771347,1619600
2018-04-06,183.050003,184.649994,176.820007,178.490005,173.104324,2809600
2018-04-09,179.000000,182.070007,177.029999,180.380005,174.937302,1896900
2018-04-10,183.000000,184.139999,181.520004,183.279999,177.749786,1978600
2018-04-11,182.169998,183.490005,179.630005,179.830002,174.403900,1180900
2018-04-12,180.850006,188.000000,180.210007,186.639999,181.008408,3135900
2018-04-13,187.419998,187.839996,182.649994,183.809998,178.263794,1477500
2018-04-16,184.490005,188.759995,182.380005,188.699997,183.006241,1887900
2018-04-17,190.039993,191.789993,188.699997,190.649994,184.897400,2068600
2018-04-18,191.449997,194.300003,190.779999,192.910004,187.089218,1847200
2018-04-19,193.630005,194.190002,190.339996,191.649994,185.867233,1845400
2018-04-20,191.149994,193.110001,190.179993,192.509995,186.701263,1902800
2018-04-23,193.009995,194.059998,189.570007,193.240005,187.409271,1777300
2018-04-24,193.740005,194.660004,186.889999,190.000000,184.267014,3979400
2018-04-25,185.169998,186.470001,179.220001,182.889999,177.371552,4413700
2018-04-26,183.229996,184.699997,180.050003,184.259995,178.700211,2336800
2018-04-27,185.309998,187.630005,183.470001,185.110001,179.524567,2057700
2018-04-30,185.979996,188.320007,185.160004,186.190002,180.571991,2299100
2018-05-01,188.429993,192.449997,188.020004,191.850006,186.061203,2864400
2018-05-02,191.229996,193.429993,189.320007,191.029999,185.265945,1816000
2018-05-03,190.789993,192.300003,188.229996,191.619995,185.838135,1781300
2018-05-04,190.539993,195.320007,190.360001,192.410004,186.604324,2311900
2018-05-07,192.839996,193.470001,190.119995,191.910004,186.119385,1936000
2018-05-08,191.589996,193.190002,190.949997,191.750000,185.964218,1261600
2018-05-09,191.479996,199.259995,190.500000,199.210007,193.199127,3152400
2018-05-10,199.750000,202.479996,196.809998,201.509995,195.429718,2749300
2018-05-11,201.009995,201.490005,195.259995,195.649994,189.746536,1899800
2018-05-14,195.440002,196.470001,190.940002,191.630005,185.847839,2624900
2018-05-15,191.610001,192.270004,188.380005,190.919998,185.159241,1883100
2018-05-16,190.160004,193.580002,189.449997,192.509995,187.437607,1672900
2018-05-17,192.750000,194.360001,189.240005,189.979996,184.974258,1721500
2018-05-18,189.770004,192.050003,187.970001,189.029999,184.049286,1319400
2018-05-21,192.289993,196.389999,191.809998,194.179993,189.063599,2492900
2018-05-22,194.240005,195.000000,192.179993,193.880005,188.771515,1195100
2018-05-23,192.690002,194.740005,191.949997,194.610001,189.482269,1205500
2018-05-24,194.679993,195.139999,193.460007,193.649994,188.547562,814900
2018-05-25,193.520004,195.250000,192.699997,194.210007,189.092819,1166500
2018-05-29,192.289993,194.449997,191.070007,193.389999,188.294403,1048100
2018-05-30,194.050003,196.300003,193.520004,195.669998,190.514328,1301800
2018-05-31,195.919998,197.679993,193.110001,196.009995,190.845383,2240500
2018-06-01,193.000000,194.080002,187.419998,192.500000,187.427872,3732500
2018-06-04,191.809998,192.479996,181.160004,182.830002,178.012650,5783500
2018-06-05,182.490005,184.429993,174.929993,176.880005,172.219437,7194500
2018-06-06,178.110001,180.210007,174.610001,179.509995,174.780136,5006900
2018-06-07,179.210007,179.750000,175.740005,176.250000,171.606033,2686100
2018-06-08,176.639999,179.889999,176.250000,178.119995,173.426758,2434200
2018-06-11,179.440002,183.369995,179.059998,180.820007,176.055634,3906600
2018-06-12,182.100006,183.149994,179.199997,179.389999,174.663300,2898300
2018-06-13,179.679993,179.880005,176.050003,176.419998,171.771561,3365500
2018-06-14,176.899994,177.380005,175.009995,176.250000,171.606033,2440700
2018-06-15,174.199997,174.820007,172.270004,173.309998,168.743500,3246000
2018-06-18,172.210007,176.029999,172.139999,175.089996,170.476593,2412500
2018-06-19,172.800003,175.369995,171.820007,172.419998,167.876953,2795600
2018-06-20,174.210007,176.729996,173.880005,174.440002,169.843735,2128200
2018-06-21,173.809998,174.500000,171.279999,172.000000,167.468033,1898800
2018-06-22,172.559998,172.990005,169.770004,170.139999,165.657043,3024300
2018-06-25,168.500000,170.720001,165.520004,166.539993,162.151886,2734100
2018-06-26,166.630005,168.330002,165.449997,167.199997,162.794495,1884800
2018-06-27,166.699997,169.289993,163.809998,163.910004,159.591187,2067900
2018-06-28,163.190002,165.009995,162.020004,164.009995,159.688553,1401200
2018-06-29,164.679993,168.360001,164.229996,167.339996,162.930817,3256400
2018-07-02,159.270004,159.990005,151.839996,154.139999,150.078598,6755000
2018-07-03,154.610001,155.449997,152.009995,152.169998,148.160507,2227700
2018-07-05,152.289993,154.910004,151.020004,154.839996,150.760162,2626100
2018-07-06,155.089996,157.080002,154.190002,156.860001,152.726944,2048800
2018-07-09,160.419998,162.220001,159.770004,160.130005,155.910782,4568900
2018-07-10,162.199997,166.229996,161.630005,165.380005,161.022461,4051000
2018-07-11,162.509995,162.789993,160.960007,161.190002,156.942856,2950900
2018-07-12,162.589996,164.789993,161.800003,164.529999,160.194839,1785200
2018-07-13,164.160004,165.839996,162.649994,165.240005,160.886139,1452100
2018-07-16,165.500000,166.770004,164.479996,166.029999,161.655319,1373900
2018-07-17,164.649994,165.520004,162.139999,164.960007,160.613525,1607800
2018-07-18,165.039993,165.289993,162.880005,164.949997,160.603775,1704600
2018-07-19,164.000000,165.000000,163.270004,163.570007,159.260132,1258000
2018-07-20,163.559998,164.699997,163.110001,163.919998,159.600922,1348400
2018-07-23,163.550003,164.639999,162.070007,163.740005,159.425659,1657000
2018-07-24,165.000000,167.210007,163.080002,163.559998,159.250397,2888200
2018-07-25,163.770004,165.960007,163.289993,165.800003,161.431381,1731500
2018-07-26,164.250000,165.559998,161.589996,165.259995,160.905594,2220400
2018-07-27,165.039993,167.289993,161.789993,163.389999,159.084885,1511800
2018-07-30,163.029999,163.839996,161.529999,161.820007,157.556259,1834900
2018-07-31,162.029999,167.589996,162.029999,166.779999,162.385544,1955700
2018-08-01,166.520004,166.990005,158.600006,159.990005,155.774475,4672000
2018-08-02,153.470001,155.000000,147.179993,149.539993,145.599808,7324500
2018-08-03,149.000000,150.380005,146.259995,149.190002,145.259033,3543800
2018-08-06,149.179993,153.360001,148.869995,152.949997,148.919952,2117900
2018-08-07,152.550003,154.389999,151.509995,153.289993,149.251007,1587600
2018-08-08,153.279999,156.750000,152.360001,153.889999,149.835205,2226400
2018-08-09,154.190002,154.910004,151.960007,152.320007,148.306580,1917800
2018-08-10,150.979996,150.979996,147.660004,148.520004,144.606689,3951400
2018-08-13,147.990005,149.809998,147.380005,148.000000,144.100372,2079500
2018-08-14,146.339996,146.929993,143.429993,143.869995,140.079208,4039400
2018-08-15,142.250000,142.440002,138.100006,138.169998,135.234375,3872100
2018-08-16,139.649994,141.440002,139.070007,139.600006,136.633987,2550800
2018-08-17,139.410004,142.960007,139.380005,142.330002,139.305984,1797200
2018-08-20,144.979996,146.250000,143.479996,145.779999,142.682693,2467900
2018-08-21,146.320007,146.850006,144.770004,145.330002,142.242249,1818100
2018-08-22,145.250000,145.660004,144.169998,145.050003,141.968201,1142800
2018-08-23,145.000000,148.470001,144.800003,145.139999,142.056290,2257500
2018-08-24,145.369995,146.000000,145.000000,145.899994,142.800140,1438700
2018-08-27,147.360001,151.929993,147.360001,148.729996,145.570007,2752300
2018-08-28,148.820007,149.600006,147.059998,147.960007,144.816391,1193800
2018-08-29,148.089996,149.320007,146.580002,148.759995,145.599380,1842600
2018-08-30,148.889999,149.240005,147.529999,148.529999,145.374268,1722600
2018-08-31,148.119995,150.580002,146.009995,148.339996,145.188293,2956500
2018-09-04,147.720001,148.110001,142.279999,143.029999,139.991119,2751400
2018-09-05,142.130005,142.240005,139.880005,140.369995,137.387634,2164200
2018-09-06,139.750000,139.789993,127.330002,127.849998,125.133644,6215600
2018-09-07,127.110001,130.500000,126.959999,128.380005,125.652390,3230900
2018-09-10,129.669998,134.559998,129.289993,134.199997,131.348709,4579500
2018-09-11,131.750000,133.990005,129.820007,133.490005,130.653824,4106800
2018-09-12,131.539993,135.470001,131.399994,134.940002,132.072998,3096300
2018-09-13,136.080002,138.100006,133.199997,135.179993,132.307907,2047200
2018-09-14,137.880005,139.000000,134.729996,135.279999,132.405777,2257400
2018-09-17,134.990005,135.580002,132.190002,132.449997,129.635910,1461100
2018-09-18,133.080002,133.550003,131.000000,132.970001,130.144852,1417200
2018-09-19,133.889999,137.449997,133.399994,135.729996,132.846222,1963700
2018-09-20,136.619995,138.770004,136.399994,137.309998,134.392654,2605100
2018-09-21,138.500000,138.949997,136.490005,136.729996,133.824966,5336900
2018-09-24,135.039993,136.000000,132.410004,132.979996,130.154633,2487000
2018-09-25,133.179993,134.559998,132.339996,133.940002,131.094238,1650700
2018-09-26,133.000000,134.080002,131.419998,131.669998,128.872467,2967700
2018-09-27,131.059998,131.179993,128.660004,128.940002,126.200478,2576800
2018-09-28,128.809998,129.470001,126.779999,127.059998,124.360413,2657700
2018-10-01,126.900002,127.389999,123.029999,125.290001,122.628036,3494500
2018-10-02,125.480003,126.690002,123.349998,123.809998,121.179474,2037700
2018-10-03,125.050003,129.330002,124.720001,127.139999,124.438721,2406300
2018-10-04,127.449997,127.809998,122.379997,123.440002,120.817337,2145100
2018-10-05,124.000000,125.230003,118.070000,120.629997,118.067039,3370800
2018-10-08,118.410004,119.300003,114.459999,116.269997,113.799667,3584500
2018-10-09,115.879997,119.580002,115.599998,118.959999,116.432518,2643200
2018-10-10,119.150002,121.099998,114.949997,115.110001,112.664322,2442000
2018-10-11,114.339996,118.949997,114.099998,116.220001,113.750740,3319400
2018-10-12,119.419998,120.500000,115.050003,116.580002,114.103088,2366100
2018-10-15,115.790001,116.330002,113.309998,114.669998,112.233665,2116800
2018-10-16,116.330002,118.360001,114.769997,117.830002,115.326530,1720200
2018-10-17,118.500000,120.620003,115.800003,118.290001,115.776764,1954800
2018-10-18,118.050003,118.279999,113.500000,113.870003,111.450661,1661600
2018-10-19,114.290001,116.050003,109.900002,110.199997,107.858643,2777100
2018-10-22,111.419998,112.000000,107.959999,108.699997,106.390503,2295300
2018-10-23,104.849998,104.900002,100.239998,102.690002,100.508209,4342400
2018-10-24,103.980003,104.160004,98.959999,99.419998,97.307678,3371400
2018-10-25,100.110001,103.779999,99.120003,103.220001,101.026939,2726900
2018-10-26,100.629997,103.040001,97.239998,100.510002,98.374519,2901000
2018-10-29,102.000000,102.279999,92.500000,94.180000,92.179008,3158300
2018-10-30,93.739998,97.980003,92.769997,97.599998,95.526352,3327400
2018-10-31,99.400002,102.400002,98.860001,100.599998,98.462601,3323200
2018-11-01,101.410004,114.239998,101.110001,112.629997,110.237007,6067500
2018-11-02,112.930000,114.199997,108.839996,111.690002,109.316986,3883300
2018-11-05,111.250000,112.320000,107.489998,109.300003,106.977768,2213300
2018-11-06,109.430000,111.290001,107.669998,109.690002,107.359482,1523300
2018-11-07,111.750000,114.320000,109.970001,113.989998,111.568115,5263100
2018-11-08,98.250000,102.529999,97.250000,99.019997,96.916168,13478400
2018-11-09,98.510002,101.370003,96.000000,98.320000,96.231056,5228400
2018-11-12,97.790001,101.720001,97.699997,99.500000,97.385971,3008000
2018-11-13,100.209999,104.099998,100.139999,101.989998,99.823067,3090700
2018-11-14,103.089996,105.739998,102.089996,103.239998,101.046516,2463600
2018-11-15,104.820000,107.510002,102.459999,106.400002,104.139374,2971200
2018-11-16,105.970001,108.080002,105.019997,107.760002,105.470482,2617700
2018-11-19,108.050003,109.250000,103.220001,104.220001,102.005699,2223500
2018-11-20,100.389999,101.839996,99.410004,100.949997,99.521355,3958700
2018-11-21,102.580002,107.769997,102.550003,105.730003,104.233711,1997600
2018-11-23,104.730003,106.000000,103.150002,104.330002,102.853523,714100
2018-11-26,108.209999,112.199997,107.930000,111.519997,109.941765,2741800
2018-11-27,110.180000,113.050003,108.160004,112.830002,111.233231,2983300
2018-11-28,114.269997,114.830002,109.400002,112.800003,111.203659,3476000
2018-11-29,111.250000,111.330002,106.459999,108.120003,106.589890,3468900
2018-11-30,107.500000,109.690002,106.629997,109.400002,107.851768,3025700
2018-12-03,117.970001,122.000000,117.620003,119.790001,118.094734,5976800
2018-12-04,118.459999,118.750000,110.150002,110.360001,108.798187,4552700
2018-12-06,107.529999,112.589996,104.180000,112.410004,110.819176,3641100
2018-12-07,110.910004,113.910004,104.059998,104.989998,103.504181,3357000
2018-12-10,105.959999,109.879997,104.239998,106.239998,104.736488,2926300
2018-12-11,109.870003,110.589996,104.660004,105.540001,104.046394,2355900
2018-12-12,107.500000,111.150002,107.500000,109.400002,107.851768,2494300
2018-12-13,110.290001,111.279999,106.930000,108.110001,106.580025,2781900
2018-12-14,105.809998,109.169998,105.699997,106.699997,105.189980,2032900
2018-12-17,106.709999,109.480003,103.300003,104.480003,103.001404,2964100
2018-12-18,105.120003,107.019997,101.290001,103.089996,101.631065,3253700
2018-12-19,103.059998,105.389999,97.000000,98.389999,96.997589,3341700
2018-12-20,97.889999,100.750000,96.139999,97.800003,96.415932,2876000
2018-12-21,97.550003,100.029999,92.860001,93.410004,92.088066,4350000
2018-12-24,92.400002,94.040001,90.059998,92.010002,90.707878,2225000
2018-12-26,92.669998,99.389999,91.239998,99.230003,97.825699,3506200
2018-12-27,96.540001,98.160004,92.320000,98.120003,96.731407,4229900
2018-12-28,98.559998,100.389999,96.279999,97.239998,95.863853,2316100
2018-12-31,97.989998,100.500000,96.580002,98.910004,97.510231,2609800
2019-01-02,96.199997,106.309998,95.610001,104.400002,102.922531,4174400
2019-01-03,102.800003,105.440002,102.139999,103.389999,101.926826,2885100
2019-01-04,105.820000,108.500000,104.480003,107.559998,106.037804,3007200
2019-01-07,107.099998,110.540001,105.800003,109.470001,107.920776,3143800
2019-01-08,111.260002,113.339996,108.540001,112.900002,111.302246,2255700
2019-01-09,113.949997,115.989998,113.419998,114.370003,112.751442,2193000
2019-01-10,113.419998,114.489998,110.680000,111.400002,109.823471,2465400
2019-01-11,110.639999,113.790001,109.580002,113.550003,111.943047,1806000
2019-01-14,110.279999,110.389999,107.330002,108.099998,106.570168,3692200
2019-01-15,108.849998,110.250000,106.910004,107.769997,106.244835,2516900
2019-01-16,108.330002,114.150002,108.250000,111.500000,109.922050,2316600
2019-01-17,110.800003,115.169998,110.519997,114.269997,112.652847,2545800
2019-01-18,115.660004,116.720001,113.720001,115.180000,113.549980,2714200
2019-01-22,113.540001,114.500000,109.050003,111.959999,110.375542,2014200
2019-01-23,112.449997,113.809998,111.089996,113.050003,111.450119,1807500
2019-01-24,112.639999,116.139999,112.070000,114.410004,112.790871,1792000
2019-01-25,115.739998,118.989998,115.290001,118.529999,116.852562,2043900
2019-01-28,116.959999,118.980003,115.000000,118.169998,116.497658,2271400
2019-01-29,117.500000,118.220001,116.080002,116.680000,115.028740,1689800
2019-01-30,118.019997,121.470001,117.349998,120.480003,118.774971,3583900
2019-01-31,124.040001,127.180000,121.010002,123.010002,121.269165,3719800
2019-02-01,122.919998,127.510002,122.860001,126.070000,124.285851,2990800
2019-02-04,125.930000,126.730003,123.769997,124.389999,122.629631,1210900
2019-02-05,124.820000,128.460007,124.610001,127.230003,125.429443,1946600
2019-02-06,127.000000,131.500000,126.559998,131.449997,129.589722,2418700
2019-02-07,130.149994,130.500000,125.110001,126.879997,125.084389,2345600
2019-02-08,125.330002,126.339996,123.889999,125.209999,123.438026,2181200
2019-02-11,125.629997,126.180000,123.019997,125.000000,123.231003,1314000
2019-02-12,125.389999,127.769997,125.190002,126.129997,124.345001,1924200
2019-02-13,126.570000,128.119995,126.510002,127.550003,125.744919,1099800
2019-02-14,124.400002,124.650002,119.260002,123.430000,122.402954,2837900
2019-02-15,122.830002,125.000000,121.580002,124.510002,123.473969,2477900
2019-02-19,125.269997,128.929993,124.879997,128.360001,127.291931,1732500
2019-02-20,128.350006,129.429993,128.070007,129.179993,128.105103,2036300
2019-02-21,129.339996,130.110001,126.540001,129.630005,128.551376,2071500
2019-02-22,130.110001,131.869995,129.479996,131.750000,130.653732,2904700
2019-02-25,133.339996,133.729996,129.080002,129.199997,128.124939,1944400
2019-02-26,128.720001,130.660004,128.389999,130.449997,129.364532,1643900
2019-02-27,130.130005,130.690002,127.480003,127.709999,126.647339,1700000
2019-02-28,127.540001,128.130005,125.750000,126.540001,125.487076,1943900
2019-03-01,128.000000,128.410004,124.250000,125.120003,124.078896,2215300
2019-03-04,125.750000,127.269997,124.320000,125.570000,124.525146,1869800
2019-03-05,125.910004,125.910004,123.129997,124.139999,123.107048,1389100
2019-03-06,124.889999,126.720001,123.500000,123.550003,122.521957,1452900
2019-03-07,123.150002,123.239998,117.910004,118.669998,117.682564,2312700
2019-03-08,117.160004,119.750000,116.309998,119.589996,118.594902,1242500
2019-03-11,120.120003,121.220001,118.660004,119.370003,118.376740,1293200
2019-03-12,120.169998,120.529999,116.720001,117.349998,116.373543,1839100
2019-03-13,117.570000,118.870003,116.809998,116.989998,116.016541,1185500
2019-03-14,117.050003,117.339996,114.720001,115.639999,114.677773,1591800
2019-03-15,117.099998,118.019997,115.669998,115.790001,114.826530,2201800
2019-03-18,115.790001,116.820000,114.500000,116.150002,115.183533,1749700
2019-03-19,116.860001,118.699997,116.269997,117.820000,116.839638,1476400
2019-03-20,117.300003,119.000000,116.400002,118.139999,117.156975,1798500
2019-03-21,117.889999,121.930000,117.239998,121.139999,120.132011,1465400
2019-03-22,120.010002,120.260002,116.040001,116.910004,115.937210,1706800
2019-03-25,116.339996,118.250000,114.949997,116.449997,115.481033,1262600
2019-03-26,116.629997,118.500000,116.129997,117.360001,116.383461,944000
2019-03-27,117.430000,118.099998,115.099998,116.559998,115.590118,1425700
2019-03-28,116.379997,119.209999,116.349998,117.620003,116.641304,1130300
2019-03-29,118.449997,120.959999,118.099998,119.320000,118.327156,2359700
2019-04-01,124.000000,129.500000,123.900002,129.339996,128.263779,4497300
2019-04-02,129.740005,136.440002,127.540001,135.029999,133.906433,5559100
2019-04-03,136.000000,140.649994,135.009995,137.630005,136.484802,4217000
2019-04-04,138.149994,140.970001,136.809998,139.669998,138.507828,2684500
2019-04-05,140.000000,141.289993,138.600006,140.940002,139.767258,1856900
2019-04-08,145.309998,145.940002,142.630005,144.850006,143.644730,3477600
2019-04-09,142.750000,142.990005,138.100006,139.259995,138.101227,3139400
2019-04-10,139.820007,141.119995,138.960007,141.000000,139.826752,1371400
2019-04-11,140.960007,141.470001,139.279999,141.020004,139.846588,1767900
2019-04-12,142.000000,143.899994,141.100006,143.779999,142.583618,2177600
2019-04-15,143.339996,143.949997,139.539993,141.820007,140.639938,2006400
2019-04-16,142.199997,144.979996,141.809998,144.720001,143.515808,1579900
2019-04-17,145.000000,145.889999,143.160004,143.360001,142.167114,1690900
2019-04-18,143.949997,144.679993,141.389999,142.440002,141.254776,1832200
2019-04-22,141.860001,142.039993,138.270004,140.000000,138.835083,1579800
2019-04-23,140.229996,143.059998,139.050003,142.899994,141.710938,1847100
2019-04-24,142.880005,144.839996,141.940002,144.399994,143.198456,1361600
2019-04-25,146.580002,147.899994,144.350006,147.000000,145.776825,1949000
2019-04-26,148.000000,150.669998,147.509995,149.300003,148.057693,1634800
2019-04-29,151.360001,151.500000,148.250000,148.770004,147.532104,1332100
2019-04-30,146.630005,147.330002,143.240005,144.449997,143.248047,2531300
2019-05-01,148.789993,150.210007,145.860001,146.139999,144.923981,2487900
2019-05-02,145.740005,147.500000,143.410004,145.559998,144.348816,1239700
2019-05-03,146.190002,148.000000,145.559998,147.360001,146.133835,1100900
2019-05-06,142.070007,142.399994,138.369995,141.360001,140.183762,2601200
2019-05-07,139.729996,141.000000,133.639999,135.699997,134.570862,2850500
2019-05-08,135.660004,139.419998,135.100006,135.960007,134.828705,2348900
2019-05-09,135.029999,136.750000,130.970001,136.330002,135.195618,2550100
2019-05-10,129.339996,133.240005,126.250000,129.889999,128.809204,5296900
2019-05-13,125.940002,126.470001,120.769997,121.870003,120.855942,4116800
2019-05-14,123.089996,124.750000,121.959999,123.320000,122.293869,1951500
2019-05-15,122.000000,125.519997,121.029999,125.250000,124.207809,2127500
2019-05-16,125.150002,127.620003,124.800003,127.309998,126.250671,1893800
2019-05-17,125.269997,125.940002,121.220001,121.419998,120.409676,2624500
2019-05-20,119.389999,120.370003,116.809998,120.180000,119.180000,2747900
2019-05-21,120.169998,121.320000,119.889999,120.870003,120.870003,1278800
2019-05-22,119.930000,120.709999,118.849998,119.919998,119.919998,1507200
2019-05-23,117.830002,117.830002,112.709999,113.860001,113.860001,3530700
2019-05-24,114.919998,115.629997,112.680000,114.199997,114.199997,1842200
2019-05-28,114.680000,116.389999,113.989998,114.110001,114.110001,1474200
2019-05-29,112.900002,115.070000,112.449997,114.389999,114.389999,985300
2019-05-30,114.589996,115.930000,110.779999,111.430000,111.430000,2040600
2019-05-31,109.470001,109.750000,106.459999,107.330002,107.330002,2892700
2019-06-03,106.620003,106.620003,102.820000,103.570000,103.570000,2661700
2019-06-04,105.220001,112.919998,104.870003,112.870003,112.870003,3236300
2019-06-05,113.599998,114.250000,108.050003,110.459999,110.459999,2106800
2019-06-06,110.230003,111.129997,108.070000,109.980003,109.980003,1589100
2019-06-07,110.379997,113.250000,110.279999,111.019997,111.019997,1545700
2019-06-10,113.080002,118.410004,112.849998,116.669998,116.669998,2718500
2019-06-11,118.190002,119.489998,117.019997,118.150002,118.150002,1954800
2019-06-12,116.849998,116.849998,114.010002,114.739998,114.739998,1094500
2019-06-13,115.349998,117.699997,115.010002,117.209999,117.209999,1619300
2019-06-14,116.779999,116.849998,114.639999,115.610001,115.610001,1525300
2019-06-17,116.199997,116.879997,113.669998,115.680000,115.680000,1037900
2019-06-18,117.639999,122.750000,117.150002,122.000000,122.000000,2536200
2019-06-19,121.989998,122.930000,120.500000,122.320000,122.320000,1582300
2019-06-20,125.750000,127.980003,121.769997,122.449997,122.449997,1379100
2019-06-21,121.559998,123.339996,120.580002,121.500000,121.500000,1431800
2019-06-24,122.820000,123.540001,121.309998,122.019997,122.019997,1255100
2019-06-25,121.699997,121.750000,118.800003,118.959999,118.959999,1922700
2019-06-26,120.559998,122.239998,120.099998,121.260002,121.260002,1638400
2019-06-27,122.370003,124.150002,121.599998,123.949997,123.949997,1339800
2019-06-28,123.599998,124.400002,122.389999,123.989998,123.989998,1848300
2019-07-01,130.389999,134.979996,129.369995,131.250000,131.250000,3571500
2019-07-02,130.009995,133.000000,129.690002,132.970001,132.970001,1429500
2019-07-03,133.320007,134.529999,132.179993,133.380005,133.380005,1154300
2019-07-05,132.779999,133.429993,131.050003,132.809998,132.809998,1144600
2019-07-08,132.160004,133.100006,131.190002,133.059998,133.059998,1215100
2019-07-09,132.250000,134.149994,131.470001,133.729996,133.729996,1734800
2019-07-10,134.550003,135.479996,127.860001,130.339996,130.339996,3005800
2019-07-11,130.600006,132.679993,129.360001,130.649994,130.649994,1817500
2019-07-12,130.850006,134.309998,130.699997,133.889999,133.889999,1689200
2019-07-15,133.929993,137.990005,133.419998,137.770004,137.770004,2650300
2019-07-16,138.000000,141.259995,136.850006,139.339996,139.339996,2256800
2019-07-17,139.250000,139.330002,135.449997,135.889999,135.889999,1295000
2019-07-18,135.440002,135.729996,134.369995,135.089996,135.089996,865700
2019-07-19,135.889999,137.009995,134.570007,134.649994,134.649994,984100
2019-07-22,134.059998,135.160004,132.539993,133.809998,133.809998,1111800
2019-07-23,135.149994,138.559998,134.589996,138.270004,138.270004,1348500
2019-07-24,137.740005,141.289993,136.880005,140.880005,140.880005,1360100
2019-07-25,139.210007,139.669998,137.139999,137.889999,137.889999,1082700
2019-07-26,139.130005,140.339996,138.160004,139.429993,139.429993,909700
2019-07-29,139.309998,139.369995,135.699997,138.270004,138.270004,857900
2019-07-30,136.479996,137.190002,135.000000,135.610001,135.610001,1289800
2019-07-31,135.610001,135.610001,127.260002,130.070007,130.070007,2308800
2019-08-01,129.740005,131.539993,121.059998,122.919998,122.919998,3418000
2019-08-02,121.250000,123.269997,118.250000,119.699997,119.699997,2428000
2019-08-05,114.570000,115.150002,110.260002,111.099998,111.099998,3551700
